3500.000	-0.088
3500.208	-0.088
3500.340	-0.088
3500.522	-0.088
3500.678	-0.088
3500.833	-0.088
3501.017	-0.089
3501.173	-0.088
3501.328	-0.088
3501.512	-0.088
3501.667	-0.088
3501.850	-0.088
3502.007	-0.088
3502.162	-0.088
3502.345	-0.088
3502.500	-0.088
3502.683	-0.088
3502.840	-0.088
3502.995	-0.088
3503.178	-0.088
3503.333	-0.088
3503.490	-0.088
3503.673	-0.088
3503.828	-0.088
3504.012	-0.088
3504.167	-0.088
3504.350	-0.088
3504.507	-0.088
3504.662	-0.088
3504.845	-0.089
3505.000	-0.088
3505.157	-0.088
3505.340	-0.088
3505.495	-0.088
3505.678	-0.088
3505.833	-0.088
3505.990	-0.088
3506.173	-0.088
3506.328	-0.088
3506.512	-0.088
3506.667	-0.088
3506.823	-0.088
3507.007	-0.088
3507.162	-0.088
3507.345	-0.089
3507.500	-0.088
3507.683	-0.088
3507.840	-0.088
3507.995	-0.088
3508.178	-0.088
3508.333	-0.088
3508.517	-0.088
3508.673	-0.088
3508.828	-0.088
3509.012	-0.088
3509.167	-0.088
3509.350	-0.088
3509.507	-0.088
3509.662	-0.089
3509.845	-0.088
3510.000	-0.088
3510.157	-0.088
3510.340	-0.088
3510.495	-0.088
3510.678	-0.088
3510.833	-0.088
3510.990	-0.088
3511.173	-0.088
3511.328	-0.088
3511.512	-0.088
3511.667	-0.088
3511.823	-0.088
3512.007	-0.088
3512.162	-0.089
3512.345	-0.088
3512.500	-0.088
3512.657	-0.088
3512.840	-0.088
3512.995	-0.088
3513.178	-0.088
3513.333	-0.089
3513.490	-0.088
3513.673	-0.088
3513.828	-0.088
3514.012	-0.088
3514.167	-0.089
3514.323	-0.088
3514.507	-0.088
3514.662	-0.088
3514.845	-0.088
3515.000	-0.088
3515.157	-0.088
3515.340	-0.088
3515.495	-0.088
3515.678	-0.088
3515.833	-0.088
3515.990	-0.088
3516.173	-0.088
3516.328	-0.088
3516.512	-0.088
3516.667	-0.088
3516.823	-0.088
3517.007	-0.088
3517.162	-0.088
3517.345	-0.088
3517.500	-0.088
3517.657	-0.088
3517.840	-0.088
3517.995	-0.088
3518.178	-0.088
3518.333	-0.088
3518.490	-0.088
3518.673	-0.088
3518.828	-0.088
3519.012	-0.088
3519.167	-0.088
3519.323	-0.088
3519.507	-0.088
3519.662	-0.088
3519.845	-0.088
3520.000	-0.089
3520.157	-0.088
3520.340	-0.088
3520.495	-0.088
3520.678	-0.089
3520.833	-0.088
3520.990	-0.088
3521.173	-0.088
3521.328	-0.088
3521.512	-0.090
3521.667	-0.088
3521.823	-0.088
3522.007	-0.088
3522.162	-0.088
3522.345	-0.088
3522.500	-0.088
3522.657	-0.088
3522.840	-0.088
3522.995	-0.089
3523.178	-0.088
3523.333	-0.088
3523.490	-0.088
3523.673	-0.088
3523.828	-0.088
3524.012	-0.088
3524.167	-0.088
3524.323	-0.088
3524.507	-0.088
3524.662	-0.088
3524.845	-0.088
3525.000	-0.088
3525.157	-0.089
3525.340	-0.088
3525.495	-0.088
3525.678	-0.088
3525.833	-0.088
3525.990	-0.088
3526.173	-0.088
3526.328	-0.088
3526.512	-0.088
3526.667	-0.088
3526.823	-0.088
3527.007	-0.088
3527.162	-0.088
3527.345	-0.088
3527.500	-0.088
3527.657	-0.088
3527.840	-0.088
3527.995	-0.088
3528.178	-0.089
3528.333	-0.088
3528.490	-0.088
3528.673	-0.088
3528.828	-0.088
3529.012	-0.088
3529.167	-0.088
3529.323	-0.088
3529.507	-0.089
3529.662	-0.088
3529.845	-0.088
3530.000	-0.088
3530.157	-0.088
3530.340	-0.088
3530.495	-0.088
3530.678	-0.088
3530.833	-0.088
3530.990	-0.088
3531.173	-0.088
3531.328	-0.088
3531.512	-0.088
3531.667	-0.089
3531.823	-0.088
3532.007	-0.088
3532.162	-0.088
3532.345	-0.088
3532.500	-0.089
3532.657	-0.088
3532.840	-0.088
3532.995	-0.088
3533.178	-0.088
3533.333	-0.088
3533.490	-0.088
3533.673	-0.088
3533.828	-0.088
3534.012	-0.088
3534.167	-0.089
3534.323	-0.088
3534.507	-0.088
3534.662	-0.088
3534.845	-0.088
3535.000	-0.088
3535.157	-0.088
3535.340	-0.088
3535.495	-0.088
3535.678	-0.088
3535.833	-0.088
3535.990	-0.088
3536.173	-0.088
3536.328	-0.088
3536.512	-0.088
3536.667	-0.088
3536.823	-0.088
3537.007	-0.088
3537.162	-0.088
3537.345	-0.089
3537.500	-0.088
3537.657	-0.088
3537.840	-0.088
3537.995	-0.089
3538.178	-0.088
3538.333	-0.088
3538.490	-0.088
3538.673	-0.088
3538.828	-0.088
3539.012	-0.088
3539.167	-0.088
3539.323	-0.088
3539.507	-0.088
3539.662	-0.088
3539.845	-0.088
3540.000	-0.088
3540.157	-0.088
3540.340	-0.088
3540.495	-0.088
3540.678	-0.088
3540.833	-0.088
3540.990	-0.088
3541.173	-0.088
3541.328	-0.088
3541.512	-0.088
3541.667	-0.088
3541.823	-0.088
3542.007	-0.088
3542.162	-0.088
3542.345	-0.088
3542.500	-0.088
3542.657	-0.088
3542.840	-0.088
3542.995	-0.088
3543.178	-0.089
3543.333	-0.088
3543.490	-0.088
3543.673	-0.088
3543.828	-0.088
3544.012	-0.088
3544.167	-0.088
3544.323	-0.088
3544.507	-0.088
3544.662	-0.088
3544.845	-0.088
3545.000	-0.088
3545.157	-0.088
3545.340	-0.088
3545.495	-0.088
3545.678	-0.088
3545.833	-0.088
3545.990	-0.088
3546.173	-0.088
3546.328	-0.088
3546.512	-0.088
3546.667	-0.088
3546.823	-0.088
3547.007	-0.088
3547.162	-0.088
3547.345	-0.088
3547.500	-0.088
3547.657	-0.088
3547.840	-0.088
3547.995	-0.088
3548.178	-0.088
3548.333	-0.088
3548.490	-0.088
3548.673	-0.088
3548.828	-0.088
3549.012	-0.088
3549.167	-0.088
3549.323	-0.088
3549.507	-0.088
3549.662	-0.088
3549.818	-0.088
3550.000	-0.088
3550.157	-0.088
3550.340	-0.088
3550.495	-0.088
3550.678	-0.088
3550.833	-0.088
3550.990	-0.088
3551.173	-0.088
3551.328	-0.088
3551.512	-0.088
3551.667	-0.088
3551.823	-0.088
3552.007	-0.088
3552.162	-0.088
3552.345	-0.088
3552.500	-0.088
3552.657	-0.088
3552.840	-0.088
3552.995	-0.088
3553.178	-0.088
3553.333	-0.088
3553.490	-0.088
3553.673	-0.088
3553.828	-0.088
3553.985	-0.088
3554.167	-0.088
3554.323	-0.088
3554.507	-0.088
3554.662	-0.088
3554.818	-0.088
3555.000	-0.088
3555.157	-0.088
3555.340	-0.088
3555.495	-0.088
3555.678	-0.088
3555.833	-0.088
3555.990	-0.088
3556.173	-0.088
3556.328	-0.088
3556.512	-0.088
3556.667	-0.088
3556.823	-0.088
3557.007	-0.088
3557.162	-0.088
3557.345	-0.088
3557.500	-0.088
3557.657	-0.088
3557.840	-0.088
3557.995	-0.088
3558.178	-0.088
3558.333	-0.088
3558.490	-0.088
3558.673	-0.088
3558.828	-0.088
3559.012	-0.088
3559.167	-0.089
3559.323	-0.088
3559.507	-0.088
3559.662	-0.088
3559.845	-0.088
3560.000	-0.088
3560.157	-0.088
3560.340	-0.088
3560.495	-0.088
3560.678	-0.088
3560.833	-0.089
3560.990	-0.088
3561.173	-0.088
3561.328	-0.088
3561.485	-0.088
3561.667	-0.088
3561.823	-0.088
3562.007	-0.088
3562.162	-0.088
3562.318	-0.088
3562.500	-0.089
3562.657	-0.088
3562.840	-0.088
3562.995	-0.088
3563.152	-0.088
3563.333	-0.088
3563.490	-0.088
3563.673	-0.088
3563.828	-0.088
3563.985	-0.088
3564.167	-0.088
3564.323	-0.088
3564.507	-0.088
3564.662	-0.088
3564.818	-0.088
3565.000	-0.088
3565.157	-0.088
3565.340	-0.088
3565.495	-0.088
3565.652	-0.088
3565.833	-0.088
3565.990	-0.088
3566.173	-0.088
3566.328	-0.088
3566.512	-0.088
3566.667	-0.088
3566.823	-0.089
3567.007	-0.088
3567.162	-0.088
3567.345	-0.088
3567.500	-0.088
3567.657	-0.088
3567.840	-0.088
3567.995	-0.088
3568.152	-0.088
3568.333	-0.088
3568.490	-0.088
3568.673	-0.088
3568.828	-0.088
3568.985	-0.088
3569.167	-0.088
3569.323	-0.088
3569.507	-0.088
3569.662	-0.089
3569.845	-0.088
3570.000	-0.088
3570.157	-0.088
3570.340	-0.088
3570.495	-0.088
3570.678	-0.088
3570.833	-0.088
3570.990	-0.088
3571.173	-0.088
3571.328	-0.088
3571.512	-0.088
3571.667	-0.088
3571.823	-0.088
3572.007	-0.088
3572.162	-0.089
3572.345	-0.088
3572.500	-0.088
3572.657	-0.088
3572.840	-0.088
3572.995	-0.088
3573.178	-0.088
3573.333	-0.088
3573.490	-0.088
3573.673	-0.088
3573.828	-0.088
3574.012	-0.088
3574.167	-0.088
3574.323	-0.088
3574.507	-0.088
3574.662	-0.088
3574.845	-0.088
3575.000	-0.088
3575.157	-0.088
3575.340	-0.088
3575.495	-0.088
3575.678	-0.088
3575.833	-0.088
3575.990	-0.088
3576.173	-0.088
3576.328	-0.088
3576.512	-0.088
3576.667	-0.088
3576.823	-0.088
3577.007	-0.089
3577.162	-0.088
3577.345	-0.088
3577.500	-0.088
3577.657	-0.088
3577.840	-0.088
3577.995	-0.088
3578.178	-0.088
3578.333	-0.088
3578.490	-0.088
3578.673	-0.088
3578.828	-0.089
3579.012	-0.088
3579.167	-0.088
3579.323	-0.090
3579.507	-0.088
3579.662	-0.088
3579.845	-0.088
3580.000	-0.088
3580.157	-0.088
3580.340	-0.088
3580.495	-0.088
3580.678	-0.088
3580.833	-0.088
3580.990	-0.088
3581.173	-0.088
3581.328	-0.088
3581.512	-0.088
3581.667	-0.088
3581.823	-0.088
3582.007	-0.088
3582.162	-0.088
3582.345	-0.088
3582.500	-0.088
3582.657	-0.088
3582.840	-0.088
3582.995	-0.088
3583.178	-0.088
3583.333	-0.088
3583.490	-0.088
3583.673	-0.088
3583.828	-0.088
3584.012	-0.088
3584.167	-0.088
3584.323	-0.088
3584.507	-0.088
3584.662	-0.088
3584.845	-0.088
3585.000	-0.088
3585.157	-0.088
3585.340	-0.088
3585.495	-0.088
3585.678	-0.088
3585.833	-0.088
3585.990	-0.088
3586.173	-0.089
3586.328	-0.088
3586.512	-0.088
3586.667	-0.088
3586.823	-0.088
3587.007	-0.088
3587.162	-0.088
3587.345	-0.088
3587.500	-0.088
3587.657	-0.088
3587.840	-0.088
3587.995	-0.088
3588.178	-0.089
3588.333	-0.088
3588.490	-0.088
3588.673	-0.088
3588.828	-0.088
3589.012	-0.088
3589.167	-0.088
3589.323	-0.089
3589.507	-0.088
3589.662	-0.088
3589.845	-0.088
3590.000	-0.088
3590.157	-0.088
3590.340	-0.088
3590.495	-0.088
3590.678	-0.088
3590.833	-0.088
3590.990	-0.088
3591.173	-0.089
3591.328	-0.088
3591.512	-0.088
3591.667	-0.088
3591.823	-0.088
3592.007	-0.089
3592.162	-0.088
3592.345	-0.088
3592.500	-0.088
3592.657	-0.090
3592.840	-0.088
3592.995	-0.088
3593.178	-0.088
3593.333	-0.088
3593.490	-0.088
3593.673	-0.088
3593.828	-0.088
3594.012	-0.088
3594.167	-0.088
3594.323	-0.088
3594.507	-0.088
3594.662	-0.088
3594.845	-0.088
3595.000	-0.088
3595.157	-0.088
3595.340	-0.088
3595.495	-0.088
3595.678	-0.088
3595.833	-0.088
3595.990	-0.088
3596.173	-0.088
3596.328	-0.089
3596.512	-0.088
3596.667	-0.088
3596.823	-0.088
3597.007	-0.088
3597.162	-0.088
3597.345	-0.088
3597.500	-0.088
3597.657	-0.088
3597.840	-0.088
3597.995	-0.088
3598.178	-0.088
3598.333	-0.088
3598.490	-0.088
3598.673	-0.088
3598.828	-0.088
3599.012	-0.088
3599.167	-0.088
3599.323	-0.088
3599.507	-0.088
3599.662	-0.088
3599.845	-0.088
3600.000	-0.088
3600.157	-0.088
3600.340	-0.088
3600.495	-0.088
3600.678	-0.088
3600.833	-0.088
3600.990	-0.088
3601.173	-0.088
3601.328	-0.088
3601.485	-0.088
3601.667	-0.088
3601.823	-0.088
3602.007	-0.088
3602.162	-0.088
3602.318	-0.088
3602.500	-0.088
3602.657	-0.089
3602.840	-0.088
3602.995	-0.088
3603.152	-0.088
3603.333	-0.088
3603.490	-0.088
3603.673	-0.088
3603.828	-0.088
3603.985	-0.088
3604.167	-0.088
3604.323	-0.088
3604.507	-0.088
3604.662	-0.088
3604.818	-0.088
3605.000	-0.088
3605.157	-0.088
3605.340	-0.088
3605.495	-0.088
3605.652	-0.088
3605.833	-0.088
3605.990	-0.089
3606.173	-0.088
3606.328	-0.088
3606.485	-0.089
3606.667	-0.088
3606.823	-0.088
3607.007	-0.088
3607.162	-0.088
3607.318	-0.088
3607.500	-0.088
3607.657	-0.089
3607.840	-0.088
3607.995	-0.088
3608.152	-0.089
3608.333	-0.088
3608.490	-0.088
3608.673	-0.088
3608.828	-0.088
3608.985	-0.088
3609.167	-0.088
3609.323	-0.088
3609.507	-0.088
3609.662	-0.088
3609.818	-0.088
3610.000	-0.088
3610.157	-0.088
3610.340	-0.090
3610.495	-0.088
3610.678	-0.088
3610.833	-0.088
3610.990	-0.088
3611.173	-0.088
3611.328	-0.088
3611.485	-0.088
3611.667	-0.088
3611.823	-0.088
3612.007	-0.088
3612.162	-0.088
3612.318	-0.088
3612.500	-0.088
3612.657	-0.088
3612.840	-0.088
3612.995	-0.088
3613.152	-0.088
3613.333	-0.088
3613.490	-0.088
3613.673	-0.088
3613.828	-0.088
3613.985	-0.088
3614.167	-0.088
3614.323	-0.088
3614.507	-0.088
3614.662	-0.088
3614.818	-0.088
3615.000	-0.088
3615.157	-0.088
3615.340	-0.088
3615.495	-0.088
3615.652	-0.088
3615.833	-0.088
3615.990	-0.088
3616.173	-0.088
3616.328	-0.088
3616.485	-0.088
3616.667	-0.088
3616.823	-0.088
3617.007	-0.088
3617.162	-0.088
3617.318	-0.088
3617.500	-0.088
3617.657	-0.088
3617.840	-0.088
3617.995	-0.088
3618.152	-0.088
3618.333	-0.088
3618.490	-0.088
3618.673	-0.088
3618.828	-0.088
3618.985	-0.088
3619.167	-0.088
3619.323	-0.088
3619.507	-0.088
3619.662	-0.088
3619.818	-0.088
3620.000	-0.088
3620.157	-0.088
3620.340	-0.088
3620.495	-0.088
3620.678	-0.088
3620.833	-0.088
3620.990	-0.088
3621.173	-0.088
3621.328	-0.088
3621.512	-0.088
3621.667	-0.088
3621.823	-0.088
3622.007	-0.088
3622.162	-0.088
3622.345	-0.088
3622.500	-0.088
3622.657	-0.088
3622.840	-0.088
3622.995	-0.088
3623.178	-0.088
3623.333	-0.088
3623.490	-0.088
3623.673	-0.088
3623.828	-0.088
3624.012	-0.088
3624.167	-0.088
3624.323	-0.088
3624.507	-0.088
3624.662	-0.088
3624.845	-0.088
3625.000	-0.088
3625.157	-0.088
3625.340	-0.088
3625.495	-0.088
3625.678	-0.088
3625.833	-0.088
3625.990	-0.088
3626.173	-0.088
3626.328	-0.088
3626.512	-0.088
3626.667	-0.088
3626.823	-0.088
3627.007	-0.088
3627.162	-0.089
3627.318	-0.088
3627.500	-0.088
3627.657	-0.088
3627.840	-0.088
3627.995	-0.088
3628.152	-0.088
3628.333	-0.088
3628.490	-0.088
3628.673	-0.088
3628.828	-0.088
3628.985	-0.088
3629.167	-0.089
3629.323	-0.089
3629.507	-0.088
3629.662	-0.088
3629.818	-0.088
3630.000	-0.088
3630.157	-0.088
3630.340	-0.088
3630.495	-0.089
3630.652	-0.088
3630.833	-0.088
3630.990	-0.088
3631.173	-0.088
3631.328	-0.088
3631.485	-0.088
3631.667	-0.088
3631.823	-0.088
3632.007	-0.089
3632.162	-0.088
3632.318	-0.088
3632.500	-0.088
3632.657	-0.089
3632.840	-0.088
3632.995	-0.089
3633.152	-0.088
3633.333	-0.088
3633.490	-0.088
3633.673	-0.088
3633.828	-0.088
3633.985	-0.088
3634.167	-0.088
3634.323	-0.088
3634.507	-0.088
3634.662	-0.088
3634.818	-0.088
3635.000	-0.088
3635.157	-0.088
3635.340	-0.088
3635.495	-0.088
3635.652	-0.088
3635.833	-0.088
3635.990	-0.088
3636.173	-0.088
3636.328	-0.088
3636.485	-0.088
3636.667	-0.088
3636.823	-0.088
3637.007	-0.089
3637.162	-0.088
3637.318	-0.088
3637.500	-0.088
3637.657	-0.089
3637.840	-0.088
3637.995	-0.088
3638.152	-0.088
3638.333	-0.088
3638.490	-0.088
3638.673	-0.088
3638.828	-0.088
3638.985	-0.088
3639.167	-0.088
3639.323	-0.088
3639.507	-0.088
3639.662	-0.088
3639.818	-0.088
3640.000	-0.088
3640.157	-0.088
3640.340	-0.088
3640.495	-0.088
3640.652	-0.088
3640.833	-0.088
3640.990	-0.088
3641.173	-0.088
3641.328	-0.088
3641.485	-0.088
3641.667	-0.088
3641.823	-0.088
3642.007	-0.088
3642.162	-0.088
3642.318	-0.089
3642.500	-0.088
3642.657	-0.088
3642.840	-0.088
3642.995	-0.088
3643.152	-0.088
3643.333	-0.088
3643.490	-0.088
3643.673	-0.088
3643.828	-0.088
3643.985	-0.088
3644.167	-0.088
3644.323	-0.088
3644.507	-0.088
3644.662	-0.089
3644.818	-0.088
3645.000	-0.088
3645.157	-0.088
3645.340	-0.088
3645.495	-0.088
3645.652	-0.088
3645.833	-0.088
3645.990	-0.088
3646.173	-0.088
3646.328	-0.088
3646.485	-0.088
3646.667	-0.088
3646.823	-0.088
3647.007	-0.088
3647.162	-0.088
3647.318	-0.088
3647.500	-0.088
3647.657	-0.088
3647.840	-0.088
3647.995	-0.088
3648.152	-0.088
3648.333	-0.088
3648.490	-0.088
3648.673	-0.088
3648.828	-0.088
3648.985	-0.088
3649.167	-0.088
3649.323	-0.088
3649.507	-0.088
3649.662	-0.088
3649.818	-0.088
3650.000	-0.088
3650.157	-0.088
3650.340	-0.088
3650.495	-0.088
3650.652	-0.088
3650.833	-0.088
3650.990	-0.088
3651.173	-0.088
3651.328	-0.088
3651.485	-0.088
3651.667	-0.088
3651.823	-0.088
3652.007	-0.088
3652.162	-0.088
3652.318	-0.088
3652.500	-0.088
3652.657	-0.088
3652.840	-0.088
3652.995	-0.088
3653.152	-0.088
3653.333	-0.088
3653.490	-0.088
3653.673	-0.088
3653.828	-0.088
3653.985	-0.088
3654.167	-0.088
3654.323	-0.088
3654.507	-0.088
3654.662	-0.088
3654.818	-0.088
3655.000	-0.088
3655.157	-0.088
3655.340	-0.088
3655.495	-0.088
3655.652	-0.088
3655.833	-0.088
3655.990	-0.088
3656.173	-0.088
3656.328	-0.088
3656.485	-0.088
3656.667	-0.088
3656.823	-0.088
3657.007	-0.088
3657.162	-0.088
3657.318	-0.088
3657.500	-0.088
3657.657	-0.088
3657.840	-0.088
3657.995	-0.088
3658.152	-0.088
3658.333	-0.088
3658.490	-0.088
3658.673	-0.088
3658.828	-0.088
3658.985	-0.088
3659.167	-0.088
3659.323	-0.088
3659.507	-0.088
3659.662	-0.088
3659.818	-0.088
3660.000	-0.088
3660.157	-0.088
3660.340	-0.088
3660.495	-0.088
3660.652	-0.088
3660.833	-0.088
3660.990	-0.088
3661.173	-0.088
3661.328	-0.088
3661.485	-0.088
3661.667	-0.088
3661.823	-0.088
3662.007	-0.088
3662.162	-0.088
3662.318	-0.088
3662.500	-0.088
3662.657	-0.088
3662.840	-0.088
3662.995	-0.088
3663.152	-0.088
3663.333	-0.088
3663.490	-0.088
3663.673	-0.088
3663.828	-0.088
3663.985	-0.088
3664.167	-0.088
3664.323	-0.088
3664.507	-0.088
3664.662	-0.088
3664.818	-0.088
3665.000	-0.088
3665.157	-0.088
3665.340	-0.088
3665.495	-0.088
3665.652	-0.088
3665.833	-0.088
3665.990	-0.088
3666.173	-0.088
3666.328	-0.088
3666.485	-0.088
3666.667	-0.088
3666.823	-0.088
3667.007	-0.088
3667.162	-0.088
3667.318	-0.088
3667.500	-0.088
3667.657	-0.088
3667.840	-0.088
3667.995	-0.088
3668.152	-0.088
3668.333	-0.088
3668.490	-0.088
3668.673	-0.088
3668.828	-0.088
3668.985	-0.088
3669.167	-0.088
3669.323	-0.088
3669.480	-0.088
3669.662	-0.088
3669.818	-0.088
3670.000	-0.088
3670.157	-0.088
3670.313	-0.088
3670.495	-0.088
3670.652	-0.088
3670.833	-0.088
3670.990	-0.088
3671.147	-0.088
3671.328	-0.088
3671.485	-0.088
3671.667	-0.088
3671.823	-0.088
3671.980	-0.088
3672.162	-0.088
3672.318	-0.088
3672.500	-0.088
3672.657	-0.088
3672.813	-0.088
3672.995	-0.088
3673.152	-0.088
3673.333	-0.088
3673.490	-0.088
3673.647	-0.088
3673.828	-0.088
3673.985	-0.088
3674.167	-0.088
3674.323	-0.088
3674.480	-0.088
3674.662	-0.088
3674.818	-0.088
3675.000	-0.088
3675.157	-0.088
3675.313	-0.088
3675.495	-0.088
3675.652	-0.088
3675.833	-0.088
3675.990	-0.088
3676.147	-0.088
3676.328	-0.088
3676.485	-0.088
3676.667	-0.088
3676.823	-0.088
3676.980	-0.088
3677.162	-0.088
3677.318	-0.088
3677.500	-0.088
3677.657	-0.088
3677.813	-0.088
3677.995	-0.088
3678.152	-0.088
3678.333	-0.088
3678.490	-0.088
3678.647	-0.088
3678.828	-0.088
3678.985	-0.088
3679.167	-0.088
3679.323	-0.088
3679.480	-0.088
3679.662	-0.088
3679.818	-0.088
3680.000	-0.088
3680.157	-0.088
3680.313	-0.088
3680.495	-0.088
3680.652	-0.088
3680.833	-0.088
3680.990	-0.088
3681.173	-0.088
3681.328	-0.088
3681.485	-0.088
3681.667	-0.088
3681.823	-0.088
3682.007	-0.088
3682.162	-0.088
3682.318	-0.088
3682.500	-0.088
3682.657	-0.088
3682.840	-0.088
3682.995	-0.088
3683.152	-0.088
3683.333	-0.088
3683.490	-0.088
3683.673	-0.088
3683.828	-0.088
3683.985	-0.088
3684.167	-0.088
3684.323	-0.088
3684.507	-0.088
3684.662	-0.088
3684.818	-0.088
3685.000	-0.088
3685.157	-0.088
3685.340	-0.088
3685.495	-0.088
3685.652	-0.088
3685.833	-0.088
3685.990	-0.088
3686.173	-0.088
3686.328	-0.088
3686.485	-0.088
3686.667	-0.088
3686.823	-0.088
3687.007	-0.088
3687.162	-0.088
3687.318	-0.088
3687.500	-0.088
3687.657	-0.088
3687.840	-0.088
3687.995	-0.088
3688.152	-0.088
3688.333	-0.088
3688.490	-0.088
3688.673	-0.088
3688.828	-0.088
3688.985	-0.088
3689.167	-0.088
3689.323	-0.088
3689.507	-0.088
3689.662	-0.088
3689.818	-0.088
3690.000	-0.088
3690.157	-0.088
3690.340	-0.088
3690.495	-0.088
3690.652	-0.088
3690.833	-0.088
3690.990	-0.088
3691.173	-0.088
3691.328	-0.088
3691.485	-0.088
3691.667	-0.088
3691.823	-0.088
3692.007	-0.088
3692.162	-0.088
3692.318	-0.088
3692.500	-0.088
3692.657	-0.088
3692.840	-0.088
3692.995	-0.088
3693.152	-0.088
3693.333	-0.088
3693.490	-0.088
3693.673	-0.088
3693.828	-0.088
3693.985	-0.088
3694.167	-0.088
3694.323	-0.088
3694.507	-0.088
3694.662	-0.088
3694.818	-0.088
3695.000	-0.088
3695.157	-0.088
3695.340	-0.088
3695.495	-0.088
3695.652	-0.088
3695.833	-0.088
3695.990	-0.088
3696.173	-0.088
3696.328	-0.088
3696.485	-0.088
3696.667	-0.088
3696.823	-0.088
3697.007	-0.088
3697.162	-0.088
3697.318	-0.088
3697.500	-0.088
3697.657	-0.088
3697.840	-0.088
3697.995	-0.088
3698.152	-0.088
3698.333	-0.088
3698.490	-0.088
3698.673	-0.088
3698.828	-0.088
3698.985	-0.088
3699.167	-0.088
3699.323	-0.088
3699.507	-0.088
3699.662	-0.088
3699.818	-0.088
3700.000	-0.088
3700.157	-0.088
3700.340	-0.088
3700.495	-0.088
3700.652	-0.088
3700.833	-0.088
3700.990	-0.088
3701.173	-0.088
3701.328	-0.088
3701.485	-0.088
3701.667	-0.088
3701.823	-0.088
3702.007	-0.088
3702.162	-0.088
3702.318	-0.088
3702.500	-0.088
3702.657	-0.088
3702.840	-0.088
3702.995	-0.088
3703.152	-0.088
3703.333	-0.088
3703.490	-0.088
3703.673	-0.088
3703.828	-0.088
3703.985	-0.088
3704.167	-0.088
3704.323	-0.088
3704.507	-0.088
3704.662	-0.088
3704.818	-0.088
3705.000	-0.088
3705.157	-0.088
3705.340	-0.088
3705.495	-0.088
3705.652	-0.088
3705.833	-0.088
3705.990	-0.088
3706.147	-0.088
3706.328	-0.088
3706.485	-0.088
3706.667	-0.088
3706.823	-0.088
3706.980	-0.088
3707.162	-0.088
3707.318	-0.088
3707.500	-0.088
3707.657	-0.088
3707.813	-0.088
3707.995	-0.088
3708.152	-0.088
3708.333	-0.088
3708.490	-0.088
3708.647	-0.088
3708.828	-0.088
3708.985	-0.088
3709.167	-0.089
3709.323	-0.088
3709.480	-0.088
3709.662	-0.088
3709.818	-0.088
3710.000	-0.088
3710.157	-0.088
3710.313	-0.088
3710.495	-0.088
3710.652	-0.088
3710.833	-0.088
3710.990	-0.089
3711.147	-0.088
3711.328	-0.088
3711.485	-0.088
3711.667	-0.088
3711.823	-0.088
3711.980	-0.088
3712.162	-0.088
3712.318	-0.088
3712.500	-0.088
3712.657	-0.088
3712.813	-0.088
3712.995	-0.088
3713.152	-0.088
3713.333	-0.088
3713.490	-0.088
3713.647	-0.088
3713.828	-0.088
3713.985	-0.088
3714.167	-0.088
3714.323	-0.088
3714.480	-0.088
3714.662	-0.088
3714.818	-0.088
3715.000	-0.088
3715.157	-0.088
3715.313	-0.088
3715.495	-0.088
3715.652	-0.088
3715.833	-0.088
3715.990	-0.088
3716.147	-0.088
3716.328	-0.088
3716.485	-0.088
3716.667	-0.089
3716.823	-0.088
3716.980	-0.088
3717.162	-0.088
3717.318	-0.088
3717.500	-0.088
3717.657	-0.088
3717.813	-0.088
3717.995	-0.088
3718.152	-0.088
3718.333	-0.088
3718.490	-0.088
3718.647	-0.089
3718.828	-0.088
3718.985	-0.088
3719.167	-0.088
3719.323	-0.088
3719.480	-0.088
3719.662	-0.088
3719.818	-0.088
3720.000	-0.088
3720.157	-0.088
3720.313	-0.088
3720.495	-0.088
3720.652	-0.088
3720.833	-0.088
3720.990	-0.088
3721.147	-0.088
3721.328	-0.089
3721.485	-0.088
3721.667	-0.088
3721.823	-0.088
3721.980	-0.088
3722.162	-0.088
3722.318	-0.088
3722.500	-0.088
3722.657	-0.088
3722.813	-0.088
3722.995	-0.088
3723.152	-0.088
3723.333	-0.088
3723.490	-0.088
3723.647	-0.088
3723.828	-0.088
3723.985	-0.088
3724.167	-0.088
3724.323	-0.088
3724.480	-0.088
3724.662	-0.088
3724.818	-0.088
3725.000	-0.088
3725.157	-0.088
3725.313	-0.088
3725.495	-0.088
3725.652	-0.088
3725.833	-0.088
3725.990	-0.088
3726.147	-0.088
3726.328	-0.088
3726.485	-0.088
3726.667	-0.088
3726.823	-0.088
3726.980	-0.088
3727.162	-0.088
3727.318	-0.088
3727.500	-0.088
3727.657	-0.088
3727.813	-0.088
3727.995	-0.089
3728.152	-0.088
3728.333	-0.088
3728.490	-0.088
3728.647	-0.088
3728.828	-0.088
3728.985	-0.088
3729.167	-0.088
3729.323	-0.088
3729.480	-0.088
3729.662	-0.088
3729.818	-0.088
3730.000	-0.088
3730.157	-0.088
3730.313	-0.088
3730.495	-0.088
3730.652	-0.088
3730.833	-0.088
3730.990	-0.088
3731.147	-0.088
3731.328	-0.088
3731.485	-0.088
3731.667	-0.088
3731.823	-0.088
3731.980	-0.088
3732.162	-0.088
3732.318	-0.088
3732.500	-0.088
3732.657	-0.088
3732.813	-0.088
3732.995	-0.088
3733.152	-0.088
3733.333	-0.088
3733.490	-0.088
3733.647	-0.088
3733.828	-0.088
3733.985	-0.088
3734.167	-0.088
3734.323	-0.088
3734.480	-0.088
3734.662	-0.088
3734.818	-0.088
3735.000	-0.088
3735.157	-0.088
3735.313	-0.088
3735.495	-0.088
3735.652	-0.088
3735.833	-0.088
3735.990	-0.088
3736.147	-0.088
3736.328	-0.088
3736.485	-0.088
3736.667	-0.088
3736.823	-0.088
3736.980	-0.088
3737.162	-0.088
3737.318	-0.088
3737.500	-0.088
3737.657	-0.088
3737.813	-0.088
3737.995	-0.088
3738.152	-0.089
3738.333	-0.088
3738.490	-0.088
3738.647	-0.088
3738.828	-0.088
3738.985	-0.088
3739.167	-0.088
3739.323	-0.088
3739.480	-0.088
3739.662	-0.088
3739.818	-0.088
3740.000	-0.088
3740.157	-0.088
3740.313	-0.088
3740.495	-0.088
3740.652	-0.088
3740.833	-0.088
3740.990	-0.088
3741.147	-0.088
3741.328	-0.088
3741.485	-0.088
3741.667	-0.088
3741.823	-0.088
3741.980	-0.088
3742.162	-0.088
3742.318	-0.088
3742.500	-0.088
3742.657	-0.088
3742.813	-0.088
3742.995	-0.088
3743.152	-0.088
3743.333	-0.088
3743.490	-0.088
3743.647	-0.088
3743.828	-0.088
3743.985	-0.088
3744.167	-0.088
3744.323	-0.088
3744.480	-0.088
3744.662	-0.088
3744.818	-0.088
3745.000	-0.088
3745.157	-0.089
3745.313	-0.088
3745.495	-0.088
3745.652	-0.088
3745.833	-0.088
3745.990	-0.088
3746.147	-0.088
3746.328	-0.088
3746.485	-0.088
3746.667	-0.088
3746.823	-0.088
3746.980	-0.088
3747.162	-0.088
3747.318	-0.088
3747.500	-0.088
3747.657	-0.088
3747.813	-0.088
3747.995	-0.088
3748.152	-0.088
3748.333	-0.088
3748.490	-0.088
3748.647	-0.088
3748.828	-0.088
3748.985	-0.088
3749.167	-0.088
3749.323	-0.088
3749.480	-0.088
3749.662	-0.089
3749.818	-0.088
3750.000	-0.088
3750.157	-0.088
3750.313	-0.088
3750.495	-0.088
3750.652	-0.088
3750.833	-0.088
3750.990	-0.088
3751.147	-0.088
3751.328	-0.088
3751.485	-0.088
3751.667	-0.088
3751.823	-0.088
3751.980	-0.088
3752.162	-0.088
3752.318	-0.088
3752.500	-0.088
3752.657	-0.088
3752.813	-0.088
3752.995	-0.088
3753.152	-0.088
3753.333	-0.088
3753.490	-0.088
3753.647	-0.088
3753.828	-0.089
3753.985	-0.088
3754.167	-0.088
3754.323	-0.088
3754.480	-0.088
3754.662	-0.088
3754.818	-0.088
3755.000	-0.088
3755.157	-0.088
3755.313	-0.088
3755.495	-0.088
3755.652	-0.088
3755.833	-0.088
3755.990	-0.088
3756.147	-0.088
3756.328	-0.088
3756.485	-0.088
3756.667	-0.088
3756.823	-0.088
3756.980	-0.088
3757.162	-0.088
3757.318	-0.088
3757.500	-0.088
3757.657	-0.088
3757.813	-0.088
3757.995	-0.088
3758.152	-0.088
3758.333	-0.088
3758.490	-0.088
3758.647	-0.088
3758.828	-0.088
3758.985	-0.088
3759.167	-0.088
3759.323	-0.088
3759.480	-0.088
3759.662	-0.088
3759.818	-0.088
3760.000	-0.088
3760.157	-0.088
3760.313	-0.088
3760.495	-0.088
3760.652	-0.088
3760.833	-0.088
3760.990	-0.088
3761.147	-0.088
3761.328	-0.088
3761.485	-0.088
3761.667	-0.088
3761.823	-0.088
3761.980	-0.088
3762.162	-0.088
3762.318	-0.088
3762.500	-0.088
3762.657	-0.088
3762.813	-0.088
3762.995	-0.088
3763.152	-0.088
3763.333	-0.088
3763.490	-0.088
3763.647	-0.088
3763.828	-0.088
3763.985	-0.088
3764.167	-0.088
3764.323	-0.088
3764.480	-0.088
3764.662	-0.088
3764.818	-0.088
3765.000	-0.088
3765.157	-0.088
3765.313	-0.088
3765.495	-0.088
3765.652	-0.088
3765.833	-0.088
3765.990	-0.088
3766.147	-0.088
3766.328	-0.088
3766.485	-0.088
3766.667	-0.088
3766.823	-0.088
3766.980	-0.088
3767.162	-0.088
3767.318	-0.088
3767.500	-0.088
3767.657	-0.088
3767.813	-0.088
3767.995	-0.088
3768.152	-0.088
3768.333	-0.088
3768.490	-0.088
3768.647	-0.088
3768.828	-0.088
3768.985	-0.088
3769.167	-0.088
3769.323	-0.088
3769.480	-0.088
3769.662	-0.088
3769.818	-0.088
3770.000	-0.088
3770.157	-0.088
3770.313	-0.088
3770.495	-0.088
3770.652	-0.088
3770.833	-0.088
3770.990	-0.088
3771.147	-0.088
3771.328	-0.088
3771.485	-0.088
3771.642	-0.088
3771.823	-0.088
3771.980	-0.088
3772.162	-0.088
3772.318	-0.088
3772.500	-0.088
3772.657	-0.088
3772.813	-0.088
3772.995	-0.088
3773.152	-0.088
3773.333	-0.088
3773.490	-0.088
3773.647	-0.088
3773.828	-0.088
3773.985	-0.088
3774.167	-0.088
3774.323	-0.088
3774.480	-0.088
3774.662	-0.088
3774.818	-0.088
3775.000	-0.088
3775.157	-0.088
3775.313	-0.088
3775.495	-0.088
3775.652	-0.088
3775.833	-0.088
3775.990	-0.088
3776.147	-0.088
3776.328	-0.088
3776.485	-0.088
3776.667	-0.088
3776.823	-0.088
3776.980	-0.088
3777.162	-0.088
3777.318	-0.088
3777.500	-0.088
3777.657	-0.088
3777.813	-0.088
3777.995	-0.088
3778.152	-0.088
3778.333	-0.088
3778.490	-0.088
3778.647	-0.088
3778.828	-0.088
3778.985	-0.088
3779.167	-0.088
3779.323	-0.088
3779.480	-0.088
3779.662	-0.088
3779.818	-0.088
3780.000	-0.088
3780.157	-0.088
3780.313	-0.088
3780.495	-0.088
3780.652	-0.088
3780.833	-0.088
3780.990	-0.088
3781.147	-0.088
3781.328	-0.088
3781.485	-0.088
3781.667	-0.088
3781.823	-0.089
3781.980	-0.088
3782.162	-0.088
3782.318	-0.088
3782.500	-0.089
3782.657	-0.088
3782.813	-0.088
3782.995	-0.088
3783.152	-0.088
3783.333	-0.088
3783.490	-0.088
3783.647	-0.088
3783.828	-0.088
3783.985	-0.088
3784.167	-0.088
3784.323	-0.088
3784.480	-0.088
3784.662	-0.088
3784.818	-0.088
3785.000	-0.088
3785.157	-0.088
3785.313	-0.088
3785.495	-0.088
3785.652	-0.088
3785.833	-0.088
3785.990	-0.088
3786.147	-0.088
3786.328	-0.088
3786.485	-0.089
3786.667	-0.088
3786.823	-0.088
3786.980	-0.088
3787.162	-0.088
3787.318	-0.088
3787.500	-0.088
3787.657	-0.088
3787.813	-0.088
3787.995	-0.088
3788.152	-0.088
3788.333	-0.088
3788.490	-0.088
3788.647	-0.088
3788.828	-0.088
3788.985	-0.088
3789.167	-0.088
3789.323	-0.088
3789.480	-0.088
3789.662	-0.088
3789.818	-0.088
3790.000	-0.088
3790.157	-0.088
3790.313	-0.088
3790.495	-0.088
3790.652	-0.088
3790.833	-0.088
3790.990	-0.088
3791.147	-0.088
3791.328	-0.088
3791.485	-0.088
3791.667	-0.088
3791.823	-0.088
3791.980	-0.088
3792.162	-0.088
3792.318	-0.088
3792.500	-0.088
3792.657	-0.088
3792.813	-0.088
3792.995	-0.088
3793.152	-0.088
3793.333	-0.088
3793.490	-0.088
3793.647	-0.088
3793.828	-0.088
3793.985	-0.088
3794.167	-0.088
3794.323	-0.088
3794.480	-0.088
3794.662	-0.088
3794.818	-0.088
3795.000	-0.088
3795.157	-0.088
3795.313	-0.088
3795.495	-0.088
3795.652	-0.088
3795.833	-0.088
3795.990	-0.088
3796.147	-0.088
3796.328	-0.088
3796.485	-0.088
3796.667	-0.088
3796.823	-0.088
3796.980	-0.088
3797.162	-0.088
3797.318	-0.088
3797.500	-0.088
3797.657	-0.088
3797.813	-0.089
3797.995	-0.088
3798.152	-0.088
3798.333	-0.089
3798.490	-0.088
3798.647	-0.088
3798.828	-0.088
3798.985	-0.088
3799.167	-0.088
3799.323	-0.088
3799.480	-0.088
3799.662	-0.088
3799.818	-0.088
3800.000	-0.088
3800.157	-0.088
3800.313	-0.088
3800.495	-0.088
3800.652	-0.088
3800.808	-0.088
3800.990	-0.088
3801.147	-0.088
3801.328	-0.088
3801.485	-0.088
3801.642	-0.088
3801.823	-0.088
3801.980	-0.088
3802.162	-0.088
3802.318	-0.088
3802.475	-0.088
3802.657	-0.088
3802.813	-0.088
3802.995	-0.089
3803.152	-0.088
3803.308	-0.088
3803.490	-0.088
3803.647	-0.088
3803.828	-0.088
3803.985	-0.089
3804.142	-0.088
3804.323	-0.088
3804.480	-0.088
3804.662	-0.088
3804.818	-0.088
3804.975	-0.088
3805.157	-0.088
3805.313	-0.088
3805.495	-0.088
3805.652	-0.088
3805.808	-0.088
3805.990	-0.088
3806.147	-0.088
3806.328	-0.088
3806.485	-0.088
3806.642	-0.088
3806.823	-0.088
3806.980	-0.088
3807.162	-0.088
3807.318	-0.088
3807.475	-0.088
3807.657	-0.088
3807.813	-0.088
3807.995	-0.088
3808.152	-0.088
3808.308	-0.088
3808.490	-0.088
3808.647	-0.088
3808.828	-0.088
3808.985	-0.088
3809.142	-0.088
3809.323	-0.088
3809.480	-0.088
3809.662	-0.088
3809.818	-0.088
3809.975	-0.088
3810.157	-0.088
3810.313	-0.088
3810.495	-0.088
3810.652	-0.088
3810.808	-0.088
3810.990	-0.088
3811.147	-0.088
3811.328	-0.088
3811.485	-0.088
3811.642	-0.088
3811.823	-0.088
3811.980	-0.088
3812.162	-0.088
3812.318	-0.088
3812.475	-0.088
3812.657	-0.088
3812.813	-0.088
3812.995	-0.088
3813.152	-0.088
3813.308	-0.088
3813.490	-0.088
3813.647	-0.088
3813.828	-0.088
3813.985	-0.088
3814.142	-0.088
3814.323	-0.088
3814.480	-0.088
3814.662	-0.088
3814.818	-0.088
3814.975	-0.088
3815.157	-0.088
3815.313	-0.088
3815.495	-0.088
3815.652	-0.088
3815.808	-0.088
3815.990	-0.088
3816.147	-0.088
3816.328	-0.088
3816.485	-0.088
3816.642	-0.088
3816.823	-0.088
3816.980	-0.088
3817.162	-0.088
3817.318	-0.088
3817.475	-0.088
3817.657	-0.088
3817.813	-0.088
3817.995	-0.088
3818.152	-0.088
3818.308	-0.088
3818.490	-0.088
3818.647	-0.088
3818.828	-0.088
3818.985	-0.088
3819.142	-0.088
3819.323	-0.088
3819.480	-0.088
3819.662	-0.088
3819.818	-0.088
3819.975	-0.088
3820.157	-0.088
3820.313	-0.088
3820.495	-0.088
3820.652	-0.088
3820.808	-0.088
3820.990	-0.088
3821.147	-0.088
3821.328	-0.088
3821.485	-0.088
3821.642	-0.088
3821.823	-0.088
3821.980	-0.088
3822.162	-0.088
3822.318	-0.088
3822.475	-0.088
3822.657	-0.088
3822.813	-0.088
3822.995	-0.088
3823.152	-0.088
3823.308	-0.088
3823.490	-0.088
3823.647	-0.088
3823.828	-0.088
3823.985	-0.088
3824.142	-0.088
3824.323	-0.088
3824.480	-0.088
3824.662	-0.088
3824.818	-0.088
3824.975	-0.088
3825.157	-0.088
3825.313	-0.088
3825.495	-0.088
3825.652	-0.088
3825.808	-0.088
3825.990	-0.088
3826.147	-0.088
3826.328	-0.088
3826.485	-0.088
3826.642	-0.088
3826.823	-0.088
3826.980	-0.088
3827.162	-0.088
3827.318	-0.088
3827.475	-0.088
3827.657	-0.088
3827.813	-0.088
3827.995	-0.088
3828.152	-0.088
3828.308	-0.088
3828.490	-0.088
3828.647	-0.088
3828.828	-0.088
3828.985	-0.088
3829.142	-0.088
3829.323	-0.088
3829.480	-0.088
3829.662	-0.088
3829.818	-0.088
3829.975	-0.088
3830.157	-0.088
3830.313	-0.088
3830.495	-0.088
3830.652	-0.088
3830.808	-0.088
3830.990	-0.088
3831.147	-0.088
3831.328	-0.088
3831.485	-0.088
3831.642	-0.088
3831.823	-0.088
3831.980	-0.088
3832.162	-0.088
3832.318	-0.088
3832.475	-0.088
3832.657	-0.088
3832.813	-0.088
3832.995	-0.088
3833.152	-0.088
3833.308	-0.088
3833.490	-0.088
3833.647	-0.088
3833.828	-0.088
3833.985	-0.088
3834.142	-0.088
3834.323	-0.088
3834.480	-0.088
3834.662	-0.088
3834.818	-0.088
3834.975	-0.088
3835.157	-0.088
3835.313	-0.088
3835.495	-0.088
3835.652	-0.088
3835.808	-0.088
3835.990	-0.088
3836.147	-0.088
3836.328	-0.088
3836.485	-0.088
3836.642	-0.088
3836.823	-0.088
3836.980	-0.088
3837.162	-0.088
3837.318	-0.088
3837.475	-0.088
3837.657	-0.088
3837.813	-0.088
3837.995	-0.088
3838.152	-0.088
3838.308	-0.088
3838.490	-0.088
3838.647	-0.088
3838.828	-0.088
3838.985	-0.088
3839.142	-0.088
3839.323	-0.088
3839.480	-0.088
3839.662	-0.088
3839.818	-0.088
3839.975	-0.088
3840.157	-0.088
3840.313	-0.088
3840.495	-0.088
3840.652	-0.088
3840.808	-0.088
3840.990	-0.088
3841.147	-0.088
3841.328	-0.088
3841.485	-0.088
3841.642	-0.088
3841.823	-0.088
3841.980	-0.088
3842.162	-0.088
3842.318	-0.088
3842.475	-0.088
3842.657	-0.088
3842.813	-0.088
3842.995	-0.088
3843.152	-0.088
3843.308	-0.088
3843.490	-0.088
3843.647	-0.088
3843.828	-0.088
3843.985	-0.088
3844.142	-0.088
3844.323	-0.088
3844.480	-0.088
3844.662	-0.088
3844.818	-0.088
3844.975	-0.088
3845.157	-0.088
3845.313	-0.088
3845.495	-0.088
3845.652	-0.088
3845.808	-0.088
3845.990	-0.088
3846.147	-0.088
3846.328	-0.088
3846.485	-0.088
3846.642	-0.088
3846.823	-0.088
3846.980	-0.088
3847.162	-0.088
3847.318	-0.088
3847.475	-0.088
3847.657	-0.088
3847.813	-0.088
3847.995	-0.088
3848.152	-0.088
3848.308	-0.088
3848.490	-0.088
3848.647	-0.088
3848.828	-0.088
3848.985	-0.088
3849.142	-0.088
3849.323	-0.088
3849.480	-0.088
3849.662	-0.087
3849.818	-0.088
3849.975	-0.088
3850.157	-0.088
3850.313	-0.088
3850.495	-0.088
3850.652	-0.088
3850.808	-0.087
3850.990	-0.088
3851.147	-0.088
3851.328	-0.088
3851.485	-0.088
3851.642	-0.088
3851.823	-0.088
3851.980	-0.088
3852.162	-0.088
3852.318	-0.088
3852.475	-0.088
3852.657	-0.088
3852.813	-0.088
3852.995	-0.088
3853.152	-0.088
3853.308	-0.088
3853.490	-0.088
3853.647	-0.088
3853.828	-0.088
3853.985	-0.088
3854.142	-0.088
3854.323	-0.088
3854.480	-0.088
3854.662	-0.088
3854.818	-0.088
3854.975	-0.088
3855.157	-0.088
3855.313	-0.088
3855.495	-0.088
3855.652	-0.088
3855.808	-0.088
3855.990	-0.088
3856.147	-0.088
3856.328	-0.088
3856.485	-0.088
3856.642	-0.088
3856.823	-0.088
3856.980	-0.088
3857.162	-0.088
3857.318	-0.088
3857.475	-0.088
3857.657	-0.088
3857.813	-0.088
3857.995	-0.088
3858.152	-0.088
3858.308	-0.088
3858.490	-0.088
3858.647	-0.088
3858.828	-0.088
3858.985	-0.088
3859.142	-0.088
3859.323	-0.088
3859.480	-0.088
3859.662	-0.088
3859.818	-0.088
3859.975	-0.088
3860.157	-0.088
3860.313	-0.088
3860.495	-0.088
3860.652	-0.088
3860.808	-0.088
3860.990	-0.088
3861.147	-0.088
3861.328	-0.088
3861.485	-0.088
3861.642	-0.088
3861.823	-0.088
3861.980	-0.088
3862.162	-0.088
3862.318	-0.088
3862.475	-0.088
3862.657	-0.088
3862.813	-0.088
3862.995	-0.088
3863.152	-0.088
3863.308	-0.088
3863.490	-0.088
3863.647	-0.088
3863.828	-0.088
3863.985	-0.088
3864.142	-0.088
3864.323	-0.088
3864.480	-0.088
3864.637	-0.088
3864.818	-0.088
3864.975	-0.088
3865.157	-0.088
3865.313	-0.088
3865.470	-0.088
3865.652	-0.088
3865.808	-0.088
3865.990	-0.088
3866.147	-0.088
3866.303	-0.088
3866.485	-0.088
3866.642	-0.088
3866.823	-0.088
3866.980	-0.088
3867.137	-0.088
3867.318	-0.088
3867.475	-0.088
3867.657	-0.088
3867.813	-0.088
3867.970	-0.088
3868.152	-0.088
3868.308	-0.088
3868.490	-0.088
3868.647	-0.088
3868.803	-0.088
3868.985	-0.088
3869.142	-0.088
3869.323	-0.088
3869.480	-0.088
3869.637	-0.088
3869.818	-0.088
3869.975	-0.088
3870.157	-0.088
3870.313	-0.088
3870.470	-0.088
3870.652	-0.088
3870.808	-0.088
3870.990	-0.088
3871.147	-0.088
3871.303	-0.088
3871.485	-0.088
3871.642	-0.088
3871.823	-0.088
3871.980	-0.088
3872.137	-0.088
3872.318	-0.088
3872.475	-0.088
3872.657	-0.088
3872.813	-0.088
3872.970	-0.088
3873.152	-0.088
3873.308	-0.088
3873.490	-0.088
3873.647	-0.088
3873.803	-0.088
3873.985	-0.088
3874.142	-0.088
3874.323	-0.088
3874.480	-0.088
3874.637	-0.088
3874.818	-0.088
3874.975	-0.088
3875.157	-0.088
3875.313	-0.088
3875.470	-0.088
3875.652	-0.088
3875.808	-0.088
3875.990	-0.088
3876.147	-0.088
3876.303	-0.088
3876.485	-0.088
3876.642	-0.088
3876.823	-0.088
3876.980	-0.088
3877.137	-0.088
3877.318	-0.088
3877.475	-0.088
3877.657	-0.088
3877.813	-0.088
3877.970	-0.088
3878.152	-0.088
3878.308	-0.088
3878.490	-0.088
3878.647	-0.088
3878.803	-0.088
3878.985	-0.088
3879.142	-0.088
3879.323	-0.088
3879.480	-0.088
3879.637	-0.088
3879.818	-0.088
3879.975	-0.088
3880.157	-0.088
3880.313	-0.088
3880.470	-0.088
3880.652	-0.088
3880.808	-0.088
3880.990	-0.088
3881.147	-0.088
3881.303	-0.088
3881.485	-0.088
3881.642	-0.088
3881.823	-0.088
3881.980	-0.088
3882.137	-0.088
3882.318	-0.088
3882.475	-0.088
3882.657	-0.088
3882.813	-0.088
3882.970	-0.088
3883.152	-0.088
3883.308	-0.088
3883.490	-0.088
3883.647	-0.088
3883.803	-0.088
3883.985	-0.088
3884.142	-0.088
3884.323	-0.088
3884.480	-0.088
3884.637	-0.088
3884.818	-0.088
3884.975	-0.088
3885.157	-0.088
3885.313	-0.088
3885.470	-0.088
3885.652	-0.088
3885.808	-0.088
3885.990	-0.088
3886.147	-0.088
3886.303	-0.088
3886.485	-0.088
3886.642	-0.088
3886.823	-0.088
3886.980	-0.089
3887.137	-0.088
3887.318	-0.088
3887.475	-0.088
3887.657	-0.088
3887.813	-0.088
3887.970	-0.088
3888.152	-0.088
3888.308	-0.088
3888.490	-0.088
3888.647	-0.088
3888.803	-0.088
3888.985	-0.088
3889.142	-0.088
3889.323	-0.088
3889.480	-0.088
3889.637	-0.088
3889.818	-0.088
3889.975	-0.088
3890.157	-0.088
3890.313	-0.088
3890.470	-0.088
3890.652	-0.088
3890.808	-0.088
3890.990	-0.088
3891.147	-0.088
3891.303	-0.088
3891.485	-0.088
3891.642	-0.088
3891.823	-0.088
3891.980	-0.088
3892.137	-0.088
3892.318	-0.088
3892.475	-0.088
3892.657	-0.088
3892.813	-0.088
3892.970	-0.088
3893.152	-0.088
3893.308	-0.088
3893.490	-0.088
3893.647	-0.089
3893.803	-0.088
3893.985	-0.088
3894.142	-0.088
3894.323	-0.088
3894.480	-0.088
3894.637	-0.088
3894.818	-0.088
3894.975	-0.088
3895.157	-0.088
3895.313	-0.088
3895.470	-0.088
3895.652	-0.088
3895.808	-0.088
3895.990	-0.088
3896.147	-0.088
3896.303	-0.088
3896.485	-0.088
3896.642	-0.088
3896.823	-0.088
3896.980	-0.088
3897.137	-0.088
3897.318	-0.088
3897.475	-0.088
3897.657	-0.088
3897.813	-0.088
3897.970	-0.088
3898.152	-0.088
3898.308	-0.088
3898.490	-0.088
3898.647	-0.088
3898.803	-0.088
3898.985	-0.088
3899.142	-0.088
3899.323	-0.088
3899.480	-0.088
3899.637	-0.088
3899.818	-0.088
3899.975	-0.088
3900.157	-0.088
3900.313	-0.088
3900.470	-0.088
3900.652	-0.088
3900.808	-0.088
3900.990	-0.088
3901.147	-0.088
3901.303	-0.088
3901.485	-0.088
3901.642	-0.088
3901.823	-0.088
3901.980	-0.088
3902.137	-0.088
3902.318	-0.088
3902.475	-0.088
3902.657	-0.088
3902.813	-0.088
3902.970	-0.088
3903.152	-0.088
3903.308	-0.088
3903.490	-0.088
3903.647	-0.088
3903.803	-0.089
3903.985	-0.088
3904.142	-0.088
3904.323	-0.088
3904.480	-0.088
3904.637	-0.088
3904.818	-0.088
3904.975	-0.088
3905.157	-0.088
3905.313	-0.088
3905.470	-0.088
3905.652	-0.088
3905.808	-0.088
3905.990	-0.088
3906.147	-0.088
3906.303	-0.088
3906.485	-0.088
3906.642	-0.088
3906.823	-0.088
3906.980	-0.088
3907.137	-0.088
3907.318	-0.088
3907.475	-0.088
3907.657	-0.088
3907.813	-0.088
3907.970	-0.088
3908.152	-0.088
3908.308	-0.088
3908.490	-0.088
3908.647	-0.088
3908.803	-0.088
3908.985	-0.088
3909.142	-0.088
3909.323	-0.088
3909.480	-0.088
3909.637	-0.088
3909.818	-0.088
3909.975	-0.088
3910.157	-0.088
3910.313	-0.088
3910.470	-0.088
3910.652	-0.088
3910.808	-0.088
3910.990	-0.088
3911.147	-0.088
3911.303	-0.088
3911.485	-0.088
3911.642	-0.088
3911.823	-0.088
3911.980	-0.088
3912.137	-0.088
3912.318	-0.088
3912.475	-0.088
3912.657	-0.088
3912.813	-0.088
3912.970	-0.088
3913.152	-0.088
3913.308	-0.088
3913.490	-0.088
3913.647	-0.088
3913.803	-0.088
3913.985	-0.088
3914.142	-0.088
3914.323	-0.088
3914.480	-0.088
3914.637	-0.088
3914.818	-0.088
3914.975	-0.088
3915.157	-0.088
3915.313	-0.088
3915.470	-0.088
3915.652	-0.088
3915.808	-0.088
3915.990	-0.088
3916.147	-0.089
3916.303	-0.088
3916.485	-0.088
3916.642	-0.088
3916.823	-0.088
3916.980	-0.088
3917.137	-0.088
3917.318	-0.088
3917.475	-0.088
3917.657	-0.088
3917.813	-0.088
3917.970	-0.088
3918.152	-0.088
3918.308	-0.088
3918.490	-0.088
3918.647	-0.088
3918.803	-0.088
3918.985	-0.088
3919.142	-0.088
3919.323	-0.088
3919.480	-0.088
3919.637	-0.088
3919.818	-0.088
3919.975	-0.088
3920.157	-0.088
3920.313	-0.088
3920.470	-0.088
3920.652	-0.088
3920.808	-0.088
3920.990	-0.088
3921.147	-0.088
3921.303	-0.088
3921.485	-0.088
3921.642	-0.088
3921.823	-0.088
3921.980	-0.088
3922.137	-0.088
3922.318	-0.088
3922.475	-0.088
3922.657	-0.088
3922.813	-0.088
3922.970	-0.088
3923.152	-0.088
3923.308	-0.088
3923.490	-0.088
3923.647	-0.088
3923.803	-0.088
3923.985	-0.088
3924.142	-0.088
3924.323	-0.088
3924.480	-0.088
3924.637	-0.088
3924.818	-0.088
3924.975	-0.088
3925.157	-0.088
3925.313	-0.088
3925.470	-0.088
3925.652	-0.088
3925.808	-0.088
3925.990	-0.088
3926.147	-0.088
3926.303	-0.088
3926.485	-0.088
3926.642	-0.088
3926.823	-0.088
3926.980	-0.088
3927.137	-0.088
3927.318	-0.088
3927.475	-0.088
3927.657	-0.088
3927.813	-0.088
3927.970	-0.088
3928.152	-0.088
3928.308	-0.088
3928.490	-0.088
3928.647	-0.088
3928.803	-0.088
3928.985	-0.088
3929.142	-0.088
3929.323	-0.088
3929.480	-0.088
3929.637	-0.088
3929.818	-0.088
3929.975	-0.088
3930.157	-0.088
3930.313	-0.088
3930.470	-0.088
3930.652	-0.088
3930.808	-0.088
3930.990	-0.088
3931.147	-0.088
3931.303	-0.088
3931.485	-0.088
3931.642	-0.088
3931.823	-0.088
3931.980	-0.088
3932.137	-0.088
3932.318	-0.088
3932.475	-0.088
3932.657	-0.088
3932.813	-0.088
3932.970	-0.088
3933.152	-0.088
3933.308	-0.088
3933.490	-0.088
3933.647	-0.088
3933.803	-0.088
3933.985	-0.088
3934.142	-0.088
3934.323	-0.088
3934.480	-0.088
3934.637	-0.088
3934.818	-0.088
3934.975	-0.088
3935.157	-0.088
3935.313	-0.088
3935.470	-0.088
3935.652	-0.088
3935.808	-0.088
3935.990	-0.088
3936.147	-0.088
3936.303	-0.088
3936.485	-0.088
3936.642	-0.088
3936.823	-0.088
3936.980	-0.088
3937.137	-0.088
3937.318	-0.088
3937.475	-0.088
3937.657	-0.088
3937.813	-0.088
3937.970	-0.088
3938.152	-0.088
3938.308	-0.088
3938.490	-0.088
3938.647	-0.088
3938.803	-0.088
3938.985	-0.088
3939.142	-0.088
3939.323	-0.088
3939.480	-0.088
3939.637	-0.088
3939.818	-0.088
3939.975	-0.088
3940.157	-0.088
3940.313	-0.088
3940.470	-0.088
3940.652	-0.088
3940.808	-0.088
3940.990	-0.088
3941.147	-0.088
3941.303	-0.088
3941.485	-0.088
3941.642	-0.088
3941.823	-0.088
3941.980	-0.088
3942.137	-0.088
3942.318	-0.088
3942.475	-0.088
3942.657	-0.088
3942.813	-0.088
3942.970	-0.088
3943.152	-0.088
3943.308	-0.088
3943.490	-0.088
3943.647	-0.088
3943.803	-0.088
3943.985	-0.088
3944.142	-0.088
3944.323	-0.088
3944.480	-0.088
3944.637	-0.088
3944.818	-0.088
3944.975	-0.088
3945.157	-0.088
3945.313	-0.088
3945.470	-0.088
3945.652	-0.088
3945.808	-0.088
3945.990	-0.088
3946.147	-0.088
3946.303	-0.088
3946.485	-0.088
3946.642	-0.088
3946.823	-0.088
3946.980	-0.088
3947.137	-0.088
3947.318	-0.088
3947.475	-0.088
3947.657	-0.088
3947.813	-0.088
3947.970	-0.088
3948.152	-0.088
3948.308	-0.088
3948.490	-0.088
3948.647	-0.088
3948.803	-0.088
3948.985	-0.088
3949.142	-0.088
3949.323	-0.088
3949.480	-0.088
3949.637	-0.088
3949.818	-0.088
3949.975	-0.088
3950.157	-0.088
3950.313	-0.088
3950.470	-0.088
3950.652	-0.088
3950.808	-0.088
3950.990	-0.087
3951.147	-0.088
3951.303	-0.088
3951.485	-0.088
3951.642	-0.088
3951.823	-0.086
3951.980	-0.088
3952.137	-0.084
3952.318	-0.086
3952.475	-0.086
3952.657	-0.086
3952.813	-0.084
3952.970	-0.085
3953.152	-0.084
3953.308	-0.085
3953.490	-0.083
3953.647	-0.084
3953.803	-0.083
3953.985	-0.083
3954.142	-0.083
3954.323	-0.083
3954.480	-0.083
3954.637	-0.083
3954.818	-0.083
3954.975	-0.083
3955.132	-0.083
3955.313	-0.083
3955.470	-0.083
3955.652	-0.083
3955.808	-0.083
3955.990	-0.083
3956.147	-0.083
3956.303	-0.083
3956.485	-0.083
3956.642	-0.083
3956.823	-0.083
3956.980	-0.083
3957.137	-0.083
3957.318	-0.083
3957.475	-0.083
3957.657	-0.083
3957.813	-0.083
3957.970	-0.083
3958.152	-0.083
3958.308	-0.083
3958.490	-0.083
3958.647	-0.083
3958.803	-0.083
3958.985	-0.083
3959.142	-0.083
3959.323	-0.083
3959.480	-0.083
3959.637	-0.083
3959.818	-0.083
3959.975	-0.083
3960.157	-0.083
3960.313	-0.083
3960.470	-0.083
3960.652	-0.083
3960.808	-0.083
3960.990	-0.083
3961.147	-0.083
3961.303	-0.083
3961.485	-0.083
3961.642	-0.083
3961.823	-0.085
3961.980	-0.083
3962.137	-0.083
3962.318	-0.085
3962.475	-0.084
3962.657	-0.085
3962.813	-0.087
3962.970	-0.087
3963.152	-0.086
3963.308	-0.087
3963.490	-0.088
3963.647	-0.088
3963.803	-0.088
3963.985	-0.088
3964.142	-0.088
3964.323	-0.088
3964.480	-0.088
3964.637	-0.088
3964.818	-0.088
3964.975	-0.088
3965.157	-0.088
3965.313	-0.088
3965.470	-0.088
3965.652	-0.088
3965.808	-0.088
3965.990	-0.088
3966.147	-0.088
3966.303	-0.088
3966.485	-0.088
3966.642	-0.088
3966.823	-0.088
3966.980	-0.088
3967.137	-0.088
3967.318	-0.088
3967.475	-0.088
3967.657	-0.088
3967.813	-0.088
3967.970	-0.088
3968.152	-0.088
3968.308	-0.088
3968.490	-0.088
3968.647	-0.088
3968.803	-0.088
3968.985	-0.088
3969.142	-0.088
3969.323	-0.088
3969.480	-0.088
3969.637	-0.088
3969.818	-0.088
3969.975	-0.088
3970.157	-0.088
3970.313	-0.088
3970.470	-0.088
3970.652	-0.088
3970.808	-0.088
3970.990	-0.088
3971.147	-0.088
3971.303	-0.088
3971.485	-0.088
3971.642	-0.088
3971.798	-0.088
3971.980	-0.088
3972.137	-0.088
3972.318	-0.088
3972.475	-0.088
3972.657	-0.088
3972.813	-0.088
3972.970	-0.088
3973.152	-0.088
3973.308	-0.088
3973.490	-0.088
3973.647	-0.088
3973.803	-0.088
3973.985	-0.088
3974.142	-0.088
3974.323	-0.088
3974.480	-0.088
3974.637	-0.088
3974.818	-0.088
3974.975	-0.088
3975.157	-0.088
3975.313	-0.088
3975.470	-0.088
3975.652	-0.088
3975.808	-0.088
3975.990	-0.088
3976.147	-0.088
3976.303	-0.088
3976.485	-0.088
3976.642	-0.088
3976.798	-0.088
3976.980	-0.088
3977.137	-0.088
3977.318	-0.088
3977.475	-0.088
3977.657	-0.088
3977.813	-0.088
3977.970	-0.088
3978.152	-0.088
3978.308	-0.088
3978.490	-0.088
3978.647	-0.088
3978.803	-0.088
3978.985	-0.088
3979.142	-0.088
3979.323	-0.088
3979.480	-0.088
3979.637	-0.088
3979.818	-0.088
3979.975	-0.088
3980.157	-0.088
3980.313	-0.088
3980.470	-0.088
3980.652	-0.088
3980.808	-0.088
3980.965	-0.088
3981.147	-0.088
3981.303	-0.088
3981.485	-0.088
3981.642	-0.088
3981.823	-0.088
3981.980	-0.088
3982.137	-0.088
3982.318	-0.088
3982.475	-0.088
3982.632	-0.088
3982.813	-0.088
3982.970	-0.088
3983.152	-0.088
3983.308	-0.088
3983.490	-0.088
3983.647	-0.088
3983.803	-0.088
3983.985	-0.088
3984.142	-0.088
3984.298	-0.088
3984.480	-0.088
3984.637	-0.088
3984.818	-0.088
3984.975	-0.088
3985.157	-0.088
3985.313	-0.088
3985.470	-0.088
3985.652	-0.088
3985.808	-0.088
3985.965	-0.088
3986.147	-0.088
3986.303	-0.088
3986.485	-0.088
3986.642	-0.088
3986.823	-0.088
3986.980	-0.088
3987.137	-0.088
3987.318	-0.088
3987.475	-0.088
3987.632	-0.088
3987.813	-0.088
3987.970	-0.088
3988.152	-0.088
3988.308	-0.088
3988.490	-0.088
3988.647	-0.088
3988.803	-0.088
3988.985	-0.088
3989.142	-0.088
3989.298	-0.088
3989.480	-0.088
3989.637	-0.088
3989.818	-0.088
3989.975	-0.088
3990.157	-0.088
3990.313	-0.088
3990.470	-0.088
3990.652	-0.088
3990.808	-0.088
3990.965	-0.088
3991.147	-0.088
3991.303	-0.088
3991.485	-0.088
3991.642	-0.088
3991.823	-0.088
3991.980	-0.088
3992.137	-0.088
3992.318	-0.088
3992.475	-0.088
3992.632	-0.088
3992.813	-0.088
3992.970	-0.088
3993.152	-0.088
3993.308	-0.088
3993.490	-0.088
3993.647	-0.088
3993.803	-0.088
3993.985	-0.088
3994.142	-0.088
3994.298	-0.088
3994.480	-0.088
3994.637	-0.088
3994.818	-0.088
3994.975	-0.088
3995.157	-0.088
3995.313	-0.088
3995.470	-0.088
3995.652	-0.088
3995.808	-0.088
3995.965	-0.088
3996.147	-0.088
3996.303	-0.088
3996.485	-0.088
3996.642	-0.088
3996.823	-0.088
3996.980	-0.088
3997.137	-0.088
3997.318	-0.088
3997.475	-0.088
3997.632	-0.088
3997.813	-0.088
3997.970	-0.088
3998.152	-0.088
3998.308	-0.088
3998.490	-0.088
3998.647	-0.088
3998.803	-0.088
3998.985	-0.087
3999.142	-0.088
3999.298	-0.088
3999.480	-0.088
3999.637	-0.088
3999.818	-0.088
3999.975	-0.088
4000.157	-0.088
4000.313	-0.088
4000.470	-0.088
4000.652	-0.088
4000.808	-0.088
4000.965	-0.087
4001.147	-0.088
4001.303	-0.087
4001.485	-0.087
4001.642	-0.086
4001.798	-0.088
4001.980	-0.088
4002.137	-0.087
4002.318	-0.087
4002.475	-0.087
4002.632	-0.088
4002.813	-0.088
4002.970	-0.088
4003.152	-0.088
4003.308	-0.088
4003.490	-0.088
4003.647	-0.088
4003.803	-0.088
4003.985	-0.087
4004.142	-0.088
4004.298	-0.088
4004.480	-0.087
4004.637	-0.088
4004.818	-0.086
4004.975	-0.088
4005.132	-0.088
4005.313	-0.088
4005.470	-0.087
4005.652	-0.085
4005.808	-0.086
4005.965	-0.086
4006.147	-0.087
4006.303	-0.083
4006.485	-0.084
4006.642	-0.083
4006.798	-0.083
4006.980	-0.083
4007.137	-0.083
4007.318	-0.083
4007.475	-0.083
4007.632	-0.083
4007.813	-0.083
4007.970	-0.083
4008.152	-0.083
4008.308	-0.083
4008.465	-0.083
4008.647	-0.079
4008.803	-0.078
4008.985	-0.078
4009.142	-0.078
4009.298	-0.077
4009.480	-0.073
4009.637	-0.073
4009.818	-0.069
4009.975	-0.068
4010.157	-0.063
4010.313	-0.063
4010.470	-0.059
4010.652	-0.057
4010.808	-0.054
4010.990	-0.049
4011.147	-0.046
4011.303	-0.039
4011.485	-0.031
4011.642	-0.019
4011.823	-0.003
4011.980	0.016
4012.137	0.031
4012.318	0.045
4012.475	0.059
4012.657	0.068
4012.813	0.081
4012.970	0.097
4013.152	0.113
4013.308	0.132
4013.465	0.149
4013.647	0.165
4013.803	0.177
4013.985	0.189
4014.142	0.200
4014.298	0.206
4014.480	0.217
4014.637	0.235
4014.818	0.259
4014.975	0.288
4015.157	0.320
4015.313	0.347
4015.470	0.378
4015.652	0.413
4015.808	0.449
4015.965	0.479
4016.147	0.505
4016.303	0.532
4016.485	0.556
4016.642	0.580
4016.798	0.608
4016.980	0.638
4017.137	0.664
4017.318	0.690
4017.475	0.715
4017.632	0.738
4017.813	0.760
4017.970	0.778
4018.152	0.799
4018.308	0.813
4018.465	0.824
4018.647	0.835
4018.803	0.853
4018.985	0.873
4019.142	0.891
4019.298	0.902
4019.480	0.912
4019.637	0.921
4019.818	0.932
4019.975	0.941
4020.132	0.947
4020.313	0.953
4020.470	0.960
4020.652	0.962
4020.808	0.962
4020.965	0.960
4021.147	0.958
4021.303	0.957
4021.485	0.952
4021.642	0.944
4021.798	0.941
4021.980	0.941
4022.137	0.938
4022.318	0.930
4022.475	0.918
4022.632	0.903
4022.813	0.886
4022.970	0.865
4023.152	0.849
4023.308	0.829
4023.465	0.807
4023.647	0.783
4023.803	0.760
4023.985	0.741
4024.142	0.725
4024.298	0.706
4024.480	0.679
4024.637	0.648
4024.818	0.618
4024.975	0.590
4025.132	0.571
4025.313	0.557
4025.470	0.549
4025.652	0.532
4025.808	0.507
4025.965	0.480
4026.147	0.446
4026.303	0.418
4026.485	0.396
4026.642	0.383
4026.798	0.366
4026.980	0.348
4027.137	0.328
4027.318	0.301
4027.475	0.269
4027.632	0.235
4027.813	0.205
4027.970	0.174
4028.152	0.148
4028.308	0.122
4028.465	0.102
4028.647	0.086
4028.803	0.075
4028.985	0.061
4029.142	0.046
4029.298	0.031
4029.480	0.016
4029.637	0.003
4029.818	-0.008
4029.975	-0.017
4030.132	-0.024
4030.313	-0.028
4030.470	-0.036
4030.652	-0.041
4030.808	-0.045
4030.965	-0.052
4031.147	-0.056
4031.303	-0.061
4031.485	-0.063
4031.642	-0.066
4031.798	-0.069
4031.980	-0.073
4032.137	-0.077
4032.318	-0.078
4032.475	-0.080
4032.632	-0.083
4032.813	-0.083
4032.970	-0.083
4033.152	-0.084
4033.308	-0.083
4033.465	-0.087
4033.647	-0.083
4033.803	-0.087
4033.985	-0.086
4034.142	-0.088
4034.298	-0.084
4034.480	-0.085
4034.637	-0.088
4034.818	-0.087
4034.975	-0.085
4035.132	-0.088
4035.313	-0.086
4035.470	-0.087
4035.652	-0.085
4035.808	-0.086
4035.965	-0.084
4036.147	-0.085
4036.303	-0.087
4036.485	-0.085
4036.642	-0.088
4036.798	-0.088
4036.980	-0.085
4037.137	-0.086
4037.318	-0.088
4037.475	-0.088
4037.632	-0.086
4037.813	-0.086
4037.970	-0.087
4038.152	-0.087
4038.308	-0.088
4038.465	-0.087
4038.647	-0.086
4038.803	-0.088
4038.985	-0.084
4039.142	-0.087
4039.298	-0.086
4039.480	-0.086
4039.637	-0.086
4039.818	-0.088
4039.975	-0.086
4040.132	-0.087
4040.313	-0.088
4040.470	-0.087
4040.652	-0.088
4040.808	-0.088
4040.965	-0.086
4041.147	-0.085
4041.303	-0.088
4041.485	-0.088
4041.642	-0.086
4041.798	-0.087
4041.980	-0.088
4042.137	-0.086
4042.318	-0.086
4042.475	-0.088
4042.632	-0.086
4042.813	-0.088
4042.970	-0.086
4043.152	-0.088
4043.308	-0.088
4043.465	-0.088
4043.647	-0.088
4043.803	-0.088
4043.985	-0.088
4044.142	-0.087
4044.298	-0.084
4044.480	-0.088
4044.637	-0.088
4044.818	-0.087
4044.975	-0.088
4045.132	-0.088
4045.313	-0.088
4045.470	-0.088
4045.652	-0.088
4045.808	-0.088
4045.965	-0.088
4046.147	-0.088
4046.303	-0.088
4046.485	-0.088
4046.642	-0.088
4046.798	-0.088
4046.980	-0.088
4047.137	-0.088
4047.318	-0.088
4047.475	-0.088
4047.632	-0.088
4047.813	-0.087
4047.970	-0.088
4048.152	-0.088
4048.308	-0.088
4048.465	-0.088
4048.647	-0.088
4048.803	-0.088
4048.985	-0.088
4049.142	-0.088
4049.298	-0.088
4049.480	-0.088
4049.637	-0.088
4049.818	-0.088
4049.975	-0.088
4050.132	-0.088
4050.313	-0.088
4050.470	-0.088
4050.652	-0.088
4050.808	-0.088
4050.965	-0.088
4051.147	-0.088
4051.303	-0.088
4051.485	-0.088
4051.642	-0.088
4051.798	-0.088
4051.980	-0.088
4052.137	-0.088
4052.318	-0.088
4052.475	-0.088
4052.632	-0.088
4052.813	-0.088
4052.970	-0.088
4053.152	-0.088
4053.308	-0.088
4053.465	-0.088
4053.647	-0.088
4053.803	-0.088
4053.985	-0.088
4054.142	-0.088
4054.298	-0.088
4054.480	-0.088
4054.637	-0.088
4054.818	-0.088
4054.975	-0.088
4055.132	-0.088
4055.313	-0.088
4055.470	-0.088
4055.652	-0.088
4055.808	-0.088
4055.965	-0.088
4056.147	-0.088
4056.303	-0.088
4056.485	-0.088
4056.642	-0.088
4056.798	-0.088
4056.980	-0.088
4057.137	-0.088
4057.318	-0.088
4057.475	-0.088
4057.632	-0.088
4057.813	-0.088
4057.970	-0.088
4058.152	-0.088
4058.308	-0.088
4058.465	-0.088
4058.647	-0.088
4058.803	-0.088
4058.985	-0.088
4059.142	-0.088
4059.298	-0.088
4059.480	-0.088
4059.637	-0.088
4059.792	-0.088
4059.975	-0.088
4060.132	-0.088
4060.313	-0.088
4060.470	-0.088
4060.625	-0.088
4060.808	-0.088
4060.965	-0.088
4061.147	-0.088
4061.303	-0.088
4061.458	-0.088
4061.642	-0.088
4061.798	-0.088
4061.980	-0.088
4062.137	-0.088
4062.292	-0.088
4062.475	-0.088
4062.632	-0.088
4062.813	-0.088
4062.970	-0.088
4063.125	-0.088
4063.308	-0.088
4063.465	-0.088
4063.647	-0.088
4063.803	-0.088
4063.958	-0.088
4064.142	-0.088
4064.298	-0.088
4064.480	-0.088
4064.637	-0.088
4064.792	-0.088
4064.975	-0.088
4065.132	-0.088
4065.313	-0.088
4065.470	-0.088
4065.625	-0.088
4065.808	-0.088
4065.965	-0.088
4066.147	-0.088
4066.303	-0.088
4066.458	-0.088
4066.642	-0.088
4066.798	-0.088
4066.980	-0.088
4067.137	-0.088
4067.318	-0.088
4067.475	-0.088
4067.632	-0.088
4067.813	-0.088
4067.970	-0.088
4068.152	-0.088
4068.308	-0.088
4068.465	-0.088
4068.647	-0.088
4068.803	-0.088
4068.985	-0.088
4069.142	-0.088
4069.298	-0.088
4069.480	-0.088
4069.637	-0.088
4069.818	-0.088
4069.975	-0.088
4070.132	-0.088
4070.313	-0.088
4070.470	-0.088
4070.652	-0.088
4070.808	-0.088
4070.965	-0.088
4071.147	-0.088
4071.303	-0.088
4071.485	-0.088
4071.642	-0.088
4071.798	-0.088
4071.980	-0.088
4072.137	-0.088
4072.318	-0.088
4072.475	-0.088
4072.632	-0.088
4072.813	-0.088
4072.970	-0.088
4073.152	-0.088
4073.308	-0.088
4073.465	-0.088
4073.647	-0.088
4073.803	-0.088
4073.985	-0.088
4074.142	-0.088
4074.298	-0.088
4074.480	-0.088
4074.637	-0.088
4074.818	-0.088
4074.975	-0.088
4075.132	-0.088
4075.313	-0.088
4075.470	-0.088
4075.652	-0.088
4075.808	-0.088
4075.965	-0.088
4076.147	-0.088
4076.303	-0.088
4076.485	-0.088
4076.642	-0.088
4076.798	-0.088
4076.980	-0.088
4077.137	-0.088
4077.318	-0.088
4077.475	-0.088
4077.632	-0.088
4077.813	-0.088
4077.970	-0.088
4078.152	-0.088
4078.308	-0.088
4078.465	-0.088
4078.647	-0.088
4078.803	-0.088
4078.985	-0.088
4079.142	-0.088
4079.298	-0.088
4079.480	-0.088
4079.637	-0.088
4079.818	-0.088
4079.975	-0.088
4080.132	-0.088
4080.313	-0.088
4080.470	-0.088
4080.652	-0.088
4080.808	-0.088
4080.965	-0.088
4081.147	-0.088
4081.303	-0.088
4081.485	-0.088
4081.642	-0.088
4081.798	-0.088
4081.980	-0.088
4082.137	-0.088
4082.292	-0.088
4082.475	-0.088
4082.632	-0.088
4082.813	-0.088
4082.970	-0.088
4083.125	-0.088
4083.308	-0.088
4083.465	-0.088
4083.647	-0.087
4083.803	-0.085
4083.985	-0.086
4084.142	-0.087
4084.298	-0.085
4084.480	-0.085
4084.637	-0.084
4084.792	-0.083
4084.975	-0.083
4085.132	-0.083
4085.313	-0.083
4085.470	-0.083
4085.625	-0.083
4085.808	-0.083
4085.965	-0.083
4086.147	-0.083
4086.303	-0.082
4086.485	-0.081
4086.642	-0.079
4086.798	-0.079
4086.980	-0.078
4087.137	-0.078
4087.292	-0.078
4087.475	-0.078
4087.632	-0.078
4087.813	-0.078
4087.970	-0.078
4088.152	-0.078
4088.308	-0.078
4088.465	-0.078
4088.647	-0.078
4088.803	-0.078
4088.985	-0.078
4089.142	-0.077
4089.298	-0.076
4089.480	-0.077
4089.637	-0.077
4089.818	-0.077
4089.975	-0.076
4090.132	-0.076
4090.313	-0.077
4090.470	-0.074
4090.625	-0.076
4090.808	-0.074
4090.965	-0.076
4091.147	-0.074
4091.303	-0.075
4091.485	-0.074
4091.642	-0.074
4091.798	-0.077
4091.980	-0.073
4092.137	-0.075
4092.318	-0.075
4092.475	-0.075
4092.632	-0.074
4092.813	-0.075
4092.970	-0.078
4093.125	-0.077
4093.308	-0.078
4093.465	-0.078
4093.647	-0.078
4093.803	-0.078
4093.958	-0.078
4094.142	-0.078
4094.298	-0.078
4094.480	-0.078
4094.637	-0.078
4094.792	-0.078
4094.975	-0.078
4095.132	-0.078
4095.313	-0.078
4095.470	-0.078
4095.625	-0.080
4095.808	-0.079
4095.965	-0.079
4096.146	-0.082
4096.303	-0.083
4096.458	-0.083
4096.642	-0.083
4096.798	-0.083
4096.980	-0.083
4097.137	-0.083
4097.292	-0.083
4097.475	-0.083
4097.632	-0.083
4097.813	-0.083
4097.970	-0.083
4098.125	-0.083
4098.308	-0.083
4098.465	-0.087
4098.646	-0.084
4098.803	-0.086
4098.958	-0.086
4099.142	-0.088
4099.298	-0.088
4099.480	-0.088
4099.637	-0.088
4099.792	-0.088
4099.975	-0.088
4100.132	-0.088
4100.313	-0.088
4100.470	-0.088
4100.652	-0.088
4100.808	-0.088
4100.965	-0.088
4101.146	-0.088
4101.303	-0.088
4101.458	-0.088
4101.642	-0.088
4101.798	-0.088
4101.980	-0.088
4102.137	-0.088
4102.292	-0.088
4102.475	-0.088
4102.632	-0.088
4102.813	-0.088
4102.970	-0.088
4103.125	-0.088
4103.308	-0.088
4103.465	-0.088
4103.646	-0.088
4103.803	-0.088
4103.958	-0.088
4104.142	-0.088
4104.298	-0.088
4104.480	-0.088
4104.637	-0.088
4104.792	-0.088
4104.975	-0.088
4105.132	-0.088
4105.313	-0.088
4105.470	-0.088
4105.625	-0.088
4105.808	-0.088
4105.965	-0.088
4106.146	-0.088
4106.303	-0.088
4106.458	-0.088
4106.642	-0.088
4106.798	-0.088
4106.980	-0.088
4107.137	-0.088
4107.292	-0.088
4107.475	-0.088
4107.632	-0.088
4107.813	-0.088
4107.970	-0.088
4108.125	-0.088
4108.308	-0.088
4108.465	-0.088
4108.646	-0.088
4108.803	-0.088
4108.958	-0.088
4109.142	-0.088
4109.298	-0.088
4109.480	-0.088
4109.637	-0.088
4109.792	-0.088
4109.975	-0.088
4110.132	-0.088
4110.313	-0.088
4110.470	-0.088
4110.625	-0.088
4110.808	-0.088
4110.965	-0.088
4111.146	-0.088
4111.303	-0.088
4111.458	-0.088
4111.642	-0.088
4111.798	-0.088
4111.980	-0.088
4112.137	-0.088
4112.292	-0.088
4112.475	-0.088
4112.632	-0.088
4112.813	-0.088
4112.970	-0.088
4113.125	-0.088
4113.308	-0.088
4113.465	-0.088
4113.646	-0.088
4113.803	-0.088
4113.958	-0.088
4114.142	-0.088
4114.298	-0.088
4114.480	-0.088
4114.637	-0.088
4114.792	-0.088
4114.975	-0.088
4115.132	-0.088
4115.313	-0.088
4115.470	-0.088
4115.625	-0.088
4115.808	-0.088
4115.965	-0.088
4116.146	-0.089
4116.303	-0.088
4116.458	-0.088
4116.642	-0.088
4116.798	-0.088
4116.980	-0.088
4117.137	-0.088
4117.292	-0.088
4117.475	-0.088
4117.632	-0.088
4117.813	-0.088
4117.970	-0.088
4118.125	-0.088
4118.308	-0.088
4118.465	-0.088
4118.646	-0.088
4118.803	-0.088
4118.958	-0.088
4119.142	-0.088
4119.298	-0.088
4119.480	-0.088
4119.637	-0.088
4119.792	-0.088
4119.975	-0.088
4120.132	-0.088
4120.313	-0.088
4120.470	-0.088
4120.625	-0.088
4120.808	-0.088
4120.965	-0.088
4121.146	-0.088
4121.303	-0.088
4121.458	-0.088
4121.642	-0.088
4121.798	-0.088
4121.980	-0.088
4122.137	-0.089
4122.292	-0.088
4122.475	-0.088
4122.632	-0.088
4122.813	-0.088
4122.970	-0.088
4123.125	-0.088
4123.308	-0.088
4123.465	-0.088
4123.646	-0.088
4123.803	-0.088
4123.958	-0.088
4124.142	-0.088
4124.298	-0.088
4124.480	-0.088
4124.637	-0.088
4124.792	-0.088
4124.975	-0.088
4125.132	-0.088
4125.313	-0.088
4125.470	-0.088
4125.625	-0.088
4125.808	-0.088
4125.965	-0.088
4126.146	-0.088
4126.303	-0.088
4126.458	-0.088
4126.642	-0.088
4126.798	-0.088
4126.980	-0.088
4127.137	-0.088
4127.292	-0.088
4127.475	-0.088
4127.632	-0.088
4127.813	-0.088
4127.970	-0.088
4128.125	-0.088
4128.308	-0.088
4128.465	-0.088
4128.646	-0.088
4128.803	-0.088
4128.958	-0.088
4129.142	-0.088
4129.298	-0.088
4129.480	-0.088
4129.637	-0.088
4129.792	-0.088
4129.975	-0.088
4130.132	-0.088
4130.313	-0.088
4130.470	-0.088
4130.625	-0.088
4130.808	-0.088
4130.965	-0.088
4131.146	-0.088
4131.303	-0.088
4131.458	-0.088
4131.642	-0.088
4131.798	-0.088
4131.980	-0.088
4132.137	-0.088
4132.292	-0.088
4132.475	-0.088
4132.632	-0.088
4132.813	-0.088
4132.970	-0.088
4133.125	-0.088
4133.308	-0.088
4133.465	-0.088
4133.646	-0.088
4133.803	-0.088
4133.958	-0.088
4134.142	-0.088
4134.298	-0.088
4134.480	-0.088
4134.637	-0.088
4134.792	-0.088
4134.975	-0.088
4135.132	-0.088
4135.313	-0.088
4135.470	-0.088
4135.625	-0.088
4135.808	-0.088
4135.965	-0.088
4136.146	-0.088
4136.303	-0.088
4136.458	-0.088
4136.642	-0.088
4136.798	-0.088
4136.980	-0.088
4137.137	-0.088
4137.292	-0.088
4137.475	-0.088
4137.632	-0.088
4137.813	-0.088
4137.970	-0.088
4138.125	-0.088
4138.308	-0.086
4138.465	-0.084
4138.620	-0.083
4138.803	-0.083
4138.958	-0.083
4139.142	-0.083
4139.298	-0.083
4139.480	-0.083
4139.637	-0.083
4139.792	-0.081
4139.975	-0.083
4140.132	-0.080
4140.287	-0.079
4140.470	-0.079
4140.625	-0.078
4140.808	-0.078
4140.965	-0.078
4141.120	-0.078
4141.303	-0.078
4141.458	-0.078
4141.642	-0.078
4141.798	-0.077
4141.953	-0.074
4142.137	-0.073
4142.292	-0.073
4142.475	-0.073
4142.632	-0.073
4142.813	-0.071
4142.970	-0.070
4143.125	-0.068
4143.308	-0.068
4143.465	-0.068
4143.620	-0.066
4143.803	-0.065
4143.958	-0.065
4144.142	-0.063
4144.298	-0.063
4144.453	-0.063
4144.637	-0.063
4144.792	-0.063
4144.975	-0.063
4145.132	-0.062
4145.313	-0.063
4145.470	-0.061
4145.625	-0.061
4145.808	-0.061
4145.965	-0.060
4146.120	-0.059
4146.303	-0.058
4146.458	-0.059
4146.642	-0.058
4146.798	-0.058
4146.953	-0.058
4147.137	-0.058
4147.292	-0.058
4147.475	-0.058
4147.632	-0.058
4147.813	-0.058
4147.970	-0.058
4148.125	-0.058
4148.308	-0.058
4148.465	-0.058
4148.646	-0.059
4148.803	-0.060
4148.958	-0.063
4149.142	-0.062
4149.298	-0.062
4149.453	-0.063
4149.637	-0.063
4149.792	-0.063
4149.975	-0.063
4150.132	-0.063
4150.287	-0.063
4150.470	-0.065
4150.625	-0.067
4150.808	-0.068
4150.965	-0.068
4151.120	-0.068
4151.303	-0.068
4151.458	-0.069
4151.642	-0.071
4151.798	-0.073
4151.953	-0.073
4152.137	-0.073
4152.292	-0.073
4152.475	-0.073
4152.632	-0.073
4152.787	-0.077
4152.970	-0.077
4153.125	-0.077
4153.308	-0.078
4153.465	-0.078
4153.620	-0.078
4153.803	-0.078
4153.958	-0.079
4154.142	-0.078
4154.298	-0.081
4154.453	-0.083
4154.637	-0.082
4154.792	-0.083
4154.975	-0.083
4155.132	-0.083
4155.313	-0.083
4155.470	-0.083
4155.625	-0.083
4155.808	-0.084
4155.965	-0.086
4156.146	-0.085
4156.303	-0.087
4156.458	-0.088
4156.642	-0.087
4156.798	-0.088
4156.953	-0.088
4157.137	-0.088
4157.292	-0.088
4157.475	-0.088
4157.632	-0.088
4157.787	-0.088
4157.970	-0.088
4158.125	-0.088
4158.308	-0.088
4158.465	-0.088
4158.620	-0.088
4158.803	-0.088
4158.958	-0.088
4159.142	-0.088
4159.298	-0.088
4159.453	-0.088
4159.637	-0.088
4159.792	-0.088
4159.975	-0.088
4160.132	-0.088
4160.287	-0.088
4160.470	-0.088
4160.625	-0.088
4160.808	-0.088
4160.965	-0.088
4161.120	-0.088
4161.303	-0.088
4161.458	-0.088
4161.642	-0.088
4161.798	-0.088
4161.953	-0.088
4162.137	-0.088
4162.292	-0.088
4162.475	-0.088
4162.632	-0.088
4162.787	-0.088
4162.970	-0.088
4163.125	-0.088
4163.308	-0.088
4163.465	-0.088
4163.620	-0.088
4163.803	-0.088
4163.958	-0.088
4164.142	-0.088
4164.298	-0.088
4164.453	-0.088
4164.637	-0.088
4164.792	-0.088
4164.975	-0.088
4165.132	-0.088
4165.287	-0.088
4165.470	-0.088
4165.625	-0.088
4165.808	-0.088
4165.965	-0.088
4166.120	-0.088
4166.303	-0.088
4166.458	-0.088
4166.642	-0.089
4166.798	-0.088
4166.980	-0.088
4167.137	-0.088
4167.292	-0.088
4167.475	-0.088
4167.632	-0.088
4167.787	-0.088
4167.970	-0.088
4168.125	-0.088
4168.308	-0.088
4168.465	-0.088
4168.620	-0.088
4168.803	-0.088
4168.958	-0.088
4169.142	-0.088
4169.298	-0.088
4169.453	-0.088
4169.637	-0.088
4169.792	-0.088
4169.975	-0.088
4170.132	-0.088
4170.313	-0.088
4170.470	-0.088
4170.625	-0.088
4170.808	-0.088
4170.965	-0.088
4171.146	-0.088
4171.303	-0.088
4171.458	-0.088
4171.642	-0.088
4171.798	-0.088
4171.980	-0.088
4172.137	-0.088
4172.292	-0.088
4172.475	-0.088
4172.632	-0.088
4172.813	-0.088
4172.970	-0.088
4173.125	-0.088
4173.308	-0.088
4173.465	-0.088
4173.646	-0.088
4173.803	-0.088
4173.958	-0.088
4174.142	-0.088
4174.298	-0.088
4174.480	-0.088
4174.637	-0.088
4174.792	-0.088
4174.975	-0.088
4175.132	-0.088
4175.287	-0.088
4175.470	-0.088
4175.625	-0.088
4175.808	-0.088
4175.965	-0.088
4176.120	-0.088
4176.303	-0.088
4176.458	-0.088
4176.642	-0.088
4176.798	-0.088
4176.953	-0.088
4177.137	-0.088
4177.292	-0.088
4177.475	-0.088
4177.632	-0.088
4177.787	-0.088
4177.970	-0.088
4178.125	-0.088
4178.308	-0.088
4178.465	-0.088
4178.620	-0.088
4178.803	-0.088
4178.958	-0.088
4179.142	-0.088
4179.298	-0.088
4179.453	-0.088
4179.637	-0.088
4179.792	-0.088
4179.975	-0.088
4180.132	-0.088
4180.287	-0.088
4180.470	-0.088
4180.625	-0.088
4180.808	-0.088
4180.965	-0.088
4181.120	-0.088
4181.303	-0.088
4181.458	-0.088
4181.642	-0.088
4181.798	-0.088
4181.953	-0.088
4182.137	-0.088
4182.292	-0.088
4182.475	-0.088
4182.632	-0.088
4182.787	-0.088
4182.970	-0.088
4183.125	-0.088
4183.308	-0.089
4183.465	-0.088
4183.620	-0.088
4183.803	-0.088
4183.958	-0.088
4184.142	-0.088
4184.298	-0.088
4184.453	-0.088
4184.637	-0.088
4184.792	-0.088
4184.975	-0.088
4185.132	-0.088
4185.287	-0.088
4185.470	-0.088
4185.625	-0.088
4185.808	-0.088
4185.965	-0.088
4186.120	-0.088
4186.303	-0.088
4186.458	-0.088
4186.642	-0.088
4186.798	-0.088
4186.953	-0.088
4187.137	-0.088
4187.292	-0.088
4187.475	-0.088
4187.632	-0.088
4187.787	-0.088
4187.970	-0.088
4188.125	-0.088
4188.308	-0.088
4188.465	-0.088
4188.620	-0.088
4188.803	-0.088
4188.958	-0.088
4189.142	-0.088
4189.298	-0.088
4189.453	-0.088
4189.637	-0.088
4189.792	-0.088
4189.975	-0.088
4190.132	-0.088
4190.287	-0.088
4190.470	-0.088
4190.625	-0.088
4190.808	-0.088
4190.965	-0.088
4191.120	-0.088
4191.303	-0.088
4191.458	-0.088
4191.642	-0.088
4191.798	-0.088
4191.953	-0.088
4192.137	-0.088
4192.292	-0.088
4192.475	-0.088
4192.632	-0.088
4192.787	-0.088
4192.970	-0.088
4193.125	-0.088
4193.308	-0.088
4193.465	-0.088
4193.620	-0.088
4193.803	-0.088
4193.958	-0.088
4194.142	-0.088
4194.298	-0.088
4194.453	-0.088
4194.637	-0.088
4194.792	-0.088
4194.975	-0.088
4195.132	-0.088
4195.287	-0.088
4195.470	-0.089
4195.625	-0.088
4195.808	-0.088
4195.965	-0.088
4196.120	-0.088
4196.303	-0.089
4196.458	-0.088
4196.642	-0.088
4196.798	-0.088
4196.953	-0.088
4197.137	-0.088
4197.292	-0.088
4197.475	-0.088
4197.632	-0.088
4197.787	-0.088
4197.970	-0.088
4198.125	-0.088
4198.308	-0.088
4198.465	-0.088
4198.620	-0.089
4198.803	-0.088
4198.958	-0.088
4199.142	-0.088
4199.298	-0.088
4199.453	-0.088
4199.637	-0.088
4199.792	-0.088
4199.975	-0.088
4200.132	-0.088
4200.287	-0.088
4200.470	-0.088
4200.625	-0.088
4200.808	-0.088
4200.965	-0.088
4201.120	-0.088
4201.303	-0.088
4201.458	-0.088
4201.642	-0.088
4201.798	-0.088
4201.953	-0.088
4202.137	-0.088
4202.292	-0.088
4202.475	-0.088
4202.632	-0.088
4202.787	-0.088
4202.970	-0.090
4203.125	-0.088
4203.308	-0.088
4203.465	-0.088
4203.620	-0.088
4203.803	-0.088
4203.958	-0.088
4204.142	-0.088
4204.298	-0.088
4204.453	-0.088
4204.637	-0.088
4204.792	-0.088
4204.975	-0.088
4205.132	-0.088
4205.287	-0.088
4205.470	-0.088
4205.625	-0.088
4205.808	-0.088
4205.965	-0.088
4206.120	-0.088
4206.303	-0.089
4206.458	-0.088
4206.642	-0.088
4206.798	-0.088
4206.953	-0.088
4207.137	-0.088
4207.292	-0.088
4207.475	-0.088
4207.632	-0.088
4207.787	-0.088
4207.970	-0.088
4208.125	-0.088
4208.308	-0.088
4208.465	-0.088
4208.620	-0.088
4208.803	-0.088
4208.958	-0.088
4209.142	-0.088
4209.298	-0.088
4209.453	-0.088
4209.637	-0.089
4209.792	-0.088
4209.975	-0.088
4210.132	-0.088
4210.287	-0.088
4210.470	-0.088
4210.625	-0.088
4210.808	-0.088
4210.965	-0.088
4211.120	-0.088
4211.303	-0.088
4211.458	-0.088
4211.642	-0.088
4211.798	-0.088
4211.953	-0.088
4212.137	-0.088
4212.292	-0.088
4212.475	-0.088
4212.632	-0.088
4212.787	-0.088
4212.970	-0.088
4213.125	-0.088
4213.308	-0.088
4213.465	-0.088
4213.620	-0.088
4213.803	-0.088
4213.958	-0.088
4214.142	-0.088
4214.298	-0.088
4214.453	-0.088
4214.637	-0.088
4214.792	-0.088
4214.975	-0.088
4215.132	-0.089
4215.287	-0.088
4215.470	-0.088
4215.625	-0.088
4215.808	-0.088
4215.965	-0.088
4216.120	-0.089
4216.303	-0.088
4216.458	-0.088
4216.642	-0.088
4216.798	-0.088
4216.953	-0.088
4217.137	-0.088
4217.292	-0.088
4217.475	-0.088
4217.632	-0.088
4217.787	-0.088
4217.970	-0.088
4218.125	-0.088
4218.308	-0.088
4218.465	-0.088
4218.620	-0.088
4218.803	-0.088
4218.958	-0.088
4219.142	-0.088
4219.298	-0.088
4219.453	-0.088
4219.637	-0.088
4219.792	-0.088
4219.975	-0.089
4220.132	-0.088
4220.287	-0.088
4220.470	-0.088
4220.625	-0.088
4220.808	-0.088
4220.965	-0.088
4221.120	-0.088
4221.303	-0.088
4221.458	-0.088
4221.642	-0.088
4221.798	-0.088
4221.953	-0.088
4222.137	-0.088
4222.292	-0.088
4222.475	-0.088
4222.632	-0.088
4222.787	-0.088
4222.970	-0.088
4223.125	-0.088
4223.308	-0.088
4223.465	-0.088
4223.620	-0.088
4223.803	-0.088
4223.958	-0.088
4224.142	-0.088
4224.298	-0.088
4224.453	-0.088
4224.637	-0.088
4224.792	-0.088
4224.975	-0.088
4225.132	-0.088
4225.287	-0.088
4225.470	-0.088
4225.625	-0.088
4225.808	-0.088
4225.965	-0.088
4226.120	-0.088
4226.303	-0.088
4226.458	-0.088
4226.642	-0.088
4226.798	-0.088
4226.953	-0.088
4227.137	-0.088
4227.292	-0.088
4227.475	-0.088
4227.632	-0.088
4227.787	-0.087
4227.970	-0.088
4228.125	-0.088
4228.308	-0.088
4228.465	-0.088
4228.620	-0.086
4228.803	-0.086
4228.958	-0.086
4229.142	-0.087
4229.298	-0.086
4229.453	-0.088
4229.637	-0.088
4229.792	-0.085
4229.975	-0.086
4230.132	-0.085
4230.287	-0.085
4230.470	-0.085
4230.625	-0.084
4230.808	-0.085
4230.965	-0.083
4231.120	-0.084
4231.303	-0.084
4231.458	-0.084
4231.642	-0.083
4231.798	-0.083
4231.953	-0.083
4232.137	-0.083
4232.292	-0.083
4232.475	-0.084
4232.632	-0.083
4232.787	-0.083
4232.970	-0.083
4233.125	-0.083
4233.308	-0.083
4233.465	-0.083
4233.620	-0.083
4233.803	-0.083
4233.958	-0.083
4234.142	-0.083
4234.298	-0.083
4234.453	-0.083
4234.637	-0.083
4234.792	-0.083
4234.975	-0.084
4235.132	-0.085
4235.287	-0.083
4235.470	-0.084
4235.625	-0.084
4235.808	-0.083
4235.965	-0.083
4236.120	-0.083
4236.303	-0.083
4236.458	-0.083
4236.642	-0.084
4236.798	-0.085
4236.953	-0.085
4237.137	-0.084
4237.292	-0.085
4237.475	-0.086
4237.632	-0.088
4237.787	-0.087
4237.970	-0.086
4238.125	-0.086
4238.308	-0.088
4238.465	-0.088
4238.620	-0.088
4238.803	-0.087
4238.958	-0.088
4239.142	-0.088
4239.298	-0.088
4239.453	-0.088
4239.637	-0.088
4239.792	-0.088
4239.975	-0.088
4240.132	-0.088
4240.287	-0.088
4240.470	-0.088
4240.625	-0.088
4240.808	-0.088
4240.965	-0.088
4241.120	-0.088
4241.303	-0.088
4241.458	-0.088
4241.642	-0.088
4241.798	-0.088
4241.953	-0.088
4242.137	-0.088
4242.292	-0.088
4242.475	-0.088
4242.632	-0.088
4242.787	-0.088
4242.970	-0.088
4243.125	-0.088
4243.308	-0.088
4243.465	-0.088
4243.620	-0.088
4243.803	-0.088
4243.958	-0.088
4244.142	-0.088
4244.298	-0.088
4244.453	-0.088
4244.637	-0.088
4244.792	-0.088
4244.975	-0.088
4245.132	-0.088
4245.287	-0.088
4245.470	-0.088
4245.625	-0.088
4245.808	-0.088
4245.965	-0.088
4246.120	-0.088
4246.303	-0.088
4246.458	-0.088
4246.642	-0.088
4246.798	-0.088
4246.953	-0.088
4247.137	-0.088
4247.292	-0.088
4247.475	-0.088
4247.632	-0.088
4247.787	-0.088
4247.970	-0.088
4248.125	-0.088
4248.308	-0.088
4248.465	-0.088
4248.620	-0.088
4248.803	-0.088
4248.958	-0.088
4249.142	-0.088
4249.298	-0.088
4249.453	-0.088
4249.637	-0.088
4249.792	-0.088
4249.975	-0.088
4250.132	-0.088
4250.287	-0.088
4250.470	-0.088
4250.625	-0.088
4250.808	-0.088
4250.965	-0.088
4251.120	-0.088
4251.303	-0.088
4251.458	-0.088
4251.642	-0.088
4251.798	-0.088
4251.953	-0.088
4252.137	-0.088
4252.292	-0.088
4252.475	-0.088
4252.632	-0.088
4252.787	-0.088
4252.970	-0.088
4253.125	-0.088
4253.308	-0.088
4253.465	-0.088
4253.620	-0.088
4253.803	-0.088
4253.958	-0.088
4254.142	-0.088
4254.298	-0.088
4254.453	-0.088
4254.637	-0.088
4254.792	-0.088
4254.948	-0.088
4255.132	-0.088
4255.287	-0.088
4255.470	-0.088
4255.625	-0.088
4255.808	-0.088
4255.965	-0.088
4256.120	-0.088
4256.303	-0.088
4256.458	-0.088
4256.615	-0.088
4256.798	-0.088
4256.953	-0.088
4257.137	-0.088
4257.292	-0.088
4257.475	-0.088
4257.632	-0.088
4257.787	-0.088
4257.970	-0.088
4258.125	-0.088
4258.308	-0.088
4258.465	-0.088
4258.620	-0.088
4258.803	-0.088
4258.958	-0.088
4259.142	-0.088
4259.298	-0.088
4259.453	-0.088
4259.637	-0.088
4259.792	-0.088
4259.948	-0.088
4260.132	-0.088
4260.287	-0.088
4260.470	-0.088
4260.625	-0.088
4260.808	-0.088
4260.965	-0.088
4261.120	-0.088
4261.303	-0.088
4261.458	-0.088
4261.615	-0.088
4261.798	-0.088
4261.953	-0.088
4262.137	-0.088
4262.292	-0.088
4262.475	-0.088
4262.632	-0.088
4262.787	-0.088
4262.970	-0.088
4263.125	-0.088
4263.282	-0.088
4263.465	-0.088
4263.620	-0.088
4263.803	-0.088
4263.958	-0.088
4264.142	-0.088
4264.298	-0.088
4264.453	-0.088
4264.637	-0.089
4264.792	-0.088
4264.975	-0.088
4265.132	-0.088
4265.287	-0.088
4265.470	-0.088
4265.625	-0.088
4265.782	-0.088
4265.965	-0.088
4266.120	-0.088
4266.303	-0.088
4266.458	-0.088
4266.615	-0.088
4266.798	-0.088
4266.953	-0.088
4267.137	-0.088
4267.292	-0.088
4267.475	-0.088
4267.632	-0.088
4267.787	-0.088
4267.970	-0.088
4268.125	-0.089
4268.282	-0.088
4268.465	-0.088
4268.620	-0.088
4268.803	-0.088
4268.958	-0.088
4269.142	-0.088
4269.298	-0.088
4269.453	-0.088
4269.637	-0.088
4269.792	-0.088
4269.975	-0.088
4270.132	-0.088
4270.287	-0.088
4270.470	-0.088
4270.625	-0.088
4270.808	-0.088
4270.965	-0.088
4271.120	-0.088
4271.303	-0.088
4271.458	-0.088
4271.615	-0.088
4271.798	-0.088
4271.953	-0.088
4272.137	-0.088
4272.292	-0.088
4272.475	-0.089
4272.632	-0.088
4272.787	-0.088
4272.970	-0.089
4273.125	-0.088
4273.308	-0.088
4273.465	-0.088
4273.620	-0.088
4273.803	-0.088
4273.958	-0.088
4274.142	-0.088
4274.298	-0.088
4274.453	-0.088
4274.637	-0.088
4274.792	-0.088
4274.948	-0.088
4275.132	-0.088
4275.287	-0.088
4275.470	-0.088
4275.625	-0.088
4275.808	-0.088
4275.965	-0.088
4276.120	-0.088
4276.303	-0.088
4276.458	-0.088
4276.615	-0.088
4276.798	-0.088
4276.953	-0.088
4277.137	-0.088
4277.292	-0.088
4277.475	-0.088
4277.632	-0.088
4277.787	-0.088
4277.970	-0.088
4278.125	-0.088
4278.282	-0.088
4278.465	-0.088
4278.620	-0.088
4278.803	-0.088
4278.958	-0.088
4279.142	-0.088
4279.298	-0.088
4279.453	-0.088
4279.637	-0.088
4279.792	-0.088
4279.948	-0.088
4280.132	-0.088
4280.287	-0.088
4280.470	-0.088
4280.625	-0.088
4280.782	-0.088
4280.965	-0.088
4281.120	-0.088
4281.303	-0.088
4281.458	-0.088
4281.615	-0.088
4281.798	-0.088
4281.953	-0.088
4282.137	-0.088
4282.292	-0.088
4282.448	-0.088
4282.632	-0.088
4282.787	-0.088
4282.970	-0.089
4283.125	-0.088
4283.308	-0.088
4283.465	-0.088
4283.620	-0.088
4283.803	-0.088
4283.958	-0.088
4284.115	-0.088
4284.298	-0.088
4284.453	-0.088
4284.637	-0.088
4284.792	-0.088
4284.975	-0.088
4285.132	-0.088
4285.287	-0.088
4285.470	-0.088
4285.625	-0.088
4285.782	-0.088
4285.965	-0.088
4286.120	-0.088
4286.303	-0.088
4286.458	-0.088
4286.642	-0.088
4286.798	-0.088
4286.953	-0.088
4287.137	-0.088
4287.292	-0.088
4287.448	-0.088
4287.632	-0.088
4287.787	-0.088
4287.970	-0.088
4288.125	-0.088
4288.308	-0.088
4288.465	-0.088
4288.620	-0.088
4288.803	-0.088
4288.958	-0.088
4289.115	-0.088
4289.298	-0.088
4289.453	-0.088
4289.637	-0.088
4289.792	-0.088
4289.948	-0.088
4290.132	-0.088
4290.287	-0.088
4290.470	-0.088
4290.625	-0.088
4290.782	-0.088
4290.965	-0.088
4291.120	-0.088
4291.303	-0.088
4291.458	-0.088
4291.615	-0.088
4291.798	-0.088
4291.953	-0.088
4292.137	-0.088
4292.292	-0.088
4292.448	-0.088
4292.632	-0.088
4292.787	-0.088
4292.970	-0.088
4293.125	-0.088
4293.282	-0.088
4293.465	-0.088
4293.620	-0.088
4293.803	-0.088
4293.958	-0.088
4294.115	-0.088
4294.298	-0.088
4294.453	-0.088
4294.637	-0.088
4294.792	-0.089
4294.948	-0.088
4295.132	-0.088
4295.287	-0.088
4295.470	-0.088
4295.625	-0.088
4295.782	-0.088
4295.965	-0.088
4296.120	-0.088
4296.303	-0.088
4296.458	-0.088
4296.615	-0.088
4296.798	-0.088
4296.953	-0.088
4297.137	-0.088
4297.292	-0.088
4297.448	-0.088
4297.632	-0.089
4297.787	-0.088
4297.970	-0.088
4298.125	-0.088
4298.282	-0.088
4298.465	-0.088
4298.620	-0.088
4298.803	-0.088
4298.958	-0.088
4299.115	-0.088
4299.298	-0.088
4299.453	-0.088
4299.637	-0.088
4299.792	-0.088
4299.948	-0.088
4300.132	-0.088
4300.287	-0.088
4300.470	-0.089
4300.625	-0.088
4300.782	-0.088
4300.965	-0.088
4301.120	-0.088
4301.303	-0.088
4301.458	-0.088
4301.615	-0.088
4301.798	-0.088
4301.953	-0.088
4302.137	-0.088
4302.292	-0.088
4302.448	-0.088
4302.632	-0.088
4302.787	-0.088
4302.970	-0.088
4303.125	-0.088
4303.282	-0.088
4303.465	-0.088
4303.620	-0.088
4303.803	-0.088
4303.958	-0.088
4304.115	-0.089
4304.298	-0.088
4304.453	-0.088
4304.637	-0.088
4304.792	-0.088
4304.948	-0.088
4305.132	-0.088
4305.287	-0.088
4305.470	-0.088
4305.625	-0.088
4305.782	-0.088
4305.965	-0.088
4306.120	-0.088
4306.303	-0.088
4306.458	-0.088
4306.615	-0.088
4306.798	-0.088
4306.953	-0.088
4307.137	-0.088
4307.292	-0.088
4307.448	-0.088
4307.632	-0.088
4307.787	-0.088
4307.970	-0.088
4308.125	-0.088
4308.282	-0.088
4308.465	-0.088
4308.620	-0.088
4308.803	-0.088
4308.958	-0.088
4309.115	-0.088
4309.298	-0.088
4309.453	-0.088
4309.637	-0.088
4309.792	-0.088
4309.948	-0.088
4310.132	-0.088
4310.287	-0.088
4310.470	-0.088
4310.625	-0.088
4310.782	-0.088
4310.965	-0.088
4311.120	-0.088
4311.303	-0.088
4311.458	-0.088
4311.615	-0.088
4311.798	-0.088
4311.953	-0.088
4312.137	-0.088
4312.292	-0.088
4312.448	-0.088
4312.632	-0.088
4312.787	-0.088
4312.970	-0.088
4313.125	-0.088
4313.282	-0.088
4313.465	-0.088
4313.620	-0.088
4313.803	-0.088
4313.958	-0.088
4314.115	-0.088
4314.298	-0.088
4314.453	-0.088
4314.637	-0.088
4314.792	-0.088
4314.948	-0.088
4315.132	-0.088
4315.287	-0.088
4315.470	-0.088
4315.625	-0.088
4315.782	-0.088
4315.965	-0.088
4316.120	-0.088
4316.303	-0.088
4316.458	-0.088
4316.615	-0.088
4316.798	-0.088
4316.953	-0.088
4317.137	-0.088
4317.292	-0.088
4317.448	-0.088
4317.632	-0.088
4317.787	-0.088
4317.970	-0.088
4318.125	-0.088
4318.282	-0.088
4318.465	-0.088
4318.620	-0.088
4318.803	-0.088
4318.958	-0.088
4319.115	-0.088
4319.298	-0.088
4319.453	-0.088
4319.637	-0.088
4319.792	-0.089
4319.948	-0.088
4320.132	-0.088
4320.287	-0.088
4320.470	-0.088
4320.625	-0.088
4320.782	-0.088
4320.965	-0.088
4321.120	-0.088
4321.303	-0.088
4321.458	-0.088
4321.615	-0.088
4321.798	-0.088
4321.953	-0.088
4322.137	-0.088
4322.292	-0.088
4322.448	-0.088
4322.632	-0.088
4322.787	-0.088
4322.970	-0.089
4323.125	-0.088
4323.282	-0.088
4323.465	-0.088
4323.620	-0.089
4323.803	-0.088
4323.958	-0.088
4324.115	-0.088
4324.298	-0.088
4324.453	-0.088
4324.637	-0.088
4324.792	-0.088
4324.948	-0.088
4325.132	-0.089
4325.287	-0.088
4325.470	-0.088
4325.625	-0.088
4325.782	-0.088
4325.965	-0.088
4326.120	-0.088
4326.303	-0.088
4326.458	-0.088
4326.615	-0.088
4326.798	-0.088
4326.953	-0.088
4327.137	-0.088
4327.292	-0.088
4327.448	-0.088
4327.632	-0.088
4327.787	-0.088
4327.970	-0.088
4328.125	-0.088
4328.282	-0.088
4328.465	-0.088
4328.620	-0.088
4328.803	-0.088
4328.958	-0.088
4329.115	-0.088
4329.298	-0.088
4329.453	-0.088
4329.637	-0.088
4329.792	-0.089
4329.948	-0.088
4330.132	-0.088
4330.287	-0.088
4330.470	-0.088
4330.625	-0.088
4330.782	-0.088
4330.965	-0.088
4331.120	-0.088
4331.303	-0.088
4331.458	-0.088
4331.615	-0.088
4331.798	-0.088
4331.953	-0.089
4332.137	-0.088
4332.292	-0.088
4332.448	-0.088
4332.632	-0.088
4332.787	-0.088
4332.970	-0.088
4333.125	-0.088
4333.282	-0.088
4333.465	-0.088
4333.620	-0.088
4333.803	-0.088
4333.958	-0.088
4334.115	-0.088
4334.298	-0.088
4334.453	-0.088
4334.637	-0.088
4334.792	-0.088
4334.948	-0.088
4335.132	-0.088
4335.287	-0.088
4335.470	-0.088
4335.625	-0.088
4335.782	-0.088
4335.965	-0.088
4336.120	-0.088
4336.303	-0.088
4336.458	-0.088
4336.615	-0.088
4336.798	-0.088
4336.953	-0.088
4337.137	-0.088
4337.292	-0.088
4337.448	-0.088
4337.632	-0.088
4337.787	-0.088
4337.970	-0.088
4338.125	-0.088
4338.282	-0.088
4338.465	-0.088
4338.620	-0.088
4338.803	-0.088
4338.958	-0.088
4339.115	-0.088
4339.298	-0.088
4339.453	-0.088
4339.637	-0.088
4339.792	-0.088
4339.948	-0.089
4340.132	-0.088
4340.287	-0.088
4340.470	-0.088
4340.625	-0.088
4340.782	-0.088
4340.965	-0.088
4341.120	-0.088
4341.303	-0.088
4341.458	-0.088
4341.615	-0.088
4341.798	-0.088
4341.953	-0.088
4342.137	-0.088
4342.292	-0.088
4342.448	-0.088
4342.632	-0.088
4342.787	-0.088
4342.970	-0.089
4343.125	-0.088
4343.282	-0.088
4343.465	-0.088
4343.620	-0.088
4343.803	-0.088
4343.958	-0.088
4344.115	-0.089
4344.298	-0.088
4344.453	-0.088
4344.637	-0.088
4344.792	-0.089
4344.948	-0.089
4345.132	-0.088
4345.287	-0.088
4345.443	-0.088
4345.625	-0.088
4345.782	-0.088
4345.965	-0.088
4346.120	-0.088
4346.303	-0.088
4346.458	-0.088
4346.615	-0.088
4346.798	-0.088
4346.953	-0.088
4347.137	-0.088
4347.292	-0.088
4347.448	-0.088
4347.632	-0.088
4347.787	-0.088
4347.970	-0.088
4348.125	-0.088
4348.282	-0.088
4348.465	-0.088
4348.620	-0.088
4348.803	-0.088
4348.958	-0.088
4349.115	-0.088
4349.298	-0.088
4349.453	-0.088
4349.637	-0.088
4349.792	-0.088
4349.948	-0.088
4350.132	-0.088
4350.287	-0.088
4350.470	-0.088
4350.625	-0.088
4350.782	-0.088
4350.965	-0.088
4351.120	-0.088
4351.303	-0.088
4351.458	-0.088
4351.615	-0.088
4351.798	-0.088
4351.953	-0.088
4352.137	-0.088
4352.292	-0.088
4352.448	-0.088
4352.632	-0.088
4352.787	-0.088
4352.970	-0.088
4353.125	-0.088
4353.282	-0.088
4353.465	-0.088
4353.620	-0.088
4353.803	-0.088
4353.958	-0.088
4354.115	-0.088
4354.298	-0.088
4354.453	-0.088
4354.637	-0.088
4354.792	-0.088
4354.948	-0.088
4355.132	-0.088
4355.287	-0.088
4355.470	-0.088
4355.625	-0.088
4355.782	-0.088
4355.965	-0.088
4356.120	-0.088
4356.303	-0.088
4356.458	-0.088
4356.615	-0.088
4356.798	-0.088
4356.953	-0.088
4357.137	-0.088
4357.292	-0.088
4357.448	-0.088
4357.632	-0.088
4357.787	-0.088
4357.970	-0.089
4358.125	-0.088
4358.282	-0.088
4358.465	-0.088
4358.620	-0.088
4358.803	-0.088
4358.958	-0.088
4359.115	-0.088
4359.298	-0.089
4359.453	-0.088
4359.637	-0.088
4359.792	-0.088
4359.948	-0.088
4360.132	-0.088
4360.287	-0.088
4360.470	-0.088
4360.625	-0.088
4360.782	-0.088
4360.965	-0.088
4361.120	-0.088
4361.303	-0.088
4361.458	-0.088
4361.615	-0.088
4361.798	-0.088
4361.953	-0.088
4362.137	-0.088
4362.292	-0.088
4362.448	-0.088
4362.632	-0.088
4362.787	-0.088
4362.970	-0.088
4363.125	-0.088
4363.282	-0.088
4363.465	-0.088
4363.620	-0.088
4363.803	-0.088
4363.958	-0.088
4364.115	-0.088
4364.298	-0.088
4364.453	-0.088
4364.637	-0.088
4364.792	-0.088
4364.948	-0.088
4365.132	-0.088
4365.287	-0.088
4365.470	-0.088
4365.625	-0.088
4365.782	-0.088
4365.965	-0.088
4366.120	-0.088
4366.303	-0.088
4366.458	-0.088
4366.615	-0.088
4366.798	-0.088
4366.953	-0.088
4367.137	-0.088
4367.292	-0.088
4367.448	-0.088
4367.632	-0.088
4367.787	-0.088
4367.970	-0.089
4368.125	-0.088
4368.282	-0.088
4368.465	-0.088
4368.620	-0.088
4368.803	-0.088
4368.958	-0.088
4369.115	-0.088
4369.298	-0.088
4369.453	-0.088
4369.637	-0.088
4369.792	-0.088
4369.948	-0.088
4370.132	-0.088
4370.287	-0.089
4370.443	-0.088
4370.625	-0.088
4370.782	-0.088
4370.965	-0.088
4371.120	-0.088
4371.303	-0.088
4371.458	-0.088
4371.615	-0.088
4371.798	-0.088
4371.953	-0.088
4372.110	-0.088
4372.292	-0.088
4372.448	-0.088
4372.632	-0.088
4372.787	-0.088
4372.943	-0.088
4373.125	-0.088
4373.282	-0.088
4373.465	-0.088
4373.620	-0.088
4373.803	-0.088
4373.958	-0.088
4374.115	-0.088
4374.298	-0.088
4374.453	-0.088
4374.610	-0.089
4374.792	-0.088
4374.948	-0.088
4375.132	-0.088
4375.287	-0.088
4375.470	-0.088
4375.625	-0.088
4375.782	-0.088
4375.965	-0.088
4376.120	-0.088
4376.277	-0.088
4376.458	-0.088
4376.615	-0.088
4376.798	-0.088
4376.953	-0.088
4377.137	-0.088
4377.292	-0.088
4377.448	-0.088
4377.632	-0.088
4377.787	-0.088
4377.943	-0.088
4378.125	-0.088
4378.282	-0.088
4378.465	-0.088
4378.620	-0.088
4378.803	-0.088
4378.958	-0.088
4379.115	-0.088
4379.298	-0.088
4379.453	-0.088
4379.610	-0.088
4379.792	-0.088
4379.948	-0.088
4380.132	-0.088
4380.287	-0.088
4380.470	-0.088
4380.625	-0.088
4380.782	-0.088
4380.965	-0.088
4381.120	-0.088
4381.277	-0.088
4381.458	-0.088
4381.615	-0.088
4381.798	-0.088
4381.953	-0.088
4382.110	-0.088
4382.292	-0.088
4382.448	-0.088
4382.632	-0.088
4382.787	-0.088
4382.970	-0.088
4383.125	-0.088
4383.282	-0.088
4383.465	-0.088
4383.620	-0.088
4383.777	-0.088
4383.958	-0.088
4384.115	-0.088
4384.298	-0.088
4384.453	-0.088
4384.637	-0.088
4384.792	-0.088
4384.948	-0.088
4385.132	-0.088
4385.287	-0.088
4385.443	-0.088
4385.625	-0.088
4385.782	-0.088
4385.965	-0.088
4386.120	-0.088
4386.303	-0.088
4386.458	-0.088
4386.615	-0.088
4386.798	-0.088
4386.953	-0.088
4387.110	-0.088
4387.292	-0.088
4387.448	-0.088
4387.632	-0.088
4387.787	-0.088
4387.970	-0.088
4388.125	-0.088
4388.282	-0.088
4388.465	-0.088
4388.620	-0.088
4388.777	-0.088
4388.958	-0.088
4389.115	-0.088
4389.298	-0.088
4389.453	-0.088
4389.637	-0.088
4389.792	-0.088
4389.948	-0.088
4390.132	-0.088
4390.287	-0.088
4390.443	-0.088
4390.625	-0.088
4390.782	-0.088
4390.965	-0.088
4391.120	-0.088
4391.277	-0.088
4391.458	-0.088
4391.615	-0.088
4391.798	-0.088
4391.953	-0.088
4392.137	-0.088
4392.292	-0.088
4392.448	-0.088
4392.632	-0.088
4392.787	-0.088
4392.943	-0.088
4393.125	-0.088
4393.282	-0.088
4393.465	-0.088
4393.620	-0.088
4393.803	-0.088
4393.958	-0.088
4394.115	-0.088
4394.298	-0.088
4394.453	-0.088
4394.610	-0.088
4394.792	-0.088
4394.948	-0.088
4395.132	-0.088
4395.287	-0.088
4395.470	-0.088
4395.625	-0.088
4395.782	-0.088
4395.965	-0.088
4396.120	-0.088
4396.277	-0.088
4396.458	-0.088
4396.615	-0.088
4396.798	-0.088
4396.953	-0.088
4397.137	-0.088
4397.292	-0.088
4397.448	-0.088
4397.632	-0.088
4397.787	-0.088
4397.943	-0.088
4398.125	-0.088
4398.282	-0.088
4398.465	-0.088
4398.620	-0.088
4398.803	-0.088
4398.958	-0.088
4399.115	-0.088
4399.298	-0.088
4399.453	-0.088
4399.610	-0.088
4399.792	-0.088
4399.948	-0.088
4400.132	-0.088
4400.287	-0.088
4400.470	-0.089
4400.625	-0.088
4400.782	-0.088
4400.965	-0.088
4401.120	-0.088
4401.303	-0.088
4401.458	-0.088
4401.615	-0.088
4401.798	-0.088
4401.953	-0.088
4402.110	-0.088
4402.292	-0.088
4402.448	-0.088
4402.632	-0.088
4402.787	-0.088
4402.970	-0.088
4403.125	-0.088
4403.282	-0.089
4403.465	-0.088
4403.620	-0.088
4403.777	-0.088
4403.958	-0.088
4404.115	-0.088
4404.298	-0.088
4404.453	-0.088
4404.637	-0.088
4404.792	-0.088
4404.948	-0.088
4405.132	-0.088
4405.287	-0.088
4405.443	-0.088
4405.625	-0.088
4405.782	-0.088
4405.965	-0.088
4406.120	-0.088
4406.277	-0.088
4406.458	-0.088
4406.615	-0.088
4406.798	-0.088
4406.953	-0.088
4407.110	-0.088
4407.292	-0.088
4407.448	-0.088
4407.632	-0.089
4407.787	-0.088
4407.943	-0.088
4408.125	-0.088
4408.282	-0.088
4408.465	-0.088
4408.620	-0.089
4408.777	-0.088
4408.958	-0.088
4409.115	-0.088
4409.298	-0.088
4409.453	-0.088
4409.610	-0.088
4409.792	-0.088
4409.948	-0.088
4410.132	-0.088
4410.287	-0.088
4410.443	-0.088
4410.625	-0.088
4410.782	-0.088
4410.965	-0.088
4411.120	-0.088
4411.277	-0.088
4411.458	-0.088
4411.615	-0.088
4411.798	-0.088
4411.953	-0.088
4412.110	-0.088
4412.292	-0.088
4412.448	-0.088
4412.632	-0.088
4412.787	-0.088
4412.943	-0.088
4413.125	-0.088
4413.282	-0.088
4413.465	-0.088
4413.620	-0.088
4413.777	-0.088
4413.958	-0.088
4414.115	-0.088
4414.298	-0.088
4414.453	-0.088
4414.610	-0.088
4414.792	-0.088
4414.948	-0.089
4415.132	-0.088
4415.287	-0.089
4415.443	-0.088
4415.625	-0.088
4415.782	-0.088
4415.965	-0.088
4416.120	-0.088
4416.277	-0.088
4416.458	-0.088
4416.615	-0.088
4416.798	-0.088
4416.953	-0.089
4417.110	-0.088
4417.292	-0.088
4417.448	-0.088
4417.632	-0.088
4417.787	-0.088
4417.943	-0.088
4418.125	-0.088
4418.282	-0.088
4418.465	-0.088
4418.620	-0.088
4418.777	-0.088
4418.958	-0.089
4419.115	-0.088
4419.298	-0.088
4419.453	-0.088
4419.610	-0.088
4419.792	-0.088
4419.948	-0.088
4420.132	-0.088
4420.287	-0.088
4420.443	-0.088
4420.625	-0.089
4420.782	-0.088
4420.965	-0.088
4421.120	-0.088
4421.277	-0.088
4421.458	-0.088
4421.615	-0.088
4421.798	-0.089
4421.953	-0.088
4422.110	-0.088
4422.292	-0.088
4422.448	-0.088
4422.632	-0.088
4422.787	-0.088
4422.943	-0.088
4423.125	-0.088
4423.282	-0.088
4423.465	-0.088
4423.620	-0.088
4423.777	-0.088
4423.958	-0.088
4424.115	-0.088
4424.298	-0.088
4424.453	-0.088
4424.610	-0.088
4424.792	-0.088
4424.948	-0.088
4425.132	-0.088
4425.287	-0.088
4425.443	-0.089
4425.625	-0.088
4425.782	-0.088
4425.965	-0.088
4426.120	-0.088
4426.277	-0.088
4426.458	-0.088
4426.615	-0.088
4426.798	-0.088
4426.953	-0.088
4427.110	-0.088
4427.292	-0.088
4427.448	-0.088
4427.632	-0.089
4427.787	-0.088
4427.943	-0.088
4428.125	-0.088
4428.282	-0.089
4428.465	-0.088
4428.620	-0.088
4428.777	-0.088
4428.958	-0.088
4429.115	-0.088
4429.298	-0.088
4429.453	-0.088
4429.610	-0.089
4429.792	-0.088
4429.948	-0.088
4430.132	-0.088
4430.287	-0.088
4430.443	-0.088
4430.625	-0.088
4430.782	-0.088
4430.965	-0.088
4431.120	-0.088
4431.277	-0.088
4431.458	-0.088
4431.615	-0.088
4431.798	-0.088
4431.953	-0.088
4432.110	-0.088
4432.292	-0.088
4432.448	-0.088
4432.632	-0.088
4432.787	-0.088
4432.943	-0.088
4433.125	-0.088
4433.282	-0.088
4433.465	-0.088
4433.620	-0.088
4433.777	-0.088
4433.958	-0.088
4434.115	-0.088
4434.298	-0.088
4434.453	-0.088
4434.610	-0.088
4434.792	-0.088
4434.948	-0.088
4435.132	-0.088
4435.287	-0.088
4435.443	-0.088
4435.625	-0.088
4435.782	-0.088
4435.965	-0.088
4436.120	-0.088
4436.277	-0.088
4436.458	-0.089
4436.615	-0.088
4436.798	-0.088
4436.953	-0.088
4437.110	-0.088
4437.292	-0.088
4437.448	-0.088
4437.632	-0.088
4437.787	-0.088
4437.943	-0.088
4438.125	-0.088
4438.282	-0.088
4438.465	-0.088
4438.620	-0.088
4438.777	-0.088
4438.958	-0.088
4439.115	-0.088
4439.298	-0.088
4439.453	-0.088
4439.610	-0.088
4439.792	-0.088
4439.948	-0.088
4440.132	-0.088
4440.287	-0.088
4440.443	-0.088
4440.625	-0.088
4440.782	-0.088
4440.965	-0.088
4441.120	-0.088
4441.277	-0.088
4441.458	-0.088
4441.615	-0.088
4441.798	-0.088
4441.953	-0.088
4442.110	-0.088
4442.292	-0.088
4442.448	-0.088
4442.632	-0.088
4442.787	-0.088
4442.943	-0.088
4443.125	-0.088
4443.282	-0.088
4443.465	-0.089
4443.620	-0.088
4443.777	-0.088
4443.958	-0.088
4444.115	-0.088
4444.298	-0.088
4444.453	-0.088
4444.610	-0.088
4444.792	-0.088
4444.948	-0.088
4445.132	-0.088
4445.287	-0.088
4445.443	-0.088
4445.625	-0.088
4445.782	-0.088
4445.965	-0.088
4446.120	-0.089
4446.277	-0.088
4446.458	-0.088
4446.615	-0.088
4446.798	-0.088
4446.953	-0.088
4447.110	-0.088
4447.292	-0.088
4447.448	-0.088
4447.632	-0.088
4447.787	-0.088
4447.943	-0.089
4448.125	-0.088
4448.282	-0.088
4448.465	-0.088
4448.620	-0.088
4448.777	-0.088
4448.958	-0.088
4449.115	-0.088
4449.298	-0.088
4449.453	-0.088
4449.610	-0.088
4449.792	-0.088
4449.948	-0.088
4450.105	-0.088
4450.287	-0.088
4450.443	-0.088
4450.625	-0.088
4450.782	-0.088
4450.965	-0.088
4451.120	-0.088
4451.277	-0.088
4451.458	-0.088
4451.615	-0.088
4451.771	-0.088
4451.953	-0.088
4452.110	-0.088
4452.292	-0.088
4452.448	-0.088
4452.632	-0.088
4452.787	-0.088
4452.943	-0.088
4453.125	-0.089
4453.282	-0.088
4453.438	-0.088
4453.620	-0.088
4453.777	-0.088
4453.958	-0.088
4454.115	-0.088
4454.298	-0.088
4454.453	-0.088
4454.610	-0.088
4454.792	-0.088
4454.948	-0.088
4455.105	-0.088
4455.287	-0.088
4455.443	-0.088
4455.625	-0.088
4455.782	-0.088
4455.965	-0.088
4456.120	-0.088
4456.277	-0.088
4456.458	-0.088
4456.615	-0.088
4456.771	-0.088
4456.953	-0.088
4457.110	-0.088
4457.292	-0.088
4457.448	-0.088
4457.632	-0.088
4457.787	-0.088
4457.943	-0.088
4458.125	-0.088
4458.282	-0.088
4458.438	-0.088
4458.620	-0.088
4458.777	-0.088
4458.958	-0.088
4459.115	-0.088
4459.298	-0.088
4459.453	-0.088
4459.610	-0.088
4459.792	-0.088
4459.948	-0.088
4460.105	-0.088
4460.287	-0.088
4460.443	-0.088
4460.625	-0.088
4460.782	-0.088
4460.965	-0.088
4461.120	-0.088
4461.277	-0.088
4461.458	-0.088
4461.615	-0.088
4461.771	-0.088
4461.953	-0.088
4462.110	-0.088
4462.292	-0.088
4462.448	-0.088
4462.632	-0.088
4462.787	-0.088
4462.943	-0.088
4463.125	-0.088
4463.282	-0.088
4463.438	-0.088
4463.620	-0.088
4463.777	-0.088
4463.958	-0.088
4464.115	-0.088
4464.298	-0.088
4464.453	-0.088
4464.610	-0.088
4464.792	-0.088
4464.948	-0.088
4465.105	-0.088
4465.287	-0.088
4465.443	-0.088
4465.625	-0.088
4465.782	-0.088
4465.965	-0.088
4466.120	-0.088
4466.277	-0.089
4466.458	-0.088
4466.615	-0.089
4466.771	-0.088
4466.953	-0.088
4467.110	-0.088
4467.292	-0.088
4467.448	-0.088
4467.632	-0.088
4467.787	-0.088
4467.943	-0.088
4468.125	-0.088
4468.282	-0.088
4468.438	-0.088
4468.620	-0.088
4468.777	-0.088
4468.958	-0.088
4469.115	-0.088
4469.298	-0.088
4469.453	-0.088
4469.610	-0.088
4469.792	-0.088
4469.948	-0.088
4470.105	-0.088
4470.287	-0.088
4470.443	-0.088
4470.625	-0.088
4470.782	-0.088
4470.965	-0.088
4471.120	-0.088
4471.277	-0.088
4471.458	-0.088
4471.615	-0.088
4471.771	-0.088
4471.953	-0.088
4472.110	-0.088
4472.292	-0.088
4472.448	-0.088
4472.632	-0.088
4472.787	-0.088
4472.943	-0.088
4473.125	-0.087
4473.282	-0.088
4473.438	-0.085
4473.620	-0.088
4473.777	-0.086
4473.958	-0.085
4474.115	-0.085
4474.298	-0.085
4474.453	-0.085
4474.610	-0.085
4474.792	-0.084
4474.948	-0.084
4475.105	-0.083
4475.287	-0.085
4475.443	-0.083
4475.625	-0.084
4475.782	-0.083
4475.965	-0.083
4476.120	-0.083
4476.277	-0.083
4476.458	-0.083
4476.615	-0.083
4476.771	-0.083
4476.953	-0.083
4477.110	-0.083
4477.292	-0.083
4477.448	-0.083
4477.632	-0.083
4477.787	-0.083
4477.943	-0.083
4478.125	-0.083
4478.282	-0.083
4478.438	-0.083
4478.620	-0.083
4478.777	-0.083
4478.958	-0.083
4479.115	-0.083
4479.298	-0.083
4479.453	-0.083
4479.610	-0.083
4479.792	-0.083
4479.948	-0.083
4480.105	-0.083
4480.287	-0.083
4480.443	-0.083
4480.625	-0.083
4480.782	-0.083
4480.965	-0.083
4481.120	-0.083
4481.277	-0.083
4481.458	-0.083
4481.615	-0.083
4481.771	-0.083
4481.953	-0.083
4482.110	-0.083
4482.292	-0.083
4482.448	-0.083
4482.632	-0.083
4482.787	-0.083
4482.943	-0.083
4483.125	-0.083
4483.282	-0.083
4483.438	-0.083
4483.620	-0.083
4483.777	-0.085
4483.958	-0.084
4484.115	-0.083
4484.271	-0.087
4484.453	-0.086
4484.610	-0.084
4484.792	-0.086
4484.948	-0.086
4485.105	-0.086
4485.287	-0.087
4485.443	-0.087
4485.625	-0.088
4485.782	-0.088
4485.938	-0.087
4486.120	-0.088
4486.277	-0.088
4486.458	-0.088
4486.615	-0.088
4486.771	-0.088
4486.953	-0.088
4487.110	-0.088
4487.292	-0.088
4487.448	-0.088
4487.605	-0.088
4487.787	-0.088
4487.943	-0.088
4488.125	-0.088
4488.282	-0.088
4488.438	-0.088
4488.620	-0.088
4488.777	-0.088
4488.958	-0.088
4489.115	-0.088
4489.271	-0.088
4489.453	-0.088
4489.610	-0.088
4489.792	-0.088
4489.948	-0.088
4490.105	-0.088
4490.287	-0.088
4490.443	-0.088
4490.625	-0.088
4490.782	-0.088
4490.938	-0.088
4491.120	-0.088
4491.277	-0.088
4491.458	-0.088
4491.615	-0.088
4491.771	-0.088
4491.953	-0.088
4492.110	-0.088
4492.292	-0.088
4492.448	-0.088
4492.605	-0.088
4492.787	-0.088
4492.943	-0.088
4493.125	-0.088
4493.282	-0.088
4493.438	-0.088
4493.620	-0.088
4493.777	-0.088
4493.958	-0.088
4494.115	-0.088
4494.271	-0.088
4494.453	-0.088
4494.610	-0.088
4494.792	-0.088
4494.948	-0.088
4495.105	-0.088
4495.287	-0.088
4495.443	-0.088
4495.625	-0.088
4495.782	-0.088
4495.938	-0.088
4496.120	-0.088
4496.277	-0.088
4496.458	-0.088
4496.615	-0.088
4496.771	-0.088
4496.953	-0.088
4497.110	-0.088
4497.292	-0.088
4497.448	-0.088
4497.605	-0.088
4497.787	-0.088
4497.943	-0.088
4498.125	-0.088
4498.282	-0.088
4498.438	-0.088
4498.620	-0.088
4498.777	-0.088
4498.958	-0.088
4499.115	-0.088
4499.271	-0.088
4499.453	-0.088
4499.610	-0.088
4499.792	-0.088
4499.948	-0.088
4500.105	-0.088
4500.287	-0.088
4500.443	-0.088
4500.625	-0.088
4500.782	-0.088
4500.938	-0.088
4501.120	-0.088
4501.277	-0.088
4501.458	-0.088
4501.615	-0.088
4501.771	-0.088
4501.953	-0.088
4502.110	-0.088
4502.292	-0.088
4502.448	-0.088
4502.605	-0.088
4502.787	-0.088
4502.943	-0.088
4503.125	-0.088
4503.282	-0.088
4503.438	-0.088
4503.620	-0.088
4503.777	-0.088
4503.958	-0.088
4504.115	-0.088
4504.271	-0.088
4504.453	-0.088
4504.610	-0.088
4504.792	-0.088
4504.948	-0.088
4505.105	-0.088
4505.287	-0.088
4505.443	-0.088
4505.625	-0.088
4505.782	-0.088
4505.938	-0.088
4506.120	-0.088
4506.277	-0.088
4506.458	-0.088
4506.615	-0.088
4506.771	-0.088
4506.953	-0.088
4507.110	-0.088
4507.292	-0.088
4507.448	-0.088
4507.605	-0.088
4507.787	-0.088
4507.943	-0.088
4508.125	-0.088
4508.282	-0.088
4508.438	-0.088
4508.620	-0.088
4508.777	-0.088
4508.958	-0.088
4509.115	-0.088
4509.271	-0.088
4509.453	-0.088
4509.610	-0.088
4509.792	-0.088
4509.948	-0.088
4510.105	-0.088
4510.287	-0.088
4510.443	-0.088
4510.625	-0.088
4510.782	-0.088
4510.938	-0.088
4511.120	-0.088
4511.277	-0.088
4511.458	-0.088
4511.615	-0.088
4511.771	-0.088
4511.953	-0.088
4512.110	-0.088
4512.292	-0.088
4512.448	-0.088
4512.605	-0.088
4512.787	-0.088
4512.943	-0.088
4513.125	-0.088
4513.282	-0.088
4513.438	-0.088
4513.620	-0.089
4513.777	-0.088
4513.958	-0.088
4514.115	-0.088
4514.271	-0.088
4514.453	-0.088
4514.610	-0.088
4514.792	-0.088
4514.948	-0.088
4515.105	-0.088
4515.287	-0.088
4515.443	-0.088
4515.625	-0.088
4515.782	-0.088
4515.938	-0.088
4516.120	-0.088
4516.277	-0.088
4516.458	-0.088
4516.615	-0.088
4516.771	-0.088
4516.953	-0.088
4517.110	-0.088
4517.292	-0.088
4517.448	-0.088
4517.605	-0.088
4517.787	-0.088
4517.943	-0.088
4518.125	-0.088
4518.282	-0.088
4518.438	-0.088
4518.620	-0.088
4518.777	-0.088
4518.958	-0.088
4519.115	-0.088
4519.271	-0.088
4519.453	-0.088
4519.610	-0.088
4519.767	-0.088
4519.948	-0.088
4520.105	-0.088
4520.287	-0.088
4520.443	-0.088
4520.625	-0.088
4520.782	-0.088
4520.938	-0.088
4521.120	-0.088
4521.277	-0.088
4521.458	-0.088
4521.615	-0.088
4521.771	-0.088
4521.953	-0.088
4522.110	-0.088
4522.292	-0.088
4522.448	-0.088
4522.605	-0.088
4522.787	-0.088
4522.943	-0.088
4523.125	-0.088
4523.282	-0.088
4523.438	-0.088
4523.620	-0.088
4523.777	-0.088
4523.958	-0.088
4524.115	-0.088
4524.271	-0.088
4524.453	-0.088
4524.610	-0.088
4524.792	-0.088
4524.948	-0.088
4525.105	-0.088
4525.287	-0.088
4525.443	-0.088
4525.625	-0.088
4525.782	-0.088
4525.938	-0.088
4526.120	-0.088
4526.277	-0.088
4526.458	-0.088
4526.615	-0.088
4526.771	-0.088
4526.953	-0.088
4527.110	-0.088
4527.292	-0.088
4527.448	-0.088
4527.605	-0.088
4527.787	-0.088
4527.943	-0.088
4528.125	-0.088
4528.282	-0.088
4528.438	-0.088
4528.620	-0.088
4528.777	-0.088
4528.958	-0.088
4529.115	-0.088
4529.271	-0.088
4529.453	-0.088
4529.610	-0.088
4529.792	-0.088
4529.948	-0.088
4530.105	-0.088
4530.287	-0.088
4530.443	-0.088
4530.625	-0.088
4530.782	-0.088
4530.938	-0.088
4531.120	-0.088
4531.277	-0.088
4531.458	-0.088
4531.615	-0.088
4531.771	-0.088
4531.953	-0.088
4532.110	-0.088
4532.292	-0.088
4532.448	-0.088
4532.605	-0.088
4532.787	-0.088
4532.943	-0.088
4533.125	-0.088
4533.282	-0.088
4533.438	-0.088
4533.620	-0.088
4533.777	-0.088
4533.958	-0.088
4534.115	-0.088
4534.271	-0.088
4534.453	-0.088
4534.610	-0.088
4534.792	-0.088
4534.948	-0.088
4535.105	-0.088
4535.287	-0.088
4535.443	-0.088
4535.625	-0.088
4535.782	-0.088
4535.938	-0.088
4536.120	-0.088
4536.277	-0.088
4536.458	-0.088
4536.615	-0.088
4536.771	-0.088
4536.953	-0.088
4537.110	-0.088
4537.292	-0.088
4537.448	-0.088
4537.605	-0.088
4537.787	-0.088
4537.943	-0.088
4538.125	-0.088
4538.282	-0.088
4538.438	-0.088
4538.620	-0.088
4538.777	-0.088
4538.958	-0.088
4539.115	-0.088
4539.271	-0.088
4539.453	-0.088
4539.610	-0.088
4539.792	-0.088
4539.948	-0.088
4540.105	-0.088
4540.287	-0.088
4540.443	-0.088
4540.625	-0.088
4540.782	-0.088
4540.938	-0.088
4541.120	-0.088
4541.277	-0.088
4541.458	-0.088
4541.615	-0.088
4541.771	-0.088
4541.953	-0.088
4542.110	-0.088
4542.292	-0.088
4542.448	-0.088
4542.605	-0.088
4542.787	-0.088
4542.943	-0.087
4543.125	-0.087
4543.282	-0.085
4543.438	-0.083
4543.620	-0.083
4543.777	-0.083
4543.958	-0.083
4544.115	-0.083
4544.271	-0.083
4544.453	-0.083
4544.610	-0.080
4544.792	-0.079
4544.948	-0.078
4545.105	-0.078
4545.287	-0.078
4545.443	-0.073
4545.625	-0.073
4545.782	-0.071
4545.938	-0.068
4546.120	-0.068
4546.277	-0.064
4546.458	-0.063
4546.615	-0.060
4546.771	-0.057
4546.953	-0.051
4547.110	-0.047
4547.292	-0.043
4547.448	-0.041
4547.605	-0.040
4547.787	-0.037
4547.943	-0.037
4548.125	-0.032
4548.282	-0.027
4548.438	-0.023
4548.620	-0.019
4548.777	-0.016
4548.958	-0.013
4549.115	-0.008
4549.271	-0.004
4549.453	0.002
4549.610	0.011
4549.792	0.019
4549.948	0.026
4550.105	0.033
4550.287	0.039
4550.443	0.042
4550.625	0.049
4550.782	0.059
4550.938	0.066
4551.120	0.073
4551.277	0.079
4551.458	0.082
4551.615	0.086
4551.771	0.091
4551.953	0.097
4552.110	0.102
4552.292	0.106
4552.448	0.112
4552.605	0.115
4552.787	0.117
4552.943	0.122
4553.125	0.124
4553.282	0.126
4553.438	0.130
4553.620	0.133
4553.777	0.136
4553.958	0.139
4554.115	0.141
4554.271	0.143
4554.453	0.146
4554.610	0.146
4554.792	0.146
4554.948	0.146
4555.105	0.147
4555.287	0.147
4555.443	0.146
4555.625	0.146
4555.782	0.146
4555.938	0.146
4556.120	0.144
4556.277	0.142
4556.458	0.141
4556.615	0.138
4556.771	0.136
4556.953	0.132
4557.110	0.131
4557.292	0.127
4557.448	0.126
4557.605	0.121
4557.787	0.118
4557.943	0.114
4558.125	0.107
4558.282	0.104
4558.438	0.099
4558.620	0.095
4558.777	0.095
4558.958	0.092
4559.115	0.087
4559.271	0.081
4559.453	0.074
4559.610	0.066
4559.792	0.060
4559.948	0.053
4560.105	0.047
4560.287	0.040
4560.443	0.035
4560.625	0.029
4560.782	0.022
4560.938	0.017
4561.120	0.010
4561.277	0.005
4561.458	0.002
4561.615	-0.003
4561.771	-0.008
4561.953	-0.015
4562.110	-0.020
4562.292	-0.024
4562.448	-0.029
4562.605	-0.033
4562.787	-0.037
4562.943	-0.040
4563.125	-0.043
4563.282	-0.046
4563.438	-0.049
4563.620	-0.054
4563.777	-0.058
4563.958	-0.060
4564.115	-0.063
4564.271	-0.065
4564.453	-0.068
4564.610	-0.071
4564.767	-0.073
4564.948	-0.073
4565.105	-0.076
4565.287	-0.078
4565.443	-0.078
4565.625	-0.078
4565.782	-0.078
4565.938	-0.079
4566.120	-0.079
4566.277	-0.083
4566.433	-0.083
4566.615	-0.083
4566.771	-0.083
4566.953	-0.083
4567.110	-0.087
4567.292	-0.088
4567.448	-0.088
4567.605	-0.088
4567.787	-0.088
4567.943	-0.088
4568.100	-0.088
4568.282	-0.088
4568.438	-0.088
4568.620	-0.088
4568.777	-0.088
4568.958	-0.088
4569.115	-0.088
4569.271	-0.088
4569.453	-0.088
4569.610	-0.088
4569.767	-0.088
4569.948	-0.088
4570.105	-0.088
4570.287	-0.088
4570.443	-0.088
4570.625	-0.088
4570.782	-0.088
4570.938	-0.088
4571.120	-0.088
4571.277	-0.088
4571.433	-0.088
4571.615	-0.088
4571.771	-0.088
4571.953	-0.088
4572.110	-0.088
4572.292	-0.088
4572.448	-0.088
4572.605	-0.088
4572.787	-0.088
4572.943	-0.088
4573.100	-0.088
4573.282	-0.088
4573.438	-0.088
4573.620	-0.088
4573.777	-0.088
4573.958	-0.088
4574.115	-0.088
4574.271	-0.088
4574.453	-0.088
4574.610	-0.088
4574.767	-0.088
4574.948	-0.088
4575.105	-0.088
4575.287	-0.088
4575.443	-0.088
4575.600	-0.088
4575.782	-0.088
4575.938	-0.088
4576.120	-0.088
4576.277	-0.088
4576.458	-0.088
4576.615	-0.088
4576.771	-0.088
4576.953	-0.088
4577.110	-0.088
4577.267	-0.088
4577.448	-0.088
4577.605	-0.088
4577.787	-0.088
4577.943	-0.088
4578.125	-0.088
4578.282	-0.088
4578.438	-0.088
4578.620	-0.088
4578.777	-0.088
4578.933	-0.088
4579.115	-0.088
4579.271	-0.088
4579.453	-0.088
4579.610	-0.088
4579.792	-0.088
4579.948	-0.088
4580.105	-0.088
4580.287	-0.088
4580.443	-0.088
4580.600	-0.088
4580.782	-0.088
4580.938	-0.088
4581.120	-0.088
4581.277	-0.088
4581.458	-0.088
4581.615	-0.088
4581.771	-0.088
4581.953	-0.088
4582.110	-0.088
4582.267	-0.088
4582.448	-0.088
4582.605	-0.088
4582.787	-0.088
4582.943	-0.088
4583.125	-0.088
4583.282	-0.088
4583.438	-0.088
4583.620	-0.088
4583.777	-0.088
4583.933	-0.088
4584.115	-0.088
4584.271	-0.088
4584.453	-0.088
4584.610	-0.088
4584.792	-0.088
4584.948	-0.088
4585.105	-0.088
4585.287	-0.088
4585.443	-0.088
4585.600	-0.088
4585.782	-0.088
4585.938	-0.088
4586.095	-0.088
4586.277	-0.088
4586.433	-0.088
4586.615	-0.088
4586.771	-0.088
4586.953	-0.088
4587.110	-0.088
4587.292	-0.088
4587.448	-0.088
4587.605	-0.088
4587.787	-0.088
4587.943	-0.088
4588.100	-0.088
4588.282	-0.088
4588.438	-0.088
4588.620	-0.088
4588.777	-0.088
4588.958	-0.088
4589.115	-0.088
4589.271	-0.088
4589.453	-0.088
4589.610	-0.088
4589.767	-0.088
4589.948	-0.088
4590.105	-0.088
4590.287	-0.088
4590.443	-0.088
4590.625	-0.088
4590.782	-0.088
4590.938	-0.088
4591.120	-0.088
4591.277	-0.088
4591.433	-0.088
4591.615	-0.088
4591.771	-0.088
4591.953	-0.088
4592.110	-0.088
4592.292	-0.088
4592.448	-0.088
4592.605	-0.088
4592.787	-0.088
4592.943	-0.088
4593.100	-0.088
4593.282	-0.088
4593.438	-0.088
4593.620	-0.088
4593.777	-0.088
4593.958	-0.088
4594.115	-0.088
4594.271	-0.088
4594.453	-0.088
4594.610	-0.088
4594.767	-0.088
4594.948	-0.088
4595.105	-0.088
4595.287	-0.088
4595.443	-0.088
4595.625	-0.088
4595.782	-0.088
4595.938	-0.088
4596.120	-0.088
4596.277	-0.088
4596.433	-0.088
4596.615	-0.088
4596.771	-0.088
4596.953	-0.088
4597.110	-0.088
4597.267	-0.088
4597.448	-0.088
4597.605	-0.088
4597.787	-0.088
4597.943	-0.088
4598.100	-0.088
4598.282	-0.088
4598.438	-0.088
4598.620	-0.088
4598.777	-0.088
4598.933	-0.088
4599.115	-0.089
4599.271	-0.088
4599.453	-0.088
4599.610	-0.088
4599.767	-0.088
4599.948	-0.088
4600.105	-0.088
4600.287	-0.088
4600.443	-0.088
4600.625	-0.088
4600.782	-0.088
4600.938	-0.088
4601.120	-0.088
4601.277	-0.088
4601.433	-0.088
4601.615	-0.088
4601.771	-0.088
4601.953	-0.088
4602.110	-0.088
4602.267	-0.088
4602.448	-0.088
4602.605	-0.088
4602.787	-0.088
4602.943	-0.088
4603.100	-0.088
4603.282	-0.088
4603.438	-0.088
4603.620	-0.088
4603.777	-0.088
4603.933	-0.088
4604.115	-0.088
4604.271	-0.088
4604.453	-0.088
4604.610	-0.088
4604.767	-0.088
4604.948	-0.088
4605.105	-0.088
4605.287	-0.088
4605.443	-0.088
4605.600	-0.088
4605.782	-0.088
4605.938	-0.088
4606.120	-0.088
4606.277	-0.088
4606.433	-0.088
4606.615	-0.088
4606.771	-0.088
4606.953	-0.088
4607.110	-0.088
4607.267	-0.088
4607.448	-0.088
4607.605	-0.088
4607.787	-0.088
4607.943	-0.088
4608.100	-0.088
4608.282	-0.088
4608.438	-0.088
4608.620	-0.088
4608.777	-0.088
4608.933	-0.089
4609.115	-0.088
4609.271	-0.088
4609.453	-0.088
4609.610	-0.088
4609.767	-0.088
4609.948	-0.088
4610.105	-0.088
4610.287	-0.089
4610.443	-0.088
4610.600	-0.088
4610.782	-0.088
4610.938	-0.088
4611.120	-0.088
4611.277	-0.088
4611.433	-0.088
4611.615	-0.089
4611.771	-0.088
4611.953	-0.088
4612.110	-0.088
4612.267	-0.088
4612.448	-0.088
4612.605	-0.088
4612.787	-0.088
4612.943	-0.088
4613.100	-0.088
4613.282	-0.088
4613.438	-0.088
4613.620	-0.088
4613.777	-0.088
4613.933	-0.088
4614.115	-0.088
4614.271	-0.088
4614.453	-0.088
4614.610	-0.088
4614.767	-0.088
4614.948	-0.088
4615.105	-0.088
4615.287	-0.088
4615.443	-0.088
4615.600	-0.088
4615.782	-0.088
4615.938	-0.088
4616.120	-0.088
4616.277	-0.088
4616.433	-0.088
4616.615	-0.088
4616.771	-0.088
4616.953	-0.088
4617.110	-0.088
4617.267	-0.088
4617.448	-0.088
4617.605	-0.088
4617.787	-0.088
4617.943	-0.088
4618.100	-0.088
4618.282	-0.088
4618.438	-0.088
4618.620	-0.088
4618.777	-0.088
4618.933	-0.088
4619.115	-0.088
4619.271	-0.088
4619.453	-0.089
4619.610	-0.088
4619.767	-0.088
4619.948	-0.088
4620.105	-0.088
4620.287	-0.088
4620.443	-0.088
4620.600	-0.088
4620.782	-0.088
4620.938	-0.088
4621.120	-0.088
4621.277	-0.088
4621.433	-0.088
4621.615	-0.088
4621.771	-0.088
4621.953	-0.088
4622.110	-0.088
4622.267	-0.088
4622.448	-0.088
4622.605	-0.088
4622.787	-0.088
4622.943	-0.088
4623.100	-0.088
4623.282	-0.088
4623.438	-0.088
4623.620	-0.088
4623.777	-0.088
4623.933	-0.088
4624.115	-0.088
4624.271	-0.088
4624.453	-0.088
4624.610	-0.088
4624.767	-0.088
4624.948	-0.088
4625.105	-0.088
4625.287	-0.088
4625.443	-0.088
4625.600	-0.088
4625.782	-0.088
4625.938	-0.088
4626.120	-0.088
4626.277	-0.088
4626.433	-0.088
4626.615	-0.088
4626.771	-0.088
4626.953	-0.088
4627.110	-0.088
4627.267	-0.088
4627.448	-0.088
4627.605	-0.088
4627.787	-0.088
4627.943	-0.088
4628.100	-0.088
4628.282	-0.088
4628.438	-0.088
4628.620	-0.088
4628.777	-0.088
4628.933	-0.088
4629.115	-0.088
4629.271	-0.088
4629.453	-0.088
4629.610	-0.088
4629.767	-0.088
4629.948	-0.088
4630.105	-0.088
4630.287	-0.088
4630.443	-0.088
4630.600	-0.088
4630.782	-0.088
4630.938	-0.088
4631.120	-0.088
4631.277	-0.088
4631.433	-0.088
4631.615	-0.088
4631.771	-0.088
4631.953	-0.088
4632.110	-0.088
4632.267	-0.089
4632.448	-0.088
4632.605	-0.088
4632.787	-0.088
4632.943	-0.088
4633.100	-0.088
4633.282	-0.088
4633.438	-0.088
4633.620	-0.088
4633.777	-0.088
4633.933	-0.088
4634.115	-0.088
4634.271	-0.088
4634.453	-0.088
4634.610	-0.088
4634.767	-0.088
4634.948	-0.088
4635.105	-0.088
4635.287	-0.088
4635.443	-0.088
4635.600	-0.088
4635.782	-0.088
4635.938	-0.088
4636.120	-0.088
4636.277	-0.088
4636.433	-0.088
4636.615	-0.088
4636.771	-0.089
4636.953	-0.088
4637.110	-0.088
4637.267	-0.088
4637.448	-0.088
4637.605	-0.088
4637.787	-0.088
4637.943	-0.088
4638.100	-0.088
4638.282	-0.088
4638.438	-0.088
4638.620	-0.088
4638.777	-0.088
4638.933	-0.088
4639.115	-0.088
4639.271	-0.088
4639.453	-0.088
4639.610	-0.088
4639.767	-0.088
4639.948	-0.088
4640.105	-0.088
4640.287	-0.088
4640.443	-0.088
4640.600	-0.088
4640.782	-0.088
4640.938	-0.088
4641.120	-0.088
4641.277	-0.088
4641.433	-0.088
4641.615	-0.088
4641.771	-0.088
4641.953	-0.088
4642.110	-0.088
4642.267	-0.088
4642.448	-0.088
4642.605	-0.088
4642.787	-0.088
4642.943	-0.089
4643.100	-0.088
4643.282	-0.088
4643.438	-0.088
4643.595	-0.088
4643.777	-0.088
4643.933	-0.088
4644.115	-0.088
4644.271	-0.088
4644.453	-0.088
4644.610	-0.088
4644.767	-0.088
4644.948	-0.088
4645.105	-0.088
4645.262	-0.088
4645.443	-0.088
4645.600	-0.088
4645.782	-0.088
4645.938	-0.088
4646.120	-0.088
4646.277	-0.088
4646.433	-0.088
4646.615	-0.088
4646.771	-0.088
4646.928	-0.088
4647.110	-0.088
4647.267	-0.088
4647.448	-0.088
4647.605	-0.088
4647.787	-0.088
4647.943	-0.088
4648.100	-0.088
4648.282	-0.088
4648.438	-0.088
4648.595	-0.088
4648.777	-0.088
4648.933	-0.088
4649.115	-0.089
4649.271	-0.088
4649.453	-0.088
4649.610	-0.088
4649.767	-0.088
4649.948	-0.088
4650.105	-0.088
4650.262	-0.088
4650.443	-0.088
4650.600	-0.088
4650.782	-0.088
4650.938	-0.088
4651.120	-0.088
4651.277	-0.088
4651.433	-0.088
4651.615	-0.088
4651.771	-0.088
4651.928	-0.088
4652.110	-0.088
4652.267	-0.088
4652.448	-0.088
4652.605	-0.088
4652.787	-0.088
4652.943	-0.088
4653.100	-0.088
4653.282	-0.088
4653.438	-0.088
4653.595	-0.088
4653.777	-0.088
4653.933	-0.089
4654.115	-0.088
4654.271	-0.088
4654.428	-0.088
4654.610	-0.088
4654.767	-0.088
4654.948	-0.088
4655.105	-0.088
4655.287	-0.088
4655.443	-0.088
4655.600	-0.088
4655.782	-0.088
4655.938	-0.088
4656.095	-0.088
4656.277	-0.088
4656.433	-0.088
4656.615	-0.088
4656.771	-0.088
4656.953	-0.088
4657.110	-0.088
4657.267	-0.088
4657.448	-0.088
4657.605	-0.088
4657.762	-0.088
4657.943	-0.088
4658.100	-0.088
4658.282	-0.088
4658.438	-0.088
4658.620	-0.088
4658.777	-0.088
4658.933	-0.088
4659.115	-0.088
4659.271	-0.088
4659.428	-0.088
4659.610	-0.088
4659.767	-0.089
4659.948	-0.088
4660.105	-0.088
4660.262	-0.088
4660.443	-0.088
4660.600	-0.088
4660.782	-0.088
4660.938	-0.088
4661.120	-0.088
4661.277	-0.088
4661.433	-0.088
4661.615	-0.088
4661.771	-0.088
4661.928	-0.088
4662.110	-0.088
4662.267	-0.088
4662.448	-0.088
4662.605	-0.088
4662.787	-0.089
4662.943	-0.088
4663.100	-0.088
4663.282	-0.088
4663.438	-0.088
4663.620	-0.088
4663.777	-0.088
4663.933	-0.088
4664.115	-0.088
4664.271	-0.088
4664.428	-0.088
4664.610	-0.088
4664.767	-0.088
4664.948	-0.088
4665.105	-0.088
4665.287	-0.088
4665.443	-0.088
4665.600	-0.088
4665.782	-0.088
4665.938	-0.088
4666.095	-0.088
4666.277	-0.088
4666.433	-0.088
4666.615	-0.088
4666.771	-0.088
4666.953	-0.088
4667.110	-0.088
4667.267	-0.088
4667.448	-0.089
4667.605	-0.088
4667.762	-0.088
4667.943	-0.088
4668.100	-0.088
4668.282	-0.088
4668.438	-0.088
4668.595	-0.088
4668.777	-0.088
4668.933	-0.088
4669.115	-0.088
4669.271	-0.088
4669.453	-0.088
4669.610	-0.088
4669.767	-0.089
4669.948	-0.088
4670.105	-0.088
4670.262	-0.088
4670.443	-0.088
4670.600	-0.088
4670.782	-0.088
4670.938	-0.088
4671.095	-0.089
4671.277	-0.088
4671.433	-0.088
4671.615	-0.088
4671.771	-0.088
4671.928	-0.088
4672.110	-0.088
4672.267	-0.088
4672.448	-0.088
4672.605	-0.088
4672.787	-0.088
4672.943	-0.088
4673.100	-0.088
4673.282	-0.088
4673.438	-0.088
4673.595	-0.088
4673.777	-0.088
4673.933	-0.088
4674.115	-0.088
4674.271	-0.088
4674.453	-0.088
4674.610	-0.088
4674.767	-0.088
4674.948	-0.088
4675.105	-0.089
4675.262	-0.088
4675.443	-0.089
4675.600	-0.088
4675.782	-0.089
4675.938	-0.088
4676.120	-0.088
4676.277	-0.088
4676.433	-0.089
4676.615	-0.088
4676.771	-0.088
4676.928	-0.089
4677.110	-0.088
4677.267	-0.088
4677.448	-0.088
4677.605	-0.088
4677.762	-0.088
4677.943	-0.088
4678.100	-0.088
4678.282	-0.088
4678.438	-0.088
4678.620	-0.088
4678.777	-0.088
4678.933	-0.088
4679.115	-0.088
4679.271	-0.088
4679.428	-0.088
4679.610	-0.088
4679.767	-0.088
4679.948	-0.088
4680.105	-0.088
4680.262	-0.088
4680.443	-0.088
4680.600	-0.088
4680.782	-0.088
4680.938	-0.088
4681.095	-0.088
4681.277	-0.088
4681.433	-0.088
4681.615	-0.088
4681.771	-0.088
4681.928	-0.088
4682.110	-0.088
4682.267	-0.088
4682.448	-0.088
4682.605	-0.089
4682.762	-0.088
4682.943	-0.088
4683.100	-0.088
4683.282	-0.088
4683.438	-0.088
4683.595	-0.088
4683.777	-0.088
4683.933	-0.088
4684.115	-0.088
4684.271	-0.088
4684.428	-0.088
4684.610	-0.088
4684.767	-0.088
4684.948	-0.088
4685.105	-0.088
4685.262	-0.088
4685.443	-0.088
4685.600	-0.088
4685.782	-0.088
4685.938	-0.088
4686.095	-0.088
4686.277	-0.088
4686.433	-0.088
4686.615	-0.088
4686.771	-0.088
4686.928	-0.088
4687.110	-0.088
4687.267	-0.088
4687.448	-0.088
4687.605	-0.088
4687.762	-0.088
4687.943	-0.088
4688.100	-0.088
4688.282	-0.088
4688.438	-0.088
4688.595	-0.088
4688.777	-0.088
4688.933	-0.088
4689.115	-0.088
4689.271	-0.089
4689.428	-0.088
4689.610	-0.088
4689.767	-0.088
4689.948	-0.088
4690.105	-0.088
4690.262	-0.088
4690.443	-0.088
4690.600	-0.088
4690.782	-0.088
4690.938	-0.088
4691.095	-0.088
4691.277	-0.088
4691.433	-0.088
4691.615	-0.088
4691.771	-0.088
4691.928	-0.088
4692.110	-0.088
4692.267	-0.088
4692.448	-0.088
4692.605	-0.088
4692.762	-0.088
4692.943	-0.088
4693.100	-0.088
4693.282	-0.088
4693.438	-0.088
4693.595	-0.088
4693.777	-0.088
4693.933	-0.088
4694.115	-0.088
4694.271	-0.088
4694.428	-0.088
4694.610	-0.088
4694.767	-0.088
4694.948	-0.088
4695.105	-0.088
4695.262	-0.088
4695.443	-0.088
4695.600	-0.088
4695.782	-0.088
4695.938	-0.088
4696.095	-0.088
4696.277	-0.088
4696.433	-0.088
4696.615	-0.088
4696.771	-0.088
4696.928	-0.088
4697.110	-0.088
4697.267	-0.088
4697.448	-0.088
4697.605	-0.088
4697.762	-0.088
4697.943	-0.088
4698.100	-0.088
4698.282	-0.088
4698.438	-0.088
4698.595	-0.088
4698.777	-0.088
4698.933	-0.088
4699.115	-0.088
4699.271	-0.088
4699.428	-0.088
4699.610	-0.088
4699.767	-0.088
4699.948	-0.088
4700.105	-0.088
4700.262	-0.088
4700.443	-0.088
4700.600	-0.088
4700.782	-0.088
4700.938	-0.088
4701.095	-0.088
4701.277	-0.088
4701.433	-0.088
4701.615	-0.088
4701.771	-0.088
4701.928	-0.088
4702.110	-0.088
4702.267	-0.088
4702.448	-0.088
4702.605	-0.088
4702.762	-0.088
4702.943	-0.088
4703.100	-0.088
4703.282	-0.088
4703.438	-0.088
4703.595	-0.088
4703.777	-0.088
4703.933	-0.088
4704.115	-0.088
4704.271	-0.088
4704.428	-0.088
4704.610	-0.088
4704.767	-0.088
4704.948	-0.088
4705.105	-0.088
4705.262	-0.088
4705.443	-0.088
4705.600	-0.088
4705.782	-0.088
4705.938	-0.088
4706.095	-0.088
4706.277	-0.088
4706.433	-0.088
4706.615	-0.088
4706.771	-0.088
4706.928	-0.088
4707.110	-0.088
4707.267	-0.088
4707.448	-0.088
4707.605	-0.088
4707.762	-0.088
4707.943	-0.088
4708.100	-0.088
4708.282	-0.088
4708.438	-0.088
4708.595	-0.088
4708.777	-0.088
4708.933	-0.088
4709.115	-0.088
4709.271	-0.088
4709.428	-0.088
4709.610	-0.088
4709.767	-0.088
4709.948	-0.088
4710.105	-0.088
4710.262	-0.088
4710.443	-0.088
4710.600	-0.088
4710.782	-0.088
4710.938	-0.088
4711.095	-0.088
4711.277	-0.088
4711.433	-0.088
4711.615	-0.088
4711.771	-0.088
4711.928	-0.088
4712.110	-0.088
4712.267	-0.088
4712.448	-0.088
4712.605	-0.088
4712.762	-0.088
4712.943	-0.088
4713.100	-0.088
4713.282	-0.088
4713.438	-0.088
4713.595	-0.088
4713.777	-0.088
4713.933	-0.088
4714.115	-0.088
4714.271	-0.088
4714.428	-0.088
4714.610	-0.088
4714.767	-0.088
4714.948	-0.088
4715.105	-0.088
4715.262	-0.088
4715.443	-0.088
4715.600	-0.088
4715.782	-0.088
4715.938	-0.088
4716.095	-0.088
4716.277	-0.088
4716.433	-0.088
4716.615	-0.088
4716.771	-0.088
4716.928	-0.088
4717.110	-0.088
4717.267	-0.088
4717.448	-0.088
4717.605	-0.088
4717.762	-0.088
4717.943	-0.088
4718.100	-0.088
4718.282	-0.088
4718.438	-0.088
4718.595	-0.088
4718.777	-0.088
4718.933	-0.088
4719.115	-0.088
4719.271	-0.088
4719.428	-0.088
4719.610	-0.088
4719.767	-0.088
4719.948	-0.088
4720.105	-0.088
4720.262	-0.088
4720.443	-0.088
4720.600	-0.088
4720.782	-0.088
4720.938	-0.088
4721.095	-0.088
4721.277	-0.088
4721.433	-0.088
4721.615	-0.088
4721.771	-0.088
4721.928	-0.088
4722.110	-0.088
4722.267	-0.088
4722.448	-0.088
4722.605	-0.088
4722.762	-0.088
4722.943	-0.088
4723.100	-0.088
4723.282	-0.088
4723.438	-0.088
4723.595	-0.088
4723.777	-0.088
4723.933	-0.088
4724.115	-0.088
4724.271	-0.088
4724.428	-0.088
4724.610	-0.088
4724.767	-0.088
4724.948	-0.088
4725.105	-0.088
4725.262	-0.088
4725.443	-0.088
4725.600	-0.088
4725.782	-0.088
4725.938	-0.088
4726.095	-0.088
4726.277	-0.088
4726.433	-0.088
4726.615	-0.088
4726.771	-0.088
4726.928	-0.088
4727.110	-0.088
4727.267	-0.088
4727.448	-0.088
4727.605	-0.088
4727.762	-0.088
4727.943	-0.088
4728.100	-0.088
4728.282	-0.088
4728.438	-0.088
4728.595	-0.088
4728.777	-0.088
4728.933	-0.088
4729.115	-0.088
4729.271	-0.088
4729.428	-0.088
4729.610	-0.088
4729.767	-0.088
4729.948	-0.088
4730.105	-0.088
4730.262	-0.088
4730.443	-0.088
4730.600	-0.088
4730.782	-0.088
4730.938	-0.088
4731.095	-0.088
4731.277	-0.088
4731.433	-0.088
4731.615	-0.088
4731.771	-0.088
4731.928	-0.088
4732.110	-0.088
4732.267	-0.088
4732.448	-0.088
4732.605	-0.088
4732.762	-0.088
4732.943	-0.088
4733.100	-0.088
4733.282	-0.088
4733.438	-0.088
4733.595	-0.088
4733.777	-0.088
4733.933	-0.088
4734.115	-0.088
4734.271	-0.088
4734.428	-0.088
4734.610	-0.088
4734.767	-0.088
4734.948	-0.088
4735.105	-0.088
4735.262	-0.088
4735.443	-0.088
4735.600	-0.088
4735.782	-0.088
4735.938	-0.088
4736.095	-0.088
4736.277	-0.088
4736.433	-0.088
4736.615	-0.088
4736.771	-0.088
4736.928	-0.088
4737.110	-0.088
4737.267	-0.088
4737.448	-0.088
4737.605	-0.088
4737.762	-0.088
4737.943	-0.088
4738.100	-0.088
4738.282	-0.088
4738.438	-0.088
4738.595	-0.088
4738.777	-0.088
4738.933	-0.088
4739.115	-0.088
4739.271	-0.088
4739.428	-0.088
4739.610	-0.088
4739.767	-0.088
4739.948	-0.088
4740.105	-0.088
4740.262	-0.088
4740.443	-0.088
4740.600	-0.088
4740.757	-0.088
4740.938	-0.088
4741.095	-0.088
4741.277	-0.088
4741.433	-0.088
4741.615	-0.088
4741.771	-0.088
4741.928	-0.088
4742.110	-0.088
4742.267	-0.088
4742.448	-0.088
4742.605	-0.089
4742.762	-0.088
4742.943	-0.088
4743.100	-0.088
4743.282	-0.088
4743.438	-0.088
4743.595	-0.088
4743.777	-0.088
4743.933	-0.088
4744.115	-0.088
4744.271	-0.088
4744.428	-0.088
4744.610	-0.088
4744.767	-0.088
4744.948	-0.088
4745.105	-0.088
4745.262	-0.088
4745.443	-0.088
4745.600	-0.088
4745.782	-0.088
4745.938	-0.088
4746.095	-0.088
4746.277	-0.088
4746.433	-0.088
4746.615	-0.088
4746.771	-0.088
4746.928	-0.088
4747.110	-0.088
4747.267	-0.088
4747.448	-0.088
4747.605	-0.088
4747.762	-0.088
4747.943	-0.088
4748.100	-0.088
4748.282	-0.088
4748.438	-0.088
4748.595	-0.088
4748.777	-0.088
4748.933	-0.088
4749.115	-0.088
4749.271	-0.088
4749.428	-0.088
4749.610	-0.088
4749.767	-0.088
4749.948	-0.088
4750.105	-0.088
4750.262	-0.088
4750.443	-0.088
4750.600	-0.088
4750.782	-0.088
4750.938	-0.088
4751.095	-0.088
4751.277	-0.088
4751.433	-0.088
4751.615	-0.088
4751.771	-0.088
4751.928	-0.088
4752.110	-0.088
4752.267	-0.088
4752.448	-0.088
4752.605	-0.088
4752.762	-0.088
4752.943	-0.088
4753.100	-0.088
4753.282	-0.088
4753.438	-0.088
4753.595	-0.088
4753.777	-0.088
4753.933	-0.088
4754.115	-0.088
4754.271	-0.088
4754.428	-0.088
4754.610	-0.088
4754.767	-0.088
4754.948	-0.088
4755.105	-0.088
4755.262	-0.089
4755.443	-0.088
4755.600	-0.088
4755.782	-0.088
4755.938	-0.088
4756.095	-0.088
4756.277	-0.088
4756.433	-0.088
4756.615	-0.088
4756.771	-0.088
4756.928	-0.088
4757.110	-0.088
4757.267	-0.088
4757.423	-0.088
4757.605	-0.088
4757.762	-0.088
4757.943	-0.088
4758.100	-0.088
4758.282	-0.088
4758.438	-0.088
4758.595	-0.088
4758.777	-0.088
4758.933	-0.088
4759.090	-0.088
4759.271	-0.088
4759.428	-0.088
4759.610	-0.088
4759.767	-0.088
4759.948	-0.088
4760.105	-0.088
4760.262	-0.088
4760.443	-0.088
4760.600	-0.088
4760.757	-0.088
4760.938	-0.088
4761.095	-0.088
4761.277	-0.088
4761.433	-0.088
4761.590	-0.088
4761.771	-0.088
4761.928	-0.088
4762.110	-0.088
4762.267	-0.088
4762.423	-0.088
4762.605	-0.088
4762.762	-0.088
4762.943	-0.088
4763.100	-0.088
4763.257	-0.088
4763.438	-0.088
4763.595	-0.088
4763.777	-0.088
4763.933	-0.089
4764.090	-0.088
4764.271	-0.088
4764.428	-0.088
4764.610	-0.088
4764.767	-0.088
4764.923	-0.088
4765.105	-0.088
4765.262	-0.088
4765.443	-0.088
4765.600	-0.088
4765.757	-0.088
4765.938	-0.088
4766.095	-0.088
4766.277	-0.088
4766.433	-0.088
4766.590	-0.088
4766.771	-0.088
4766.928	-0.088
4767.110	-0.088
4767.267	-0.088
4767.423	-0.086
4767.605	-0.086
4767.762	-0.087
4767.943	-0.086
4768.100	-0.083
4768.257	-0.083
4768.438	-0.083
4768.595	-0.083
4768.777	-0.083
4768.933	-0.083
4769.090	-0.083
4769.271	-0.082
4769.428	-0.082
4769.610	-0.080
4769.767	-0.078
4769.923	-0.078
4770.105	-0.078
4770.262	-0.078
4770.443	-0.078
4770.600	-0.076
4770.757	-0.076
4770.938	-0.073
4771.095	-0.073
4771.277	-0.073
4771.433	-0.073
4771.590	-0.073
4771.771	-0.073
4771.928	-0.072
4772.110	-0.070
4772.267	-0.069
4772.423	-0.068
4772.605	-0.068
4772.762	-0.066
4772.943	-0.064
4773.100	-0.064
4773.257	-0.063
4773.438	-0.063
4773.595	-0.063
4773.777	-0.063
4773.933	-0.063
4774.090	-0.061
4774.271	-0.058
4774.428	-0.058
4774.610	-0.058
4774.767	-0.058
4774.923	-0.058
4775.105	-0.058
4775.262	-0.058
4775.443	-0.058
4775.600	-0.056
4775.757	-0.058
4775.938	-0.055
4776.095	-0.058
4776.277	-0.057
4776.433	-0.055
4776.590	-0.054
4776.771	-0.054
4776.928	-0.054
4777.110	-0.054
4777.267	-0.053
4777.423	-0.057
4777.605	-0.056
4777.762	-0.056
4777.943	-0.055
4778.100	-0.057
4778.257	-0.057
4778.438	-0.058
4778.595	-0.058
4778.777	-0.058
4778.933	-0.058
4779.090	-0.058
4779.271	-0.058
4779.428	-0.060
4779.610	-0.060
4779.767	-0.060
4779.948	-0.061
4780.105	-0.063
4780.262	-0.063
4780.443	-0.063
4780.600	-0.063
4780.757	-0.065
4780.938	-0.063
4781.095	-0.066
4781.277	-0.066
4781.433	-0.068
4781.615	-0.068
4781.771	-0.069
4781.928	-0.069
4782.110	-0.069
4782.267	-0.073
4782.423	-0.073
4782.605	-0.073
4782.762	-0.074
4782.943	-0.075
4783.100	-0.077
4783.257	-0.077
4783.438	-0.078
4783.595	-0.078
4783.777	-0.078
4783.933	-0.079
4784.090	-0.083
4784.271	-0.083
4784.428	-0.083
4784.610	-0.083
4784.767	-0.083
4784.923	-0.083
4785.105	-0.083
4785.262	-0.083
4785.443	-0.084
4785.600	-0.085
4785.782	-0.085
4785.938	-0.088
4786.095	-0.087
4786.277	-0.088
4786.433	-0.088
4786.615	-0.088
4786.771	-0.088
4786.928	-0.088
4787.110	-0.088
4787.267	-0.088
4787.423	-0.088
4787.605	-0.088
4787.762	-0.088
4787.943	-0.088
4788.100	-0.088
4788.257	-0.088
4788.438	-0.088
4788.595	-0.088
4788.777	-0.088
4788.933	-0.088
4789.090	-0.088
4789.271	-0.088
4789.428	-0.088
4789.610	-0.088
4789.767	-0.088
4789.923	-0.088
4790.105	-0.088
4790.262	-0.088
4790.443	-0.088
4790.600	-0.088
4790.757	-0.088
4790.938	-0.088
4791.095	-0.088
4791.277	-0.088
4791.433	-0.088
4791.590	-0.088
4791.771	-0.088
4791.928	-0.088
4792.110	-0.088
4792.267	-0.088
4792.423	-0.088
4792.605	-0.088
4792.762	-0.088
4792.943	-0.088
4793.100	-0.088
4793.257	-0.088
4793.438	-0.088
4793.595	-0.088
4793.777	-0.088
4793.933	-0.088
4794.090	-0.088
4794.271	-0.088
4794.428	-0.088
4794.610	-0.088
4794.767	-0.088
4794.923	-0.088
4795.105	-0.088
4795.262	-0.088
4795.443	-0.089
4795.600	-0.088
4795.757	-0.088
4795.938	-0.088
4796.095	-0.089
4796.277	-0.088
4796.433	-0.088
4796.590	-0.088
4796.771	-0.088
4796.928	-0.088
4797.110	-0.088
4797.267	-0.088
4797.423	-0.088
4797.605	-0.088
4797.762	-0.088
4797.943	-0.088
4798.100	-0.088
4798.257	-0.088
4798.438	-0.088
4798.595	-0.088
4798.777	-0.088
4798.933	-0.088
4799.090	-0.088
4799.271	-0.088
4799.428	-0.088
4799.610	-0.088
4799.767	-0.088
4799.923	-0.089
4800.105	-0.088
4800.262	-0.088
4800.443	-0.088
4800.600	-0.088
4800.757	-0.088
4800.938	-0.088
4801.095	-0.088
4801.277	-0.088
4801.433	-0.088
4801.590	-0.088
4801.771	-0.088
4801.928	-0.088
4802.110	-0.088
4802.267	-0.088
4802.423	-0.088
4802.605	-0.088
4802.762	-0.088
4802.943	-0.088
4803.100	-0.088
4803.257	-0.088
4803.438	-0.088
4803.595	-0.088
4803.777	-0.088
4803.933	-0.088
4804.090	-0.088
4804.271	-0.088
4804.428	-0.088
4804.610	-0.088
4804.767	-0.088
4804.923	-0.089
4805.105	-0.088
4805.262	-0.088
4805.443	-0.088
4805.600	-0.088
4805.757	-0.088
4805.938	-0.088
4806.095	-0.088
4806.277	-0.089
4806.433	-0.089
4806.590	-0.088
4806.771	-0.088
4806.928	-0.088
4807.110	-0.088
4807.267	-0.088
4807.423	-0.088
4807.605	-0.088
4807.762	-0.088
4807.943	-0.088
4808.100	-0.088
4808.257	-0.088
4808.438	-0.089
4808.595	-0.088
4808.777	-0.088
4808.933	-0.088
4809.090	-0.089
4809.271	-0.088
4809.428	-0.088
4809.610	-0.088
4809.767	-0.088
4809.923	-0.088
4810.105	-0.088
4810.262	-0.088
4810.443	-0.089
4810.600	-0.088
4810.757	-0.088
4810.938	-0.088
4811.095	-0.088
4811.277	-0.088
4811.433	-0.088
4811.590	-0.088
4811.771	-0.088
4811.928	-0.088
4812.110	-0.088
4812.267	-0.088
4812.423	-0.088
4812.605	-0.088
4812.762	-0.088
4812.943	-0.088
4813.100	-0.088
4813.257	-0.088
4813.438	-0.088
4813.595	-0.088
4813.777	-0.088
4813.933	-0.088
4814.090	-0.088
4814.271	-0.088
4814.428	-0.088
4814.610	-0.088
4814.767	-0.088
4814.923	-0.088
4815.105	-0.088
4815.262	-0.088
4815.443	-0.088
4815.600	-0.088
4815.757	-0.088
4815.938	-0.088
4816.095	-0.088
4816.277	-0.088
4816.433	-0.088
4816.590	-0.088
4816.771	-0.088
4816.928	-0.088
4817.110	-0.088
4817.267	-0.088
4817.423	-0.088
4817.605	-0.089
4817.762	-0.088
4817.943	-0.088
4818.100	-0.088
4818.257	-0.088
4818.438	-0.088
4818.595	-0.088
4818.777	-0.088
4818.933	-0.088
4819.090	-0.088
4819.271	-0.088
4819.428	-0.089
4819.610	-0.088
4819.767	-0.088
4819.923	-0.088
4820.105	-0.088
4820.262	-0.088
4820.443	-0.088
4820.600	-0.088
4820.757	-0.088
4820.938	-0.088
4821.095	-0.088
4821.277	-0.090
4821.433	-0.088
4821.590	-0.088
4821.771	-0.088
4821.928	-0.088
4822.110	-0.088
4822.267	-0.088
4822.423	-0.089
4822.605	-0.088
4822.762	-0.088
4822.943	-0.088
4823.100	-0.088
4823.257	-0.088
4823.438	-0.088
4823.595	-0.088
4823.777	-0.088
4823.933	-0.088
4824.090	-0.088
4824.271	-0.088
4824.428	-0.088
4824.610	-0.088
4824.767	-0.088
4824.923	-0.088
4825.105	-0.089
4825.262	-0.088
4825.443	-0.088
4825.600	-0.088
4825.757	-0.088
4825.938	-0.088
4826.095	-0.088
4826.277	-0.088
4826.433	-0.088
4826.590	-0.088
4826.771	-0.088
4826.928	-0.088
4827.110	-0.088
4827.267	-0.088
4827.423	-0.088
4827.605	-0.088
4827.762	-0.088
4827.943	-0.089
4828.100	-0.088
4828.257	-0.088
4828.438	-0.088
4828.595	-0.088
4828.777	-0.088
4828.933	-0.088
4829.090	-0.088
4829.271	-0.088
4829.428	-0.088
4829.610	-0.088
4829.767	-0.088
4829.923	-0.088
4830.105	-0.088
4830.262	-0.088
4830.443	-0.088
4830.600	-0.088
4830.757	-0.088
4830.938	-0.088
4831.095	-0.088
4831.277	-0.088
4831.433	-0.088
4831.590	-0.088
4831.771	-0.088
4831.928	-0.088
4832.110	-0.088
4832.267	-0.089
4832.423	-0.088
4832.605	-0.088
4832.762	-0.088
4832.943	-0.088
4833.100	-0.088
4833.257	-0.088
4833.438	-0.088
4833.595	-0.088
4833.777	-0.088
4833.933	-0.088
4834.090	-0.088
4834.271	-0.088
4834.428	-0.089
4834.610	-0.088
4834.767	-0.088
4834.923	-0.089
4835.105	-0.088
4835.262	-0.088
4835.443	-0.088
4835.600	-0.088
4835.757	-0.088
4835.938	-0.088
4836.095	-0.088
4836.277	-0.088
4836.433	-0.088
4836.590	-0.088
4836.771	-0.088
4836.928	-0.088
4837.110	-0.088
4837.267	-0.088
4837.423	-0.088
4837.605	-0.088
4837.762	-0.088
4837.917	-0.088
4838.100	-0.088
4838.257	-0.088
4838.438	-0.088
4838.595	-0.088
4838.750	-0.088
4838.933	-0.089
4839.090	-0.088
4839.271	-0.088
4839.428	-0.088
4839.583	-0.088
4839.767	-0.088
4839.923	-0.088
4840.105	-0.088
4840.262	-0.088
4840.417	-0.088
4840.600	-0.088
4840.757	-0.089
4840.938	-0.088
4841.095	-0.088
4841.277	-0.088
4841.433	-0.088
4841.590	-0.088
4841.771	-0.088
4841.928	-0.089
4842.110	-0.088
4842.267	-0.089
4842.423	-0.088
4842.605	-0.088
4842.762	-0.088
4842.917	-0.088
4843.100	-0.088
4843.257	-0.088
4843.438	-0.088
4843.595	-0.088
4843.750	-0.088
4843.933	-0.088
4844.090	-0.088
4844.271	-0.088
4844.428	-0.088
4844.583	-0.088
4844.767	-0.088
4844.923	-0.088
4845.105	-0.088
4845.262	-0.088
4845.417	-0.088
4845.600	-0.088
4845.757	-0.088
4845.938	-0.088
4846.095	-0.088
4846.250	-0.088
4846.433	-0.088
4846.590	-0.088
4846.771	-0.088
4846.928	-0.088
4847.083	-0.088
4847.267	-0.088
4847.423	-0.088
4847.605	-0.088
4847.762	-0.088
4847.917	-0.088
4848.100	-0.088
4848.257	-0.088
4848.438	-0.088
4848.595	-0.088
4848.750	-0.088
4848.933	-0.088
4849.090	-0.089
4849.271	-0.088
4849.428	-0.088
4849.610	-0.088
4849.767	-0.088
4849.923	-0.088
4850.105	-0.088
4850.262	-0.088
4850.417	-0.088
4850.600	-0.088
4850.757	-0.088
4850.938	-0.088
4851.095	-0.088
4851.250	-0.088
4851.433	-0.088
4851.590	-0.088
4851.771	-0.088
4851.928	-0.088
4852.083	-0.088
4852.267	-0.088
4852.423	-0.088
4852.605	-0.088
4852.762	-0.088
4852.917	-0.088
4853.100	-0.088
4853.257	-0.089
4853.438	-0.088
4853.595	-0.088
4853.777	-0.088
4853.933	-0.088
4854.090	-0.088
4854.271	-0.088
4854.428	-0.088
4854.583	-0.088
4854.767	-0.088
4854.923	-0.088
4855.105	-0.088
4855.262	-0.088
4855.417	-0.088
4855.600	-0.089
4855.757	-0.088
4855.938	-0.088
4856.095	-0.088
4856.250	-0.088
4856.433	-0.088
4856.590	-0.088
4856.771	-0.088
4856.928	-0.088
4857.083	-0.088
4857.267	-0.088
4857.423	-0.088
4857.605	-0.088
4857.762	-0.088
4857.917	-0.088
4858.100	-0.089
4858.257	-0.088
4858.438	-0.089
4858.595	-0.088
4858.777	-0.088
4858.933	-0.088
4859.090	-0.088
4859.271	-0.088
4859.428	-0.088
4859.583	-0.088
4859.767	-0.088
4859.923	-0.088
4860.105	-0.088
4860.262	-0.088
4860.417	-0.088
4860.600	-0.088
4860.757	-0.088
4860.938	-0.088
4861.095	-0.088
4861.250	-0.088
4861.433	-0.088
4861.590	-0.088
4861.771	-0.088
4861.928	-0.088
4862.083	-0.089
4862.267	-0.088
4862.423	-0.088
4862.605	-0.088
4862.762	-0.088
4862.917	-0.088
4863.100	-0.088
4863.257	-0.088
4863.438	-0.088
4863.595	-0.088
4863.750	-0.088
4863.933	-0.088
4864.090	-0.088
4864.271	-0.088
4864.428	-0.088
4864.583	-0.088
4864.767	-0.088
4864.923	-0.088
4865.105	-0.088
4865.262	-0.088
4865.417	-0.088
4865.600	-0.088
4865.757	-0.088
4865.938	-0.088
4866.095	-0.088
4866.250	-0.088
4866.433	-0.088
4866.590	-0.088
4866.771	-0.088
4866.928	-0.088
4867.083	-0.088
4867.267	-0.089
4867.423	-0.088
4867.605	-0.089
4867.762	-0.088
4867.943	-0.088
4868.100	-0.089
4868.257	-0.089
4868.438	-0.088
4868.595	-0.088
4868.777	-0.088
4868.933	-0.088
4869.090	-0.088
4869.271	-0.088
4869.428	-0.088
4869.583	-0.088
4869.767	-0.088
4869.923	-0.088
4870.105	-0.088
4870.262	-0.089
4870.417	-0.088
4870.600	-0.088
4870.757	-0.089
4870.938	-0.088
4871.095	-0.088
4871.277	-0.088
4871.433	-0.089
4871.590	-0.088
4871.771	-0.088
4871.928	-0.088
4872.083	-0.088
4872.267	-0.088
4872.423	-0.088
4872.605	-0.088
4872.762	-0.088
4872.943	-0.088
4873.100	-0.088
4873.257	-0.088
4873.438	-0.088
4873.595	-0.088
4873.750	-0.088
4873.933	-0.088
4874.090	-0.088
4874.271	-0.088
4874.428	-0.088
4874.583	-0.088
4874.767	-0.088
4874.923	-0.088
4875.105	-0.088
4875.262	-0.088
4875.417	-0.089
4875.600	-0.088
4875.757	-0.088
4875.938	-0.088
4876.095	-0.088
4876.250	-0.088
4876.433	-0.090
4876.590	-0.088
4876.771	-0.088
4876.928	-0.088
4877.083	-0.088
4877.267	-0.088
4877.423	-0.088
4877.605	-0.088
4877.762	-0.088
4877.917	-0.088
4878.100	-0.088
4878.257	-0.088
4878.438	-0.088
4878.595	-0.088
4878.777	-0.088
4878.933	-0.088
4879.090	-0.088
4879.271	-0.088
4879.428	-0.088
4879.583	-0.088
4879.767	-0.088
4879.923	-0.088
4880.105	-0.088
4880.262	-0.088
4880.417	-0.088
4880.600	-0.088
4880.757	-0.088
4880.938	-0.088
4881.095	-0.088
4881.250	-0.088
4881.433	-0.088
4881.590	-0.088
4881.771	-0.088
4881.928	-0.088
4882.083	-0.088
4882.267	-0.088
4882.423	-0.088
4882.605	-0.088
4882.762	-0.088
4882.917	-0.088
4883.100	-0.088
4883.257	-0.088
4883.438	-0.088
4883.595	-0.088
4883.750	-0.088
4883.933	-0.088
4884.090	-0.088
4884.271	-0.088
4884.428	-0.088
4884.610	-0.088
4884.767	-0.088
4884.923	-0.088
4885.105	-0.089
4885.262	-0.088
4885.443	-0.088
4885.600	-0.088
4885.757	-0.088
4885.938	-0.088
4886.095	-0.088
4886.250	-0.088
4886.433	-0.089
4886.590	-0.088
4886.771	-0.088
4886.928	-0.088
4887.083	-0.088
4887.267	-0.088
4887.423	-0.088
4887.605	-0.088
4887.762	-0.088
4887.917	-0.088
4888.100	-0.088
4888.257	-0.088
4888.438	-0.088
4888.595	-0.088
4888.750	-0.088
4888.933	-0.089
4889.090	-0.088
4889.271	-0.088
4889.428	-0.088
4889.583	-0.089
4889.767	-0.088
4889.923	-0.088
4890.105	-0.088
4890.262	-0.088
4890.417	-0.088
4890.600	-0.088
4890.757	-0.088
4890.938	-0.088
4891.095	-0.088
4891.250	-0.088
4891.433	-0.088
4891.590	-0.088
4891.771	-0.088
4891.928	-0.088
4892.083	-0.088
4892.267	-0.088
4892.423	-0.088
4892.605	-0.088
4892.762	-0.088
4892.917	-0.088
4893.100	-0.088
4893.257	-0.088
4893.438	-0.088
4893.595	-0.088
4893.750	-0.088
4893.933	-0.088
4894.090	-0.088
4894.271	-0.089
4894.428	-0.088
4894.610	-0.088
4894.767	-0.088
4894.923	-0.089
4895.105	-0.088
4895.262	-0.088
4895.443	-0.089
4895.600	-0.088
4895.757	-0.088
4895.938	-0.088
4896.095	-0.089
4896.250	-0.088
4896.433	-0.088
4896.590	-0.088
4896.771	-0.088
4896.928	-0.088
4897.083	-0.088
4897.267	-0.089
4897.423	-0.088
4897.605	-0.088
4897.762	-0.088
4897.917	-0.088
4898.100	-0.088
4898.257	-0.088
4898.438	-0.088
4898.595	-0.088
4898.750	-0.090
4898.933	-0.088
4899.090	-0.088
4899.271	-0.088
4899.428	-0.088
4899.583	-0.088
4899.767	-0.088
4899.923	-0.088
4900.105	-0.088
4900.262	-0.089
4900.443	-0.088
4900.600	-0.088
4900.757	-0.088
4900.938	-0.088
4901.095	-0.088
4901.250	-0.088
4901.433	-0.088
4901.590	-0.088
4901.771	-0.089
4901.928	-0.088
4902.083	-0.088
4902.267	-0.088
4902.423	-0.089
4902.605	-0.088
4902.762	-0.088
4902.917	-0.088
4903.100	-0.088
4903.257	-0.088
4903.438	-0.088
4903.595	-0.088
4903.750	-0.089
4903.933	-0.088
4904.090	-0.088
4904.271	-0.089
4904.428	-0.089
4904.583	-0.088
4904.767	-0.088
4904.923	-0.088
4905.105	-0.088
4905.262	-0.088
4905.417	-0.088
4905.600	-0.089
4905.757	-0.088
4905.938	-0.089
4906.095	-0.088
4906.250	-0.088
4906.433	-0.089
4906.590	-0.088
4906.771	-0.088
4906.928	-0.088
4907.083	-0.089
4907.267	-0.088
4907.423	-0.088
4907.605	-0.088
4907.762	-0.088
4907.917	-0.088
4908.100	-0.088
4908.257	-0.089
4908.438	-0.088
4908.595	-0.088
4908.750	-0.088
4908.933	-0.088
4909.090	-0.088
4909.271	-0.088
4909.428	-0.088
4909.583	-0.088
4909.767	-0.088
4909.923	-0.088
4910.105	-0.088
4910.262	-0.088
4910.417	-0.088
4910.600	-0.088
4910.757	-0.088
4910.938	-0.088
4911.095	-0.088
4911.250	-0.088
4911.433	-0.088
4911.590	-0.088
4911.771	-0.088
4911.928	-0.088
4912.083	-0.088
4912.267	-0.088
4912.423	-0.088
4912.605	-0.088
4912.762	-0.088
4912.917	-0.088
4913.100	-0.088
4913.257	-0.088
4913.438	-0.089
4913.595	-0.088
4913.750	-0.088
4913.933	-0.088
4914.090	-0.088
4914.271	-0.088
4914.428	-0.088
4914.583	-0.088
4914.767	-0.088
4914.923	-0.089
4915.105	-0.088
4915.262	-0.088
4915.417	-0.088
4915.600	-0.088
4915.757	-0.088
4915.938	-0.088
4916.095	-0.088
4916.250	-0.088
4916.433	-0.088
4916.590	-0.088
4916.771	-0.088
4916.928	-0.088
4917.083	-0.088
4917.267	-0.088
4917.423	-0.088
4917.605	-0.088
4917.762	-0.088
4917.917	-0.088
4918.100	-0.090
4918.257	-0.088
4918.438	-0.088
4918.595	-0.088
4918.750	-0.088
4918.933	-0.088
4919.090	-0.089
4919.271	-0.088
4919.428	-0.088
4919.583	-0.088
4919.767	-0.089
4919.923	-0.088
4920.105	-0.088
4920.262	-0.088
4920.417	-0.088
4920.600	-0.089
4920.757	-0.088
4920.938	-0.088
4921.095	-0.088
4921.250	-0.088
4921.433	-0.088
4921.590	-0.088
4921.771	-0.088
4921.928	-0.088
4922.083	-0.088
4922.267	-0.088
4922.423	-0.088
4922.605	-0.088
4922.762	-0.088
4922.917	-0.088
4923.100	-0.088
4923.257	-0.088
4923.438	-0.088
4923.595	-0.088
4923.750	-0.088
4923.933	-0.088
4924.090	-0.088
4924.271	-0.088
4924.428	-0.089
4924.583	-0.088
4924.767	-0.088
4924.923	-0.088
4925.105	-0.089
4925.262	-0.088
4925.417	-0.088
4925.600	-0.088
4925.757	-0.088
4925.938	-0.088
4926.095	-0.088
4926.250	-0.088
4926.433	-0.088
4926.590	-0.088
4926.771	-0.088
4926.928	-0.088
4927.083	-0.088
4927.267	-0.088
4927.423	-0.088
4927.605	-0.088
4927.762	-0.088
4927.917	-0.088
4928.100	-0.088
4928.257	-0.088
4928.438	-0.088
4928.595	-0.088
4928.750	-0.088
4928.933	-0.088
4929.090	-0.088
4929.271	-0.088
4929.428	-0.088
4929.583	-0.088
4929.767	-0.088
4929.923	-0.088
4930.105	-0.088
4930.262	-0.088
4930.417	-0.088
4930.600	-0.088
4930.757	-0.088
4930.938	-0.089
4931.095	-0.088
4931.250	-0.088
4931.433	-0.088
4931.590	-0.088
4931.771	-0.090
4931.928	-0.088
4932.083	-0.089
4932.267	-0.088
4932.423	-0.088
4932.605	-0.088
4932.762	-0.089
4932.917	-0.089
4933.100	-0.088
4933.257	-0.088
4933.438	-0.089
4933.595	-0.088
4933.750	-0.088
4933.933	-0.088
4934.090	-0.088
4934.271	-0.088
4934.428	-0.088
4934.583	-0.088
4934.767	-0.088
4934.923	-0.088
4935.105	-0.088
4935.262	-0.088
4935.417	-0.088
4935.600	-0.088
4935.757	-0.088
4935.938	-0.089
4936.095	-0.088
4936.250	-0.088
4936.407	-0.088
4936.590	-0.088
4936.771	-0.089
4936.928	-0.088
4937.083	-0.088
4937.267	-0.088
4937.423	-0.088
4937.605	-0.088
4937.762	-0.089
4937.917	-0.089
4938.100	-0.088
4938.257	-0.088
4938.438	-0.088
4938.595	-0.088
4938.750	-0.089
4938.933	-0.088
4939.090	-0.088
4939.271	-0.088
4939.428	-0.088
4939.583	-0.088
4939.767	-0.088
4939.923	-0.089
4940.105	-0.088
4940.262	-0.088
4940.417	-0.088
4940.600	-0.089
4940.757	-0.088
4940.938	-0.088
4941.095	-0.088
4941.250	-0.088
4941.433	-0.088
4941.590	-0.088
4941.771	-0.088
4941.928	-0.088
4942.083	-0.088
4942.267	-0.088
4942.423	-0.088
4942.605	-0.088
4942.762	-0.088
4942.917	-0.088
4943.100	-0.088
4943.257	-0.088
4943.438	-0.088
4943.595	-0.088
4943.750	-0.088
4943.933	-0.089
4944.090	-0.088
4944.271	-0.088
4944.428	-0.088
4944.583	-0.088
4944.767	-0.088
4944.923	-0.088
4945.105	-0.088
4945.262	-0.088
4945.417	-0.088
4945.600	-0.088
4945.757	-0.088
4945.938	-0.088
4946.095	-0.089
4946.250	-0.088
4946.433	-0.088
4946.590	-0.088
4946.771	-0.088
4946.928	-0.088
4947.083	-0.089
4947.267	-0.088
4947.423	-0.088
4947.605	-0.088
4947.762	-0.088
4947.917	-0.088
4948.100	-0.088
4948.257	-0.088
4948.438	-0.088
4948.595	-0.088
4948.750	-0.088
4948.933	-0.088
4949.090	-0.088
4949.271	-0.088
4949.428	-0.088
4949.583	-0.088
4949.767	-0.088
4949.923	-0.088
4950.105	-0.088
4950.262	-0.088
4950.417	-0.089
4950.600	-0.089
4950.757	-0.088
4950.938	-0.088
4951.095	-0.088
4951.250	-0.088
4951.433	-0.088
4951.590	-0.088
4951.771	-0.088
4951.928	-0.088
4952.083	-0.088
4952.267	-0.088
4952.423	-0.088
4952.605	-0.088
4952.762	-0.088
4952.917	-0.088
4953.100	-0.088
4953.257	-0.088
4953.412	-0.088
4953.595	-0.088
4953.750	-0.088
4953.933	-0.089
4954.090	-0.088
4954.245	-0.088
4954.428	-0.088
4954.583	-0.088
4954.767	-0.088
4954.923	-0.088
4955.078	-0.088
4955.262	-0.088
4955.417	-0.088
4955.600	-0.088
4955.757	-0.088
4955.912	-0.088
4956.095	-0.088
4956.250	-0.088
4956.433	-0.088
4956.590	-0.088
4956.745	-0.088
4956.928	-0.088
4957.083	-0.088
4957.267	-0.088
4957.423	-0.088
4957.578	-0.088
4957.762	-0.088
4957.917	-0.088
4958.100	-0.088
4958.257	-0.088
4958.412	-0.088
4958.595	-0.088
4958.750	-0.088
4958.933	-0.088
4959.090	-0.087
4959.245	-0.087
4959.428	-0.084
4959.583	-0.084
4959.767	-0.083
4959.923	-0.083
4960.078	-0.083
4960.262	-0.083
4960.417	-0.081
4960.600	-0.082
4960.757	-0.080
4960.912	-0.078
4961.095	-0.078
4961.250	-0.078
4961.433	-0.078
4961.590	-0.078
4961.745	-0.078
4961.928	-0.076
4962.083	-0.073
4962.267	-0.073
4962.423	-0.073
4962.578	-0.073
4962.762	-0.072
4962.917	-0.073
4963.100	-0.072
4963.257	-0.071
4963.412	-0.068
4963.595	-0.068
4963.750	-0.068
4963.933	-0.066
4964.090	-0.063
4964.245	-0.063
4964.428	-0.063
4964.583	-0.063
4964.767	-0.063
4964.923	-0.063
4965.078	-0.061
4965.262	-0.059
4965.417	-0.058
4965.600	-0.058
4965.757	-0.058
4965.912	-0.058
4966.095	-0.058
4966.250	-0.058
4966.433	-0.057
4966.590	-0.056
4966.745	-0.054
4966.928	-0.054
4967.083	-0.054
4967.267	-0.053
4967.423	-0.053
4967.578	-0.053
4967.762	-0.053
4967.917	-0.053
4968.100	-0.053
4968.257	-0.053
4968.412	-0.053
4968.595	-0.053
4968.750	-0.053
4968.933	-0.053
4969.090	-0.053
4969.245	-0.053
4969.428	-0.054
4969.583	-0.054
4969.767	-0.054
4969.923	-0.054
4970.078	-0.054
4970.262	-0.055
4970.417	-0.058
4970.600	-0.058
4970.757	-0.058
4970.912	-0.058
4971.095	-0.058
4971.250	-0.059
4971.433	-0.059
4971.590	-0.060
4971.745	-0.061
4971.928	-0.063
4972.083	-0.063
4972.267	-0.063
4972.423	-0.063
4972.578	-0.064
4972.762	-0.067
4972.917	-0.068
4973.100	-0.070
4973.257	-0.069
4973.412	-0.071
4973.595	-0.073
4973.750	-0.073
4973.933	-0.073
4974.090	-0.073
4974.245	-0.075
4974.428	-0.077
4974.583	-0.077
4974.767	-0.078
4974.923	-0.078
4975.078	-0.078
4975.262	-0.078
4975.417	-0.078
4975.600	-0.080
4975.757	-0.083
4975.912	-0.083
4976.095	-0.083
4976.250	-0.083
4976.433	-0.083
4976.590	-0.083
4976.745	-0.084
4976.928	-0.084
4977.083	-0.087
4977.267	-0.085
4977.423	-0.087
4977.578	-0.087
4977.762	-0.088
4977.917	-0.088
4978.100	-0.088
4978.257	-0.088
4978.412	-0.088
4978.595	-0.088
4978.750	-0.088
4978.933	-0.088
4979.090	-0.088
4979.245	-0.088
4979.428	-0.088
4979.583	-0.088
4979.767	-0.088
4979.923	-0.088
4980.078	-0.088
4980.262	-0.088
4980.417	-0.088
4980.600	-0.088
4980.757	-0.088
4980.912	-0.088
4981.095	-0.088
4981.250	-0.088
4981.433	-0.088
4981.590	-0.088
4981.745	-0.088
4981.928	-0.088
4982.083	-0.088
4982.267	-0.088
4982.423	-0.088
4982.578	-0.088
4982.762	-0.088
4982.917	-0.088
4983.100	-0.088
4983.257	-0.088
4983.412	-0.088
4983.595	-0.088
4983.750	-0.088
4983.933	-0.088
4984.090	-0.088
4984.245	-0.088
4984.428	-0.088
4984.583	-0.088
4984.767	-0.088
4984.923	-0.088
4985.078	-0.088
4985.262	-0.088
4985.417	-0.089
4985.600	-0.088
4985.757	-0.088
4985.912	-0.088
4986.095	-0.088
4986.250	-0.088
4986.433	-0.088
4986.590	-0.088
4986.745	-0.088
4986.928	-0.088
4987.083	-0.088
4987.267	-0.088
4987.423	-0.088
4987.578	-0.088
4987.762	-0.090
4987.917	-0.088
4988.100	-0.088
4988.257	-0.088
4988.412	-0.088
4988.595	-0.088
4988.750	-0.088
4988.933	-0.088
4989.090	-0.088
4989.245	-0.088
4989.428	-0.088
4989.583	-0.088
4989.767	-0.088
4989.923	-0.088
4990.078	-0.088
4990.262	-0.088
4990.417	-0.088
4990.600	-0.088
4990.757	-0.088
4990.912	-0.088
4991.095	-0.088
4991.250	-0.088
4991.433	-0.088
4991.590	-0.088
4991.745	-0.088
4991.928	-0.088
4992.083	-0.088
4992.267	-0.089
4992.423	-0.088
4992.578	-0.088
4992.762	-0.088
4992.917	-0.088
4993.100	-0.089
4993.257	-0.088
4993.412	-0.088
4993.595	-0.088
4993.750	-0.088
4993.933	-0.088
4994.090	-0.088
4994.245	-0.088
4994.428	-0.088
4994.583	-0.088
4994.767	-0.088
4994.923	-0.088
4995.078	-0.088
4995.262	-0.088
4995.417	-0.089
4995.600	-0.088
4995.757	-0.088
4995.912	-0.088
4996.095	-0.088
4996.250	-0.088
4996.433	-0.088
4996.590	-0.088
4996.745	-0.088
4996.928	-0.088
4997.083	-0.088
4997.267	-0.088
4997.423	-0.088
4997.578	-0.088
4997.762	-0.088
4997.917	-0.088
4998.100	-0.088
4998.257	-0.088
4998.412	-0.088
4998.595	-0.088
4998.750	-0.089
4998.933	-0.088
4999.090	-0.088
4999.245	-0.088
4999.428	-0.089
4999.583	-0.088
4999.767	-0.088
4999.923	-0.088
5000.078	-0.088
5000.262	-0.088
5000.417	-0.088
5000.600	-0.088
5000.757	-0.088
5000.912	-0.088
5001.095	-0.088
5001.250	-0.088
5001.433	-0.088
5001.590	-0.088
5001.745	-0.089
5001.928	-0.088
5002.083	-0.088
5002.267	-0.088
5002.423	-0.088
5002.578	-0.088
5002.762	-0.088
5002.917	-0.088
5003.100	-0.088
5003.257	-0.088
5003.412	-0.088
5003.595	-0.088
5003.750	-0.088
5003.933	-0.088
5004.090	-0.088
5004.245	-0.088
5004.428	-0.088
5004.583	-0.088
5004.767	-0.088
5004.923	-0.089
5005.078	-0.088
5005.262	-0.089
5005.417	-0.088
5005.600	-0.088
5005.757	-0.088
5005.912	-0.089
5006.095	-0.088
5006.250	-0.089
5006.433	-0.088
5006.590	-0.088
5006.745	-0.088
5006.928	-0.089
5007.083	-0.088
5007.267	-0.088
5007.423	-0.088
5007.578	-0.089
5007.762	-0.088
5007.917	-0.088
5008.100	-0.088
5008.257	-0.088
5008.412	-0.088
5008.595	-0.088
5008.750	-0.088
5008.933	-0.088
5009.090	-0.088
5009.245	-0.088
5009.428	-0.088
5009.583	-0.088
5009.767	-0.088
5009.923	-0.088
5010.078	-0.089
5010.262	-0.088
5010.417	-0.088
5010.600	-0.088
5010.757	-0.088
5010.912	-0.088
5011.095	-0.088
5011.250	-0.088
5011.433	-0.088
5011.590	-0.089
5011.745	-0.089
5011.928	-0.088
5012.083	-0.088
5012.267	-0.088
5012.423	-0.088
5012.578	-0.088
5012.762	-0.088
5012.917	-0.088
5013.100	-0.088
5013.257	-0.088
5013.412	-0.088
5013.595	-0.088
5013.750	-0.088
5013.933	-0.088
5014.090	-0.088
5014.245	-0.088
5014.428	-0.088
5014.583	-0.088
5014.767	-0.088
5014.923	-0.088
5015.078	-0.088
5015.262	-0.088
5015.417	-0.088
5015.600	-0.089
5015.757	-0.088
5015.912	-0.088
5016.095	-0.088
5016.250	-0.088
5016.433	-0.088
5016.590	-0.088
5016.745	-0.088
5016.928	-0.088
5017.083	-0.088
5017.267	-0.088
5017.423	-0.088
5017.578	-0.088
5017.762	-0.088
5017.917	-0.088
5018.100	-0.089
5018.257	-0.088
5018.412	-0.088
5018.595	-0.088
5018.750	-0.088
5018.933	-0.088
5019.090	-0.088
5019.245	-0.088
5019.428	-0.088
5019.583	-0.088
5019.767	-0.088
5019.923	-0.088
5020.078	-0.088
5020.262	-0.088
5020.417	-0.088
5020.600	-0.088
5020.757	-0.088
5020.912	-0.088
5021.095	-0.088
5021.250	-0.088
5021.433	-0.088
5021.590	-0.088
5021.745	-0.088
5021.928	-0.088
5022.083	-0.088
5022.267	-0.088
5022.423	-0.088
5022.578	-0.088
5022.762	-0.088
5022.917	-0.088
5023.100	-0.088
5023.257	-0.088
5023.412	-0.088
5023.595	-0.089
5023.750	-0.088
5023.933	-0.088
5024.090	-0.088
5024.245	-0.088
5024.428	-0.088
5024.583	-0.089
5024.767	-0.088
5024.923	-0.088
5025.078	-0.088
5025.262	-0.088
5025.417	-0.088
5025.600	-0.088
5025.757	-0.088
5025.912	-0.088
5026.095	-0.089
5026.250	-0.088
5026.433	-0.088
5026.590	-0.088
5026.745	-0.088
5026.928	-0.088
5027.083	-0.088
5027.267	-0.088
5027.423	-0.088
5027.578	-0.088
5027.762	-0.088
5027.917	-0.088
5028.100	-0.088
5028.257	-0.088
5028.412	-0.088
5028.595	-0.088
5028.750	-0.089
5028.933	-0.088
5029.090	-0.088
5029.245	-0.088
5029.428	-0.088
5029.583	-0.088
5029.767	-0.088
5029.923	-0.089
5030.078	-0.090
5030.262	-0.088
5030.417	-0.088
5030.600	-0.088
5030.757	-0.088
5030.912	-0.088
5031.095	-0.089
5031.250	-0.089
5031.433	-0.088
5031.590	-0.088
5031.745	-0.088
5031.928	-0.088
5032.083	-0.088
5032.267	-0.088
5032.423	-0.088
5032.578	-0.088
5032.762	-0.088
5032.917	-0.088
5033.100	-0.088
5033.257	-0.088
5033.412	-0.089
5033.595	-0.088
5033.750	-0.088
5033.933	-0.088
5034.090	-0.088
5034.245	-0.088
5034.428	-0.088
5034.583	-0.088
5034.767	-0.088
5034.923	-0.088
5035.078	-0.088
5035.262	-0.088
5035.417	-0.088
5035.600	-0.088
5035.757	-0.088
5035.912	-0.088
5036.095	-0.088
5036.250	-0.088
5036.433	-0.088
5036.590	-0.088
5036.745	-0.088
5036.928	-0.088
5037.083	-0.088
5037.267	-0.088
5037.423	-0.088
5037.578	-0.088
5037.762	-0.088
5037.917	-0.088
5038.100	-0.088
5038.257	-0.088
5038.412	-0.088
5038.595	-0.088
5038.750	-0.088
5038.933	-0.088
5039.090	-0.088
5039.245	-0.088
5039.428	-0.088
5039.583	-0.088
5039.767	-0.088
5039.923	-0.088
5040.078	-0.088
5040.262	-0.088
5040.417	-0.088
5040.600	-0.088
5040.757	-0.088
5040.912	-0.088
5041.095	-0.088
5041.250	-0.088
5041.433	-0.088
5041.590	-0.088
5041.745	-0.088
5041.928	-0.086
5042.083	-0.086
5042.267	-0.085
5042.423	-0.084
5042.578	-0.083
5042.762	-0.083
5042.917	-0.083
5043.100	-0.083
5043.257	-0.082
5043.412	-0.079
5043.595	-0.078
5043.750	-0.078
5043.933	-0.078
5044.090	-0.078
5044.245	-0.077
5044.428	-0.073
5044.583	-0.071
5044.767	-0.068
5044.923	-0.066
5045.078	-0.063
5045.262	-0.063
5045.417	-0.061
5045.600	-0.058
5045.757	-0.058
5045.912	-0.057
5046.095	-0.053
5046.250	-0.052
5046.433	-0.049
5046.590	-0.048
5046.745	-0.045
5046.928	-0.043
5047.083	-0.039
5047.267	-0.037
5047.423	-0.035
5047.578	-0.033
5047.762	-0.029
5047.917	-0.027
5048.100	-0.025
5048.257	-0.022
5048.412	-0.022
5048.595	-0.020
5048.750	-0.017
5048.933	-0.014
5049.090	-0.011
5049.245	-0.008
5049.428	-0.003
5049.583	-0.002
5049.767	0.000
5049.923	0.003
5050.078	0.003
5050.262	0.008
5050.417	0.008
5050.600	0.013
5050.757	0.014
5050.912	0.018
5051.095	0.019
5051.250	0.023
5051.433	0.024
5051.590	0.027
5051.745	0.029
5051.928	0.029
5052.083	0.031
5052.267	0.032
5052.423	0.033
5052.578	0.034
5052.762	0.034
5052.917	0.034
5053.100	0.034
5053.257	0.036
5053.412	0.036
5053.595	0.036
5053.750	0.034
5053.933	0.036
5054.090	0.034
5054.245	0.034
5054.428	0.034
5054.583	0.034
5054.767	0.031
5054.923	0.029
5055.078	0.026
5055.262	0.024
5055.417	0.024
5055.600	0.019
5055.757	0.017
5055.912	0.014
5056.095	0.012
5056.250	0.008
5056.433	0.008
5056.590	0.007
5056.745	0.003
5056.928	0.001
5057.083	-0.002
5057.240	-0.003
5057.423	-0.007
5057.578	-0.007
5057.762	-0.009
5057.917	-0.012
5058.100	-0.015
5058.257	-0.017
5058.412	-0.018
5058.595	-0.022
5058.750	-0.022
5058.933	-0.026
5059.090	-0.029
5059.245	-0.033
5059.428	-0.036
5059.583	-0.038
5059.767	-0.042
5059.923	-0.044
5060.078	-0.048
5060.262	-0.051
5060.417	-0.054
5060.600	-0.058
5060.757	-0.061
5060.912	-0.063
5061.095	-0.063
5061.250	-0.068
5061.433	-0.071
5061.590	-0.073
5061.745	-0.073
5061.928	-0.073
5062.083	-0.074
5062.267	-0.076
5062.423	-0.078
5062.578	-0.078
5062.762	-0.078
5062.917	-0.078
5063.100	-0.082
5063.257	-0.083
5063.412	-0.083
5063.595	-0.083
5063.750	-0.083
5063.933	-0.086
5064.090	-0.087
5064.245	-0.084
5064.428	-0.086
5064.583	-0.088
5064.767	-0.088
5064.923	-0.088
5065.078	-0.088
5065.262	-0.088
5065.417	-0.088
5065.600	-0.088
5065.757	-0.088
5065.912	-0.088
5066.095	-0.088
5066.250	-0.088
5066.433	-0.088
5066.590	-0.088
5066.745	-0.088
5066.928	-0.088
5067.083	-0.088
5067.267	-0.088
5067.423	-0.088
5067.578	-0.088
5067.762	-0.088
5067.917	-0.089
5068.100	-0.088
5068.257	-0.088
5068.412	-0.088
5068.595	-0.088
5068.750	-0.088
5068.907	-0.088
5069.090	-0.088
5069.245	-0.088
5069.428	-0.088
5069.583	-0.089
5069.740	-0.088
5069.923	-0.088
5070.078	-0.088
5070.262	-0.088
5070.417	-0.088
5070.573	-0.088
5070.757	-0.088
5070.912	-0.088
5071.095	-0.088
5071.250	-0.088
5071.407	-0.088
5071.590	-0.088
5071.745	-0.088
5071.928	-0.088
5072.083	-0.088
5072.240	-0.088
5072.423	-0.088
5072.578	-0.088
5072.762	-0.088
5072.917	-0.088
5073.073	-0.088
5073.257	-0.088
5073.412	-0.088
5073.595	-0.088
5073.750	-0.088
5073.907	-0.088
5074.090	-0.088
5074.245	-0.088
5074.428	-0.088
5074.583	-0.088
5074.740	-0.088
5074.923	-0.088
5075.078	-0.088
5075.262	-0.088
5075.417	-0.088
5075.573	-0.088
5075.757	-0.088
5075.912	-0.088
5076.095	-0.088
5076.250	-0.088
5076.407	-0.088
5076.590	-0.087
5076.745	-0.088
5076.928	-0.088
5077.083	-0.088
5077.240	-0.088
5077.423	-0.088
5077.578	-0.088
5077.762	-0.088
5077.917	-0.088
5078.073	-0.088
5078.257	-0.088
5078.412	-0.087
5078.595	-0.087
5078.750	-0.088
5078.907	-0.088
5079.090	-0.087
5079.245	-0.085
5079.428	-0.087
5079.583	-0.084
5079.740	-0.086
5079.923	-0.085
5080.078	-0.086
5080.262	-0.085
5080.417	-0.083
5080.573	-0.085
5080.757	-0.083
5080.912	-0.084
5081.095	-0.083
5081.250	-0.083
5081.407	-0.083
5081.590	-0.083
5081.745	-0.083
5081.928	-0.083
5082.083	-0.083
5082.240	-0.084
5082.423	-0.084
5082.578	-0.084
5082.762	-0.083
5082.917	-0.083
5083.073	-0.083
5083.257	-0.083
5083.412	-0.083
5083.595	-0.083
5083.750	-0.084
5083.907	-0.083
5084.090	-0.084
5084.245	-0.083
5084.428	-0.084
5084.583	-0.084
5084.740	-0.083
5084.923	-0.083
5085.078	-0.085
5085.262	-0.084
5085.417	-0.085
5085.573	-0.084
5085.757	-0.084
5085.912	-0.086
5086.095	-0.087
5086.250	-0.088
5086.407	-0.086
5086.590	-0.086
5086.745	-0.087
5086.928	-0.088
5087.083	-0.088
5087.240	-0.087
5087.423	-0.087
5087.578	-0.088
5087.762	-0.088
5087.917	-0.088
5088.073	-0.088
5088.257	-0.088
5088.412	-0.088
5088.595	-0.088
5088.750	-0.088
5088.907	-0.088
5089.090	-0.088
5089.245	-0.088
5089.428	-0.088
5089.583	-0.088
5089.740	-0.088
5089.923	-0.088
5090.078	-0.088
5090.262	-0.088
5090.417	-0.088
5090.573	-0.088
5090.757	-0.088
5090.912	-0.088
5091.095	-0.088
5091.250	-0.088
5091.407	-0.088
5091.590	-0.088
5091.745	-0.088
5091.928	-0.088
5092.083	-0.088
5092.240	-0.088
5092.423	-0.088
5092.578	-0.088
5092.762	-0.088
5092.917	-0.088
5093.073	-0.088
5093.257	-0.088
5093.412	-0.088
5093.568	-0.088
5093.750	-0.088
5093.907	-0.088
5094.090	-0.088
5094.245	-0.088
5094.428	-0.088
5094.583	-0.088
5094.740	-0.088
5094.923	-0.088
5095.078	-0.088
5095.262	-0.088
5095.417	-0.088
5095.573	-0.088
5095.757	-0.088
5095.912	-0.089
5096.095	-0.088
5096.250	-0.088
5096.407	-0.088
5096.590	-0.088
5096.745	-0.088
5096.928	-0.088
5097.083	-0.088
5097.240	-0.089
5097.423	-0.088
5097.578	-0.088
5097.762	-0.088
5097.917	-0.088
5098.073	-0.088
5098.257	-0.088
5098.412	-0.088
5098.595	-0.088
5098.750	-0.089
5098.907	-0.088
5099.090	-0.089
5099.245	-0.088
5099.428	-0.088
5099.583	-0.088
5099.740	-0.088
5099.923	-0.088
5100.078	-0.088
5100.262	-0.088
5100.417	-0.088
5100.573	-0.088
5100.757	-0.088
5100.912	-0.089
5101.095	-0.088
5101.250	-0.088
5101.407	-0.088
5101.590	-0.088
5101.745	-0.088
5101.928	-0.088
5102.083	-0.088
5102.240	-0.088
5102.423	-0.088
5102.578	-0.088
5102.762	-0.088
5102.917	-0.088
5103.073	-0.088
5103.257	-0.088
5103.412	-0.088
5103.595	-0.088
5103.750	-0.088
5103.907	-0.088
5104.090	-0.088
5104.245	-0.088
5104.428	-0.088
5104.583	-0.088
5104.740	-0.088
5104.923	-0.088
5105.078	-0.088
5105.262	-0.088
5105.417	-0.088
5105.573	-0.088
5105.757	-0.088
5105.912	-0.088
5106.095	-0.088
5106.250	-0.088
5106.407	-0.088
5106.590	-0.088
5106.745	-0.088
5106.928	-0.088
5107.083	-0.088
5107.240	-0.088
5107.423	-0.088
5107.578	-0.088
5107.762	-0.088
5107.917	-0.088
5108.073	-0.088
5108.257	-0.088
5108.412	-0.088
5108.595	-0.088
5108.750	-0.088
5108.907	-0.088
5109.090	-0.088
5109.245	-0.088
5109.428	-0.088
5109.583	-0.088
5109.740	-0.088
5109.923	-0.088
5110.078	-0.088
5110.262	-0.088
5110.417	-0.089
5110.573	-0.088
5110.757	-0.088
5110.912	-0.088
5111.095	-0.088
5111.250	-0.088
5111.407	-0.088
5111.590	-0.088
5111.745	-0.088
5111.928	-0.088
5112.083	-0.088
5112.240	-0.088
5112.423	-0.088
5112.578	-0.088
5112.762	-0.088
5112.917	-0.088
5113.073	-0.088
5113.257	-0.088
5113.412	-0.088
5113.595	-0.088
5113.750	-0.088
5113.907	-0.088
5114.090	-0.088
5114.245	-0.088
5114.428	-0.088
5114.583	-0.088
5114.740	-0.088
5114.923	-0.088
5115.078	-0.088
5115.262	-0.088
5115.417	-0.088
5115.573	-0.088
5115.757	-0.088
5115.912	-0.088
5116.095	-0.088
5116.250	-0.088
5116.407	-0.088
5116.590	-0.089
5116.745	-0.088
5116.928	-0.088
5117.083	-0.088
5117.240	-0.088
5117.423	-0.088
5117.578	-0.088
5117.762	-0.088
5117.917	-0.088
5118.073	-0.088
5118.257	-0.088
5118.412	-0.088
5118.595	-0.088
5118.750	-0.088
5118.907	-0.088
5119.090	-0.088
5119.245	-0.088
5119.428	-0.088
5119.583	-0.088
5119.740	-0.088
5119.923	-0.088
5120.078	-0.088
5120.262	-0.088
5120.417	-0.088
5120.573	-0.088
5120.757	-0.088
5120.912	-0.088
5121.095	-0.088
5121.250	-0.088
5121.407	-0.088
5121.590	-0.088
5121.745	-0.088
5121.928	-0.088
5122.083	-0.088
5122.240	-0.088
5122.423	-0.088
5122.578	-0.089
5122.762	-0.088
5122.917	-0.088
5123.073	-0.088
5123.257	-0.088
5123.412	-0.088
5123.595	-0.089
5123.750	-0.088
5123.907	-0.088
5124.090	-0.088
5124.245	-0.088
5124.428	-0.088
5124.583	-0.088
5124.740	-0.088
5124.923	-0.088
5125.078	-0.088
5125.262	-0.088
5125.417	-0.088
5125.573	-0.088
5125.757	-0.088
5125.912	-0.088
5126.095	-0.088
5126.250	-0.088
5126.407	-0.088
5126.590	-0.088
5126.745	-0.088
5126.928	-0.089
5127.083	-0.088
5127.240	-0.088
5127.423	-0.088
5127.578	-0.088
5127.762	-0.088
5127.917	-0.088
5128.073	-0.088
5128.257	-0.088
5128.412	-0.088
5128.595	-0.088
5128.750	-0.088
5128.907	-0.088
5129.090	-0.088
5129.245	-0.088
5129.428	-0.088
5129.583	-0.088
5129.740	-0.088
5129.923	-0.088
5130.078	-0.088
5130.262	-0.088
5130.417	-0.088
5130.573	-0.088
5130.757	-0.088
5130.912	-0.088
5131.095	-0.088
5131.250	-0.088
5131.407	-0.088
5131.590	-0.088
5131.745	-0.088
5131.928	-0.088
5132.083	-0.088
5132.240	-0.088
5132.423	-0.089
5132.578	-0.089
5132.762	-0.088
5132.917	-0.088
5133.073	-0.089
5133.257	-0.088
5133.412	-0.088
5133.595	-0.088
5133.750	-0.089
5133.907	-0.090
5134.090	-0.088
5134.245	-0.088
5134.428	-0.088
5134.583	-0.088
5134.740	-0.088
5134.923	-0.088
5135.078	-0.089
5135.262	-0.088
5135.417	-0.088
5135.573	-0.088
5135.757	-0.089
5135.912	-0.088
5136.095	-0.088
5136.250	-0.088
5136.407	-0.088
5136.590	-0.088
5136.745	-0.088
5136.928	-0.088
5137.083	-0.088
5137.240	-0.088
5137.423	-0.088
5137.578	-0.088
5137.762	-0.088
5137.917	-0.088
5138.073	-0.088
5138.257	-0.088
5138.412	-0.088
5138.595	-0.088
5138.750	-0.088
5138.907	-0.088
5139.090	-0.088
5139.245	-0.088
5139.402	-0.088
5139.583	-0.088
5139.740	-0.088
5139.923	-0.088
5140.078	-0.089
5140.262	-0.088
5140.417	-0.088
5140.573	-0.088
5140.757	-0.088
5140.912	-0.088
5141.095	-0.088
5141.250	-0.088
5141.407	-0.088
5141.590	-0.088
5141.745	-0.088
5141.928	-0.088
5142.083	-0.089
5142.240	-0.088
5142.423	-0.088
5142.578	-0.088
5142.762	-0.088
5142.917	-0.088
5143.073	-0.088
5143.257	-0.088
5143.412	-0.088
5143.595	-0.088
5143.750	-0.088
5143.907	-0.088
5144.090	-0.088
5144.245	-0.088
5144.428	-0.090
5144.583	-0.088
5144.740	-0.088
5144.923	-0.088
5145.078	-0.088
5145.262	-0.088
5145.417	-0.088
5145.573	-0.089
5145.757	-0.088
5145.912	-0.088
5146.095	-0.088
5146.250	-0.089
5146.407	-0.088
5146.590	-0.088
5146.745	-0.088
5146.902	-0.088
5147.083	-0.088
5147.240	-0.088
5147.423	-0.088
5147.578	-0.088
5147.735	-0.088
5147.917	-0.089
5148.073	-0.088
5148.257	-0.088
5148.412	-0.088
5148.568	-0.088
5148.750	-0.088
5148.907	-0.088
5149.090	-0.088
5149.245	-0.088
5149.402	-0.088
5149.583	-0.088
5149.740	-0.088
5149.923	-0.088
5150.078	-0.088
5150.235	-0.088
5150.417	-0.088
5150.573	-0.088
5150.757	-0.088
5150.912	-0.088
5151.068	-0.088
5151.250	-0.088
5151.407	-0.089
5151.590	-0.088
5151.745	-0.088
5151.902	-0.089
5152.083	-0.088
5152.240	-0.088
5152.423	-0.088
5152.578	-0.088
5152.735	-0.088
5152.917	-0.088
5153.073	-0.088
5153.257	-0.088
5153.412	-0.088
5153.568	-0.088
5153.750	-0.088
5153.907	-0.088
5154.090	-0.088
5154.245	-0.088
5154.402	-0.088
5154.583	-0.088
5154.740	-0.088
5154.923	-0.088
5155.078	-0.088
5155.235	-0.089
5155.417	-0.088
5155.573	-0.088
5155.757	-0.088
5155.912	-0.088
5156.068	-0.088
5156.250	-0.088
5156.407	-0.088
5156.590	-0.088
5156.745	-0.088
5156.902	-0.088
5157.083	-0.089
5157.240	-0.089
5157.423	-0.089
5157.578	-0.088
5157.735	-0.088
5157.917	-0.088
5158.073	-0.088
5158.257	-0.088
5158.412	-0.088
5158.568	-0.088
5158.750	-0.088
5158.907	-0.089
5159.063	-0.088
5159.245	-0.088
5159.402	-0.088
5159.583	-0.088
5159.740	-0.088
5159.923	-0.088
5160.078	-0.088
5160.235	-0.088
5160.417	-0.089
5160.573	-0.088
5160.757	-0.089
5160.912	-0.088
5161.095	-0.088
5161.250	-0.088
5161.407	-0.088
5161.590	-0.088
5161.745	-0.088
5161.928	-0.088
5162.083	-0.088
5162.240	-0.088
5162.423	-0.088
5162.578	-0.088
5162.735	-0.088
5162.917	-0.088
5163.073	-0.088
5163.257	-0.088
5163.412	-0.089
5163.568	-0.089
5163.750	-0.088
5163.907	-0.088
5164.090	-0.088
5164.245	-0.088
5164.402	-0.088
5164.583	-0.088
5164.740	-0.088
5164.923	-0.088
5165.078	-0.088
5165.235	-0.088
5165.417	-0.088
5165.573	-0.088
5165.757	-0.088
5165.912	-0.089
5166.068	-0.088
5166.250	-0.088
5166.407	-0.088
5166.590	-0.088
5166.745	-0.089
5166.902	-0.088
5167.083	-0.089
5167.240	-0.089
5167.423	-0.088
5167.578	-0.088
5167.735	-0.089
5167.917	-0.089
5168.073	-0.088
5168.257	-0.089
5168.412	-0.088
5168.595	-0.088
5168.750	-0.088
5168.907	-0.088
5169.090	-0.088
5169.245	-0.088
5169.428	-0.088
5169.583	-0.088
5169.740	-0.088
5169.923	-0.088
5170.078	-0.088
5170.262	-0.088
5170.417	-0.088
5170.573	-0.088
5170.757	-0.088
5170.912	-0.088
5171.095	-0.088
5171.250	-0.088
5171.407	-0.088
5171.590	-0.089
5171.745	-0.088
5171.928	-0.088
5172.083	-0.089
5172.240	-0.088
5172.423	-0.088
5172.578	-0.088
5172.735	-0.088
5172.917	-0.088
5173.073	-0.088
5173.257	-0.089
5173.412	-0.088
5173.568	-0.088
5173.750	-0.089
5173.907	-0.088
5174.090	-0.088
5174.245	-0.089
5174.402	-0.088
5174.583	-0.088
5174.740	-0.088
5174.923	-0.088
5175.078	-0.088
5175.235	-0.088
5175.417	-0.089
5175.573	-0.088
5175.757	-0.088
5175.912	-0.088
5176.068	-0.088
5176.250	-0.088
5176.407	-0.088
5176.590	-0.088
5176.745	-0.088
5176.902	-0.088
5177.083	-0.088
5177.240	-0.088
5177.423	-0.088
5177.578	-0.088
5177.735	-0.088
5177.917	-0.088
5178.073	-0.088
5178.257	-0.088
5178.412	-0.088
5178.568	-0.089
5178.750	-0.088
5178.907	-0.088
5179.090	-0.088
5179.245	-0.088
5179.402	-0.088
5179.583	-0.088
5179.740	-0.088
5179.923	-0.088
5180.078	-0.088
5180.235	-0.088
5180.417	-0.089
5180.573	-0.088
5180.757	-0.089
5180.912	-0.089
5181.068	-0.088
5181.250	-0.089
5181.407	-0.088
5181.590	-0.088
5181.745	-0.088
5181.902	-0.088
5182.083	-0.088
5182.240	-0.088
5182.423	-0.088
5182.578	-0.088
5182.735	-0.088
5182.917	-0.088
5183.073	-0.088
5183.257	-0.088
5183.412	-0.088
5183.568	-0.088
5183.750	-0.088
5183.907	-0.088
5184.090	-0.088
5184.245	-0.088
5184.402	-0.088
5184.583	-0.088
5184.740	-0.088
5184.923	-0.088
5185.078	-0.088
5185.235	-0.088
5185.417	-0.088
5185.573	-0.088
5185.757	-0.088
5185.912	-0.088
5186.068	-0.088
5186.250	-0.088
5186.407	-0.088
5186.590	-0.088
5186.745	-0.088
5186.902	-0.088
5187.083	-0.088
5187.240	-0.088
5187.423	-0.088
5187.578	-0.088
5187.735	-0.088
5187.917	-0.088
5188.073	-0.088
5188.257	-0.088
5188.412	-0.088
5188.568	-0.088
5188.750	-0.088
5188.907	-0.088
5189.090	-0.088
5189.245	-0.088
5189.402	-0.088
5189.583	-0.088
5189.740	-0.088
5189.923	-0.088
5190.078	-0.088
5190.235	-0.089
5190.417	-0.088
5190.573	-0.088
5190.757	-0.088
5190.912	-0.088
5191.068	-0.088
5191.250	-0.088
5191.407	-0.088
5191.590	-0.088
5191.745	-0.088
5191.902	-0.088
5192.083	-0.088
5192.240	-0.088
5192.423	-0.088
5192.578	-0.088
5192.735	-0.088
5192.917	-0.089
5193.073	-0.088
5193.257	-0.088
5193.412	-0.088
5193.568	-0.088
5193.750	-0.088
5193.907	-0.088
5194.090	-0.088
5194.245	-0.088
5194.402	-0.088
5194.583	-0.089
5194.740	-0.088
5194.923	-0.088
5195.078	-0.088
5195.235	-0.088
5195.417	-0.088
5195.573	-0.088
5195.757	-0.088
5195.912	-0.088
5196.068	-0.088
5196.250	-0.088
5196.407	-0.088
5196.590	-0.088
5196.745	-0.088
5196.902	-0.088
5197.083	-0.088
5197.240	-0.088
5197.423	-0.089
5197.578	-0.088
5197.735	-0.088
5197.917	-0.088
5198.073	-0.088
5198.257	-0.089
5198.412	-0.088
5198.568	-0.088
5198.750	-0.088
5198.907	-0.088
5199.090	-0.088
5199.245	-0.088
5199.402	-0.088
5199.583	-0.089
5199.740	-0.088
5199.923	-0.088
5200.078	-0.089
5200.235	-0.088
5200.417	-0.088
5200.573	-0.089
5200.757	-0.088
5200.912	-0.088
5201.068	-0.088
5201.250	-0.088
5201.407	-0.088
5201.590	-0.088
5201.745	-0.088
5201.902	-0.088
5202.083	-0.088
5202.240	-0.089
5202.423	-0.088
5202.578	-0.088
5202.735	-0.088
5202.917	-0.088
5203.073	-0.088
5203.257	-0.088
5203.412	-0.088
5203.568	-0.088
5203.750	-0.088
5203.907	-0.088
5204.090	-0.088
5204.245	-0.088
5204.402	-0.088
5204.583	-0.088
5204.740	-0.088
5204.923	-0.088
5205.078	-0.088
5205.235	-0.088
5205.417	-0.088
5205.573	-0.088
5205.757	-0.088
5205.912	-0.088
5206.068	-0.088
5206.250	-0.088
5206.407	-0.088
5206.590	-0.088
5206.745	-0.088
5206.902	-0.088
5207.083	-0.088
5207.240	-0.088
5207.423	-0.089
5207.578	-0.088
5207.735	-0.088
5207.917	-0.089
5208.073	-0.088
5208.257	-0.088
5208.412	-0.088
5208.568	-0.088
5208.750	-0.088
5208.907	-0.088
5209.090	-0.088
5209.245	-0.088
5209.402	-0.089
5209.583	-0.088
5209.740	-0.088
5209.923	-0.088
5210.078	-0.088
5210.235	-0.088
5210.417	-0.088
5210.573	-0.088
5210.757	-0.088
5210.912	-0.088
5211.068	-0.088
5211.250	-0.088
5211.407	-0.088
5211.590	-0.088
5211.745	-0.088
5211.902	-0.088
5212.083	-0.089
5212.240	-0.089
5212.423	-0.088
5212.578	-0.088
5212.735	-0.088
5212.917	-0.088
5213.073	-0.088
5213.257	-0.088
5213.412	-0.088
5213.568	-0.089
5213.750	-0.088
5213.907	-0.088
5214.090	-0.088
5214.245	-0.088
5214.402	-0.088
5214.583	-0.088
5214.740	-0.088
5214.923	-0.089
5215.078	-0.088
5215.235	-0.088
5215.417	-0.088
5215.573	-0.088
5215.757	-0.088
5215.912	-0.088
5216.068	-0.088
5216.250	-0.088
5216.407	-0.088
5216.590	-0.089
5216.745	-0.089
5216.902	-0.088
5217.083	-0.088
5217.240	-0.088
5217.423	-0.088
5217.578	-0.089
5217.735	-0.088
5217.917	-0.088
5218.073	-0.088
5218.257	-0.088
5218.412	-0.089
5218.568	-0.088
5218.750	-0.089
5218.907	-0.089
5219.090	-0.088
5219.245	-0.088
5219.402	-0.088
5219.583	-0.089
5219.740	-0.089
5219.923	-0.088
5220.078	-0.088
5220.235	-0.088
5220.417	-0.088
5220.573	-0.089
5220.757	-0.089
5220.912	-0.088
5221.068	-0.088
5221.250	-0.089
5221.407	-0.088
5221.590	-0.088
5221.745	-0.089
5221.902	-0.088
5222.083	-0.088
5222.240	-0.089
5222.423	-0.088
5222.578	-0.088
5222.735	-0.088
5222.917	-0.088
5223.073	-0.088
5223.257	-0.088
5223.412	-0.089
5223.568	-0.089
5223.750	-0.088
5223.907	-0.089
5224.090	-0.088
5224.245	-0.088
5224.402	-0.088
5224.583	-0.088
5224.740	-0.088
5224.923	-0.088
5225.078	-0.088
5225.235	-0.088
5225.417	-0.088
5225.573	-0.089
5225.757	-0.088
5225.912	-0.088
5226.068	-0.088
5226.250	-0.088
5226.407	-0.088
5226.590	-0.088
5226.745	-0.088
5226.902	-0.088
5227.083	-0.088
5227.240	-0.088
5227.423	-0.088
5227.578	-0.088
5227.735	-0.088
5227.917	-0.088
5228.073	-0.088
5228.257	-0.089
5228.412	-0.088
5228.568	-0.088
5228.750	-0.088
5228.907	-0.088
5229.090	-0.088
5229.245	-0.088
5229.402	-0.088
5229.583	-0.089
5229.740	-0.088
5229.923	-0.088
5230.078	-0.088
5230.235	-0.088
5230.417	-0.088
5230.573	-0.088
5230.757	-0.088
5230.912	-0.088
5231.068	-0.088
5231.250	-0.088
5231.407	-0.088
5231.563	-0.088
5231.745	-0.088
5231.902	-0.088
5232.083	-0.088
5232.240	-0.089
5232.423	-0.088
5232.578	-0.088
5232.735	-0.089
5232.917	-0.089
5233.073	-0.089
5233.230	-0.089
5233.412	-0.088
5233.568	-0.088
5233.750	-0.088
5233.907	-0.088
5234.090	-0.088
5234.245	-0.088
5234.402	-0.088
5234.583	-0.088
5234.740	-0.088
5234.923	-0.088
5235.078	-0.088
5235.235	-0.089
5235.417	-0.089
5235.573	-0.088
5235.730	-0.088
5235.912	-0.088
5236.068	-0.088
5236.250	-0.088
5236.407	-0.088
5236.590	-0.088
5236.745	-0.088
5236.902	-0.088
5237.083	-0.089
5237.240	-0.088
5237.423	-0.088
5237.578	-0.088
5237.735	-0.088
5237.917	-0.088
5238.073	-0.088
5238.257	-0.088
5238.412	-0.088
5238.568	-0.088
5238.750	-0.088
5238.907	-0.088
5239.090	-0.088
5239.245	-0.088
5239.402	-0.088
5239.583	-0.088
5239.740	-0.088
5239.923	-0.088
5240.078	-0.088
5240.235	-0.088
5240.417	-0.088
5240.573	-0.088
5240.757	-0.088
5240.912	-0.088
5241.068	-0.089
5241.250	-0.088
5241.407	-0.088
5241.563	-0.088
5241.745	-0.088
5241.902	-0.088
5242.083	-0.088
5242.240	-0.088
5242.423	-0.089
5242.578	-0.088
5242.735	-0.088
5242.917	-0.088
5243.073	-0.088
5243.257	-0.088
5243.412	-0.088
5243.568	-0.088
5243.750	-0.088
5243.907	-0.089
5244.090	-0.088
5244.245	-0.088
5244.402	-0.088
5244.583	-0.088
5244.740	-0.088
5244.923	-0.088
5245.078	-0.088
5245.235	-0.088
5245.417	-0.088
5245.573	-0.088
5245.757	-0.088
5245.912	-0.088
5246.068	-0.088
5246.250	-0.088
5246.407	-0.088
5246.590	-0.088
5246.745	-0.088
5246.902	-0.088
5247.083	-0.088
5247.240	-0.088
5247.423	-0.088
5247.578	-0.088
5247.735	-0.088
5247.917	-0.089
5248.073	-0.088
5248.257	-0.088
5248.412	-0.088
5248.568	-0.088
5248.750	-0.088
5248.907	-0.088
5249.090	-0.088
5249.245	-0.088
5249.402	-0.088
5249.583	-0.088
5249.740	-0.088
5249.923	-0.088
5250.078	-0.088
5250.235	-0.088
5250.417	-0.088
5250.573	-0.088
5250.757	-0.088
5250.912	-0.088
5251.068	-0.088
5251.250	-0.088
5251.407	-0.088
5251.590	-0.088
5251.745	-0.088
5251.902	-0.088
5252.083	-0.088
5252.240	-0.088
5252.423	-0.088
5252.578	-0.088
5252.735	-0.088
5252.917	-0.089
5253.073	-0.089
5253.257	-0.088
5253.412	-0.088
5253.568	-0.088
5253.750	-0.088
5253.907	-0.088
5254.090	-0.088
5254.245	-0.088
5254.402	-0.088
5254.583	-0.088
5254.740	-0.088
5254.896	-0.088
5255.078	-0.088
5255.235	-0.089
5255.417	-0.088
5255.573	-0.088
5255.757	-0.088
5255.912	-0.088
5256.068	-0.088
5256.250	-0.088
5256.407	-0.088
5256.563	-0.088
5256.745	-0.088
5256.902	-0.089
5257.083	-0.088
5257.240	-0.088
5257.396	-0.089
5257.578	-0.089
5257.735	-0.089
5257.917	-0.088
5258.073	-0.088
5258.230	-0.088
5258.412	-0.088
5258.568	-0.088
5258.750	-0.088
5258.907	-0.089
5259.063	-0.088
5259.245	-0.088
5259.402	-0.088
5259.583	-0.088
5259.740	-0.088
5259.896	-0.089
5260.078	-0.088
5260.235	-0.088
5260.417	-0.088
5260.573	-0.088
5260.730	-0.088
5260.912	-0.088
5261.068	-0.088
5261.250	-0.088
5261.407	-0.088
5261.563	-0.088
5261.745	-0.088
5261.902	-0.090
5262.083	-0.088
5262.240	-0.088
5262.396	-0.088
5262.578	-0.088
5262.735	-0.089
5262.917	-0.088
5263.073	-0.088
5263.230	-0.088
5263.412	-0.088
5263.568	-0.088
5263.750	-0.088
5263.907	-0.088
5264.063	-0.088
5264.245	-0.088
5264.402	-0.088
5264.583	-0.088
5264.740	-0.089
5264.896	-0.088
5265.078	-0.088
5265.235	-0.088
5265.417	-0.088
5265.573	-0.088
5265.730	-0.088
5265.912	-0.088
5266.068	-0.088
5266.250	-0.089
5266.407	-0.088
5266.563	-0.088
5266.745	-0.088
5266.902	-0.088
5267.083	-0.088
5267.240	-0.088
5267.396	-0.089
5267.578	-0.088
5267.735	-0.088
5267.917	-0.088
5268.073	-0.089
5268.230	-0.088
5268.412	-0.088
5268.568	-0.088
5268.750	-0.088
5268.907	-0.088
5269.063	-0.088
5269.245	-0.088
5269.402	-0.088
5269.583	-0.090
5269.740	-0.088
5269.896	-0.089
5270.078	-0.088
5270.235	-0.088
5270.417	-0.088
5270.573	-0.089
5270.730	-0.089
5270.912	-0.088
5271.068	-0.088
5271.250	-0.088
5271.407	-0.088
5271.563	-0.089
5271.745	-0.089
5271.902	-0.088
5272.083	-0.089
5272.240	-0.088
5272.396	-0.088
5272.578	-0.088
5272.735	-0.088
5272.917	-0.089
5273.073	-0.088
5273.230	-0.088
5273.412	-0.088
5273.568	-0.088
5273.750	-0.088
5273.907	-0.089
5274.063	-0.088
5274.245	-0.088
5274.402	-0.088
5274.583	-0.088
5274.740	-0.088
5274.896	-0.088
5275.078	-0.090
5275.235	-0.088
5275.417	-0.088
5275.573	-0.088
5275.730	-0.088
5275.912	-0.088
5276.068	-0.089
5276.250	-0.088
5276.407	-0.088
5276.563	-0.088
5276.745	-0.088
5276.902	-0.088
5277.083	-0.089
5277.240	-0.088
5277.396	-0.088
5277.578	-0.088
5277.735	-0.088
5277.917	-0.088
5278.073	-0.089
5278.230	-0.088
5278.412	-0.088
5278.568	-0.088
5278.750	-0.088
5278.907	-0.088
5279.063	-0.088
5279.245	-0.089
5279.402	-0.089
5279.583	-0.088
5279.740	-0.088
5279.896	-0.088
5280.078	-0.088
5280.235	-0.088
5280.417	-0.088
5280.573	-0.088
5280.730	-0.088
5280.912	-0.088
5281.068	-0.088
5281.250	-0.088
5281.407	-0.088
5281.563	-0.088
5281.745	-0.089
5281.902	-0.088
5282.083	-0.088
5282.240	-0.089
5282.396	-0.088
5282.578	-0.088
5282.735	-0.088
5282.917	-0.088
5283.073	-0.089
5283.230	-0.088
5283.412	-0.089
5283.568	-0.088
5283.750	-0.089
5283.907	-0.088
5284.063	-0.088
5284.245	-0.088
5284.402	-0.088
5284.583	-0.088
5284.740	-0.089
5284.896	-0.089
5285.078	-0.088
5285.235	-0.088
5285.417	-0.088
5285.573	-0.090
5285.730	-0.088
5285.912	-0.088
5286.068	-0.088
5286.250	-0.089
5286.407	-0.088
5286.563	-0.089
5286.745	-0.088
5286.902	-0.088
5287.083	-0.088
5287.240	-0.088
5287.396	-0.088
5287.578	-0.088
5287.735	-0.088
5287.917	-0.088
5288.073	-0.088
5288.230	-0.088
5288.412	-0.088
5288.568	-0.088
5288.750	-0.088
5288.907	-0.088
5289.063	-0.088
5289.245	-0.089
5289.402	-0.088
5289.583	-0.089
5289.740	-0.088
5289.896	-0.088
5290.078	-0.088
5290.235	-0.089
5290.417	-0.088
5290.573	-0.088
5290.730	-0.088
5290.912	-0.088
5291.068	-0.088
5291.250	-0.088
5291.407	-0.088
5291.563	-0.088
5291.745	-0.088
5291.902	-0.089
5292.083	-0.088
5292.240	-0.088
5292.396	-0.088
5292.578	-0.088
5292.735	-0.088
5292.917	-0.088
5293.073	-0.088
5293.230	-0.089
5293.412	-0.088
5293.568	-0.088
5293.750	-0.088
5293.907	-0.088
5294.063	-0.088
5294.245	-0.089
5294.402	-0.088
5294.583	-0.089
5294.740	-0.088
5294.923	-0.088
5295.078	-0.090
5295.235	-0.088
5295.417	-0.088
5295.573	-0.088
5295.730	-0.088
5295.912	-0.088
5296.068	-0.088
5296.250	-0.089
5296.407	-0.088
5296.590	-0.088
5296.745	-0.088
5296.902	-0.088
5297.083	-0.088
5297.240	-0.088
5297.396	-0.088
5297.578	-0.088
5297.735	-0.088
5297.917	-0.088
5298.073	-0.088
5298.230	-0.088
5298.412	-0.089
5298.568	-0.088
5298.750	-0.088
5298.907	-0.090
5299.063	-0.088
5299.245	-0.088
5299.402	-0.088
5299.583	-0.088
5299.740	-0.088
5299.896	-0.088
5300.078	-0.088
5300.235	-0.088
5300.417	-0.088
5300.573	-0.090
5300.730	-0.088
5300.912	-0.088
5301.068	-0.088
5301.250	-0.088
5301.407	-0.088
5301.563	-0.088
5301.745	-0.088
5301.902	-0.088
5302.083	-0.088
5302.240	-0.088
5302.396	-0.088
5302.578	-0.089
5302.735	-0.088
5302.917	-0.088
5303.073	-0.088
5303.230	-0.088
5303.412	-0.088
5303.568	-0.088
5303.750	-0.088
5303.907	-0.088
5304.063	-0.089
5304.245	-0.088
5304.402	-0.088
5304.583	-0.088
5304.740	-0.089
5304.896	-0.088
5305.078	-0.088
5305.235	-0.088
5305.417	-0.088
5305.573	-0.088
5305.730	-0.088
5305.912	-0.088
5306.068	-0.088
5306.250	-0.088
5306.407	-0.088
5306.563	-0.088
5306.745	-0.088
5306.902	-0.088
5307.083	-0.088
5307.240	-0.088
5307.396	-0.088
5307.578	-0.088
5307.735	-0.088
5307.917	-0.088
5308.073	-0.088
5308.230	-0.088
5308.412	-0.089
5308.568	-0.088
5308.750	-0.088
5308.907	-0.088
5309.063	-0.088
5309.245	-0.088
5309.402	-0.088
5309.583	-0.088
5309.740	-0.088
5309.896	-0.088
5310.078	-0.089
5310.235	-0.088
5310.417	-0.088
5310.573	-0.088
5310.730	-0.088
5310.912	-0.088
5311.068	-0.088
5311.250	-0.088
5311.407	-0.088
5311.563	-0.088
5311.745	-0.088
5311.902	-0.088
5312.083	-0.088
5312.240	-0.088
5312.396	-0.088
5312.578	-0.088
5312.735	-0.088
5312.917	-0.088
5313.073	-0.088
5313.230	-0.088
5313.412	-0.088
5313.568	-0.088
5313.750	-0.089
5313.907	-0.088
5314.063	-0.089
5314.245	-0.088
5314.402	-0.090
5314.583	-0.088
5314.740	-0.089
5314.896	-0.088
5315.078	-0.089
5315.235	-0.088
5315.417	-0.088
5315.573	-0.088
5315.730	-0.088
5315.912	-0.088
5316.068	-0.088
5316.250	-0.088
5316.407	-0.088
5316.563	-0.088
5316.745	-0.088
5316.902	-0.088
5317.083	-0.089
5317.240	-0.088
5317.396	-0.088
5317.578	-0.088
5317.735	-0.088
5317.917	-0.089
5318.073	-0.088
5318.230	-0.088
5318.412	-0.089
5318.568	-0.088
5318.750	-0.089
5318.907	-0.089
5319.063	-0.089
5319.245	-0.088
5319.402	-0.088
5319.583	-0.088
5319.740	-0.088
5319.896	-0.088
5320.078	-0.088
5320.235	-0.089
5320.417	-0.089
5320.573	-0.088
5320.730	-0.089
5320.912	-0.088
5321.068	-0.088
5321.250	-0.088
5321.407	-0.088
5321.563	-0.089
5321.745	-0.088
5321.902	-0.088
5322.083	-0.088
5322.240	-0.089
5322.396	-0.088
5322.578	-0.088
5322.735	-0.088
5322.917	-0.089
5323.073	-0.088
5323.230	-0.089
5323.412	-0.089
5323.568	-0.088
5323.750	-0.089
5323.907	-0.089
5324.063	-0.088
5324.245	-0.088
5324.402	-0.088
5324.583	-0.088
5324.740	-0.088
5324.896	-0.088
5325.078	-0.088
5325.235	-0.088
5325.417	-0.088
5325.573	-0.088
5325.730	-0.088
5325.912	-0.088
5326.068	-0.088
5326.250	-0.088
5326.407	-0.089
5326.563	-0.088
5326.745	-0.088
5326.902	-0.088
5327.083	-0.088
5327.240	-0.088
5327.396	-0.088
5327.578	-0.088
5327.735	-0.088
5327.917	-0.088
5328.073	-0.088
5328.230	-0.088
5328.412	-0.088
5328.568	-0.089
5328.750	-0.088
5328.907	-0.088
5329.063	-0.088
5329.245	-0.088
5329.402	-0.088
5329.583	-0.088
5329.740	-0.090
5329.896	-0.088
5330.078	-0.088
5330.235	-0.088
5330.417	-0.088
5330.573	-0.089
5330.730	-0.088
5330.912	-0.088
5331.068	-0.088
5331.250	-0.089
5331.407	-0.089
5331.563	-0.088
5331.745	-0.089
5331.902	-0.088
5332.083	-0.088
5332.240	-0.088
5332.396	-0.088
5332.578	-0.088
5332.735	-0.088
5332.917	-0.088
5333.073	-0.089
5333.230	-0.088
5333.412	-0.088
5333.568	-0.090
5333.750	-0.088
5333.907	-0.088
5334.063	-0.088
5334.245	-0.088
5334.402	-0.088
5334.583	-0.088
5334.740	-0.088
5334.896	-0.089
5335.078	-0.088
5335.235	-0.089
5335.417	-0.088
5335.573	-0.088
5335.730	-0.088
5335.912	-0.089
5336.068	-0.088
5336.250	-0.088
5336.407	-0.088
5336.563	-0.090
5336.745	-0.088
5336.902	-0.088
5337.083	-0.088
5337.240	-0.088
5337.396	-0.088
5337.578	-0.088
5337.735	-0.088
5337.917	-0.090
5338.073	-0.089
5338.230	-0.088
5338.412	-0.089
5338.568	-0.088
5338.750	-0.088
5338.907	-0.088
5339.063	-0.088
5339.245	-0.088
5339.402	-0.088
5339.583	-0.088
5339.740	-0.088
5339.896	-0.089
5340.078	-0.088
5340.235	-0.088
5340.417	-0.089
5340.573	-0.088
5340.730	-0.088
5340.912	-0.088
5341.068	-0.088
5341.225	-0.090
5341.407	-0.088
5341.563	-0.089
5341.745	-0.088
5341.902	-0.088
5342.083	-0.088
5342.240	-0.088
5342.396	-0.088
5342.578	-0.088
5342.735	-0.088
5342.892	-0.088
5343.073	-0.088
5343.230	-0.089
5343.412	-0.088
5343.568	-0.089
5343.750	-0.088
5343.907	-0.088
5344.063	-0.088
5344.245	-0.088
5344.402	-0.089
5344.558	-0.088
5344.740	-0.088
5344.896	-0.088
5345.078	-0.088
5345.235	-0.089
5345.417	-0.089
5345.573	-0.088
5345.730	-0.088
5345.912	-0.088
5346.068	-0.089
5346.250	-0.088
5346.407	-0.088
5346.563	-0.088
5346.745	-0.088
5346.902	-0.089
5347.058	-0.090
5347.240	-0.089
5347.396	-0.088
5347.578	-0.088
5347.735	-0.088
5347.917	-0.090
5348.073	-0.088
5348.230	-0.088
5348.412	-0.088
5348.568	-0.088
5348.750	-0.088
5348.907	-0.089
5349.063	-0.088
5349.245	-0.089
5349.402	-0.088
5349.583	-0.088
5349.740	-0.088
5349.896	-0.088
5350.078	-0.088
5350.235	-0.088
5350.392	-0.088
5350.573	-0.088
5350.730	-0.088
5350.912	-0.089
5351.068	-0.089
5351.250	-0.088
5351.407	-0.088
5351.563	-0.088
5351.745	-0.088
5351.902	-0.088
5352.058	-0.088
5352.240	-0.088
5352.396	-0.088
5352.578	-0.088
5352.735	-0.088
5352.892	-0.088
5353.073	-0.088
5353.230	-0.088
5353.412	-0.088
5353.568	-0.088
5353.725	-0.088
5353.907	-0.089
5354.063	-0.088
5354.245	-0.088
5354.402	-0.088
5354.583	-0.088
5354.740	-0.088
5354.896	-0.089
5355.078	-0.089
5355.235	-0.088
5355.417	-0.088
5355.573	-0.089
5355.730	-0.088
5355.912	-0.089
5356.068	-0.088
5356.250	-0.088
5356.407	-0.089
5356.563	-0.088
5356.745	-0.088
5356.902	-0.089
5357.083	-0.088
5357.240	-0.088
5357.396	-0.088
5357.578	-0.088
5357.735	-0.089
5357.892	-0.088
5358.073	-0.088
5358.230	-0.088
5358.412	-0.088
5358.568	-0.088
5358.725	-0.088
5358.907	-0.088
5359.063	-0.088
5359.245	-0.088
5359.402	-0.088
5359.558	-0.088
5359.740	-0.088
5359.896	-0.088
5360.078	-0.088
5360.235	-0.088
5360.417	-0.088
5360.573	-0.088
5360.730	-0.088
5360.912	-0.089
5361.068	-0.089
5361.250	-0.088
5361.407	-0.088
5361.563	-0.088
5361.745	-0.088
5361.902	-0.089
5362.083	-0.089
5362.240	-0.088
5362.396	-0.088
5362.578	-0.088
5362.735	-0.088
5362.892	-0.088
5363.073	-0.088
5363.230	-0.089
5363.412	-0.088
5363.568	-0.088
5363.750	-0.088
5363.907	-0.088
5364.063	-0.088
5364.245	-0.088
5364.402	-0.088
5364.558	-0.088
5364.740	-0.088
5364.896	-0.088
5365.078	-0.088
5365.235	-0.088
5365.417	-0.088
5365.573	-0.088
5365.730	-0.088
5365.912	-0.088
5366.068	-0.089
5366.250	-0.088
5366.407	-0.088
5366.563	-0.088
5366.745	-0.088
5366.902	-0.088
5367.058	-0.088
5367.240	-0.088
5367.396	-0.088
5367.578	-0.088
5367.735	-0.088
5367.917	-0.088
5368.073	-0.088
5368.230	-0.088
5368.412	-0.088
5368.568	-0.090
5368.750	-0.088
5368.907	-0.088
5369.063	-0.088
5369.245	-0.088
5369.402	-0.088
5369.558	-0.088
5369.740	-0.089
5369.896	-0.088
5370.078	-0.088
5370.235	-0.088
5370.392	-0.089
5370.573	-0.088
5370.730	-0.088
5370.912	-0.088
5371.068	-0.088
5371.225	-0.088
5371.407	-0.088
5371.563	-0.088
5371.745	-0.088
5371.902	-0.088
5372.058	-0.088
5372.240	-0.088
5372.396	-0.088
5372.578	-0.088
5372.735	-0.088
5372.892	-0.089
5373.073	-0.088
5373.230	-0.088
5373.412	-0.088
5373.568	-0.088
5373.750	-0.088
5373.907	-0.088
5374.063	-0.088
5374.245	-0.088
5374.402	-0.089
5374.583	-0.088
5374.740	-0.088
5374.896	-0.090
5375.078	-0.088
5375.235	-0.088
5375.417	-0.088
5375.573	-0.088
5375.730	-0.088
5375.912	-0.088
5376.068	-0.088
5376.225	-0.088
5376.407	-0.088
5376.563	-0.089
5376.745	-0.088
5376.902	-0.088
5377.083	-0.088
5377.240	-0.088
5377.396	-0.088
5377.578	-0.088
5377.735	-0.089
5377.892	-0.088
5378.073	-0.088
5378.230	-0.088
5378.412	-0.088
5378.568	-0.088
5378.750	-0.088
5378.907	-0.088
5379.063	-0.088
5379.245	-0.088
5379.402	-0.088
5379.558	-0.088
5379.740	-0.088
5379.896	-0.088
5380.078	-0.088
5380.235	-0.088
5380.392	-0.089
5380.573	-0.089
5380.730	-0.088
5380.912	-0.088
5381.068	-0.088
5381.225	-0.088
5381.407	-0.088
5381.563	-0.088
5381.745	-0.088
5381.902	-0.088
5382.058	-0.088
5382.240	-0.088
5382.396	-0.088
5382.578	-0.088
5382.735	-0.088
5382.892	-0.088
5383.073	-0.088
5383.230	-0.088
5383.412	-0.088
5383.568	-0.088
5383.725	-0.088
5383.907	-0.088
5384.063	-0.088
5384.245	-0.088
5384.402	-0.088
5384.558	-0.088
5384.740	-0.088
5384.896	-0.088
5385.078	-0.088
5385.235	-0.088
5385.392	-0.088
5385.573	-0.088
5385.730	-0.088
5385.912	-0.088
5386.068	-0.088
5386.225	-0.088
5386.407	-0.088
5386.563	-0.088
5386.745	-0.088
5386.902	-0.088
5387.058	-0.088
5387.240	-0.088
5387.396	-0.088
5387.578	-0.088
5387.735	-0.088
5387.892	-0.088
5388.073	-0.088
5388.230	-0.089
5388.412	-0.088
5388.568	-0.088
5388.725	-0.088
5388.907	-0.088
5389.063	-0.088
5389.245	-0.088
5389.402	-0.089
5389.558	-0.088
5389.740	-0.088
5389.896	-0.088
5390.078	-0.088
5390.235	-0.088
5390.392	-0.088
5390.573	-0.088
5390.730	-0.088
5390.912	-0.088
5391.068	-0.088
5391.225	-0.088
5391.407	-0.088
5391.563	-0.088
5391.745	-0.089
5391.902	-0.088
5392.058	-0.089
5392.240	-0.088
5392.396	-0.089
5392.578	-0.089
5392.735	-0.088
5392.892	-0.088
5393.073	-0.089
5393.230	-0.088
5393.412	-0.088
5393.568	-0.088
5393.725	-0.089
5393.907	-0.088
5394.063	-0.088
5394.245	-0.089
5394.402	-0.088
5394.558	-0.090
5394.740	-0.088
5394.896	-0.089
5395.078	-0.088
5395.235	-0.088
5395.392	-0.088
5395.573	-0.088
5395.730	-0.088
5395.912	-0.088
5396.068	-0.088
5396.225	-0.088
5396.407	-0.088
5396.563	-0.088
5396.745	-0.088
5396.902	-0.088
5397.058	-0.088
5397.240	-0.088
5397.396	-0.088
5397.578	-0.088
5397.735	-0.089
5397.892	-0.089
5398.073	-0.089
5398.230	-0.088
5398.412	-0.088
5398.568	-0.089
5398.725	-0.088
5398.907	-0.089
5399.063	-0.088
5399.245	-0.088
5399.402	-0.088
5399.558	-0.088
5399.740	-0.088
5399.896	-0.089
5400.078	-0.089
5400.235	-0.088
5400.417	-0.088
5400.573	-0.088
5400.730	-0.089
5400.912	-0.089
5401.068	-0.088
5401.225	-0.090
5401.407	-0.088
5401.563	-0.088
5401.745	-0.088
5401.902	-0.088
5402.058	-0.089
5402.240	-0.089
5402.396	-0.088
5402.578	-0.088
5402.735	-0.088
5402.892	-0.088
5403.073	-0.088
5403.230	-0.088
5403.412	-0.088
5403.568	-0.088
5403.725	-0.088
5403.907	-0.089
5404.063	-0.088
5404.245	-0.088
5404.402	-0.088
5404.558	-0.088
5404.740	-0.088
5404.896	-0.089
5405.078	-0.088
5405.235	-0.088
5405.392	-0.088
5405.573	-0.088
5405.730	-0.088
5405.912	-0.088
5406.068	-0.089
5406.225	-0.088
5406.407	-0.088
5406.563	-0.088
5406.745	-0.088
5406.902	-0.088
5407.058	-0.088
5407.240	-0.089
5407.396	-0.088
5407.578	-0.088
5407.735	-0.088
5407.892	-0.089
5408.073	-0.088
5408.230	-0.088
5408.412	-0.088
5408.568	-0.088
5408.725	-0.088
5408.907	-0.089
5409.063	-0.088
5409.245	-0.088
5409.402	-0.088
5409.558	-0.088
5409.740	-0.088
5409.896	-0.088
5410.078	-0.088
5410.235	-0.088
5410.392	-0.090
5410.573	-0.088
5410.730	-0.088
5410.912	-0.088
5411.068	-0.088
5411.225	-0.088
5411.407	-0.088
5411.563	-0.088
5411.745	-0.088
5411.902	-0.088
5412.058	-0.088
5412.240	-0.088
5412.396	-0.088
5412.578	-0.088
5412.735	-0.088
5412.892	-0.088
5413.073	-0.088
5413.230	-0.089
5413.412	-0.088
5413.568	-0.088
5413.725	-0.088
5413.907	-0.088
5414.063	-0.088
5414.245	-0.090
5414.402	-0.088
5414.558	-0.089
5414.740	-0.088
5414.896	-0.088
5415.078	-0.089
5415.235	-0.088
5415.392	-0.088
5415.573	-0.089
5415.730	-0.088
5415.912	-0.088
5416.068	-0.088
5416.225	-0.088
5416.407	-0.088
5416.563	-0.088
5416.745	-0.088
5416.902	-0.088
5417.058	-0.088
5417.240	-0.088
5417.396	-0.090
5417.578	-0.089
5417.735	-0.088
5417.892	-0.088
5418.073	-0.088
5418.230	-0.088
5418.412	-0.089
5418.568	-0.088
5418.725	-0.088
5418.907	-0.088
5419.063	-0.089
5419.245	-0.088
5419.402	-0.088
5419.558	-0.088
5419.740	-0.089
5419.896	-0.088
5420.078	-0.088
5420.235	-0.089
5420.392	-0.088
5420.573	-0.088
5420.730	-0.088
5420.912	-0.088
5421.068	-0.088
5421.225	-0.088
5421.407	-0.088
5421.563	-0.088
5421.720	-0.089
5421.902	-0.088
5422.058	-0.089
5422.240	-0.088
5422.396	-0.088
5422.578	-0.088
5422.735	-0.088
5422.892	-0.088
5423.073	-0.088
5423.230	-0.089
5423.412	-0.088
5423.568	-0.088
5423.725	-0.088
5423.907	-0.088
5424.063	-0.088
5424.245	-0.088
5424.402	-0.089
5424.558	-0.088
5424.740	-0.088
5424.896	-0.088
5425.078	-0.089
5425.235	-0.088
5425.392	-0.088
5425.573	-0.088
5425.730	-0.088
5425.912	-0.088
5426.068	-0.088
5426.225	-0.088
5426.407	-0.088
5426.563	-0.089
5426.745	-0.088
5426.902	-0.089
5427.058	-0.088
5427.240	-0.088
5427.396	-0.088
5427.553	-0.088
5427.735	-0.088
5427.892	-0.088
5428.073	-0.088
5428.230	-0.089
5428.412	-0.090
5428.568	-0.088
5428.725	-0.088
5428.907	-0.088
5429.063	-0.088
5429.220	-0.089
5429.402	-0.088
5429.558	-0.089
5429.740	-0.089
5429.896	-0.088
5430.078	-0.088
5430.235	-0.089
5430.392	-0.088
5430.573	-0.088
5430.730	-0.088
5430.887	-0.088
5431.068	-0.088
5431.225	-0.089
5431.407	-0.088
5431.563	-0.088
5431.745	-0.088
5431.902	-0.088
5432.058	-0.088
5432.240	-0.088
5432.396	-0.089
5432.578	-0.088
5432.735	-0.088
5432.892	-0.088
5433.073	-0.089
5433.230	-0.088
5433.412	-0.088
5433.568	-0.088
5433.725	-0.088
5433.907	-0.088
5434.063	-0.088
5434.245	-0.088
5434.402	-0.088
5434.558	-0.088
5434.740	-0.088
5434.896	-0.088
5435.053	-0.088
5435.235	-0.088
5435.392	-0.088
5435.573	-0.088
5435.730	-0.088
5435.912	-0.089
5436.068	-0.088
5436.225	-0.088
5436.407	-0.088
5436.563	-0.088
5436.745	-0.089
5436.902	-0.088
5437.058	-0.088
5437.240	-0.089
5437.396	-0.088
5437.578	-0.088
5437.735	-0.088
5437.892	-0.088
5438.073	-0.088
5438.230	-0.088
5438.412	-0.088
5438.568	-0.089
5438.725	-0.088
5438.907	-0.089
5439.063	-0.088
5439.245	-0.088
5439.402	-0.088
5439.558	-0.089
5439.740	-0.088
5439.896	-0.088
5440.078	-0.089
5440.235	-0.088
5440.392	-0.089
5440.573	-0.088
5440.730	-0.088
5440.912	-0.088
5441.068	-0.088
5441.225	-0.088
5441.407	-0.088
5441.563	-0.088
5441.720	-0.088
5441.902	-0.088
5442.058	-0.088
5442.240	-0.088
5442.396	-0.088
5442.553	-0.089
5442.735	-0.090
5442.892	-0.088
5443.073	-0.089
5443.230	-0.088
5443.412	-0.088
5443.568	-0.088
5443.725	-0.089
5443.907	-0.088
5444.063	-0.088
5444.245	-0.088
5444.402	-0.088
5444.558	-0.088
5444.740	-0.088
5444.896	-0.089
5445.053	-0.088
5445.235	-0.088
5445.392	-0.088
5445.573	-0.088
5445.730	-0.088
5445.912	-0.088
5446.068	-0.088
5446.225	-0.088
5446.407	-0.088
5446.563	-0.088
5446.745	-0.088
5446.902	-0.088
5447.058	-0.089
5447.240	-0.088
5447.396	-0.088
5447.578	-0.088
5447.735	-0.088
5447.892	-0.088
5448.073	-0.088
5448.230	-0.089
5448.387	-0.088
5448.568	-0.088
5448.725	-0.089
5448.907	-0.088
5449.063	-0.088
5449.245	-0.089
5449.402	-0.088
5449.558	-0.089
5449.740	-0.088
5449.896	-0.089
5450.078	-0.088
5450.235	-0.088
5450.392	-0.088
5450.573	-0.088
5450.730	-0.088
5450.887	-0.088
5451.068	-0.088
5451.225	-0.088
5451.407	-0.088
5451.563	-0.088
5451.745	-0.088
5451.902	-0.088
5452.058	-0.088
5452.240	-0.088
5452.396	-0.088
5452.553	-0.088
5452.735	-0.088
5452.892	-0.088
5453.073	-0.088
5453.230	-0.089
5453.412	-0.088
5453.568	-0.088
5453.725	-0.088
5453.907	-0.089
5454.063	-0.088
5454.245	-0.088
5454.402	-0.088
5454.558	-0.088
5454.740	-0.088
5454.896	-0.088
5455.053	-0.088
5455.235	-0.088
5455.392	-0.088
5455.573	-0.088
5455.730	-0.088
5455.912	-0.089
5456.068	-0.088
5456.225	-0.088
5456.407	-0.088
5456.563	-0.088
5456.720	-0.089
5456.902	-0.088
5457.058	-0.088
5457.240	-0.089
5457.396	-0.088
5457.553	-0.088
5457.735	-0.088
5457.892	-0.088
5458.073	-0.088
5458.230	-0.088
5458.387	-0.089
5458.568	-0.088
5458.725	-0.089
5458.907	-0.088
5459.063	-0.088
5459.220	-0.088
5459.402	-0.088
5459.558	-0.088
5459.740	-0.089
5459.896	-0.088
5460.078	-0.088
5460.235	-0.089
5460.392	-0.088
5460.573	-0.089
5460.730	-0.088
5460.887	-0.088
5461.068	-0.088
5461.225	-0.088
5461.407	-0.088
5461.563	-0.088
5461.720	-0.088
5461.902	-0.088
5462.058	-0.088
5462.240	-0.088
5462.396	-0.088
5462.553	-0.088
5462.735	-0.089
5462.892	-0.088
5463.073	-0.088
5463.230	-0.089
5463.412	-0.088
5463.568	-0.088
5463.725	-0.088
5463.907	-0.088
5464.063	-0.088
5464.220	-0.088
5464.402	-0.088
5464.558	-0.088
5464.740	-0.088
5464.896	-0.088
5465.053	-0.088
5465.235	-0.088
5465.392	-0.088
5465.573	-0.088
5465.730	-0.088
5465.887	-0.088
5466.068	-0.088
5466.225	-0.088
5466.407	-0.089
5466.563	-0.088
5466.745	-0.088
5466.902	-0.089
5467.058	-0.088
5467.240	-0.089
5467.396	-0.088
5467.553	-0.088
5467.735	-0.088
5467.892	-0.088
5468.073	-0.088
5468.230	-0.088
5468.387	-0.088
5468.568	-0.088
5468.725	-0.088
5468.907	-0.090
5469.063	-0.088
5469.220	-0.088
5469.402	-0.088
5469.558	-0.088
5469.740	-0.089
5469.896	-0.088
5470.078	-0.088
5470.235	-0.088
5470.392	-0.088
5470.573	-0.088
5470.730	-0.088
5470.887	-0.088
5471.068	-0.088
5471.225	-0.088
5471.407	-0.088
5471.563	-0.088
5471.720	-0.088
5471.902	-0.088
5472.058	-0.088
5472.240	-0.088
5472.396	-0.088
5472.553	-0.088
5472.735	-0.089
5472.892	-0.089
5473.073	-0.089
5473.230	-0.088
5473.387	-0.088
5473.568	-0.088
5473.725	-0.088
5473.907	-0.088
5474.063	-0.088
5474.220	-0.088
5474.402	-0.088
5474.558	-0.088
5474.740	-0.088
5474.896	-0.088
5475.053	-0.088
5475.235	-0.089
5475.392	-0.088
5475.573	-0.088
5475.730	-0.088
5475.887	-0.089
5476.068	-0.089
5476.225	-0.088
5476.407	-0.088
5476.563	-0.088
5476.720	-0.089
5476.902	-0.090
5477.058	-0.088
5477.240	-0.088
5477.396	-0.088
5477.553	-0.088
5477.735	-0.088
5477.892	-0.089
5478.073	-0.090
5478.230	-0.088
5478.412	-0.088
5478.568	-0.088
5478.725	-0.088
5478.907	-0.088
5479.063	-0.088
5479.220	-0.088
5479.402	-0.088
5479.558	-0.088
5479.740	-0.089
5479.896	-0.088
5480.078	-0.088
5480.235	-0.088
5480.392	-0.088
5480.573	-0.088
5480.730	-0.088
5480.887	-0.089
5481.068	-0.088
5481.225	-0.088
5481.407	-0.088
5481.563	-0.088
5481.720	-0.089
5481.902	-0.088
5482.058	-0.089
5482.240	-0.088
5482.396	-0.088
5482.553	-0.089
5482.735	-0.090
5482.892	-0.088
5483.073	-0.088
5483.230	-0.088
5483.387	-0.088
5483.568	-0.088
5483.725	-0.088
5483.907	-0.088
5484.063	-0.088
5484.220	-0.088
5484.402	-0.088
5484.558	-0.088
5484.740	-0.088
5484.896	-0.089
5485.053	-0.088
5485.235	-0.088
5485.392	-0.088
5485.573	-0.088
5485.730	-0.088
5485.887	-0.088
5486.068	-0.088
5486.225	-0.088
5486.407	-0.089
5486.563	-0.088
5486.745	-0.088
5486.902	-0.088
5487.058	-0.088
5487.240	-0.088
5487.396	-0.088
5487.553	-0.089
5487.735	-0.088
5487.892	-0.088
5488.073	-0.088
5488.230	-0.088
5488.412	-0.088
5488.568	-0.088
5488.725	-0.088
5488.907	-0.088
5489.063	-0.088
5489.220	-0.088
5489.402	-0.088
5489.558	-0.088
5489.740	-0.089
5489.896	-0.088
5490.078	-0.088
5490.235	-0.088
5490.392	-0.088
5490.573	-0.088
5490.730	-0.091
5490.887	-0.088
5491.068	-0.088
5491.225	-0.088
5491.407	-0.088
5491.563	-0.088
5491.720	-0.088
5491.902	-0.088
5492.058	-0.088
5492.240	-0.088
5492.396	-0.088
5492.553	-0.088
5492.735	-0.088
5492.892	-0.088
5493.073	-0.088
5493.230	-0.089
5493.387	-0.088
5493.568	-0.088
5493.725	-0.088
5493.907	-0.088
5494.063	-0.088
5494.220	-0.088
5494.402	-0.089
5494.558	-0.088
5494.740	-0.088
5494.896	-0.089
5495.053	-0.088
5495.235	-0.088
5495.392	-0.088
5495.573	-0.088
5495.730	-0.088
5495.887	-0.089
5496.068	-0.088
5496.225	-0.088
5496.407	-0.088
5496.563	-0.088
5496.720	-0.088
5496.902	-0.088
5497.058	-0.088
5497.240	-0.088
5497.396	-0.088
5497.553	-0.088
5497.735	-0.089
5497.892	-0.088
5498.073	-0.088
5498.230	-0.088
5498.387	-0.088
5498.568	-0.088
5498.725	-0.088
5498.907	-0.088
5499.063	-0.088
5499.220	-0.088
5499.402	-0.088
5499.558	-0.088
5499.740	-0.088
5499.896	-0.089
5500.053	-0.090
5500.235	-0.089
5500.392	-0.088
5500.573	-0.088
5500.730	-0.088
5500.887	-0.088
5501.068	-0.088
5501.225	-0.088
5501.407	-0.088
5501.563	-0.088
5501.720	-0.088
5501.902	-0.088
5502.058	-0.088
5502.240	-0.088
5502.396	-0.088
5502.553	-0.088
5502.735	-0.088
5502.892	-0.089
5503.073	-0.088
5503.230	-0.088
5503.387	-0.088
5503.568	-0.088
5503.725	-0.088
5503.907	-0.088
5504.063	-0.088
5504.220	-0.088
5504.402	-0.088
5504.558	-0.088
5504.740	-0.088
5504.896	-0.088
5505.053	-0.088
5505.235	-0.088
5505.392	-0.088
5505.573	-0.088
5505.730	-0.088
5505.887	-0.088
5506.068	-0.088
5506.225	-0.088
5506.407	-0.088
5506.563	-0.088
5506.720	-0.088
5506.902	-0.088
5507.058	-0.088
5507.240	-0.088
5507.396	-0.088
5507.553	-0.088
5507.735	-0.088
5507.892	-0.088
5508.073	-0.088
5508.230	-0.088
5508.387	-0.088
5508.568	-0.088
5508.725	-0.088
5508.907	-0.088
5509.063	-0.088
5509.220	-0.088
5509.402	-0.088
5509.558	-0.088
5509.740	-0.088
5509.896	-0.088
5510.053	-0.088
5510.235	-0.088
5510.392	-0.088
5510.573	-0.088
5510.730	-0.088
5510.887	-0.088
5511.068	-0.089
5511.225	-0.088
5511.407	-0.088
5511.563	-0.088
5511.720	-0.088
5511.902	-0.088
5512.058	-0.088
5512.240	-0.088
5512.396	-0.088
5512.553	-0.088
5512.735	-0.089
5512.892	-0.088
5513.073	-0.088
5513.230	-0.088
5513.387	-0.088
5513.568	-0.088
5513.725	-0.089
5513.907	-0.088
5514.063	-0.088
5514.220	-0.088
5514.402	-0.089
5514.558	-0.088
5514.740	-0.088
5514.896	-0.088
5515.053	-0.088
5515.235	-0.088
5515.392	-0.088
5515.573	-0.088
5515.730	-0.088
5515.887	-0.088
5516.068	-0.088
5516.225	-0.088
5516.407	-0.089
5516.563	-0.088
5516.720	-0.088
5516.902	-0.088
5517.058	-0.088
5517.240	-0.089
5517.396	-0.088
5517.553	-0.088
5517.735	-0.088
5517.892	-0.088
5518.073	-0.088
5518.230	-0.088
5518.387	-0.088
5518.568	-0.088
5518.725	-0.089
5518.907	-0.088
5519.063	-0.088
5519.220	-0.089
5519.402	-0.088
5519.558	-0.088
5519.740	-0.088
5519.896	-0.088
5520.053	-0.088
5520.235	-0.088
5520.392	-0.088
5520.573	-0.088
5520.730	-0.088
5520.887	-0.088
5521.068	-0.088
5521.225	-0.088
5521.407	-0.088
5521.563	-0.088
5521.720	-0.088
5521.902	-0.089
5522.058	-0.088
5522.240	-0.089
5522.396	-0.088
5522.553	-0.088
5522.735	-0.088
5522.892	-0.088
5523.073	-0.088
5523.230	-0.089
5523.387	-0.088
5523.568	-0.088
5523.725	-0.089
5523.907	-0.089
5524.063	-0.089
5524.220	-0.089
5524.402	-0.088
5524.558	-0.088
5524.740	-0.088
5524.896	-0.088
5525.053	-0.088
5525.235	-0.088
5525.392	-0.089
5525.573	-0.088
5525.730	-0.088
5525.887	-0.088
5526.068	-0.088
5526.225	-0.088
5526.407	-0.088
5526.563	-0.088
5526.720	-0.088
5526.902	-0.088
5527.058	-0.089
5527.240	-0.088
5527.396	-0.089
5527.553	-0.089
5527.735	-0.088
5527.892	-0.088
5528.073	-0.088
5528.230	-0.088
5528.387	-0.088
5528.568	-0.088
5528.725	-0.088
5528.907	-0.088
5529.063	-0.088
5529.220	-0.088
5529.402	-0.088
5529.558	-0.088
5529.740	-0.088
5529.896	-0.088
5530.053	-0.088
5530.235	-0.088
5530.392	-0.088
5530.573	-0.088
5530.730	-0.088
5530.887	-0.088
5531.068	-0.088
5531.225	-0.088
5531.407	-0.088
5531.563	-0.088
5531.720	-0.088
5531.902	-0.088
5532.058	-0.088
5532.240	-0.088
5532.396	-0.088
5532.553	-0.088
5532.735	-0.088
5532.892	-0.088
5533.073	-0.088
5533.230	-0.088
5533.387	-0.089
5533.568	-0.089
5533.725	-0.088
5533.882	-0.088
5534.063	-0.088
5534.220	-0.088
5534.402	-0.088
5534.558	-0.088
5534.740	-0.088
5534.896	-0.088
5535.053	-0.089
5535.235	-0.088
5535.392	-0.088
5535.573	-0.088
5535.730	-0.088
5535.887	-0.089
5536.068	-0.088
5536.225	-0.088
5536.407	-0.088
5536.563	-0.088
5536.720	-0.088
5536.902	-0.088
5537.058	-0.088
5537.215	-0.088
5537.396	-0.088
5537.553	-0.088
5537.735	-0.088
5537.892	-0.089
5538.073	-0.088
5538.230	-0.088
5538.387	-0.088
5538.568	-0.088
5538.725	-0.088
5538.882	-0.088
5539.063	-0.088
5539.220	-0.088
5539.402	-0.088
5539.558	-0.088
5539.740	-0.088
5539.896	-0.088
5540.053	-0.088
5540.235	-0.088
5540.392	-0.088
5540.548	-0.088
5540.730	-0.088
5540.887	-0.088
5541.068	-0.088
5541.225	-0.088
5541.407	-0.088
5541.563	-0.088
5541.720	-0.088
5541.902	-0.089
5542.058	-0.088
5542.240	-0.088
5542.396	-0.088
5542.553	-0.088
5542.735	-0.088
5542.892	-0.088
5543.073	-0.088
5543.230	-0.088
5543.387	-0.088
5543.568	-0.088
5543.725	-0.088
5543.882	-0.088
5544.063	-0.088
5544.220	-0.088
5544.402	-0.088
5544.558	-0.088
5544.740	-0.088
5544.896	-0.088
5545.053	-0.088
5545.235	-0.088
5545.392	-0.088
5545.548	-0.088
5545.730	-0.088
5545.887	-0.089
5546.068	-0.088
5546.225	-0.088
5546.407	-0.088
5546.563	-0.088
5546.720	-0.088
5546.902	-0.088
5547.058	-0.088
5547.215	-0.088
5547.396	-0.088
5547.553	-0.088
5547.735	-0.089
5547.892	-0.088
5548.073	-0.088
5548.230	-0.088
5548.387	-0.088
5548.568	-0.088
5548.725	-0.088
5548.882	-0.088
5549.063	-0.088
5549.220	-0.088
5549.402	-0.088
5549.558	-0.088
5549.715	-0.088
5549.896	-0.088
5550.053	-0.088
5550.235	-0.088
5550.392	-0.088
5550.548	-0.089
5550.730	-0.088
5550.887	-0.088
5551.068	-0.088
5551.225	-0.088
5551.382	-0.088
5551.563	-0.088
5551.720	-0.089
5551.902	-0.088
5552.058	-0.088
5552.240	-0.088
5552.396	-0.088
5552.553	-0.088
5552.735	-0.088
5552.892	-0.088
5553.073	-0.088
5553.230	-0.089
5553.387	-0.088
5553.568	-0.088
5553.725	-0.088
5553.882	-0.088
5554.063	-0.088
5554.220	-0.088
5554.402	-0.088
5554.558	-0.088
5554.715	-0.088
5554.896	-0.088
5555.053	-0.088
5555.235	-0.089
5555.392	-0.088
5555.573	-0.088
5555.730	-0.088
5555.887	-0.088
5556.068	-0.088
5556.225	-0.088
5556.382	-0.088
5556.563	-0.088
5556.720	-0.088
5556.902	-0.088
5557.058	-0.088
5557.215	-0.088
5557.396	-0.088
5557.553	-0.089
5557.735	-0.088
5557.892	-0.088
5558.048	-0.088
5558.230	-0.088
5558.387	-0.088
5558.568	-0.088
5558.725	-0.088
5558.907	-0.088
5559.063	-0.088
5559.220	-0.088
5559.402	-0.088
5559.558	-0.088
5559.715	-0.088
5559.896	-0.088
5560.053	-0.088
5560.235	-0.088
5560.392	-0.088
5560.548	-0.089
5560.730	-0.088
5560.887	-0.088
5561.068	-0.088
5561.225	-0.088
5561.382	-0.089
5561.563	-0.088
5561.720	-0.088
5561.902	-0.089
5562.058	-0.088
5562.240	-0.088
5562.396	-0.088
5562.553	-0.089
5562.735	-0.088
5562.892	-0.088
5563.048	-0.088
5563.230	-0.088
5563.387	-0.088
5563.568	-0.088
5563.725	-0.088
5563.882	-0.088
5564.063	-0.088
5564.220	-0.088
5564.402	-0.088
5564.558	-0.088
5564.715	-0.088
5564.896	-0.088
5565.053	-0.089
5565.235	-0.088
5565.392	-0.088
5565.573	-0.088
5565.730	-0.089
5565.887	-0.088
5566.068	-0.088
5566.225	-0.088
5566.382	-0.088
5566.563	-0.088
5566.720	-0.089
5566.902	-0.088
5567.058	-0.088
5567.240	-0.089
5567.396	-0.089
5567.553	-0.088
5567.735	-0.088
5567.892	-0.088
5568.048	-0.089
5568.230	-0.088
5568.387	-0.088
5568.568	-0.088
5568.725	-0.088
5568.907	-0.088
5569.063	-0.089
5569.220	-0.088
5569.402	-0.088
5569.558	-0.088
5569.715	-0.088
5569.896	-0.088
5570.053	-0.088
5570.235	-0.088
5570.392	-0.088
5570.573	-0.088
5570.730	-0.088
5570.887	-0.088
5571.068	-0.089
5571.225	-0.089
5571.382	-0.088
5571.563	-0.088
5571.720	-0.088
5571.902	-0.088
5572.058	-0.088
5572.215	-0.088
5572.396	-0.088
5572.553	-0.088
5572.735	-0.088
5572.892	-0.088
5573.048	-0.088
5573.230	-0.088
5573.387	-0.089
5573.568	-0.089
5573.725	-0.088
5573.882	-0.088
5574.063	-0.088
5574.220	-0.088
5574.402	-0.088
5574.558	-0.088
5574.715	-0.088
5574.896	-0.089
5575.053	-0.089
5575.235	-0.088
5575.392	-0.088
5575.548	-0.088
5575.730	-0.088
5575.887	-0.088
5576.068	-0.088
5576.225	-0.088
5576.382	-0.088
5576.563	-0.088
5576.720	-0.088
5576.902	-0.088
5577.058	-0.088
5577.215	-0.088
5577.396	-0.088
5577.553	-0.088
5577.735	-0.088
5577.892	-0.088
5578.048	-0.088
5578.230	-0.088
5578.387	-0.089
5578.568	-0.088
5578.725	-0.088
5578.882	-0.088
5579.063	-0.088
5579.220	-0.089
5579.402	-0.088
5579.558	-0.089
5579.715	-0.089
5579.896	-0.088
5580.053	-0.088
5580.235	-0.088
5580.392	-0.088
5580.548	-0.089
5580.730	-0.088
5580.887	-0.088
5581.068	-0.089
5581.225	-0.088
5581.382	-0.088
5581.563	-0.088
5581.720	-0.088
5581.902	-0.088
5582.058	-0.088
5582.215	-0.088
5582.396	-0.088
5582.553	-0.088
5582.735	-0.088
5582.892	-0.088
5583.048	-0.088
5583.230	-0.088
5583.387	-0.088
5583.568	-0.088
5583.725	-0.090
5583.882	-0.088
5584.063	-0.088
5584.220	-0.088
5584.402	-0.088
5584.558	-0.088
5584.715	-0.088
5584.896	-0.088
5585.053	-0.088
5585.235	-0.088
5585.392	-0.088
5585.548	-0.088
5585.730	-0.088
5585.887	-0.088
5586.068	-0.088
5586.225	-0.088
5586.382	-0.088
5586.563	-0.088
5586.720	-0.088
5586.902	-0.088
5587.058	-0.088
5587.215	-0.089
5587.396	-0.088
5587.553	-0.088
5587.735	-0.088
5587.892	-0.088
5588.048	-0.088
5588.230	-0.088
5588.387	-0.089
5588.568	-0.088
5588.725	-0.090
5588.882	-0.089
5589.063	-0.088
5589.220	-0.088
5589.402	-0.088
5589.558	-0.090
5589.715	-0.088
5589.896	-0.088
5590.053	-0.088
5590.235	-0.088
5590.392	-0.088
5590.548	-0.088
5590.730	-0.088
5590.887	-0.088
5591.068	-0.088
5591.225	-0.088
5591.382	-0.088
5591.563	-0.088
5591.720	-0.088
5591.902	-0.088
5592.058	-0.088
5592.215	-0.088
5592.396	-0.089
5592.553	-0.088
5592.735	-0.088
5592.892	-0.089
5593.048	-0.089
5593.230	-0.088
5593.387	-0.089
5593.568	-0.088
5593.725	-0.088
5593.882	-0.088
5594.063	-0.088
5594.220	-0.088
5594.402	-0.088
5594.558	-0.088
5594.715	-0.088
5594.896	-0.088
5595.053	-0.089
5595.235	-0.089
5595.392	-0.088
5595.548	-0.088
5595.730	-0.089
5595.887	-0.088
5596.068	-0.088
5596.225	-0.088
5596.382	-0.088
5596.563	-0.088
5596.720	-0.088
5596.902	-0.090
5597.058	-0.088
5597.215	-0.088
5597.396	-0.088
5597.553	-0.088
5597.735	-0.088
5597.892	-0.088
5598.048	-0.088
5598.230	-0.088
5598.387	-0.088
5598.568	-0.088
5598.725	-0.088
5598.882	-0.088
5599.063	-0.089
5599.220	-0.088
5599.402	-0.088
5599.558	-0.088
5599.715	-0.088
5599.896	-0.089
5600.053	-0.088
5600.235	-0.088
5600.392	-0.088
5600.548	-0.088
5600.730	-0.088
5600.887	-0.088
5601.068	-0.088
5601.225	-0.088
5601.382	-0.088
5601.563	-0.088
5601.720	-0.088
5601.902	-0.088
5602.058	-0.089
5602.215	-0.088
5602.396	-0.088
5602.553	-0.088
5602.735	-0.088
5602.892	-0.088
5603.048	-0.088
5603.230	-0.088
5603.387	-0.088
5603.568	-0.088
5603.725	-0.088
5603.882	-0.088
5604.063	-0.088
5604.220	-0.088
5604.402	-0.089
5604.558	-0.088
5604.715	-0.088
5604.896	-0.088
5605.053	-0.088
5605.235	-0.088
5605.392	-0.089
5605.548	-0.088
5605.730	-0.088
5605.887	-0.089
5606.068	-0.088
5606.225	-0.089
5606.382	-0.088
5606.563	-0.089
5606.720	-0.088
5606.902	-0.088
5607.058	-0.088
5607.215	-0.089
5607.396	-0.088
5607.553	-0.088
5607.735	-0.089
5607.892	-0.088
5608.048	-0.088
5608.230	-0.088
5608.387	-0.089
5608.568	-0.089
5608.725	-0.088
5608.882	-0.088
5609.063	-0.089
5609.220	-0.088
5609.402	-0.089
5609.558	-0.088
5609.715	-0.088
5609.896	-0.088
5610.053	-0.088
5610.235	-0.088
5610.392	-0.088
5610.548	-0.088
5610.730	-0.088
5610.887	-0.088
5611.068	-0.088
5611.225	-0.088
5611.382	-0.088
5611.563	-0.088
5611.720	-0.088
5611.902	-0.088
5612.058	-0.088
5612.215	-0.089
5612.396	-0.088
5612.553	-0.089
5612.735	-0.088
5612.892	-0.088
5613.048	-0.088
5613.230	-0.088
5613.387	-0.088
5613.568	-0.088
5613.725	-0.088
5613.882	-0.088
5614.063	-0.088
5614.220	-0.088
5614.402	-0.089
5614.558	-0.088
5614.715	-0.088
5614.896	-0.088
5615.053	-0.088
5615.235	-0.088
5615.392	-0.089
5615.548	-0.088
5615.730	-0.088
5615.887	-0.088
5616.068	-0.088
5616.225	-0.088
5616.382	-0.088
5616.563	-0.088
5616.720	-0.088
5616.902	-0.088
5617.058	-0.088
5617.215	-0.088
5617.396	-0.088
5617.553	-0.088
5617.735	-0.088
5617.892	-0.088
5618.048	-0.088
5618.230	-0.088
5618.387	-0.088
5618.568	-0.088
5618.725	-0.088
5618.882	-0.089
5619.063	-0.088
5619.220	-0.088
5619.402	-0.088
5619.558	-0.088
5619.715	-0.088
5619.896	-0.088
5620.053	-0.088
5620.235	-0.088
5620.392	-0.088
5620.548	-0.088
5620.730	-0.088
5620.887	-0.088
5621.068	-0.089
5621.225	-0.088
5621.382	-0.088
5621.563	-0.088
5621.720	-0.088
5621.902	-0.089
5622.058	-0.089
5622.215	-0.090
5622.396	-0.088
5622.553	-0.088
5622.735	-0.088
5622.892	-0.088
5623.048	-0.088
5623.230	-0.089
5623.387	-0.088
5623.568	-0.089
5623.725	-0.088
5623.882	-0.089
5624.063	-0.088
5624.220	-0.088
5624.402	-0.088
5624.558	-0.088
5624.715	-0.089
5624.896	-0.089
5625.053	-0.088
5625.235	-0.088
5625.392	-0.088
5625.548	-0.089
5625.730	-0.088
5625.887	-0.089
5626.068	-0.088
5626.225	-0.088
5626.382	-0.088
5626.563	-0.088
5626.720	-0.088
5626.902	-0.088
5627.058	-0.088
5627.215	-0.088
5627.396	-0.088
5627.553	-0.089
5627.735	-0.088
5627.892	-0.088
5628.048	-0.089
5628.230	-0.088
5628.387	-0.088
5628.568	-0.088
5628.725	-0.088
5628.882	-0.088
5629.063	-0.089
5629.220	-0.088
5629.402	-0.088
5629.558	-0.088
5629.715	-0.088
5629.896	-0.088
5630.053	-0.089
5630.235	-0.088
5630.392	-0.088
5630.548	-0.088
5630.730	-0.088
5630.887	-0.088
5631.068	-0.088
5631.225	-0.088
5631.382	-0.089
5631.563	-0.089
5631.720	-0.088
5631.902	-0.088
5632.058	-0.088
5632.215	-0.088
5632.396	-0.088
5632.553	-0.088
5632.735	-0.088
5632.892	-0.088
5633.048	-0.089
5633.230	-0.089
5633.387	-0.088
5633.568	-0.088
5633.725	-0.088
5633.882	-0.088
5634.063	-0.088
5634.220	-0.088
5634.402	-0.088
5634.558	-0.089
5634.715	-0.088
5634.896	-0.088
5635.053	-0.089
5635.235	-0.088
5635.392	-0.088
5635.548	-0.089
5635.730	-0.088
5635.887	-0.088
5636.068	-0.088
5636.225	-0.088
5636.382	-0.088
5636.563	-0.089
5636.720	-0.089
5636.902	-0.088
5637.058	-0.088
5637.215	-0.089
5637.396	-0.089
5637.553	-0.088
5637.735	-0.090
5637.892	-0.088
5638.048	-0.088
5638.230	-0.088
5638.387	-0.088
5638.568	-0.088
5638.725	-0.088
5638.882	-0.088
5639.063	-0.088
5639.220	-0.089
5639.402	-0.088
5639.558	-0.088
5639.715	-0.088
5639.896	-0.089
5640.053	-0.088
5640.235	-0.088
5640.392	-0.088
5640.548	-0.088
5640.730	-0.088
5640.887	-0.088
5641.068	-0.088
5641.225	-0.088
5641.382	-0.088
5641.563	-0.088
5641.720	-0.088
5641.902	-0.088
5642.058	-0.088
5642.215	-0.088
5642.396	-0.088
5642.553	-0.088
5642.735	-0.088
5642.892	-0.088
5643.048	-0.088
5643.230	-0.088
5643.387	-0.088
5643.568	-0.088
5643.725	-0.090
5643.882	-0.088
5644.063	-0.088
5644.220	-0.089
5644.402	-0.088
5644.558	-0.088
5644.715	-0.089
5644.896	-0.088
5645.053	-0.088
5645.235	-0.088
5645.392	-0.088
5645.548	-0.088
5645.730	-0.088
5645.887	-0.088
5646.068	-0.088
5646.225	-0.088
5646.382	-0.089
5646.563	-0.088
5646.720	-0.088
5646.902	-0.088
5647.058	-0.088
5647.215	-0.089
5647.396	-0.088
5647.553	-0.088
5647.735	-0.088
5647.892	-0.088
5648.048	-0.088
5648.230	-0.089
5648.387	-0.088
5648.568	-0.089
5648.725	-0.088
5648.882	-0.088
5649.063	-0.088
5649.220	-0.089
5649.402	-0.088
5649.558	-0.088
5649.715	-0.089
5649.896	-0.088
5650.053	-0.089
5650.235	-0.088
5650.392	-0.088
5650.548	-0.088
5650.730	-0.088
5650.887	-0.088
5651.042	-0.088
5651.225	-0.088
5651.382	-0.089
5651.563	-0.089
5651.720	-0.088
5651.902	-0.088
5652.058	-0.089
5652.215	-0.088
5652.396	-0.088
5652.553	-0.088
5652.708	-0.088
5652.892	-0.088
5653.048	-0.088
5653.230	-0.089
5653.387	-0.088
5653.568	-0.088
5653.725	-0.089
5653.882	-0.088
5654.063	-0.088
5654.220	-0.088
5654.375	-0.089
5654.558	-0.089
5654.715	-0.088
5654.896	-0.088
5655.053	-0.088
5655.235	-0.088
5655.392	-0.088
5655.548	-0.088
5655.730	-0.088
5655.887	-0.089
5656.042	-0.088
5656.225	-0.088
5656.382	-0.088
5656.563	-0.088
5656.720	-0.088
5656.902	-0.089
5657.058	-0.088
5657.215	-0.088
5657.396	-0.088
5657.553	-0.088
5657.708	-0.088
5657.892	-0.088
5658.048	-0.088
5658.230	-0.088
5658.387	-0.088
5658.568	-0.088
5658.725	-0.088
5658.882	-0.088
5659.063	-0.088
5659.220	-0.088
5659.375	-0.088
5659.558	-0.088
5659.715	-0.089
5659.896	-0.088
5660.053	-0.089
5660.235	-0.088
5660.392	-0.088
5660.548	-0.088
5660.730	-0.088
5660.887	-0.088
5661.042	-0.088
5661.225	-0.088
5661.382	-0.088
5661.563	-0.088
5661.720	-0.088
5661.902	-0.089
5662.058	-0.088
5662.215	-0.088
5662.396	-0.088
5662.553	-0.089
5662.708	-0.088
5662.892	-0.088
5663.048	-0.088
5663.230	-0.088
5663.387	-0.088
5663.568	-0.088
5663.725	-0.089
5663.882	-0.089
5664.063	-0.088
5664.220	-0.088
5664.375	-0.088
5664.558	-0.088
5664.715	-0.088
5664.896	-0.088
5665.053	-0.089
5665.235	-0.088
5665.392	-0.088
5665.548	-0.088
5665.730	-0.088
5665.887	-0.088
5666.042	-0.090
5666.225	-0.088
5666.382	-0.088
5666.563	-0.088
5666.720	-0.088
5666.902	-0.088
5667.058	-0.089
5667.215	-0.088
5667.396	-0.088
5667.553	-0.088
5667.708	-0.088
5667.892	-0.088
5668.048	-0.088
5668.230	-0.088
5668.387	-0.088
5668.568	-0.088
5668.725	-0.088
5668.882	-0.088
5669.063	-0.088
5669.220	-0.088
5669.375	-0.089
5669.558	-0.088
5669.715	-0.088
5669.896	-0.088
5670.053	-0.088
5670.235	-0.088
5670.392	-0.088
5670.548	-0.088
5670.730	-0.088
5670.887	-0.088
5671.042	-0.088
5671.225	-0.088
5671.382	-0.088
5671.563	-0.089
5671.720	-0.088
5671.902	-0.088
5672.058	-0.088
5672.215	-0.088
5672.396	-0.088
5672.553	-0.088
5672.708	-0.088
5672.892	-0.089
5673.048	-0.088
5673.230	-0.088
5673.387	-0.088
5673.568	-0.088
5673.725	-0.088
5673.882	-0.088
5674.063	-0.088
5674.220	-0.088
5674.375	-0.088
5674.558	-0.088
5674.715	-0.090
5674.896	-0.088
5675.053	-0.088
5675.235	-0.088
5675.392	-0.088
5675.548	-0.088
5675.730	-0.088
5675.887	-0.088
5676.042	-0.088
5676.225	-0.088
5676.382	-0.088
5676.563	-0.088
5676.720	-0.088
5676.902	-0.088
5677.058	-0.088
5677.215	-0.088
5677.396	-0.088
5677.553	-0.088
5677.708	-0.088
5677.892	-0.088
5678.048	-0.088
5678.230	-0.088
5678.387	-0.088
5678.568	-0.088
5678.725	-0.088
5678.882	-0.088
5679.063	-0.088
5679.220	-0.088
5679.375	-0.089
5679.558	-0.088
5679.715	-0.088
5679.896	-0.088
5680.053	-0.089
5680.235	-0.088
5680.392	-0.088
5680.548	-0.088
5680.730	-0.088
5680.887	-0.088
5681.042	-0.089
5681.225	-0.090
5681.382	-0.088
5681.563	-0.088
5681.720	-0.089
5681.902	-0.088
5682.058	-0.088
5682.215	-0.088
5682.396	-0.088
5682.553	-0.088
5682.708	-0.088
5682.892	-0.089
5683.048	-0.088
5683.230	-0.088
5683.387	-0.088
5683.568	-0.088
5683.725	-0.088
5683.882	-0.088
5684.063	-0.088
5684.220	-0.089
5684.375	-0.088
5684.558	-0.088
5684.715	-0.088
5684.896	-0.088
5685.053	-0.088
5685.235	-0.088
5685.392	-0.088
5685.548	-0.088
5685.730	-0.088
5685.887	-0.088
5686.042	-0.088
5686.225	-0.088
5686.382	-0.088
5686.563	-0.088
5686.720	-0.088
5686.875	-0.088
5687.058	-0.089
5687.215	-0.088
5687.396	-0.088
5687.553	-0.088
5687.708	-0.089
5687.892	-0.089
5688.048	-0.088
5688.230	-0.089
5688.387	-0.088
5688.568	-0.088
5688.725	-0.089
5688.882	-0.088
5689.063	-0.088
5689.220	-0.089
5689.375	-0.088
5689.558	-0.088
5689.715	-0.088
5689.896	-0.088
5690.053	-0.089
5690.208	-0.088
5690.392	-0.089
5690.548	-0.088
5690.730	-0.088
5690.887	-0.088
5691.042	-0.089
5691.225	-0.088
5691.382	-0.088
5691.563	-0.088
5691.720	-0.089
5691.875	-0.088
5692.058	-0.088
5692.215	-0.088
5692.396	-0.088
5692.553	-0.088
5692.708	-0.088
5692.892	-0.088
5693.048	-0.088
5693.230	-0.088
5693.387	-0.088
5693.542	-0.088
5693.725	-0.088
5693.882	-0.089
5694.063	-0.089
5694.220	-0.088
5694.375	-0.089
5694.558	-0.088
5694.715	-0.088
5694.896	-0.088
5695.053	-0.088
5695.208	-0.088
5695.392	-0.088
5695.548	-0.088
5695.730	-0.088
5695.887	-0.088
5696.042	-0.088
5696.225	-0.088
5696.382	-0.088
5696.563	-0.089
5696.720	-0.088
5696.875	-0.088
5697.058	-0.088
5697.215	-0.088
5697.396	-0.088
5697.553	-0.088
5697.708	-0.088
5697.892	-0.088
5698.048	-0.088
5698.230	-0.089
5698.387	-0.088
5698.542	-0.088
5698.725	-0.088
5698.882	-0.088
5699.063	-0.088
5699.220	-0.088
5699.375	-0.088
5699.558	-0.088
5699.715	-0.088
5699.896	-0.088
5700.053	-0.088
5700.208	-0.088
5700.392	-0.088
5700.548	-0.088
5700.730	-0.088
5700.887	-0.088
5701.042	-0.088
5701.225	-0.088
5701.382	-0.088
5701.563	-0.088
5701.720	-0.088
5701.875	-0.088
5702.058	-0.088
5702.215	-0.088
5702.396	-0.088
5702.553	-0.088
5702.708	-0.088
5702.892	-0.088
5703.048	-0.088
5703.230	-0.088
5703.387	-0.088
5703.542	-0.088
5703.725	-0.088
5703.882	-0.088
5704.063	-0.088
5704.220	-0.088
5704.375	-0.088
5704.558	-0.088
5704.715	-0.088
5704.896	-0.088
5705.053	-0.088
5705.208	-0.088
5705.392	-0.088
5705.548	-0.088
5705.730	-0.088
5705.887	-0.088
5706.042	-0.088
5706.225	-0.088
5706.382	-0.088
5706.563	-0.088
5706.720	-0.088
5706.875	-0.088
5707.058	-0.088
5707.215	-0.088
5707.396	-0.088
5707.553	-0.088
5707.708	-0.088
5707.892	-0.088
5708.048	-0.088
5708.230	-0.088
5708.387	-0.088
5708.542	-0.088
5708.725	-0.088
5708.882	-0.088
5709.063	-0.088
5709.220	-0.088
5709.375	-0.088
5709.558	-0.088
5709.715	-0.088
5709.896	-0.088
5710.053	-0.088
5710.208	-0.088
5710.392	-0.088
5710.548	-0.088
5710.730	-0.089
5710.887	-0.088
5711.042	-0.088
5711.225	-0.088
5711.382	-0.088
5711.563	-0.088
5711.720	-0.088
5711.875	-0.088
5712.058	-0.088
5712.215	-0.088
5712.396	-0.088
5712.553	-0.089
5712.708	-0.089
5712.892	-0.088
5713.048	-0.088
5713.230	-0.088
5713.387	-0.088
5713.542	-0.088
5713.725	-0.088
5713.882	-0.088
5714.063	-0.088
5714.220	-0.088
5714.375	-0.088
5714.558	-0.088
5714.715	-0.088
5714.896	-0.088
5715.053	-0.088
5715.208	-0.088
5715.392	-0.088
5715.548	-0.088
5715.730	-0.088
5715.887	-0.088
5716.042	-0.089
5716.225	-0.088
5716.382	-0.088
5716.563	-0.088
5716.720	-0.088
5716.875	-0.088
5717.058	-0.088
5717.215	-0.088
5717.396	-0.088
5717.553	-0.088
5717.708	-0.088
5717.892	-0.088
5718.048	-0.088
5718.230	-0.089
5718.387	-0.089
5718.542	-0.088
5718.725	-0.088
5718.882	-0.088
5719.063	-0.088
5719.220	-0.089
5719.375	-0.088
5719.558	-0.088
5719.715	-0.088
5719.896	-0.088
5720.053	-0.088
5720.208	-0.088
5720.392	-0.088
5720.548	-0.088
5720.730	-0.088
5720.887	-0.088
5721.042	-0.088
5721.225	-0.088
5721.382	-0.088
5721.563	-0.088
5721.720	-0.088
5721.875	-0.088
5722.058	-0.088
5722.215	-0.088
5722.396	-0.088
5722.553	-0.089
5722.708	-0.088
5722.892	-0.088
5723.048	-0.088
5723.230	-0.088
5723.387	-0.088
5723.542	-0.088
5723.725	-0.088
5723.882	-0.088
5724.063	-0.088
5724.220	-0.088
5724.375	-0.088
5724.558	-0.088
5724.715	-0.088
5724.896	-0.088
5725.053	-0.088
5725.208	-0.088
5725.392	-0.088
5725.548	-0.088
5725.730	-0.088
5725.887	-0.088
5726.042	-0.088
5726.225	-0.088
5726.382	-0.088
5726.563	-0.088
5726.720	-0.088
5726.875	-0.088
5727.058	-0.088
5727.215	-0.088
5727.396	-0.088
5727.553	-0.088
5727.708	-0.088
5727.892	-0.088
5728.048	-0.088
5728.230	-0.088
5728.387	-0.088
5728.542	-0.088
5728.725	-0.088
5728.882	-0.088
5729.037	-0.088
5729.220	-0.088
5729.375	-0.088
5729.558	-0.088
5729.715	-0.088
5729.896	-0.088
5730.053	-0.088
5730.208	-0.088
5730.392	-0.088
5730.548	-0.088
5730.703	-0.088
5730.887	-0.088
5731.042	-0.088
5731.225	-0.088
5731.382	-0.088
5731.563	-0.088
5731.720	-0.088
5731.875	-0.089
5732.058	-0.088
5732.215	-0.088
5732.370	-0.088
5732.553	-0.088
5732.708	-0.088
5732.892	-0.088
5733.048	-0.088
5733.230	-0.088
5733.387	-0.088
5733.542	-0.089
5733.725	-0.088
5733.882	-0.088
5734.037	-0.088
5734.220	-0.088
5734.375	-0.088
5734.558	-0.088
5734.715	-0.088
5734.870	-0.088
5735.053	-0.088
5735.208	-0.088
5735.392	-0.088
5735.548	-0.088
5735.730	-0.088
5735.887	-0.088
5736.042	-0.089
5736.225	-0.088
5736.382	-0.088
5736.537	-0.088
5736.720	-0.088
5736.875	-0.088
5737.058	-0.088
5737.215	-0.088
5737.396	-0.088
5737.553	-0.088
5737.708	-0.088
5737.892	-0.088
5738.048	-0.088
5738.203	-0.088
5738.387	-0.088
5738.542	-0.088
5738.725	-0.088
5738.882	-0.088
5739.063	-0.088
5739.220	-0.088
5739.375	-0.088
5739.558	-0.088
5739.715	-0.088
5739.870	-0.088
5740.053	-0.088
5740.208	-0.088
5740.392	-0.088
5740.548	-0.088
5740.730	-0.089
5740.887	-0.088
5741.042	-0.088
5741.225	-0.088
5741.382	-0.088
5741.537	-0.089
5741.720	-0.088
5741.875	-0.088
5742.058	-0.088
5742.215	-0.088
5742.396	-0.088
5742.553	-0.088
5742.708	-0.088
5742.892	-0.088
5743.048	-0.088
5743.203	-0.088
5743.387	-0.088
5743.542	-0.088
5743.725	-0.088
5743.882	-0.088
5744.063	-0.088
5744.220	-0.088
5744.375	-0.088
5744.558	-0.088
5744.715	-0.089
5744.870	-0.088
5745.053	-0.088
5745.208	-0.088
5745.392	-0.088
5745.548	-0.088
5745.730	-0.088
5745.887	-0.088
5746.042	-0.088
5746.225	-0.088
5746.382	-0.088
5746.537	-0.088
5746.720	-0.089
5746.875	-0.088
5747.058	-0.088
5747.215	-0.088
5747.396	-0.088
5747.553	-0.088
5747.708	-0.088
5747.892	-0.088
5748.048	-0.088
5748.203	-0.088
5748.387	-0.089
5748.542	-0.088
5748.725	-0.088
5748.882	-0.088
5749.063	-0.088
5749.220	-0.088
5749.375	-0.088
5749.558	-0.088
5749.715	-0.088
5749.870	-0.088
5750.053	-0.088
5750.208	-0.089
5750.392	-0.089
5750.548	-0.088
5750.703	-0.088
5750.887	-0.088
5751.042	-0.088
5751.225	-0.089
5751.382	-0.088
5751.563	-0.088
5751.720	-0.088
5751.875	-0.088
5752.058	-0.088
5752.215	-0.089
5752.396	-0.090
5752.553	-0.088
5752.708	-0.088
5752.892	-0.088
5753.048	-0.088
5753.203	-0.088
5753.387	-0.088
5753.542	-0.089
5753.725	-0.088
5753.882	-0.088
5754.063	-0.089
5754.220	-0.088
5754.375	-0.088
5754.558	-0.088
5754.715	-0.088
5754.870	-0.088
5755.053	-0.088
5755.208	-0.088
5755.392	-0.088
5755.548	-0.088
5755.730	-0.088
5755.887	-0.089
5756.042	-0.088
5756.225	-0.088
5756.382	-0.088
5756.537	-0.088
5756.720	-0.088
5756.875	-0.088
5757.058	-0.088
5757.215	-0.088
5757.396	-0.088
5757.553	-0.088
5757.708	-0.088
5757.892	-0.088
5758.048	-0.088
5758.203	-0.088
5758.387	-0.088
5758.542	-0.088
5758.725	-0.088
5758.882	-0.088
5759.063	-0.088
5759.220	-0.088
5759.375	-0.088
5759.558	-0.088
5759.715	-0.088
5759.870	-0.088
5760.053	-0.088
5760.208	-0.088
5760.392	-0.089
5760.548	-0.089
5760.730	-0.088
5760.887	-0.088
5761.042	-0.088
5761.225	-0.089
5761.382	-0.088
5761.537	-0.090
5761.720	-0.088
5761.875	-0.088
5762.058	-0.088
5762.215	-0.088
5762.396	-0.088
5762.553	-0.088
5762.708	-0.088
5762.892	-0.088
5763.048	-0.088
5763.203	-0.088
5763.387	-0.088
5763.542	-0.089
5763.725	-0.089
5763.882	-0.088
5764.063	-0.088
5764.220	-0.088
5764.375	-0.088
5764.558	-0.088
5764.715	-0.088
5764.870	-0.088
5765.053	-0.088
5765.208	-0.089
5765.392	-0.088
5765.548	-0.088
5765.703	-0.088
5765.887	-0.088
5766.042	-0.088
5766.225	-0.088
5766.382	-0.088
5766.537	-0.088
5766.720	-0.089
5766.875	-0.088
5767.058	-0.088
5767.215	-0.088
5767.370	-0.088
5767.553	-0.088
5767.708	-0.089
5767.892	-0.088
5768.048	-0.088
5768.203	-0.088
5768.387	-0.088
5768.542	-0.088
5768.725	-0.088
5768.882	-0.088
5769.037	-0.088
5769.220	-0.088
5769.375	-0.088
5769.558	-0.088
5769.715	-0.088
5769.870	-0.088
5770.053	-0.088
5770.208	-0.088
5770.392	-0.088
5770.548	-0.088
5770.703	-0.088
5770.887	-0.088
5771.042	-0.088
5771.225	-0.088
5771.382	-0.088
5771.537	-0.088
5771.720	-0.088
5771.875	-0.088
5772.058	-0.088
5772.215	-0.088
5772.370	-0.088
5772.553	-0.088
5772.708	-0.088
5772.892	-0.088
5773.048	-0.088
5773.203	-0.088
5773.387	-0.088
5773.542	-0.088
5773.725	-0.088
5773.882	-0.088
5774.037	-0.088
5774.220	-0.088
5774.375	-0.088
5774.558	-0.088
5774.715	-0.088
5774.870	-0.088
5775.053	-0.088
5775.208	-0.088
5775.392	-0.088
5775.548	-0.088
5775.703	-0.088
5775.887	-0.089
5776.042	-0.088
5776.225	-0.088
5776.382	-0.088
5776.537	-0.088
5776.720	-0.088
5776.875	-0.088
5777.058	-0.088
5777.215	-0.088
5777.370	-0.089
5777.553	-0.088
5777.708	-0.088
5777.892	-0.088
5778.048	-0.088
5778.203	-0.088
5778.387	-0.089
5778.542	-0.088
5778.725	-0.088
5778.882	-0.088
5779.037	-0.089
5779.220	-0.088
5779.375	-0.088
5779.558	-0.088
5779.715	-0.088
5779.870	-0.088
5780.053	-0.088
5780.208	-0.088
5780.392	-0.089
5780.548	-0.088
5780.703	-0.088
5780.887	-0.088
5781.042	-0.088
5781.225	-0.090
5781.382	-0.088
5781.537	-0.088
5781.720	-0.088
5781.875	-0.088
5782.058	-0.088
5782.215	-0.089
5782.370	-0.089
5782.553	-0.088
5782.708	-0.088
5782.892	-0.088
5783.048	-0.088
5783.203	-0.088
5783.387	-0.089
5783.542	-0.088
5783.725	-0.088
5783.882	-0.088
5784.037	-0.088
5784.220	-0.088
5784.375	-0.089
5784.558	-0.088
5784.715	-0.088
5784.870	-0.088
5785.053	-0.088
5785.208	-0.089
5785.392	-0.088
5785.548	-0.088
5785.703	-0.088
5785.887	-0.088
5786.042	-0.088
5786.225	-0.088
5786.382	-0.089
5786.537	-0.088
5786.720	-0.089
5786.875	-0.088
5787.058	-0.088
5787.215	-0.088
5787.370	-0.088
5787.553	-0.088
5787.708	-0.088
5787.892	-0.088
5788.048	-0.088
5788.203	-0.088
5788.387	-0.088
5788.542	-0.088
5788.725	-0.088
5788.882	-0.089
5789.037	-0.088
5789.220	-0.088
5789.375	-0.088
5789.558	-0.088
5789.715	-0.089
5789.870	-0.088
5790.053	-0.088
5790.208	-0.088
5790.392	-0.088
5790.548	-0.089
5790.703	-0.088
5790.887	-0.089
5791.042	-0.088
5791.225	-0.088
5791.382	-0.088
5791.537	-0.088
5791.720	-0.088
5791.875	-0.088
5792.058	-0.088
5792.215	-0.088
5792.370	-0.088
5792.553	-0.090
5792.708	-0.088
5792.892	-0.088
5793.048	-0.088
5793.203	-0.088
5793.387	-0.089
5793.542	-0.088
5793.725	-0.088
5793.882	-0.088
5794.037	-0.088
5794.220	-0.088
5794.375	-0.088
5794.558	-0.088
5794.715	-0.088
5794.870	-0.088
5795.053	-0.088
5795.208	-0.088
5795.392	-0.088
5795.548	-0.088
5795.703	-0.088
5795.887	-0.088
5796.042	-0.088
5796.225	-0.088
5796.382	-0.088
5796.537	-0.088
5796.720	-0.088
5796.875	-0.089
5797.058	-0.088
5797.215	-0.088
5797.370	-0.089
5797.553	-0.088
5797.708	-0.088
5797.892	-0.088
5798.048	-0.088
5798.203	-0.088
5798.387	-0.088
5798.542	-0.089
5798.725	-0.088
5798.882	-0.088
5799.037	-0.088
5799.220	-0.088
5799.375	-0.089
5799.558	-0.088
5799.715	-0.088
5799.870	-0.088
5800.053	-0.088
5800.208	-0.089
5800.392	-0.088
5800.548	-0.088
5800.703	-0.088
5800.887	-0.088
5801.042	-0.088
5801.225	-0.088
5801.382	-0.088
5801.537	-0.089
5801.720	-0.089
5801.875	-0.088
5802.058	-0.088
5802.215	-0.088
5802.370	-0.088
5802.553	-0.088
5802.708	-0.088
5802.892	-0.088
5803.048	-0.088
5803.203	-0.088
5803.387	-0.088
5803.542	-0.088
5803.725	-0.088
5803.882	-0.088
5804.037	-0.088
5804.220	-0.088
5804.375	-0.088
5804.558	-0.088
5804.715	-0.088
5804.870	-0.088
5805.053	-0.088
5805.208	-0.088
5805.392	-0.088
5805.548	-0.088
5805.703	-0.088
5805.887	-0.088
5806.042	-0.088
5806.225	-0.088
5806.382	-0.088
5806.537	-0.088
5806.720	-0.088
5806.875	-0.088
5807.058	-0.088
5807.215	-0.088
5807.370	-0.088
5807.553	-0.088
5807.708	-0.088
5807.892	-0.088
5808.048	-0.088
5808.203	-0.088
5808.387	-0.088
5808.542	-0.088
5808.725	-0.088
5808.882	-0.088
5809.037	-0.088
5809.220	-0.088
5809.375	-0.088
5809.558	-0.088
5809.715	-0.088
5809.870	-0.088
5810.053	-0.088
5810.208	-0.088
5810.392	-0.088
5810.548	-0.088
5810.703	-0.088
5810.887	-0.088
5811.042	-0.088
5811.225	-0.088
5811.382	-0.088
5811.537	-0.088
5811.720	-0.088
5811.875	-0.088
5812.058	-0.088
5812.215	-0.088
5812.370	-0.088
5812.553	-0.088
5812.708	-0.088
5812.892	-0.088
5813.048	-0.088
5813.203	-0.088
5813.387	-0.089
5813.542	-0.088
5813.725	-0.088
5813.882	-0.088
5814.037	-0.088
5814.220	-0.088
5814.375	-0.088
5814.558	-0.088
5814.715	-0.088
5814.870	-0.088
5815.053	-0.088
5815.208	-0.088
5815.392	-0.088
5815.548	-0.088
5815.703	-0.088
5815.887	-0.088
5816.042	-0.088
5816.225	-0.088
5816.382	-0.088
5816.537	-0.088
5816.720	-0.088
5816.875	-0.088
5817.058	-0.088
5817.215	-0.088
5817.370	-0.088
5817.553	-0.088
5817.708	-0.088
5817.892	-0.088
5818.048	-0.088
5818.203	-0.088
5818.387	-0.088
5818.542	-0.088
5818.725	-0.088
5818.882	-0.088
5819.037	-0.088
5819.220	-0.088
5819.375	-0.088
5819.558	-0.088
5819.715	-0.088
5819.870	-0.088
5820.053	-0.088
5820.208	-0.088
5820.392	-0.088
5820.548	-0.088
5820.703	-0.088
5820.887	-0.088
5821.042	-0.088
5821.225	-0.088
5821.382	-0.088
5821.537	-0.088
5821.720	-0.088
5821.875	-0.088
5822.058	-0.088
5822.215	-0.088
5822.370	-0.088
5822.553	-0.088
5822.708	-0.088
5822.892	-0.088
5823.048	-0.088
5823.203	-0.088
5823.387	-0.088
5823.542	-0.088
5823.725	-0.088
5823.882	-0.088
5824.037	-0.086
5824.220	-0.088
5824.375	-0.088
5824.558	-0.088
5824.715	-0.088
5824.870	-0.088
5825.053	-0.083
5825.208	-0.084
5825.392	-0.083
5825.548	-0.083
5825.703	-0.083
5825.887	-0.083
5826.042	-0.081
5826.225	-0.082
5826.382	-0.081
5826.537	-0.079
5826.720	-0.078
5826.875	-0.078
5827.058	-0.078
5827.215	-0.076
5827.370	-0.073
5827.553	-0.073
5827.708	-0.070
5827.892	-0.068
5828.048	-0.066
5828.203	-0.063
5828.387	-0.062
5828.542	-0.059
5828.725	-0.057
5828.882	-0.053
5829.037	-0.049
5829.220	-0.046
5829.375	-0.041
5829.558	-0.036
5829.715	-0.030
5829.870	-0.023
5830.053	-0.017
5830.208	-0.004
5830.392	0.006
5830.548	0.016
5830.703	0.024
5830.887	0.033
5831.042	0.042
5831.225	0.050
5831.382	0.060
5831.537	0.070
5831.720	0.079
5831.875	0.090
5832.058	0.103
5832.215	0.115
5832.370	0.133
5832.553	0.151
5832.708	0.166
5832.892	0.181
5833.048	0.195
5833.203	0.208
5833.387	0.222
5833.542	0.236
5833.725	0.248
5833.882	0.255
5834.037	0.264
5834.220	0.270
5834.375	0.282
5834.558	0.294
5834.715	0.309
5834.870	0.325
5835.053	0.341
5835.208	0.353
5835.392	0.364
5835.548	0.377
5835.703	0.390
5835.887	0.400
5836.042	0.408
5836.225	0.415
5836.382	0.426
5836.537	0.438
5836.720	0.447
5836.875	0.453
5837.058	0.460
5837.215	0.465
5837.370	0.472
5837.553	0.476
5837.708	0.483
5837.892	0.485
5838.048	0.490
5838.203	0.488
5838.387	0.493
5838.542	0.493
5838.725	0.493
5838.882	0.491
5839.037	0.489
5839.220	0.488
5839.375	0.485
5839.558	0.479
5839.715	0.476
5839.870	0.472
5840.053	0.469
5840.208	0.463
5840.392	0.455
5840.548	0.444
5840.703	0.436
5840.887	0.426
5841.042	0.415
5841.225	0.405
5841.382	0.391
5841.537	0.379
5841.720	0.366
5841.875	0.353
5842.058	0.341
5842.215	0.334
5842.370	0.327
5842.553	0.319
5842.708	0.307
5842.892	0.290
5843.048	0.273
5843.203	0.260
5843.387	0.250
5843.542	0.239
5843.725	0.227
5843.882	0.213
5844.037	0.203
5844.220	0.192
5844.375	0.182
5844.558	0.169
5844.715	0.163
5844.870	0.150
5845.053	0.137
5845.208	0.123
5845.392	0.109
5845.548	0.093
5845.703	0.081
5845.887	0.068
5846.042	0.054
5846.225	0.046
5846.382	0.037
5846.537	0.032
5846.720	0.026
5846.875	0.022
5847.058	0.016
5847.215	0.007
5847.370	-0.003
5847.553	-0.013
5847.708	-0.025
5847.892	-0.036
5848.048	-0.040
5848.203	-0.046
5848.387	-0.050
5848.542	-0.055
5848.698	-0.059
5848.882	-0.062
5849.037	-0.063
5849.220	-0.064
5849.375	-0.068
5849.558	-0.071
5849.715	-0.073
5849.870	-0.077
5850.053	-0.078
5850.208	-0.078
5850.365	-0.078
5850.548	-0.079
5850.703	-0.082
5850.887	-0.083
5851.042	-0.083
5851.225	-0.083
5851.382	-0.085
5851.537	-0.085
5851.720	-0.088
5851.875	-0.088
5852.058	-0.088
5852.215	-0.088
5852.370	-0.088
5852.553	-0.088
5852.708	-0.088
5852.892	-0.088
5853.048	-0.088
5853.203	-0.088
5853.387	-0.088
5853.542	-0.088
5853.725	-0.088
5853.882	-0.088
5854.037	-0.088
5854.220	-0.088
5854.375	-0.088
5854.532	-0.088
5854.715	-0.088
5854.870	-0.088
5855.053	-0.088
5855.208	-0.088
5855.392	-0.088
5855.548	-0.088
5855.703	-0.088
5855.887	-0.088
5856.042	-0.088
5856.198	-0.088
5856.382	-0.088
5856.537	-0.088
5856.720	-0.088
5856.875	-0.088
5857.058	-0.088
5857.215	-0.088
5857.370	-0.088
5857.553	-0.088
5857.708	-0.088
5857.865	-0.088
5858.048	-0.088
5858.203	-0.088
5858.387	-0.088
5858.542	-0.088
5858.725	-0.088
5858.882	-0.088
5859.037	-0.088
5859.220	-0.088
5859.375	-0.088
5859.532	-0.088
5859.715	-0.088
5859.870	-0.088
5860.053	-0.088
5860.208	-0.088
5860.392	-0.088
5860.548	-0.088
5860.703	-0.088
5860.887	-0.088
5861.042	-0.088
5861.198	-0.088
5861.382	-0.088
5861.537	-0.088
5861.720	-0.088
5861.875	-0.088
5862.032	-0.088
5862.215	-0.088
5862.370	-0.088
5862.553	-0.088
5862.708	-0.088
5862.892	-0.088
5863.048	-0.088
5863.203	-0.088
5863.387	-0.088
5863.542	-0.088
5863.698	-0.088
5863.882	-0.088
5864.037	-0.088
5864.220	-0.088
5864.375	-0.088
5864.558	-0.088
5864.715	-0.088
5864.870	-0.088
5865.053	-0.088
5865.208	-0.088
5865.365	-0.088
5865.548	-0.088
5865.703	-0.088
5865.887	-0.088
5866.042	-0.088
5866.225	-0.088
5866.382	-0.088
5866.537	-0.088
5866.720	-0.088
5866.875	-0.088
5867.032	-0.088
5867.215	-0.088
5867.370	-0.088
5867.553	-0.088
5867.708	-0.088
5867.865	-0.088
5868.048	-0.088
5868.203	-0.088
5868.387	-0.088
5868.542	-0.088
5868.698	-0.088
5868.882	-0.088
5869.037	-0.088
5869.220	-0.088
5869.375	-0.088
5869.532	-0.088
5869.715	-0.088
5869.870	-0.088
5870.053	-0.088
5870.208	-0.088
5870.365	-0.088
5870.548	-0.088
5870.703	-0.088
5870.887	-0.089
5871.042	-0.088
5871.198	-0.088
5871.382	-0.088
5871.537	-0.088
5871.720	-0.088
5871.875	-0.088
5872.032	-0.088
5872.215	-0.088
5872.370	-0.088
5872.553	-0.088
5872.708	-0.088
5872.865	-0.088
5873.048	-0.088
5873.203	-0.088
5873.387	-0.088
5873.542	-0.088
5873.698	-0.088
5873.882	-0.088
5874.037	-0.088
5874.220	-0.088
5874.375	-0.088
5874.532	-0.088
5874.715	-0.088
5874.870	-0.088
5875.053	-0.088
5875.208	-0.088
5875.365	-0.088
5875.548	-0.088
5875.703	-0.089
5875.887	-0.088
5876.042	-0.088
5876.198	-0.088
5876.382	-0.088
5876.537	-0.088
5876.720	-0.088
5876.875	-0.088
5877.032	-0.088
5877.215	-0.088
5877.370	-0.088
5877.553	-0.088
5877.708	-0.088
5877.865	-0.088
5878.048	-0.088
5878.203	-0.088
5878.387	-0.088
5878.542	-0.089
5878.698	-0.088
5878.882	-0.088
5879.037	-0.088
5879.220	-0.088
5879.375	-0.088
5879.532	-0.088
5879.715	-0.088
5879.870	-0.088
5880.053	-0.088
5880.208	-0.088
5880.365	-0.088
5880.548	-0.088
5880.703	-0.089
5880.887	-0.088
5881.042	-0.088
5881.198	-0.088
5881.382	-0.088
5881.537	-0.088
5881.720	-0.088
5881.875	-0.088
5882.032	-0.088
5882.215	-0.088
5882.370	-0.088
5882.553	-0.088
5882.708	-0.088
5882.865	-0.088
5883.048	-0.089
5883.203	-0.088
5883.387	-0.088
5883.542	-0.088
5883.698	-0.088
5883.882	-0.088
5884.037	-0.088
5884.220	-0.088
5884.375	-0.088
5884.532	-0.088
5884.715	-0.088
5884.870	-0.088
5885.053	-0.088
5885.208	-0.088
5885.365	-0.088
5885.548	-0.088
5885.703	-0.088
5885.887	-0.088
5886.042	-0.088
5886.198	-0.088
5886.382	-0.088
5886.537	-0.088
5886.720	-0.088
5886.875	-0.088
5887.032	-0.088
5887.215	-0.088
5887.370	-0.088
5887.553	-0.088
5887.708	-0.088
5887.865	-0.088
5888.048	-0.088
5888.203	-0.088
5888.387	-0.088
5888.542	-0.088
5888.698	-0.088
5888.882	-0.088
5889.037	-0.089
5889.220	-0.088
5889.375	-0.088
5889.532	-0.088
5889.715	-0.088
5889.870	-0.088
5890.053	-0.088
5890.208	-0.088
5890.365	-0.088
5890.548	-0.088
5890.703	-0.088
5890.887	-0.088
5891.042	-0.088
5891.198	-0.088
5891.382	-0.088
5891.537	-0.088
5891.720	-0.088
5891.875	-0.088
5892.032	-0.088
5892.215	-0.088
5892.370	-0.088
5892.553	-0.088
5892.708	-0.088
5892.865	-0.088
5893.048	-0.088
5893.203	-0.088
5893.387	-0.088
5893.542	-0.088
5893.698	-0.088
5893.882	-0.088
5894.037	-0.088
5894.220	-0.088
5894.375	-0.088
5894.532	-0.088
5894.715	-0.088
5894.870	-0.088
5895.053	-0.088
5895.208	-0.088
5895.365	-0.088
5895.548	-0.088
5895.703	-0.088
5895.887	-0.088
5896.042	-0.088
5896.198	-0.088
5896.382	-0.090
5896.537	-0.088
5896.720	-0.088
5896.875	-0.088
5897.032	-0.088
5897.215	-0.088
5897.370	-0.090
5897.553	-0.088
5897.708	-0.088
5897.865	-0.088
5898.048	-0.088
5898.203	-0.088
5898.387	-0.088
5898.542	-0.088
5898.698	-0.088
5898.882	-0.088
5899.037	-0.088
5899.220	-0.088
5899.375	-0.088
5899.532	-0.088
5899.715	-0.088
5899.870	-0.088
5900.053	-0.088
5900.208	-0.089
5900.365	-0.088
5900.548	-0.088
5900.703	-0.088
5900.887	-0.088
5901.042	-0.088
5901.198	-0.088
5901.382	-0.089
5901.537	-0.088
5901.720	-0.088
5901.875	-0.088
5902.032	-0.088
5902.215	-0.088
5902.370	-0.088
5902.553	-0.088
5902.708	-0.088
5902.865	-0.088
5903.048	-0.088
5903.203	-0.089
5903.387	-0.088
5903.542	-0.088
5903.698	-0.088
5903.882	-0.088
5904.037	-0.088
5904.220	-0.088
5904.375	-0.088
5904.532	-0.088
5904.715	-0.088
5904.870	-0.088
5905.053	-0.088
5905.208	-0.088
5905.365	-0.088
5905.548	-0.088
5905.703	-0.088
5905.887	-0.088
5906.042	-0.088
5906.198	-0.088
5906.382	-0.088
5906.537	-0.088
5906.720	-0.088
5906.875	-0.088
5907.032	-0.088
5907.215	-0.088
5907.370	-0.088
5907.553	-0.088
5907.708	-0.088
5907.865	-0.089
5908.048	-0.088
5908.203	-0.088
5908.387	-0.088
5908.542	-0.088
5908.698	-0.088
5908.882	-0.088
5909.037	-0.088
5909.220	-0.088
5909.375	-0.088
5909.532	-0.088
5909.715	-0.088
5909.870	-0.088
5910.053	-0.088
5910.208	-0.088
5910.365	-0.088
5910.548	-0.088
5910.703	-0.088
5910.887	-0.088
5911.042	-0.088
5911.198	-0.088
5911.382	-0.088
5911.537	-0.088
5911.720	-0.088
5911.875	-0.088
5912.032	-0.088
5912.215	-0.088
5912.370	-0.088
5912.553	-0.088
5912.708	-0.088
5912.865	-0.088
5913.048	-0.088
5913.203	-0.088
5913.387	-0.088
5913.542	-0.088
5913.698	-0.088
5913.882	-0.088
5914.037	-0.088
5914.220	-0.088
5914.375	-0.088
5914.532	-0.088
5914.715	-0.088
5914.870	-0.088
5915.053	-0.088
5915.208	-0.088
5915.365	-0.089
5915.548	-0.088
5915.703	-0.088
5915.887	-0.088
5916.042	-0.088
5916.198	-0.088
5916.382	-0.088
5916.537	-0.088
5916.720	-0.088
5916.875	-0.088
5917.032	-0.089
5917.215	-0.088
5917.370	-0.088
5917.553	-0.089
5917.708	-0.089
5917.865	-0.088
5918.048	-0.088
5918.203	-0.089
5918.387	-0.089
5918.542	-0.089
5918.698	-0.088
5918.882	-0.088
5919.037	-0.088
5919.220	-0.088
5919.375	-0.088
5919.532	-0.088
5919.715	-0.088
5919.870	-0.088
5920.053	-0.089
5920.208	-0.088
5920.365	-0.088
5920.548	-0.088
5920.703	-0.088
5920.887	-0.088
5921.042	-0.088
5921.198	-0.088
5921.382	-0.088
5921.537	-0.089
5921.720	-0.088
5921.875	-0.088
5922.032	-0.088
5922.215	-0.088
5922.370	-0.088
5922.553	-0.088
5922.708	-0.088
5922.865	-0.088
5923.048	-0.088
5923.203	-0.088
5923.360	-0.088
5923.542	-0.088
5923.698	-0.088
5923.882	-0.088
5924.037	-0.088
5924.193	-0.088
5924.375	-0.088
5924.532	-0.089
5924.715	-0.088
5924.870	-0.088
5925.053	-0.088
5925.208	-0.088
5925.365	-0.089
5925.548	-0.088
5925.703	-0.088
5925.860	-0.088
5926.042	-0.088
5926.198	-0.088
5926.382	-0.088
5926.537	-0.088
5926.720	-0.088
5926.875	-0.089
5927.032	-0.088
5927.215	-0.088
5927.370	-0.088
5927.527	-0.088
5927.708	-0.089
5927.865	-0.088
5928.048	-0.088
5928.203	-0.088
5928.387	-0.088
5928.542	-0.088
5928.698	-0.088
5928.882	-0.088
5929.037	-0.089
5929.193	-0.088
5929.375	-0.088
5929.532	-0.088
5929.715	-0.089
5929.870	-0.088
5930.027	-0.088
5930.208	-0.088
5930.365	-0.089
5930.548	-0.088
5930.703	-0.088
5930.860	-0.088
5931.042	-0.088
5931.198	-0.088
5931.382	-0.088
5931.537	-0.088
5931.693	-0.088
5931.875	-0.088
5932.032	-0.088
5932.215	-0.089
5932.370	-0.088
5932.553	-0.088
5932.708	-0.088
5932.865	-0.089
5933.048	-0.088
5933.203	-0.088
5933.360	-0.088
5933.542	-0.088
5933.698	-0.088
5933.882	-0.088
5934.037	-0.088
5934.193	-0.088
5934.375	-0.088
5934.532	-0.088
5934.715	-0.088
5934.870	-0.088
5935.027	-0.088
5935.208	-0.088
5935.365	-0.088
5935.548	-0.088
5935.703	-0.088
5935.887	-0.088
5936.042	-0.088
5936.198	-0.088
5936.382	-0.088
5936.537	-0.088
5936.720	-0.088
5936.875	-0.088
5937.032	-0.088
5937.215	-0.088
5937.370	-0.088
5937.527	-0.088
5937.708	-0.088
5937.865	-0.088
5938.048	-0.088
5938.203	-0.088
5938.360	-0.088
5938.542	-0.088
5938.698	-0.088
5938.882	-0.088
5939.037	-0.088
5939.220	-0.088
5939.375	-0.088
5939.532	-0.088
5939.715	-0.088
5939.870	-0.088
5940.053	-0.088
5940.208	-0.088
5940.365	-0.088
5940.548	-0.088
5940.703	-0.088
5940.860	-0.088
5941.042	-0.088
5941.198	-0.088
5941.382	-0.088
5941.537	-0.088
5941.693	-0.088
5941.875	-0.088
5942.032	-0.088
5942.215	-0.088
5942.370	-0.088
5942.553	-0.088
5942.708	-0.088
5942.865	-0.088
5943.048	-0.088
5943.203	-0.088
5943.387	-0.088
5943.542	-0.088
5943.698	-0.088
5943.882	-0.089
5944.037	-0.088
5944.193	-0.088
5944.375	-0.088
5944.532	-0.088
5944.715	-0.088
5944.870	-0.088
5945.027	-0.088
5945.208	-0.088
5945.365	-0.088
5945.548	-0.088
5945.703	-0.088
5945.860	-0.088
5946.042	-0.089
5946.198	-0.088
5946.382	-0.088
5946.537	-0.088
5946.720	-0.088
5946.875	-0.088
5947.032	-0.089
5947.215	-0.088
5947.370	-0.088
5947.553	-0.088
5947.708	-0.088
5947.865	-0.088
5948.048	-0.088
5948.203	-0.088
5948.360	-0.088
5948.542	-0.088
5948.698	-0.088
5948.882	-0.088
5949.037	-0.088
5949.193	-0.088
5949.375	-0.088
5949.532	-0.088
5949.715	-0.088
5949.870	-0.088
5950.027	-0.088
5950.208	-0.089
5950.365	-0.088
5950.548	-0.088
5950.703	-0.088
5950.887	-0.089
5951.042	-0.088
5951.198	-0.089
5951.382	-0.088
5951.537	-0.088
5951.693	-0.088
5951.875	-0.088
5952.032	-0.090
5952.215	-0.088
5952.370	-0.088
5952.553	-0.088
5952.708	-0.088
5952.865	-0.088
5953.048	-0.089
5953.203	-0.088
5953.360	-0.088
5953.542	-0.088
5953.698	-0.088
5953.882	-0.088
5954.037	-0.088
5954.220	-0.088
5954.375	-0.088
5954.532	-0.088
5954.715	-0.088
5954.870	-0.088
5955.053	-0.088
5955.208	-0.088
5955.365	-0.088
5955.548	-0.088
5955.703	-0.088
5955.860	-0.089
5956.042	-0.088
5956.198	-0.089
5956.382	-0.088
5956.537	-0.088
5956.693	-0.088
5956.875	-0.088
5957.032	-0.089
5957.215	-0.088
5957.370	-0.088
5957.553	-0.088
5957.708	-0.088
5957.865	-0.089
5958.048	-0.088
5958.203	-0.089
5958.387	-0.088
5958.542	-0.088
5958.698	-0.088
5958.882	-0.088
5959.037	-0.088
5959.193	-0.088
5959.375	-0.089
5959.532	-0.089
5959.715	-0.088
5959.870	-0.088
5960.027	-0.088
5960.208	-0.088
5960.365	-0.088
5960.548	-0.089
5960.703	-0.088
5960.860	-0.088
5961.042	-0.088
5961.198	-0.088
5961.382	-0.088
5961.537	-0.090
5961.693	-0.088
5961.875	-0.088
5962.032	-0.089
5962.215	-0.088
5962.370	-0.088
5962.527	-0.088
5962.708	-0.088
5962.865	-0.088
5963.048	-0.088
5963.203	-0.088
5963.360	-0.088
5963.542	-0.088
5963.698	-0.088
5963.882	-0.088
5964.037	-0.088
5964.193	-0.088
5964.375	-0.088
5964.532	-0.088
5964.715	-0.088
5964.870	-0.088
5965.027	-0.088
5965.208	-0.088
5965.365	-0.088
5965.548	-0.088
5965.703	-0.088
5965.860	-0.088
5966.042	-0.088
5966.198	-0.088
5966.382	-0.088
5966.537	-0.088
5966.693	-0.088
5966.875	-0.088
5967.032	-0.088
5967.215	-0.089
5967.370	-0.088
5967.527	-0.088
5967.708	-0.088
5967.865	-0.088
5968.048	-0.088
5968.203	-0.088
5968.360	-0.088
5968.542	-0.088
5968.698	-0.089
5968.882	-0.088
5969.037	-0.088
5969.193	-0.088
5969.375	-0.088
5969.532	-0.088
5969.715	-0.088
5969.870	-0.088
5970.027	-0.088
5970.208	-0.088
5970.365	-0.088
5970.548	-0.088
5970.703	-0.088
5970.860	-0.089
5971.042	-0.088
5971.198	-0.089
5971.382	-0.088
5971.537	-0.088
5971.693	-0.089
5971.875	-0.088
5972.032	-0.088
5972.215	-0.088
5972.370	-0.088
5972.527	-0.088
5972.708	-0.088
5972.865	-0.088
5973.048	-0.088
5973.203	-0.088
5973.360	-0.088
5973.542	-0.088
5973.698	-0.088
5973.882	-0.088
5974.037	-0.089
5974.193	-0.088
5974.375	-0.088
5974.532	-0.088
5974.715	-0.088
5974.870	-0.090
5975.027	-0.088
5975.208	-0.088
5975.365	-0.088
5975.548	-0.088
5975.703	-0.088
5975.860	-0.088
5976.042	-0.088
5976.198	-0.088
5976.382	-0.088
5976.537	-0.088
5976.693	-0.088
5976.875	-0.088
5977.032	-0.088
5977.215	-0.088
5977.370	-0.088
5977.527	-0.088
5977.708	-0.088
5977.865	-0.088
5978.048	-0.088
5978.203	-0.088
5978.360	-0.088
5978.542	-0.088
5978.698	-0.088
5978.882	-0.088
5979.037	-0.088
5979.193	-0.088
5979.375	-0.088
5979.532	-0.088
5979.715	-0.088
5979.870	-0.088
5980.027	-0.089
5980.208	-0.088
5980.365	-0.089
5980.548	-0.088
5980.703	-0.088
5980.860	-0.088
5981.042	-0.088
5981.198	-0.089
5981.382	-0.088
5981.537	-0.089
5981.693	-0.088
5981.875	-0.088
5982.032	-0.088
5982.215	-0.088
5982.370	-0.088
5982.527	-0.088
5982.708	-0.088
5982.865	-0.089
5983.048	-0.088
5983.203	-0.089
5983.360	-0.089
5983.542	-0.089
5983.698	-0.088
5983.882	-0.088
5984.037	-0.088
5984.193	-0.088
5984.375	-0.089
5984.532	-0.088
5984.715	-0.089
5984.870	-0.089
5985.053	-0.089
5985.208	-0.088
5985.365	-0.088
5985.548	-0.088
5985.703	-0.088
5985.860	-0.089
5986.042	-0.088
5986.198	-0.088
5986.382	-0.088
5986.537	-0.088
5986.693	-0.088
5986.875	-0.088
5987.032	-0.089
5987.215	-0.088
5987.370	-0.088
5987.527	-0.088
5987.708	-0.089
5987.865	-0.088
5988.048	-0.089
5988.203	-0.089
5988.360	-0.088
5988.542	-0.088
5988.698	-0.088
5988.882	-0.088
5989.037	-0.089
5989.193	-0.088
5989.375	-0.089
5989.532	-0.088
5989.715	-0.089
5989.870	-0.089
5990.027	-0.088
5990.208	-0.088
5990.365	-0.088
5990.548	-0.088
5990.703	-0.088
5990.860	-0.089
5991.042	-0.088
5991.198	-0.088
5991.382	-0.088
5991.537	-0.089
5991.693	-0.088
5991.875	-0.088
5992.032	-0.088
5992.215	-0.089
5992.370	-0.088
5992.553	-0.089
5992.708	-0.088
5992.865	-0.088
5993.048	-0.088
5993.203	-0.088
5993.360	-0.088
5993.542	-0.088
5993.698	-0.088
5993.882	-0.088
5994.037	-0.089
5994.193	-0.088
5994.375	-0.089
5994.532	-0.088
5994.715	-0.088
5994.870	-0.088
5995.027	-0.088
5995.208	-0.088
5995.365	-0.088
5995.548	-0.088
5995.703	-0.089
5995.860	-0.088
5996.042	-0.088
5996.198	-0.088
5996.382	-0.089
5996.537	-0.089
5996.693	-0.088
5996.875	-0.088
5997.032	-0.088
5997.215	-0.088
5997.370	-0.088
5997.527	-0.088
5997.708	-0.088
5997.865	-0.088
5998.048	-0.088
5998.203	-0.088
5998.360	-0.088
5998.542	-0.088
5998.698	-0.088
5998.882	-0.088
5999.037	-0.088
5999.193	-0.089
5999.375	-0.089
5999.532	-0.088
5999.715	-0.088
5999.870	-0.088
6000.027	-0.088
6000.208	-0.088
6000.365	-0.088
6000.548	-0.089
6000.703	-0.088
6000.860	-0.089
6001.042	-0.089
6001.198	-0.088
6001.382	-0.088
6001.537	-0.088
6001.693	-0.088
6001.875	-0.088
6002.032	-0.088
6002.215	-0.088
6002.370	-0.088
6002.527	-0.088
6002.708	-0.089
6002.865	-0.089
6003.048	-0.088
6003.203	-0.088
6003.360	-0.088
6003.542	-0.088
6003.698	-0.088
6003.882	-0.088
6004.037	-0.088
6004.193	-0.088
6004.375	-0.088
6004.532	-0.088
6004.715	-0.088
6004.870	-0.088
6005.027	-0.089
6005.208	-0.088
6005.365	-0.088
6005.548	-0.088
6005.703	-0.088
6005.860	-0.089
6006.042	-0.088
6006.198	-0.088
6006.382	-0.088
6006.537	-0.088
6006.693	-0.088
6006.875	-0.088
6007.032	-0.088
6007.215	-0.088
6007.370	-0.088
6007.527	-0.088
6007.708	-0.088
6007.865	-0.088
6008.048	-0.088
6008.203	-0.088
6008.360	-0.088
6008.542	-0.088
6008.698	-0.088
6008.882	-0.088
6009.037	-0.088
6009.193	-0.088
6009.375	-0.088
6009.532	-0.088
6009.715	-0.088
6009.870	-0.088
6010.027	-0.088
6010.208	-0.088
6010.365	-0.088
6010.548	-0.088
6010.703	-0.088
6010.860	-0.089
6011.042	-0.088
6011.198	-0.089
6011.382	-0.088
6011.537	-0.088
6011.693	-0.088
6011.875	-0.088
6012.032	-0.088
6012.215	-0.089
6012.370	-0.088
6012.527	-0.088
6012.708	-0.088
6012.865	-0.088
6013.048	-0.088
6013.203	-0.088
6013.360	-0.089
6013.542	-0.088
6013.698	-0.089
6013.882	-0.088
6014.037	-0.088
6014.193	-0.088
6014.375	-0.089
6014.532	-0.089
6014.715	-0.088
6014.870	-0.088
6015.027	-0.088
6015.208	-0.088
6015.365	-0.089
6015.548	-0.088
6015.703	-0.088
6015.860	-0.088
6016.042	-0.088
6016.198	-0.088
6016.382	-0.088
6016.537	-0.088
6016.693	-0.088
6016.875	-0.088
6017.032	-0.088
6017.215	-0.088
6017.370	-0.088
6017.527	-0.089
6017.708	-0.088
6017.865	-0.088
6018.048	-0.089
6018.203	-0.088
6018.360	-0.089
6018.542	-0.088
6018.698	-0.088
6018.882	-0.088
6019.037	-0.089
6019.193	-0.088
6019.350	-0.088
6019.532	-0.089
6019.715	-0.088
6019.870	-0.088
6020.027	-0.088
6020.208	-0.088
6020.365	-0.088
6020.548	-0.088
6020.703	-0.088
6020.860	-0.089
6021.042	-0.088
6021.198	-0.088
6021.382	-0.089
6021.537	-0.088
6021.693	-0.088
6021.875	-0.088
6022.032	-0.088
6022.215	-0.088
6022.370	-0.088
6022.527	-0.088
6022.708	-0.088
6022.865	-0.088
6023.048	-0.088
6023.203	-0.088
6023.360	-0.088
6023.542	-0.088
6023.698	-0.088
6023.882	-0.088
6024.037	-0.088
6024.193	-0.088
6024.375	-0.088
6024.532	-0.088
6024.715	-0.088
6024.870	-0.088
6025.027	-0.088
6025.208	-0.088
6025.365	-0.088
6025.521	-0.088
6025.703	-0.088
6025.860	-0.088
6026.042	-0.090
6026.198	-0.088
6026.382	-0.090
6026.537	-0.088
6026.693	-0.088
6026.875	-0.088
6027.032	-0.088
6027.215	-0.089
6027.370	-0.088
6027.527	-0.088
6027.708	-0.089
6027.865	-0.089
6028.021	-0.088
6028.203	-0.088
6028.360	-0.088
6028.542	-0.088
6028.698	-0.088
6028.855	-0.088
6029.037	-0.088
6029.193	-0.088
6029.375	-0.090
6029.532	-0.088
6029.715	-0.089
6029.870	-0.088
6030.027	-0.088
6030.208	-0.088
6030.365	-0.088
6030.548	-0.088
6030.703	-0.088
6030.860	-0.088
6031.042	-0.088
6031.198	-0.088
6031.355	-0.088
6031.537	-0.088
6031.693	-0.088
6031.875	-0.089
6032.032	-0.088
6032.215	-0.088
6032.370	-0.089
6032.527	-0.089
6032.708	-0.088
6032.865	-0.088
6033.048	-0.089
6033.203	-0.088
6033.360	-0.088
6033.542	-0.088
6033.698	-0.089
6033.882	-0.088
6034.037	-0.088
6034.193	-0.088
6034.375	-0.088
6034.532	-0.088
6034.715	-0.088
6034.870	-0.088
6035.027	-0.088
6035.208	-0.088
6035.365	-0.088
6035.521	-0.089
6035.703	-0.088
6035.860	-0.089
6036.042	-0.088
6036.198	-0.088
6036.382	-0.088
6036.537	-0.088
6036.693	-0.089
6036.875	-0.088
6037.032	-0.088
6037.215	-0.088
6037.370	-0.089
6037.527	-0.088
6037.708	-0.088
6037.865	-0.088
6038.021	-0.088
6038.203	-0.088
6038.360	-0.088
6038.542	-0.088
6038.698	-0.088
6038.855	-0.088
6039.037	-0.088
6039.193	-0.088
6039.375	-0.088
6039.532	-0.088
6039.688	-0.088
6039.870	-0.088
6040.027	-0.090
6040.208	-0.088
6040.365	-0.088
6040.521	-0.088
6040.703	-0.088
6040.860	-0.088
6041.042	-0.088
6041.198	-0.089
6041.355	-0.088
6041.537	-0.089
6041.693	-0.088
6041.875	-0.089
6042.032	-0.088
6042.188	-0.088
6042.370	-0.088
6042.527	-0.088
6042.708	-0.088
6042.865	-0.089
6043.021	-0.089
6043.203	-0.088
6043.360	-0.088
6043.542	-0.089
6043.698	-0.088
6043.855	-0.088
6044.037	-0.089
6044.193	-0.088
6044.375	-0.088
6044.532	-0.088
6044.688	-0.088
6044.870	-0.088
6045.027	-0.088
6045.208	-0.088
6045.365	-0.089
6045.521	-0.088
6045.703	-0.089
6045.860	-0.089
6046.042	-0.088
6046.198	-0.088
6046.355	-0.088
6046.537	-0.088
6046.693	-0.088
6046.875	-0.088
6047.032	-0.088
6047.188	-0.088
6047.370	-0.088
6047.527	-0.089
6047.708	-0.089
6047.865	-0.088
6048.021	-0.088
6048.203	-0.089
6048.360	-0.088
6048.542	-0.088
6048.698	-0.089
6048.855	-0.088
6049.037	-0.088
6049.193	-0.088
6049.375	-0.088
6049.532	-0.088
6049.688	-0.088
6049.870	-0.088
6050.027	-0.088
6050.208	-0.091
6050.365	-0.088
6050.521	-0.090
6050.703	-0.088
6050.860	-0.088
6051.042	-0.088
6051.198	-0.088
6051.355	-0.088
6051.537	-0.088
6051.693	-0.088
6051.875	-0.088
6052.032	-0.088
6052.188	-0.088
6052.370	-0.090
6052.527	-0.089
6052.708	-0.088
6052.865	-0.088
6053.021	-0.089
6053.203	-0.088
6053.360	-0.089
6053.542	-0.089
6053.698	-0.088
6053.855	-0.088
6054.037	-0.088
6054.193	-0.088
6054.375	-0.088
6054.532	-0.088
6054.688	-0.089
6054.870	-0.088
6055.027	-0.089
6055.208	-0.088
6055.365	-0.088
6055.521	-0.088
6055.703	-0.088
6055.860	-0.088
6056.042	-0.089
6056.198	-0.088
6056.355	-0.089
6056.537	-0.088
6056.693	-0.088
6056.875	-0.088
6057.032	-0.088
6057.188	-0.088
6057.370	-0.088
6057.527	-0.088
6057.708	-0.088
6057.865	-0.088
6058.021	-0.088
6058.203	-0.089
6058.360	-0.089
6058.542	-0.088
6058.698	-0.088
6058.855	-0.088
6059.037	-0.088
6059.193	-0.088
6059.375	-0.089
6059.532	-0.088
6059.688	-0.088
6059.870	-0.088
6060.027	-0.088
6060.208	-0.088
6060.365	-0.088
6060.521	-0.090
6060.703	-0.088
6060.860	-0.089
6061.042	-0.088
6061.198	-0.089
6061.355	-0.088
6061.537	-0.088
6061.693	-0.088
6061.875	-0.088
6062.032	-0.089
6062.188	-0.088
6062.370	-0.088
6062.527	-0.088
6062.708	-0.089
6062.865	-0.088
6063.021	-0.088
6063.203	-0.088
6063.360	-0.089
6063.542	-0.088
6063.698	-0.088
6063.855	-0.088
6064.037	-0.088
6064.193	-0.088
6064.350	-0.088
6064.532	-0.088
6064.688	-0.088
6064.870	-0.089
6065.027	-0.088
6065.208	-0.088
6065.365	-0.089
6065.521	-0.088
6065.703	-0.089
6065.860	-0.089
6066.042	-0.088
6066.198	-0.088
6066.355	-0.088
6066.537	-0.088
6066.693	-0.088
6066.875	-0.090
6067.032	-0.089
6067.188	-0.088
6067.370	-0.088
6067.527	-0.088
6067.708	-0.088
6067.865	-0.090
6068.021	-0.088
6068.203	-0.089
6068.360	-0.088
6068.542	-0.088
6068.698	-0.088
6068.855	-0.088
6069.037	-0.088
6069.193	-0.088
6069.375	-0.088
6069.532	-0.088
6069.688	-0.088
6069.870	-0.088
6070.027	-0.088
6070.208	-0.088
6070.365	-0.088
6070.521	-0.088
6070.703	-0.088
6070.860	-0.088
6071.042	-0.088
6071.198	-0.088
6071.355	-0.089
6071.537	-0.088
6071.693	-0.089
6071.875	-0.088
6072.032	-0.088
6072.188	-0.088
6072.370	-0.089
6072.527	-0.088
6072.708	-0.088
6072.865	-0.088
6073.021	-0.088
6073.203	-0.088
6073.360	-0.088
6073.542	-0.088
6073.698	-0.088
6073.855	-0.089
6074.037	-0.088
6074.193	-0.088
6074.375	-0.088
6074.532	-0.088
6074.688	-0.088
6074.870	-0.088
6075.027	-0.088
6075.208	-0.088
6075.365	-0.088
6075.521	-0.088
6075.703	-0.088
6075.860	-0.088
6076.042	-0.089
6076.198	-0.088
6076.355	-0.088
6076.537	-0.088
6076.693	-0.088
6076.875	-0.088
6077.032	-0.088
6077.188	-0.089
6077.370	-0.088
6077.527	-0.088
6077.708	-0.088
6077.865	-0.088
6078.021	-0.089
6078.203	-0.088
6078.360	-0.088
6078.542	-0.088
6078.698	-0.088
6078.855	-0.088
6079.037	-0.088
6079.193	-0.088
6079.375	-0.088
6079.532	-0.088
6079.688	-0.088
6079.870	-0.088
6080.027	-0.088
6080.208	-0.088
6080.365	-0.088
6080.521	-0.088
6080.703	-0.089
6080.860	-0.088
6081.042	-0.089
6081.198	-0.088
6081.355	-0.088
6081.537	-0.088
6081.693	-0.088
6081.875	-0.088
6082.032	-0.088
6082.188	-0.088
6082.345	-0.089
6082.527	-0.089
6082.708	-0.088
6082.865	-0.090
6083.021	-0.088
6083.203	-0.088
6083.360	-0.089
6083.542	-0.088
6083.698	-0.088
6083.855	-0.088
6084.037	-0.088
6084.193	-0.088
6084.375	-0.089
6084.532	-0.088
6084.688	-0.088
6084.870	-0.088
6085.027	-0.088
6085.208	-0.088
6085.365	-0.088
6085.521	-0.088
6085.703	-0.088
6085.860	-0.089
6086.042	-0.089
6086.198	-0.088
6086.355	-0.088
6086.537	-0.088
6086.693	-0.088
6086.875	-0.088
6087.032	-0.088
6087.188	-0.088
6087.370	-0.088
6087.527	-0.088
6087.708	-0.089
6087.865	-0.088
6088.021	-0.089
6088.203	-0.088
6088.360	-0.088
6088.542	-0.088
6088.698	-0.088
6088.855	-0.088
6089.037	-0.088
6089.193	-0.088
6089.375	-0.088
6089.532	-0.088
6089.688	-0.088
6089.870	-0.088
6090.027	-0.091
6090.208	-0.088
6090.365	-0.088
6090.521	-0.088
6090.703	-0.088
6090.860	-0.088
6091.042	-0.088
6091.198	-0.088
6091.355	-0.088
6091.537	-0.088
6091.693	-0.088
6091.875	-0.089
6092.032	-0.088
6092.188	-0.088
6092.370	-0.088
6092.527	-0.088
6092.708	-0.089
6092.865	-0.088
6093.021	-0.088
6093.203	-0.088
6093.360	-0.089
6093.542	-0.089
6093.698	-0.088
6093.855	-0.088
6094.037	-0.088
6094.193	-0.088
6094.375	-0.088
6094.532	-0.088
6094.688	-0.088
6094.870	-0.088
6095.027	-0.088
6095.208	-0.088
6095.365	-0.088
6095.521	-0.088
6095.703	-0.088
6095.860	-0.088
6096.042	-0.088
6096.198	-0.088
6096.355	-0.089
6096.537	-0.088
6096.693	-0.088
6096.875	-0.088
6097.032	-0.088
6097.188	-0.088
6097.370	-0.088
6097.527	-0.089
6097.708	-0.088
6097.865	-0.088
6098.021	-0.088
6098.203	-0.088
6098.360	-0.088
6098.542	-0.088
6098.698	-0.088
6098.855	-0.088
6099.037	-0.088
6099.193	-0.088
6099.375	-0.088
6099.532	-0.088
6099.688	-0.088
6099.870	-0.088
6100.027	-0.088
6100.208	-0.089
6100.365	-0.088
6100.521	-0.088
6100.703	-0.088
6100.860	-0.088
6101.042	-0.088
6101.198	-0.088
6101.355	-0.088
6101.537	-0.088
6101.693	-0.088
6101.875	-0.089
6102.032	-0.088
6102.188	-0.088
6102.370	-0.088
6102.527	-0.088
6102.708	-0.088
6102.865	-0.088
6103.021	-0.088
6103.203	-0.088
6103.360	-0.088
6103.542	-0.088
6103.698	-0.088
6103.855	-0.088
6104.037	-0.088
6104.193	-0.088
6104.375	-0.088
6104.532	-0.088
6104.688	-0.089
6104.870	-0.088
6105.027	-0.088
6105.208	-0.088
6105.365	-0.088
6105.521	-0.088
6105.703	-0.088
6105.860	-0.088
6106.042	-0.088
6106.198	-0.088
6106.355	-0.089
6106.537	-0.090
6106.693	-0.088
6106.875	-0.088
6107.032	-0.088
6107.188	-0.089
6107.370	-0.088
6107.527	-0.088
6107.708	-0.088
6107.865	-0.088
6108.021	-0.088
6108.203	-0.088
6108.360	-0.088
6108.542	-0.088
6108.698	-0.088
6108.855	-0.088
6109.037	-0.089
6109.193	-0.088
6109.375	-0.088
6109.532	-0.088
6109.688	-0.088
6109.870	-0.088
6110.027	-0.088
6110.208	-0.088
6110.365	-0.088
6110.521	-0.088
6110.703	-0.088
6110.860	-0.088
6111.042	-0.088
6111.198	-0.088
6111.355	-0.088
6111.537	-0.089
6111.693	-0.088
6111.875	-0.090
6112.032	-0.088
6112.188	-0.088
6112.370	-0.088
6112.527	-0.088
6112.708	-0.088
6112.865	-0.088
6113.021	-0.088
6113.203	-0.088
6113.360	-0.088
6113.542	-0.088
6113.698	-0.088
6113.855	-0.088
6114.037	-0.088
6114.193	-0.088
6114.375	-0.088
6114.532	-0.088
6114.688	-0.088
6114.870	-0.088
6115.027	-0.088
6115.208	-0.088
6115.365	-0.088
6115.521	-0.089
6115.703	-0.088
6115.860	-0.088
6116.042	-0.088
6116.198	-0.088
6116.355	-0.088
6116.537	-0.088
6116.693	-0.088
6116.875	-0.088
6117.032	-0.088
6117.188	-0.088
6117.370	-0.088
6117.527	-0.089
6117.708	-0.088
6117.865	-0.088
6118.021	-0.088
6118.203	-0.088
6118.360	-0.088
6118.517	-0.088
6118.698	-0.089
6118.855	-0.088
6119.037	-0.088
6119.193	-0.088
6119.375	-0.088
6119.532	-0.088
6119.688	-0.088
6119.870	-0.088
6120.027	-0.088
6120.208	-0.088
6120.365	-0.088
6120.521	-0.088
6120.703	-0.088
6120.860	-0.089
6121.017	-0.088
6121.198	-0.088
6121.355	-0.088
6121.537	-0.089
6121.693	-0.089
6121.875	-0.088
6122.032	-0.088
6122.188	-0.090
6122.370	-0.089
6122.527	-0.088
6122.708	-0.088
6122.865	-0.088
6123.021	-0.088
6123.203	-0.089
6123.360	-0.089
6123.517	-0.088
6123.698	-0.089
6123.855	-0.088
6124.037	-0.088
6124.193	-0.088
6124.375	-0.088
6124.532	-0.089
6124.688	-0.088
6124.870	-0.088
6125.027	-0.088
6125.183	-0.088
6125.365	-0.088
6125.521	-0.088
6125.703	-0.088
6125.860	-0.088
6126.042	-0.089
6126.198	-0.088
6126.355	-0.089
6126.537	-0.088
6126.693	-0.088
6126.875	-0.088
6127.032	-0.088
6127.188	-0.088
6127.370	-0.089
6127.527	-0.088
6127.708	-0.088
6127.865	-0.088
6128.021	-0.088
6128.203	-0.089
6128.360	-0.089
6128.517	-0.089
6128.698	-0.088
6128.855	-0.088
6129.037	-0.088
6129.193	-0.088
6129.375	-0.088
6129.532	-0.088
6129.688	-0.088
6129.870	-0.088
6130.027	-0.088
6130.183	-0.088
6130.365	-0.089
6130.521	-0.088
6130.703	-0.088
6130.860	-0.088
6131.042	-0.088
6131.198	-0.088
6131.355	-0.088
6131.537	-0.088
6131.693	-0.088
6131.850	-0.088
6132.032	-0.089
6132.188	-0.088
6132.370	-0.088
6132.527	-0.089
6132.708	-0.089
6132.865	-0.089
6133.021	-0.089
6133.203	-0.088
6133.360	-0.088
6133.542	-0.089
6133.698	-0.088
6133.855	-0.088
6134.037	-0.089
6134.193	-0.088
6134.375	-0.089
6134.532	-0.089
6134.688	-0.088
6134.870	-0.088
6135.027	-0.088
6135.183	-0.088
6135.365	-0.088
6135.521	-0.088
6135.703	-0.088
6135.860	-0.088
6136.042	-0.089
6136.198	-0.088
6136.355	-0.088
6136.537	-0.088
6136.693	-0.089
6136.850	-0.089
6137.032	-0.088
6137.188	-0.089
6137.370	-0.088
6137.527	-0.088
6137.683	-0.089
6137.865	-0.088
6138.021	-0.088
6138.203	-0.088
6138.360	-0.089
6138.517	-0.088
6138.698	-0.088
6138.855	-0.088
6139.037	-0.088
6139.193	-0.088
6139.350	-0.088
6139.532	-0.090
6139.688	-0.088
6139.870	-0.088
6140.027	-0.088
6140.208	-0.089
6140.365	-0.089
6140.521	-0.089
6140.703	-0.088
6140.860	-0.088
6141.042	-0.088
6141.198	-0.088
6141.355	-0.088
6141.537	-0.088
6141.693	-0.088
6141.875	-0.088
6142.032	-0.088
6142.188	-0.089
6142.370	-0.088
6142.527	-0.089
6142.708	-0.088
6142.865	-0.089
6143.021	-0.088
6143.203	-0.088
6143.360	-0.088
6143.542	-0.088
6143.698	-0.088
6143.855	-0.089
6144.037	-0.088
6144.193	-0.088
6144.375	-0.088
6144.532	-0.088
6144.688	-0.088
6144.870	-0.088
6145.027	-0.088
6145.183	-0.088
6145.365	-0.088
6145.521	-0.088
6145.703	-0.089
6145.860	-0.088
6146.042	-0.088
6146.198	-0.088
6146.355	-0.089
6146.537	-0.088
6146.693	-0.088
6146.850	-0.088
6147.032	-0.088
6147.188	-0.088
6147.370	-0.088
6147.527	-0.088
6147.683	-0.088
6147.865	-0.088
6148.021	-0.091
6148.203	-0.088
6148.360	-0.088
6148.542	-0.088
6148.698	-0.089
6148.855	-0.088
6149.037	-0.088
6149.193	-0.088
6149.350	-0.089
6149.532	-0.089
6149.688	-0.088
6149.870	-0.088
6150.027	-0.088
6150.208	-0.088
6150.365	-0.088
6150.521	-0.089
6150.703	-0.088
6150.860	-0.089
6151.042	-0.088
6151.198	-0.088
6151.355	-0.089
6151.537	-0.089
6151.693	-0.088
6151.875	-0.088
6152.032	-0.088
6152.188	-0.088
6152.370	-0.089
6152.527	-0.089
6152.708	-0.089
6152.865	-0.088
6153.021	-0.088
6153.203	-0.089
6153.360	-0.088
6153.517	-0.088
6153.698	-0.088
6153.855	-0.088
6154.037	-0.088
6154.193	-0.089
6154.350	-0.089
6154.532	-0.089
6154.688	-0.088
6154.870	-0.089
6155.027	-0.088
6155.183	-0.089
6155.365	-0.088
6155.521	-0.088
6155.703	-0.088
6155.860	-0.089
6156.017	-0.088
6156.198	-0.088
6156.355	-0.088
6156.537	-0.088
6156.693	-0.089
6156.850	-0.088
6157.032	-0.088
6157.188	-0.088
6157.370	-0.089
6157.527	-0.088
6157.683	-0.088
6157.865	-0.088
6158.021	-0.089
6158.203	-0.088
6158.360	-0.090
6158.517	-0.088
6158.698	-0.088
6158.855	-0.088
6159.037	-0.089
6159.193	-0.088
6159.350	-0.088
6159.532	-0.089
6159.688	-0.088
6159.870	-0.088
6160.027	-0.089
6160.183	-0.088
6160.365	-0.088
6160.521	-0.088
6160.703	-0.088
6160.860	-0.088
6161.017	-0.089
6161.198	-0.088
6161.355	-0.088
6161.537	-0.089
6161.693	-0.088
6161.850	-0.088
6162.032	-0.089
6162.188	-0.088
6162.370	-0.088
6162.527	-0.088
6162.683	-0.089
6162.865	-0.088
6163.021	-0.089
6163.203	-0.088
6163.360	-0.088
6163.517	-0.088
6163.698	-0.088
6163.855	-0.088
6164.037	-0.088
6164.193	-0.088
6164.350	-0.089
6164.532	-0.088
6164.688	-0.088
6164.870	-0.089
6165.027	-0.088
6165.183	-0.088
6165.365	-0.088
6165.521	-0.088
6165.703	-0.088
6165.860	-0.089
6166.017	-0.088
6166.198	-0.088
6166.355	-0.088
6166.537	-0.089
6166.693	-0.088
6166.850	-0.088
6167.032	-0.088
6167.188	-0.088
6167.370	-0.088
6167.527	-0.088
6167.683	-0.089
6167.865	-0.089
6168.021	-0.088
6168.203	-0.088
6168.360	-0.088
6168.517	-0.088
6168.698	-0.088
6168.855	-0.088
6169.037	-0.088
6169.193	-0.088
6169.350	-0.088
6169.532	-0.088
6169.688	-0.088
6169.870	-0.088
6170.027	-0.088
6170.183	-0.089
6170.365	-0.088
6170.521	-0.088
6170.703	-0.088
6170.860	-0.088
6171.017	-0.088
6171.198	-0.088
6171.355	-0.088
6171.537	-0.088
6171.693	-0.088
6171.850	-0.088
6172.032	-0.088
6172.188	-0.089
6172.370	-0.088
6172.527	-0.088
6172.683	-0.088
6172.865	-0.089
6173.021	-0.088
6173.203	-0.088
6173.360	-0.089
6173.517	-0.088
6173.698	-0.088
6173.855	-0.088
6174.037	-0.088
6174.193	-0.089
6174.350	-0.088
6174.532	-0.089
6174.688	-0.088
6174.870	-0.088
6175.027	-0.088
6175.183	-0.088
6175.365	-0.089
6175.521	-0.088
6175.678	-0.088
6175.860	-0.088
6176.017	-0.088
6176.198	-0.088
6176.355	-0.088
6176.537	-0.088
6176.693	-0.088
6176.850	-0.088
6177.032	-0.088
6177.188	-0.088
6177.370	-0.088
6177.527	-0.088
6177.683	-0.089
6177.865	-0.088
6178.021	-0.089
6178.203	-0.088
6178.360	-0.088
6178.517	-0.088
6178.698	-0.089
6178.855	-0.088
6179.037	-0.088
6179.193	-0.088
6179.350	-0.088
6179.532	-0.088
6179.688	-0.088
6179.870	-0.088
6180.027	-0.088
6180.183	-0.088
6180.365	-0.088
6180.521	-0.088
6180.703	-0.089
6180.860	-0.089
6181.017	-0.088
6181.198	-0.089
6181.355	-0.088
6181.537	-0.088
6181.693	-0.088
6181.850	-0.088
6182.032	-0.089
6182.188	-0.088
6182.370	-0.088
6182.527	-0.088
6182.683	-0.088
6182.865	-0.088
6183.021	-0.088
6183.203	-0.088
6183.360	-0.088
6183.517	-0.088
6183.698	-0.088
6183.855	-0.088
6184.037	-0.088
6184.193	-0.088
6184.350	-0.088
6184.532	-0.088
6184.688	-0.088
6184.870	-0.088
6185.027	-0.088
6185.183	-0.088
6185.365	-0.088
6185.521	-0.088
6185.703	-0.088
6185.860	-0.088
6186.017	-0.088
6186.198	-0.088
6186.355	-0.088
6186.537	-0.088
6186.693	-0.088
6186.850	-0.088
6187.032	-0.088
6187.188	-0.088
6187.370	-0.088
6187.527	-0.088
6187.683	-0.088
6187.865	-0.088
6188.021	-0.088
6188.203	-0.088
6188.360	-0.088
6188.517	-0.088
6188.698	-0.089
6188.855	-0.088
6189.037	-0.088
6189.193	-0.088
6189.350	-0.088
6189.532	-0.088
6189.688	-0.088
6189.870	-0.088
6190.027	-0.088
6190.183	-0.088
6190.365	-0.089
6190.521	-0.088
6190.703	-0.088
6190.860	-0.088
6191.017	-0.089
6191.198	-0.089
6191.355	-0.088
6191.537	-0.088
6191.693	-0.088
6191.850	-0.088
6192.032	-0.088
6192.188	-0.088
6192.370	-0.089
6192.527	-0.088
6192.683	-0.088
6192.865	-0.088
6193.021	-0.088
6193.203	-0.089
6193.360	-0.088
6193.517	-0.088
6193.698	-0.088
6193.855	-0.088
6194.037	-0.088
6194.193	-0.088
6194.350	-0.089
6194.532	-0.088
6194.688	-0.089
6194.870	-0.088
6195.027	-0.088
6195.183	-0.090
6195.365	-0.089
6195.521	-0.088
6195.703	-0.089
6195.860	-0.089
6196.017	-0.088
6196.198	-0.090
6196.355	-0.088
6196.512	-0.088
6196.693	-0.088
6196.850	-0.088
6197.032	-0.088
6197.188	-0.089
6197.370	-0.088
6197.527	-0.089
6197.683	-0.088
6197.865	-0.089
6198.021	-0.088
6198.178	-0.088
6198.360	-0.088
6198.517	-0.090
6198.698	-0.088
6198.855	-0.088
6199.012	-0.088
6199.193	-0.089
6199.350	-0.088
6199.532	-0.088
6199.688	-0.088
6199.845	-0.089
6200.027	-0.088
6200.183	-0.089
6200.365	-0.088
6200.521	-0.089
6200.678	-0.088
6200.860	-0.088
6201.017	-0.088
6201.198	-0.088
6201.355	-0.088
6201.512	-0.088
6201.693	-0.088
6201.850	-0.088
6202.032	-0.089
6202.188	-0.088
6202.345	-0.089
6202.527	-0.089
6202.683	-0.088
6202.865	-0.088
6203.021	-0.088
6203.203	-0.088
6203.360	-0.089
6203.517	-0.088
6203.698	-0.089
6203.855	-0.088
6204.037	-0.088
6204.193	-0.088
6204.350	-0.088
6204.532	-0.088
6204.688	-0.088
6204.845	-0.089
6205.027	-0.088
6205.183	-0.088
6205.365	-0.088
6205.521	-0.090
6205.703	-0.088
6205.860	-0.088
6206.017	-0.088
6206.198	-0.088
6206.355	-0.088
6206.512	-0.088
6206.693	-0.088
6206.850	-0.088
6207.032	-0.088
6207.188	-0.089
6207.370	-0.089
6207.527	-0.088
6207.683	-0.088
6207.865	-0.088
6208.021	-0.088
6208.203	-0.088
6208.360	-0.088
6208.517	-0.090
6208.698	-0.089
6208.855	-0.088
6209.037	-0.088
6209.193	-0.088
6209.350	-0.088
6209.532	-0.088
6209.688	-0.088
6209.845	-0.088
6210.027	-0.088
6210.183	-0.088
6210.365	-0.088
6210.521	-0.089
6210.703	-0.089
6210.860	-0.088
6211.017	-0.088
6211.198	-0.088
6211.355	-0.089
6211.512	-0.089
6211.693	-0.089
6211.850	-0.088
6212.032	-0.088
6212.188	-0.089
6212.370	-0.088
6212.527	-0.089
6212.683	-0.088
6212.865	-0.088
6213.021	-0.088
6213.178	-0.088
6213.360	-0.089
6213.517	-0.088
6213.698	-0.088
6213.855	-0.088
6214.037	-0.088
6214.193	-0.088
6214.350	-0.088
6214.532	-0.088
6214.688	-0.088
6214.845	-0.088
6215.027	-0.088
6215.183	-0.089
6215.365	-0.088
6215.521	-0.088
6215.678	-0.088
6215.860	-0.088
6216.017	-0.088
6216.198	-0.088
6216.355	-0.088
6216.512	-0.088
6216.693	-0.088
6216.850	-0.089
6217.032	-0.088
6217.188	-0.088
6217.370	-0.088
6217.527	-0.088
6217.683	-0.088
6217.865	-0.089
6218.021	-0.088
6218.203	-0.088
6218.360	-0.088
6218.517	-0.088
6218.698	-0.090
6218.855	-0.088
6219.012	-0.088
6219.193	-0.088
6219.350	-0.088
6219.532	-0.088
6219.688	-0.088
6219.870	-0.088
6220.027	-0.090
6220.183	-0.088
6220.365	-0.088
6220.521	-0.089
6220.678	-0.088
6220.860	-0.088
6221.017	-0.088
6221.198	-0.089
6221.355	-0.088
6221.537	-0.088
6221.693	-0.088
6221.850	-0.088
6222.032	-0.088
6222.188	-0.089
6222.345	-0.089
6222.527	-0.088
6222.683	-0.089
6222.865	-0.088
6223.021	-0.088
6223.178	-0.088
6223.360	-0.088
6223.517	-0.088
6223.698	-0.088
6223.855	-0.088
6224.012	-0.089
6224.193	-0.088
6224.350	-0.088
6224.532	-0.088
6224.688	-0.088
6224.845	-0.089
6225.027	-0.088
6225.183	-0.088
6225.365	-0.088
6225.521	-0.088
6225.703	-0.088
6225.860	-0.088
6226.017	-0.089
6226.198	-0.088
6226.355	-0.088
6226.537	-0.088
6226.693	-0.088
6226.850	-0.088
6227.032	-0.088
6227.188	-0.088
6227.370	-0.088
6227.527	-0.089
6227.683	-0.089
6227.865	-0.088
6228.021	-0.089
6228.203	-0.088
6228.360	-0.088
6228.517	-0.088
6228.698	-0.088
6228.855	-0.089
6229.037	-0.089
6229.193	-0.088
6229.350	-0.088
6229.532	-0.089
6229.688	-0.088
6229.870	-0.088
6230.027	-0.089
6230.183	-0.088
6230.365	-0.088
6230.521	-0.088
6230.703	-0.088
6230.860	-0.089
6231.017	-0.088
6231.198	-0.088
6231.355	-0.089
6231.537	-0.088
6231.693	-0.089
6231.850	-0.088
6232.032	-0.089
6232.188	-0.088
6232.345	-0.088
6232.527	-0.090
6232.683	-0.088
6232.865	-0.088
6233.021	-0.088
6233.178	-0.088
6233.360	-0.088
6233.517	-0.089
6233.698	-0.088
6233.855	-0.089
6234.012	-0.088
6234.193	-0.088
6234.350	-0.088
6234.532	-0.088
6234.688	-0.089
6234.845	-0.088
6235.027	-0.088
6235.183	-0.088
6235.365	-0.088
6235.521	-0.088
6235.678	-0.088
6235.860	-0.088
6236.017	-0.088
6236.198	-0.088
6236.355	-0.089
6236.512	-0.088
6236.693	-0.088
6236.850	-0.089
6237.032	-0.088
6237.188	-0.088
6237.345	-0.088
6237.527	-0.088
6237.683	-0.088
6237.865	-0.089
6238.021	-0.088
6238.178	-0.088
6238.360	-0.088
6238.517	-0.088
6238.698	-0.089
6238.855	-0.089
6239.012	-0.088
6239.193	-0.088
6239.350	-0.088
6239.532	-0.089
6239.688	-0.088
6239.845	-0.088
6240.027	-0.088
6240.183	-0.088
6240.365	-0.088
6240.521	-0.089
6240.678	-0.088
6240.860	-0.088
6241.017	-0.089
6241.198	-0.089
6241.355	-0.088
6241.512	-0.088
6241.693	-0.088
6241.850	-0.089
6242.032	-0.089
6242.188	-0.088
6242.345	-0.088
6242.527	-0.088
6242.683	-0.088
6242.865	-0.088
6243.021	-0.088
6243.178	-0.089
6243.360	-0.088
6243.517	-0.088
6243.698	-0.089
6243.855	-0.088
6244.037	-0.088
6244.193	-0.088
6244.350	-0.088
6244.532	-0.088
6244.688	-0.088
6244.845	-0.089
6245.027	-0.088
6245.183	-0.088
6245.365	-0.088
6245.521	-0.088
6245.678	-0.089
6245.860	-0.088
6246.017	-0.088
6246.198	-0.088
6246.355	-0.089
6246.512	-0.089
6246.693	-0.089
6246.850	-0.088
6247.032	-0.088
6247.188	-0.088
6247.345	-0.089
6247.527	-0.089
6247.683	-0.088
6247.865	-0.090
6248.021	-0.088
6248.203	-0.089
6248.360	-0.088
6248.517	-0.088
6248.698	-0.088
6248.855	-0.088
6249.012	-0.088
6249.193	-0.088
6249.350	-0.088
6249.532	-0.088
6249.688	-0.088
6249.845	-0.088
6250.027	-0.088
6250.183	-0.089
6250.365	-0.088
6250.521	-0.089
6250.703	-0.088
6250.860	-0.089
6251.017	-0.090
6251.198	-0.090
6251.355	-0.088
6251.512	-0.088
6251.693	-0.089
6251.850	-0.088
6252.032	-0.088
6252.188	-0.089
6252.345	-0.088
6252.527	-0.088
6252.683	-0.089
6252.865	-0.088
6253.021	-0.089
6253.203	-0.089
6253.360	-0.088
6253.517	-0.088
6253.698	-0.088
6253.855	-0.088
6254.012	-0.088
6254.193	-0.088
6254.350	-0.089
6254.532	-0.088
6254.688	-0.088
6254.870	-0.089
6255.027	-0.088
6255.183	-0.089
6255.365	-0.088
6255.521	-0.088
6255.703	-0.089
6255.860	-0.089
6256.017	-0.089
6256.198	-0.088
6256.355	-0.088
6256.537	-0.088
6256.693	-0.088
6256.850	-0.088
6257.032	-0.088
6257.188	-0.088
6257.345	-0.088
6257.527	-0.088
6257.683	-0.088
6257.865	-0.089
6258.021	-0.089
6258.203	-0.088
6258.360	-0.088
6258.517	-0.089
6258.698	-0.090
6258.855	-0.089
6259.037	-0.089
6259.193	-0.088
6259.350	-0.089
6259.532	-0.089
6259.688	-0.088
6259.845	-0.089
6260.027	-0.088
6260.183	-0.088
6260.365	-0.089
6260.521	-0.088
6260.703	-0.088
6260.860	-0.088
6261.017	-0.089
6261.198	-0.088
6261.355	-0.089
6261.537	-0.088
6261.693	-0.089
6261.850	-0.089
6262.032	-0.088
6262.188	-0.088
6262.370	-0.088
6262.527	-0.089
6262.683	-0.088
6262.865	-0.089
6263.021	-0.088
6263.203	-0.088
6263.360	-0.088
6263.517	-0.088
6263.698	-0.088
6263.855	-0.088
6264.012	-0.088
6264.193	-0.089
6264.350	-0.088
6264.532	-0.088
6264.688	-0.088
6264.845	-0.089
6265.027	-0.089
6265.183	-0.088
6265.365	-0.088
6265.521	-0.089
6265.703	-0.088
6265.860	-0.089
6266.017	-0.089
6266.198	-0.089
6266.355	-0.088
6266.537	-0.088
6266.693	-0.088
6266.850	-0.088
6267.032	-0.088
6267.188	-0.088
6267.345	-0.089
6267.527	-0.089
6267.683	-0.089
6267.865	-0.088
6268.021	-0.089
6268.178	-0.088
6268.360	-0.088
6268.517	-0.088
6268.698	-0.088
6268.855	-0.088
6269.012	-0.088
6269.193	-0.088
6269.350	-0.088
6269.532	-0.089
6269.688	-0.091
6269.845	-0.089
6270.027	-0.090
6270.183	-0.088
6270.365	-0.088
6270.521	-0.088
6270.678	-0.088
6270.860	-0.088
6271.017	-0.088
6271.198	-0.088
6271.355	-0.088
6271.512	-0.088
6271.693	-0.088
6271.850	-0.088
6272.032	-0.088
6272.188	-0.088
6272.345	-0.088
6272.527	-0.088
6272.683	-0.088
6272.865	-0.088
6273.021	-0.088
6273.178	-0.088
6273.360	-0.090
6273.517	-0.089
6273.698	-0.089
6273.855	-0.088
6274.012	-0.088
6274.193	-0.088
6274.350	-0.089
6274.532	-0.089
6274.688	-0.088
6274.845	-0.088
6275.027	-0.089
6275.183	-0.088
6275.365	-0.088
6275.521	-0.088
6275.678	-0.088
6275.860	-0.089
6276.017	-0.089
6276.198	-0.088
6276.355	-0.089
6276.512	-0.088
6276.693	-0.089
6276.850	-0.089
6277.032	-0.088
6277.188	-0.089
6277.345	-0.088
6277.527	-0.088
6277.683	-0.089
6277.865	-0.088
6278.021	-0.088
6278.178	-0.088
6278.360	-0.090
6278.517	-0.088
6278.698	-0.088
6278.855	-0.088
6279.012	-0.089
6279.193	-0.090
6279.350	-0.089
6279.532	-0.088
6279.688	-0.088
6279.845	-0.090
6280.027	-0.088
6280.183	-0.089
6280.365	-0.089
6280.521	-0.088
6280.678	-0.088
6280.860	-0.088
6281.017	-0.089
6281.198	-0.089
6281.355	-0.088
6281.512	-0.088
6281.693	-0.088
6281.850	-0.088
6282.032	-0.088
6282.188	-0.088
6282.345	-0.088
6282.527	-0.088
6282.683	-0.089
6282.865	-0.088
6283.021	-0.088
6283.178	-0.089
6283.360	-0.088
6283.517	-0.088
6283.698	-0.088
6283.855	-0.089
6284.012	-0.088
6284.193	-0.088
6284.350	-0.088
6284.532	-0.088
6284.688	-0.088
6284.845	-0.088
6285.027	-0.088
6285.183	-0.090
6285.365	-0.089
6285.521	-0.088
6285.678	-0.088
6285.860	-0.088
6286.017	-0.088
6286.198	-0.088
6286.355	-0.089
6286.512	-0.088
6286.693	-0.088
6286.850	-0.088
6287.032	-0.088
6287.188	-0.088
6287.345	-0.088
6287.527	-0.088
6287.683	-0.089
6287.865	-0.088
6288.021	-0.088
6288.178	-0.088
6288.360	-0.088
6288.517	-0.088
6288.698	-0.088
6288.855	-0.088
6289.012	-0.088
6289.193	-0.088
6289.350	-0.088
6289.532	-0.088
6289.688	-0.088
6289.845	-0.088
6290.027	-0.088
6290.183	-0.088
6290.365	-0.088
6290.521	-0.088
6290.678	-0.089
6290.860	-0.088
6291.017	-0.088
6291.198	-0.088
6291.355	-0.088
6291.512	-0.088
6291.693	-0.089
6291.850	-0.088
6292.032	-0.088
6292.188	-0.088
6292.345	-0.088
6292.527	-0.088
6292.683	-0.088
6292.865	-0.088
6293.021	-0.088
6293.178	-0.088
6293.360	-0.088
6293.517	-0.088
6293.698	-0.088
6293.855	-0.088
6294.012	-0.088
6294.193	-0.088
6294.350	-0.088
6294.532	-0.088
6294.688	-0.088
6294.845	-0.088
6295.027	-0.088
6295.183	-0.088
6295.365	-0.088
6295.521	-0.088
6295.678	-0.088
6295.860	-0.088
6296.017	-0.088
6296.198	-0.088
6296.355	-0.088
6296.512	-0.088
6296.693	-0.088
6296.850	-0.089
6297.032	-0.088
6297.188	-0.088
6297.345	-0.088
6297.527	-0.088
6297.683	-0.088
6297.865	-0.089
6298.021	-0.088
6298.178	-0.088
6298.360	-0.088
6298.517	-0.088
6298.698	-0.088
6298.855	-0.089
6299.012	-0.088
6299.193	-0.088
6299.350	-0.088
6299.532	-0.088
6299.688	-0.088
6299.845	-0.088
6300.027	-0.088
6300.183	-0.088
6300.365	-0.088
6300.521	-0.088
6300.678	-0.088
6300.860	-0.088
6301.017	-0.088
6301.198	-0.088
6301.355	-0.088
6301.512	-0.088
6301.693	-0.088
6301.850	-0.088
6302.032	-0.088
6302.188	-0.088
6302.345	-0.088
6302.527	-0.088
6302.683	-0.089
6302.865	-0.088
6303.021	-0.088
6303.178	-0.088
6303.360	-0.088
6303.517	-0.088
6303.698	-0.089
6303.855	-0.088
6304.012	-0.089
6304.193	-0.088
6304.350	-0.088
6304.532	-0.088
6304.688	-0.088
6304.845	-0.088
6305.027	-0.088
6305.183	-0.088
6305.365	-0.088
6305.521	-0.088
6305.678	-0.089
6305.860	-0.088
6306.017	-0.089
6306.198	-0.088
6306.355	-0.088
6306.512	-0.088
6306.693	-0.089
6306.850	-0.088
6307.032	-0.088
6307.188	-0.088
6307.345	-0.088
6307.527	-0.089
6307.683	-0.088
6307.865	-0.088
6308.021	-0.090
6308.178	-0.088
6308.360	-0.088
6308.517	-0.088
6308.698	-0.088
6308.855	-0.088
6309.012	-0.088
6309.193	-0.088
6309.350	-0.088
6309.532	-0.088
6309.688	-0.089
6309.845	-0.088
6310.027	-0.089
6310.183	-0.088
6310.365	-0.088
6310.521	-0.088
6310.678	-0.088
6310.860	-0.088
6311.017	-0.088
6311.198	-0.088
6311.355	-0.089
6311.512	-0.090
6311.693	-0.088
6311.850	-0.088
6312.032	-0.088
6312.188	-0.088
6312.345	-0.089
6312.527	-0.088
6312.683	-0.088
6312.865	-0.089
6313.021	-0.088
6313.178	-0.088
6313.360	-0.088
6313.517	-0.089
6313.698	-0.088
6313.855	-0.088
6314.012	-0.088
6314.193	-0.088
6314.350	-0.088
6314.532	-0.089
6314.688	-0.088
6314.845	-0.088
6315.027	-0.088
6315.183	-0.088
6315.340	-0.088
6315.521	-0.088
6315.678	-0.088
6315.860	-0.090
6316.017	-0.088
6316.198	-0.088
6316.355	-0.088
6316.512	-0.088
6316.693	-0.089
6316.850	-0.088
6317.032	-0.089
6317.188	-0.088
6317.345	-0.088
6317.527	-0.088
6317.683	-0.088
6317.840	-0.088
6318.021	-0.088
6318.178	-0.089
6318.360	-0.088
6318.517	-0.088
6318.698	-0.088
6318.855	-0.089
6319.012	-0.088
6319.193	-0.089
6319.350	-0.089
6319.532	-0.089
6319.688	-0.089
6319.845	-0.088
6320.027	-0.088
6320.183	-0.088
6320.365	-0.088
6320.521	-0.088
6320.678	-0.088
6320.860	-0.088
6321.017	-0.088
6321.173	-0.088
6321.355	-0.088
6321.512	-0.090
6321.693	-0.088
6321.850	-0.088
6322.032	-0.089
6322.188	-0.088
6322.345	-0.089
6322.527	-0.088
6322.683	-0.088
6322.865	-0.088
6323.021	-0.088
6323.178	-0.089
6323.360	-0.088
6323.517	-0.090
6323.698	-0.089
6323.855	-0.088
6324.012	-0.088
6324.193	-0.088
6324.350	-0.089
6324.532	-0.088
6324.688	-0.089
6324.845	-0.088
6325.027	-0.088
6325.183	-0.088
6325.340	-0.088
6325.521	-0.089
6325.678	-0.088
6325.860	-0.089
6326.017	-0.088
6326.198	-0.088
6326.355	-0.088
6326.512	-0.088
6326.693	-0.088
6326.850	-0.088
6327.007	-0.088
6327.188	-0.089
6327.345	-0.088
6327.527	-0.088
6327.683	-0.089
6327.865	-0.088
6328.021	-0.088
6328.178	-0.089
6328.360	-0.089
6328.517	-0.088
6328.698	-0.089
6328.855	-0.088
6329.012	-0.088
6329.193	-0.088
6329.350	-0.088
6329.507	-0.089
6329.688	-0.088
6329.845	-0.088
6330.027	-0.089
6330.183	-0.088
6330.365	-0.088
6330.521	-0.088
6330.678	-0.088
6330.860	-0.089
6331.017	-0.088
6331.198	-0.088
6331.355	-0.088
6331.512	-0.088
6331.693	-0.088
6331.850	-0.089
6332.032	-0.088
6332.188	-0.088
6332.345	-0.088
6332.527	-0.088
6332.683	-0.089
6332.865	-0.088
6333.021	-0.089
6333.178	-0.088
6333.360	-0.088
6333.517	-0.088
6333.698	-0.088
6333.855	-0.088
6334.012	-0.088
6334.193	-0.089
6334.350	-0.088
6334.532	-0.088
6334.688	-0.090
6334.845	-0.088
6335.027	-0.088
6335.183	-0.089
6335.365	-0.089
6335.521	-0.089
6335.678	-0.089
6335.860	-0.088
6336.017	-0.088
6336.198	-0.088
6336.355	-0.088
6336.512	-0.088
6336.693	-0.088
6336.850	-0.089
6337.032	-0.088
6337.188	-0.088
6337.345	-0.088
6337.527	-0.089
6337.683	-0.089
6337.865	-0.088
6338.021	-0.088
6338.178	-0.088
6338.360	-0.088
6338.517	-0.088
6338.673	-0.088
6338.855	-0.088
6339.012	-0.089
6339.193	-0.088
6339.350	-0.088
6339.532	-0.088
6339.688	-0.088
6339.845	-0.088
6340.027	-0.088
6340.183	-0.089
6340.365	-0.089
6340.521	-0.089
6340.678	-0.088
6340.860	-0.088
6341.017	-0.088
6341.173	-0.088
6341.355	-0.088
6341.512	-0.088
6341.693	-0.088
6341.850	-0.088
6342.007	-0.088
6342.188	-0.089
6342.345	-0.090
6342.527	-0.088
6342.683	-0.088
6342.865	-0.088
6343.021	-0.088
6343.178	-0.090
6343.360	-0.088
6343.517	-0.088
6343.698	-0.088
6343.855	-0.088
6344.012	-0.088
6344.193	-0.089
6344.350	-0.088
6344.532	-0.088
6344.688	-0.088
6344.845	-0.088
6345.027	-0.088
6345.183	-0.088
6345.365	-0.088
6345.521	-0.088
6345.678	-0.088
6345.860	-0.089
6346.017	-0.088
6346.198	-0.089
6346.355	-0.088
6346.512	-0.088
6346.693	-0.088
6346.850	-0.088
6347.007	-0.088
6347.188	-0.088
6347.345	-0.088
6347.527	-0.088
6347.683	-0.088
6347.840	-0.088
6348.021	-0.089
6348.178	-0.088
6348.360	-0.088
6348.517	-0.090
6348.673	-0.088
6348.855	-0.088
6349.012	-0.088
6349.193	-0.088
6349.350	-0.089
6349.507	-0.089
6349.688	-0.088
6349.845	-0.088
6350.027	-0.088
6350.183	-0.089
6350.340	-0.088
6350.521	-0.088
6350.678	-0.088
6350.860	-0.088
6351.017	-0.088
6351.173	-0.088
6351.355	-0.088
6351.512	-0.088
6351.693	-0.088
6351.850	-0.088
6352.007	-0.088
6352.188	-0.088
6352.345	-0.089
6352.527	-0.088
6352.683	-0.088
6352.840	-0.088
6353.021	-0.089
6353.178	-0.088
6353.360	-0.088
6353.517	-0.088
6353.673	-0.088
6353.855	-0.088
6354.012	-0.088
6354.193	-0.088
6354.350	-0.089
6354.507	-0.089
6354.688	-0.088
6354.845	-0.088
6355.027	-0.088
6355.183	-0.088
6355.340	-0.088
6355.521	-0.088
6355.678	-0.088
6355.860	-0.088
6356.017	-0.088
6356.173	-0.088
6356.355	-0.088
6356.512	-0.088
6356.693	-0.088
6356.850	-0.088
6357.007	-0.089
6357.188	-0.088
6357.345	-0.088
6357.527	-0.089
6357.683	-0.088
6357.840	-0.088
6358.021	-0.088
6358.178	-0.088
6358.360	-0.088
6358.517	-0.088
6358.673	-0.088
6358.855	-0.088
6359.012	-0.089
6359.193	-0.088
6359.350	-0.088
6359.507	-0.088
6359.688	-0.088
6359.845	-0.088
6360.027	-0.088
6360.183	-0.088
6360.340	-0.088
6360.521	-0.088
6360.678	-0.088
6360.860	-0.089
6361.017	-0.088
6361.173	-0.088
6361.355	-0.088
6361.512	-0.088
6361.693	-0.088
6361.850	-0.088
6362.007	-0.089
6362.188	-0.088
6362.345	-0.088
6362.527	-0.088
6362.683	-0.088
6362.840	-0.088
6363.021	-0.088
6363.178	-0.088
6363.360	-0.088
6363.517	-0.088
6363.673	-0.088
6363.855	-0.088
6364.012	-0.089
6364.193	-0.088
6364.350	-0.088
6364.507	-0.089
6364.688	-0.088
6364.845	-0.088
6365.027	-0.088
6365.183	-0.088
6365.340	-0.088
6365.521	-0.088
6365.678	-0.088
6365.860	-0.088
6366.017	-0.088
6366.173	-0.088
6366.355	-0.089
6366.512	-0.088
6366.693	-0.088
6366.850	-0.088
6367.007	-0.088
6367.188	-0.088
6367.345	-0.088
6367.527	-0.090
6367.683	-0.088
6367.840	-0.088
6368.021	-0.088
6368.178	-0.088
6368.360	-0.089
6368.517	-0.088
6368.673	-0.088
6368.855	-0.088
6369.012	-0.088
6369.193	-0.088
6369.350	-0.088
6369.507	-0.088
6369.688	-0.088
6369.845	-0.088
6370.027	-0.088
6370.183	-0.089
6370.340	-0.088
6370.521	-0.088
6370.678	-0.088
6370.860	-0.088
6371.017	-0.088
6371.173	-0.088
6371.355	-0.088
6371.512	-0.089
6371.693	-0.088
6371.850	-0.089
6372.007	-0.088
6372.188	-0.088
6372.345	-0.088
6372.527	-0.088
6372.683	-0.088
6372.840	-0.090
6373.021	-0.088
6373.178	-0.090
6373.360	-0.088
6373.517	-0.089
6373.673	-0.088
6373.855	-0.088
6374.012	-0.088
6374.193	-0.089
6374.350	-0.088
6374.507	-0.088
6374.688	-0.088
6374.845	-0.088
6375.027	-0.088
6375.183	-0.088
6375.340	-0.088
6375.521	-0.089
6375.678	-0.090
6375.860	-0.089
6376.017	-0.088
6376.173	-0.088
6376.355	-0.089
6376.512	-0.088
6376.693	-0.089
6376.850	-0.088
6377.007	-0.088
6377.188	-0.088
6377.345	-0.088
6377.527	-0.088
6377.683	-0.089
6377.840	-0.089
6378.021	-0.088
6378.178	-0.088
6378.360	-0.088
6378.517	-0.088
6378.673	-0.088
6378.855	-0.088
6379.012	-0.088
6379.193	-0.088
6379.350	-0.088
6379.507	-0.089
6379.688	-0.089
6379.845	-0.089
6380.027	-0.088
6380.183	-0.088
6380.340	-0.089
6380.521	-0.089
6380.678	-0.088
6380.860	-0.088
6381.017	-0.089
6381.173	-0.088
6381.355	-0.088
6381.512	-0.088
6381.693	-0.088
6381.850	-0.088
6382.007	-0.089
6382.188	-0.088
6382.345	-0.088
6382.527	-0.088
6382.683	-0.088
6382.840	-0.088
6383.021	-0.088
6383.178	-0.088
6383.360	-0.089
6383.517	-0.089
6383.673	-0.088
6383.855	-0.088
6384.012	-0.088
6384.193	-0.088
6384.350	-0.088
6384.507	-0.088
6384.688	-0.088
6384.845	-0.088
6385.027	-0.088
6385.183	-0.088
6385.340	-0.089
6385.521	-0.088
6385.678	-0.088
6385.860	-0.090
6386.017	-0.088
6386.173	-0.089
6386.355	-0.088
6386.512	-0.089
6386.693	-0.088
6386.850	-0.089
6387.007	-0.089
6387.188	-0.088
6387.345	-0.089
6387.527	-0.088
6387.683	-0.088
6387.840	-0.088
6388.021	-0.088
6388.178	-0.088
6388.360	-0.089
6388.517	-0.088
6388.673	-0.088
6388.855	-0.088
6389.012	-0.088
6389.193	-0.088
6389.350	-0.088
6389.507	-0.088
6389.688	-0.089
6389.845	-0.088
6390.027	-0.089
6390.183	-0.088
6390.340	-0.088
6390.521	-0.088
6390.678	-0.088
6390.860	-0.088
6391.017	-0.090
6391.173	-0.088
6391.355	-0.088
6391.512	-0.088
6391.693	-0.088
6391.850	-0.088
6392.007	-0.088
6392.188	-0.088
6392.345	-0.088
6392.527	-0.088
6392.683	-0.088
6392.840	-0.088
6393.021	-0.088
6393.178	-0.088
6393.333	-0.089
6393.517	-0.089
6393.673	-0.089
6393.855	-0.088
6394.012	-0.088
6394.193	-0.090
6394.350	-0.088
6394.507	-0.088
6394.688	-0.088
6394.845	-0.088
6395.027	-0.089
6395.183	-0.088
6395.340	-0.088
6395.521	-0.088
6395.678	-0.089
6395.860	-0.089
6396.017	-0.088
6396.173	-0.089
6396.355	-0.090
6396.512	-0.088
6396.693	-0.088
6396.850	-0.089
6397.007	-0.088
6397.188	-0.088
6397.345	-0.088
6397.527	-0.088
6397.683	-0.088
6397.840	-0.088
6398.021	-0.088
6398.178	-0.088
6398.333	-0.088
6398.517	-0.088
6398.673	-0.088
6398.855	-0.088
6399.012	-0.089
6399.193	-0.088
6399.350	-0.088
6399.507	-0.088
6399.688	-0.088
6399.845	-0.088
6400.027	-0.088
6400.183	-0.088
6400.340	-0.088
6400.521	-0.088
6400.678	-0.088
6400.860	-0.088
6401.017	-0.089
6401.173	-0.088
6401.355	-0.088
6401.512	-0.089
6401.693	-0.088
6401.850	-0.088
6402.007	-0.088
6402.188	-0.089
6402.345	-0.088
6402.527	-0.088
6402.683	-0.090
6402.840	-0.088
6403.021	-0.088
6403.178	-0.088
6403.360	-0.088
6403.517	-0.088
6403.673	-0.088
6403.855	-0.088
6404.012	-0.088
6404.193	-0.088
6404.350	-0.088
6404.507	-0.088
6404.688	-0.090
6404.845	-0.089
6405.027	-0.089
6405.183	-0.088
6405.340	-0.089
6405.521	-0.089
6405.678	-0.088
6405.860	-0.088
6406.017	-0.088
6406.173	-0.088
6406.355	-0.088
6406.512	-0.089
6406.693	-0.088
6406.850	-0.089
6407.007	-0.088
6407.188	-0.089
6407.345	-0.088
6407.527	-0.088
6407.683	-0.088
6407.840	-0.088
6408.021	-0.088
6408.178	-0.088
6408.360	-0.088
6408.517	-0.088
6408.673	-0.088
6408.855	-0.088
6409.012	-0.088
6409.193	-0.088
6409.350	-0.088
6409.507	-0.088
6409.688	-0.088
6409.845	-0.089
6410.027	-0.090
6410.183	-0.088
6410.340	-0.088
6410.521	-0.088
6410.678	-0.088
6410.860	-0.088
6411.017	-0.088
6411.173	-0.088
6411.355	-0.089
6411.512	-0.089
6411.693	-0.090
6411.850	-0.088
6412.007	-0.088
6412.188	-0.088
6412.345	-0.088
6412.500	-0.088
6412.683	-0.089
6412.840	-0.088
6413.021	-0.088
6413.178	-0.088
6413.360	-0.088
6413.517	-0.088
6413.673	-0.088
6413.855	-0.090
6414.012	-0.089
6414.193	-0.089
6414.350	-0.088
6414.507	-0.088
6414.688	-0.088
6414.845	-0.089
6415.027	-0.088
6415.183	-0.088
6415.340	-0.088
6415.521	-0.089
6415.678	-0.088
6415.860	-0.088
6416.017	-0.089
6416.173	-0.088
6416.355	-0.088
6416.512	-0.088
6416.693	-0.088
6416.850	-0.089
6417.007	-0.088
6417.188	-0.088
6417.345	-0.088
6417.527	-0.088
6417.683	-0.088
6417.840	-0.088
6418.021	-0.088
6418.178	-0.088
6418.360	-0.088
6418.517	-0.089
6418.673	-0.088
6418.855	-0.088
6419.012	-0.088
6419.193	-0.088
6419.350	-0.088
6419.507	-0.089
6419.688	-0.089
6419.845	-0.088
6420.027	-0.088
6420.183	-0.089
6420.340	-0.088
6420.521	-0.088
6420.678	-0.088
6420.860	-0.088
6421.017	-0.088
6421.173	-0.088
6421.355	-0.089
6421.512	-0.088
6421.693	-0.088
6421.850	-0.088
6422.007	-0.088
6422.188	-0.088
6422.345	-0.088
6422.527	-0.088
6422.683	-0.088
6422.840	-0.088
6423.021	-0.088
6423.178	-0.088
6423.360	-0.088
6423.517	-0.088
6423.673	-0.088
6423.855	-0.088
6424.012	-0.088
6424.193	-0.088
6424.350	-0.088
6424.507	-0.088
6424.688	-0.088
6424.845	-0.088
6425.027	-0.088
6425.183	-0.088
6425.340	-0.088
6425.521	-0.089
6425.678	-0.088
6425.860	-0.088
6426.017	-0.088
6426.173	-0.088
6426.355	-0.088
6426.512	-0.088
6426.693	-0.088
6426.850	-0.088
6427.007	-0.088
6427.188	-0.088
6427.345	-0.088
6427.527	-0.088
6427.683	-0.088
6427.840	-0.088
6428.021	-0.088
6428.178	-0.088
6428.360	-0.088
6428.517	-0.088
6428.673	-0.088
6428.855	-0.088
6429.012	-0.089
6429.193	-0.088
6429.350	-0.088
6429.507	-0.088
6429.688	-0.088
6429.845	-0.088
6430.027	-0.088
6430.183	-0.088
6430.340	-0.088
6430.521	-0.088
6430.678	-0.088
6430.860	-0.088
6431.017	-0.088
6431.173	-0.088
6431.355	-0.088
6431.512	-0.088
6431.693	-0.088
6431.850	-0.088
6432.007	-0.088
6432.188	-0.089
6432.345	-0.088
6432.527	-0.088
6432.683	-0.089
6432.840	-0.088
6433.021	-0.089
6433.178	-0.089
6433.360	-0.088
6433.517	-0.088
6433.673	-0.088
6433.855	-0.088
6434.012	-0.088
6434.193	-0.088
6434.350	-0.088
6434.507	-0.088
6434.688	-0.089
6434.845	-0.088
6435.027	-0.089
6435.183	-0.088
6435.340	-0.088
6435.521	-0.088
6435.678	-0.090
6435.860	-0.088
6436.017	-0.088
6436.173	-0.089
6436.355	-0.088
6436.512	-0.088
6436.693	-0.088
6436.850	-0.088
6437.007	-0.089
6437.188	-0.089
6437.345	-0.088
6437.527	-0.088
6437.683	-0.088
6437.840	-0.088
6438.021	-0.088
6438.178	-0.088
6438.360	-0.088
6438.517	-0.089
6438.673	-0.088
6438.855	-0.089
6439.012	-0.088
6439.193	-0.088
6439.350	-0.089
6439.507	-0.089
6439.688	-0.088
6439.845	-0.088
6440.027	-0.088
6440.183	-0.088
6440.340	-0.088
6440.521	-0.088
6440.678	-0.088
6440.860	-0.088
6441.017	-0.088
6441.173	-0.088
6441.355	-0.088
6441.512	-0.088
6441.693	-0.088
6441.850	-0.088
6442.007	-0.088
6442.188	-0.088
6442.345	-0.088
6442.527	-0.088
6442.683	-0.088
6442.840	-0.088
6443.021	-0.089
6443.178	-0.088
6443.360	-0.088
6443.517	-0.088
6443.673	-0.088
6443.855	-0.088
6444.012	-0.088
6444.193	-0.088
6444.350	-0.088
6444.507	-0.088
6444.688	-0.088
6444.845	-0.089
6445.027	-0.088
6445.183	-0.089
6445.340	-0.089
6445.521	-0.089
6445.678	-0.089
6445.860	-0.088
6446.017	-0.088
6446.173	-0.089
6446.355	-0.088
6446.512	-0.088
6446.693	-0.089
6446.850	-0.088
6447.007	-0.088
6447.188	-0.089
6447.345	-0.088
6447.527	-0.088
6447.683	-0.088
6447.840	-0.089
6448.021	-0.089
6448.178	-0.088
6448.360	-0.088
6448.517	-0.088
6448.673	-0.089
6448.855	-0.088
6449.012	-0.089
6449.193	-0.089
6449.350	-0.088
6449.507	-0.088
6449.688	-0.088
6449.845	-0.088
6450.027	-0.088
6450.183	-0.089
6450.340	-0.088
6450.521	-0.088
6450.678	-0.088
6450.860	-0.089
6451.017	-0.088
6451.173	-0.089
6451.355	-0.088
6451.512	-0.089
6451.693	-0.088
6451.850	-0.088
6452.007	-0.088
6452.188	-0.089
6452.345	-0.088
6452.527	-0.088
6452.683	-0.088
6452.840	-0.088
6453.021	-0.088
6453.178	-0.089
6453.360	-0.088
6453.517	-0.088
6453.673	-0.088
6453.855	-0.088
6454.012	-0.088
6454.193	-0.088
6454.350	-0.088
6454.507	-0.088
6454.688	-0.089
6454.845	-0.088
6455.027	-0.088
6455.183	-0.088
6455.340	-0.089
6455.521	-0.089
6455.678	-0.089
6455.860	-0.088
6456.017	-0.088
6456.173	-0.089
6456.355	-0.088
6456.512	-0.088
6456.693	-0.088
6456.850	-0.088
6457.007	-0.088
6457.188	-0.088
6457.345	-0.089
6457.527	-0.090
6457.683	-0.088
6457.840	-0.089
6458.021	-0.088
6458.178	-0.088
6458.360	-0.088
6458.517	-0.088
6458.673	-0.088
6458.855	-0.088
6459.012	-0.089
6459.193	-0.088
6459.350	-0.088
6459.507	-0.088
6459.688	-0.089
6459.845	-0.088
6460.027	-0.088
6460.183	-0.088
6460.340	-0.088
6460.521	-0.089
6460.678	-0.089
6460.860	-0.088
6461.017	-0.088
6461.173	-0.088
6461.355	-0.088
6461.512	-0.088
6461.693	-0.089
6461.850	-0.088
6462.007	-0.088
6462.162	-0.089
6462.345	-0.088
6462.527	-0.088
6462.683	-0.090
6462.840	-0.088
6463.021	-0.088
6463.178	-0.088
6463.333	-0.088
6463.517	-0.088
6463.673	-0.088
6463.855	-0.088
6464.012	-0.088
6464.167	-0.088
6464.350	-0.090
6464.507	-0.088
6464.688	-0.088
6464.845	-0.088
6465.000	-0.089
6465.183	-0.089
6465.340	-0.088
6465.521	-0.088
6465.678	-0.088
6465.833	-0.089
6466.017	-0.088
6466.173	-0.088
6466.355	-0.089
6466.512	-0.088
6466.667	-0.088
6466.850	-0.088
6467.007	-0.088
6467.188	-0.090
6467.345	-0.088
6467.500	-0.088
6467.683	-0.088
6467.840	-0.088
6468.021	-0.088
6468.178	-0.088
6468.333	-0.088
6468.517	-0.088
6468.673	-0.089
6468.855	-0.089
6469.012	-0.088
6469.167	-0.088
6469.350	-0.088
6469.507	-0.088
6469.688	-0.089
6469.845	-0.088
6470.000	-0.088
6470.183	-0.088
6470.340	-0.088
6470.521	-0.089
6470.678	-0.088
6470.833	-0.088
6471.017	-0.088
6471.173	-0.089
6471.355	-0.088
6471.512	-0.088
6471.667	-0.088
6471.850	-0.089
6472.007	-0.088
6472.188	-0.088
6472.345	-0.089
6472.500	-0.088
6472.683	-0.088
6472.840	-0.088
6473.021	-0.088
6473.178	-0.088
6473.333	-0.088
6473.517	-0.088
6473.673	-0.088
6473.855	-0.089
6474.012	-0.088
6474.167	-0.088
6474.350	-0.088
6474.507	-0.088
6474.688	-0.089
6474.845	-0.088
6475.000	-0.088
6475.183	-0.088
6475.340	-0.089
6475.521	-0.088
6475.678	-0.088
6475.833	-0.090
6476.017	-0.089
6476.173	-0.088
6476.355	-0.088
6476.512	-0.088
6476.667	-0.088
6476.850	-0.088
6477.007	-0.088
6477.188	-0.088
6477.345	-0.088
6477.500	-0.088
6477.683	-0.089
6477.840	-0.088
6478.021	-0.088
6478.178	-0.088
6478.333	-0.088
6478.517	-0.088
6478.673	-0.088
6478.855	-0.088
6479.012	-0.088
6479.167	-0.088
6479.350	-0.088
6479.507	-0.089
6479.688	-0.089
6479.845	-0.089
6480.000	-0.088
6480.183	-0.088
6480.340	-0.088
6480.521	-0.088
6480.678	-0.088
6480.833	-0.088
6481.017	-0.088
6481.173	-0.089
6481.355	-0.088
6481.512	-0.089
6481.667	-0.088
6481.850	-0.088
6482.007	-0.088
6482.188	-0.088
6482.345	-0.088
6482.500	-0.089
6482.683	-0.088
6482.840	-0.088
6483.021	-0.088
6483.178	-0.088
6483.333	-0.089
6483.517	-0.088
6483.673	-0.088
6483.855	-0.089
6484.012	-0.088
6484.167	-0.088
6484.350	-0.088
6484.507	-0.088
6484.688	-0.088
6484.845	-0.088
6485.000	-0.088
6485.183	-0.088
6485.340	-0.089
6485.521	-0.089
6485.678	-0.089
6485.833	-0.089
6486.017	-0.088
6486.173	-0.089
6486.355	-0.088
6486.512	-0.088
6486.667	-0.088
6486.850	-0.089
6487.007	-0.089
6487.188	-0.088
6487.345	-0.088
6487.500	-0.088
6487.683	-0.088
6487.840	-0.089
6488.021	-0.088
6488.178	-0.088
6488.333	-0.088
6488.517	-0.088
6488.673	-0.088
6488.855	-0.088
6489.012	-0.088
6489.167	-0.088
6489.350	-0.088
6489.507	-0.089
6489.688	-0.088
6489.845	-0.088
6490.000	-0.088
6490.183	-0.089
6490.340	-0.089
6490.521	-0.088
6490.678	-0.089
6490.833	-0.088
6491.017	-0.088
6491.173	-0.088
6491.355	-0.088
6491.512	-0.088
6491.667	-0.088
6491.850	-0.088
6492.007	-0.088
6492.188	-0.088
6492.345	-0.088
6492.500	-0.088
6492.683	-0.088
6492.840	-0.088
6493.021	-0.088
6493.178	-0.088
6493.333	-0.088
6493.517	-0.088
6493.673	-0.089
6493.855	-0.088
6494.012	-0.089
6494.167	-0.088
6494.350	-0.089
6494.507	-0.088
6494.688	-0.088
6494.845	-0.088
6495.000	-0.088
6495.183	-0.088
6495.340	-0.089
6495.521	-0.089
6495.678	-0.088
6495.833	-0.088
6496.017	-0.088
6496.173	-0.089
6496.355	-0.089
6496.512	-0.089
6496.667	-0.088
6496.850	-0.088
6497.007	-0.088
6497.188	-0.088
6497.345	-0.088
6497.500	-0.088
6497.683	-0.089
6497.840	-0.089
6498.021	-0.088
6498.178	-0.088
6498.333	-0.088
6498.517	-0.089
6498.673	-0.088
6498.855	-0.088
6499.012	-0.088
6499.167	-0.088
6499.350	-0.088
6499.507	-0.088
6499.688	-0.088
6499.845	-0.088
6500.000	-0.088
6500.183	-0.088
6500.340	-0.088
6500.521	-0.088
6500.678	-0.088
6500.833	-0.088
6501.017	-0.088
6501.173	-0.088
6501.355	-0.088
6501.512	-0.088
6501.667	-0.088
6501.850	-0.088
6502.007	-0.088
6502.188	-0.088
6502.345	-0.088
6502.500	-0.088
6502.683	-0.088
6502.840	-0.088
6503.021	-0.088
6503.178	-0.089
6503.333	-0.089
6503.517	-0.088
6503.673	-0.088
6503.855	-0.088
6504.012	-0.088
6504.167	-0.088
6504.350	-0.088
6504.507	-0.089
6504.688	-0.089
6504.845	-0.088
6505.000	-0.089
6505.183	-0.088
6505.340	-0.088
6505.495	-0.089
6505.678	-0.088
6505.833	-0.090
6506.017	-0.088
6506.173	-0.088
6506.328	-0.089
6506.512	-0.089
6506.667	-0.088
6506.850	-0.089
6507.007	-0.088
6507.162	-0.090
6507.345	-0.088
6507.500	-0.089
6507.683	-0.088
6507.840	-0.089
6507.995	-0.088
6508.178	-0.088
6508.333	-0.088
6508.517	-0.090
6508.673	-0.089
6508.828	-0.088
6509.012	-0.089
6509.167	-0.089
6509.350	-0.088
6509.507	-0.088
6509.662	-0.089
6509.845	-0.089
6510.000	-0.088
6510.183	-0.090
6510.340	-0.088
6510.495	-0.088
6510.678	-0.088
6510.833	-0.088
6511.017	-0.089
6511.173	-0.088
6511.328	-0.089
6511.512	-0.090
6511.667	-0.088
6511.850	-0.088
6512.007	-0.088
6512.162	-0.088
6512.345	-0.088
6512.500	-0.088
6512.683	-0.088
6512.840	-0.088
6512.995	-0.088
6513.178	-0.088
6513.333	-0.088
6513.517	-0.088
6513.673	-0.088
6513.828	-0.088
6514.012	-0.088
6514.167	-0.088
6514.350	-0.088
6514.507	-0.088
6514.662	-0.089
6514.845	-0.088
6515.000	-0.088
6515.183	-0.088
6515.340	-0.088
6515.495	-0.088
6515.678	-0.088
6515.833	-0.088
6516.017	-0.088
6516.173	-0.089
6516.328	-0.088
6516.512	-0.088
6516.667	-0.088
6516.850	-0.088
6517.007	-0.089
6517.162	-0.089
6517.345	-0.089
6517.500	-0.088
6517.683	-0.088
6517.840	-0.088
6517.995	-0.090
6518.178	-0.088
6518.333	-0.088
6518.517	-0.088
6518.673	-0.088
6518.828	-0.088
6519.012	-0.088
6519.167	-0.088
6519.350	-0.089
6519.507	-0.088
6519.662	-0.089
6519.845	-0.088
6520.000	-0.088
6520.183	-0.089
6520.340	-0.088
6520.495	-0.088
6520.678	-0.089
6520.833	-0.089
6521.017	-0.088
6521.173	-0.088
6521.328	-0.088
6521.512	-0.088
6521.667	-0.088
6521.850	-0.088
6522.007	-0.088
6522.162	-0.088
6522.345	-0.088
6522.500	-0.088
6522.683	-0.089
6522.840	-0.088
6522.995	-0.088
6523.178	-0.088
6523.333	-0.088
6523.517	-0.089
6523.673	-0.088
6523.828	-0.089
6524.012	-0.089
6524.167	-0.090
6524.350	-0.088
6524.507	-0.088
6524.662	-0.089
6524.845	-0.088
6525.000	-0.088
6525.183	-0.088
6525.340	-0.089
6525.495	-0.089
6525.678	-0.089
6525.833	-0.088
6526.017	-0.088
6526.173	-0.088
6526.328	-0.088
6526.512	-0.088
6526.667	-0.088
6526.850	-0.088
6527.007	-0.088
6527.162	-0.088
6527.345	-0.088
6527.500	-0.088
6527.683	-0.088
6527.840	-0.088
6527.995	-0.088
6528.178	-0.088
6528.333	-0.088
6528.517	-0.088
6528.673	-0.089
6528.828	-0.088
6529.012	-0.088
6529.167	-0.089
6529.350	-0.088
6529.507	-0.088
6529.662	-0.088
6529.845	-0.088
6530.000	-0.088
6530.183	-0.088
6530.340	-0.089
6530.495	-0.089
6530.678	-0.088
6530.833	-0.088
6531.017	-0.089
6531.173	-0.088
6531.328	-0.088
6531.512	-0.088
6531.667	-0.088
6531.850	-0.088
6532.007	-0.088
6532.162	-0.090
6532.345	-0.088
6532.500	-0.088
6532.683	-0.088
6532.840	-0.090
6532.995	-0.088
6533.178	-0.088
6533.333	-0.088
6533.517	-0.088
6533.673	-0.088
6533.828	-0.088
6534.012	-0.089
6534.167	-0.089
6534.350	-0.088
6534.507	-0.088
6534.662	-0.088
6534.845	-0.088
6535.000	-0.088
6535.183	-0.088
6535.340	-0.088
6535.495	-0.088
6535.678	-0.088
6535.833	-0.088
6536.017	-0.088
6536.173	-0.088
6536.328	-0.088
6536.512	-0.088
6536.667	-0.088
6536.850	-0.088
6537.007	-0.088
6537.162	-0.088
6537.345	-0.088
6537.500	-0.088
6537.683	-0.088
6537.840	-0.089
6537.995	-0.088
6538.178	-0.088
6538.333	-0.088
6538.517	-0.088
6538.673	-0.088
6538.828	-0.088
6539.012	-0.088
6539.167	-0.088
6539.350	-0.088
6539.507	-0.088
6539.662	-0.088
6539.845	-0.089
6540.000	-0.088
6540.183	-0.088
6540.340	-0.088
6540.495	-0.088
6540.678	-0.088
6540.833	-0.089
6541.017	-0.088
6541.173	-0.088
6541.328	-0.088
6541.512	-0.088
6541.667	-0.089
6541.850	-0.089
6542.007	-0.088
6542.162	-0.088
6542.345	-0.088
6542.500	-0.089
6542.683	-0.089
6542.840	-0.088
6542.995	-0.089
6543.178	-0.088
6543.333	-0.088
6543.517	-0.088
6543.673	-0.089
6543.828	-0.088
6544.012	-0.088
6544.167	-0.089
6544.350	-0.089
6544.507	-0.089
6544.662	-0.088
6544.845	-0.089
6545.000	-0.089
6545.183	-0.088
6545.340	-0.089
6545.495	-0.088
6545.678	-0.089
6545.833	-0.088
6546.017	-0.089
6546.173	-0.088
6546.328	-0.088
6546.512	-0.088
6546.667	-0.088
6546.850	-0.088
6547.007	-0.088
6547.162	-0.088
6547.345	-0.088
6547.500	-0.088
6547.683	-0.088
6547.840	-0.088
6547.995	-0.088
6548.178	-0.088
6548.333	-0.088
6548.517	-0.089
6548.673	-0.088
6548.828	-0.088
6549.012	-0.088
6549.167	-0.088
6549.350	-0.089
6549.507	-0.088
6549.662	-0.090
6549.845	-0.088
6550.000	-0.088
6550.183	-0.090
6550.340	-0.088
6550.495	-0.088
6550.678	-0.088
6550.833	-0.089
6551.017	-0.088
6551.173	-0.088
6551.328	-0.088
6551.512	-0.088
6551.667	-0.089
6551.850	-0.088
6552.007	-0.089
6552.162	-0.088
6552.345	-0.089
6552.500	-0.088
6552.683	-0.088
6552.840	-0.088
6552.995	-0.088
6553.178	-0.088
6553.333	-0.089
6553.517	-0.089
6553.673	-0.088
6553.828	-0.088
6554.012	-0.088
6554.167	-0.088
6554.350	-0.088
6554.507	-0.088
6554.662	-0.088
6554.845	-0.088
6555.000	-0.088
6555.183	-0.088
6555.340	-0.088
6555.495	-0.089
6555.678	-0.088
6555.833	-0.089
6556.017	-0.088
6556.173	-0.088
6556.328	-0.088
6556.512	-0.088
6556.667	-0.088
6556.850	-0.088
6557.007	-0.088
6557.162	-0.089
6557.345	-0.088
6557.500	-0.088
6557.683	-0.088
6557.840	-0.089
6557.995	-0.088
6558.178	-0.088
6558.333	-0.088
6558.517	-0.088
6558.673	-0.089
6558.828	-0.088
6559.012	-0.088
6559.167	-0.088
6559.350	-0.089
6559.507	-0.088
6559.662	-0.088
6559.845	-0.088
6560.000	-0.088
6560.183	-0.088
6560.340	-0.088
6560.495	-0.088
6560.678	-0.088
6560.833	-0.089
6561.017	-0.088
6561.173	-0.088
6561.328	-0.088
6561.512	-0.088
6561.667	-0.088
6561.850	-0.088
6562.007	-0.088
6562.162	-0.088
6562.345	-0.088
6562.500	-0.088
6562.683	-0.088
6562.840	-0.088
6562.995	-0.088
6563.178	-0.088
6563.333	-0.088
6563.517	-0.088
6563.673	-0.088
6563.828	-0.088
6564.012	-0.088
6564.167	-0.088
6564.350	-0.088
6564.507	-0.088
6564.662	-0.087
6564.845	-0.088
6565.000	-0.086
6565.183	-0.085
6565.340	-0.085
6565.495	-0.083
6565.678	-0.084
6565.833	-0.083
6566.017	-0.083
6566.173	-0.083
6566.328	-0.084
6566.512	-0.083
6566.667	-0.083
6566.850	-0.083
6567.007	-0.083
6567.162	-0.083
6567.345	-0.083
6567.500	-0.083
6567.683	-0.083
6567.840	-0.083
6567.995	-0.083
6568.178	-0.083
6568.333	-0.083
6568.517	-0.083
6568.673	-0.083
6568.828	-0.083
6569.012	-0.083
6569.167	-0.083
6569.350	-0.083
6569.507	-0.083
6569.662	-0.083
6569.845	-0.083
6570.000	-0.083
6570.183	-0.083
6570.340	-0.083
6570.495	-0.083
6570.678	-0.083
6570.833	-0.083
6571.017	-0.083
6571.173	-0.083
6571.328	-0.082
6571.512	-0.082
6571.667	-0.083
6571.850	-0.083
6572.007	-0.083
6572.162	-0.083
6572.345	-0.083
6572.500	-0.083
6572.683	-0.083
6572.840	-0.083
6572.995	-0.083
6573.178	-0.083
6573.333	-0.083
6573.517	-0.083
6573.673	-0.083
6573.828	-0.083
6574.012	-0.083
6574.167	-0.083
6574.350	-0.083
6574.507	-0.083
6574.662	-0.083
6574.845	-0.083
6575.000	-0.083
6575.183	-0.084
6575.340	-0.083
6575.495	-0.084
6575.678	-0.085
6575.833	-0.085
6576.017	-0.085
6576.173	-0.085
6576.328	-0.088
6576.512	-0.085
6576.667	-0.087
6576.850	-0.087
6577.007	-0.088
6577.162	-0.088
6577.345	-0.088
6577.500	-0.088
6577.683	-0.088
6577.840	-0.088
6577.995	-0.088
6578.178	-0.088
6578.333	-0.088
6578.517	-0.088
6578.673	-0.088
6578.828	-0.088
6579.012	-0.088
6579.167	-0.088
6579.350	-0.088
6579.507	-0.088
6579.662	-0.088
6579.845	-0.088
6580.000	-0.088
6580.183	-0.088
6580.340	-0.088
6580.495	-0.088
6580.678	-0.088
6580.833	-0.088
6581.017	-0.088
6581.173	-0.088
6581.328	-0.088
6581.512	-0.089
6581.667	-0.088
6581.850	-0.088
6582.007	-0.088
6582.162	-0.088
6582.345	-0.088
6582.500	-0.088
6582.683	-0.088
6582.840	-0.088
6582.995	-0.088
6583.178	-0.089
6583.333	-0.089
6583.517	-0.088
6583.673	-0.088
6583.828	-0.088
6584.012	-0.088
6584.167	-0.089
6584.350	-0.088
6584.507	-0.088
6584.662	-0.088
6584.845	-0.088
6585.000	-0.088
6585.183	-0.088
6585.340	-0.088
6585.495	-0.088
6585.678	-0.088
6585.833	-0.088
6586.017	-0.088
6586.173	-0.088
6586.328	-0.090
6586.512	-0.089
6586.667	-0.088
6586.850	-0.090
6587.007	-0.088
6587.162	-0.088
6587.345	-0.088
6587.500	-0.088
6587.683	-0.088
6587.840	-0.088
6587.995	-0.088
6588.178	-0.088
6588.333	-0.088
6588.517	-0.088
6588.673	-0.088
6588.828	-0.088
6589.012	-0.090
6589.167	-0.088
6589.350	-0.088
6589.507	-0.088
6589.662	-0.088
6589.845	-0.088
6590.000	-0.089
6590.183	-0.088
6590.340	-0.088
6590.495	-0.088
6590.652	-0.088
6590.833	-0.089
6591.017	-0.088
6591.173	-0.088
6591.328	-0.088
6591.512	-0.088
6591.667	-0.088
6591.850	-0.088
6592.007	-0.088
6592.162	-0.088
6592.345	-0.088
6592.500	-0.088
6592.683	-0.089
6592.840	-0.088
6592.995	-0.088
6593.178	-0.088
6593.333	-0.088
6593.517	-0.088
6593.673	-0.088
6593.828	-0.088
6594.012	-0.088
6594.167	-0.088
6594.350	-0.088
6594.507	-0.088
6594.662	-0.088
6594.845	-0.089
6595.000	-0.088
6595.183	-0.089
6595.340	-0.088
6595.495	-0.090
6595.678	-0.089
6595.833	-0.088
6596.017	-0.088
6596.173	-0.088
6596.328	-0.088
6596.512	-0.088
6596.667	-0.089
6596.850	-0.089
6597.007	-0.088
6597.162	-0.088
6597.345	-0.089
6597.500	-0.088
6597.683	-0.089
6597.840	-0.088
6597.995	-0.088
6598.178	-0.088
6598.333	-0.089
6598.517	-0.088
6598.673	-0.088
6598.828	-0.088
6599.012	-0.088
6599.167	-0.088
6599.350	-0.088
6599.507	-0.088
6599.662	-0.088
6599.845	-0.088
6600.000	-0.088
6600.183	-0.088
6600.340	-0.088
6600.495	-0.089
6600.678	-0.090
6600.833	-0.088
6601.017	-0.088
6601.173	-0.088
6601.328	-0.088
6601.512	-0.088
6601.667	-0.088
6601.850	-0.089
6602.007	-0.088
6602.162	-0.088
6602.345	-0.088
6602.500	-0.088
6602.683	-0.088
6602.840	-0.089
6602.995	-0.089
6603.178	-0.089
6603.333	-0.089
6603.517	-0.088
6603.673	-0.088
6603.828	-0.088
6604.012	-0.089
6604.167	-0.088
6604.350	-0.089
6604.507	-0.088
6604.662	-0.088
6604.845	-0.088
6605.000	-0.088
6605.183	-0.088
6605.340	-0.088
6605.495	-0.088
6605.678	-0.088
6605.833	-0.088
6606.017	-0.088
6606.173	-0.088
6606.328	-0.088
6606.512	-0.088
6606.667	-0.088
6606.850	-0.088
6607.007	-0.088
6607.162	-0.088
6607.345	-0.089
6607.500	-0.089
6607.683	-0.088
6607.840	-0.088
6607.995	-0.089
6608.178	-0.088
6608.333	-0.090
6608.517	-0.089
6608.673	-0.088
6608.828	-0.088
6609.012	-0.088
6609.167	-0.088
6609.350	-0.088
6609.507	-0.089
6609.662	-0.089
6609.845	-0.088
6610.000	-0.088
6610.183	-0.088
6610.340	-0.088
6610.495	-0.088
6610.678	-0.088
6610.833	-0.089
6611.017	-0.088
6611.173	-0.088
6611.328	-0.088
6611.512	-0.088
6611.667	-0.090
6611.850	-0.088
6612.007	-0.088
6612.162	-0.089
6612.345	-0.089
6612.500	-0.088
6612.683	-0.088
6612.840	-0.088
6612.995	-0.088
6613.178	-0.088
6613.333	-0.088
6613.517	-0.088
6613.673	-0.088
6613.828	-0.088
6614.012	-0.089
6614.167	-0.089
6614.350	-0.088
6614.507	-0.089
6614.662	-0.088
6614.845	-0.088
6615.000	-0.088
6615.183	-0.088
6615.340	-0.088
6615.495	-0.088
6615.678	-0.088
6615.833	-0.088
6616.017	-0.088
6616.173	-0.088
6616.328	-0.088
6616.512	-0.088
6616.667	-0.088
6616.850	-0.088
6617.007	-0.089
6617.162	-0.088
6617.345	-0.088
6617.500	-0.088
6617.683	-0.088
6617.840	-0.088
6617.995	-0.089
6618.178	-0.088
6618.333	-0.088
6618.517	-0.088
6618.673	-0.089
6618.828	-0.088
6619.012	-0.089
6619.167	-0.089
6619.350	-0.088
6619.507	-0.088
6619.662	-0.090
6619.845	-0.089
6620.000	-0.089
6620.183	-0.088
6620.340	-0.088
6620.495	-0.089
6620.678	-0.088
6620.833	-0.089
6621.017	-0.088
6621.173	-0.088
6621.328	-0.088
6621.512	-0.088
6621.667	-0.088
6621.823	-0.088
6622.007	-0.088
6622.162	-0.088
6622.345	-0.088
6622.500	-0.088
6622.657	-0.088
6622.840	-0.088
6622.995	-0.088
6623.178	-0.089
6623.333	-0.088
6623.490	-0.088
6623.673	-0.089
6623.828	-0.088
6624.012	-0.088
6624.167	-0.088
6624.323	-0.088
6624.507	-0.088
6624.662	-0.090
6624.845	-0.088
6625.000	-0.088
6625.183	-0.088
6625.340	-0.088
6625.495	-0.088
6625.678	-0.089
6625.833	-0.088
6626.017	-0.088
6626.173	-0.089
6626.328	-0.088
6626.512	-0.089
6626.667	-0.088
6626.850	-0.088
6627.007	-0.089
6627.162	-0.088
6627.345	-0.088
6627.500	-0.088
6627.657	-0.089
6627.840	-0.088
6627.995	-0.088
6628.178	-0.088
6628.333	-0.088
6628.517	-0.088
6628.673	-0.088
6628.828	-0.089
6629.012	-0.089
6629.167	-0.088
6629.350	-0.089
6629.507	-0.089
6629.662	-0.088
6629.845	-0.089
6630.000	-0.089
6630.183	-0.088
6630.340	-0.088
6630.495	-0.088
6630.678	-0.088
6630.833	-0.088
6630.990	-0.088
6631.173	-0.088
6631.328	-0.088
6631.512	-0.088
6631.667	-0.089
6631.823	-0.088
6632.007	-0.088
6632.162	-0.088
6632.345	-0.088
6632.500	-0.088
6632.657	-0.088
6632.840	-0.088
6632.995	-0.088
6633.178	-0.088
6633.333	-0.088
6633.490	-0.088
6633.673	-0.089
6633.828	-0.089
6634.012	-0.088
6634.167	-0.088
6634.323	-0.088
6634.507	-0.089
6634.662	-0.088
6634.845	-0.088
6635.000	-0.088
6635.183	-0.088
6635.340	-0.088
6635.495	-0.090
6635.678	-0.088
6635.833	-0.088
6636.017	-0.088
6636.173	-0.088
6636.328	-0.088
6636.512	-0.088
6636.667	-0.088
6636.850	-0.088
6637.007	-0.089
6637.162	-0.088
6637.345	-0.088
6637.500	-0.088
6637.683	-0.088
6637.840	-0.088
6637.995	-0.089
6638.178	-0.088
6638.333	-0.089
6638.517	-0.088
6638.673	-0.088
6638.828	-0.088
6639.012	-0.089
6639.167	-0.088
6639.323	-0.089
6639.507	-0.088
6639.662	-0.089
6639.845	-0.088
6640.000	-0.089
6640.157	-0.088
6640.340	-0.088
6640.495	-0.088
6640.678	-0.089
6640.833	-0.088
6641.017	-0.088
6641.173	-0.089
6641.328	-0.088
6641.512	-0.088
6641.667	-0.089
6641.850	-0.088
6642.007	-0.088
6642.162	-0.088
6642.345	-0.088
6642.500	-0.089
6642.683	-0.088
6642.840	-0.088
6642.995	-0.088
6643.178	-0.088
6643.333	-0.088
6643.490	-0.088
6643.673	-0.088
6643.828	-0.089
6644.012	-0.088
6644.167	-0.088
6644.323	-0.088
6644.507	-0.089
6644.662	-0.091
6644.845	-0.088
6645.000	-0.088
6645.183	-0.088
6645.340	-0.088
6645.495	-0.089
6645.678	-0.088
6645.833	-0.088
6646.017	-0.088
6646.173	-0.088
6646.328	-0.088
6646.512	-0.089
6646.667	-0.088
6646.823	-0.089
6647.007	-0.088
6647.162	-0.088
6647.345	-0.089
6647.500	-0.088
6647.683	-0.088
6647.840	-0.088
6647.995	-0.088
6648.178	-0.088
6648.333	-0.089
6648.517	-0.088
6648.673	-0.088
6648.828	-0.088
6649.012	-0.088
6649.167	-0.088
6649.323	-0.088
6649.507	-0.088
6649.662	-0.088
6649.845	-0.090
6650.000	-0.088
6650.157	-0.088
6650.340	-0.088
6650.495	-0.088
6650.678	-0.088
6650.833	-0.088
6650.990	-0.088
6651.173	-0.088
6651.328	-0.089
6651.512	-0.088
6651.667	-0.088
6651.850	-0.088
6652.007	-0.088
6652.162	-0.088
6652.345	-0.088
6652.500	-0.089
6652.683	-0.088
6652.840	-0.088
6652.995	-0.088
6653.178	-0.088
6653.333	-0.088
6653.517	-0.088
6653.673	-0.088
6653.828	-0.088
6654.012	-0.088
6654.167	-0.088
6654.350	-0.088
6654.507	-0.088
6654.662	-0.088
6654.845	-0.088
6655.000	-0.088
6655.183	-0.089
6655.340	-0.088
6655.495	-0.088
6655.678	-0.088
6655.833	-0.088
6655.990	-0.089
6656.173	-0.088
6656.328	-0.089
6656.512	-0.088
6656.667	-0.088
6656.823	-0.088
6657.007	-0.088
6657.162	-0.088
6657.345	-0.088
6657.500	-0.089
6657.657	-0.088
6657.840	-0.088
6657.995	-0.088
6658.178	-0.089
6658.333	-0.088
6658.490	-0.088
6658.673	-0.088
6658.828	-0.088
6659.012	-0.088
6659.167	-0.088
6659.323	-0.090
6659.507	-0.088
6659.662	-0.088
6659.845	-0.089
6660.000	-0.088
6660.157	-0.088
6660.340	-0.088
6660.495	-0.088
6660.678	-0.088
6660.833	-0.088
6660.990	-0.088
6661.173	-0.089
6661.328	-0.088
6661.512	-0.088
6661.667	-0.088
6661.823	-0.088
6662.007	-0.088
6662.162	-0.088
6662.345	-0.088
6662.500	-0.088
6662.657	-0.089
6662.840	-0.088
6662.995	-0.089
6663.178	-0.088
6663.333	-0.088
6663.490	-0.089
6663.673	-0.089
6663.828	-0.088
6664.012	-0.088
6664.167	-0.088
6664.323	-0.088
6664.507	-0.088
6664.662	-0.088
6664.845	-0.088
6665.000	-0.088
6665.157	-0.088
6665.340	-0.088
6665.495	-0.088
6665.678	-0.088
6665.833	-0.088
6665.990	-0.088
6666.173	-0.088
6666.328	-0.089
6666.512	-0.088
6666.667	-0.088
6666.823	-0.088
6667.007	-0.088
6667.162	-0.088
6667.345	-0.088
6667.500	-0.088
6667.657	-0.088
6667.840	-0.088
6667.995	-0.089
6668.178	-0.088
6668.333	-0.088
6668.490	-0.089
6668.673	-0.089
6668.828	-0.089
6669.012	-0.088
6669.167	-0.088
6669.323	-0.088
6669.507	-0.088
6669.662	-0.088
6669.845	-0.089
6670.000	-0.088
6670.157	-0.089
6670.340	-0.088
6670.495	-0.088
6670.678	-0.088
6670.833	-0.088
6670.990	-0.088
6671.173	-0.088
6671.328	-0.089
6671.512	-0.088
6671.667	-0.088
6671.823	-0.088
6672.007	-0.088
6672.162	-0.088
6672.345	-0.088
6672.500	-0.088
6672.657	-0.088
6672.840	-0.088
6672.995	-0.089
6673.178	-0.088
6673.333	-0.089
6673.490	-0.088
6673.673	-0.088
6673.828	-0.088
6674.012	-0.088
6674.167	-0.088
6674.323	-0.088
6674.507	-0.088
6674.662	-0.088
6674.845	-0.089
6675.000	-0.088
6675.157	-0.088
6675.340	-0.088
6675.495	-0.089
6675.678	-0.088
6675.833	-0.088
6675.990	-0.088
6676.173	-0.088
6676.328	-0.088
6676.512	-0.089
6676.667	-0.088
6676.823	-0.088
6677.007	-0.088
6677.162	-0.088
6677.345	-0.090
6677.500	-0.088
6677.657	-0.090
6677.840	-0.089
6677.995	-0.088
6678.178	-0.089
6678.333	-0.088
6678.490	-0.089
6678.673	-0.089
6678.828	-0.088
6679.012	-0.088
6679.167	-0.088
6679.323	-0.089
6679.507	-0.088
6679.662	-0.088
6679.845	-0.089
6680.000	-0.088
6680.157	-0.088
6680.340	-0.088
6680.495	-0.088
6680.678	-0.088
6680.833	-0.088
6680.990	-0.089
6681.173	-0.090
6681.328	-0.088
6681.512	-0.088
6681.667	-0.088
6681.823	-0.088
6682.007	-0.088
6682.162	-0.089
6682.345	-0.088
6682.500	-0.088
6682.657	-0.088
6682.840	-0.088
6682.995	-0.088
6683.178	-0.088
6683.333	-0.088
6683.490	-0.088
6683.673	-0.088
6683.828	-0.088
6684.012	-0.088
6684.167	-0.088
6684.323	-0.088
6684.507	-0.088
6684.662	-0.088
6684.845	-0.088
6685.000	-0.089
6685.157	-0.088
6685.340	-0.088
6685.495	-0.088
6685.678	-0.088
6685.833	-0.088
6685.990	-0.088
6686.173	-0.088
6686.328	-0.088
6686.512	-0.089
6686.667	-0.088
6686.823	-0.088
6687.007	-0.088
6687.162	-0.089
6687.345	-0.088
6687.500	-0.088
6687.657	-0.089
6687.840	-0.088
6687.995	-0.089
6688.178	-0.088
6688.333	-0.088
6688.490	-0.088
6688.673	-0.088
6688.828	-0.088
6689.012	-0.089
6689.167	-0.088
6689.323	-0.088
6689.507	-0.088
6689.662	-0.088
6689.845	-0.089
6690.000	-0.088
6690.157	-0.089
6690.340	-0.089
6690.495	-0.088
6690.678	-0.088
6690.833	-0.088
6690.990	-0.088
6691.173	-0.088
6691.328	-0.088
6691.512	-0.089
6691.667	-0.088
6691.823	-0.088
6692.007	-0.089
6692.162	-0.090
6692.345	-0.088
6692.500	-0.088
6692.657	-0.088
6692.840	-0.088
6692.995	-0.089
6693.178	-0.089
6693.333	-0.091
6693.490	-0.088
6693.673	-0.089
6693.828	-0.088
6694.012	-0.089
6694.167	-0.088
6694.323	-0.089
6694.507	-0.088
6694.662	-0.089
6694.845	-0.088
6695.000	-0.088
6695.157	-0.089
6695.340	-0.088
6695.495	-0.089
6695.678	-0.088
6695.833	-0.088
6695.990	-0.088
6696.173	-0.090
6696.328	-0.088
6696.512	-0.089
6696.667	-0.088
6696.823	-0.089
6697.007	-0.088
6697.162	-0.088
6697.345	-0.088
6697.500	-0.089
6697.657	-0.088
6697.840	-0.088
6697.995	-0.088
6698.178	-0.088
6698.333	-0.089
6698.490	-0.089
6698.673	-0.088
6698.828	-0.088
6699.012	-0.088
6699.167	-0.088
6699.323	-0.089
6699.507	-0.088
6699.662	-0.088
6699.845	-0.088
6700.000	-0.088
6700.157	-0.088
6700.340	-0.088
6700.495	-0.089
6700.652	-0.089
6700.833	-0.089
6700.990	-0.088
6701.146	-0.088
6701.328	-0.088
6701.512	-0.088
6701.667	-0.088
6701.823	-0.088
6702.007	-0.088
6702.162	-0.089
6702.345	-0.088
6702.500	-0.088
6702.657	-0.088
6702.840	-0.088
6702.995	-0.088
6703.178	-0.088
6703.333	-0.088
6703.490	-0.089
6703.673	-0.089
6703.828	-0.088
6703.985	-0.088
6704.167	-0.088
6704.323	-0.088
6704.507	-0.088
6704.662	-0.089
6704.845	-0.088
6705.000	-0.088
6705.157	-0.088
6705.340	-0.089
6705.495	-0.088
6705.678	-0.088
6705.833	-0.088
6705.990	-0.088
6706.173	-0.088
6706.328	-0.088
6706.512	-0.088
6706.667	-0.089
6706.823	-0.088
6707.007	-0.088
6707.162	-0.088
6707.345	-0.089
6707.500	-0.088
6707.657	-0.088
6707.840	-0.088
6707.995	-0.088
6708.178	-0.088
6708.333	-0.089
6708.490	-0.088
6708.673	-0.089
6708.828	-0.088
6709.012	-0.088
6709.167	-0.089
6709.323	-0.088
6709.507	-0.088
6709.662	-0.088
6709.845	-0.088
6710.000	-0.088
6710.157	-0.088
6710.340	-0.088
6710.495	-0.088
6710.678	-0.088
6710.833	-0.088
6710.990	-0.090
6711.173	-0.088
6711.328	-0.088
6711.485	-0.088
6711.667	-0.088
6711.823	-0.089
6712.007	-0.088
6712.162	-0.088
6712.318	-0.088
6712.500	-0.088
6712.657	-0.088
6712.840	-0.088
6712.995	-0.089
6713.178	-0.089
6713.333	-0.088
6713.490	-0.088
6713.673	-0.088
6713.828	-0.088
6714.012	-0.088
6714.167	-0.088
6714.323	-0.088
6714.507	-0.088
6714.662	-0.089
6714.845	-0.088
6715.000	-0.089
6715.157	-0.088
6715.340	-0.088
6715.495	-0.088
6715.678	-0.088
6715.833	-0.088
6715.990	-0.088
6716.173	-0.089
6716.328	-0.088
6716.512	-0.088
6716.667	-0.089
6716.823	-0.088
6717.007	-0.088
6717.162	-0.088
6717.345	-0.088
6717.500	-0.089
6717.657	-0.089
6717.840	-0.088
6717.995	-0.089
6718.152	-0.088
6718.333	-0.088
6718.490	-0.088
6718.673	-0.088
6718.828	-0.088
6719.012	-0.089
6719.167	-0.089
6719.323	-0.088
6719.507	-0.091
6719.662	-0.088
6719.845	-0.088
6720.000	-0.088
6720.157	-0.088
6720.340	-0.088
6720.495	-0.088
6720.678	-0.088
6720.833	-0.088
6720.990	-0.088
6721.173	-0.088
6721.328	-0.089
6721.512	-0.088
6721.667	-0.089
6721.823	-0.089
6722.007	-0.088
6722.162	-0.089
6722.318	-0.088
6722.500	-0.088
6722.657	-0.088
6722.840	-0.088
6722.995	-0.088
6723.178	-0.088
6723.333	-0.088
6723.490	-0.088
6723.673	-0.088
6723.828	-0.088
6724.012	-0.088
6724.167	-0.089
6724.323	-0.089
6724.507	-0.088
6724.662	-0.088
6724.818	-0.088
6725.000	-0.088
6725.157	-0.089
6725.340	-0.089
6725.495	-0.088
6725.678	-0.088
6725.833	-0.088
6725.990	-0.088
6726.173	-0.088
6726.328	-0.088
6726.485	-0.088
6726.667	-0.088
6726.823	-0.088
6727.007	-0.088
6727.162	-0.088
6727.318	-0.088
6727.500	-0.088
6727.657	-0.089
6727.840	-0.089
6727.995	-0.088
6728.178	-0.088
6728.333	-0.089
6728.490	-0.088
6728.673	-0.088
6728.828	-0.089
6728.985	-0.088
6729.167	-0.088
6729.323	-0.088
6729.507	-0.089
6729.662	-0.088
6729.818	-0.088
6730.000	-0.088
6730.157	-0.089
6730.340	-0.088
6730.495	-0.088
6730.678	-0.089
6730.833	-0.088
6730.990	-0.088
6731.173	-0.088
6731.328	-0.088
6731.485	-0.088
6731.667	-0.088
6731.823	-0.088
6732.007	-0.088
6732.162	-0.088
6732.318	-0.089
6732.500	-0.088
6732.657	-0.090
6732.840	-0.088
6732.995	-0.089
6733.178	-0.088
6733.333	-0.089
6733.490	-0.088
6733.673	-0.089
6733.828	-0.088
6733.985	-0.088
6734.167	-0.088
6734.323	-0.088
6734.507	-0.088
6734.662	-0.088
6734.818	-0.088
6735.000	-0.088
6735.157	-0.088
6735.340	-0.088
6735.495	-0.088
6735.652	-0.088
6735.833	-0.088
6735.990	-0.089
6736.173	-0.088
6736.328	-0.090
6736.485	-0.089
6736.667	-0.088
6736.823	-0.088
6737.007	-0.088
6737.162	-0.088
6737.318	-0.088
6737.500	-0.089
6737.657	-0.088
6737.840	-0.088
6737.995	-0.089
6738.152	-0.089
6738.333	-0.089
6738.490	-0.088
6738.673	-0.088
6738.828	-0.088
6738.985	-0.088
6739.167	-0.088
6739.323	-0.088
6739.507	-0.088
6739.662	-0.089
6739.818	-0.089
6740.000	-0.088
6740.157	-0.088
6740.340	-0.088
6740.495	-0.088
6740.652	-0.089
6740.833	-0.088
6740.990	-0.088
6741.173	-0.089
6741.328	-0.088
6741.485	-0.088
6741.667	-0.089
6741.823	-0.088
6742.007	-0.090
6742.162	-0.088
6742.318	-0.088
6742.500	-0.088
6742.657	-0.088
6742.840	-0.088
6742.995	-0.088
6743.152	-0.089
6743.333	-0.089
6743.490	-0.088
6743.673	-0.088
6743.828	-0.088
6743.985	-0.088
6744.167	-0.089
6744.323	-0.089
6744.507	-0.088
6744.662	-0.088
6744.818	-0.088
6745.000	-0.088
6745.157	-0.088
6745.340	-0.088
6745.495	-0.088
6745.652	-0.088
6745.833	-0.088
6745.990	-0.089
6746.173	-0.088
6746.328	-0.088
6746.485	-0.088
6746.667	-0.088
6746.823	-0.088
6747.007	-0.088
6747.162	-0.088
6747.318	-0.088
6747.500	-0.088
6747.657	-0.088
6747.813	-0.089
6747.995	-0.088
6748.178	-0.088
6748.333	-0.088
6748.490	-0.089
6748.673	-0.089
6748.828	-0.088
6748.985	-0.088
6749.167	-0.088
6749.323	-0.088
6749.507	-0.088
6749.662	-0.088
6749.818	-0.088
6750.000	-0.088
6750.157	-0.088
6750.340	-0.088
6750.495	-0.088
6750.652	-0.088
6750.833	-0.089
6750.990	-0.088
6751.173	-0.088
6751.328	-0.089
6751.485	-0.088
6751.667	-0.088
6751.823	-0.088
6752.007	-0.088
6752.162	-0.088
6752.318	-0.088
6752.500	-0.088
6752.657	-0.088
6752.840	-0.088
6752.995	-0.088
6753.152	-0.089
6753.333	-0.089
6753.490	-0.088
6753.673	-0.088
6753.828	-0.088
6753.985	-0.088
6754.167	-0.088
6754.323	-0.088
6754.507	-0.088
6754.662	-0.089
6754.818	-0.088
6755.000	-0.089
6755.157	-0.089
6755.340	-0.088
6755.495	-0.088
6755.652	-0.088
6755.833	-0.088
6755.990	-0.088
6756.173	-0.088
6756.328	-0.088
6756.485	-0.088
6756.667	-0.088
6756.823	-0.088
6757.007	-0.089
6757.162	-0.089
6757.318	-0.089
6757.500	-0.088
6757.657	-0.088
6757.840	-0.088
6757.995	-0.088
6758.152	-0.088
6758.333	-0.088
6758.490	-0.088
6758.673	-0.088
6758.828	-0.089
6758.985	-0.088
6759.167	-0.089
6759.323	-0.090
6759.507	-0.089
6759.662	-0.089
6759.818	-0.088
6760.000	-0.088
6760.157	-0.088
6760.340	-0.088
6760.495	-0.089
6760.652	-0.088
6760.833	-0.089
6760.990	-0.088
6761.173	-0.088
6761.328	-0.089
6761.485	-0.089
6761.667	-0.089
6761.823	-0.088
6762.007	-0.088
6762.162	-0.089
6762.318	-0.088
6762.500	-0.088
6762.657	-0.089
6762.840	-0.088
6762.995	-0.088
6763.152	-0.088
6763.333	-0.088
6763.490	-0.088
6763.673	-0.088
6763.828	-0.088
6763.985	-0.088
6764.167	-0.088
6764.323	-0.089
6764.507	-0.090
6764.662	-0.088
6764.845	-0.088
6765.000	-0.088
6765.157	-0.089
6765.340	-0.088
6765.495	-0.090
6765.678	-0.088
6765.833	-0.090
6765.990	-0.088
6766.173	-0.088
6766.328	-0.088
6766.485	-0.088
6766.667	-0.088
6766.823	-0.088
6767.007	-0.090
6767.162	-0.088
6767.318	-0.088
6767.500	-0.089
6767.657	-0.089
6767.840	-0.088
6767.995	-0.088
6768.152	-0.089
6768.333	-0.088
6768.490	-0.088
6768.673	-0.088
6768.828	-0.088
6768.985	-0.088
6769.167	-0.088
6769.323	-0.088
6769.507	-0.088
6769.662	-0.089
6769.818	-0.088
6770.000	-0.088
6770.157	-0.088
6770.340	-0.089
6770.495	-0.088
6770.652	-0.088
6770.833	-0.088
6770.990	-0.088
6771.173	-0.088
6771.328	-0.088
6771.485	-0.089
6771.667	-0.089
6771.823	-0.088
6772.007	-0.088
6772.162	-0.088
6772.318	-0.088
6772.500	-0.088
6772.657	-0.088
6772.840	-0.089
6772.995	-0.088
6773.152	-0.088
6773.333	-0.088
6773.490	-0.089
6773.673	-0.088
6773.828	-0.088
6773.985	-0.088
6774.167	-0.088
6774.323	-0.088
6774.507	-0.089
6774.662	-0.089
6774.818	-0.088
6775.000	-0.089
6775.157	-0.088
6775.340	-0.089
6775.495	-0.089
6775.652	-0.089
6775.833	-0.088
6775.990	-0.090
6776.173	-0.088
6776.328	-0.088
6776.485	-0.088
6776.667	-0.088
6776.823	-0.088
6777.007	-0.088
6777.162	-0.088
6777.318	-0.088
6777.500	-0.088
6777.657	-0.088
6777.840	-0.088
6777.995	-0.088
6778.152	-0.088
6778.333	-0.088
6778.490	-0.088
6778.673	-0.088
6778.828	-0.089
6778.985	-0.088
6779.167	-0.088
6779.323	-0.088
6779.507	-0.088
6779.662	-0.088
6779.818	-0.089
6780.000	-0.088
6780.157	-0.089
6780.340	-0.088
6780.495	-0.088
6780.652	-0.088
6780.833	-0.088
6780.990	-0.088
6781.173	-0.088
6781.328	-0.089
6781.485	-0.088
6781.667	-0.089
6781.823	-0.088
6782.007	-0.088
6782.162	-0.088
6782.318	-0.088
6782.500	-0.088
6782.657	-0.088
6782.840	-0.088
6782.995	-0.088
6783.152	-0.089
6783.333	-0.088
6783.490	-0.088
6783.673	-0.088
6783.828	-0.088
6783.985	-0.088
6784.167	-0.088
6784.323	-0.088
6784.507	-0.088
6784.662	-0.088
6784.818	-0.088
6785.000	-0.088
6785.157	-0.088
6785.340	-0.089
6785.495	-0.088
6785.652	-0.088
6785.833	-0.088
6785.990	-0.089
6786.173	-0.088
6786.328	-0.088
6786.485	-0.089
6786.667	-0.088
6786.823	-0.088
6787.007	-0.088
6787.162	-0.088
6787.318	-0.088
6787.500	-0.088
6787.657	-0.089
6787.840	-0.088
6787.995	-0.088
6788.152	-0.088
6788.333	-0.088
6788.490	-0.088
6788.673	-0.089
6788.828	-0.089
6788.985	-0.088
6789.167	-0.088
6789.323	-0.088
6789.507	-0.088
6789.662	-0.088
6789.818	-0.088
6790.000	-0.088
6790.157	-0.088
6790.340	-0.089
6790.495	-0.089
6790.652	-0.088
6790.833	-0.088
6790.990	-0.088
6791.173	-0.088
6791.328	-0.088
6791.485	-0.088
6791.667	-0.088
6791.823	-0.088
6792.007	-0.088
6792.162	-0.088
6792.318	-0.088
6792.500	-0.088
6792.657	-0.088
6792.840	-0.088
6792.995	-0.090
6793.152	-0.088
6793.333	-0.088
6793.490	-0.088
6793.673	-0.088
6793.828	-0.088
6793.985	-0.088
6794.167	-0.089
6794.323	-0.088
6794.507	-0.088
6794.662	-0.088
6794.818	-0.088
6795.000	-0.089
6795.157	-0.088
6795.313	-0.088
6795.495	-0.088
6795.652	-0.088
6795.833	-0.088
6795.990	-0.088
6796.173	-0.088
6796.328	-0.089
6796.485	-0.088
6796.667	-0.088
6796.823	-0.088
6797.007	-0.088
6797.162	-0.088
6797.318	-0.088
6797.500	-0.088
6797.657	-0.088
6797.840	-0.088
6797.995	-0.088
6798.152	-0.088
6798.333	-0.088
6798.490	-0.088
6798.673	-0.088
6798.828	-0.088
6798.985	-0.088
6799.167	-0.088
6799.323	-0.088
6799.507	-0.088
6799.662	-0.089
6799.818	-0.088
6800.000	-0.088
6800.157	-0.088
6800.340	-0.089
6800.495	-0.089
6800.652	-0.088
6800.833	-0.088
6800.990	-0.088
6801.173	-0.089
6801.328	-0.088
6801.485	-0.088
6801.667	-0.088
6801.823	-0.088
6802.007	-0.089
6802.162	-0.088
6802.318	-0.088
6802.500	-0.089
6802.657	-0.088
6802.840	-0.088
6802.995	-0.088
6803.152	-0.089
6803.333	-0.088
6803.490	-0.088
6803.673	-0.088
6803.828	-0.088
6803.985	-0.088
6804.167	-0.088
6804.323	-0.088
6804.507	-0.088
6804.662	-0.088
6804.818	-0.088
6805.000	-0.088
6805.157	-0.088
6805.313	-0.088
6805.495	-0.088
6805.652	-0.088
6805.833	-0.088
6805.990	-0.088
6806.173	-0.088
6806.328	-0.088
6806.485	-0.088
6806.667	-0.089
6806.823	-0.089
6807.007	-0.088
6807.162	-0.088
6807.318	-0.088
6807.500	-0.088
6807.657	-0.088
6807.840	-0.088
6807.995	-0.088
6808.152	-0.088
6808.333	-0.088
6808.490	-0.088
6808.673	-0.089
6808.828	-0.089
6808.985	-0.088
6809.167	-0.088
6809.323	-0.088
6809.507	-0.088
6809.662	-0.089
6809.818	-0.088
6810.000	-0.089
6810.157	-0.088
6810.340	-0.088
6810.495	-0.088
6810.652	-0.088
6810.833	-0.088
6810.990	-0.088
6811.173	-0.088
6811.328	-0.088
6811.485	-0.088
6811.667	-0.088
6811.823	-0.089
6812.007	-0.088
6812.162	-0.088
6812.318	-0.088
6812.500	-0.088
6812.657	-0.089
6812.840	-0.088
6812.995	-0.088
6813.152	-0.089
6813.333	-0.088
6813.490	-0.088
6813.673	-0.088
6813.828	-0.088
6813.985	-0.088
6814.167	-0.088
6814.323	-0.088
6814.480	-0.088
6814.662	-0.088
6814.818	-0.089
6815.000	-0.088
6815.157	-0.088
6815.313	-0.088
6815.495	-0.088
6815.652	-0.088
6815.833	-0.090
6815.990	-0.088
6816.173	-0.088
6816.328	-0.088
6816.485	-0.088
6816.667	-0.088
6816.823	-0.088
6817.007	-0.089
6817.162	-0.088
6817.318	-0.089
6817.500	-0.089
6817.657	-0.088
6817.813	-0.089
6817.995	-0.088
6818.152	-0.088
6818.333	-0.088
6818.490	-0.088
6818.646	-0.089
6818.828	-0.088
6818.985	-0.089
6819.167	-0.088
6819.323	-0.088
6819.480	-0.088
6819.662	-0.089
6819.818	-0.088
6820.000	-0.088
6820.157	-0.088
6820.313	-0.089
6820.495	-0.088
6820.652	-0.088
6820.833	-0.089
6820.990	-0.088
6821.146	-0.088
6821.328	-0.088
6821.485	-0.088
6821.667	-0.089
6821.823	-0.090
6821.980	-0.089
6822.162	-0.088
6822.318	-0.088
6822.500	-0.088
6822.657	-0.088
6822.813	-0.089
6822.995	-0.088
6823.152	-0.088
6823.333	-0.088
6823.490	-0.089
6823.646	-0.088
6823.828	-0.088
6823.985	-0.088
6824.167	-0.089
6824.323	-0.088
6824.480	-0.088
6824.662	-0.088
6824.818	-0.089
6825.000	-0.088
6825.157	-0.088
6825.313	-0.088
6825.495	-0.088
6825.652	-0.089
6825.833	-0.088
6825.990	-0.088
6826.146	-0.089
6826.328	-0.089
6826.485	-0.088
6826.667	-0.088
6826.823	-0.088
6826.980	-0.089
6827.162	-0.088
6827.318	-0.088
6827.500	-0.089
6827.657	-0.088
6827.813	-0.088
6827.995	-0.089
6828.152	-0.088
6828.333	-0.088
6828.490	-0.088
6828.646	-0.088
6828.828	-0.089
6828.985	-0.089
6829.167	-0.088
6829.323	-0.088
6829.480	-0.088
6829.662	-0.088
6829.818	-0.088
6830.000	-0.088
6830.157	-0.089
6830.313	-0.088
6830.495	-0.089
6830.652	-0.088
6830.833	-0.088
6830.990	-0.088
6831.146	-0.089
6831.303	-0.089
6831.485	-0.088
6831.667	-0.088
6831.823	-0.088
6831.980	-0.088
6832.162	-0.088
6832.318	-0.088
6832.500	-0.088
6832.657	-0.088
6832.813	-0.088
6832.995	-0.088
6833.152	-0.088
6833.333	-0.088
6833.490	-0.089
6833.646	-0.088
6833.828	-0.088
6833.985	-0.088
6834.167	-0.089
6834.323	-0.088
6834.480	-0.088
6834.662	-0.088
6834.818	-0.088
6835.000	-0.088
6835.157	-0.089
6835.313	-0.090
6835.495	-0.088
6835.652	-0.089
6835.833	-0.088
6835.990	-0.089
6836.146	-0.088
6836.328	-0.088
6836.485	-0.088
6836.667	-0.088
6836.823	-0.088
6836.980	-0.088
6837.162	-0.089
6837.318	-0.089
6837.500	-0.088
6837.657	-0.088
6837.813	-0.089
6837.995	-0.088
6838.152	-0.088
6838.333	-0.088
6838.490	-0.088
6838.646	-0.088
6838.828	-0.088
6838.985	-0.088
6839.167	-0.088
6839.323	-0.088
6839.480	-0.089
6839.662	-0.088
6839.818	-0.088
6840.000	-0.088
6840.157	-0.088
6840.313	-0.088
6840.495	-0.088
6840.652	-0.088
6840.833	-0.088
6840.990	-0.088
6841.146	-0.089
6841.328	-0.088
6841.485	-0.088
6841.667	-0.090
6841.823	-0.088
6842.007	-0.088
6842.162	-0.088
6842.318	-0.089
6842.500	-0.088
6842.657	-0.088
6842.813	-0.089
6842.995	-0.088
6843.152	-0.088
6843.333	-0.088
6843.490	-0.088
6843.646	-0.088
6843.828	-0.088
6843.985	-0.088
6844.167	-0.089
6844.323	-0.088
6844.480	-0.088
6844.662	-0.088
6844.818	-0.088
6845.000	-0.088
6845.157	-0.088
6845.313	-0.088
6845.495	-0.090
6845.652	-0.089
6845.833	-0.088
6845.990	-0.088
6846.146	-0.088
6846.328	-0.089
6846.485	-0.089
6846.667	-0.088
6846.823	-0.088
6846.980	-0.088
6847.162	-0.089
6847.318	-0.088
6847.500	-0.088
6847.657	-0.088
6847.813	-0.088
6847.995	-0.088
6848.152	-0.088
6848.333	-0.089
6848.490	-0.088
6848.673	-0.089
6848.828	-0.088
6848.985	-0.089
6849.167	-0.088
6849.323	-0.088
6849.480	-0.088
6849.662	-0.088
6849.818	-0.088
6850.000	-0.088
6850.157	-0.088
6850.313	-0.088
6850.495	-0.088
6850.652	-0.088
6850.833	-0.088
6850.990	-0.089
6851.146	-0.088
6851.328	-0.089
6851.485	-0.089
6851.667	-0.088
6851.823	-0.088
6851.980	-0.088
6852.162	-0.088
6852.318	-0.088
6852.500	-0.088
6852.657	-0.089
6852.813	-0.088
6852.995	-0.088
6853.152	-0.088
6853.333	-0.088
6853.490	-0.088
6853.646	-0.088
6853.828	-0.089
6853.985	-0.089
6854.167	-0.089
6854.323	-0.088
6854.480	-0.088
6854.662	-0.088
6854.818	-0.088
6855.000	-0.088
6855.157	-0.088
6855.313	-0.088
6855.495	-0.089
6855.652	-0.088
6855.833	-0.089
6855.990	-0.089
6856.146	-0.088
6856.328	-0.088
6856.485	-0.088
6856.667	-0.088
6856.823	-0.088
6856.980	-0.088
6857.162	-0.088
6857.318	-0.088
6857.500	-0.088
6857.657	-0.088
6857.813	-0.088
6857.995	-0.088
6858.152	-0.088
6858.333	-0.088
6858.490	-0.088
6858.646	-0.088
6858.828	-0.089
6858.985	-0.088
6859.167	-0.088
6859.323	-0.088
6859.480	-0.088
6859.662	-0.088
6859.818	-0.088
6860.000	-0.089
6860.157	-0.088
6860.313	-0.088
6860.495	-0.088
6860.652	-0.089
6860.833	-0.088
6860.990	-0.088
6861.146	-0.088
6861.328	-0.088
6861.485	-0.088
6861.667	-0.088
6861.823	-0.088
6861.980	-0.088
6862.162	-0.088
6862.318	-0.088
6862.500	-0.088
6862.657	-0.088
6862.813	-0.088
6862.995	-0.088
6863.152	-0.088
6863.333	-0.088
6863.490	-0.088
6863.646	-0.089
6863.828	-0.089
6863.985	-0.088
6864.167	-0.089
6864.323	-0.088
6864.480	-0.088
6864.662	-0.088
6864.818	-0.088
6865.000	-0.088
6865.157	-0.088
6865.313	-0.088
6865.495	-0.089
6865.652	-0.088
6865.833	-0.088
6865.990	-0.088
6866.146	-0.088
6866.328	-0.088
6866.485	-0.088
6866.667	-0.088
6866.823	-0.088
6866.980	-0.089
6867.162	-0.088
6867.318	-0.088
6867.500	-0.088
6867.657	-0.089
6867.813	-0.088
6867.995	-0.088
6868.152	-0.088
6868.333	-0.088
6868.490	-0.088
6868.646	-0.088
6868.828	-0.088
6868.985	-0.089
6869.167	-0.088
6869.323	-0.088
6869.480	-0.088
6869.662	-0.088
6869.818	-0.088
6870.000	-0.089
6870.157	-0.088
6870.313	-0.088
6870.495	-0.088
6870.652	-0.088
6870.833	-0.088
6870.990	-0.089
6871.146	-0.088
6871.328	-0.088
6871.485	-0.088
6871.667	-0.088
6871.823	-0.089
6871.980	-0.088
6872.162	-0.088
6872.318	-0.088
6872.500	-0.088
6872.657	-0.088
6872.813	-0.088
6872.995	-0.090
6873.152	-0.088
6873.333	-0.088
6873.490	-0.088
6873.646	-0.089
6873.828	-0.089
6873.985	-0.088
6874.167	-0.088
6874.323	-0.088
6874.480	-0.089
6874.662	-0.088
6874.818	-0.088
6875.000	-0.088
6875.157	-0.088
6875.313	-0.088
6875.495	-0.088
6875.652	-0.088
6875.833	-0.090
6875.990	-0.089
6876.146	-0.088
6876.328	-0.088
6876.485	-0.088
6876.667	-0.088
6876.823	-0.088
6876.980	-0.089
6877.162	-0.088
6877.318	-0.089
6877.500	-0.088
6877.657	-0.088
6877.813	-0.088
6877.995	-0.088
6878.152	-0.088
6878.333	-0.088
6878.490	-0.088
6878.646	-0.088
6878.828	-0.088
6878.985	-0.088
6879.167	-0.089
6879.323	-0.088
6879.480	-0.088
6879.662	-0.088
6879.818	-0.089
6880.000	-0.088
6880.157	-0.088
6880.313	-0.088
6880.495	-0.088
6880.652	-0.088
6880.833	-0.088
6880.990	-0.088
6881.146	-0.088
6881.328	-0.088
6881.485	-0.089
6881.667	-0.090
6881.823	-0.089
6881.980	-0.088
6882.162	-0.088
6882.318	-0.088
6882.500	-0.088
6882.657	-0.088
6882.813	-0.088
6882.995	-0.088
6883.152	-0.088
6883.333	-0.088
6883.490	-0.088
6883.646	-0.088
6883.828	-0.088
6883.985	-0.088
6884.167	-0.088
6884.323	-0.090
6884.480	-0.088
6884.662	-0.089
6884.818	-0.088
6885.000	-0.088
6885.157	-0.088
6885.313	-0.088
6885.495	-0.088
6885.652	-0.088
6885.833	-0.088
6885.990	-0.088
6886.146	-0.088
6886.328	-0.088
6886.485	-0.088
6886.667	-0.088
6886.823	-0.089
6886.980	-0.089
6887.162	-0.088
6887.318	-0.088
6887.500	-0.088
6887.657	-0.088
6887.813	-0.088
6887.995	-0.088
6888.152	-0.088
6888.333	-0.089
6888.490	-0.088
6888.646	-0.089
6888.828	-0.088
6888.985	-0.088
6889.167	-0.089
6889.323	-0.089
6889.480	-0.088
6889.662	-0.088
6889.818	-0.088
6890.000	-0.088
6890.157	-0.088
6890.313	-0.088
6890.495	-0.088
6890.652	-0.089
6890.833	-0.088
6890.990	-0.089
6891.146	-0.089
6891.328	-0.088
6891.485	-0.088
6891.667	-0.088
6891.823	-0.088
6891.980	-0.088
6892.162	-0.088
6892.318	-0.089
6892.500	-0.088
6892.657	-0.088
6892.813	-0.090
6892.995	-0.088
6893.152	-0.088
6893.333	-0.089
6893.490	-0.088
6893.646	-0.088
6893.828	-0.088
6893.985	-0.088
6894.167	-0.090
6894.323	-0.088
6894.480	-0.088
6894.662	-0.089
6894.818	-0.089
6895.000	-0.088
6895.157	-0.088
6895.313	-0.088
6895.495	-0.088
6895.652	-0.088
6895.833	-0.088
6895.990	-0.088
6896.146	-0.088
6896.328	-0.088
6896.485	-0.088
6896.642	-0.089
6896.823	-0.088
6896.980	-0.090
6897.162	-0.088
6897.318	-0.089
6897.500	-0.088
6897.657	-0.089
6897.813	-0.088
6897.995	-0.088
6898.152	-0.089
6898.308	-0.089
6898.490	-0.088
6898.646	-0.088
6898.828	-0.088
6898.985	-0.088
6899.167	-0.088
6899.323	-0.089
6899.480	-0.088
6899.662	-0.090
6899.818	-0.088
6900.000	-0.088
6900.157	-0.088
6900.313	-0.088
6900.495	-0.088
6900.652	-0.088
6900.833	-0.088
6900.990	-0.088
6901.146	-0.088
6901.328	-0.089
6901.485	-0.089
6901.667	-0.088
6901.823	-0.088
6901.980	-0.088
6902.162	-0.088
6902.318	-0.088
6902.500	-0.088
6902.657	-0.088
6902.813	-0.088
6902.995	-0.088
6903.152	-0.088
6903.308	-0.089
6903.490	-0.088
6903.646	-0.089
6903.828	-0.088
6903.985	-0.089
6904.167	-0.088
6904.323	-0.088
6904.480	-0.089
6904.662	-0.088
6904.818	-0.089
6905.000	-0.088
6905.157	-0.089
6905.313	-0.088
6905.495	-0.088
6905.652	-0.089
6905.833	-0.088
6905.990	-0.088
6906.146	-0.088
6906.328	-0.088
6906.485	-0.089
6906.667	-0.088
6906.823	-0.089
6906.980	-0.088
6907.162	-0.089
6907.318	-0.088
6907.500	-0.089
6907.657	-0.088
6907.813	-0.088
6907.995	-0.088
6908.152	-0.088
6908.308	-0.088
6908.490	-0.088
6908.646	-0.088
6908.828	-0.088
6908.985	-0.089
6909.167	-0.089
6909.323	-0.088
6909.480	-0.088
6909.662	-0.088
6909.818	-0.088
6909.975	-0.089
6910.157	-0.088
6910.313	-0.088
6910.495	-0.088
6910.652	-0.090
6910.833	-0.088
6910.990	-0.088
6911.146	-0.088
6911.328	-0.088
6911.485	-0.089
6911.642	-0.089
6911.823	-0.088
6911.980	-0.089
6912.162	-0.088
6912.318	-0.088
6912.500	-0.088
6912.657	-0.088
6912.813	-0.088
6912.995	-0.088
6913.152	-0.088
6913.308	-0.089
6913.490	-0.089
6913.646	-0.088
6913.828	-0.088
6913.985	-0.088
6914.167	-0.089
6914.323	-0.088
6914.480	-0.088
6914.662	-0.088
6914.818	-0.088
6914.975	-0.088
6915.157	-0.088
6915.313	-0.088
6915.495	-0.088
6915.652	-0.088
6915.833	-0.088
6915.990	-0.088
6916.146	-0.088
6916.328	-0.088
6916.485	-0.088
6916.642	-0.088
6916.823	-0.089
6916.980	-0.088
6917.162	-0.088
6917.318	-0.088
6917.500	-0.089
6917.657	-0.088
6917.813	-0.088
6917.995	-0.088
6918.152	-0.088
6918.308	-0.088
6918.490	-0.089
6918.646	-0.088
6918.828	-0.088
6918.985	-0.088
6919.167	-0.088
6919.323	-0.088
6919.480	-0.088
6919.662	-0.089
6919.818	-0.088
6920.000	-0.088
6920.157	-0.088
6920.313	-0.088
6920.495	-0.088
6920.652	-0.088
6920.833	-0.088
6920.990	-0.088
6921.146	-0.088
6921.328	-0.089
6921.485	-0.088
6921.667	-0.089
6921.823	-0.088
6921.980	-0.088
6922.162	-0.088
6922.318	-0.088
6922.500	-0.088
6922.657	-0.089
6922.813	-0.088
6922.995	-0.088
6923.152	-0.088
6923.308	-0.088
6923.490	-0.089
6923.646	-0.088
6923.828	-0.088
6923.985	-0.088
6924.167	-0.088
6924.323	-0.088
6924.480	-0.088
6924.662	-0.089
6924.818	-0.088
6925.000	-0.088
6925.157	-0.088
6925.313	-0.088
6925.495	-0.088
6925.652	-0.088
6925.833	-0.088
6925.990	-0.088
6926.146	-0.088
6926.328	-0.088
6926.485	-0.088
6926.642	-0.089
6926.823	-0.089
6926.980	-0.088
6927.162	-0.088
6927.318	-0.088
6927.500	-0.088
6927.657	-0.089
6927.813	-0.088
6927.995	-0.088
6928.152	-0.089
6928.333	-0.088
6928.490	-0.088
6928.646	-0.089
6928.828	-0.088
6928.985	-0.089
6929.142	-0.088
6929.323	-0.088
6929.480	-0.089
6929.662	-0.088
6929.818	-0.088
6930.000	-0.088
6930.157	-0.088
6930.313	-0.088
6930.495	-0.088
6930.652	-0.088
6930.808	-0.089
6930.990	-0.088
6931.146	-0.088
6931.328	-0.088
6931.485	-0.088
6931.642	-0.088
6931.823	-0.088
6931.980	-0.088
6932.162	-0.089
6932.318	-0.088
6932.475	-0.088
6932.657	-0.088
6932.813	-0.088
6932.995	-0.088
6933.152	-0.088
6933.308	-0.088
6933.490	-0.088
6933.646	-0.088
6933.828	-0.090
6933.985	-0.088
6934.142	-0.089
6934.323	-0.088
6934.480	-0.088
6934.662	-0.088
6934.818	-0.088
6934.975	-0.088
6935.157	-0.088
6935.313	-0.088
6935.495	-0.088
6935.652	-0.089
6935.808	-0.088
6935.990	-0.088
6936.146	-0.088
6936.328	-0.088
6936.485	-0.088
6936.642	-0.088
6936.823	-0.088
6936.980	-0.089
6937.162	-0.088
6937.318	-0.088
6937.475	-0.088
6937.657	-0.088
6937.813	-0.088
6937.995	-0.088
6938.152	-0.088
6938.308	-0.088
6938.490	-0.088
6938.646	-0.088
6938.828	-0.088
6938.985	-0.088
6939.142	-0.088
6939.323	-0.088
6939.480	-0.088
6939.662	-0.088
6939.818	-0.088
6939.975	-0.088
6940.157	-0.088
6940.313	-0.088
6940.495	-0.088
6940.652	-0.088
6940.808	-0.088
6940.990	-0.089
6941.146	-0.088
6941.328	-0.088
6941.485	-0.088
6941.642	-0.088
6941.823	-0.088
6941.980	-0.088
6942.162	-0.088
6942.318	-0.088
6942.475	-0.088
6942.657	-0.088
6942.813	-0.088
6942.995	-0.088
6943.152	-0.088
6943.308	-0.088
6943.490	-0.088
6943.646	-0.088
6943.828	-0.088
6943.985	-0.088
6944.142	-0.088
6944.323	-0.088
6944.480	-0.088
6944.662	-0.088
6944.818	-0.088
6944.975	-0.088
6945.157	-0.088
6945.313	-0.088
6945.495	-0.088
6945.652	-0.088
6945.808	-0.088
6945.990	-0.088
6946.146	-0.088
6946.328	-0.088
6946.485	-0.088
6946.642	-0.088
6946.823	-0.088
6946.980	-0.088
6947.162	-0.088
6947.318	-0.088
6947.475	-0.088
6947.657	-0.088
6947.813	-0.088
6947.995	-0.088
6948.152	-0.088
6948.308	-0.088
6948.490	-0.088
6948.646	-0.088
6948.828	-0.088
6948.985	-0.088
6949.142	-0.088
6949.323	-0.088
6949.480	-0.088
6949.662	-0.088
6949.818	-0.088
6949.975	-0.088
6950.157	-0.088
6950.313	-0.088
6950.495	-0.088
6950.652	-0.088
6950.808	-0.088
6950.990	-0.088
6951.146	-0.088
6951.328	-0.088
6951.485	-0.088
6951.642	-0.088
6951.823	-0.088
6951.980	-0.088
6952.162	-0.088
6952.318	-0.088
6952.475	-0.088
6952.657	-0.088
6952.813	-0.088
6952.995	-0.088
6953.152	-0.088
6953.308	-0.088
6953.490	-0.088
6953.646	-0.088
6953.828	-0.088
6953.985	-0.088
6954.142	-0.088
6954.323	-0.088
6954.480	-0.088
6954.662	-0.088
6954.818	-0.088
6954.975	-0.088
6955.157	-0.088
6955.313	-0.088
6955.495	-0.088
6955.652	-0.088
6955.808	-0.088
6955.990	-0.088
6956.146	-0.088
6956.328	-0.088
6956.485	-0.088
6956.642	-0.089
6956.823	-0.088
6956.980	-0.088
6957.162	-0.088
6957.318	-0.089
6957.475	-0.088
6957.657	-0.088
6957.813	-0.089
6957.995	-0.088
6958.152	-0.088
6958.333	-0.088
6958.490	-0.088
6958.646	-0.088
6958.828	-0.088
6958.985	-0.088
6959.142	-0.088
6959.323	-0.088
6959.480	-0.088
6959.662	-0.089
6959.818	-0.089
6960.000	-0.088
6960.157	-0.088
6960.313	-0.088
6960.495	-0.088
6960.652	-0.088
6960.808	-0.089
6960.990	-0.088
6961.146	-0.088
6961.328	-0.089
6961.485	-0.088
6961.667	-0.088
6961.823	-0.088
6961.980	-0.088
6962.162	-0.088
6962.318	-0.088
6962.475	-0.088
6962.657	-0.089
6962.813	-0.088
6962.995	-0.090
6963.152	-0.088
6963.333	-0.089
6963.490	-0.088
6963.646	-0.088
6963.828	-0.089
6963.985	-0.088
6964.142	-0.088
6964.323	-0.089
6964.480	-0.088
6964.662	-0.088
6964.818	-0.088
6964.975	-0.089
6965.157	-0.088
6965.313	-0.088
6965.495	-0.089
6965.652	-0.088
6965.808	-0.088
6965.990	-0.089
6966.146	-0.088
6966.328	-0.088
6966.485	-0.088
6966.642	-0.088
6966.823	-0.088
6966.980	-0.088
6967.162	-0.088
6967.318	-0.088
6967.475	-0.088
6967.657	-0.088
6967.813	-0.088
6967.995	-0.089
6968.152	-0.088
6968.308	-0.088
6968.490	-0.089
6968.646	-0.088
6968.828	-0.088
6968.985	-0.088
6969.142	-0.088
6969.323	-0.088
6969.480	-0.088
6969.662	-0.088
6969.818	-0.088
6969.975	-0.088
6970.157	-0.089
6970.313	-0.088
6970.495	-0.089
6970.652	-0.089
6970.808	-0.089
6970.990	-0.088
6971.146	-0.088
6971.328	-0.090
6971.485	-0.088
6971.642	-0.088
6971.823	-0.088
6971.980	-0.088
6972.162	-0.088
6972.318	-0.088
6972.475	-0.088
6972.657	-0.089
6972.813	-0.088
6972.995	-0.088
6973.152	-0.088
6973.308	-0.088
6973.490	-0.088
6973.646	-0.088
6973.828	-0.089
6973.985	-0.088
6974.142	-0.088
6974.323	-0.088
6974.480	-0.088
6974.662	-0.088
6974.818	-0.088
6974.975	-0.088
6975.157	-0.088
6975.313	-0.088
6975.495	-0.088
6975.652	-0.088
6975.808	-0.088
6975.990	-0.090
6976.146	-0.088
6976.328	-0.089
6976.485	-0.089
6976.642	-0.088
6976.823	-0.089
6976.980	-0.088
6977.162	-0.088
6977.318	-0.088
6977.475	-0.090
6977.657	-0.088
6977.813	-0.088
6977.995	-0.088
6978.152	-0.088
6978.308	-0.088
6978.490	-0.088
6978.646	-0.088
6978.828	-0.089
6978.985	-0.088
6979.142	-0.088
6979.323	-0.088
6979.480	-0.088
6979.662	-0.088
6979.818	-0.089
6979.975	-0.088
6980.157	-0.088
6980.313	-0.088
6980.495	-0.088
6980.652	-0.089
6980.808	-0.088
6980.990	-0.089
6981.146	-0.088
6981.328	-0.088
6981.485	-0.088
6981.642	-0.089
6981.823	-0.088
6981.980	-0.088
6982.162	-0.088
6982.318	-0.090
6982.475	-0.088
6982.657	-0.088
6982.813	-0.088
6982.970	-0.088
6983.152	-0.089
6983.308	-0.088
6983.490	-0.088
6983.646	-0.088
6983.828	-0.088
6983.985	-0.088
6984.142	-0.088
6984.323	-0.088
6984.480	-0.088
6984.662	-0.088
6984.818	-0.088
6984.975	-0.088
6985.157	-0.088
6985.313	-0.088
6985.495	-0.088
6985.652	-0.088
6985.808	-0.088
6985.990	-0.089
6986.146	-0.088
6986.328	-0.088
6986.485	-0.090
6986.642	-0.088
6986.823	-0.088
6986.980	-0.088
6987.162	-0.089
6987.318	-0.088
6987.475	-0.088
6987.657	-0.088
6987.813	-0.088
6987.970	-0.088
6988.152	-0.088
6988.308	-0.088
6988.490	-0.088
6988.646	-0.088
6988.828	-0.088
6988.985	-0.088
6989.142	-0.089
6989.323	-0.088
6989.480	-0.089
6989.662	-0.088
6989.818	-0.088
6989.975	-0.089
6990.157	-0.088
6990.313	-0.089
6990.495	-0.088
6990.652	-0.088
6990.808	-0.088
6990.990	-0.088
6991.146	-0.088
6991.303	-0.088
6991.485	-0.088
6991.642	-0.089
6991.823	-0.088
6991.980	-0.088
6992.162	-0.088
6992.318	-0.088
6992.475	-0.088
6992.657	-0.088
6992.813	-0.088
6992.995	-0.088
6993.152	-0.089
6993.308	-0.088
6993.490	-0.088
6993.646	-0.088
6993.828	-0.088
6993.985	-0.088
6994.142	-0.088
6994.323	-0.088
6994.480	-0.088
6994.637	-0.088
6994.818	-0.088
6994.975	-0.088
6995.157	-0.088
6995.313	-0.088
6995.495	-0.088
6995.652	-0.088
6995.808	-0.088
6995.990	-0.088
6996.146	-0.089
6996.303	-0.088
6996.485	-0.088
6996.642	-0.088
6996.823	-0.088
6996.980	-0.089
6997.162	-0.089
6997.318	-0.088
6997.475	-0.088
6997.657	-0.088
6997.813	-0.088
6997.970	-0.088
6998.152	-0.088
6998.308	-0.089
6998.490	-0.090
6998.646	-0.088
6998.828	-0.088
6998.985	-0.088
6999.142	-0.088
6999.323	-0.088
6999.480	-0.088
6999.637	-0.088
6999.818	-0.088
6999.975	-0.089
7000.157	-0.088
