3500.000	-0.088
3500.390	-0.088
3500.572	-0.088
3500.728	-0.088
3500.885	-0.088
3501.067	-0.088
3501.223	-0.088
3501.405	-0.088
3501.562	-0.088
3501.743	-0.088
3501.900	-0.088
3502.057	-0.088
3502.238	-0.088
3502.395	-0.088
3502.577	-0.088
3502.733	-0.088
3502.890	-0.088
3503.072	-0.088
3503.228	-0.088
3503.385	-0.088
3503.567	-0.088
3503.723	-0.088
3503.905	-0.088
3504.062	-0.088
3504.218	-0.088
3504.400	-0.088
3504.557	-0.088
3504.738	-0.088
3504.895	-0.088
3505.077	-0.088
3505.233	-0.089
3505.390	-0.088
3505.572	-0.088
3505.728	-0.088
3505.885	-0.088
3506.067	-0.088
3506.223	-0.088
3506.405	-0.088
3506.562	-0.088
3506.718	-0.088
3506.900	-0.088
3507.057	-0.088
3507.238	-0.088
3507.395	-0.088
3507.577	-0.088
3507.733	-0.088
3507.890	-0.088
3508.072	-0.088
3508.228	-0.089
3508.385	-0.088
3508.567	-0.088
3508.723	-0.089
3508.905	-0.088
3509.062	-0.088
3509.218	-0.088
3509.400	-0.089
3509.557	-0.088
3509.738	-0.088
3509.895	-0.088
3510.077	-0.088
3510.233	-0.088
3510.390	-0.088
3510.572	-0.088
3510.728	-0.088
3510.885	-0.088
3511.067	-0.088
3511.223	-0.088
3511.405	-0.088
3511.562	-0.088
3511.718	-0.088
3511.900	-0.088
3512.057	-0.088
3512.238	-0.088
3512.395	-0.088
3512.552	-0.088
3512.733	-0.089
3512.890	-0.088
3513.072	-0.089
3513.228	-0.089
3513.385	-0.088
3513.567	-0.088
3513.723	-0.088
3513.905	-0.088
3514.062	-0.088
3514.218	-0.088
3514.400	-0.088
3514.557	-0.088
3514.738	-0.088
3514.895	-0.088
3515.052	-0.088
3515.233	-0.088
3515.390	-0.088
3515.572	-0.088
3515.728	-0.088
3515.885	-0.088
3516.067	-0.088
3516.223	-0.088
3516.405	-0.088
3516.562	-0.088
3516.718	-0.088
3516.900	-0.088
3517.057	-0.088
3517.238	-0.088
3517.395	-0.088
3517.552	-0.088
3517.733	-0.088
3517.890	-0.088
3518.072	-0.088
3518.228	-0.088
3518.410	-0.088
3518.593	-0.088
3518.723	-0.089
3518.905	-0.088
3519.062	-0.088
3519.218	-0.088
3519.400	-0.088
3519.557	-0.088
3519.738	-0.088
3519.895	-0.088
3520.052	-0.088
3520.233	-0.088
3520.390	-0.088
3520.572	-0.088
3520.728	-0.088
3520.885	-0.088
3521.067	-0.088
3521.223	-0.088
3521.405	-0.088
3521.562	-0.088
3521.718	-0.088
3521.900	-0.088
3522.057	-0.088
3522.238	-0.088
3522.395	-0.088
3522.577	-0.088
3522.733	-0.088
3522.890	-0.088
3523.072	-0.088
3523.228	-0.088
3523.385	-0.088
3523.567	-0.088
3523.723	-0.088
3523.905	-0.088
3524.062	-0.088
3524.218	-0.088
3524.400	-0.088
3524.557	-0.088
3524.738	-0.089
3524.895	-0.088
3525.052	-0.088
3525.233	-0.089
3525.390	-0.088
3525.572	-0.088
3525.728	-0.088
3525.885	-0.088
3526.067	-0.088
3526.223	-0.088
3526.405	-0.088
3526.562	-0.088
3526.718	-0.088
3526.900	-0.088
3527.057	-0.088
3527.238	-0.088
3527.395	-0.088
3527.552	-0.088
3527.733	-0.088
3527.890	-0.088
3528.072	-0.088
3528.228	-0.088
3528.385	-0.088
3528.567	-0.088
3528.723	-0.088
3528.905	-0.088
3529.062	-0.088
3529.218	-0.088
3529.400	-0.088
3529.557	-0.088
3529.738	-0.088
3529.895	-0.088
3530.052	-0.088
3530.233	-0.088
3530.390	-0.088
3530.572	-0.088
3530.728	-0.088
3530.885	-0.088
3531.067	-0.088
3531.223	-0.088
3531.405	-0.088
3531.562	-0.088
3531.718	-0.088
3531.900	-0.088
3532.057	-0.088
3532.238	-0.088
3532.395	-0.089
3532.552	-0.088
3532.733	-0.088
3532.890	-0.088
3533.072	-0.088
3533.228	-0.088
3533.385	-0.088
3533.567	-0.088
3533.723	-0.088
3533.905	-0.088
3534.062	-0.088
3534.218	-0.088
3534.400	-0.088
3534.557	-0.088
3534.738	-0.088
3534.895	-0.088
3535.052	-0.088
3535.233	-0.089
3535.390	-0.088
3535.572	-0.088
3535.728	-0.088
3535.885	-0.088
3536.067	-0.088
3536.223	-0.088
3536.405	-0.088
3536.562	-0.088
3536.718	-0.088
3536.900	-0.088
3537.057	-0.088
3537.238	-0.088
3537.395	-0.088
3537.552	-0.088
3537.733	-0.088
3537.890	-0.088
3538.072	-0.088
3538.228	-0.088
3538.385	-0.088
3538.567	-0.088
3538.723	-0.088
3538.905	-0.088
3539.062	-0.088
3539.218	-0.088
3539.400	-0.088
3539.557	-0.088
3539.738	-0.088
3539.895	-0.088
3540.052	-0.088
3540.233	-0.088
3540.390	-0.088
3540.572	-0.088
3540.728	-0.088
3540.885	-0.088
3541.067	-0.088
3541.223	-0.088
3541.405	-0.088
3541.562	-0.088
3541.718	-0.088
3541.900	-0.088
3542.057	-0.088
3542.238	-0.088
3542.395	-0.088
3542.552	-0.088
3542.733	-0.088
3542.890	-0.088
3543.072	-0.088
3543.228	-0.088
3543.385	-0.088
3543.567	-0.088
3543.723	-0.088
3543.905	-0.088
3544.062	-0.088
3544.218	-0.088
3544.400	-0.088
3544.557	-0.088
3544.738	-0.088
3544.895	-0.088
3545.052	-0.088
3545.233	-0.088
3545.390	-0.088
3545.572	-0.088
3545.728	-0.088
3545.885	-0.088
3546.067	-0.088
3546.223	-0.088
3546.405	-0.089
3546.562	-0.088
3546.718	-0.088
3546.900	-0.088
3547.057	-0.088
3547.238	-0.088
3547.395	-0.088
3547.552	-0.088
3547.733	-0.088
3547.890	-0.088
3548.072	-0.088
3548.228	-0.088
3548.385	-0.088
3548.567	-0.088
3548.723	-0.088
3548.905	-0.088
3549.062	-0.088
3549.218	-0.088
3549.400	-0.088
3549.557	-0.088
3549.738	-0.088
3549.895	-0.088
3550.052	-0.088
3550.233	-0.088
3550.390	-0.088
3550.572	-0.088
3550.728	-0.088
3550.885	-0.088
3551.067	-0.088
3551.223	-0.088
3551.405	-0.088
3551.562	-0.088
3551.718	-0.088
3551.900	-0.088
3552.057	-0.088
3552.238	-0.088
3552.395	-0.088
3552.552	-0.088
3552.733	-0.088
3552.890	-0.088
3553.072	-0.088
3553.228	-0.088
3553.385	-0.088
3553.567	-0.088
3553.723	-0.088
3553.905	-0.088
3554.062	-0.088
3554.218	-0.088
3554.400	-0.088
3554.557	-0.088
3554.738	-0.088
3554.895	-0.088
3555.052	-0.088
3555.233	-0.088
3555.390	-0.088
3555.572	-0.088
3555.728	-0.088
3555.885	-0.088
3556.067	-0.088
3556.223	-0.088
3556.405	-0.088
3556.562	-0.088
3556.718	-0.088
3556.900	-0.088
3557.057	-0.088
3557.238	-0.088
3557.395	-0.088
3557.552	-0.088
3557.733	-0.088
3557.890	-0.088
3558.072	-0.088
3558.228	-0.088
3558.385	-0.088
3558.567	-0.088
3558.723	-0.088
3558.880	-0.088
3559.062	-0.088
3559.218	-0.088
3559.400	-0.088
3559.557	-0.088
3559.713	-0.088
3559.895	-0.088
3560.052	-0.088
3560.233	-0.088
3560.390	-0.088
3560.572	-0.088
3560.728	-0.088
3560.885	-0.088
3561.067	-0.088
3561.223	-0.088
3561.405	-0.088
3561.562	-0.088
3561.718	-0.088
3561.900	-0.088
3562.057	-0.088
3562.238	-0.088
3562.395	-0.088
3562.552	-0.088
3562.733	-0.088
3562.890	-0.088
3563.072	-0.088
3563.228	-0.088
3563.385	-0.088
3563.567	-0.088
3563.723	-0.088
3563.905	-0.088
3564.062	-0.088
3564.218	-0.088
3564.400	-0.089
3564.557	-0.088
3564.738	-0.088
3564.895	-0.088
3565.052	-0.088
3565.233	-0.088
3565.390	-0.088
3565.572	-0.088
3565.728	-0.088
3565.885	-0.088
3566.067	-0.088
3566.223	-0.088
3566.405	-0.088
3566.562	-0.088
3566.718	-0.088
3566.900	-0.088
3567.057	-0.088
3567.238	-0.088
3567.395	-0.088
3567.552	-0.088
3567.733	-0.088
3567.890	-0.088
3568.072	-0.088
3568.228	-0.088
3568.385	-0.088
3568.567	-0.088
3568.723	-0.088
3568.905	-0.088
3569.062	-0.088
3569.218	-0.088
3569.400	-0.088
3569.557	-0.088
3569.738	-0.088
3569.895	-0.088
3570.052	-0.088
3570.233	-0.088
3570.390	-0.088
3570.572	-0.088
3570.728	-0.088
3570.885	-0.088
3571.067	-0.088
3571.223	-0.088
3571.405	-0.088
3571.562	-0.088
3571.718	-0.088
3571.900	-0.088
3572.057	-0.088
3572.238	-0.088
3572.395	-0.088
3572.552	-0.088
3572.733	-0.088
3572.890	-0.088
3573.072	-0.088
3573.228	-0.088
3573.385	-0.088
3573.567	-0.088
3573.723	-0.088
3573.905	-0.088
3574.062	-0.088
3574.218	-0.089
3574.400	-0.088
3574.557	-0.088
3574.738	-0.088
3574.895	-0.088
3575.052	-0.088
3575.233	-0.088
3575.390	-0.088
3575.572	-0.088
3575.728	-0.088
3575.885	-0.088
3576.067	-0.088
3576.223	-0.088
3576.405	-0.088
3576.562	-0.088
3576.718	-0.088
3576.900	-0.088
3577.057	-0.088
3577.238	-0.088
3577.395	-0.088
3577.552	-0.088
3577.733	-0.088
3577.890	-0.088
3578.072	-0.088
3578.228	-0.088
3578.385	-0.088
3578.567	-0.088
3578.723	-0.088
3578.905	-0.088
3579.062	-0.088
3579.218	-0.088
3579.400	-0.088
3579.557	-0.088
3579.738	-0.088
3579.895	-0.088
3580.052	-0.088
3580.233	-0.088
3580.390	-0.088
3580.572	-0.088
3580.728	-0.088
3580.885	-0.088
3581.067	-0.088
3581.223	-0.088
3581.405	-0.088
3581.562	-0.088
3581.718	-0.088
3581.900	-0.088
3582.057	-0.088
3582.238	-0.088
3582.395	-0.088
3582.552	-0.088
3582.733	-0.088
3582.890	-0.088
3583.072	-0.088
3583.228	-0.088
3583.385	-0.088
3583.567	-0.088
3583.723	-0.088
3583.905	-0.088
3584.062	-0.088
3584.218	-0.088
3584.400	-0.088
3584.557	-0.088
3584.738	-0.088
3584.895	-0.088
3585.052	-0.088
3585.233	-0.088
3585.390	-0.088
3585.547	-0.088
3585.728	-0.088
3585.885	-0.088
3586.067	-0.088
3586.223	-0.088
3586.405	-0.088
3586.562	-0.088
3586.718	-0.088
3586.900	-0.088
3587.057	-0.088
3587.238	-0.088
3587.395	-0.088
3587.552	-0.088
3587.733	-0.088
3587.890	-0.089
3588.072	-0.088
3588.228	-0.088
3588.385	-0.088
3588.567	-0.088
3588.723	-0.088
3588.905	-0.088
3589.062	-0.088
3589.218	-0.088
3589.400	-0.088
3589.557	-0.088
3589.738	-0.088
3589.895	-0.088
3590.052	-0.088
3590.233	-0.088
3590.390	-0.088
3590.572	-0.088
3590.728	-0.088
3590.885	-0.088
3591.067	-0.088
3591.223	-0.088
3591.405	-0.089
3591.562	-0.088
3591.718	-0.088
3591.900	-0.088
3592.057	-0.088
3592.238	-0.088
3592.395	-0.088
3592.552	-0.088
3592.733	-0.088
3592.890	-0.088
3593.072	-0.088
3593.228	-0.088
3593.385	-0.088
3593.567	-0.088
3593.723	-0.088
3593.905	-0.088
3594.062	-0.088
3594.218	-0.088
3594.400	-0.088
3594.557	-0.088
3594.738	-0.088
3594.895	-0.088
3595.052	-0.088
3595.233	-0.088
3595.390	-0.088
3595.572	-0.088
3595.728	-0.088
3595.885	-0.088
3596.067	-0.088
3596.223	-0.088
3596.405	-0.088
3596.562	-0.088
3596.718	-0.088
3596.900	-0.088
3597.057	-0.088
3597.238	-0.088
3597.395	-0.088
3597.552	-0.088
3597.733	-0.088
3597.890	-0.088
3598.072	-0.088
3598.228	-0.088
3598.385	-0.088
3598.567	-0.088
3598.723	-0.088
3598.905	-0.088
3599.062	-0.088
3599.218	-0.088
3599.400	-0.088
3599.557	-0.088
3599.738	-0.088
3599.895	-0.088
3600.052	-0.088
3600.233	-0.088
3600.390	-0.088
3600.572	-0.088
3600.728	-0.088
3600.885	-0.088
3601.067	-0.088
3601.223	-0.088
3601.405	-0.088
3601.562	-0.088
3601.718	-0.088
3601.900	-0.088
3602.057	-0.088
3602.238	-0.088
3602.395	-0.088
3602.552	-0.088
3602.733	-0.088
3602.890	-0.088
3603.072	-0.088
3603.228	-0.088
3603.385	-0.088
3603.567	-0.088
3603.723	-0.088
3603.905	-0.088
3604.062	-0.088
3604.218	-0.088
3604.400	-0.088
3604.557	-0.088
3604.738	-0.088
3604.895	-0.088
3605.052	-0.088
3605.233	-0.088
3605.390	-0.088
3605.572	-0.088
3605.728	-0.088
3605.885	-0.088
3606.067	-0.088
3606.223	-0.088
3606.405	-0.088
3606.562	-0.088
3606.718	-0.088
3606.900	-0.088
3607.057	-0.088
3607.238	-0.088
3607.395	-0.088
3607.552	-0.088
3607.733	-0.088
3607.890	-0.088
3608.072	-0.088
3608.228	-0.088
3608.385	-0.088
3608.567	-0.088
3608.723	-0.088
3608.905	-0.088
3609.062	-0.088
3609.218	-0.088
3609.400	-0.088
3609.557	-0.088
3609.738	-0.088
3609.895	-0.088
3610.052	-0.088
3610.233	-0.088
3610.390	-0.088
3610.572	-0.088
3610.728	-0.088
3610.885	-0.088
3611.067	-0.088
3611.223	-0.088
3611.405	-0.088
3611.562	-0.088
3611.718	-0.088
3611.900	-0.088
3612.057	-0.088
3612.238	-0.088
3612.395	-0.088
3612.552	-0.088
3612.733	-0.088
3612.890	-0.088
3613.072	-0.088
3613.228	-0.088
3613.385	-0.088
3613.567	-0.088
3613.723	-0.088
3613.905	-0.088
3614.062	-0.088
3614.218	-0.088
3614.400	-0.088
3614.557	-0.088
3614.738	-0.088
3614.895	-0.088
3615.052	-0.088
3615.233	-0.088
3615.390	-0.088
3615.572	-0.088
3615.728	-0.088
3615.885	-0.088
3616.067	-0.088
3616.223	-0.088
3616.405	-0.088
3616.562	-0.088
3616.718	-0.088
3616.900	-0.088
3617.057	-0.088
3617.238	-0.088
3617.395	-0.088
3617.552	-0.088
3617.733	-0.088
3617.890	-0.088
3618.072	-0.088
3618.228	-0.088
3618.385	-0.088
3618.567	-0.088
3618.723	-0.088
3618.905	-0.088
3619.062	-0.088
3619.218	-0.088
3619.400	-0.088
3619.557	-0.088
3619.738	-0.088
3619.895	-0.088
3620.052	-0.088
3620.233	-0.088
3620.390	-0.088
3620.572	-0.088
3620.728	-0.088
3620.885	-0.088
3621.067	-0.088
3621.223	-0.088
3621.380	-0.088
3621.562	-0.088
3621.718	-0.088
3621.900	-0.088
3622.057	-0.088
3622.213	-0.088
3622.395	-0.088
3622.552	-0.089
3622.733	-0.088
3622.890	-0.088
3623.047	-0.088
3623.228	-0.088
3623.385	-0.088
3623.567	-0.088
3623.723	-0.088
3623.880	-0.088
3624.062	-0.088
3624.218	-0.088
3624.400	-0.088
3624.557	-0.088
3624.713	-0.088
3624.895	-0.088
3625.052	-0.088
3625.233	-0.088
3625.390	-0.088
3625.547	-0.088
3625.728	-0.088
3625.885	-0.088
3626.067	-0.088
3626.223	-0.088
3626.380	-0.088
3626.562	-0.088
3626.718	-0.088
3626.900	-0.088
3627.057	-0.088
3627.213	-0.088
3627.395	-0.088
3627.552	-0.088
3627.733	-0.088
3627.890	-0.088
3628.047	-0.088
3628.228	-0.088
3628.385	-0.088
3628.567	-0.088
3628.723	-0.088
3628.880	-0.088
3629.062	-0.088
3629.218	-0.088
3629.400	-0.088
3629.557	-0.088
3629.713	-0.088
3629.895	-0.088
3630.052	-0.088
3630.233	-0.088
3630.390	-0.088
3630.547	-0.088
3630.728	-0.088
3630.885	-0.088
3631.067	-0.088
3631.223	-0.088
3631.380	-0.088
3631.562	-0.088
3631.718	-0.088
3631.900	-0.088
3632.057	-0.088
3632.213	-0.088
3632.395	-0.088
3632.552	-0.088
3632.733	-0.088
3632.890	-0.088
3633.047	-0.088
3633.228	-0.088
3633.385	-0.088
3633.567	-0.088
3633.723	-0.088
3633.880	-0.088
3634.062	-0.088
3634.218	-0.088
3634.400	-0.088
3634.557	-0.088
3634.713	-0.088
3634.895	-0.088
3635.052	-0.088
3635.233	-0.088
3635.390	-0.088
3635.547	-0.088
3635.728	-0.088
3635.885	-0.088
3636.067	-0.088
3636.223	-0.088
3636.380	-0.088
3636.562	-0.088
3636.718	-0.088
3636.900	-0.088
3637.057	-0.088
3637.213	-0.088
3637.395	-0.088
3637.552	-0.088
3637.733	-0.088
3637.890	-0.088
3638.047	-0.088
3638.228	-0.088
3638.385	-0.088
3638.567	-0.088
3638.723	-0.088
3638.880	-0.088
3639.062	-0.088
3639.218	-0.088
3639.400	-0.088
3639.557	-0.088
3639.713	-0.088
3639.895	-0.088
3640.052	-0.088
3640.233	-0.088
3640.390	-0.088
3640.572	-0.088
3640.728	-0.088
3640.885	-0.088
3641.067	-0.088
3641.223	-0.088
3641.380	-0.088
3641.562	-0.088
3641.718	-0.088
3641.900	-0.088
3642.057	-0.088
3642.213	-0.088
3642.395	-0.088
3642.552	-0.088
3642.733	-0.088
3642.890	-0.088
3643.047	-0.088
3643.228	-0.088
3643.385	-0.088
3643.567	-0.088
3643.723	-0.088
3643.880	-0.088
3644.062	-0.088
3644.218	-0.088
3644.400	-0.088
3644.557	-0.088
3644.713	-0.088
3644.895	-0.088
3645.052	-0.088
3645.233	-0.088
3645.390	-0.088
3645.547	-0.088
3645.728	-0.088
3645.885	-0.088
3646.067	-0.088
3646.223	-0.088
3646.380	-0.088
3646.562	-0.088
3646.718	-0.088
3646.900	-0.088
3647.057	-0.088
3647.213	-0.088
3647.395	-0.088
3647.552	-0.088
3647.733	-0.088
3647.890	-0.088
3648.047	-0.088
3648.228	-0.088
3648.385	-0.088
3648.567	-0.088
3648.723	-0.088
3648.880	-0.088
3649.062	-0.088
3649.218	-0.088
3649.400	-0.088
3649.557	-0.088
3649.713	-0.088
3649.895	-0.088
3650.052	-0.088
3650.233	-0.088
3650.390	-0.088
3650.547	-0.088
3650.728	-0.088
3650.885	-0.088
3651.067	-0.088
3651.223	-0.088
3651.380	-0.088
3651.562	-0.088
3651.718	-0.088
3651.900	-0.088
3652.057	-0.088
3652.213	-0.088
3652.395	-0.088
3652.552	-0.088
3652.733	-0.088
3652.890	-0.088
3653.047	-0.088
3653.228	-0.088
3653.385	-0.088
3653.567	-0.088
3653.723	-0.088
3653.880	-0.088
3654.062	-0.088
3654.218	-0.088
3654.400	-0.088
3654.557	-0.088
3654.713	-0.088
3654.895	-0.088
3655.052	-0.088
3655.233	-0.088
3655.390	-0.088
3655.547	-0.088
3655.728	-0.088
3655.885	-0.088
3656.067	-0.088
3656.223	-0.088
3656.380	-0.088
3656.562	-0.088
3656.718	-0.088
3656.900	-0.088
3657.057	-0.088
3657.213	-0.088
3657.395	-0.088
3657.552	-0.088
3657.733	-0.088
3657.890	-0.088
3658.047	-0.088
3658.228	-0.088
3658.385	-0.088
3658.567	-0.088
3658.723	-0.088
3658.880	-0.088
3659.062	-0.088
3659.218	-0.088
3659.400	-0.088
3659.557	-0.088
3659.713	-0.088
3659.895	-0.088
3660.052	-0.088
3660.233	-0.088
3660.390	-0.088
3660.547	-0.088
3660.728	-0.088
3660.885	-0.088
3661.067	-0.088
3661.223	-0.088
3661.380	-0.088
3661.562	-0.088
3661.718	-0.088
3661.900	-0.088
3662.057	-0.088
3662.213	-0.088
3662.395	-0.088
3662.552	-0.088
3662.733	-0.088
3662.890	-0.088
3663.047	-0.088
3663.228	-0.088
3663.385	-0.088
3663.567	-0.088
3663.723	-0.088
3663.880	-0.088
3664.062	-0.088
3664.218	-0.088
3664.400	-0.088
3664.557	-0.088
3664.713	-0.088
3664.895	-0.088
3665.052	-0.088
3665.233	-0.088
3665.390	-0.088
3665.547	-0.088
3665.728	-0.088
3665.885	-0.088
3666.067	-0.088
3666.223	-0.088
3666.380	-0.088
3666.562	-0.088
3666.718	-0.088
3666.900	-0.088
3667.057	-0.088
3667.213	-0.088
3667.395	-0.088
3667.552	-0.088
3667.733	-0.088
3667.890	-0.088
3668.047	-0.088
3668.228	-0.088
3668.385	-0.088
3668.567	-0.088
3668.723	-0.088
3668.880	-0.088
3669.062	-0.088
3669.218	-0.088
3669.400	-0.088
3669.557	-0.088
3669.713	-0.088
3669.895	-0.088
3670.052	-0.088
3670.233	-0.088
3670.390	-0.088
3670.547	-0.088
3670.728	-0.088
3670.885	-0.088
3671.067	-0.088
3671.223	-0.088
3671.380	-0.088
3671.562	-0.088
3671.718	-0.088
3671.900	-0.088
3672.057	-0.088
3672.213	-0.088
3672.395	-0.088
3672.552	-0.088
3672.733	-0.088
3672.890	-0.088
3673.047	-0.088
3673.228	-0.088
3673.385	-0.088
3673.567	-0.088
3673.723	-0.088
3673.880	-0.088
3674.062	-0.088
3674.218	-0.088
3674.400	-0.088
3674.557	-0.088
3674.713	-0.088
3674.895	-0.088
3675.052	-0.088
3675.233	-0.088
3675.390	-0.088
3675.547	-0.088
3675.728	-0.088
3675.885	-0.088
3676.067	-0.088
3676.223	-0.088
3676.380	-0.088
3676.562	-0.088
3676.718	-0.088
3676.900	-0.088
3677.057	-0.088
3677.213	-0.088
3677.395	-0.088
3677.552	-0.088
3677.733	-0.088
3677.890	-0.088
3678.047	-0.088
3678.228	-0.088
3678.385	-0.088
3678.567	-0.088
3678.723	-0.088
3678.880	-0.088
3679.062	-0.088
3679.218	-0.088
3679.400	-0.088
3679.557	-0.088
3679.713	-0.088
3679.895	-0.088
3680.052	-0.088
3680.233	-0.088
3680.390	-0.088
3680.547	-0.088
3680.728	-0.088
3680.885	-0.088
3681.067	-0.088
3681.223	-0.088
3681.380	-0.088
3681.562	-0.088
3681.718	-0.088
3681.900	-0.088
3682.057	-0.088
3682.213	-0.088
3682.395	-0.088
3682.552	-0.088
3682.733	-0.088
3682.890	-0.088
3683.047	-0.088
3683.228	-0.088
3683.385	-0.088
3683.567	-0.088
3683.723	-0.088
3683.880	-0.088
3684.062	-0.088
3684.218	-0.088
3684.400	-0.088
3684.557	-0.088
3684.713	-0.088
3684.895	-0.088
3685.052	-0.088
3685.233	-0.088
3685.390	-0.088
3685.547	-0.088
3685.728	-0.088
3685.885	-0.088
3686.067	-0.088
3686.223	-0.088
3686.380	-0.088
3686.562	-0.088
3686.718	-0.088
3686.900	-0.088
3687.057	-0.088
3687.213	-0.088
3687.395	-0.088
3687.552	-0.088
3687.733	-0.088
3687.890	-0.088
3688.047	-0.088
3688.228	-0.088
3688.385	-0.088
3688.567	-0.088
3688.723	-0.088
3688.880	-0.088
3689.062	-0.088
3689.218	-0.088
3689.400	-0.088
3689.557	-0.088
3689.713	-0.088
3689.895	-0.088
3690.052	-0.088
3690.233	-0.088
3690.390	-0.088
3690.547	-0.088
3690.728	-0.088
3690.885	-0.088
3691.067	-0.088
3691.223	-0.088
3691.380	-0.088
3691.562	-0.088
3691.718	-0.088
3691.900	-0.088
3692.057	-0.088
3692.213	-0.088
3692.395	-0.088
3692.552	-0.088
3692.733	-0.088
3692.890	-0.088
3693.047	-0.088
3693.228	-0.088
3693.385	-0.088
3693.567	-0.088
3693.723	-0.088
3693.880	-0.088
3694.062	-0.088
3694.218	-0.088
3694.400	-0.088
3694.557	-0.088
3694.713	-0.088
3694.895	-0.088
3695.052	-0.088
3695.233	-0.088
3695.390	-0.088
3695.547	-0.088
3695.728	-0.088
3695.885	-0.088
3696.067	-0.088
3696.223	-0.088
3696.380	-0.088
3696.562	-0.088
3696.718	-0.088
3696.900	-0.088
3697.057	-0.088
3697.213	-0.088
3697.395	-0.088
3697.552	-0.088
3697.733	-0.088
3697.890	-0.088
3698.047	-0.088
3698.228	-0.088
3698.385	-0.088
3698.567	-0.088
3698.723	-0.088
3698.880	-0.088
3699.062	-0.088
3699.218	-0.088
3699.400	-0.088
3699.557	-0.088
3699.713	-0.088
3699.895	-0.088
3700.052	-0.088
3700.233	-0.088
3700.390	-0.088
3700.547	-0.088
3700.728	-0.088
3700.885	-0.088
3701.067	-0.088
3701.223	-0.088
3701.380	-0.088
3701.562	-0.088
3701.718	-0.088
3701.900	-0.088
3702.057	-0.088
3702.213	-0.088
3702.395	-0.088
3702.552	-0.088
3702.733	-0.088
3702.890	-0.088
3703.047	-0.088
3703.228	-0.088
3703.385	-0.088
3703.567	-0.088
3703.723	-0.088
3703.880	-0.088
3704.062	-0.088
3704.218	-0.088
3704.400	-0.088
3704.557	-0.088
3704.713	-0.088
3704.895	-0.088
3705.052	-0.088
3705.233	-0.088
3705.390	-0.088
3705.547	-0.088
3705.728	-0.088
3705.885	-0.088
3706.067	-0.088
3706.223	-0.088
3706.380	-0.088
3706.562	-0.088
3706.718	-0.088
3706.900	-0.088
3707.057	-0.088
3707.213	-0.088
3707.395	-0.088
3707.552	-0.088
3707.733	-0.088
3707.890	-0.088
3708.047	-0.088
3708.228	-0.088
3708.385	-0.088
3708.567	-0.088
3708.723	-0.088
3708.880	-0.088
3709.062	-0.088
3709.218	-0.088
3709.400	-0.088
3709.557	-0.088
3709.713	-0.088
3709.895	-0.088
3710.052	-0.088
3710.233	-0.088
3710.390	-0.088
3710.547	-0.088
3710.728	-0.088
3710.885	-0.088
3711.067	-0.088
3711.223	-0.088
3711.380	-0.088
3711.562	-0.088
3711.718	-0.088
3711.900	-0.088
3712.057	-0.088
3712.213	-0.088
3712.395	-0.088
3712.552	-0.088
3712.708	-0.088
3712.890	-0.088
3713.047	-0.088
3713.228	-0.088
3713.385	-0.088
3713.542	-0.088
3713.723	-0.088
3713.880	-0.088
3714.062	-0.088
3714.218	-0.088
3714.375	-0.088
3714.557	-0.088
3714.713	-0.088
3714.895	-0.088
3715.052	-0.088
3715.208	-0.088
3715.390	-0.088
3715.547	-0.088
3715.728	-0.088
3715.885	-0.088
3716.042	-0.088
3716.223	-0.088
3716.380	-0.088
3716.562	-0.088
3716.718	-0.088
3716.875	-0.088
3717.057	-0.088
3717.213	-0.088
3717.395	-0.088
3717.552	-0.088
3717.708	-0.088
3717.890	-0.088
3718.047	-0.088
3718.228	-0.088
3718.385	-0.088
3718.542	-0.088
3718.723	-0.088
3718.880	-0.088
3719.062	-0.088
3719.218	-0.088
3719.375	-0.088
3719.557	-0.088
3719.713	-0.088
3719.895	-0.088
3720.052	-0.088
3720.208	-0.088
3720.390	-0.088
3720.547	-0.088
3720.728	-0.088
3720.885	-0.088
3721.042	-0.088
3721.223	-0.088
3721.380	-0.088
3721.562	-0.088
3721.718	-0.088
3721.875	-0.088
3722.057	-0.088
3722.213	-0.088
3722.395	-0.088
3722.552	-0.088
3722.708	-0.088
3722.890	-0.088
3723.047	-0.088
3723.228	-0.088
3723.385	-0.088
3723.542	-0.088
3723.723	-0.088
3723.880	-0.088
3724.062	-0.088
3724.218	-0.088
3724.375	-0.088
3724.557	-0.088
3724.713	-0.088
3724.895	-0.088
3725.052	-0.088
3725.208	-0.088
3725.390	-0.088
3725.547	-0.088
3725.728	-0.088
3725.885	-0.088
3726.042	-0.088
3726.223	-0.088
3726.380	-0.088
3726.562	-0.088
3726.718	-0.088
3726.875	-0.088
3727.057	-0.088
3727.213	-0.088
3727.395	-0.088
3727.552	-0.088
3727.708	-0.088
3727.890	-0.088
3728.047	-0.088
3728.228	-0.088
3728.385	-0.088
3728.542	-0.088
3728.723	-0.088
3728.880	-0.088
3729.062	-0.088
3729.218	-0.088
3729.375	-0.088
3729.557	-0.088
3729.713	-0.088
3729.895	-0.088
3730.052	-0.088
3730.208	-0.088
3730.390	-0.088
3730.547	-0.088
3730.728	-0.088
3730.885	-0.088
3731.042	-0.088
3731.223	-0.088
3731.380	-0.088
3731.562	-0.088
3731.718	-0.088
3731.875	-0.088
3732.057	-0.088
3732.213	-0.088
3732.395	-0.088
3732.552	-0.088
3732.708	-0.088
3732.890	-0.088
3733.047	-0.088
3733.228	-0.088
3733.385	-0.088
3733.542	-0.088
3733.723	-0.088
3733.880	-0.088
3734.062	-0.088
3734.218	-0.088
3734.375	-0.088
3734.557	-0.088
3734.713	-0.088
3734.895	-0.088
3735.052	-0.088
3735.208	-0.088
3735.390	-0.088
3735.547	-0.088
3735.728	-0.088
3735.885	-0.088
3736.042	-0.088
3736.223	-0.088
3736.380	-0.088
3736.562	-0.088
3736.718	-0.088
3736.875	-0.088
3737.057	-0.088
3737.213	-0.088
3737.395	-0.088
3737.552	-0.088
3737.708	-0.088
3737.890	-0.088
3738.047	-0.088
3738.228	-0.088
3738.385	-0.088
3738.542	-0.088
3738.723	-0.088
3738.880	-0.088
3739.062	-0.088
3739.218	-0.088
3739.375	-0.088
3739.557	-0.088
3739.713	-0.088
3739.895	-0.088
3740.052	-0.088
3740.208	-0.088
3740.390	-0.088
3740.547	-0.088
3740.728	-0.088
3740.885	-0.088
3741.042	-0.088
3741.223	-0.088
3741.380	-0.088
3741.562	-0.088
3741.718	-0.088
3741.875	-0.088
3742.057	-0.088
3742.213	-0.088
3742.395	-0.088
3742.552	-0.088
3742.708	-0.088
3742.890	-0.088
3743.047	-0.088
3743.228	-0.088
3743.385	-0.088
3743.542	-0.088
3743.723	-0.088
3743.880	-0.088
3744.062	-0.088
3744.218	-0.088
3744.375	-0.088
3744.557	-0.088
3744.713	-0.088
3744.895	-0.088
3745.052	-0.088
3745.208	-0.088
3745.390	-0.088
3745.547	-0.088
3745.728	-0.088
3745.885	-0.088
3746.042	-0.088
3746.223	-0.088
3746.380	-0.088
3746.562	-0.088
3746.718	-0.088
3746.875	-0.088
3747.057	-0.088
3747.213	-0.088
3747.395	-0.088
3747.552	-0.088
3747.708	-0.088
3747.890	-0.088
3748.047	-0.088
3748.228	-0.088
3748.385	-0.088
3748.542	-0.088
3748.723	-0.088
3748.880	-0.088
3749.062	-0.088
3749.218	-0.088
3749.375	-0.088
3749.557	-0.088
3749.713	-0.088
3749.895	-0.088
3750.052	-0.088
3750.208	-0.088
3750.390	-0.088
3750.547	-0.088
3750.728	-0.088
3750.885	-0.088
3751.042	-0.088
3751.223	-0.088
3751.380	-0.088
3751.562	-0.088
3751.718	-0.088
3751.875	-0.088
3752.057	-0.088
3752.213	-0.088
3752.395	-0.088
3752.552	-0.088
3752.708	-0.088
3752.890	-0.088
3753.047	-0.088
3753.228	-0.088
3753.385	-0.088
3753.542	-0.088
3753.723	-0.088
3753.880	-0.088
3754.062	-0.088
3754.218	-0.088
3754.375	-0.088
3754.557	-0.088
3754.713	-0.088
3754.895	-0.088
3755.052	-0.088
3755.208	-0.088
3755.390	-0.088
3755.547	-0.088
3755.728	-0.088
3755.885	-0.088
3756.042	-0.088
3756.223	-0.088
3756.380	-0.088
3756.562	-0.088
3756.718	-0.088
3756.875	-0.088
3757.057	-0.088
3757.213	-0.088
3757.395	-0.088
3757.552	-0.088
3757.708	-0.088
3757.890	-0.088
3758.047	-0.088
3758.228	-0.088
3758.385	-0.088
3758.542	-0.088
3758.723	-0.088
3758.880	-0.088
3759.062	-0.088
3759.218	-0.088
3759.375	-0.088
3759.557	-0.088
3759.713	-0.088
3759.895	-0.088
3760.052	-0.088
3760.208	-0.088
3760.390	-0.088
3760.547	-0.088
3760.728	-0.088
3760.885	-0.088
3761.042	-0.088
3761.223	-0.088
3761.380	-0.088
3761.562	-0.088
3761.718	-0.088
3761.875	-0.088
3762.057	-0.088
3762.213	-0.088
3762.395	-0.088
3762.552	-0.088
3762.708	-0.088
3762.890	-0.088
3763.047	-0.088
3763.228	-0.088
3763.385	-0.088
3763.542	-0.088
3763.723	-0.088
3763.880	-0.088
3764.062	-0.088
3764.218	-0.088
3764.375	-0.088
3764.557	-0.088
3764.713	-0.088
3764.895	-0.088
3765.052	-0.088
3765.208	-0.088
3765.390	-0.088
3765.547	-0.088
3765.728	-0.088
3765.885	-0.088
3766.042	-0.088
3766.223	-0.088
3766.380	-0.088
3766.562	-0.088
3766.718	-0.088
3766.875	-0.088
3767.057	-0.088
3767.213	-0.088
3767.395	-0.088
3767.552	-0.088
3767.708	-0.088
3767.890	-0.088
3768.047	-0.088
3768.228	-0.088
3768.385	-0.088
3768.542	-0.088
3768.723	-0.088
3768.880	-0.088
3769.062	-0.088
3769.218	-0.088
3769.375	-0.088
3769.557	-0.088
3769.713	-0.088
3769.895	-0.088
3770.052	-0.088
3770.208	-0.088
3770.390	-0.088
3770.547	-0.088
3770.728	-0.088
3770.885	-0.088
3771.042	-0.088
3771.223	-0.088
3771.380	-0.088
3771.562	-0.088
3771.718	-0.088
3771.875	-0.088
3772.057	-0.088
3772.213	-0.088
3772.395	-0.088
3772.552	-0.088
3772.708	-0.088
3772.890	-0.088
3773.047	-0.088
3773.228	-0.088
3773.385	-0.088
3773.542	-0.088
3773.723	-0.088
3773.880	-0.088
3774.062	-0.088
3774.218	-0.088
3774.375	-0.088
3774.557	-0.088
3774.713	-0.088
3774.895	-0.088
3775.052	-0.088
3775.208	-0.088
3775.390	-0.088
3775.547	-0.088
3775.728	-0.088
3775.885	-0.088
3776.042	-0.088
3776.223	-0.088
3776.380	-0.088
3776.562	-0.088
3776.718	-0.088
3776.875	-0.088
3777.057	-0.088
3777.213	-0.088
3777.395	-0.088
3777.552	-0.088
3777.708	-0.088
3777.890	-0.088
3778.047	-0.088
3778.228	-0.088
3778.385	-0.088
3778.542	-0.088
3778.723	-0.088
3778.880	-0.088
3779.062	-0.088
3779.218	-0.088
3779.375	-0.088
3779.557	-0.088
3779.713	-0.088
3779.895	-0.088
3780.052	-0.088
3780.208	-0.088
3780.390	-0.088
3780.547	-0.088
3780.728	-0.088
3780.885	-0.088
3781.042	-0.088
3781.223	-0.088
3781.380	-0.088
3781.562	-0.088
3781.718	-0.088
3781.875	-0.088
3782.057	-0.088
3782.213	-0.088
3782.395	-0.088
3782.552	-0.088
3782.708	-0.088
3782.890	-0.088
3783.047	-0.088
3783.228	-0.088
3783.385	-0.088
3783.542	-0.088
3783.723	-0.088
3783.880	-0.088
3784.062	-0.088
3784.218	-0.088
3784.375	-0.088
3784.557	-0.088
3784.713	-0.088
3784.895	-0.088
3785.052	-0.088
3785.208	-0.088
3785.390	-0.088
3785.547	-0.088
3785.728	-0.088
3785.885	-0.088
3786.042	-0.088
3786.223	-0.088
3786.380	-0.088
3786.562	-0.088
3786.718	-0.088
3786.875	-0.088
3787.057	-0.088
3787.213	-0.088
3787.395	-0.088
3787.552	-0.088
3787.708	-0.088
3787.890	-0.088
3788.047	-0.088
3788.228	-0.088
3788.385	-0.088
3788.542	-0.088
3788.723	-0.088
3788.880	-0.088
3789.062	-0.088
3789.218	-0.088
3789.375	-0.088
3789.557	-0.088
3789.713	-0.088
3789.895	-0.088
3790.052	-0.088
3790.208	-0.088
3790.390	-0.088
3790.547	-0.088
3790.728	-0.088
3790.885	-0.088
3791.042	-0.088
3791.223	-0.088
3791.380	-0.088
3791.562	-0.088
3791.718	-0.088
3791.875	-0.088
3792.057	-0.088
3792.213	-0.088
3792.395	-0.088
3792.552	-0.088
3792.708	-0.088
3792.890	-0.088
3793.047	-0.088
3793.228	-0.088
3793.385	-0.088
3793.542	-0.088
3793.723	-0.088
3793.880	-0.088
3794.062	-0.088
3794.218	-0.088
3794.375	-0.088
3794.557	-0.088
3794.713	-0.088
3794.868	-0.088
3795.052	-0.088
3795.208	-0.088
3795.390	-0.088
3795.547	-0.088
3795.702	-0.088
3795.885	-0.088
3796.042	-0.088
3796.223	-0.088
3796.380	-0.088
3796.535	-0.088
3796.718	-0.088
3796.875	-0.088
3797.057	-0.088
3797.213	-0.088
3797.368	-0.088
3797.552	-0.088
3797.708	-0.088
3797.890	-0.088
3798.047	-0.088
3798.202	-0.088
3798.385	-0.088
3798.542	-0.088
3798.723	-0.088
3798.880	-0.088
3799.035	-0.088
3799.218	-0.088
3799.375	-0.088
3799.557	-0.088
3799.713	-0.088
3799.868	-0.088
3800.052	-0.088
3800.208	-0.088
3800.390	-0.088
3800.547	-0.088
3800.728	-0.088
3800.885	-0.088
3801.042	-0.088
3801.223	-0.088
3801.380	-0.088
3801.535	-0.088
3801.718	-0.088
3801.875	-0.088
3802.057	-0.088
3802.213	-0.088
3802.395	-0.088
3802.552	-0.088
3802.708	-0.088
3802.890	-0.088
3803.047	-0.088
3803.228	-0.088
3803.385	-0.088
3803.542	-0.088
3803.723	-0.088
3803.880	-0.088
3804.035	-0.088
3804.218	-0.088
3804.375	-0.088
3804.557	-0.088
3804.713	-0.088
3804.868	-0.088
3805.052	-0.088
3805.208	-0.088
3805.390	-0.088
3805.547	-0.088
3805.702	-0.088
3805.885	-0.088
3806.042	-0.088
3806.223	-0.088
3806.380	-0.088
3806.535	-0.088
3806.718	-0.088
3806.875	-0.088
3807.057	-0.088
3807.213	-0.088
3807.368	-0.088
3807.552	-0.088
3807.708	-0.088
3807.890	-0.088
3808.047	-0.088
3808.202	-0.088
3808.385	-0.088
3808.542	-0.088
3808.723	-0.088
3808.880	-0.088
3809.035	-0.088
3809.218	-0.088
3809.375	-0.088
3809.557	-0.088
3809.713	-0.088
3809.868	-0.088
3810.052	-0.088
3810.208	-0.088
3810.390	-0.088
3810.547	-0.088
3810.702	-0.088
3810.885	-0.088
3811.042	-0.088
3811.223	-0.088
3811.380	-0.088
3811.535	-0.088
3811.718	-0.088
3811.875	-0.088
3812.057	-0.088
3812.213	-0.088
3812.368	-0.088
3812.552	-0.088
3812.708	-0.088
3812.890	-0.088
3813.047	-0.088
3813.202	-0.088
3813.385	-0.088
3813.542	-0.088
3813.723	-0.088
3813.880	-0.088
3814.035	-0.088
3814.218	-0.088
3814.375	-0.088
3814.557	-0.088
3814.713	-0.088
3814.868	-0.088
3815.052	-0.088
3815.208	-0.088
3815.390	-0.088
3815.547	-0.088
3815.702	-0.088
3815.885	-0.088
3816.042	-0.088
3816.223	-0.088
3816.380	-0.088
3816.535	-0.088
3816.718	-0.088
3816.875	-0.088
3817.057	-0.088
3817.213	-0.088
3817.368	-0.088
3817.552	-0.088
3817.708	-0.088
3817.890	-0.088
3818.047	-0.088
3818.202	-0.088
3818.385	-0.088
3818.542	-0.088
3818.723	-0.088
3818.880	-0.088
3819.035	-0.088
3819.218	-0.088
3819.375	-0.088
3819.557	-0.088
3819.713	-0.088
3819.868	-0.088
3820.052	-0.088
3820.208	-0.088
3820.390	-0.088
3820.547	-0.088
3820.702	-0.088
3820.885	-0.088
3821.042	-0.088
3821.223	-0.088
3821.380	-0.088
3821.535	-0.088
3821.718	-0.088
3821.875	-0.088
3822.057	-0.088
3822.213	-0.088
3822.368	-0.088
3822.552	-0.088
3822.708	-0.088
3822.890	-0.088
3823.047	-0.088
3823.202	-0.088
3823.385	-0.088
3823.542	-0.088
3823.723	-0.088
3823.880	-0.088
3824.035	-0.088
3824.218	-0.088
3824.375	-0.088
3824.557	-0.088
3824.713	-0.088
3824.868	-0.088
3825.052	-0.088
3825.208	-0.088
3825.390	-0.088
3825.547	-0.088
3825.702	-0.088
3825.885	-0.088
3826.042	-0.088
3826.223	-0.088
3826.380	-0.088
3826.535	-0.088
3826.718	-0.088
3826.875	-0.088
3827.057	-0.088
3827.213	-0.088
3827.368	-0.088
3827.552	-0.088
3827.708	-0.088
3827.890	-0.088
3828.047	-0.088
3828.202	-0.088
3828.385	-0.088
3828.542	-0.088
3828.723	-0.088
3828.880	-0.088
3829.035	-0.088
3829.218	-0.088
3829.375	-0.088
3829.557	-0.088
3829.713	-0.088
3829.868	-0.088
3830.052	-0.088
3830.208	-0.088
3830.390	-0.088
3830.547	-0.088
3830.702	-0.088
3830.885	-0.088
3831.042	-0.088
3831.223	-0.088
3831.380	-0.088
3831.535	-0.088
3831.718	-0.088
3831.875	-0.088
3832.057	-0.088
3832.213	-0.088
3832.368	-0.088
3832.552	-0.088
3832.708	-0.088
3832.890	-0.088
3833.047	-0.088
3833.202	-0.088
3833.385	-0.088
3833.542	-0.088
3833.723	-0.088
3833.880	-0.088
3834.035	-0.088
3834.218	-0.088
3834.375	-0.088
3834.557	-0.088
3834.713	-0.088
3834.868	-0.088
3835.052	-0.088
3835.208	-0.088
3835.390	-0.088
3835.547	-0.088
3835.702	-0.088
3835.885	-0.088
3836.042	-0.088
3836.223	-0.088
3836.380	-0.088
3836.535	-0.088
3836.718	-0.088
3836.875	-0.088
3837.057	-0.088
3837.213	-0.088
3837.368	-0.088
3837.552	-0.088
3837.708	-0.088
3837.890	-0.088
3838.047	-0.088
3838.202	-0.088
3838.385	-0.088
3838.542	-0.088
3838.723	-0.088
3838.880	-0.088
3839.035	-0.088
3839.218	-0.088
3839.375	-0.088
3839.557	-0.088
3839.713	-0.088
3839.868	-0.088
3840.052	-0.088
3840.208	-0.088
3840.390	-0.088
3840.547	-0.088
3840.702	-0.088
3840.885	-0.088
3841.042	-0.088
3841.223	-0.088
3841.380	-0.088
3841.535	-0.088
3841.718	-0.088
3841.875	-0.088
3842.057	-0.088
3842.213	-0.088
3842.368	-0.088
3842.552	-0.088
3842.708	-0.088
3842.890	-0.088
3843.047	-0.088
3843.202	-0.088
3843.385	-0.088
3843.542	-0.088
3843.723	-0.088
3843.880	-0.088
3844.035	-0.088
3844.218	-0.088
3844.375	-0.088
3844.557	-0.088
3844.713	-0.088
3844.868	-0.088
3845.052	-0.088
3845.208	-0.088
3845.390	-0.088
3845.547	-0.088
3845.702	-0.088
3845.885	-0.088
3846.042	-0.088
3846.223	-0.088
3846.380	-0.088
3846.535	-0.088
3846.718	-0.088
3846.875	-0.088
3847.057	-0.088
3847.213	-0.088
3847.368	-0.088
3847.552	-0.088
3847.708	-0.088
3847.890	-0.088
3848.047	-0.088
3848.202	-0.088
3848.385	-0.088
3848.542	-0.088
3848.723	-0.088
3848.880	-0.088
3849.035	-0.088
3849.218	-0.088
3849.375	-0.088
3849.557	-0.088
3849.713	-0.088
3849.868	-0.088
3850.052	-0.088
3850.208	-0.088
3850.390	-0.088
3850.547	-0.088
3850.702	-0.088
3850.885	-0.088
3851.042	-0.088
3851.223	-0.088
3851.380	-0.088
3851.535	-0.088
3851.718	-0.088
3851.875	-0.088
3852.057	-0.088
3852.213	-0.088
3852.368	-0.088
3852.552	-0.088
3852.708	-0.088
3852.890	-0.088
3853.047	-0.088
3853.202	-0.088
3853.385	-0.088
3853.542	-0.088
3853.723	-0.088
3853.880	-0.088
3854.035	-0.088
3854.218	-0.088
3854.375	-0.088
3854.557	-0.088
3854.713	-0.088
3854.868	-0.088
3855.052	-0.088
3855.208	-0.088
3855.390	-0.088
3855.547	-0.088
3855.702	-0.088
3855.885	-0.088
3856.042	-0.088
3856.223	-0.088
3856.380	-0.088
3856.535	-0.088
3856.718	-0.088
3856.875	-0.088
3857.057	-0.088
3857.213	-0.088
3857.368	-0.088
3857.552	-0.088
3857.708	-0.088
3857.890	-0.088
3858.047	-0.088
3858.202	-0.088
3858.385	-0.088
3858.542	-0.088
3858.723	-0.088
3858.880	-0.088
3859.035	-0.088
3859.218	-0.088
3859.375	-0.088
3859.557	-0.088
3859.713	-0.088
3859.868	-0.088
3860.052	-0.088
3860.208	-0.088
3860.390	-0.088
3860.547	-0.088
3860.702	-0.088
3860.885	-0.088
3861.042	-0.088
3861.223	-0.088
3861.380	-0.088
3861.535	-0.088
3861.718	-0.088
3861.875	-0.088
3862.057	-0.088
3862.213	-0.088
3862.368	-0.088
3862.552	-0.088
3862.708	-0.088
3862.890	-0.088
3863.047	-0.088
3863.202	-0.088
3863.385	-0.088
3863.542	-0.088
3863.723	-0.088
3863.880	-0.088
3864.035	-0.088
3864.218	-0.088
3864.375	-0.088
3864.557	-0.088
3864.713	-0.088
3864.868	-0.088
3865.052	-0.088
3865.208	-0.088
3865.390	-0.088
3865.547	-0.088
3865.702	-0.088
3865.885	-0.088
3866.042	-0.088
3866.223	-0.088
3866.380	-0.088
3866.535	-0.088
3866.718	-0.088
3866.875	-0.088
3867.057	-0.088
3867.213	-0.088
3867.368	-0.088
3867.552	-0.088
3867.708	-0.088
3867.890	-0.088
3868.047	-0.088
3868.202	-0.088
3868.385	-0.088
3868.542	-0.088
3868.723	-0.088
3868.880	-0.088
3869.035	-0.088
3869.218	-0.088
3869.375	-0.088
3869.557	-0.088
3869.713	-0.088
3869.868	-0.088
3870.052	-0.088
3870.208	-0.088
3870.390	-0.088
3870.547	-0.088
3870.702	-0.088
3870.885	-0.088
3871.042	-0.088
3871.223	-0.088
3871.380	-0.088
3871.535	-0.088
3871.718	-0.088
3871.875	-0.088
3872.057	-0.088
3872.213	-0.088
3872.368	-0.088
3872.552	-0.088
3872.708	-0.088
3872.890	-0.088
3873.047	-0.088
3873.202	-0.088
3873.385	-0.088
3873.542	-0.088
3873.723	-0.088
3873.880	-0.088
3874.035	-0.088
3874.218	-0.088
3874.375	-0.088
3874.557	-0.088
3874.713	-0.088
3874.868	-0.088
3875.052	-0.088
3875.208	-0.088
3875.390	-0.088
3875.547	-0.088
3875.702	-0.088
3875.885	-0.088
3876.042	-0.088
3876.223	-0.088
3876.380	-0.088
3876.535	-0.088
3876.718	-0.088
3876.875	-0.088
3877.057	-0.088
3877.213	-0.088
3877.368	-0.088
3877.552	-0.088
3877.708	-0.088
3877.890	-0.088
3878.047	-0.088
3878.202	-0.088
3878.385	-0.088
3878.542	-0.088
3878.723	-0.088
3878.880	-0.088
3879.035	-0.088
3879.218	-0.088
3879.375	-0.088
3879.557	-0.088
3879.713	-0.088
3879.868	-0.088
3880.052	-0.088
3880.208	-0.088
3880.390	-0.088
3880.547	-0.088
3880.702	-0.088
3880.885	-0.088
3881.042	-0.088
3881.223	-0.088
3881.380	-0.088
3881.535	-0.088
3881.718	-0.088
3881.875	-0.088
3882.057	-0.088
3882.213	-0.088
3882.368	-0.088
3882.552	-0.088
3882.708	-0.088
3882.890	-0.088
3883.047	-0.088
3883.202	-0.088
3883.385	-0.088
3883.542	-0.088
3883.723	-0.088
3883.880	-0.088
3884.035	-0.088
3884.218	-0.088
3884.375	-0.088
3884.557	-0.088
3884.713	-0.088
3884.868	-0.088
3885.052	-0.088
3885.208	-0.088
3885.390	-0.088
3885.547	-0.088
3885.702	-0.088
3885.885	-0.088
3886.042	-0.088
3886.223	-0.088
3886.380	-0.088
3886.535	-0.088
3886.718	-0.088
3886.875	-0.088
3887.057	-0.088
3887.213	-0.088
3887.368	-0.088
3887.552	-0.088
3887.708	-0.088
3887.890	-0.088
3888.047	-0.088
3888.202	-0.088
3888.385	-0.088
3888.542	-0.088
3888.723	-0.088
3888.880	-0.088
3889.035	-0.088
3889.218	-0.088
3889.375	-0.088
3889.557	-0.088
3889.713	-0.088
3889.868	-0.088
3890.052	-0.088
3890.208	-0.088
3890.390	-0.088
3890.547	-0.088
3890.702	-0.088
3890.885	-0.088
3891.042	-0.088
3891.223	-0.088
3891.380	-0.088
3891.535	-0.088
3891.718	-0.088
3891.875	-0.088
3892.057	-0.088
3892.213	-0.088
3892.368	-0.088
3892.552	-0.088
3892.708	-0.088
3892.890	-0.088
3893.047	-0.088
3893.202	-0.088
3893.385	-0.088
3893.542	-0.088
3893.723	-0.088
3893.880	-0.088
3894.035	-0.088
3894.218	-0.088
3894.375	-0.088
3894.557	-0.088
3894.713	-0.088
3894.868	-0.088
3895.052	-0.088
3895.208	-0.088
3895.390	-0.088
3895.547	-0.088
3895.702	-0.088
3895.885	-0.088
3896.042	-0.088
3896.223	-0.088
3896.380	-0.088
3896.535	-0.088
3896.718	-0.088
3896.875	-0.088
3897.057	-0.088
3897.213	-0.088
3897.368	-0.088
3897.552	-0.088
3897.708	-0.088
3897.890	-0.088
3898.047	-0.088
3898.202	-0.088
3898.385	-0.088
3898.542	-0.088
3898.723	-0.088
3898.880	-0.088
3899.035	-0.088
3899.218	-0.088
3899.375	-0.088
3899.557	-0.088
3899.713	-0.088
3899.868	-0.088
3900.052	-0.088
3900.208	-0.088
3900.390	-0.088
3900.547	-0.088
3900.702	-0.088
3900.885	-0.088
3901.042	-0.088
3901.197	-0.088
3901.380	-0.088
3901.535	-0.088
3901.718	-0.088
3901.875	-0.088
3902.030	-0.088
3902.213	-0.088
3902.368	-0.088
3902.552	-0.088
3902.708	-0.088
3902.863	-0.088
3903.047	-0.088
3903.202	-0.088
3903.385	-0.088
3903.542	-0.088
3903.697	-0.088
3903.880	-0.088
3904.035	-0.088
3904.218	-0.088
3904.375	-0.088
3904.530	-0.088
3904.713	-0.088
3904.868	-0.088
3905.052	-0.088
3905.208	-0.088
3905.363	-0.088
3905.547	-0.088
3905.702	-0.088
3905.885	-0.088
3906.042	-0.088
3906.197	-0.088
3906.380	-0.088
3906.535	-0.088
3906.718	-0.088
3906.875	-0.088
3907.030	-0.088
3907.213	-0.088
3907.368	-0.088
3907.552	-0.088
3907.708	-0.088
3907.863	-0.088
3908.047	-0.088
3908.202	-0.088
3908.385	-0.088
3908.542	-0.088
3908.697	-0.088
3908.880	-0.088
3909.035	-0.088
3909.218	-0.088
3909.375	-0.088
3909.530	-0.088
3909.713	-0.088
3909.868	-0.088
3910.052	-0.088
3910.208	-0.088
3910.363	-0.088
3910.547	-0.088
3910.702	-0.088
3910.885	-0.088
3911.042	-0.088
3911.197	-0.088
3911.380	-0.088
3911.535	-0.088
3911.718	-0.088
3911.875	-0.088
3912.030	-0.088
3912.213	-0.088
3912.368	-0.088
3912.552	-0.088
3912.708	-0.088
3912.863	-0.088
3913.047	-0.088
3913.202	-0.088
3913.385	-0.088
3913.542	-0.088
3913.697	-0.088
3913.880	-0.088
3914.035	-0.088
3914.218	-0.088
3914.375	-0.088
3914.530	-0.088
3914.713	-0.088
3914.868	-0.088
3915.052	-0.088
3915.208	-0.088
3915.363	-0.088
3915.547	-0.088
3915.702	-0.088
3915.885	-0.088
3916.042	-0.088
3916.197	-0.088
3916.380	-0.088
3916.535	-0.088
3916.718	-0.088
3916.875	-0.088
3917.030	-0.088
3917.213	-0.088
3917.368	-0.088
3917.552	-0.088
3917.708	-0.088
3917.863	-0.088
3918.047	-0.088
3918.202	-0.088
3918.385	-0.088
3918.542	-0.088
3918.697	-0.088
3918.880	-0.088
3919.035	-0.088
3919.218	-0.088
3919.375	-0.088
3919.530	-0.088
3919.713	-0.088
3919.868	-0.088
3920.052	-0.088
3920.208	-0.088
3920.363	-0.088
3920.547	-0.088
3920.702	-0.088
3920.885	-0.088
3921.042	-0.088
3921.197	-0.088
3921.380	-0.088
3921.535	-0.088
3921.718	-0.088
3921.875	-0.088
3922.030	-0.088
3922.213	-0.088
3922.368	-0.088
3922.552	-0.088
3922.708	-0.088
3922.863	-0.088
3923.047	-0.088
3923.202	-0.088
3923.385	-0.088
3923.542	-0.088
3923.697	-0.088
3923.880	-0.088
3924.035	-0.088
3924.218	-0.088
3924.375	-0.088
3924.530	-0.088
3924.713	-0.088
3924.868	-0.088
3925.052	-0.088
3925.208	-0.088
3925.363	-0.088
3925.547	-0.088
3925.702	-0.088
3925.885	-0.088
3926.042	-0.088
3926.197	-0.088
3926.380	-0.088
3926.535	-0.088
3926.718	-0.088
3926.875	-0.088
3927.030	-0.088
3927.213	-0.088
3927.368	-0.088
3927.552	-0.088
3927.708	-0.088
3927.863	-0.088
3928.047	-0.088
3928.202	-0.088
3928.385	-0.088
3928.542	-0.088
3928.697	-0.088
3928.880	-0.088
3929.035	-0.088
3929.218	-0.088
3929.375	-0.088
3929.530	-0.088
3929.713	-0.088
3929.868	-0.088
3930.052	-0.088
3930.208	-0.088
3930.363	-0.088
3930.547	-0.088
3930.702	-0.088
3930.885	-0.088
3931.042	-0.088
3931.197	-0.088
3931.380	-0.088
3931.535	-0.088
3931.718	-0.088
3931.875	-0.088
3932.030	-0.088
3932.213	-0.088
3932.368	-0.088
3932.552	-0.088
3932.708	-0.088
3932.863	-0.088
3933.047	-0.088
3933.202	-0.088
3933.385	-0.088
3933.542	-0.088
3933.697	-0.088
3933.880	-0.088
3934.035	-0.088
3934.218	-0.088
3934.375	-0.088
3934.530	-0.088
3934.713	-0.088
3934.868	-0.088
3935.052	-0.088
3935.208	-0.088
3935.363	-0.088
3935.547	-0.088
3935.702	-0.088
3935.885	-0.088
3936.042	-0.088
3936.197	-0.088
3936.380	-0.088
3936.535	-0.088
3936.718	-0.088
3936.875	-0.088
3937.030	-0.088
3937.213	-0.088
3937.368	-0.088
3937.552	-0.088
3937.708	-0.088
3937.863	-0.088
3938.047	-0.088
3938.202	-0.088
3938.385	-0.088
3938.542	-0.088
3938.697	-0.088
3938.880	-0.088
3939.035	-0.088
3939.218	-0.088
3939.375	-0.088
3939.530	-0.088
3939.713	-0.088
3939.868	-0.088
3940.052	-0.088
3940.208	-0.088
3940.363	-0.088
3940.547	-0.088
3940.702	-0.088
3940.885	-0.088
3941.042	-0.088
3941.197	-0.088
3941.380	-0.088
3941.535	-0.088
3941.718	-0.088
3941.875	-0.088
3942.030	-0.088
3942.213	-0.088
3942.368	-0.088
3942.552	-0.088
3942.708	-0.088
3942.863	-0.088
3943.047	-0.088
3943.202	-0.088
3943.385	-0.088
3943.542	-0.088
3943.697	-0.088
3943.880	-0.088
3944.035	-0.088
3944.218	-0.088
3944.375	-0.088
3944.530	-0.088
3944.713	-0.088
3944.868	-0.088
3945.052	-0.088
3945.208	-0.088
3945.363	-0.088
3945.547	-0.088
3945.702	-0.088
3945.885	-0.088
3946.042	-0.088
3946.197	-0.088
3946.380	-0.088
3946.535	-0.088
3946.718	-0.088
3946.875	-0.088
3947.030	-0.088
3947.213	-0.088
3947.368	-0.088
3947.552	-0.088
3947.708	-0.088
3947.863	-0.088
3948.047	-0.088
3948.202	-0.088
3948.385	-0.088
3948.542	-0.088
3948.697	-0.088
3948.880	-0.088
3949.035	-0.088
3949.218	-0.088
3949.375	-0.088
3949.530	-0.088
3949.713	-0.088
3949.868	-0.088
3950.052	-0.088
3950.208	-0.088
3950.363	-0.088
3950.547	-0.088
3950.702	-0.088
3950.885	-0.088
3951.042	-0.088
3951.197	-0.088
3951.380	-0.088
3951.535	-0.088
3951.718	-0.088
3951.875	-0.088
3952.030	-0.088
3952.213	-0.088
3952.368	-0.088
3952.552	-0.088
3952.708	-0.088
3952.863	-0.088
3953.047	-0.088
3953.202	-0.088
3953.385	-0.088
3953.542	-0.088
3953.697	-0.088
3953.880	-0.088
3954.035	-0.088
3954.218	-0.088
3954.375	-0.088
3954.530	-0.088
3954.713	-0.088
3954.868	-0.088
3955.052	-0.088
3955.208	-0.088
3955.363	-0.088
3955.547	-0.088
3955.702	-0.088
3955.885	-0.088
3956.042	-0.088
3956.197	-0.088
3956.380	-0.088
3956.535	-0.088
3956.718	-0.088
3956.875	-0.088
3957.030	-0.088
3957.213	-0.088
3957.368	-0.088
3957.552	-0.088
3957.708	-0.088
3957.863	-0.088
3958.047	-0.088
3958.202	-0.088
3958.385	-0.088
3958.542	-0.088
3958.697	-0.088
3958.880	-0.088
3959.035	-0.088
3959.218	-0.088
3959.375	-0.088
3959.530	-0.088
3959.713	-0.088
3959.868	-0.088
3960.052	-0.088
3960.208	-0.088
3960.363	-0.088
3960.547	-0.088
3960.702	-0.088
3960.858	-0.088
3961.042	-0.088
3961.197	-0.088
3961.380	-0.088
3961.535	-0.088
3961.692	-0.088
3961.875	-0.088
3962.030	-0.088
3962.213	-0.088
3962.368	-0.088
3962.552	-0.088
3962.708	-0.088
3962.863	-0.088
3963.047	-0.088
3963.202	-0.088
3963.385	-0.088
3963.542	-0.088
3963.697	-0.088
3963.880	-0.088
3964.035	-0.088
3964.192	-0.088
3964.375	-0.088
3964.530	-0.088
3964.713	-0.088
3964.868	-0.088
3965.052	-0.088
3965.208	-0.088
3965.363	-0.088
3965.547	-0.088
3965.702	-0.088
3965.885	-0.088
3966.042	-0.088
3966.197	-0.088
3966.380	-0.088
3966.535	-0.088
3966.692	-0.088
3966.875	-0.088
3967.030	-0.088
3967.213	-0.088
3967.368	-0.088
3967.552	-0.088
3967.708	-0.088
3967.863	-0.088
3968.047	-0.088
3968.202	-0.088
3968.385	-0.088
3968.542	-0.088
3968.697	-0.088
3968.880	-0.088
3969.035	-0.088
3969.192	-0.088
3969.375	-0.088
3969.530	-0.088
3969.713	-0.088
3969.868	-0.088
3970.052	-0.088
3970.208	-0.088
3970.363	-0.088
3970.547	-0.088
3970.702	-0.088
3970.885	-0.088
3971.042	-0.088
3971.197	-0.088
3971.380	-0.088
3971.535	-0.088
3971.692	-0.088
3971.875	-0.088
3972.030	-0.088
3972.213	-0.088
3972.368	-0.088
3972.552	-0.088
3972.708	-0.088
3972.863	-0.088
3973.047	-0.088
3973.202	-0.088
3973.358	-0.088
3973.542	-0.088
3973.697	-0.088
3973.880	-0.088
3974.035	-0.088
3974.218	-0.088
3974.375	-0.088
3974.530	-0.088
3974.713	-0.088
3974.868	-0.088
3975.025	-0.088
3975.208	-0.088
3975.363	-0.088
3975.547	-0.088
3975.702	-0.088
3975.885	-0.088
3976.042	-0.088
3976.197	-0.088
3976.380	-0.088
3976.535	-0.088
3976.692	-0.088
3976.875	-0.088
3977.030	-0.088
3977.213	-0.088
3977.368	-0.088
3977.552	-0.088
3977.708	-0.088
3977.863	-0.088
3978.047	-0.088
3978.202	-0.088
3978.358	-0.088
3978.542	-0.088
3978.697	-0.088
3978.880	-0.088
3979.035	-0.088
3979.218	-0.088
3979.375	-0.088
3979.530	-0.088
3979.713	-0.088
3979.868	-0.088
3980.025	-0.088
3980.208	-0.088
3980.363	-0.088
3980.547	-0.088
3980.702	-0.088
3980.885	-0.088
3981.042	-0.088
3981.197	-0.088
3981.380	-0.088
3981.535	-0.088
3981.692	-0.088
3981.875	-0.088
3982.030	-0.088
3982.213	-0.088
3982.368	-0.088
3982.552	-0.088
3982.708	-0.088
3982.863	-0.088
3983.047	-0.088
3983.202	-0.088
3983.358	-0.088
3983.542	-0.088
3983.697	-0.088
3983.880	-0.088
3984.035	-0.088
3984.218	-0.088
3984.375	-0.088
3984.530	-0.088
3984.713	-0.088
3984.868	-0.088
3985.025	-0.088
3985.208	-0.088
3985.363	-0.088
3985.547	-0.088
3985.702	-0.088
3985.885	-0.088
3986.042	-0.088
3986.197	-0.088
3986.380	-0.088
3986.535	-0.088
3986.692	-0.088
3986.875	-0.088
3987.030	-0.088
3987.213	-0.088
3987.368	-0.088
3987.552	-0.088
3987.708	-0.088
3987.863	-0.088
3988.047	-0.088
3988.202	-0.088
3988.358	-0.088
3988.542	-0.088
3988.697	-0.088
3988.880	-0.088
3989.035	-0.088
3989.218	-0.088
3989.375	-0.088
3989.530	-0.088
3989.713	-0.088
3989.868	-0.088
3990.052	-0.088
3990.208	-0.088
3990.363	-0.088
3990.547	-0.088
3990.702	-0.088
3990.885	-0.088
3991.042	-0.088
3991.197	-0.088
3991.380	-0.088
3991.535	-0.088
3991.718	-0.088
3991.875	-0.088
3992.030	-0.088
3992.213	-0.088
3992.368	-0.088
3992.552	-0.088
3992.708	-0.088
3992.863	-0.088
3993.047	-0.088
3993.202	-0.088
3993.358	-0.088
3993.542	-0.088
3993.697	-0.088
3993.880	-0.088
3994.035	-0.088
3994.218	-0.088
3994.375	-0.088
3994.530	-0.088
3994.713	-0.088
3994.868	-0.088
3995.025	-0.088
3995.208	-0.088
3995.363	-0.088
3995.547	-0.088
3995.702	-0.088
3995.858	-0.088
3996.042	-0.088
3996.197	-0.088
3996.380	-0.088
3996.535	-0.088
3996.692	-0.088
3996.875	-0.088
3997.030	-0.088
3997.213	-0.088
3997.368	-0.088
3997.525	-0.088
3997.708	-0.088
3997.863	-0.088
3998.047	-0.088
3998.202	-0.088
3998.358	-0.088
3998.542	-0.088
3998.697	-0.088
3998.880	-0.088
3999.035	-0.088
3999.192	-0.088
3999.375	-0.088
3999.530	-0.088
3999.713	-0.088
3999.868	-0.088
4000.025	-0.088
4000.208	-0.088
4000.363	-0.088
4000.547	-0.088
4000.702	-0.088
4000.858	-0.088
4001.042	-0.088
4001.197	-0.088
4001.380	-0.088
4001.535	-0.088
4001.692	-0.088
4001.875	-0.088
4002.030	-0.088
4002.213	-0.088
4002.368	-0.088
4002.525	-0.088
4002.708	-0.088
4002.863	-0.088
4003.047	-0.088
4003.202	-0.088
4003.358	-0.088
4003.542	-0.088
4003.697	-0.088
4003.880	-0.088
4004.035	-0.088
4004.192	-0.088
4004.375	-0.088
4004.530	-0.088
4004.713	-0.088
4004.868	-0.088
4005.025	-0.088
4005.208	-0.088
4005.363	-0.088
4005.547	-0.088
4005.702	-0.088
4005.858	-0.088
4006.042	-0.088
4006.197	-0.088
4006.380	-0.088
4006.535	-0.088
4006.692	-0.088
4006.875	-0.088
4007.030	-0.088
4007.213	-0.088
4007.368	-0.088
4007.525	-0.088
4007.708	-0.088
4007.863	-0.088
4008.047	-0.088
4008.202	-0.088
4008.358	-0.088
4008.542	-0.088
4008.697	-0.088
4008.880	-0.088
4009.035	-0.088
4009.192	-0.088
4009.375	-0.088
4009.530	-0.088
4009.713	-0.088
4009.868	-0.088
4010.025	-0.088
4010.208	-0.088
4010.363	-0.088
4010.547	-0.088
4010.702	-0.088
4010.858	-0.088
4011.042	-0.088
4011.197	-0.088
4011.380	-0.088
4011.535	-0.088
4011.692	-0.088
4011.875	-0.088
4012.030	-0.088
4012.213	-0.088
4012.368	-0.088
4012.525	-0.088
4012.708	-0.088
4012.863	-0.088
4013.047	-0.088
4013.202	-0.088
4013.358	-0.088
4013.542	-0.088
4013.697	-0.088
4013.880	-0.088
4014.035	-0.088
4014.192	-0.088
4014.375	-0.088
4014.530	-0.088
4014.713	-0.088
4014.868	-0.088
4015.025	-0.088
4015.208	-0.088
4015.363	-0.088
4015.547	-0.088
4015.702	-0.088
4015.858	-0.088
4016.042	-0.088
4016.197	-0.088
4016.380	-0.088
4016.535	-0.088
4016.692	-0.088
4016.875	-0.087
4017.030	-0.088
4017.213	-0.088
4017.368	-0.088
4017.525	-0.087
4017.708	-0.088
4017.863	-0.086
4018.047	-0.088
4018.202	-0.088
4018.385	-0.087
4018.542	-0.087
4018.697	-0.087
4018.880	-0.087
4019.035	-0.088
4019.192	-0.086
4019.375	-0.086
4019.530	-0.085
4019.713	-0.086
4019.868	-0.083
4020.052	-0.085
4020.208	-0.088
4020.363	-0.086
4020.547	-0.086
4020.702	-0.088
4020.858	-0.085
4021.042	-0.087
4021.197	-0.085
4021.380	-0.083
4021.535	-0.084
4021.692	-0.088
4021.875	-0.086
4022.030	-0.085
4022.213	-0.086
4022.368	-0.084
4022.525	-0.086
4022.708	-0.084
4022.863	-0.085
4023.047	-0.086
4023.202	-0.086
4023.358	-0.086
4023.542	-0.085
4023.697	-0.086
4023.880	-0.087
4024.035	-0.085
4024.192	-0.086
4024.375	-0.088
4024.530	-0.088
4024.713	-0.086
4024.868	-0.088
4025.025	-0.087
4025.208	-0.087
4025.363	-0.088
4025.547	-0.088
4025.702	-0.088
4025.858	-0.088
4026.042	-0.088
4026.197	-0.088
4026.380	-0.088
4026.535	-0.088
4026.692	-0.088
4026.875	-0.088
4027.030	-0.088
4027.213	-0.088
4027.368	-0.088
4027.525	-0.088
4027.708	-0.088
4027.863	-0.088
4028.047	-0.088
4028.202	-0.088
4028.358	-0.088
4028.542	-0.088
4028.697	-0.088
4028.880	-0.088
4029.035	-0.088
4029.192	-0.088
4029.375	-0.088
4029.530	-0.088
4029.713	-0.088
4029.868	-0.088
4030.025	-0.088
4030.208	-0.088
4030.363	-0.088
4030.547	-0.088
4030.702	-0.088
4030.858	-0.088
4031.042	-0.088
4031.197	-0.088
4031.380	-0.088
4031.535	-0.088
4031.692	-0.088
4031.875	-0.088
4032.030	-0.088
4032.213	-0.088
4032.368	-0.088
4032.525	-0.088
4032.708	-0.088
4032.863	-0.088
4033.047	-0.088
4033.202	-0.088
4033.358	-0.088
4033.542	-0.088
4033.697	-0.088
4033.880	-0.088
4034.035	-0.088
4034.192	-0.088
4034.375	-0.088
4034.530	-0.088
4034.713	-0.088
4034.868	-0.088
4035.025	-0.088
4035.208	-0.088
4035.363	-0.088
4035.547	-0.088
4035.702	-0.088
4035.858	-0.088
4036.042	-0.088
4036.197	-0.088
4036.380	-0.088
4036.535	-0.088
4036.692	-0.088
4036.875	-0.088
4037.030	-0.088
4037.213	-0.088
4037.368	-0.088
4037.525	-0.088
4037.708	-0.088
4037.863	-0.088
4038.047	-0.088
4038.202	-0.088
4038.358	-0.088
4038.542	-0.088
4038.697	-0.088
4038.880	-0.088
4039.035	-0.088
4039.192	-0.088
4039.375	-0.088
4039.530	-0.088
4039.713	-0.088
4039.868	-0.088
4040.025	-0.088
4040.208	-0.088
4040.363	-0.088
4040.547	-0.088
4040.702	-0.088
4040.858	-0.088
4041.042	-0.088
4041.197	-0.088
4041.380	-0.088
4041.535	-0.088
4041.692	-0.088
4041.875	-0.088
4042.030	-0.088
4042.213	-0.088
4042.368	-0.088
4042.525	-0.088
4042.708	-0.088
4042.863	-0.088
4043.047	-0.088
4043.202	-0.088
4043.358	-0.088
4043.542	-0.088
4043.697	-0.088
4043.880	-0.088
4044.035	-0.088
4044.192	-0.088
4044.375	-0.088
4044.530	-0.088
4044.713	-0.088
4044.868	-0.088
4045.025	-0.088
4045.208	-0.088
4045.363	-0.088
4045.547	-0.088
4045.702	-0.088
4045.858	-0.088
4046.042	-0.088
4046.197	-0.088
4046.380	-0.088
4046.535	-0.088
4046.692	-0.088
4046.875	-0.088
4047.030	-0.088
4047.213	-0.088
4047.368	-0.088
4047.525	-0.088
4047.708	-0.088
4047.863	-0.088
4048.047	-0.088
4048.202	-0.088
4048.358	-0.088
4048.542	-0.088
4048.697	-0.088
4048.880	-0.088
4049.035	-0.088
4049.192	-0.088
4049.375	-0.088
4049.530	-0.088
4049.713	-0.088
4049.868	-0.088
4050.025	-0.088
4050.208	-0.088
4050.363	-0.088
4050.547	-0.088
4050.702	-0.088
4050.858	-0.088
4051.042	-0.088
4051.197	-0.088
4051.380	-0.088
4051.535	-0.088
4051.692	-0.088
4051.875	-0.088
4052.030	-0.088
4052.213	-0.088
4052.368	-0.088
4052.525	-0.088
4052.708	-0.088
4052.863	-0.088
4053.047	-0.088
4053.202	-0.088
4053.358	-0.088
4053.542	-0.088
4053.697	-0.088
4053.880	-0.088
4054.035	-0.088
4054.192	-0.088
4054.375	-0.088
4054.530	-0.088
4054.713	-0.088
4054.868	-0.088
4055.025	-0.088
4055.208	-0.088
4055.363	-0.088
4055.547	-0.088
4055.702	-0.088
4055.858	-0.088
4056.042	-0.088
4056.197	-0.088
4056.380	-0.088
4056.535	-0.088
4056.692	-0.088
4056.875	-0.088
4057.030	-0.088
4057.213	-0.088
4057.368	-0.088
4057.525	-0.088
4057.708	-0.088
4057.863	-0.088
4058.047	-0.088
4058.202	-0.088
4058.358	-0.088
4058.542	-0.088
4058.697	-0.088
4058.880	-0.088
4059.035	-0.088
4059.192	-0.088
4059.375	-0.088
4059.530	-0.088
4059.713	-0.088
4059.868	-0.088
4060.025	-0.088
4060.208	-0.088
4060.363	-0.088
4060.547	-0.088
4060.702	-0.088
4060.858	-0.088
4061.042	-0.088
4061.197	-0.088
4061.380	-0.088
4061.535	-0.088
4061.692	-0.088
4061.875	-0.088
4062.030	-0.088
4062.213	-0.088
4062.368	-0.088
4062.525	-0.088
4062.708	-0.088
4062.863	-0.088
4063.047	-0.088
4063.202	-0.088
4063.358	-0.088
4063.542	-0.088
4063.697	-0.088
4063.880	-0.088
4064.035	-0.088
4064.192	-0.088
4064.375	-0.088
4064.530	-0.088
4064.713	-0.088
4064.868	-0.088
4065.025	-0.088
4065.208	-0.088
4065.363	-0.088
4065.547	-0.088
4065.702	-0.088
4065.858	-0.088
4066.042	-0.088
4066.197	-0.088
4066.380	-0.088
4066.535	-0.088
4066.692	-0.088
4066.875	-0.088
4067.030	-0.088
4067.213	-0.088
4067.368	-0.088
4067.525	-0.088
4067.708	-0.088
4067.863	-0.088
4068.047	-0.088
4068.202	-0.088
4068.358	-0.088
4068.542	-0.088
4068.697	-0.088
4068.880	-0.088
4069.035	-0.088
4069.192	-0.088
4069.375	-0.088
4069.530	-0.088
4069.713	-0.088
4069.868	-0.088
4070.025	-0.088
4070.208	-0.088
4070.363	-0.088
4070.547	-0.088
4070.702	-0.088
4070.858	-0.088
4071.042	-0.088
4071.197	-0.088
4071.380	-0.088
4071.535	-0.088
4071.692	-0.088
4071.875	-0.088
4072.030	-0.088
4072.213	-0.088
4072.368	-0.088
4072.525	-0.088
4072.708	-0.088
4072.863	-0.088
4073.047	-0.088
4073.202	-0.088
4073.358	-0.088
4073.542	-0.088
4073.697	-0.088
4073.880	-0.088
4074.035	-0.088
4074.192	-0.088
4074.375	-0.088
4074.530	-0.088
4074.713	-0.088
4074.868	-0.088
4075.025	-0.088
4075.208	-0.088
4075.363	-0.088
4075.547	-0.088
4075.702	-0.088
4075.858	-0.088
4076.042	-0.088
4076.197	-0.088
4076.380	-0.088
4076.535	-0.088
4076.692	-0.088
4076.875	-0.088
4077.030	-0.088
4077.213	-0.088
4077.368	-0.088
4077.525	-0.088
4077.708	-0.088
4077.863	-0.088
4078.047	-0.088
4078.202	-0.088
4078.358	-0.088
4078.542	-0.088
4078.697	-0.088
4078.880	-0.088
4079.035	-0.088
4079.192	-0.088
4079.375	-0.088
4079.530	-0.088
4079.713	-0.088
4079.868	-0.088
4080.025	-0.088
4080.208	-0.088
4080.363	-0.088
4080.547	-0.088
4080.702	-0.088
4080.858	-0.088
4081.042	-0.088
4081.197	-0.088
4081.380	-0.088
4081.535	-0.088
4081.692	-0.088
4081.875	-0.088
4082.030	-0.088
4082.213	-0.088
4082.368	-0.088
4082.525	-0.088
4082.708	-0.088
4082.863	-0.088
4083.047	-0.088
4083.202	-0.088
4083.358	-0.088
4083.542	-0.088
4083.697	-0.088
4083.880	-0.088
4084.035	-0.088
4084.192	-0.088
4084.375	-0.088
4084.530	-0.088
4084.713	-0.088
4084.868	-0.088
4085.025	-0.088
4085.208	-0.088
4085.363	-0.088
4085.547	-0.088
4085.702	-0.088
4085.858	-0.088
4086.042	-0.088
4086.197	-0.088
4086.380	-0.088
4086.535	-0.088
4086.692	-0.088
4086.875	-0.088
4087.030	-0.088
4087.213	-0.088
4087.368	-0.088
4087.525	-0.088
4087.708	-0.088
4087.863	-0.088
4088.020	-0.088
4088.202	-0.088
4088.358	-0.088
4088.542	-0.088
4088.697	-0.088
4088.853	-0.088
4089.035	-0.088
4089.192	-0.088
4089.375	-0.087
4089.530	-0.088
4089.713	-0.088
4089.868	-0.085
4090.025	-0.088
4090.208	-0.085
4090.363	-0.088
4090.520	-0.083
4090.702	-0.084
4090.858	-0.084
4091.042	-0.083
4091.197	-0.084
4091.353	-0.083
4091.535	-0.083
4091.692	-0.083
4091.875	-0.083
4092.030	-0.083
4092.213	-0.083
4092.368	-0.083
4092.525	-0.083
4092.708	-0.083
4092.863	-0.083
4093.047	-0.083
4093.202	-0.083
4093.358	-0.083
4093.542	-0.083
4093.697	-0.083
4093.853	-0.083
4094.035	-0.082
4094.192	-0.083
4094.375	-0.082
4094.530	-0.082
4094.713	-0.080
4094.868	-0.080
4095.025	-0.081
4095.208	-0.079
4095.363	-0.082
4095.547	-0.079
4095.702	-0.078
4095.858	-0.078
4096.042	-0.079
4096.197	-0.081
4096.380	-0.081
4096.535	-0.080
4096.692	-0.078
4096.875	-0.079
4097.030	-0.080
4097.213	-0.078
4097.368	-0.080
4097.525	-0.080
4097.708	-0.083
4097.863	-0.081
4098.047	-0.082
4098.202	-0.079
4098.358	-0.082
4098.542	-0.083
4098.697	-0.083
4098.854	-0.083
4099.035	-0.083
4099.192	-0.083
4099.375	-0.083
4099.530	-0.083
4099.713	-0.083
4099.868	-0.083
4100.025	-0.083
4100.208	-0.083
4100.363	-0.083
4100.547	-0.083
4100.702	-0.083
4100.858	-0.083
4101.042	-0.084
4101.197	-0.083
4101.380	-0.083
4101.535	-0.083
4101.692	-0.083
4101.875	-0.083
4102.030	-0.084
4102.213	-0.084
4102.368	-0.085
4102.525	-0.085
4102.708	-0.087
4102.863	-0.087
4103.047	-0.086
4103.202	-0.088
4103.358	-0.088
4103.542	-0.087
4103.697	-0.088
4103.880	-0.088
4104.035	-0.088
4104.192	-0.088
4104.375	-0.088
4104.530	-0.088
4104.713	-0.088
4104.868	-0.088
4105.025	-0.088
4105.208	-0.088
4105.363	-0.088
4105.547	-0.088
4105.702	-0.088
4105.858	-0.088
4106.042	-0.088
4106.197	-0.088
4106.380	-0.088
4106.535	-0.088
4106.692	-0.088
4106.875	-0.088
4107.030	-0.088
4107.213	-0.088
4107.368	-0.088
4107.525	-0.088
4107.708	-0.088
4107.863	-0.088
4108.020	-0.088
4108.202	-0.088
4108.358	-0.088
4108.542	-0.088
4108.697	-0.088
4108.854	-0.088
4109.035	-0.088
4109.192	-0.088
4109.375	-0.088
4109.530	-0.088
4109.687	-0.088
4109.868	-0.088
4110.025	-0.088
4110.208	-0.088
4110.363	-0.088
4110.547	-0.088
4110.702	-0.088
4110.858	-0.088
4111.042	-0.088
4111.197	-0.088
4111.354	-0.088
4111.535	-0.088
4111.692	-0.088
4111.875	-0.088
4112.030	-0.088
4112.213	-0.088
4112.368	-0.088
4112.525	-0.088
4112.708	-0.088
4112.863	-0.088
4113.047	-0.088
4113.202	-0.088
4113.358	-0.088
4113.542	-0.088
4113.697	-0.088
4113.880	-0.088
4114.035	-0.088
4114.192	-0.088
4114.375	-0.088
4114.530	-0.088
4114.687	-0.088
4114.868	-0.088
4115.025	-0.088
4115.208	-0.088
4115.363	-0.088
4115.520	-0.088
4115.702	-0.088
4115.858	-0.088
4116.042	-0.088
4116.197	-0.088
4116.354	-0.088
4116.535	-0.088
4116.692	-0.088
4116.875	-0.088
4117.030	-0.088
4117.187	-0.088
4117.368	-0.088
4117.525	-0.088
4117.708	-0.088
4117.863	-0.088
4118.020	-0.088
4118.202	-0.088
4118.358	-0.088
4118.542	-0.088
4118.697	-0.088
4118.854	-0.088
4119.035	-0.088
4119.192	-0.088
4119.375	-0.088
4119.530	-0.088
4119.687	-0.088
4119.868	-0.088
4120.025	-0.088
4120.208	-0.088
4120.363	-0.088
4120.520	-0.088
4120.702	-0.088
4120.858	-0.088
4121.042	-0.088
4121.197	-0.088
4121.354	-0.088
4121.535	-0.088
4121.692	-0.088
4121.875	-0.088
4122.030	-0.088
4122.187	-0.088
4122.368	-0.088
4122.525	-0.088
4122.708	-0.088
4122.863	-0.088
4123.020	-0.088
4123.202	-0.088
4123.358	-0.088
4123.542	-0.088
4123.697	-0.088
4123.854	-0.088
4124.035	-0.088
4124.192	-0.088
4124.375	-0.088
4124.530	-0.088
4124.687	-0.088
4124.868	-0.088
4125.025	-0.088
4125.208	-0.088
4125.363	-0.088
4125.520	-0.088
4125.702	-0.088
4125.858	-0.088
4126.042	-0.088
4126.197	-0.088
4126.354	-0.088
4126.535	-0.088
4126.692	-0.088
4126.875	-0.088
4127.030	-0.088
4127.187	-0.088
4127.368	-0.088
4127.525	-0.088
4127.708	-0.088
4127.863	-0.088
4128.020	-0.088
4128.202	-0.088
4128.358	-0.088
4128.542	-0.088
4128.697	-0.088
4128.854	-0.088
4129.035	-0.088
4129.192	-0.088
4129.375	-0.088
4129.530	-0.088
4129.687	-0.088
4129.868	-0.088
4130.025	-0.088
4130.208	-0.088
4130.363	-0.088
4130.520	-0.088
4130.702	-0.088
4130.858	-0.088
4131.042	-0.088
4131.197	-0.088
4131.354	-0.088
4131.535	-0.088
4131.692	-0.088
4131.875	-0.088
4132.030	-0.088
4132.187	-0.088
4132.368	-0.088
4132.525	-0.088
4132.708	-0.088
4132.863	-0.088
4133.020	-0.088
4133.202	-0.088
4133.358	-0.088
4133.542	-0.088
4133.697	-0.088
4133.854	-0.088
4134.035	-0.088
4134.192	-0.088
4134.375	-0.088
4134.530	-0.088
4134.687	-0.088
4134.868	-0.088
4135.025	-0.088
4135.208	-0.088
4135.363	-0.088
4135.520	-0.088
4135.702	-0.088
4135.858	-0.088
4136.042	-0.088
4136.197	-0.088
4136.354	-0.088
4136.535	-0.088
4136.692	-0.088
4136.875	-0.088
4137.030	-0.088
4137.187	-0.088
4137.368	-0.088
4137.525	-0.088
4137.708	-0.088
4137.863	-0.088
4138.020	-0.088
4138.202	-0.088
4138.358	-0.088
4138.542	-0.088
4138.697	-0.088
4138.854	-0.088
4139.035	-0.088
4139.192	-0.088
4139.375	-0.088
4139.530	-0.088
4139.687	-0.088
4139.868	-0.088
4140.025	-0.088
4140.208	-0.088
4140.363	-0.088
4140.520	-0.088
4140.702	-0.088
4140.858	-0.088
4141.042	-0.088
4141.197	-0.088
4141.354	-0.088
4141.535	-0.088
4141.692	-0.088
4141.875	-0.088
4142.030	-0.088
4142.187	-0.088
4142.368	-0.088
4142.525	-0.088
4142.708	-0.088
4142.863	-0.088
4143.020	-0.088
4143.202	-0.088
4143.358	-0.088
4143.542	-0.088
4143.697	-0.088
4143.854	-0.088
4144.035	-0.088
4144.192	-0.088
4144.375	-0.088
4144.530	-0.088
4144.687	-0.088
4144.868	-0.088
4145.025	-0.088
4145.208	-0.088
4145.363	-0.088
4145.520	-0.088
4145.702	-0.088
4145.858	-0.088
4146.042	-0.088
4146.197	-0.088
4146.354	-0.088
4146.535	-0.088
4146.692	-0.088
4146.875	-0.088
4147.030	-0.088
4147.187	-0.088
4147.368	-0.088
4147.525	-0.088
4147.708	-0.088
4147.863	-0.088
4148.020	-0.088
4148.202	-0.088
4148.358	-0.088
4148.542	-0.088
4148.697	-0.088
4148.854	-0.088
4149.035	-0.088
4149.192	-0.088
4149.375	-0.088
4149.530	-0.088
4149.687	-0.088
4149.868	-0.088
4150.025	-0.088
4150.208	-0.088
4150.363	-0.088
4150.520	-0.088
4150.702	-0.088
4150.858	-0.088
4151.042	-0.088
4151.197	-0.088
4151.354	-0.088
4151.535	-0.088
4151.692	-0.088
4151.875	-0.088
4152.030	-0.088
4152.187	-0.088
4152.368	-0.088
4152.525	-0.088
4152.708	-0.088
4152.863	-0.088
4153.020	-0.088
4153.202	-0.088
4153.358	-0.088
4153.542	-0.088
4153.697	-0.088
4153.854	-0.088
4154.035	-0.088
4154.192	-0.088
4154.375	-0.088
4154.530	-0.088
4154.687	-0.088
4154.868	-0.088
4155.025	-0.088
4155.208	-0.088
4155.363	-0.088
4155.520	-0.088
4155.702	-0.088
4155.858	-0.088
4156.042	-0.088
4156.197	-0.088
4156.354	-0.088
4156.535	-0.088
4156.692	-0.088
4156.875	-0.088
4157.030	-0.088
4157.187	-0.088
4157.368	-0.088
4157.525	-0.088
4157.708	-0.088
4157.863	-0.088
4158.020	-0.088
4158.202	-0.088
4158.358	-0.088
4158.542	-0.088
4158.697	-0.088
4158.854	-0.088
4159.035	-0.088
4159.192	-0.088
4159.375	-0.088
4159.530	-0.088
4159.687	-0.088
4159.868	-0.088
4160.025	-0.088
4160.182	-0.088
4160.363	-0.088
4160.520	-0.088
4160.702	-0.088
4160.858	-0.088
4161.015	-0.088
4161.197	-0.088
4161.354	-0.088
4161.535	-0.088
4161.692	-0.088
4161.875	-0.088
4162.030	-0.088
4162.187	-0.088
4162.368	-0.088
4162.525	-0.088
4162.708	-0.088
4162.863	-0.088
4163.020	-0.088
4163.202	-0.088
4163.358	-0.088
4163.542	-0.088
4163.697	-0.088
4163.854	-0.088
4164.035	-0.088
4164.192	-0.088
4164.348	-0.088
4164.530	-0.088
4164.687	-0.088
4164.868	-0.088
4165.025	-0.088
4165.208	-0.088
4165.363	-0.088
4165.520	-0.088
4165.702	-0.088
4165.858	-0.088
4166.015	-0.088
4166.197	-0.088
4166.354	-0.088
4166.535	-0.088
4166.692	-0.088
4166.875	-0.088
4167.030	-0.088
4167.187	-0.088
4167.368	-0.088
4167.525	-0.088
4167.708	-0.088
4167.863	-0.088
4168.020	-0.088
4168.202	-0.088
4168.358	-0.088
4168.542	-0.088
4168.697	-0.088
4168.854	-0.088
4169.035	-0.088
4169.192	-0.088
4169.348	-0.088
4169.530	-0.088
4169.687	-0.088
4169.868	-0.088
4170.025	-0.088
4170.208	-0.088
4170.363	-0.088
4170.520	-0.088
4170.702	-0.088
4170.858	-0.088
4171.042	-0.088
4171.197	-0.088
4171.354	-0.088
4171.535	-0.088
4171.692	-0.088
4171.848	-0.088
4172.030	-0.088
4172.187	-0.088
4172.368	-0.088
4172.525	-0.088
4172.708	-0.088
4172.863	-0.088
4173.020	-0.088
4173.202	-0.088
4173.358	-0.088
4173.515	-0.088
4173.697	-0.088
4173.854	-0.088
4174.035	-0.088
4174.192	-0.088
4174.375	-0.088
4174.530	-0.088
4174.687	-0.088
4174.868	-0.088
4175.025	-0.088
4175.208	-0.088
4175.363	-0.088
4175.520	-0.088
4175.702	-0.088
4175.858	-0.088
4176.042	-0.088
4176.197	-0.088
4176.354	-0.088
4176.535	-0.088
4176.692	-0.088
4176.875	-0.088
4177.030	-0.088
4177.187	-0.088
4177.368	-0.088
4177.525	-0.088
4177.708	-0.088
4177.863	-0.088
4178.020	-0.088
4178.202	-0.088
4178.358	-0.088
4178.542	-0.088
4178.697	-0.088
4178.854	-0.088
4179.035	-0.088
4179.192	-0.088
4179.348	-0.088
4179.530	-0.088
4179.687	-0.088
4179.868	-0.088
4180.025	-0.088
4180.208	-0.088
4180.363	-0.088
4180.520	-0.088
4180.702	-0.088
4180.858	-0.088
4181.042	-0.088
4181.197	-0.088
4181.354	-0.088
4181.535	-0.088
4181.692	-0.088
4181.875	-0.088
4182.030	-0.088
4182.187	-0.088
4182.368	-0.088
4182.525	-0.088
4182.682	-0.088
4182.863	-0.088
4183.020	-0.088
4183.202	-0.088
4183.358	-0.088
4183.542	-0.088
4183.697	-0.088
4183.854	-0.088
4184.035	-0.088
4184.192	-0.088
4184.348	-0.088
4184.530	-0.088
4184.687	-0.088
4184.868	-0.088
4185.025	-0.088
4185.208	-0.088
4185.363	-0.088
4185.520	-0.088
4185.702	-0.088
4185.858	-0.088
4186.015	-0.088
4186.197	-0.088
4186.354	-0.088
4186.535	-0.088
4186.692	-0.088
4186.875	-0.088
4187.030	-0.088
4187.187	-0.088
4187.368	-0.088
4187.525	-0.088
4187.682	-0.088
4187.863	-0.088
4188.020	-0.088
4188.202	-0.088
4188.358	-0.088
4188.542	-0.088
4188.697	-0.088
4188.854	-0.088
4189.035	-0.088
4189.192	-0.088
4189.348	-0.088
4189.530	-0.088
4189.687	-0.088
4189.868	-0.088
4190.025	-0.088
4190.208	-0.088
4190.363	-0.088
4190.520	-0.088
4190.702	-0.088
4190.858	-0.088
4191.015	-0.088
4191.197	-0.088
4191.354	-0.088
4191.535	-0.088
4191.692	-0.088
4191.875	-0.088
4192.030	-0.088
4192.187	-0.088
4192.368	-0.088
4192.525	-0.088
4192.682	-0.088
4192.863	-0.088
4193.020	-0.088
4193.202	-0.088
4193.358	-0.088
4193.542	-0.088
4193.697	-0.088
4193.854	-0.088
4194.035	-0.088
4194.192	-0.088
4194.348	-0.088
4194.530	-0.088
4194.687	-0.088
4194.868	-0.088
4195.025	-0.088
4195.208	-0.088
4195.363	-0.088
4195.520	-0.088
4195.702	-0.088
4195.858	-0.088
4196.015	-0.088
4196.197	-0.088
4196.354	-0.088
4196.535	-0.088
4196.692	-0.088
4196.848	-0.088
4197.030	-0.088
4197.187	-0.088
4197.368	-0.088
4197.525	-0.088
4197.682	-0.088
4197.863	-0.088
4198.020	-0.088
4198.202	-0.088
4198.358	-0.088
4198.515	-0.088
4198.697	-0.088
4198.854	-0.088
4199.035	-0.088
4199.192	-0.088
4199.348	-0.088
4199.530	-0.088
4199.687	-0.088
4199.868	-0.088
4200.025	-0.088
4200.182	-0.088
4200.363	-0.088
4200.520	-0.088
4200.702	-0.088
4200.858	-0.088
4201.015	-0.088
4201.197	-0.088
4201.354	-0.088
4201.535	-0.088
4201.692	-0.088
4201.848	-0.088
4202.030	-0.088
4202.187	-0.088
4202.368	-0.088
4202.525	-0.088
4202.682	-0.088
4202.863	-0.088
4203.020	-0.088
4203.202	-0.088
4203.358	-0.088
4203.542	-0.088
4203.697	-0.088
4203.854	-0.088
4204.035	-0.088
4204.192	-0.088
4204.348	-0.088
4204.530	-0.088
4204.687	-0.088
4204.868	-0.088
4205.025	-0.088
4205.182	-0.088
4205.363	-0.088
4205.520	-0.088
4205.702	-0.088
4205.858	-0.088
4206.015	-0.088
4206.197	-0.088
4206.354	-0.088
4206.535	-0.088
4206.692	-0.088
4206.875	-0.088
4207.030	-0.088
4207.187	-0.088
4207.368	-0.088
4207.525	-0.088
4207.682	-0.086
4207.863	-0.086
4208.020	-0.085
4208.202	-0.086
4208.358	-0.085
4208.542	-0.085
4208.697	-0.085
4208.854	-0.083
4209.035	-0.083
4209.192	-0.083
4209.348	-0.083
4209.530	-0.083
4209.687	-0.083
4209.868	-0.082
4210.025	-0.082
4210.208	-0.080
4210.363	-0.080
4210.520	-0.078
4210.702	-0.078
4210.858	-0.078
4211.015	-0.078
4211.197	-0.078
4211.354	-0.077
4211.535	-0.077
4211.692	-0.075
4211.875	-0.073
4212.030	-0.073
4212.187	-0.073
4212.368	-0.073
4212.525	-0.073
4212.682	-0.071
4212.863	-0.070
4213.020	-0.068
4213.202	-0.068
4213.358	-0.068
4213.515	-0.068
4213.697	-0.068
4213.854	-0.067
4214.035	-0.068
4214.192	-0.065
4214.375	-0.064
4214.530	-0.064
4214.687	-0.063
4214.868	-0.063
4215.025	-0.063
4215.182	-0.063
4215.363	-0.063
4215.520	-0.061
4215.702	-0.063
4215.858	-0.062
4216.042	-0.063
4216.197	-0.062
4216.354	-0.061
4216.535	-0.062
4216.692	-0.062
4216.848	-0.060
4217.030	-0.061
4217.187	-0.062
4217.368	-0.062
4217.525	-0.061
4217.708	-0.060
4217.863	-0.063
4218.020	-0.062
4218.202	-0.063
4218.358	-0.063
4218.515	-0.063
4218.697	-0.063
4218.854	-0.063
4219.035	-0.063
4219.192	-0.063
4219.375	-0.063
4219.530	-0.064
4219.687	-0.064
4219.868	-0.067
4220.025	-0.068
4220.182	-0.068
4220.363	-0.068
4220.520	-0.068
4220.702	-0.068
4220.858	-0.068
4221.042	-0.069
4221.197	-0.070
4221.354	-0.071
4221.535	-0.073
4221.692	-0.072
4221.848	-0.073
4222.030	-0.073
4222.187	-0.074
4222.368	-0.075
4222.525	-0.078
4222.708	-0.078
4222.863	-0.078
4223.020	-0.078
4223.202	-0.078
4223.358	-0.078
4223.515	-0.081
4223.697	-0.083
4223.854	-0.083
4224.035	-0.083
4224.192	-0.083
4224.375	-0.083
4224.530	-0.084
4224.687	-0.083
4224.868	-0.084
4225.025	-0.083
4225.182	-0.085
4225.363	-0.085
4225.520	-0.087
4225.702	-0.085
4225.858	-0.086
4226.042	-0.088
4226.197	-0.088
4226.354	-0.088
4226.535	-0.088
4226.692	-0.088
4226.848	-0.088
4227.030	-0.088
4227.187	-0.088
4227.368	-0.088
4227.525	-0.088
4227.708	-0.088
4227.863	-0.088
4228.020	-0.088
4228.202	-0.088
4228.358	-0.088
4228.515	-0.088
4228.697	-0.088
4228.854	-0.088
4229.035	-0.088
4229.192	-0.088
4229.375	-0.088
4229.530	-0.088
4229.687	-0.088
4229.868	-0.088
4230.025	-0.088
4230.182	-0.088
4230.363	-0.088
4230.520	-0.088
4230.702	-0.088
4230.858	-0.088
4231.042	-0.088
4231.197	-0.088
4231.354	-0.088
4231.535	-0.088
4231.692	-0.088
4231.848	-0.088
4232.030	-0.088
4232.187	-0.088
4232.368	-0.088
4232.525	-0.088
4232.682	-0.088
4232.863	-0.088
4233.020	-0.088
4233.202	-0.088
4233.358	-0.088
4233.515	-0.088
4233.697	-0.088
4233.854	-0.088
4234.035	-0.088
4234.192	-0.088
4234.348	-0.088
4234.530	-0.088
4234.687	-0.088
4234.868	-0.088
4235.025	-0.088
4235.182	-0.088
4235.363	-0.088
4235.520	-0.088
4235.702	-0.088
4235.858	-0.088
4236.015	-0.088
4236.197	-0.088
4236.354	-0.088
4236.535	-0.088
4236.692	-0.088
4236.848	-0.088
4237.030	-0.088
4237.187	-0.088
4237.368	-0.088
4237.525	-0.088
4237.682	-0.088
4237.863	-0.088
4238.020	-0.088
4238.202	-0.088
4238.358	-0.088
4238.515	-0.088
4238.697	-0.088
4238.854	-0.088
4239.035	-0.088
4239.192	-0.088
4239.348	-0.088
4239.530	-0.088
4239.687	-0.088
4239.868	-0.088
4240.025	-0.088
4240.182	-0.088
4240.363	-0.088
4240.520	-0.088
4240.702	-0.088
4240.858	-0.088
4241.015	-0.088
4241.197	-0.088
4241.354	-0.088
4241.535	-0.088
4241.692	-0.088
4241.848	-0.088
4242.030	-0.088
4242.187	-0.088
4242.368	-0.088
4242.525	-0.088
4242.682	-0.088
4242.863	-0.088
4243.020	-0.088
4243.202	-0.088
4243.358	-0.088
4243.515	-0.088
4243.697	-0.088
4243.854	-0.088
4244.035	-0.088
4244.192	-0.088
4244.348	-0.088
4244.530	-0.088
4244.687	-0.088
4244.868	-0.088
4245.025	-0.088
4245.182	-0.088
4245.363	-0.088
4245.520	-0.088
4245.702	-0.088
4245.858	-0.088
4246.015	-0.088
4246.197	-0.088
4246.354	-0.088
4246.535	-0.088
4246.692	-0.088
4246.848	-0.088
4247.030	-0.088
4247.187	-0.088
4247.368	-0.088
4247.525	-0.088
4247.682	-0.088
4247.863	-0.088
4248.020	-0.088
4248.202	-0.088
4248.358	-0.088
4248.515	-0.088
4248.697	-0.088
4248.854	-0.088
4249.035	-0.088
4249.192	-0.088
4249.348	-0.088
4249.530	-0.088
4249.687	-0.088
4249.868	-0.088
4250.025	-0.088
4250.182	-0.088
4250.363	-0.088
4250.520	-0.088
4250.702	-0.088
4250.858	-0.088
4251.015	-0.088
4251.197	-0.088
4251.354	-0.088
4251.535	-0.088
4251.692	-0.088
4251.848	-0.088
4252.030	-0.088
4252.187	-0.088
4252.368	-0.088
4252.525	-0.088
4252.682	-0.088
4252.863	-0.088
4253.020	-0.088
4253.202	-0.088
4253.358	-0.088
4253.515	-0.088
4253.697	-0.088
4253.854	-0.088
4254.035	-0.088
4254.192	-0.088
4254.348	-0.088
4254.530	-0.088
4254.687	-0.088
4254.868	-0.088
4255.025	-0.088
4255.182	-0.088
4255.363	-0.088
4255.520	-0.088
4255.702	-0.088
4255.858	-0.088
4256.015	-0.088
4256.197	-0.088
4256.354	-0.088
4256.535	-0.088
4256.692	-0.088
4256.848	-0.088
4257.030	-0.088
4257.187	-0.088
4257.368	-0.088
4257.525	-0.088
4257.682	-0.088
4257.863	-0.088
4258.020	-0.088
4258.202	-0.088
4258.358	-0.088
4258.515	-0.088
4258.697	-0.088
4258.854	-0.088
4259.035	-0.088
4259.192	-0.088
4259.348	-0.088
4259.530	-0.088
4259.687	-0.088
4259.868	-0.088
4260.025	-0.088
4260.182	-0.088
4260.363	-0.088
4260.520	-0.088
4260.702	-0.088
4260.858	-0.088
4261.015	-0.088
4261.197	-0.088
4261.354	-0.088
4261.535	-0.088
4261.692	-0.088
4261.848	-0.088
4262.030	-0.088
4262.187	-0.088
4262.368	-0.088
4262.525	-0.088
4262.682	-0.088
4262.863	-0.088
4263.020	-0.088
4263.202	-0.088
4263.358	-0.088
4263.515	-0.088
4263.697	-0.088
4263.854	-0.088
4264.035	-0.088
4264.192	-0.088
4264.348	-0.088
4264.530	-0.088
4264.687	-0.088
4264.868	-0.088
4265.025	-0.088
4265.182	-0.088
4265.363	-0.088
4265.520	-0.088
4265.702	-0.088
4265.858	-0.088
4266.015	-0.088
4266.197	-0.088
4266.354	-0.088
4266.535	-0.088
4266.692	-0.088
4266.848	-0.088
4267.030	-0.088
4267.187	-0.088
4267.368	-0.088
4267.525	-0.088
4267.682	-0.088
4267.863	-0.088
4268.020	-0.088
4268.202	-0.088
4268.358	-0.088
4268.515	-0.088
4268.697	-0.088
4268.854	-0.088
4269.035	-0.088
4269.192	-0.088
4269.348	-0.088
4269.530	-0.088
4269.687	-0.088
4269.868	-0.088
4270.025	-0.088
4270.182	-0.088
4270.363	-0.088
4270.520	-0.088
4270.702	-0.088
4270.858	-0.088
4271.015	-0.088
4271.197	-0.088
4271.354	-0.088
4271.535	-0.088
4271.692	-0.088
4271.848	-0.088
4272.030	-0.088
4272.187	-0.088
4272.368	-0.088
4272.525	-0.088
4272.682	-0.088
4272.863	-0.088
4273.020	-0.088
4273.202	-0.088
4273.358	-0.088
4273.515	-0.088
4273.697	-0.088
4273.854	-0.088
4274.035	-0.088
4274.192	-0.088
4274.348	-0.088
4274.530	-0.088
4274.687	-0.088
4274.868	-0.088
4275.025	-0.088
4275.182	-0.088
4275.363	-0.088
4275.520	-0.088
4275.702	-0.088
4275.858	-0.088
4276.015	-0.088
4276.197	-0.088
4276.354	-0.088
4276.535	-0.088
4276.692	-0.088
4276.848	-0.088
4277.030	-0.088
4277.187	-0.088
4277.343	-0.088
4277.525	-0.088
4277.682	-0.088
4277.863	-0.088
4278.020	-0.088
4278.202	-0.088
4278.358	-0.088
4278.515	-0.088
4278.697	-0.088
4278.854	-0.088
4279.035	-0.088
4279.192	-0.088
4279.348	-0.088
4279.530	-0.088
4279.687	-0.088
4279.843	-0.088
4280.025	-0.088
4280.182	-0.088
4280.363	-0.088
4280.520	-0.088
4280.702	-0.088
4280.858	-0.088
4281.015	-0.088
4281.197	-0.088
4281.354	-0.088
4281.510	-0.088
4281.692	-0.088
4281.848	-0.088
4282.030	-0.088
4282.187	-0.088
4282.368	-0.088
4282.525	-0.088
4282.682	-0.088
4282.863	-0.088
4283.020	-0.088
4283.177	-0.088
4283.358	-0.088
4283.515	-0.088
4283.697	-0.088
4283.854	-0.088
4284.035	-0.088
4284.192	-0.088
4284.348	-0.088
4284.530	-0.088
4284.687	-0.088
4284.843	-0.088
4285.025	-0.088
4285.182	-0.088
4285.363	-0.088
4285.520	-0.088
4285.702	-0.088
4285.858	-0.088
4286.015	-0.088
4286.197	-0.088
4286.354	-0.088
4286.510	-0.088
4286.692	-0.088
4286.848	-0.088
4287.030	-0.088
4287.187	-0.088
4287.368	-0.088
4287.525	-0.088
4287.682	-0.088
4287.863	-0.088
4288.020	-0.088
4288.202	-0.088
4288.358	-0.088
4288.515	-0.088
4288.697	-0.088
4288.854	-0.088
4289.010	-0.088
4289.192	-0.088
4289.348	-0.088
4289.530	-0.088
4289.687	-0.088
4289.868	-0.088
4290.025	-0.088
4290.182	-0.088
4290.363	-0.088
4290.520	-0.088
4290.677	-0.088
4290.858	-0.088
4291.015	-0.088
4291.197	-0.088
4291.354	-0.088
4291.535	-0.088
4291.692	-0.088
4291.848	-0.088
4292.030	-0.088
4292.187	-0.088
4292.343	-0.088
4292.525	-0.088
4292.682	-0.088
4292.863	-0.088
4293.020	-0.088
4293.202	-0.088
4293.358	-0.088
4293.515	-0.088
4293.697	-0.088
4293.854	-0.088
4294.010	-0.088
4294.192	-0.088
4294.348	-0.088
4294.530	-0.088
4294.687	-0.088
4294.868	-0.088
4295.025	-0.088
4295.182	-0.088
4295.363	-0.088
4295.520	-0.088
4295.677	-0.088
4295.858	-0.088
4296.015	-0.088
4296.197	-0.088
4296.354	-0.088
4296.535	-0.088
4296.692	-0.088
4296.848	-0.088
4297.030	-0.088
4297.187	-0.088
4297.368	-0.088
4297.525	-0.088
4297.682	-0.088
4297.863	-0.088
4298.020	-0.088
4298.177	-0.088
4298.358	-0.088
4298.515	-0.088
4298.697	-0.088
4298.854	-0.088
4299.035	-0.088
4299.192	-0.088
4299.348	-0.088
4299.530	-0.088
4299.687	-0.088
4299.843	-0.088
4300.025	-0.088
4300.182	-0.088
4300.363	-0.088
4300.520	-0.088
4300.702	-0.088
4300.858	-0.088
4301.015	-0.088
4301.197	-0.088
4301.354	-0.088
4301.510	-0.088
4301.692	-0.088
4301.848	-0.088
4302.030	-0.088
4302.187	-0.088
4302.368	-0.088
4302.525	-0.088
4302.682	-0.088
4302.863	-0.088
4303.020	-0.088
4303.177	-0.088
4303.358	-0.088
4303.515	-0.088
4303.697	-0.088
4303.854	-0.088
4304.035	-0.088
4304.192	-0.088
4304.348	-0.088
4304.530	-0.088
4304.687	-0.088
4304.843	-0.088
4305.025	-0.088
4305.182	-0.088
4305.363	-0.088
4305.520	-0.088
4305.702	-0.088
4305.858	-0.088
4306.015	-0.088
4306.197	-0.088
4306.354	-0.088
4306.510	-0.088
4306.692	-0.088
4306.848	-0.088
4307.030	-0.088
4307.187	-0.088
4307.368	-0.088
4307.525	-0.088
4307.682	-0.088
4307.863	-0.088
4308.020	-0.088
4308.177	-0.088
4308.358	-0.088
4308.515	-0.088
4308.697	-0.088
4308.854	-0.088
4309.035	-0.088
4309.192	-0.088
4309.348	-0.088
4309.530	-0.088
4309.687	-0.088
4309.843	-0.088
4310.025	-0.088
4310.182	-0.088
4310.363	-0.088
4310.520	-0.088
4310.702	-0.088
4310.858	-0.088
4311.015	-0.088
4311.197	-0.088
4311.354	-0.088
4311.510	-0.088
4311.692	-0.088
4311.848	-0.088
4312.030	-0.088
4312.187	-0.088
4312.368	-0.088
4312.525	-0.088
4312.682	-0.088
4312.863	-0.088
4313.020	-0.088
4313.177	-0.088
4313.358	-0.088
4313.515	-0.088
4313.697	-0.088
4313.854	-0.088
4314.010	-0.088
4314.192	-0.088
4314.348	-0.088
4314.530	-0.088
4314.687	-0.088
4314.843	-0.088
4315.025	-0.088
4315.182	-0.088
4315.363	-0.088
4315.520	-0.088
4315.677	-0.088
4315.858	-0.088
4316.015	-0.088
4316.197	-0.088
4316.354	-0.088
4316.510	-0.088
4316.692	-0.088
4316.848	-0.088
4317.030	-0.088
4317.187	-0.088
4317.343	-0.088
4317.525	-0.088
4317.682	-0.088
4317.863	-0.088
4318.020	-0.088
4318.177	-0.088
4318.358	-0.088
4318.515	-0.088
4318.697	-0.088
4318.854	-0.088
4319.010	-0.088
4319.192	-0.088
4319.348	-0.088
4319.530	-0.088
4319.687	-0.088
4319.843	-0.088
4320.025	-0.088
4320.182	-0.088
4320.363	-0.088
4320.520	-0.088
4320.677	-0.088
4320.858	-0.088
4321.015	-0.088
4321.197	-0.088
4321.354	-0.088
4321.510	-0.088
4321.692	-0.088
4321.848	-0.088
4322.030	-0.088
4322.187	-0.088
4322.343	-0.088
4322.525	-0.088
4322.682	-0.088
4322.863	-0.088
4323.020	-0.088
4323.177	-0.088
4323.358	-0.088
4323.515	-0.088
4323.697	-0.088
4323.854	-0.088
4324.010	-0.088
4324.192	-0.088
4324.348	-0.088
4324.530	-0.088
4324.687	-0.088
4324.843	-0.088
4325.025	-0.088
4325.182	-0.088
4325.363	-0.088
4325.520	-0.088
4325.677	-0.088
4325.858	-0.088
4326.015	-0.088
4326.197	-0.088
4326.354	-0.088
4326.510	-0.088
4326.692	-0.088
4326.848	-0.088
4327.030	-0.088
4327.187	-0.088
4327.343	-0.088
4327.525	-0.088
4327.682	-0.088
4327.863	-0.088
4328.020	-0.088
4328.177	-0.088
4328.358	-0.088
4328.515	-0.088
4328.697	-0.088
4328.854	-0.088
4329.010	-0.088
4329.192	-0.088
4329.348	-0.088
4329.530	-0.088
4329.687	-0.088
4329.843	-0.088
4330.025	-0.088
4330.182	-0.088
4330.363	-0.088
4330.520	-0.088
4330.677	-0.088
4330.858	-0.088
4331.015	-0.088
4331.197	-0.088
4331.354	-0.088
4331.510	-0.088
4331.692	-0.088
4331.848	-0.088
4332.030	-0.088
4332.187	-0.088
4332.343	-0.088
4332.525	-0.088
4332.682	-0.088
4332.863	-0.088
4333.020	-0.088
4333.177	-0.088
4333.358	-0.088
4333.515	-0.088
4333.697	-0.088
4333.854	-0.088
4334.010	-0.088
4334.192	-0.088
4334.348	-0.088
4334.530	-0.088
4334.687	-0.088
4334.843	-0.088
4335.025	-0.088
4335.182	-0.088
4335.363	-0.088
4335.520	-0.088
4335.677	-0.088
4335.858	-0.088
4336.015	-0.088
4336.197	-0.088
4336.354	-0.088
4336.510	-0.088
4336.692	-0.088
4336.848	-0.088
4337.030	-0.088
4337.187	-0.088
4337.343	-0.088
4337.525	-0.088
4337.682	-0.088
4337.863	-0.088
4338.020	-0.088
4338.177	-0.088
4338.358	-0.088
4338.515	-0.088
4338.697	-0.088
4338.854	-0.088
4339.010	-0.088
4339.192	-0.088
4339.348	-0.088
4339.530	-0.088
4339.687	-0.088
4339.843	-0.088
4340.025	-0.088
4340.182	-0.088
4340.363	-0.088
4340.520	-0.088
4340.677	-0.088
4340.858	-0.088
4341.015	-0.088
4341.197	-0.088
4341.354	-0.088
4341.510	-0.088
4341.692	-0.088
4341.848	-0.088
4342.030	-0.088
4342.187	-0.088
4342.343	-0.088
4342.525	-0.088
4342.682	-0.088
4342.863	-0.088
4343.020	-0.088
4343.177	-0.088
4343.358	-0.088
4343.515	-0.088
4343.697	-0.088
4343.854	-0.088
4344.010	-0.088
4344.192	-0.088
4344.348	-0.088
4344.530	-0.088
4344.687	-0.088
4344.843	-0.088
4345.025	-0.088
4345.182	-0.088
4345.363	-0.088
4345.520	-0.088
4345.677	-0.088
4345.858	-0.088
4346.015	-0.088
4346.197	-0.088
4346.354	-0.088
4346.510	-0.088
4346.692	-0.088
4346.848	-0.088
4347.030	-0.088
4347.187	-0.088
4347.343	-0.088
4347.525	-0.088
4347.682	-0.088
4347.863	-0.088
4348.020	-0.088
4348.177	-0.088
4348.358	-0.088
4348.515	-0.088
4348.697	-0.088
4348.854	-0.088
4349.010	-0.088
4349.192	-0.088
4349.348	-0.088
4349.530	-0.088
4349.687	-0.088
4349.843	-0.088
4350.025	-0.088
4350.182	-0.088
4350.363	-0.088
4350.520	-0.088
4350.677	-0.088
4350.858	-0.088
4351.015	-0.088
4351.197	-0.088
4351.354	-0.088
4351.510	-0.088
4351.692	-0.088
4351.848	-0.088
4352.030	-0.088
4352.187	-0.088
4352.343	-0.088
4352.525	-0.088
4352.682	-0.088
4352.863	-0.088
4353.020	-0.088
4353.177	-0.088
4353.358	-0.088
4353.515	-0.088
4353.697	-0.088
4353.854	-0.088
4354.010	-0.088
4354.192	-0.088
4354.348	-0.088
4354.530	-0.088
4354.687	-0.089
4354.843	-0.088
4355.025	-0.088
4355.182	-0.088
4355.363	-0.088
4355.520	-0.088
4355.677	-0.088
4355.858	-0.088
4356.015	-0.088
4356.197	-0.088
4356.354	-0.088
4356.510	-0.088
4356.692	-0.088
4356.848	-0.088
4357.030	-0.088
4357.187	-0.088
4357.343	-0.088
4357.525	-0.088
4357.682	-0.088
4357.863	-0.088
4358.020	-0.088
4358.177	-0.088
4358.358	-0.088
4358.515	-0.088
4358.697	-0.088
4358.854	-0.088
4359.010	-0.088
4359.192	-0.088
4359.348	-0.088
4359.530	-0.088
4359.687	-0.088
4359.843	-0.088
4360.025	-0.088
4360.182	-0.088
4360.363	-0.088
4360.520	-0.088
4360.677	-0.088
4360.858	-0.088
4361.015	-0.088
4361.197	-0.088
4361.354	-0.088
4361.510	-0.088
4361.692	-0.088
4361.848	-0.088
4362.030	-0.088
4362.187	-0.088
4362.343	-0.088
4362.525	-0.088
4362.682	-0.088
4362.863	-0.088
4363.020	-0.088
4363.177	-0.088
4363.358	-0.088
4363.515	-0.088
4363.697	-0.088
4363.854	-0.088
4364.010	-0.088
4364.192	-0.088
4364.348	-0.088
4364.530	-0.088
4364.687	-0.088
4364.843	-0.088
4365.025	-0.088
4365.182	-0.088
4365.363	-0.088
4365.520	-0.088
4365.677	-0.088
4365.858	-0.088
4366.015	-0.088
4366.197	-0.088
4366.354	-0.088
4366.510	-0.088
4366.692	-0.088
4366.848	-0.088
4367.030	-0.088
4367.187	-0.088
4367.343	-0.088
4367.525	-0.088
4367.682	-0.088
4367.863	-0.088
4368.020	-0.088
4368.177	-0.088
4368.358	-0.088
4368.515	-0.088
4368.697	-0.088
4368.854	-0.088
4369.010	-0.088
4369.192	-0.088
4369.348	-0.088
4369.530	-0.088
4369.687	-0.088
4369.843	-0.088
4370.025	-0.088
4370.182	-0.088
4370.363	-0.088
4370.520	-0.088
4370.677	-0.088
4370.858	-0.088
4371.015	-0.088
4371.197	-0.088
4371.354	-0.088
4371.510	-0.088
4371.692	-0.088
4371.848	-0.088
4372.030	-0.088
4372.187	-0.088
4372.343	-0.088
4372.525	-0.088
4372.682	-0.088
4372.863	-0.088
4373.020	-0.088
4373.177	-0.088
4373.358	-0.088
4373.515	-0.088
4373.697	-0.088
4373.854	-0.088
4374.010	-0.088
4374.192	-0.088
4374.348	-0.088
4374.530	-0.088
4374.687	-0.088
4374.843	-0.088
4375.025	-0.088
4375.182	-0.088
4375.363	-0.088
4375.520	-0.088
4375.677	-0.088
4375.858	-0.088
4376.015	-0.088
4376.197	-0.088
4376.354	-0.088
4376.510	-0.088
4376.692	-0.088
4376.848	-0.088
4377.030	-0.088
4377.187	-0.088
4377.343	-0.088
4377.525	-0.088
4377.682	-0.088
4377.863	-0.088
4378.020	-0.088
4378.177	-0.088
4378.358	-0.088
4378.515	-0.088
4378.697	-0.088
4378.854	-0.088
4379.010	-0.088
4379.192	-0.088
4379.348	-0.088
4379.530	-0.088
4379.687	-0.088
4379.843	-0.088
4380.025	-0.088
4380.182	-0.088
4380.363	-0.088
4380.520	-0.088
4380.677	-0.088
4380.858	-0.088
4381.015	-0.088
4381.197	-0.088
4381.354	-0.088
4381.510	-0.088
4381.692	-0.088
4381.848	-0.088
4382.030	-0.088
4382.187	-0.088
4382.343	-0.088
4382.525	-0.088
4382.682	-0.088
4382.863	-0.088
4383.020	-0.088
4383.177	-0.088
4383.358	-0.088
4383.515	-0.088
4383.697	-0.088
4383.854	-0.088
4384.010	-0.088
4384.192	-0.088
4384.348	-0.088
4384.530	-0.088
4384.687	-0.088
4384.843	-0.088
4385.025	-0.088
4385.182	-0.088
4385.363	-0.088
4385.520	-0.088
4385.677	-0.088
4385.858	-0.088
4386.015	-0.088
4386.197	-0.088
4386.354	-0.088
4386.510	-0.088
4386.692	-0.088
4386.848	-0.088
4387.030	-0.088
4387.187	-0.088
4387.343	-0.088
4387.525	-0.088
4387.682	-0.088
4387.863	-0.088
4388.020	-0.088
4388.177	-0.088
4388.358	-0.088
4388.515	-0.088
4388.697	-0.088
4388.854	-0.088
4389.010	-0.088
4389.192	-0.088
4389.348	-0.088
4389.530	-0.088
4389.687	-0.088
4389.843	-0.088
4390.025	-0.088
4390.182	-0.088
4390.363	-0.088
4390.520	-0.088
4390.677	-0.088
4390.858	-0.088
4391.015	-0.088
4391.197	-0.088
4391.354	-0.088
4391.510	-0.088
4391.692	-0.088
4391.848	-0.088
4392.030	-0.088
4392.187	-0.088
4392.343	-0.088
4392.525	-0.088
4392.682	-0.088
4392.863	-0.088
4393.020	-0.088
4393.177	-0.088
4393.358	-0.088
4393.515	-0.088
4393.697	-0.088
4393.854	-0.088
4394.010	-0.088
4394.192	-0.088
4394.348	-0.088
4394.530	-0.088
4394.687	-0.088
4394.843	-0.088
4395.025	-0.088
4395.182	-0.088
4395.338	-0.088
4395.520	-0.088
4395.677	-0.088
4395.858	-0.088
4396.015	-0.088
4396.197	-0.088
4396.354	-0.088
4396.510	-0.088
4396.692	-0.088
4396.848	-0.088
4397.005	-0.088
4397.187	-0.088
4397.343	-0.088
4397.525	-0.088
4397.682	-0.088
4397.863	-0.088
4398.020	-0.088
4398.177	-0.088
4398.358	-0.088
4398.515	-0.088
4398.672	-0.088
4398.854	-0.088
4399.010	-0.088
4399.192	-0.088
4399.348	-0.088
4399.530	-0.088
4399.687	-0.088
4399.843	-0.088
4400.025	-0.088
4400.182	-0.088
4400.363	-0.088
4400.520	-0.088
4400.677	-0.088
4400.858	-0.088
4401.015	-0.088
4401.197	-0.088
4401.354	-0.088
4401.510	-0.088
4401.692	-0.088
4401.848	-0.088
4402.005	-0.088
4402.187	-0.088
4402.343	-0.088
4402.525	-0.088
4402.682	-0.088
4402.863	-0.088
4403.020	-0.088
4403.177	-0.088
4403.358	-0.088
4403.515	-0.088
4403.672	-0.088
4403.854	-0.088
4404.010	-0.088
4404.192	-0.088
4404.348	-0.088
4404.530	-0.088
4404.687	-0.088
4404.843	-0.088
4405.025	-0.088
4405.182	-0.088
4405.338	-0.088
4405.520	-0.088
4405.677	-0.088
4405.858	-0.088
4406.015	-0.088
4406.197	-0.088
4406.354	-0.088
4406.510	-0.088
4406.692	-0.088
4406.848	-0.088
4407.005	-0.088
4407.187	-0.088
4407.343	-0.088
4407.525	-0.088
4407.682	-0.088
4407.863	-0.088
4408.020	-0.088
4408.177	-0.088
4408.358	-0.088
4408.515	-0.088
4408.672	-0.088
4408.854	-0.088
4409.010	-0.088
4409.192	-0.088
4409.348	-0.088
4409.530	-0.088
4409.687	-0.088
4409.843	-0.088
4410.025	-0.088
4410.182	-0.088
4410.338	-0.088
4410.520	-0.088
4410.677	-0.088
4410.858	-0.088
4411.015	-0.088
4411.197	-0.088
4411.354	-0.088
4411.510	-0.088
4411.692	-0.088
4411.848	-0.088
4412.005	-0.088
4412.187	-0.088
4412.343	-0.088
4412.525	-0.088
4412.682	-0.088
4412.863	-0.088
4413.020	-0.088
4413.177	-0.088
4413.358	-0.088
4413.515	-0.088
4413.672	-0.088
4413.854	-0.088
4414.010	-0.088
4414.192	-0.088
4414.348	-0.088
4414.530	-0.088
4414.687	-0.088
4414.843	-0.088
4415.025	-0.088
4415.182	-0.088
4415.338	-0.088
4415.520	-0.088
4415.677	-0.088
4415.858	-0.088
4416.015	-0.088
4416.197	-0.088
4416.354	-0.088
4416.510	-0.088
4416.692	-0.088
4416.848	-0.088
4417.005	-0.088
4417.187	-0.088
4417.343	-0.088
4417.525	-0.088
4417.682	-0.088
4417.863	-0.088
4418.020	-0.088
4418.177	-0.088
4418.358	-0.088
4418.515	-0.088
4418.672	-0.088
4418.854	-0.088
4419.010	-0.088
4419.192	-0.088
4419.348	-0.088
4419.530	-0.088
4419.687	-0.088
4419.843	-0.088
4420.025	-0.088
4420.182	-0.088
4420.338	-0.088
4420.520	-0.088
4420.677	-0.088
4420.858	-0.088
4421.015	-0.088
4421.172	-0.088
4421.354	-0.088
4421.510	-0.088
4421.692	-0.088
4421.848	-0.088
4422.005	-0.088
4422.187	-0.088
4422.343	-0.088
4422.525	-0.088
4422.682	-0.088
4422.863	-0.088
4423.020	-0.088
4423.177	-0.088
4423.358	-0.088
4423.515	-0.088
4423.672	-0.088
4423.854	-0.088
4424.010	-0.088
4424.192	-0.088
4424.348	-0.088
4424.530	-0.088
4424.687	-0.087
4424.843	-0.088
4425.025	-0.086
4425.182	-0.085
4425.363	-0.085
4425.520	-0.083
4425.677	-0.083
4425.858	-0.083
4426.015	-0.083
4426.172	-0.083
4426.354	-0.083
4426.510	-0.081
4426.692	-0.081
4426.848	-0.078
4427.005	-0.078
4427.187	-0.077
4427.343	-0.073
4427.525	-0.073
4427.682	-0.069
4427.838	-0.067
4428.020	-0.064
4428.177	-0.063
4428.358	-0.062
4428.515	-0.059
4428.672	-0.058
4428.854	-0.058
4429.010	-0.058
4429.192	-0.057
4429.348	-0.053
4429.505	-0.053
4429.687	-0.049
4429.843	-0.047
4430.025	-0.043
4430.182	-0.040
4430.363	-0.037
4430.520	-0.033
4430.677	-0.028
4430.858	-0.025
4431.015	-0.021
4431.197	-0.019
4431.354	-0.017
4431.510	-0.015
4431.692	-0.009
4431.848	-0.007
4432.005	-0.003
4432.187	0.001
4432.343	0.003
4432.525	0.003
4432.682	0.006
4432.838	0.008
4433.020	0.008
4433.177	0.012
4433.358	0.013
4433.515	0.014
4433.672	0.014
4433.854	0.019
4434.010	0.019
4434.192	0.019
4434.348	0.019
4434.505	0.021
4434.687	0.021
4434.843	0.023
4435.025	0.023
4435.182	0.023
4435.338	0.024
4435.520	0.024
4435.677	0.024
4435.858	0.024
4436.015	0.024
4436.172	0.023
4436.354	0.022
4436.510	0.021
4436.692	0.019
4436.848	0.019
4437.005	0.019
4437.187	0.019
4437.343	0.016
4437.525	0.014
4437.682	0.013
4437.838	0.009
4438.020	0.008
4438.177	0.006
4438.358	0.005
4438.515	0.003
4438.672	0.003
4438.854	-0.001
4439.010	-0.003
4439.192	-0.007
4439.348	-0.009
4439.505	-0.013
4439.687	-0.017
4439.843	-0.019
4440.025	-0.022
4440.182	-0.026
4440.338	-0.028
4440.520	-0.032
4440.677	-0.033
4440.858	-0.037
4441.015	-0.038
4441.172	-0.042
4441.354	-0.043
4441.510	-0.044
4441.692	-0.048
4441.848	-0.051
4442.005	-0.054
4442.187	-0.058
4442.343	-0.058
4442.525	-0.060
4442.682	-0.063
4442.838	-0.066
4443.020	-0.068
4443.177	-0.068
4443.358	-0.071
4443.515	-0.073
4443.672	-0.073
4443.854	-0.077
4444.010	-0.078
4444.192	-0.078
4444.348	-0.078
4444.505	-0.078
4444.687	-0.081
4444.843	-0.080
4445.025	-0.083
4445.182	-0.083
4445.338	-0.083
4445.520	-0.083
4445.677	-0.084
4445.858	-0.083
4446.015	-0.085
4446.172	-0.088
4446.354	-0.088
4446.510	-0.088
4446.692	-0.086
4446.848	-0.088
4447.005	-0.088
4447.187	-0.088
4447.343	-0.088
4447.525	-0.088
4447.682	-0.088
4447.838	-0.088
4448.020	-0.088
4448.177	-0.088
4448.358	-0.088
4448.515	-0.088
4448.672	-0.088
4448.854	-0.088
4449.010	-0.088
4449.192	-0.088
4449.348	-0.088
4449.505	-0.088
4449.687	-0.088
4449.843	-0.088
4450.025	-0.088
4450.182	-0.088
4450.338	-0.088
4450.520	-0.088
4450.677	-0.088
4450.858	-0.088
4451.015	-0.088
4451.172	-0.088
4451.354	-0.088
4451.510	-0.088
4451.692	-0.088
4451.848	-0.088
4452.005	-0.088
4452.187	-0.088
4452.343	-0.088
4452.525	-0.088
4452.682	-0.088
4452.838	-0.088
4453.020	-0.088
4453.177	-0.088
4453.358	-0.088
4453.515	-0.088
4453.672	-0.088
4453.854	-0.088
4454.010	-0.088
4454.192	-0.088
4454.348	-0.088
4454.505	-0.088
4454.687	-0.088
4454.843	-0.088
4455.025	-0.088
4455.182	-0.088
4455.338	-0.088
4455.520	-0.088
4455.677	-0.088
4455.858	-0.088
4456.015	-0.088
4456.172	-0.088
4456.354	-0.088
4456.510	-0.088
4456.692	-0.088
4456.848	-0.088
4457.005	-0.088
4457.187	-0.088
4457.343	-0.088
4457.525	-0.088
4457.682	-0.088
4457.838	-0.088
4458.020	-0.088
4458.177	-0.088
4458.358	-0.088
4458.515	-0.088
4458.672	-0.088
4458.854	-0.088
4459.010	-0.088
4459.192	-0.088
4459.348	-0.088
4459.505	-0.088
4459.687	-0.088
4459.843	-0.088
4460.025	-0.088
4460.182	-0.088
4460.338	-0.088
4460.520	-0.088
4460.677	-0.088
4460.858	-0.088
4461.015	-0.088
4461.172	-0.088
4461.354	-0.088
4461.510	-0.088
4461.692	-0.088
4461.848	-0.088
4462.005	-0.088
4462.187	-0.088
4462.343	-0.088
4462.525	-0.088
4462.682	-0.088
4462.838	-0.088
4463.020	-0.088
4463.177	-0.088
4463.358	-0.088
4463.515	-0.088
4463.672	-0.088
4463.854	-0.088
4464.010	-0.088
4464.192	-0.088
4464.348	-0.088
4464.505	-0.088
4464.687	-0.088
4464.843	-0.088
4465.025	-0.088
4465.182	-0.088
4465.338	-0.088
4465.520	-0.088
4465.677	-0.088
4465.858	-0.088
4466.015	-0.088
4466.172	-0.088
4466.354	-0.088
4466.510	-0.088
4466.692	-0.088
4466.848	-0.088
4467.005	-0.088
4467.187	-0.088
4467.343	-0.088
4467.525	-0.088
4467.682	-0.088
4467.838	-0.088
4468.020	-0.088
4468.177	-0.088
4468.358	-0.088
4468.515	-0.088
4468.672	-0.088
4468.854	-0.088
4469.010	-0.088
4469.192	-0.088
4469.348	-0.088
4469.505	-0.088
4469.687	-0.088
4469.843	-0.088
4470.025	-0.088
4470.182	-0.088
4470.338	-0.088
4470.520	-0.088
4470.677	-0.088
4470.858	-0.088
4471.015	-0.088
4471.172	-0.088
4471.354	-0.088
4471.510	-0.088
4471.692	-0.088
4471.848	-0.088
4472.005	-0.088
4472.187	-0.088
4472.343	-0.088
4472.525	-0.088
4472.682	-0.088
4472.838	-0.088
4473.020	-0.088
4473.177	-0.088
4473.358	-0.088
4473.515	-0.088
4473.672	-0.088
4473.854	-0.088
4474.010	-0.088
4474.192	-0.088
4474.348	-0.088
4474.505	-0.088
4474.687	-0.088
4474.843	-0.088
4475.025	-0.088
4475.182	-0.088
4475.338	-0.088
4475.520	-0.088
4475.677	-0.088
4475.833	-0.088
4476.015	-0.088
4476.172	-0.088
4476.354	-0.088
4476.510	-0.088
4476.692	-0.088
4476.848	-0.088
4477.005	-0.088
4477.187	-0.088
4477.343	-0.088
4477.500	-0.088
4477.682	-0.088
4477.838	-0.088
4478.020	-0.088
4478.177	-0.088
4478.358	-0.088
4478.515	-0.088
4478.672	-0.088
4478.854	-0.088
4479.010	-0.088
4479.167	-0.088
4479.348	-0.088
4479.505	-0.088
4479.687	-0.088
4479.843	-0.088
4480.025	-0.088
4480.182	-0.088
4480.338	-0.088
4480.520	-0.088
4480.677	-0.088
4480.833	-0.088
4481.015	-0.088
4481.172	-0.088
4481.354	-0.088
4481.510	-0.088
4481.692	-0.088
4481.848	-0.088
4482.005	-0.088
4482.187	-0.088
4482.343	-0.088
4482.500	-0.088
4482.682	-0.088
4482.838	-0.088
4483.020	-0.088
4483.177	-0.088
4483.358	-0.088
4483.515	-0.088
4483.672	-0.088
4483.854	-0.088
4484.010	-0.088
4484.167	-0.088
4484.348	-0.088
4484.505	-0.088
4484.687	-0.088
4484.843	-0.088
4485.025	-0.088
4485.182	-0.088
4485.338	-0.088
4485.520	-0.088
4485.677	-0.088
4485.833	-0.088
4486.015	-0.088
4486.172	-0.088
4486.354	-0.088
4486.510	-0.088
4486.692	-0.088
4486.848	-0.088
4487.005	-0.088
4487.187	-0.088
4487.343	-0.088
4487.500	-0.088
4487.682	-0.088
4487.838	-0.088
4488.020	-0.088
4488.177	-0.088
4488.358	-0.088
4488.515	-0.088
4488.672	-0.088
4488.854	-0.088
4489.010	-0.088
4489.167	-0.088
4489.348	-0.088
4489.505	-0.088
4489.687	-0.088
4489.843	-0.088
4490.025	-0.088
4490.182	-0.088
4490.338	-0.088
4490.520	-0.088
4490.677	-0.088
4490.833	-0.088
4491.015	-0.088
4491.172	-0.088
4491.354	-0.088
4491.510	-0.088
4491.692	-0.088
4491.848	-0.088
4492.005	-0.088
4492.187	-0.088
4492.343	-0.088
4492.500	-0.088
4492.682	-0.088
4492.838	-0.088
4493.020	-0.088
4493.177	-0.088
4493.358	-0.088
4493.515	-0.088
4493.672	-0.088
4493.854	-0.088
4494.010	-0.088
4494.167	-0.088
4494.348	-0.088
4494.505	-0.088
4494.687	-0.088
4494.843	-0.088
4495.025	-0.088
4495.182	-0.088
4495.338	-0.088
4495.520	-0.088
4495.677	-0.088
4495.833	-0.088
4496.015	-0.088
4496.172	-0.088
4496.354	-0.088
4496.510	-0.088
4496.692	-0.088
4496.848	-0.088
4497.005	-0.088
4497.187	-0.088
4497.343	-0.088
4497.500	-0.088
4497.682	-0.088
4497.838	-0.088
4498.020	-0.088
4498.177	-0.088
4498.358	-0.088
4498.515	-0.088
4498.672	-0.088
4498.854	-0.088
4499.010	-0.088
4499.167	-0.088
4499.348	-0.088
4499.505	-0.088
4499.687	-0.088
4499.843	-0.088
4500.025	-0.088
4500.182	-0.088
4500.338	-0.088
4500.520	-0.088
4500.677	-0.088
4500.833	-0.088
4501.015	-0.088
4501.172	-0.088
4501.354	-0.088
4501.510	-0.088
4501.692	-0.088
4501.848	-0.088
4502.005	-0.088
4502.187	-0.088
4502.343	-0.088
4502.500	-0.088
4502.682	-0.088
4502.838	-0.088
4503.020	-0.088
4503.177	-0.088
4503.358	-0.088
4503.515	-0.088
4503.672	-0.088
4503.854	-0.088
4504.010	-0.088
4504.167	-0.088
4504.348	-0.088
4504.505	-0.088
4504.687	-0.088
4504.843	-0.088
4505.025	-0.088
4505.182	-0.088
4505.338	-0.088
4505.520	-0.088
4505.677	-0.088
4505.833	-0.088
4506.015	-0.088
4506.172	-0.088
4506.354	-0.088
4506.510	-0.088
4506.692	-0.088
4506.848	-0.088
4507.005	-0.088
4507.187	-0.088
4507.343	-0.088
4507.500	-0.088
4507.682	-0.088
4507.838	-0.088
4508.020	-0.088
4508.177	-0.088
4508.358	-0.088
4508.515	-0.088
4508.672	-0.088
4508.854	-0.088
4509.010	-0.088
4509.167	-0.088
4509.348	-0.088
4509.505	-0.088
4509.687	-0.088
4509.843	-0.088
4510.025	-0.088
4510.182	-0.088
4510.338	-0.088
4510.520	-0.088
4510.677	-0.088
4510.833	-0.088
4511.015	-0.088
4511.172	-0.088
4511.354	-0.088
4511.510	-0.088
4511.692	-0.088
4511.848	-0.088
4512.005	-0.088
4512.187	-0.088
4512.343	-0.088
4512.500	-0.088
4512.682	-0.088
4512.838	-0.088
4513.020	-0.088
4513.177	-0.088
4513.333	-0.088
4513.515	-0.088
4513.672	-0.088
4513.854	-0.088
4514.010	-0.088
4514.167	-0.088
4514.348	-0.088
4514.505	-0.088
4514.687	-0.088
4514.843	-0.088
4515.000	-0.088
4515.182	-0.088
4515.338	-0.088
4515.520	-0.088
4515.677	-0.088
4515.833	-0.088
4516.015	-0.088
4516.172	-0.088
4516.354	-0.088
4516.510	-0.088
4516.667	-0.088
4516.848	-0.088
4517.005	-0.088
4517.187	-0.088
4517.343	-0.088
4517.500	-0.088
4517.682	-0.088
4517.838	-0.088
4518.020	-0.088
4518.177	-0.088
4518.333	-0.088
4518.515	-0.088
4518.672	-0.088
4518.854	-0.088
4519.010	-0.088
4519.167	-0.088
4519.348	-0.088
4519.505	-0.088
4519.687	-0.088
4519.843	-0.088
4520.000	-0.088
4520.182	-0.088
4520.338	-0.088
4520.520	-0.088
4520.677	-0.088
4520.833	-0.088
4521.015	-0.088
4521.172	-0.088
4521.354	-0.088
4521.510	-0.088
4521.667	-0.088
4521.848	-0.088
4522.005	-0.088
4522.187	-0.088
4522.343	-0.088
4522.500	-0.088
4522.682	-0.088
4522.838	-0.088
4523.020	-0.088
4523.177	-0.088
4523.333	-0.088
4523.515	-0.088
4523.672	-0.088
4523.854	-0.088
4524.010	-0.088
4524.167	-0.088
4524.348	-0.088
4524.505	-0.088
4524.687	-0.088
4524.843	-0.088
4525.000	-0.088
4525.182	-0.088
4525.338	-0.088
4525.520	-0.088
4525.677	-0.088
4525.833	-0.088
4526.015	-0.088
4526.172	-0.088
4526.354	-0.088
4526.510	-0.088
4526.667	-0.088
4526.848	-0.088
4527.005	-0.088
4527.187	-0.088
4527.343	-0.088
4527.500	-0.088
4527.682	-0.088
4527.838	-0.088
4528.020	-0.088
4528.177	-0.088
4528.333	-0.088
4528.515	-0.088
4528.672	-0.088
4528.854	-0.088
4529.010	-0.088
4529.167	-0.088
4529.348	-0.088
4529.505	-0.088
4529.687	-0.088
4529.843	-0.088
4530.000	-0.088
4530.182	-0.088
4530.338	-0.088
4530.520	-0.088
4530.677	-0.088
4530.833	-0.088
4531.015	-0.088
4531.172	-0.088
4531.354	-0.088
4531.510	-0.088
4531.667	-0.088
4531.848	-0.088
4532.005	-0.088
4532.187	-0.088
4532.343	-0.088
4532.500	-0.088
4532.682	-0.088
4532.838	-0.088
4533.020	-0.088
4533.177	-0.088
4533.333	-0.088
4533.515	-0.088
4533.672	-0.088
4533.854	-0.088
4534.010	-0.088
4534.167	-0.088
4534.348	-0.088
4534.505	-0.088
4534.687	-0.088
4534.843	-0.088
4535.000	-0.088
4535.182	-0.088
4535.338	-0.088
4535.520	-0.088
4535.677	-0.088
4535.833	-0.088
4536.015	-0.088
4536.172	-0.088
4536.354	-0.088
4536.510	-0.088
4536.667	-0.088
4536.848	-0.088
4537.005	-0.088
4537.187	-0.088
4537.343	-0.088
4537.500	-0.088
4537.682	-0.088
4537.838	-0.088
4538.020	-0.088
4538.177	-0.088
4538.333	-0.088
4538.515	-0.088
4538.672	-0.088
4538.854	-0.088
4539.010	-0.088
4539.167	-0.088
4539.348	-0.088
4539.505	-0.088
4539.687	-0.088
4539.843	-0.088
4540.000	-0.088
4540.182	-0.088
4540.338	-0.088
4540.520	-0.088
4540.677	-0.088
4540.833	-0.088
4541.015	-0.088
4541.172	-0.088
4541.354	-0.088
4541.510	-0.088
4541.667	-0.088
4541.848	-0.088
4542.005	-0.088
4542.187	-0.088
4542.343	-0.088
4542.500	-0.088
4542.682	-0.088
4542.838	-0.088
4543.020	-0.088
4543.177	-0.088
4543.333	-0.088
4543.515	-0.088
4543.672	-0.088
4543.854	-0.088
4544.010	-0.088
4544.167	-0.088
4544.348	-0.088
4544.505	-0.088
4544.687	-0.088
4544.843	-0.088
4545.000	-0.088
4545.182	-0.088
4545.338	-0.088
4545.520	-0.088
4545.677	-0.088
4545.833	-0.088
4546.015	-0.088
4546.172	-0.088
4546.354	-0.088
4546.510	-0.088
4546.667	-0.088
4546.848	-0.088
4547.005	-0.088
4547.187	-0.088
4547.343	-0.088
4547.500	-0.088
4547.682	-0.088
4547.838	-0.088
4548.020	-0.088
4548.177	-0.088
4548.333	-0.088
4548.515	-0.088
4548.672	-0.088
4548.854	-0.088
4549.010	-0.088
4549.167	-0.088
4549.348	-0.088
4549.505	-0.088
4549.687	-0.088
4549.843	-0.088
4550.000	-0.088
4550.182	-0.088
4550.338	-0.088
4550.520	-0.088
4550.677	-0.088
4550.833	-0.088
4551.015	-0.088
4551.172	-0.088
4551.354	-0.088
4551.510	-0.088
4551.667	-0.088
4551.848	-0.088
4552.005	-0.088
4552.187	-0.088
4552.343	-0.088
4552.500	-0.088
4552.682	-0.088
4552.838	-0.088
4553.020	-0.088
4553.177	-0.088
4553.333	-0.088
4553.515	-0.088
4553.672	-0.088
4553.854	-0.088
4554.010	-0.088
4554.167	-0.088
4554.348	-0.088
4554.505	-0.088
4554.687	-0.088
4554.843	-0.088
4555.000	-0.088
4555.182	-0.088
4555.338	-0.088
4555.520	-0.088
4555.677	-0.088
4555.833	-0.088
4556.015	-0.088
4556.172	-0.088
4556.354	-0.088
4556.510	-0.088
4556.667	-0.088
4556.848	-0.088
4557.005	-0.088
4557.187	-0.088
4557.343	-0.088
4557.500	-0.088
4557.682	-0.088
4557.838	-0.088
4558.020	-0.088
4558.177	-0.088
4558.333	-0.088
4558.515	-0.088
4558.672	-0.088
4558.854	-0.088
4559.010	-0.088
4559.167	-0.088
4559.348	-0.088
4559.505	-0.088
4559.687	-0.088
4559.843	-0.088
4560.000	-0.088
4560.182	-0.088
4560.338	-0.088
4560.520	-0.088
4560.677	-0.088
4560.833	-0.088
4561.015	-0.088
4561.172	-0.088
4561.354	-0.088
4561.510	-0.088
4561.667	-0.088
4561.848	-0.088
4562.005	-0.088
4562.187	-0.088
4562.343	-0.088
4562.500	-0.088
4562.682	-0.088
4562.838	-0.088
4563.020	-0.088
4563.177	-0.088
4563.333	-0.088
4563.515	-0.088
4563.672	-0.088
4563.854	-0.088
4564.010	-0.088
4564.167	-0.088
4564.348	-0.088
4564.505	-0.088
4564.687	-0.088
4564.843	-0.088
4565.000	-0.088
4565.182	-0.088
4565.338	-0.088
4565.520	-0.088
4565.677	-0.088
4565.833	-0.088
4566.015	-0.088
4566.172	-0.088
4566.354	-0.088
4566.510	-0.088
4566.667	-0.088
4566.848	-0.088
4567.005	-0.088
4567.187	-0.088
4567.343	-0.088
4567.500	-0.088
4567.682	-0.088
4567.838	-0.088
4568.020	-0.088
4568.177	-0.088
4568.333	-0.088
4568.515	-0.088
4568.672	-0.088
4568.854	-0.088
4569.010	-0.088
4569.167	-0.088
4569.348	-0.088
4569.505	-0.088
4569.687	-0.088
4569.843	-0.088
4570.000	-0.088
4570.182	-0.088
4570.338	-0.088
4570.520	-0.088
4570.677	-0.088
4570.833	-0.088
4571.015	-0.088
4571.172	-0.088
4571.354	-0.088
4571.510	-0.088
4571.667	-0.088
4571.848	-0.088
4572.005	-0.088
4572.187	-0.088
4572.343	-0.088
4572.500	-0.088
4572.682	-0.088
4572.838	-0.088
4573.020	-0.088
4573.177	-0.088
4573.333	-0.088
4573.515	-0.088
4573.672	-0.088
4573.854	-0.088
4574.010	-0.088
4574.167	-0.088
4574.348	-0.088
4574.505	-0.088
4574.687	-0.088
4574.843	-0.088
4575.000	-0.088
4575.182	-0.088
4575.338	-0.088
4575.520	-0.088
4575.677	-0.088
4575.833	-0.088
4576.015	-0.088
4576.172	-0.088
4576.354	-0.088
4576.510	-0.088
4576.667	-0.088
4576.848	-0.088
4577.005	-0.088
4577.187	-0.088
4577.343	-0.088
4577.500	-0.088
4577.682	-0.088
4577.838	-0.088
4578.020	-0.088
4578.177	-0.088
4578.333	-0.088
4578.515	-0.088
4578.672	-0.088
4578.854	-0.088
4579.010	-0.088
4579.167	-0.088
4579.348	-0.088
4579.505	-0.088
4579.687	-0.088
4579.843	-0.088
4580.000	-0.088
4580.182	-0.088
4580.338	-0.088
4580.520	-0.088
4580.677	-0.088
4580.833	-0.088
4581.015	-0.088
4581.172	-0.088
4581.354	-0.088
4581.510	-0.088
4581.667	-0.088
4581.848	-0.088
4582.005	-0.088
4582.187	-0.088
4582.343	-0.088
4582.500	-0.088
4582.682	-0.088
4582.838	-0.088
4583.020	-0.088
4583.177	-0.088
4583.333	-0.088
4583.515	-0.088
4583.672	-0.088
4583.854	-0.088
4584.010	-0.088
4584.167	-0.088
4584.348	-0.088
4584.505	-0.088
4584.687	-0.088
4584.843	-0.088
4585.000	-0.088
4585.182	-0.088
4585.338	-0.088
4585.520	-0.088
4585.677	-0.088
4585.833	-0.088
4586.015	-0.088
4586.172	-0.088
4586.327	-0.088
4586.510	-0.088
4586.667	-0.088
4586.848	-0.088
4587.005	-0.088
4587.187	-0.088
4587.343	-0.088
4587.500	-0.088
4587.682	-0.088
4587.838	-0.088
4588.020	-0.088
4588.177	-0.088
4588.333	-0.088
4588.515	-0.088
4588.672	-0.088
4588.854	-0.088
4589.010	-0.088
4589.167	-0.088
4589.348	-0.088
4589.505	-0.088
4589.660	-0.088
4589.843	-0.088
4590.000	-0.088
4590.182	-0.088
4590.338	-0.088
4590.520	-0.088
4590.677	-0.088
4590.833	-0.088
4591.015	-0.088
4591.172	-0.088
4591.327	-0.088
4591.510	-0.088
4591.667	-0.088
4591.848	-0.088
4592.005	-0.088
4592.187	-0.088
4592.343	-0.088
4592.500	-0.088
4592.682	-0.088
4592.838	-0.088
4592.993	-0.088
4593.177	-0.088
4593.333	-0.088
4593.515	-0.088
4593.672	-0.088
4593.854	-0.088
4594.010	-0.088
4594.167	-0.088
4594.348	-0.088
4594.505	-0.088
4594.660	-0.088
4594.843	-0.088
4595.000	-0.088
4595.182	-0.088
4595.338	-0.088
4595.493	-0.088
4595.677	-0.088
4595.833	-0.088
4596.015	-0.088
4596.172	-0.088
4596.327	-0.088
4596.510	-0.088
4596.667	-0.088
4596.848	-0.088
4597.005	-0.088
4597.160	-0.088
4597.343	-0.088
4597.500	-0.088
4597.682	-0.088
4597.838	-0.088
4597.993	-0.088
4598.177	-0.088
4598.333	-0.088
4598.515	-0.088
4598.672	-0.088
4598.827	-0.088
4599.010	-0.088
4599.167	-0.088
4599.348	-0.088
4599.505	-0.088
4599.660	-0.088
4599.843	-0.088
4600.000	-0.088
4600.182	-0.088
4600.338	-0.088
4600.493	-0.088
4600.677	-0.088
4600.833	-0.088
4601.015	-0.088
4601.172	-0.088
4601.327	-0.088
4601.510	-0.088
4601.667	-0.088
4601.848	-0.088
4602.005	-0.088
4602.160	-0.088
4602.343	-0.088
4602.500	-0.088
4602.682	-0.088
4602.838	-0.088
4602.993	-0.088
4603.177	-0.088
4603.333	-0.088
4603.515	-0.088
4603.672	-0.088
4603.827	-0.088
4604.010	-0.088
4604.167	-0.088
4604.348	-0.088
4604.505	-0.088
4604.660	-0.088
4604.843	-0.088
4605.000	-0.088
4605.182	-0.088
4605.338	-0.088
4605.493	-0.088
4605.677	-0.088
4605.833	-0.088
4606.015	-0.088
4606.172	-0.088
4606.327	-0.088
4606.510	-0.088
4606.667	-0.088
4606.848	-0.088
4607.005	-0.088
4607.160	-0.088
4607.343	-0.088
4607.500	-0.088
4607.682	-0.088
4607.838	-0.088
4607.993	-0.088
4608.177	-0.088
4608.333	-0.088
4608.515	-0.088
4608.672	-0.088
4608.827	-0.088
4609.010	-0.088
4609.167	-0.088
4609.348	-0.088
4609.505	-0.088
4609.660	-0.088
4609.843	-0.088
4610.000	-0.088
4610.182	-0.088
4610.338	-0.088
4610.493	-0.088
4610.677	-0.088
4610.833	-0.088
4611.015	-0.088
4611.172	-0.088
4611.327	-0.088
4611.510	-0.088
4611.667	-0.088
4611.848	-0.088
4612.005	-0.088
4612.160	-0.088
4612.343	-0.088
4612.500	-0.088
4612.682	-0.088
4612.838	-0.088
4612.993	-0.088
4613.177	-0.088
4613.333	-0.088
4613.515	-0.088
4613.672	-0.088
4613.827	-0.088
4614.010	-0.088
4614.167	-0.088
4614.348	-0.088
4614.505	-0.088
4614.660	-0.088
4614.843	-0.088
4615.000	-0.088
4615.182	-0.088
4615.338	-0.088
4615.493	-0.088
4615.677	-0.088
4615.833	-0.088
4616.015	-0.088
4616.172	-0.088
4616.327	-0.088
4616.510	-0.088
4616.667	-0.088
4616.848	-0.088
4617.005	-0.088
4617.160	-0.088
4617.343	-0.088
4617.500	-0.088
4617.682	-0.088
4617.838	-0.088
4617.993	-0.088
4618.177	-0.088
4618.333	-0.088
4618.515	-0.088
4618.672	-0.088
4618.827	-0.088
4619.010	-0.088
4619.167	-0.088
4619.348	-0.088
4619.505	-0.088
4619.660	-0.088
4619.843	-0.088
4620.000	-0.088
4620.182	-0.088
4620.338	-0.088
4620.493	-0.088
4620.677	-0.088
4620.833	-0.088
4621.015	-0.088
4621.172	-0.088
4621.327	-0.088
4621.510	-0.088
4621.667	-0.088
4621.848	-0.088
4622.005	-0.088
4622.160	-0.088
4622.343	-0.088
4622.500	-0.088
4622.682	-0.088
4622.838	-0.088
4622.993	-0.088
4623.177	-0.088
4623.333	-0.088
4623.515	-0.088
4623.672	-0.088
4623.827	-0.088
4624.010	-0.088
4624.167	-0.088
4624.348	-0.088
4624.505	-0.088
4624.660	-0.088
4624.843	-0.088
4625.000	-0.088
4625.182	-0.088
4625.338	-0.088
4625.493	-0.088
4625.677	-0.088
4625.833	-0.088
4626.015	-0.088
4626.172	-0.088
4626.327	-0.088
4626.510	-0.088
4626.667	-0.088
4626.848	-0.088
4627.005	-0.088
4627.160	-0.088
4627.343	-0.088
4627.500	-0.088
4627.682	-0.088
4627.838	-0.088
4627.993	-0.088
4628.177	-0.088
4628.333	-0.088
4628.515	-0.088
4628.672	-0.088
4628.827	-0.088
4629.010	-0.088
4629.167	-0.088
4629.348	-0.088
4629.505	-0.088
4629.660	-0.088
4629.843	-0.088
4630.000	-0.088
4630.182	-0.088
4630.338	-0.088
4630.493	-0.088
4630.677	-0.088
4630.833	-0.088
4631.015	-0.088
4631.172	-0.088
4631.327	-0.088
4631.510	-0.088
4631.667	-0.088
4631.848	-0.088
4632.005	-0.088
4632.160	-0.088
4632.343	-0.088
4632.500	-0.088
4632.682	-0.088
4632.838	-0.088
4632.993	-0.088
4633.177	-0.088
4633.333	-0.088
4633.515	-0.088
4633.672	-0.088
4633.827	-0.088
4634.010	-0.088
4634.167	-0.088
4634.348	-0.088
4634.505	-0.088
4634.660	-0.088
4634.843	-0.088
4635.000	-0.088
4635.182	-0.088
4635.338	-0.088
4635.493	-0.088
4635.677	-0.088
4635.833	-0.088
4636.015	-0.088
4636.172	-0.088
4636.327	-0.088
4636.510	-0.089
4636.667	-0.088
4636.848	-0.088
4637.005	-0.088
4637.160	-0.088
4637.343	-0.088
4637.500	-0.088
4637.682	-0.088
4637.838	-0.088
4637.993	-0.088
4638.177	-0.088
4638.333	-0.088
4638.515	-0.088
4638.672	-0.088
4638.827	-0.088
4639.010	-0.088
4639.167	-0.088
4639.348	-0.088
4639.505	-0.088
4639.660	-0.088
4639.843	-0.088
4640.000	-0.088
4640.182	-0.088
4640.338	-0.088
4640.493	-0.088
4640.677	-0.088
4640.833	-0.088
4641.015	-0.088
4641.172	-0.088
4641.327	-0.088
4641.510	-0.088
4641.667	-0.088
4641.848	-0.088
4642.005	-0.088
4642.160	-0.088
4642.343	-0.088
4642.500	-0.088
4642.682	-0.088
4642.838	-0.088
4642.993	-0.088
4643.177	-0.088
4643.333	-0.088
4643.515	-0.088
4643.672	-0.088
4643.827	-0.088
4644.010	-0.088
4644.167	-0.088
4644.348	-0.088
4644.505	-0.088
4644.660	-0.088
4644.843	-0.088
4645.000	-0.088
4645.182	-0.088
4645.338	-0.088
4645.493	-0.088
4645.677	-0.088
4645.833	-0.088
4646.015	-0.088
4646.172	-0.088
4646.327	-0.088
4646.510	-0.088
4646.667	-0.088
4646.848	-0.088
4647.005	-0.088
4647.160	-0.088
4647.343	-0.088
4647.500	-0.088
4647.682	-0.088
4647.838	-0.088
4647.993	-0.088
4648.177	-0.088
4648.333	-0.088
4648.515	-0.088
4648.672	-0.088
4648.827	-0.088
4649.010	-0.088
4649.167	-0.088
4649.348	-0.088
4649.505	-0.088
4649.660	-0.088
4649.843	-0.088
4650.000	-0.088
4650.182	-0.088
4650.338	-0.088
4650.493	-0.088
4650.677	-0.088
4650.833	-0.088
4651.015	-0.088
4651.172	-0.088
4651.327	-0.088
4651.510	-0.088
4651.667	-0.088
4651.848	-0.088
4652.005	-0.088
4652.160	-0.088
4652.343	-0.088
4652.500	-0.088
4652.682	-0.088
4652.838	-0.088
4652.993	-0.088
4653.177	-0.088
4653.333	-0.088
4653.515	-0.088
4653.672	-0.088
4653.827	-0.088
4654.010	-0.088
4654.167	-0.088
4654.348	-0.088
4654.505	-0.088
4654.660	-0.088
4654.843	-0.088
4655.000	-0.088
4655.182	-0.088
4655.338	-0.088
4655.493	-0.088
4655.677	-0.088
4655.833	-0.088
4656.015	-0.088
4656.172	-0.088
4656.327	-0.088
4656.510	-0.088
4656.667	-0.088
4656.848	-0.088
4657.005	-0.088
4657.160	-0.088
4657.343	-0.088
4657.500	-0.088
4657.682	-0.088
4657.838	-0.088
4657.993	-0.088
4658.177	-0.088
4658.333	-0.088
4658.515	-0.088
4658.672	-0.088
4658.827	-0.088
4659.010	-0.088
4659.167	-0.088
4659.348	-0.088
4659.505	-0.088
4659.660	-0.088
4659.843	-0.088
4660.000	-0.088
4660.182	-0.088
4660.338	-0.088
4660.493	-0.088
4660.677	-0.088
4660.833	-0.088
4661.015	-0.088
4661.172	-0.088
4661.327	-0.088
4661.510	-0.088
4661.667	-0.088
4661.848	-0.088
4662.005	-0.088
4662.160	-0.088
4662.343	-0.088
4662.500	-0.088
4662.682	-0.088
4662.838	-0.088
4662.993	-0.088
4663.177	-0.088
4663.333	-0.088
4663.515	-0.088
4663.672	-0.088
4663.827	-0.088
4664.010	-0.088
4664.167	-0.088
4664.348	-0.088
4664.505	-0.088
4664.660	-0.088
4664.843	-0.088
4665.000	-0.088
4665.182	-0.088
4665.338	-0.088
4665.493	-0.088
4665.677	-0.089
4665.833	-0.088
4666.015	-0.088
4666.172	-0.088
4666.327	-0.088
4666.510	-0.088
4666.667	-0.088
4666.848	-0.088
4667.005	-0.088
4667.160	-0.088
4667.343	-0.088
4667.500	-0.088
4667.682	-0.088
4667.838	-0.088
4667.993	-0.088
4668.177	-0.088
4668.333	-0.088
4668.515	-0.088
4668.672	-0.088
4668.827	-0.088
4669.010	-0.088
4669.167	-0.088
4669.348	-0.088
4669.505	-0.088
4669.660	-0.088
4669.843	-0.088
4670.000	-0.088
4670.182	-0.088
4670.338	-0.088
4670.493	-0.088
4670.677	-0.088
4670.833	-0.088
4671.015	-0.088
4671.172	-0.088
4671.327	-0.088
4671.510	-0.088
4671.667	-0.088
4671.848	-0.088
4672.005	-0.088
4672.160	-0.088
4672.343	-0.088
4672.500	-0.088
4672.682	-0.088
4672.838	-0.088
4672.993	-0.088
4673.177	-0.088
4673.333	-0.088
4673.515	-0.089
4673.672	-0.088
4673.827	-0.088
4674.010	-0.088
4674.167	-0.088
4674.348	-0.088
4674.505	-0.088
4674.660	-0.088
4674.843	-0.088
4675.000	-0.088
4675.182	-0.088
4675.338	-0.088
4675.493	-0.088
4675.677	-0.088
4675.833	-0.088
4676.015	-0.088
4676.172	-0.088
4676.327	-0.088
4676.510	-0.088
4676.667	-0.088
4676.848	-0.088
4677.005	-0.088
4677.160	-0.088
4677.343	-0.088
4677.500	-0.088
4677.655	-0.088
4677.838	-0.088
4677.993	-0.088
4678.177	-0.088
4678.333	-0.088
4678.488	-0.088
4678.672	-0.088
4678.827	-0.088
4679.010	-0.088
4679.167	-0.088
4679.348	-0.088
4679.505	-0.088
4679.660	-0.088
4679.843	-0.088
4680.000	-0.088
4680.182	-0.088
4680.338	-0.088
4680.493	-0.088
4680.677	-0.088
4680.833	-0.088
4680.988	-0.088
4681.172	-0.088
4681.327	-0.088
4681.510	-0.088
4681.667	-0.088
4681.848	-0.088
4682.005	-0.088
4682.160	-0.089
4682.343	-0.088
4682.500	-0.088
4682.682	-0.088
4682.838	-0.088
4682.993	-0.088
4683.177	-0.088
4683.333	-0.088
4683.488	-0.088
4683.672	-0.088
4683.827	-0.088
4684.010	-0.088
4684.167	-0.088
4684.348	-0.088
4684.505	-0.088
4684.660	-0.088
4684.843	-0.088
4685.000	-0.088
4685.182	-0.088
4685.338	-0.088
4685.520	-0.088
4685.677	-0.089
4685.833	-0.088
4686.015	-0.088
4686.172	-0.088
4686.327	-0.088
4686.510	-0.088
4686.667	-0.088
4686.848	-0.088
4687.005	-0.088
4687.160	-0.088
4687.343	-0.088
4687.500	-0.088
4687.682	-0.088
4687.838	-0.088
4687.993	-0.088
4688.177	-0.088
4688.333	-0.088
4688.515	-0.088
4688.672	-0.088
4688.827	-0.088
4689.010	-0.088
4689.167	-0.088
4689.348	-0.088
4689.505	-0.088
4689.660	-0.088
4689.843	-0.088
4690.000	-0.088
4690.155	-0.088
4690.338	-0.088
4690.493	-0.088
4690.677	-0.088
4690.833	-0.088
4691.015	-0.088
4691.172	-0.088
4691.327	-0.088
4691.510	-0.088
4691.667	-0.088
4691.822	-0.088
4692.005	-0.088
4692.160	-0.088
4692.343	-0.088
4692.500	-0.088
4692.682	-0.088
4692.838	-0.088
4692.993	-0.088
4693.177	-0.088
4693.333	-0.088
4693.515	-0.088
4693.672	-0.088
4693.827	-0.088
4694.010	-0.088
4694.167	-0.088
4694.348	-0.088
4694.505	-0.088
4694.660	-0.088
4694.843	-0.088
4695.000	-0.088
4695.155	-0.088
4695.338	-0.088
4695.493	-0.088
4695.677	-0.088
4695.833	-0.088
4696.015	-0.088
4696.172	-0.088
4696.327	-0.088
4696.510	-0.088
4696.667	-0.088
4696.822	-0.088
4697.005	-0.088
4697.160	-0.088
4697.343	-0.088
4697.500	-0.088
4697.682	-0.088
4697.838	-0.088
4697.993	-0.088
4698.177	-0.088
4698.333	-0.088
4698.515	-0.088
4698.672	-0.088
4698.827	-0.088
4699.010	-0.088
4699.167	-0.088
4699.322	-0.088
4699.505	-0.088
4699.660	-0.088
4699.843	-0.088
4700.000	-0.088
4700.182	-0.088
4700.338	-0.088
4700.493	-0.088
4700.677	-0.088
4700.833	-0.088
4700.988	-0.088
4701.172	-0.088
4701.327	-0.088
4701.510	-0.088
4701.667	-0.088
4701.848	-0.088
4702.005	-0.088
4702.160	-0.088
4702.343	-0.088
4702.500	-0.088
4702.655	-0.088
4702.838	-0.088
4702.993	-0.088
4703.177	-0.088
4703.333	-0.088
4703.488	-0.088
4703.672	-0.088
4703.827	-0.088
4704.010	-0.088
4704.167	-0.088
4704.348	-0.088
4704.505	-0.088
4704.660	-0.088
4704.843	-0.088
4705.000	-0.088
4705.155	-0.088
4705.338	-0.088
4705.493	-0.088
4705.677	-0.088
4705.833	-0.088
4706.015	-0.088
4706.172	-0.088
4706.327	-0.088
4706.510	-0.088
4706.667	-0.088
4706.822	-0.088
4707.005	-0.088
4707.160	-0.088
4707.343	-0.088
4707.500	-0.088
4707.682	-0.088
4707.838	-0.088
4707.993	-0.088
4708.177	-0.088
4708.333	-0.088
4708.488	-0.088
4708.672	-0.088
4708.827	-0.088
4709.010	-0.088
4709.167	-0.088
4709.348	-0.088
4709.505	-0.088
4709.660	-0.088
4709.843	-0.088
4710.000	-0.088
4710.182	-0.088
4710.338	-0.088
4710.493	-0.088
4710.677	-0.088
4710.833	-0.088
4710.988	-0.088
4711.172	-0.088
4711.327	-0.088
4711.510	-0.088
4711.667	-0.088
4711.822	-0.088
4712.005	-0.088
4712.160	-0.088
4712.343	-0.088
4712.500	-0.088
4712.655	-0.088
4712.838	-0.088
4712.993	-0.088
4713.177	-0.088
4713.333	-0.088
4713.488	-0.088
4713.672	-0.088
4713.827	-0.088
4714.010	-0.088
4714.167	-0.088
4714.322	-0.088
4714.505	-0.088
4714.660	-0.088
4714.843	-0.088
4715.000	-0.088
4715.155	-0.088
4715.338	-0.088
4715.493	-0.088
4715.677	-0.088
4715.833	-0.088
4715.988	-0.088
4716.172	-0.088
4716.327	-0.088
4716.510	-0.088
4716.667	-0.088
4716.822	-0.088
4717.005	-0.088
4717.160	-0.088
4717.343	-0.088
4717.500	-0.088
4717.655	-0.088
4717.838	-0.088
4717.993	-0.088
4718.177	-0.088
4718.333	-0.088
4718.488	-0.088
4718.672	-0.088
4718.827	-0.088
4719.010	-0.088
4719.167	-0.088
4719.322	-0.088
4719.505	-0.088
4719.660	-0.088
4719.843	-0.088
4720.000	-0.088
4720.155	-0.088
4720.338	-0.088
4720.493	-0.088
4720.677	-0.088
4720.833	-0.088
4720.988	-0.088
4721.172	-0.088
4721.327	-0.088
4721.510	-0.088
4721.667	-0.088
4721.822	-0.088
4722.005	-0.088
4722.160	-0.088
4722.343	-0.088
4722.500	-0.088
4722.655	-0.088
4722.838	-0.088
4722.993	-0.088
4723.177	-0.088
4723.333	-0.088
4723.488	-0.088
4723.672	-0.088
4723.827	-0.088
4724.010	-0.088
4724.167	-0.088
4724.322	-0.088
4724.505	-0.088
4724.660	-0.088
4724.843	-0.088
4725.000	-0.088
4725.155	-0.088
4725.338	-0.088
4725.493	-0.088
4725.677	-0.088
4725.833	-0.088
4725.988	-0.088
4726.172	-0.088
4726.327	-0.088
4726.510	-0.088
4726.667	-0.088
4726.822	-0.088
4727.005	-0.088
4727.160	-0.088
4727.343	-0.088
4727.500	-0.088
4727.655	-0.088
4727.838	-0.088
4727.993	-0.088
4728.177	-0.088
4728.333	-0.088
4728.488	-0.088
4728.672	-0.088
4728.827	-0.088
4729.010	-0.088
4729.167	-0.088
4729.322	-0.088
4729.505	-0.088
4729.660	-0.088
4729.843	-0.089
4730.000	-0.088
4730.155	-0.088
4730.338	-0.088
4730.493	-0.088
4730.677	-0.088
4730.833	-0.088
4730.988	-0.088
4731.172	-0.088
4731.327	-0.088
4731.510	-0.088
4731.667	-0.088
4731.822	-0.088
4732.005	-0.088
4732.160	-0.088
4732.343	-0.088
4732.500	-0.088
4732.655	-0.088
4732.838	-0.088
4732.993	-0.088
4733.177	-0.088
4733.333	-0.088
4733.488	-0.088
4733.672	-0.088
4733.827	-0.088
4734.010	-0.088
4734.167	-0.088
4734.322	-0.088
4734.505	-0.088
4734.660	-0.088
4734.843	-0.088
4735.000	-0.088
4735.155	-0.088
4735.338	-0.088
4735.493	-0.088
4735.677	-0.088
4735.833	-0.088
4735.988	-0.088
4736.172	-0.088
4736.327	-0.088
4736.510	-0.088
4736.667	-0.088
4736.822	-0.088
4737.005	-0.088
4737.160	-0.088
4737.343	-0.088
4737.500	-0.088
4737.655	-0.088
4737.838	-0.088
4737.993	-0.088
4738.177	-0.088
4738.333	-0.088
4738.488	-0.088
4738.672	-0.088
4738.827	-0.088
4739.010	-0.088
4739.167	-0.088
4739.322	-0.088
4739.505	-0.088
4739.660	-0.088
4739.843	-0.088
4740.000	-0.088
4740.155	-0.088
4740.338	-0.088
4740.493	-0.088
4740.677	-0.088
4740.833	-0.088
4740.988	-0.088
4741.172	-0.088
4741.327	-0.088
4741.510	-0.088
4741.667	-0.088
4741.822	-0.088
4742.005	-0.088
4742.160	-0.088
4742.343	-0.088
4742.500	-0.088
4742.655	-0.088
4742.838	-0.088
4742.993	-0.088
4743.177	-0.088
4743.333	-0.088
4743.488	-0.088
4743.672	-0.088
4743.827	-0.088
4744.010	-0.088
4744.167	-0.088
4744.322	-0.088
4744.505	-0.088
4744.660	-0.088
4744.843	-0.088
4745.000	-0.088
4745.182	-0.088
4745.338	-0.088
4745.493	-0.088
4745.677	-0.088
4745.833	-0.088
4745.988	-0.088
4746.172	-0.088
4746.327	-0.088
4746.510	-0.088
4746.667	-0.088
4746.822	-0.088
4747.005	-0.088
4747.160	-0.088
4747.343	-0.088
4747.500	-0.088
4747.655	-0.088
4747.838	-0.088
4747.993	-0.088
4748.177	-0.088
4748.333	-0.088
4748.488	-0.088
4748.672	-0.088
4748.827	-0.088
4749.010	-0.088
4749.167	-0.088
4749.322	-0.088
4749.505	-0.088
4749.660	-0.088
4749.843	-0.088
4750.000	-0.088
4750.155	-0.088
4750.338	-0.088
4750.493	-0.088
4750.677	-0.088
4750.833	-0.088
4750.988	-0.088
4751.172	-0.088
4751.327	-0.088
4751.510	-0.088
4751.667	-0.088
4751.822	-0.088
4752.005	-0.088
4752.160	-0.088
4752.343	-0.088
4752.500	-0.088
4752.655	-0.088
4752.838	-0.088
4752.993	-0.088
4753.177	-0.088
4753.333	-0.088
4753.488	-0.088
4753.672	-0.088
4753.827	-0.088
4754.010	-0.088
4754.167	-0.088
4754.322	-0.088
4754.505	-0.088
4754.660	-0.088
4754.843	-0.088
4755.000	-0.088
4755.182	-0.088
4755.338	-0.088
4755.493	-0.088
4755.677	-0.088
4755.833	-0.088
4755.988	-0.088
4756.172	-0.088
4756.327	-0.088
4756.483	-0.088
4756.667	-0.088
4756.822	-0.088
4757.005	-0.088
4757.160	-0.088
4757.343	-0.088
4757.500	-0.088
4757.655	-0.088
4757.838	-0.088
4757.993	-0.088
4758.177	-0.088
4758.333	-0.089
4758.488	-0.088
4758.672	-0.088
4758.827	-0.088
4758.983	-0.088
4759.167	-0.088
4759.322	-0.089
4759.505	-0.088
4759.660	-0.088
4759.817	-0.088
4760.000	-0.088
4760.155	-0.088
4760.338	-0.088
4760.493	-0.088
4760.677	-0.088
4760.833	-0.088
4760.988	-0.088
4761.172	-0.088
4761.327	-0.088
4761.510	-0.088
4761.667	-0.088
4761.822	-0.088
4762.005	-0.088
4762.160	-0.088
4762.317	-0.088
4762.500	-0.088
4762.655	-0.088
4762.838	-0.088
4762.993	-0.088
4763.567	-0.088
4763.567	-0.088
4763.567	-0.088
4763.672	-0.088
4763.827	-0.089
4763.983	-0.088
4764.167	-0.089
4764.322	-0.088
4764.505	-0.088
4764.660	-0.088
4764.817	-0.088
4765.000	-0.088
4765.155	-0.088
4765.338	-0.088
4765.493	-0.088
4765.650	-0.088
4765.833	-0.088
4765.988	-0.088
4766.172	-0.088
4766.327	-0.088
4766.483	-0.088
4766.667	-0.088
4766.822	-0.088
4767.005	-0.088
4767.160	-0.088
4767.317	-0.088
4767.500	-0.088
4767.655	-0.088
4767.838	-0.088
4767.993	-0.088
4768.150	-0.088
4768.333	-0.088
4768.488	-0.088
4768.672	-0.088
4768.827	-0.088
4769.010	-0.088
4769.167	-0.088
4769.322	-0.088
4769.505	-0.088
4769.660	-0.088
4769.817	-0.088
4770.000	-0.088
4770.155	-0.088
4770.338	-0.088
4770.493	-0.088
4770.650	-0.088
4770.833	-0.088
4770.988	-0.088
4771.172	-0.088
4771.327	-0.088
4771.483	-0.088
4771.667	-0.088
4771.822	-0.088
4772.005	-0.088
4772.160	-0.088
4772.317	-0.088
4772.500	-0.088
4772.655	-0.088
4772.838	-0.088
4772.993	-0.088
4773.150	-0.088
4773.333	-0.088
4773.488	-0.088
4773.672	-0.088
4773.827	-0.088
4773.983	-0.088
4774.167	-0.088
4774.322	-0.088
4774.505	-0.088
4774.660	-0.088
4774.817	-0.088
4775.000	-0.088
4775.155	-0.088
4775.338	-0.089
4775.493	-0.088
4775.677	-0.088
4775.833	-0.088
4775.988	-0.088
4776.172	-0.088
4776.327	-0.088
4776.483	-0.088
4776.667	-0.088
4776.822	-0.088
4777.005	-0.088
4777.160	-0.088
4777.317	-0.088
4777.500	-0.088
4777.655	-0.089
4777.838	-0.088
4777.993	-0.089
4778.177	-0.088
4778.333	-0.088
4778.488	-0.088
4778.672	-0.088
4778.827	-0.088
4778.983	-0.088
4779.167	-0.088
4779.322	-0.088
4779.505	-0.088
4779.660	-0.088
4779.817	-0.088
4780.000	-0.088
4780.155	-0.088
4780.338	-0.088
4780.493	-0.088
4780.650	-0.088
4780.833	-0.088
4780.988	-0.088
4781.172	-0.088
4781.327	-0.088
4781.483	-0.088
4781.667	-0.088
4781.822	-0.088
4782.005	-0.088
4782.160	-0.088
4782.317	-0.088
4782.500	-0.088
4782.655	-0.088
4782.838	-0.088
4782.993	-0.088
4783.150	-0.088
4783.333	-0.088
4783.488	-0.088
4783.672	-0.088
4783.827	-0.088
4783.983	-0.088
4784.167	-0.088
4784.322	-0.088
4784.505	-0.088
4784.660	-0.088
4784.817	-0.088
4785.000	-0.088
4785.155	-0.088
4785.338	-0.088
4785.493	-0.088
4785.650	-0.088
4785.833	-0.088
4785.988	-0.088
4786.172	-0.088
4786.327	-0.088
4786.483	-0.088
4786.667	-0.088
4786.822	-0.088
4787.005	-0.088
4787.160	-0.088
4787.317	-0.088
4787.500	-0.088
4787.655	-0.088
4787.838	-0.088
4787.993	-0.088
4788.150	-0.088
4788.333	-0.088
4788.488	-0.088
4788.672	-0.088
4788.827	-0.088
4788.983	-0.088
4789.167	-0.088
4789.322	-0.088
4789.505	-0.088
4789.660	-0.088
4789.817	-0.088
4790.000	-0.088
4790.155	-0.088
4790.338	-0.088
4790.493	-0.088
4790.650	-0.088
4790.833	-0.088
4790.988	-0.089
4791.172	-0.088
4791.327	-0.088
4791.510	-0.088
4791.667	-0.088
4791.822	-0.088
4792.005	-0.088
4792.160	-0.088
4792.317	-0.088
4792.500	-0.088
4792.655	-0.088
4792.838	-0.088
4792.993	-0.088
4793.150	-0.088
4793.333	-0.088
4793.488	-0.088
4793.672	-0.088
4793.827	-0.088
4793.983	-0.088
4794.167	-0.088
4794.322	-0.088
4794.505	-0.088
4794.660	-0.088
4794.817	-0.088
4795.000	-0.088
4795.155	-0.088
4795.338	-0.088
4795.493	-0.088
4795.677	-0.088
4795.833	-0.088
4795.988	-0.089
4796.172	-0.088
4796.327	-0.088
4796.510	-0.088
4796.667	-0.088
4796.822	-0.088
4797.005	-0.088
4797.160	-0.088
4797.317	-0.088
4797.500	-0.088
4797.655	-0.088
4797.838	-0.088
4797.993	-0.088
4798.150	-0.088
4798.333	-0.088
4798.488	-0.088
4798.672	-0.088
4798.827	-0.088
4798.983	-0.088
4799.167	-0.088
4799.322	-0.088
4799.505	-0.088
4799.660	-0.088
4799.843	-0.088
4800.000	-0.089
4800.155	-0.088
4800.338	-0.088
4800.493	-0.088
4800.677	-0.088
4800.833	-0.088
4800.988	-0.088
4801.172	-0.088
4801.327	-0.088
4801.510	-0.088
4801.667	-0.088
4801.822	-0.088
4802.005	-0.088
4802.160	-0.088
4802.343	-0.088
4802.500	-0.088
4802.655	-0.088
4802.838	-0.088
4802.993	-0.088
4803.177	-0.088
4803.333	-0.088
4803.488	-0.088
4803.672	-0.088
4803.827	-0.088
4804.010	-0.088
4804.167	-0.088
4804.322	-0.088
4804.505	-0.088
4804.660	-0.088
4804.843	-0.088
4805.000	-0.088
4805.155	-0.088
4805.338	-0.088
4805.493	-0.088
4805.677	-0.088
4805.833	-0.088
4805.988	-0.088
4806.172	-0.088
4806.327	-0.088
4806.510	-0.088
4806.667	-0.088
4806.822	-0.088
4807.005	-0.088
4807.160	-0.088
4807.343	-0.088
4807.500	-0.088
4807.655	-0.088
4807.838	-0.088
4807.993	-0.088
4808.177	-0.088
4808.333	-0.088
4808.488	-0.088
4808.672	-0.088
4808.827	-0.089
4809.010	-0.088
4809.167	-0.088
4809.322	-0.088
4809.505	-0.088
4809.660	-0.089
4809.843	-0.088
4810.000	-0.088
4810.155	-0.088
4810.338	-0.088
4810.493	-0.088
4810.677	-0.088
4810.833	-0.088
4810.988	-0.088
4811.172	-0.088
4811.327	-0.089
4811.510	-0.088
4811.667	-0.088
4811.822	-0.088
4812.005	-0.088
4812.160	-0.088
4812.343	-0.089
4812.500	-0.088
4812.655	-0.088
4812.838	-0.088
4812.993	-0.088
4813.177	-0.088
4813.333	-0.088
4813.488	-0.088
4813.672	-0.088
4813.827	-0.088
4814.010	-0.088
4814.167	-0.088
4814.322	-0.088
4814.505	-0.088
4814.660	-0.088
4814.843	-0.088
4815.000	-0.088
4815.155	-0.088
4815.338	-0.088
4815.493	-0.088
4815.677	-0.088
4815.833	-0.088
4815.988	-0.088
4816.172	-0.088
4816.327	-0.088
4816.510	-0.088
4816.667	-0.088
4816.822	-0.088
4817.005	-0.088
4817.160	-0.088
4817.343	-0.088
4817.500	-0.088
4817.655	-0.088
4817.838	-0.088
4817.993	-0.088
4818.177	-0.088
4818.333	-0.088
4818.488	-0.088
4818.672	-0.088
4818.827	-0.088
4819.010	-0.088
4819.167	-0.088
4819.322	-0.088
4819.505	-0.088
4819.660	-0.088
4819.843	-0.088
4820.000	-0.089
4820.155	-0.088
4820.338	-0.088
4820.493	-0.088
4820.677	-0.088
4820.833	-0.088
4820.988	-0.088
4821.172	-0.088
4821.327	-0.088
4821.510	-0.088
4821.667	-0.088
4821.822	-0.088
4822.005	-0.088
4822.160	-0.088
4822.343	-0.088
4822.500	-0.088
4822.655	-0.088
4822.838	-0.088
4822.993	-0.088
4823.177	-0.088
4823.333	-0.088
4823.488	-0.088
4823.672	-0.088
4823.827	-0.088
4824.010	-0.088
4824.167	-0.088
4824.322	-0.088
4824.505	-0.088
4824.660	-0.088
4824.843	-0.088
4825.000	-0.088
4825.155	-0.088
4825.338	-0.088
4825.493	-0.088
4825.677	-0.088
4825.833	-0.088
4825.988	-0.088
4826.172	-0.088
4826.327	-0.088
4826.510	-0.088
4826.667	-0.088
4826.822	-0.088
4827.005	-0.088
4827.160	-0.088
4827.343	-0.088
4827.500	-0.088
4827.655	-0.088
4827.838	-0.088
4827.993	-0.088
4828.177	-0.088
4828.333	-0.088
4828.488	-0.088
4828.672	-0.088
4828.827	-0.088
4828.983	-0.088
4829.167	-0.088
4829.322	-0.088
4829.505	-0.088
4829.660	-0.088
4829.817	-0.088
4830.000	-0.088
4830.155	-0.088
4830.338	-0.088
4830.493	-0.088
4830.650	-0.088
4830.833	-0.088
4830.988	-0.088
4831.172	-0.088
4831.327	-0.088
4831.483	-0.088
4831.667	-0.088
4831.822	-0.088
4832.005	-0.088
4832.160	-0.088
4832.317	-0.088
4832.500	-0.088
4832.655	-0.088
4832.838	-0.088
4832.993	-0.088
4833.150	-0.088
4833.333	-0.088
4833.488	-0.088
4833.672	-0.088
4833.827	-0.088
4833.983	-0.088
4834.167	-0.088
4834.322	-0.088
4834.505	-0.088
4834.660	-0.088
4834.817	-0.088
4835.000	-0.088
4835.155	-0.088
4835.338	-0.088
4835.493	-0.088
4835.650	-0.088
4835.833	-0.088
4835.988	-0.088
4836.172	-0.088
4836.327	-0.088
4836.483	-0.088
4836.667	-0.088
4836.822	-0.088
4837.005	-0.088
4837.160	-0.088
4837.317	-0.088
4837.500	-0.088
4837.655	-0.088
4837.838	-0.088
4837.993	-0.088
4838.150	-0.088
4838.333	-0.088
4838.488	-0.088
4838.672	-0.088
4838.827	-0.088
4838.983	-0.088
4839.167	-0.088
4839.322	-0.088
4839.505	-0.088
4839.660	-0.088
4839.817	-0.088
4840.000	-0.088
4840.155	-0.088
4840.338	-0.088
4840.493	-0.088
4840.650	-0.088
4840.833	-0.088
4840.988	-0.088
4841.172	-0.088
4841.327	-0.088
4841.483	-0.088
4841.667	-0.088
4841.822	-0.088
4842.005	-0.088
4842.160	-0.088
4842.317	-0.088
4842.500	-0.088
4842.655	-0.088
4842.838	-0.088
4842.993	-0.088
4843.150	-0.088
4843.333	-0.088
4843.488	-0.088
4843.672	-0.088
4843.827	-0.088
4843.983	-0.088
4844.167	-0.088
4844.322	-0.088
4844.505	-0.088
4844.660	-0.088
4844.817	-0.088
4845.000	-0.088
4845.155	-0.088
4845.338	-0.088
4845.493	-0.088
4845.650	-0.088
4845.833	-0.088
4845.988	-0.088
4846.172	-0.088
4846.327	-0.088
4846.483	-0.088
4846.667	-0.088
4846.822	-0.088
4847.005	-0.088
4847.160	-0.088
4847.317	-0.088
4847.500	-0.088
4847.655	-0.088
4847.838	-0.088
4847.993	-0.088
4848.150	-0.088
4848.333	-0.088
4848.488	-0.088
4848.672	-0.088
4848.827	-0.088
4848.983	-0.088
4849.167	-0.088
4849.322	-0.088
4849.505	-0.088
4849.660	-0.088
4849.817	-0.088
4850.000	-0.088
4850.155	-0.088
4850.338	-0.088
4850.493	-0.088
4850.650	-0.088
4850.833	-0.088
4850.988	-0.088
4851.172	-0.088
4851.327	-0.088
4851.483	-0.088
4851.667	-0.088
4851.822	-0.088
4852.005	-0.088
4852.160	-0.088
4852.317	-0.088
4852.500	-0.088
4852.655	-0.088
4852.838	-0.088
4852.993	-0.088
4853.150	-0.088
4853.333	-0.088
4853.488	-0.088
4853.672	-0.088
4853.827	-0.088
4853.983	-0.088
4854.167	-0.088
4854.322	-0.088
4854.505	-0.088
4854.660	-0.088
4854.817	-0.088
4855.000	-0.088
4855.155	-0.088
4855.338	-0.088
4855.493	-0.088
4855.650	-0.088
4855.833	-0.088
4855.988	-0.088
4856.172	-0.088
4856.327	-0.088
4856.483	-0.088
4856.667	-0.088
4856.822	-0.088
4857.005	-0.088
4857.160	-0.088
4857.317	-0.088
4857.500	-0.088
4857.655	-0.088
4857.838	-0.088
4857.993	-0.088
4858.150	-0.088
4858.333	-0.088
4858.488	-0.088
4858.672	-0.088
4858.827	-0.088
4858.983	-0.088
4859.167	-0.088
4859.322	-0.088
4859.505	-0.088
4859.660	-0.088
4859.817	-0.088
4860.000	-0.088
4860.155	-0.088
4860.338	-0.088
4860.493	-0.088
4860.650	-0.088
4860.833	-0.088
4860.988	-0.088
4861.172	-0.088
4861.327	-0.088
4861.483	-0.088
4861.667	-0.088
4861.822	-0.088
4862.005	-0.088
4862.160	-0.088
4862.317	-0.088
4862.500	-0.088
4862.655	-0.088
4862.838	-0.088
4862.993	-0.088
4863.150	-0.088
4863.333	-0.088
4863.488	-0.088
4863.672	-0.088
4863.827	-0.088
4863.983	-0.088
4864.167	-0.088
4864.322	-0.088
4864.505	-0.088
4864.660	-0.088
4864.817	-0.088
4865.000	-0.088
4865.155	-0.088
4865.338	-0.088
4865.493	-0.088
4865.650	-0.088
4865.833	-0.088
4865.988	-0.088
4866.172	-0.088
4866.327	-0.088
4866.483	-0.088
4866.667	-0.088
4866.822	-0.088
4867.005	-0.088
4867.160	-0.088
4867.317	-0.088
4867.500	-0.088
4867.655	-0.088
4867.838	-0.088
4867.993	-0.088
4868.150	-0.088
4868.333	-0.088
4868.488	-0.088
4868.672	-0.088
4868.827	-0.088
4868.983	-0.088
4869.167	-0.088
4869.322	-0.088
4869.505	-0.088
4869.660	-0.088
4869.817	-0.088
4870.000	-0.088
4870.155	-0.088
4870.338	-0.088
4870.493	-0.088
4870.650	-0.088
4870.833	-0.088
4870.988	-0.088
4871.172	-0.088
4871.327	-0.088
4871.483	-0.088
4871.667	-0.088
4871.822	-0.088
4872.005	-0.088
4872.160	-0.088
4872.317	-0.088
4872.500	-0.088
4872.655	-0.088
4872.838	-0.088
4872.993	-0.088
4873.150	-0.088
4873.333	-0.088
4873.488	-0.088
4873.672	-0.088
4873.827	-0.088
4873.983	-0.088
4874.167	-0.088
4874.322	-0.088
4874.505	-0.088
4874.660	-0.088
4874.817	-0.088
4875.000	-0.088
4875.155	-0.088
4875.338	-0.088
4875.493	-0.088
4875.650	-0.088
4875.833	-0.088
4875.988	-0.088
4876.172	-0.088
4876.327	-0.088
4876.483	-0.088
4876.667	-0.088
4876.822	-0.088
4877.005	-0.088
4877.160	-0.088
4877.317	-0.088
4877.500	-0.088
4877.655	-0.088
4877.838	-0.088
4877.993	-0.088
4878.150	-0.088
4878.333	-0.088
4878.488	-0.088
4878.672	-0.088
4878.827	-0.088
4878.983	-0.088
4879.167	-0.088
4879.322	-0.088
4879.505	-0.088
4879.660	-0.088
4879.817	-0.088
4880.000	-0.088
4880.155	-0.088
4880.338	-0.088
4880.493	-0.088
4880.650	-0.088
4880.833	-0.088
4880.988	-0.088
4881.172	-0.088
4881.327	-0.088
4881.483	-0.088
4881.667	-0.088
4881.822	-0.088
4882.005	-0.088
4882.160	-0.088
4882.317	-0.088
4882.500	-0.088
4882.655	-0.088
4882.838	-0.088
4882.993	-0.088
4883.150	-0.088
4883.333	-0.088
4883.488	-0.088
4883.672	-0.088
4883.827	-0.088
4883.983	-0.088
4884.167	-0.088
4884.322	-0.088
4884.505	-0.088
4884.660	-0.088
4884.817	-0.088
4885.000	-0.088
4885.155	-0.088
4885.338	-0.088
4885.493	-0.088
4885.650	-0.088
4885.833	-0.088
4885.988	-0.088
4886.172	-0.088
4886.327	-0.088
4886.483	-0.088
4886.667	-0.088
4886.822	-0.088
4887.005	-0.088
4887.160	-0.088
4887.317	-0.088
4887.500	-0.088
4887.655	-0.088
4887.838	-0.088
4887.993	-0.088
4888.150	-0.088
4888.333	-0.088
4888.488	-0.088
4888.672	-0.088
4888.827	-0.088
4888.983	-0.088
4889.167	-0.088
4889.322	-0.088
4889.505	-0.088
4889.660	-0.088
4889.817	-0.088
4890.000	-0.088
4890.155	-0.088
4890.338	-0.088
4890.493	-0.088
4890.650	-0.088
4890.833	-0.088
4890.988	-0.088
4891.172	-0.088
4891.327	-0.088
4891.483	-0.088
4891.667	-0.088
4891.822	-0.088
4892.005	-0.088
4892.160	-0.088
4892.317	-0.088
4892.500	-0.088
4892.655	-0.088
4892.838	-0.088
4892.993	-0.088
4893.150	-0.088
4893.333	-0.088
4893.488	-0.088
4893.672	-0.088
4893.827	-0.088
4893.983	-0.088
4894.167	-0.088
4894.322	-0.088
4894.505	-0.088
4894.660	-0.088
4894.817	-0.088
4895.000	-0.088
4895.155	-0.088
4895.338	-0.088
4895.493	-0.088
4895.650	-0.088
4895.833	-0.088
4895.988	-0.088
4896.172	-0.088
4896.327	-0.088
4896.483	-0.088
4896.667	-0.088
4896.822	-0.088
4897.005	-0.088
4897.160	-0.088
4897.317	-0.088
4897.500	-0.088
4897.655	-0.088
4897.838	-0.088
4897.993	-0.088
4898.150	-0.088
4898.333	-0.088
4898.488	-0.088
4898.672	-0.088
4898.827	-0.088
4898.983	-0.088
4899.167	-0.088
4899.322	-0.088
4899.505	-0.088
4899.660	-0.088
4899.817	-0.088
4900.000	-0.088
4900.155	-0.087
4900.338	-0.086
4900.493	-0.085
4900.650	-0.084
4900.833	-0.084
4900.988	-0.083
4901.172	-0.083
4901.327	-0.083
4901.483	-0.083
4901.667	-0.083
4901.822	-0.083
4902.005	-0.083
4902.160	-0.080
4902.317	-0.079
4902.500	-0.078
4902.655	-0.078
4902.838	-0.077
4902.993	-0.073
4903.150	-0.072
4903.333	-0.069
4903.488	-0.066
4903.672	-0.063
4903.827	-0.058
4903.983	-0.054
4904.167	-0.045
4904.322	-0.040
4904.505	-0.037
4904.660	-0.032
4904.817	-0.032
4905.000	-0.026
4905.155	-0.018
4905.338	-0.009
4905.493	0.001
4905.650	0.007
4905.833	0.015
4905.988	0.025
4906.172	0.038
4906.327	0.054
4906.483	0.069
4906.667	0.082
4906.822	0.097
4907.005	0.113
4907.160	0.128
4907.317	0.146
4907.500	0.162
4907.655	0.179
4907.812	0.195
4907.993	0.206
4908.150	0.217
4908.307	0.228
4908.488	0.243
4908.672	0.260
4908.827	0.282
4908.983	0.297
4909.167	0.315
4909.322	0.330
4909.479	0.345
4909.660	0.357
4909.817	0.369
4910.000	0.381
4910.155	0.393
4910.312	0.402
4910.493	0.409
4910.650	0.415
4910.833	0.423
4910.988	0.431
4911.145	0.441
4911.327	0.449
4911.483	0.457
4911.667	0.465
4911.822	0.471
4911.979	0.474
4912.160	0.480
4912.317	0.483
4912.500	0.483
4912.655	0.484
4912.812	0.483
4912.993	0.484
4913.150	0.484
4913.333	0.483
4913.488	0.481
4913.645	0.475
4913.827	0.468
4913.983	0.460
4914.167	0.455
4914.322	0.449
4914.479	0.443
4914.660	0.433
4914.817	0.427
4915.000	0.421
4915.155	0.407
4915.312	0.396
4915.493	0.385
4915.650	0.375
4915.833	0.367
4915.988	0.357
4916.145	0.346
4916.327	0.332
4916.483	0.319
4916.667	0.304
4916.822	0.290
4916.979	0.276
4917.160	0.266
4917.317	0.257
4917.500	0.249
4917.655	0.240
4917.812	0.228
4917.993	0.210
4918.150	0.197
4918.333	0.182
4918.488	0.164
4918.645	0.149
4918.827	0.134
4918.983	0.121
4919.167	0.105
4919.322	0.088
4919.479	0.074
4919.660	0.059
4919.817	0.045
4920.000	0.036
4920.155	0.025
4920.312	0.016
4920.493	0.008
4920.650	-0.002
4920.833	-0.012
4920.988	-0.019
4921.145	-0.025
4921.327	-0.032
4921.483	-0.037
4921.667	-0.038
4921.822	-0.043
4921.979	-0.049
4922.160	-0.054
4922.317	-0.058
4922.500	-0.062
4922.655	-0.066
4922.812	-0.068
4922.993	-0.072
4923.150	-0.073
4923.333	-0.077
4923.488	-0.078
4923.645	-0.078
4923.827	-0.079
4923.983	-0.083
4924.167	-0.083
4924.322	-0.083
4924.479	-0.084
4924.660	-0.086
4924.817	-0.086
4925.000	-0.087
4925.155	-0.088
4925.312	-0.088
4925.493	-0.088
4925.650	-0.088
4925.833	-0.088
4925.988	-0.088
4926.145	-0.088
4926.327	-0.088
4926.483	-0.088
4926.667	-0.088
4926.822	-0.088
4926.979	-0.088
4927.160	-0.088
4927.317	-0.088
4927.500	-0.088
4927.655	-0.088
4927.812	-0.088
4927.993	-0.088
4928.150	-0.088
4928.333	-0.088
4928.488	-0.088
4928.645	-0.088
4928.827	-0.088
4928.983	-0.088
4929.167	-0.088
4929.322	-0.088
4929.479	-0.088
4929.660	-0.088
4929.817	-0.088
4930.000	-0.088
4930.155	-0.088
4930.312	-0.088
4930.493	-0.088
4930.650	-0.088
4930.833	-0.088
4930.988	-0.088
4931.145	-0.088
4931.327	-0.088
4931.483	-0.088
4931.667	-0.088
4931.822	-0.088
4931.979	-0.088
4932.160	-0.088
4932.317	-0.088
4932.500	-0.088
4932.655	-0.088
4932.812	-0.088
4932.993	-0.088
4933.150	-0.088
4933.333	-0.088
4933.488	-0.088
4933.645	-0.088
4933.827	-0.088
4933.983	-0.088
4934.167	-0.088
4934.322	-0.088
4934.479	-0.088
4934.660	-0.088
4934.817	-0.088
4935.000	-0.088
4935.155	-0.088
4935.312	-0.088
4935.493	-0.088
4935.650	-0.088
4935.833	-0.088
4935.988	-0.088
4936.145	-0.088
4936.327	-0.088
4936.483	-0.088
4936.667	-0.088
4936.822	-0.088
4936.979	-0.088
4937.160	-0.088
4937.317	-0.088
4937.500	-0.088
4937.655	-0.088
4937.812	-0.088
4937.993	-0.088
4938.150	-0.088
4938.333	-0.088
4938.488	-0.088
4938.645	-0.088
4938.827	-0.088
4938.983	-0.088
4939.167	-0.088
4939.322	-0.088
4939.479	-0.088
4939.660	-0.088
4939.817	-0.088
4940.000	-0.089
4940.155	-0.088
4940.312	-0.088
4940.493	-0.088
4940.650	-0.088
4940.833	-0.088
4940.988	-0.088
4941.145	-0.088
4941.327	-0.088
4941.483	-0.088
4941.667	-0.088
4941.822	-0.088
4941.979	-0.088
4942.160	-0.088
4942.317	-0.088
4942.500	-0.088
4942.655	-0.088
4942.812	-0.088
4942.993	-0.088
4943.150	-0.088
4943.333	-0.088
4943.488	-0.088
4943.645	-0.088
4943.827	-0.088
4943.983	-0.088
4944.167	-0.088
4944.322	-0.088
4944.479	-0.088
4944.660	-0.088
4944.817	-0.088
4945.000	-0.088
4945.155	-0.088
4945.312	-0.088
4945.493	-0.088
4945.650	-0.088
4945.833	-0.088
4945.988	-0.088
4946.145	-0.088
4946.327	-0.088
4946.483	-0.088
4946.667	-0.088
4946.822	-0.088
4946.979	-0.088
4947.160	-0.088
4947.317	-0.088
4947.500	-0.088
4947.655	-0.088
4947.812	-0.088
4947.993	-0.088
4948.150	-0.088
4948.333	-0.088
4948.488	-0.088
4948.645	-0.088
4948.827	-0.088
4948.983	-0.088
4949.167	-0.088
4949.322	-0.088
4949.479	-0.088
4949.660	-0.088
4949.817	-0.088
4950.000	-0.088
4950.155	-0.088
4950.312	-0.088
4950.493	-0.088
4950.650	-0.088
4950.833	-0.088
4950.988	-0.088
4951.145	-0.088
4951.327	-0.088
4951.483	-0.088
4951.667	-0.088
4951.822	-0.088
4951.979	-0.088
4952.160	-0.088
4952.317	-0.088
4952.500	-0.088
4952.655	-0.088
4952.812	-0.088
4952.993	-0.088
4953.150	-0.088
4953.333	-0.088
4953.488	-0.088
4953.645	-0.088
4953.827	-0.088
4953.983	-0.088
4954.167	-0.088
4954.322	-0.088
4954.479	-0.088
4954.660	-0.088
4954.817	-0.088
4955.000	-0.088
4955.155	-0.088
4955.312	-0.088
4955.493	-0.088
4955.650	-0.088
4955.833	-0.088
4955.988	-0.088
4956.145	-0.088
4956.327	-0.088
4956.483	-0.088
4956.667	-0.088
4956.822	-0.088
4956.979	-0.088
4957.160	-0.088
4957.317	-0.088
4957.500	-0.088
4957.655	-0.088
4957.812	-0.088
4957.993	-0.088
4958.150	-0.088
4958.333	-0.088
4958.488	-0.088
4958.645	-0.088
4958.827	-0.088
4958.983	-0.088
4959.167	-0.088
4959.322	-0.088
4959.479	-0.088
4959.660	-0.088
4959.817	-0.088
4960.000	-0.088
4960.155	-0.088
4960.312	-0.088
4960.493	-0.088
4960.650	-0.088
4960.833	-0.088
4960.988	-0.088
4961.145	-0.088
4961.327	-0.088
4961.483	-0.088
4961.667	-0.088
4961.822	-0.088
4961.979	-0.088
4962.160	-0.088
4962.317	-0.088
4962.500	-0.088
4962.655	-0.088
4962.812	-0.088
4962.993	-0.088
4963.150	-0.088
4963.333	-0.088
4963.488	-0.088
4963.645	-0.088
4963.827	-0.088
4963.983	-0.088
4964.167	-0.088
4964.322	-0.088
4964.479	-0.088
4964.660	-0.088
4964.817	-0.088
4965.000	-0.088
4965.155	-0.088
4965.312	-0.088
4965.493	-0.088
4965.650	-0.088
4965.833	-0.088
4965.988	-0.088
4966.145	-0.088
4966.327	-0.088
4966.483	-0.088
4966.667	-0.088
4966.822	-0.088
4966.979	-0.088
4967.160	-0.088
4967.317	-0.088
4967.500	-0.088
4967.655	-0.088
4967.812	-0.088
4967.993	-0.088
4968.150	-0.088
4968.333	-0.088
4968.488	-0.088
4968.645	-0.088
4968.827	-0.088
4968.983	-0.088
4969.167	-0.088
4969.322	-0.088
4969.479	-0.088
4969.660	-0.088
4969.817	-0.088
4970.000	-0.088
4970.155	-0.088
4970.312	-0.088
4970.493	-0.088
4970.650	-0.088
4970.833	-0.088
4970.988	-0.088
4971.145	-0.088
4971.327	-0.088
4971.483	-0.088
4971.667	-0.088
4971.822	-0.088
4971.979	-0.088
4972.160	-0.088
4972.317	-0.088
4972.500	-0.088
4972.655	-0.088
4972.812	-0.088
4972.993	-0.088
4973.150	-0.088
4973.333	-0.088
4973.488	-0.088
4973.645	-0.088
4973.827	-0.088
4973.983	-0.088
4974.167	-0.088
4974.322	-0.088
4974.479	-0.088
4974.660	-0.088
4974.817	-0.088
4975.000	-0.088
4975.155	-0.088
4975.312	-0.088
4975.493	-0.088
4975.650	-0.088
4975.833	-0.088
4975.988	-0.088
4976.145	-0.088
4976.327	-0.088
4976.483	-0.088
4976.667	-0.088
4976.822	-0.088
4976.979	-0.088
4977.160	-0.088
4977.317	-0.088
4977.500	-0.088
4977.655	-0.088
4977.812	-0.088
4977.993	-0.088
4978.150	-0.088
4978.333	-0.088
4978.488	-0.088
4978.645	-0.088
4978.827	-0.088
4978.983	-0.088
4979.167	-0.088
4979.322	-0.088
4979.479	-0.088
4979.660	-0.088
4979.817	-0.088
4980.000	-0.088
4980.155	-0.088
4980.312	-0.088
4980.493	-0.088
4980.650	-0.088
4980.833	-0.088
4980.988	-0.088
4981.145	-0.088
4981.327	-0.088
4981.483	-0.088
4981.667	-0.088
4981.822	-0.088
4981.979	-0.088
4982.160	-0.088
4982.317	-0.088
4982.500	-0.088
4982.655	-0.088
4982.812	-0.088
4982.993	-0.088
4983.150	-0.088
4983.333	-0.088
4983.488	-0.088
4983.645	-0.088
4983.827	-0.088
4983.983	-0.088
4984.167	-0.088
4984.322	-0.088
4984.479	-0.088
4984.660	-0.088
4984.817	-0.088
4985.000	-0.088
4985.155	-0.088
4985.312	-0.088
4985.493	-0.088
4985.650	-0.088
4985.833	-0.088
4985.988	-0.088
4986.145	-0.088
4986.327	-0.088
4986.483	-0.088
4986.667	-0.088
4986.822	-0.088
4986.979	-0.088
4987.160	-0.088
4987.317	-0.088
4987.500	-0.088
4987.655	-0.088
4987.812	-0.089
4987.993	-0.088
4988.150	-0.088
4988.333	-0.088
4988.488	-0.088
4988.645	-0.088
4988.827	-0.088
4988.983	-0.088
4989.167	-0.088
4989.322	-0.088
4989.479	-0.088
4989.660	-0.088
4989.817	-0.088
4990.000	-0.088
4990.155	-0.088
4990.312	-0.088
4990.493	-0.088
4990.650	-0.088
4990.833	-0.088
4990.988	-0.088
4991.145	-0.088
4991.327	-0.088
4991.483	-0.088
4991.667	-0.088
4991.822	-0.088
4991.979	-0.088
4992.160	-0.088
4992.317	-0.088
4992.500	-0.088
4992.655	-0.088
4992.812	-0.088
4992.993	-0.088
4993.150	-0.088
4993.333	-0.088
4993.488	-0.088
4993.645	-0.088
4993.827	-0.088
4993.983	-0.088
4994.167	-0.088
4994.322	-0.088
4994.479	-0.088
4994.660	-0.088
4994.817	-0.088
4995.000	-0.088
4995.155	-0.088
4995.312	-0.088
4995.493	-0.088
4995.650	-0.088
4995.833	-0.088
4995.988	-0.088
4996.145	-0.088
4996.327	-0.088
4996.483	-0.088
4996.667	-0.088
4996.822	-0.088
4996.979	-0.088
4997.160	-0.088
4997.317	-0.088
4997.500	-0.088
4997.655	-0.088
4997.812	-0.088
4997.993	-0.088
4998.150	-0.088
4998.333	-0.088
4998.488	-0.088
4998.645	-0.088
4998.827	-0.088
4998.983	-0.088
4999.167	-0.088
4999.322	-0.088
4999.479	-0.088
4999.660	-0.088
4999.817	-0.088
5000.000	-0.088
5000.155	-0.088
5000.312	-0.088
5000.493	-0.088
5000.650	-0.088
5000.807	-0.088
5000.988	-0.088
5001.145	-0.088
5001.327	-0.088
5001.483	-0.088
5001.640	-0.088
5001.822	-0.088
5001.979	-0.088
5002.160	-0.088
5002.317	-0.088
5002.473	-0.088
5002.655	-0.088
5002.812	-0.088
5002.993	-0.088
5003.150	-0.088
5003.307	-0.088
5003.488	-0.088
5003.645	-0.088
5003.827	-0.088
5003.983	-0.088
5004.140	-0.088
5004.322	-0.088
5004.479	-0.088
5004.660	-0.088
5004.817	-0.088
5004.973	-0.088
5005.155	-0.088
5005.312	-0.088
5005.493	-0.088
5005.650	-0.088
5005.807	-0.088
5005.988	-0.088
5006.145	-0.088
5006.327	-0.088
5006.483	-0.088
5006.640	-0.088
5006.822	-0.088
5006.979	-0.088
5007.160	-0.088
5007.317	-0.088
5007.473	-0.088
5007.655	-0.088
5007.812	-0.088
5007.993	-0.088
5008.150	-0.088
5008.307	-0.088
5008.488	-0.088
5008.645	-0.088
5008.827	-0.088
5008.983	-0.088
5009.140	-0.088
5009.322	-0.089
5009.479	-0.088
5009.660	-0.088
5009.817	-0.088
5009.973	-0.088
5010.155	-0.088
5010.312	-0.088
5010.493	-0.088
5010.650	-0.088
5010.807	-0.088
5010.988	-0.088
5011.145	-0.088
5011.327	-0.088
5011.483	-0.088
5011.640	-0.088
5011.822	-0.088
5011.979	-0.088
5012.160	-0.088
5012.317	-0.088
5012.473	-0.088
5012.655	-0.088
5012.812	-0.088
5012.993	-0.088
5013.150	-0.088
5013.307	-0.088
5013.488	-0.088
5013.645	-0.088
5013.827	-0.088
5013.983	-0.088
5014.140	-0.088
5014.322	-0.088
5014.479	-0.088
5014.660	-0.088
5014.817	-0.088
5014.973	-0.089
5015.155	-0.088
5015.312	-0.088
5015.493	-0.088
5015.650	-0.088
5015.807	-0.088
5015.988	-0.088
5016.145	-0.088
5016.327	-0.088
5016.483	-0.088
5016.640	-0.088
5016.822	-0.088
5016.979	-0.089
5017.160	-0.088
5017.317	-0.088
5017.473	-0.088
5017.655	-0.088
5017.812	-0.088
5017.993	-0.088
5018.150	-0.088
5018.307	-0.088
5018.488	-0.088
5018.645	-0.088
5018.827	-0.088
5018.983	-0.088
5019.140	-0.088
5019.322	-0.088
5019.479	-0.088
5019.660	-0.088
5019.817	-0.088
5019.973	-0.088
5020.155	-0.088
5020.312	-0.088
5020.493	-0.088
5020.650	-0.088
5020.807	-0.088
5020.988	-0.088
5021.145	-0.088
5021.327	-0.088
5021.483	-0.088
5021.640	-0.088
5021.822	-0.088
5021.979	-0.088
5022.160	-0.088
5022.317	-0.088
5022.473	-0.088
5022.655	-0.088
5022.812	-0.088
5022.993	-0.088
5023.150	-0.088
5023.307	-0.088
5023.488	-0.088
5023.645	-0.088
5023.827	-0.088
5023.983	-0.088
5024.140	-0.088
5024.322	-0.088
5024.479	-0.088
5024.660	-0.088
5024.817	-0.088
5024.973	-0.088
5025.155	-0.088
5025.312	-0.088
5025.493	-0.088
5025.650	-0.088
5025.807	-0.088
5025.988	-0.088
5026.145	-0.088
5026.327	-0.088
5026.483	-0.088
5026.640	-0.088
5026.822	-0.088
5026.979	-0.088
5027.160	-0.088
5027.317	-0.088
5027.473	-0.088
5027.655	-0.088
5027.812	-0.088
5027.993	-0.088
5028.150	-0.088
5028.307	-0.089
5028.488	-0.088
5028.645	-0.088
5028.827	-0.088
5028.983	-0.088
5029.140	-0.088
5029.322	-0.088
5029.479	-0.088
5029.660	-0.088
5029.817	-0.088
5029.973	-0.088
5030.155	-0.088
5030.312	-0.088
5030.493	-0.088
5030.650	-0.088
5030.807	-0.089
5030.988	-0.088
5031.145	-0.088
5031.327	-0.088
5031.483	-0.088
5031.640	-0.088
5031.822	-0.088
5031.979	-0.088
5032.160	-0.088
5032.317	-0.089
5032.473	-0.088
5032.655	-0.088
5032.812	-0.088
5032.993	-0.088
5033.150	-0.088
5033.307	-0.088
5033.488	-0.088
5033.645	-0.088
5033.827	-0.088
5033.983	-0.088
5034.140	-0.088
5034.322	-0.088
5034.479	-0.088
5034.660	-0.088
5034.817	-0.088
5034.973	-0.088
5035.155	-0.088
5035.312	-0.088
5035.493	-0.089
5035.650	-0.088
5035.807	-0.088
5035.988	-0.089
5036.145	-0.088
5036.327	-0.088
5036.483	-0.088
5036.640	-0.088
5036.822	-0.088
5036.979	-0.088
5037.160	-0.088
5037.317	-0.088
5037.473	-0.088
5037.655	-0.088
5037.812	-0.088
5037.993	-0.088
5038.150	-0.088
5038.307	-0.088
5038.488	-0.088
5038.645	-0.088
5038.827	-0.088
5038.983	-0.088
5039.140	-0.088
5039.322	-0.088
5039.479	-0.088
5039.660	-0.088
5039.817	-0.088
5039.973	-0.088
5040.155	-0.088
5040.312	-0.088
5040.493	-0.088
5040.650	-0.088
5040.807	-0.088
5040.988	-0.089
5041.145	-0.088
5041.327	-0.088
5041.483	-0.088
5041.640	-0.088
5041.822	-0.088
5041.979	-0.088
5042.160	-0.088
5042.317	-0.089
5042.473	-0.089
5042.655	-0.088
5042.812	-0.088
5042.993	-0.088
5043.150	-0.088
5043.307	-0.088
5043.488	-0.088
5043.645	-0.088
5043.827	-0.088
5043.983	-0.088
5044.140	-0.088
5044.322	-0.089
5044.479	-0.088
5044.660	-0.088
5044.817	-0.088
5044.973	-0.088
5045.155	-0.088
5045.312	-0.088
5045.493	-0.088
5045.650	-0.088
5045.807	-0.088
5045.988	-0.088
5046.145	-0.088
5046.327	-0.088
5046.483	-0.088
5046.640	-0.088
5046.822	-0.089
5046.979	-0.088
5047.160	-0.088
5047.317	-0.088
5047.473	-0.088
5047.655	-0.088
5047.812	-0.088
5047.993	-0.088
5048.150	-0.088
5048.307	-0.088
5048.488	-0.088
5048.645	-0.088
5048.827	-0.088
5048.983	-0.088
5049.140	-0.088
5049.322	-0.089
5049.479	-0.088
5049.660	-0.088
5049.817	-0.088
5049.973	-0.088
5050.155	-0.088
5050.312	-0.088
5050.493	-0.088
5050.650	-0.088
5050.807	-0.088
5050.988	-0.088
5051.145	-0.088
5051.327	-0.088
5051.483	-0.088
5051.640	-0.088
5051.822	-0.088
5051.979	-0.088
5052.160	-0.088
5052.317	-0.088
5052.473	-0.088
5052.655	-0.088
5052.812	-0.088
5052.993	-0.088
5053.150	-0.088
5053.307	-0.088
5053.488	-0.088
5053.645	-0.088
5053.827	-0.088
5053.983	-0.088
5054.140	-0.088
5054.322	-0.088
5054.479	-0.088
5054.660	-0.088
5054.817	-0.088
5054.973	-0.088
5055.155	-0.088
5055.312	-0.088
5055.493	-0.088
5055.650	-0.088
5055.807	-0.088
5055.988	-0.088
5056.145	-0.088
5056.327	-0.088
5056.483	-0.088
5056.640	-0.088
5056.822	-0.088
5056.979	-0.088
5057.160	-0.088
5057.317	-0.088
5057.473	-0.088
5057.655	-0.088
5057.812	-0.088
5057.993	-0.088
5058.150	-0.088
5058.307	-0.088
5058.488	-0.088
5058.645	-0.088
5058.827	-0.088
5058.983	-0.088
5059.140	-0.088
5059.322	-0.088
5059.479	-0.088
5059.660	-0.088
5059.817	-0.088
5059.973	-0.088
5060.155	-0.088
5060.312	-0.088
5060.493	-0.088
5060.650	-0.088
5060.807	-0.088
5060.988	-0.088
5061.145	-0.088
5061.327	-0.088
5061.483	-0.088
5061.640	-0.088
5061.822	-0.088
5061.979	-0.088
5062.160	-0.088
5062.317	-0.088
5062.473	-0.088
5062.655	-0.088
5062.812	-0.088
5062.993	-0.088
5063.150	-0.088
5063.307	-0.088
5063.488	-0.088
5063.645	-0.088
5063.827	-0.088
5063.983	-0.088
5064.140	-0.088
5064.322	-0.088
5064.479	-0.088
5064.635	-0.088
5064.817	-0.089
5064.973	-0.088
5065.155	-0.089
5065.312	-0.088
5065.493	-0.088
5065.650	-0.088
5065.807	-0.088
5065.988	-0.088
5066.145	-0.088
5066.327	-0.089
5066.483	-0.088
5066.640	-0.088
5066.822	-0.088
5066.979	-0.088
5067.160	-0.088
5067.317	-0.088
5067.473	-0.088
5067.655	-0.089
5067.812	-0.088
5067.993	-0.088
5068.150	-0.088
5068.307	-0.088
5068.488	-0.088
5068.645	-0.088
5068.827	-0.088
5068.983	-0.088
5069.140	-0.088
5069.322	-0.088
5069.479	-0.088
5069.660	-0.088
5069.817	-0.088
5069.973	-0.088
5070.155	-0.088
5070.312	-0.088
5070.493	-0.088
5070.650	-0.088
5070.807	-0.088
5070.988	-0.088
5071.145	-0.088
5071.302	-0.088
5071.483	-0.088
5071.640	-0.088
5071.822	-0.088
5071.979	-0.088
5072.135	-0.088
5072.317	-0.088
5072.473	-0.088
5072.655	-0.088
5072.812	-0.088
5072.968	-0.088
5073.150	-0.088
5073.307	-0.088
5073.488	-0.088
5073.645	-0.088
5073.802	-0.088
5073.983	-0.088
5074.140	-0.088
5074.322	-0.088
5074.479	-0.088
5074.635	-0.088
5074.817	-0.088
5074.973	-0.088
5075.155	-0.088
5075.312	-0.088
5075.468	-0.088
5075.650	-0.088
5075.807	-0.088
5075.988	-0.088
5076.145	-0.088
5076.302	-0.088
5076.483	-0.088
5076.640	-0.088
5076.822	-0.088
5076.979	-0.088
5077.135	-0.089
5077.317	-0.088
5077.473	-0.088
5077.655	-0.088
5077.812	-0.088
5077.968	-0.088
5078.150	-0.088
5078.307	-0.088
5078.488	-0.088
5078.645	-0.088
5078.802	-0.088
5078.983	-0.088
5079.140	-0.088
5079.322	-0.088
5079.479	-0.088
5079.635	-0.088
5079.817	-0.088
5079.973	-0.088
5080.155	-0.088
5080.312	-0.088
5080.468	-0.088
5080.650	-0.088
5080.807	-0.088
5080.988	-0.088
5081.145	-0.088
5081.302	-0.088
5081.483	-0.088
5081.640	-0.088
5081.822	-0.088
5081.979	-0.088
5082.135	-0.088
5082.317	-0.088
5082.473	-0.088
5082.655	-0.088
5082.812	-0.088
5082.968	-0.088
5083.150	-0.088
5083.307	-0.088
5083.488	-0.088
5083.645	-0.088
5083.802	-0.088
5083.983	-0.088
5084.140	-0.088
5084.322	-0.088
5084.479	-0.088
5084.635	-0.088
5084.817	-0.088
5084.973	-0.088
5085.155	-0.088
5085.312	-0.088
5085.468	-0.088
5085.650	-0.088
5085.807	-0.088
5085.988	-0.088
5086.145	-0.088
5086.302	-0.088
5086.483	-0.088
5086.640	-0.088
5086.822	-0.088
5086.979	-0.088
5087.135	-0.089
5087.317	-0.088
5087.473	-0.088
5087.655	-0.088
5087.812	-0.088
5087.968	-0.088
5088.150	-0.089
5088.307	-0.088
5088.488	-0.088
5088.645	-0.088
5088.802	-0.088
5088.983	-0.088
5089.140	-0.088
5089.322	-0.088
5089.479	-0.088
5089.635	-0.088
5089.817	-0.088
5089.973	-0.088
5090.155	-0.088
5090.312	-0.088
5090.468	-0.088
5090.650	-0.088
5090.807	-0.088
5090.988	-0.088
5091.145	-0.089
5091.302	-0.088
5091.483	-0.088
5091.640	-0.088
5091.822	-0.088
5091.979	-0.089
5092.135	-0.088
5092.317	-0.088
5092.473	-0.088
5092.655	-0.088
5092.812	-0.088
5092.968	-0.088
5093.150	-0.088
5093.307	-0.089
5093.488	-0.088
5093.645	-0.088
5093.802	-0.088
5093.983	-0.088
5094.140	-0.088
5094.322	-0.089
5094.479	-0.088
5094.635	-0.088
5094.817	-0.088
5094.973	-0.088
5095.155	-0.088
5095.312	-0.088
5095.468	-0.088
5095.650	-0.088
5095.807	-0.088
5095.988	-0.088
5096.145	-0.088
5096.302	-0.088
5096.483	-0.088
5096.640	-0.088
5096.822	-0.089
5096.979	-0.088
5097.135	-0.088
5097.317	-0.089
5097.473	-0.088
5097.655	-0.088
5097.812	-0.088
5097.968	-0.088
5098.150	-0.088
5098.307	-0.088
5098.488	-0.088
5098.645	-0.088
5098.802	-0.088
5098.983	-0.088
5099.140	-0.088
5099.322	-0.088
5099.479	-0.088
5099.635	-0.088
5099.817	-0.088
5099.973	-0.088
5100.155	-0.088
5100.312	-0.088
5100.468	-0.088
5100.650	-0.088
5100.807	-0.088
5100.988	-0.088
5101.145	-0.088
5101.302	-0.088
5101.483	-0.088
5101.640	-0.089
5101.822	-0.088
5101.979	-0.088
5102.135	-0.088
5102.317	-0.088
5102.473	-0.088
5102.655	-0.088
5102.812	-0.088
5102.968	-0.088
5103.150	-0.088
5103.307	-0.088
5103.488	-0.088
5103.645	-0.089
5103.802	-0.088
5103.983	-0.088
5104.140	-0.089
5104.322	-0.088
5104.479	-0.088
5104.635	-0.088
5104.817	-0.088
5104.973	-0.088
5105.155	-0.088
5105.312	-0.088
5105.468	-0.088
5105.650	-0.088
5105.807	-0.089
5105.988	-0.089
5106.145	-0.088
5106.302	-0.088
5106.483	-0.088
5106.640	-0.088
5106.822	-0.088
5106.979	-0.088
5107.135	-0.088
5107.317	-0.088
5107.473	-0.088
5107.655	-0.088
5107.812	-0.088
5107.968	-0.088
5108.150	-0.088
5108.307	-0.089
5108.488	-0.088
5108.645	-0.088
5108.802	-0.088
5108.983	-0.088
5109.140	-0.088
5109.322	-0.088
5109.479	-0.088
5109.635	-0.088
5109.817	-0.088
5109.973	-0.088
5110.155	-0.088
5110.312	-0.088
5110.468	-0.088
5110.650	-0.088
5110.807	-0.088
5110.988	-0.088
5111.145	-0.089
5111.302	-0.088
5111.483	-0.088
5111.640	-0.088
5111.822	-0.089
5111.979	-0.088
5112.135	-0.088
5112.317	-0.088
5112.473	-0.088
5112.655	-0.088
5112.812	-0.088
5112.968	-0.088
5113.150	-0.088
5113.307	-0.088
5113.488	-0.088
5113.645	-0.088
5113.802	-0.088
5113.983	-0.088
5114.140	-0.088
5114.322	-0.088
5114.479	-0.088
5114.635	-0.088
5114.817	-0.088
5114.973	-0.088
5115.155	-0.088
5115.312	-0.088
5115.468	-0.088
5115.650	-0.088
5115.807	-0.088
5115.988	-0.088
5116.145	-0.088
5116.302	-0.088
5116.483	-0.088
5116.640	-0.088
5116.822	-0.088
5116.979	-0.088
5117.135	-0.088
5117.317	-0.088
5117.473	-0.089
5117.655	-0.088
5117.812	-0.088
5117.968	-0.089
5118.150	-0.088
5118.307	-0.088
5118.488	-0.088
5118.645	-0.088
5118.802	-0.088
5118.983	-0.088
5119.140	-0.088
5119.322	-0.088
5119.479	-0.088
5119.635	-0.088
5119.817	-0.089
5119.973	-0.088
5120.155	-0.088
5120.312	-0.088
5120.468	-0.088
5120.650	-0.088
5120.807	-0.088
5120.988	-0.088
5121.145	-0.088
5121.302	-0.088
5121.483	-0.088
5121.640	-0.088
5121.822	-0.089
5121.979	-0.088
5122.135	-0.088
5122.317	-0.088
5122.473	-0.088
5122.655	-0.088
5122.812	-0.088
5122.968	-0.089
5123.150	-0.088
5123.307	-0.088
5123.488	-0.088
5123.645	-0.088
5123.802	-0.088
5123.983	-0.088
5124.140	-0.088
5124.322	-0.088
5124.479	-0.088
5124.635	-0.088
5124.817	-0.088
5124.973	-0.089
5125.155	-0.088
5125.312	-0.088
5125.468	-0.088
5125.650	-0.089
5125.807	-0.088
5125.988	-0.088
5126.145	-0.088
5126.302	-0.088
5126.483	-0.088
5126.640	-0.088
5126.822	-0.088
5126.979	-0.088
5127.135	-0.088
5127.317	-0.088
5127.473	-0.088
5127.655	-0.088
5127.812	-0.088
5127.968	-0.088
5128.150	-0.088
5128.307	-0.088
5128.488	-0.088
5128.645	-0.088
5128.802	-0.089
5128.983	-0.088
5129.140	-0.088
5129.322	-0.088
5129.479	-0.088
5129.635	-0.088
5129.817	-0.088
5129.973	-0.088
5130.155	-0.088
5130.312	-0.088
5130.468	-0.088
5130.650	-0.088
5130.807	-0.088
5130.988	-0.088
5131.145	-0.088
5131.302	-0.088
5131.483	-0.088
5131.640	-0.088
5131.822	-0.088
5131.979	-0.089
5132.135	-0.088
5132.317	-0.088
5132.473	-0.088
5132.655	-0.088
5132.812	-0.088
5132.968	-0.088
5133.150	-0.088
5133.307	-0.088
5133.488	-0.088
5133.645	-0.088
5133.802	-0.088
5133.983	-0.088
5134.140	-0.088
5134.322	-0.088
5134.479	-0.089
5134.635	-0.088
5134.817	-0.088
5134.973	-0.088
5135.155	-0.088
5135.312	-0.088
5135.468	-0.088
5135.650	-0.088
5135.807	-0.088
5135.988	-0.088
5136.145	-0.088
5136.302	-0.088
5136.483	-0.088
5136.640	-0.088
5136.822	-0.088
5136.979	-0.088
5137.135	-0.088
5137.317	-0.088
5137.473	-0.088
5137.655	-0.088
5137.812	-0.088
5137.968	-0.088
5138.150	-0.088
5138.307	-0.089
5138.488	-0.089
5138.645	-0.088
5138.802	-0.088
5138.983	-0.089
5139.140	-0.089
5139.322	-0.088
5139.479	-0.088
5139.635	-0.088
5139.817	-0.088
5139.973	-0.088
5140.155	-0.089
5140.312	-0.089
5140.468	-0.088
5140.650	-0.088
5140.807	-0.088
5140.988	-0.088
5141.145	-0.088
5141.302	-0.088
5141.483	-0.088
5141.640	-0.088
5141.822	-0.089
5141.979	-0.088
5142.135	-0.088
5142.317	-0.088
5142.473	-0.088
5142.655	-0.088
5142.812	-0.088
5142.968	-0.088
5143.150	-0.088
5143.307	-0.089
5143.488	-0.088
5143.645	-0.089
5143.802	-0.088
5143.983	-0.088
5144.140	-0.088
5144.322	-0.088
5144.479	-0.089
5144.635	-0.088
5144.817	-0.088
5144.973	-0.088
5145.155	-0.088
5145.312	-0.088
5145.468	-0.088
5145.650	-0.088
5145.807	-0.088
5145.988	-0.088
5146.145	-0.088
5146.302	-0.088
5146.483	-0.088
5146.640	-0.088
5146.822	-0.088
5146.979	-0.088
5147.135	-0.088
5147.317	-0.088
5147.473	-0.088
5147.655	-0.088
5147.812	-0.088
5147.968	-0.088
5148.150	-0.088
5148.307	-0.088
5148.488	-0.088
5148.645	-0.088
5148.802	-0.088
5148.983	-0.088
5149.140	-0.089
5149.322	-0.088
5149.479	-0.088
5149.635	-0.088
5149.817	-0.088
5149.973	-0.088
5150.155	-0.088
5150.312	-0.088
5150.468	-0.088
5150.650	-0.088
5150.807	-0.088
5150.988	-0.088
5151.145	-0.089
5151.302	-0.088
5151.483	-0.089
5151.640	-0.088
5151.822	-0.088
5151.979	-0.088
5152.135	-0.088
5152.317	-0.088
5152.473	-0.088
5152.655	-0.088
5152.812	-0.088
5152.968	-0.088
5153.150	-0.089
5153.307	-0.088
5153.488	-0.088
5153.645	-0.088
5153.802	-0.088
5153.983	-0.088
5154.140	-0.088
5154.322	-0.088
5154.479	-0.088
5154.635	-0.088
5154.817	-0.088
5154.973	-0.088
5155.155	-0.088
5155.312	-0.089
5155.468	-0.088
5155.650	-0.088
5155.807	-0.088
5155.988	-0.088
5156.145	-0.088
5156.302	-0.088
5156.483	-0.088
5156.640	-0.089
5156.822	-0.088
5156.979	-0.088
5157.135	-0.088
5157.317	-0.088
5157.473	-0.088
5157.655	-0.088
5157.812	-0.088
5157.968	-0.088
5158.150	-0.088
5158.307	-0.088
5158.488	-0.088
5158.645	-0.088
5158.802	-0.088
5158.983	-0.088
5159.140	-0.088
5159.322	-0.088
5159.479	-0.088
5159.635	-0.088
5159.817	-0.088
5159.973	-0.088
5160.155	-0.088
5160.312	-0.088
5160.468	-0.088
5160.650	-0.088
5160.807	-0.088
5160.988	-0.089
5161.145	-0.088
5161.302	-0.088
5161.483	-0.088
5161.640	-0.088
5161.822	-0.088
5161.979	-0.088
5162.135	-0.088
5162.317	-0.089
5162.473	-0.089
5162.655	-0.088
5162.812	-0.088
5162.968	-0.089
5163.150	-0.088
5163.307	-0.088
5163.488	-0.089
5163.645	-0.089
5163.802	-0.089
5163.983	-0.088
5164.140	-0.088
5164.322	-0.088
5164.479	-0.088
5164.635	-0.088
5164.817	-0.088
5164.973	-0.088
5165.155	-0.089
5165.312	-0.088
5165.468	-0.088
5165.650	-0.088
5165.807	-0.088
5165.988	-0.088
5166.145	-0.088
5166.302	-0.088
5166.483	-0.089
5166.640	-0.088
5166.822	-0.088
5166.979	-0.088
5167.135	-0.088
5167.317	-0.088
5167.473	-0.088
5167.655	-0.088
5167.812	-0.088
5167.968	-0.088
5168.150	-0.088
5168.307	-0.088
5168.488	-0.088
5168.645	-0.088
5168.802	-0.088
5168.983	-0.088
5169.140	-0.088
5169.322	-0.088
5169.479	-0.088
5169.635	-0.088
5169.817	-0.088
5169.973	-0.088
5170.155	-0.088
5170.312	-0.088
5170.468	-0.088
5170.650	-0.088
5170.807	-0.088
5170.988	-0.088
5171.145	-0.088
5171.302	-0.088
5171.483	-0.088
5171.640	-0.088
5171.822	-0.088
5171.979	-0.090
5172.135	-0.088
5172.317	-0.088
5172.473	-0.088
5172.655	-0.088
5172.812	-0.088
5172.968	-0.088
5173.150	-0.088
5173.307	-0.088
5173.488	-0.088
5173.645	-0.088
5173.802	-0.088
5173.983	-0.088
5174.140	-0.088
5174.322	-0.088
5174.479	-0.088
5174.635	-0.088
5174.817	-0.088
5174.973	-0.088
5175.155	-0.088
5175.312	-0.088
5175.468	-0.088
5175.650	-0.088
5175.807	-0.088
5175.988	-0.088
5176.145	-0.088
5176.302	-0.088
5176.483	-0.088
5176.640	-0.088
5176.797	-0.088
5176.979	-0.088
5177.135	-0.088
5177.317	-0.088
5177.473	-0.088
5177.655	-0.088
5177.812	-0.088
5177.968	-0.088
5178.150	-0.088
5178.307	-0.088
5178.488	-0.088
5178.645	-0.088
5178.802	-0.088
5178.983	-0.088
5179.140	-0.088
5179.322	-0.088
5179.479	-0.088
5179.635	-0.088
5179.817	-0.088
5179.973	-0.088
5180.155	-0.088
5180.312	-0.088
5180.468	-0.089
5180.650	-0.088
5180.807	-0.088
5180.988	-0.089
5181.145	-0.088
5181.302	-0.089
5181.483	-0.088
5181.640	-0.088
5181.822	-0.088
5181.979	-0.088
5182.135	-0.088
5182.317	-0.088
5182.473	-0.088
5182.655	-0.088
5182.812	-0.088
5182.968	-0.088
5183.150	-0.088
5183.307	-0.088
5183.488	-0.088
5183.645	-0.088
5183.802	-0.088
5183.983	-0.088
5184.140	-0.088
5184.322	-0.088
5184.479	-0.088
5184.635	-0.089
5184.817	-0.088
5184.973	-0.088
5185.155	-0.088
5185.312	-0.088
5185.468	-0.088
5185.650	-0.088
5185.807	-0.088
5185.988	-0.088
5186.145	-0.088
5186.302	-0.088
5186.483	-0.088
5186.640	-0.088
5186.822	-0.088
5186.979	-0.088
5187.135	-0.088
5187.317	-0.088
5187.473	-0.088
5187.655	-0.088
5187.812	-0.088
5187.968	-0.089
5188.150	-0.088
5188.307	-0.088
5188.488	-0.088
5188.645	-0.088
5188.802	-0.088
5188.983	-0.088
5189.140	-0.088
5189.322	-0.088
5189.479	-0.088
5189.635	-0.089
5189.817	-0.088
5189.973	-0.088
5190.155	-0.089
5190.312	-0.088
5190.468	-0.088
5190.650	-0.088
5190.807	-0.088
5190.988	-0.089
5191.145	-0.088
5191.302	-0.088
5191.483	-0.088
5191.640	-0.088
5191.822	-0.088
5191.979	-0.088
5192.135	-0.088
5192.317	-0.088
5192.473	-0.088
5192.655	-0.088
5192.812	-0.088
5192.968	-0.088
5193.150	-0.088
5193.307	-0.089
5193.488	-0.089
5193.645	-0.088
5193.802	-0.088
5193.983	-0.088
5194.140	-0.088
5194.322	-0.088
5194.479	-0.088
5194.635	-0.088
5194.817	-0.088
5194.973	-0.088
5195.155	-0.088
5195.312	-0.088
5195.468	-0.088
5195.650	-0.088
5195.807	-0.088
5195.988	-0.088
5196.145	-0.088
5196.302	-0.088
5196.483	-0.088
5196.640	-0.088
5196.822	-0.088
5196.979	-0.088
5197.135	-0.088
5197.317	-0.089
5197.473	-0.088
5197.655	-0.088
5197.812	-0.088
5197.968	-0.088
5198.150	-0.088
5198.307	-0.088
5198.488	-0.088
5198.645	-0.088
5198.802	-0.088
5198.983	-0.088
5199.140	-0.088
5199.322	-0.088
5199.479	-0.088
5199.635	-0.088
5199.817	-0.088
5199.973	-0.088
5200.155	-0.088
5200.312	-0.088
5200.468	-0.088
5200.650	-0.089
5200.807	-0.088
5200.963	-0.088
5201.145	-0.088
5201.302	-0.088
5201.483	-0.088
5201.640	-0.088
5201.822	-0.088
5201.979	-0.088
5202.135	-0.088
5202.317	-0.088
5202.473	-0.088
5202.655	-0.088
5202.812	-0.088
5202.968	-0.088
5203.150	-0.088
5203.307	-0.088
5203.488	-0.088
5203.645	-0.088
5203.802	-0.088
5203.983	-0.088
5204.140	-0.088
5204.322	-0.088
5204.479	-0.088
5204.635	-0.089
5204.817	-0.088
5204.973	-0.088
5205.130	-0.088
5205.312	-0.088
5205.468	-0.088
5205.650	-0.088
5205.807	-0.088
5205.963	-0.088
5206.145	-0.088
5206.302	-0.088
5206.483	-0.088
5206.640	-0.088
5206.797	-0.088
5206.979	-0.088
5207.135	-0.088
5207.317	-0.088
5207.473	-0.088
5207.630	-0.088
5207.812	-0.088
5207.968	-0.088
5208.150	-0.088
5208.307	-0.088
5208.463	-0.088
5208.645	-0.088
5208.802	-0.089
5208.983	-0.088
5209.140	-0.089
5209.322	-0.088
5209.479	-0.088
5209.635	-0.088
5209.817	-0.088
5209.973	-0.088
5210.155	-0.088
5210.312	-0.088
5210.468	-0.089
5210.650	-0.088
5210.807	-0.089
5210.963	-0.088
5211.145	-0.088
5211.302	-0.088
5211.483	-0.088
5211.640	-0.089
5211.797	-0.088
5211.979	-0.088
5212.135	-0.088
5212.317	-0.089
5212.473	-0.088
5212.630	-0.088
5212.812	-0.088
5212.968	-0.088
5213.150	-0.088
5213.307	-0.088
5213.463	-0.088
5213.645	-0.088
5213.802	-0.088
5213.983	-0.088
5214.140	-0.088
5214.297	-0.088
5214.479	-0.088
5214.635	-0.088
5214.817	-0.088
5214.973	-0.089
5215.130	-0.088
5215.312	-0.088
5215.468	-0.088
5215.650	-0.089
5215.807	-0.088
5215.963	-0.088
5216.145	-0.088
5216.302	-0.089
5216.483	-0.088
5216.640	-0.089
5216.822	-0.088
5216.979	-0.089
5217.135	-0.088
5217.317	-0.088
5217.473	-0.088
5217.630	-0.088
5217.812	-0.088
5217.968	-0.088
5218.150	-0.088
5218.307	-0.088
5218.463	-0.088
5218.645	-0.088
5218.802	-0.088
5218.983	-0.088
5219.140	-0.088
5219.297	-0.088
5219.479	-0.088
5219.635	-0.088
5219.817	-0.088
5219.973	-0.088
5220.130	-0.088
5220.312	-0.089
5220.468	-0.088
5220.650	-0.088
5220.807	-0.088
5220.963	-0.088
5221.145	-0.088
5221.302	-0.088
5221.483	-0.088
5221.640	-0.088
5221.797	-0.088
5221.979	-0.088
5222.135	-0.088
5222.317	-0.088
5222.473	-0.088
5222.630	-0.088
5222.812	-0.088
5222.968	-0.088
5223.150	-0.088
5223.307	-0.088
5223.463	-0.088
5223.645	-0.088
5223.802	-0.088
5223.983	-0.088
5224.140	-0.088
5224.297	-0.088
5224.479	-0.088
5224.635	-0.089
5224.817	-0.088
5224.973	-0.088
5225.130	-0.088
5225.312	-0.088
5225.468	-0.088
5225.650	-0.088
5225.807	-0.088
5225.963	-0.088
5226.145	-0.088
5226.302	-0.088
5226.483	-0.089
5226.640	-0.088
5226.797	-0.088
5226.979	-0.088
5227.135	-0.089
5227.317	-0.088
5227.473	-0.088
5227.630	-0.088
5227.812	-0.088
5227.968	-0.088
5228.150	-0.088
5228.307	-0.088
5228.463	-0.088
5228.645	-0.088
5228.802	-0.088
5228.983	-0.088
5229.140	-0.088
5229.297	-0.088
5229.479	-0.088
5229.635	-0.088
5229.817	-0.088
5229.973	-0.089
5230.130	-0.088
5230.312	-0.088
5230.468	-0.088
5230.650	-0.090
5230.807	-0.089
5230.963	-0.088
5231.145	-0.088
5231.302	-0.088
5231.483	-0.088
5231.640	-0.088
5231.797	-0.088
5231.979	-0.088
5232.135	-0.088
5232.317	-0.088
5232.473	-0.088
5232.630	-0.088
5232.812	-0.088
5232.968	-0.088
5233.150	-0.088
5233.307	-0.088
5233.463	-0.088
5233.645	-0.088
5233.802	-0.089
5233.983	-0.089
5234.140	-0.088
5234.297	-0.088
5234.479	-0.088
5234.635	-0.089
5234.817	-0.088
5234.973	-0.088
5235.130	-0.088
5235.312	-0.088
5235.468	-0.089
5235.650	-0.088
5235.807	-0.089
5235.963	-0.088
5236.145	-0.088
5236.302	-0.088
5236.483	-0.088
5236.640	-0.088
5236.797	-0.088
5236.979	-0.088
5237.135	-0.088
5237.317	-0.088
5237.473	-0.088
5237.630	-0.088
5237.812	-0.088
5237.968	-0.088
5238.150	-0.088
5238.307	-0.088
5238.463	-0.088
5238.645	-0.088
5238.802	-0.088
5238.983	-0.088
5239.140	-0.088
5239.297	-0.088
5239.479	-0.088
5239.635	-0.088
5239.817	-0.088
5239.973	-0.088
5240.130	-0.088
5240.312	-0.088
5240.468	-0.088
5240.650	-0.088
5240.807	-0.088
5240.963	-0.088
5241.145	-0.088
5241.302	-0.088
5241.483	-0.088
5241.640	-0.088
5241.797	-0.088
5241.979	-0.089
5242.135	-0.089
5242.317	-0.088
5242.473	-0.088
5242.630	-0.088
5242.812	-0.088
5242.968	-0.088
5243.150	-0.088
5243.307	-0.088
5243.463	-0.088
5243.645	-0.088
5243.802	-0.088
5243.983	-0.088
5244.140	-0.088
5244.297	-0.088
5244.479	-0.088
5244.635	-0.088
5244.817	-0.088
5244.973	-0.088
5245.130	-0.088
5245.312	-0.088
5245.468	-0.088
5245.650	-0.088
5245.807	-0.088
5245.963	-0.089
5246.145	-0.088
5246.302	-0.088
5246.483	-0.088
5246.640	-0.089
5246.797	-0.088
5246.979	-0.088
5247.135	-0.088
5247.317	-0.088
5247.473	-0.088
5247.630	-0.088
5247.812	-0.088
5247.968	-0.088
5248.150	-0.089
5248.307	-0.088
5248.463	-0.088
5248.645	-0.088
5248.802	-0.088
5248.983	-0.088
5249.140	-0.088
5249.297	-0.090
5249.479	-0.089
5249.635	-0.088
5249.817	-0.088
5249.973	-0.088
5250.130	-0.088
5250.312	-0.088
5250.468	-0.088
5250.650	-0.088
5250.807	-0.089
5250.963	-0.088
5251.145	-0.088
5251.302	-0.089
5251.483	-0.088
5251.640	-0.088
5251.797	-0.088
5251.979	-0.088
5252.135	-0.088
5252.317	-0.089
5252.473	-0.088
5252.630	-0.088
5252.812	-0.088
5252.968	-0.088
5253.150	-0.088
5253.307	-0.088
5253.463	-0.088
5253.645	-0.089
5253.802	-0.088
5253.983	-0.088
5254.140	-0.088
5254.297	-0.089
5254.479	-0.088
5254.635	-0.088
5254.817	-0.088
5254.973	-0.088
5255.130	-0.088
5255.312	-0.088
5255.468	-0.088
5255.650	-0.088
5255.807	-0.088
5255.963	-0.088
5256.145	-0.089
5256.302	-0.088
5256.483	-0.088
5256.640	-0.088
5256.797	-0.088
5256.979	-0.088
5257.135	-0.089
5257.317	-0.088
5257.473	-0.088
5257.630	-0.088
5257.812	-0.088
5257.968	-0.088
5258.150	-0.088
5258.307	-0.088
5258.463	-0.088
5258.645	-0.089
5258.802	-0.088
5258.983	-0.088
5259.140	-0.089
5259.297	-0.088
5259.479	-0.088
5259.635	-0.088
5259.817	-0.089
5259.973	-0.088
5260.130	-0.088
5260.312	-0.088
5260.468	-0.088
5260.650	-0.088
5260.807	-0.088
5260.963	-0.088
5261.145	-0.088
5261.302	-0.088
5261.483	-0.088
5261.640	-0.088
5261.797	-0.088
5261.979	-0.088
5262.135	-0.088
5262.317	-0.088
5262.473	-0.088
5262.630	-0.089
5262.812	-0.089
5262.968	-0.088
5263.150	-0.088
5263.307	-0.088
5263.463	-0.088
5263.645	-0.088
5263.802	-0.088
5263.983	-0.088
5264.140	-0.088
5264.297	-0.088
5264.479	-0.089
5264.635	-0.088
5264.817	-0.088
5264.973	-0.088
5265.130	-0.088
5265.312	-0.088
5265.468	-0.089
5265.650	-0.088
5265.807	-0.088
5265.963	-0.088
5266.145	-0.088
5266.302	-0.089
5266.483	-0.088
5266.640	-0.089
5266.797	-0.088
5266.979	-0.088
5267.135	-0.088
5267.317	-0.088
5267.473	-0.088
5267.630	-0.088
5267.812	-0.089
5267.968	-0.088
5268.150	-0.088
5268.307	-0.089
5268.463	-0.088
5268.645	-0.088
5268.802	-0.088
5268.958	-0.088
5269.140	-0.088
5269.297	-0.088
5269.479	-0.088
5269.635	-0.088
5269.792	-0.089
5269.973	-0.088
5270.130	-0.088
5270.312	-0.088
5270.468	-0.088
5270.625	-0.088
5270.807	-0.088
5270.963	-0.088
5271.145	-0.088
5271.302	-0.088
5271.458	-0.088
5271.640	-0.088
5271.797	-0.088
5271.979	-0.089
5272.135	-0.088
5272.292	-0.088
5272.473	-0.088
5272.630	-0.088
5272.812	-0.088
5272.968	-0.088
5273.125	-0.088
5273.307	-0.088
5273.463	-0.088
5273.645	-0.088
5273.802	-0.088
5273.958	-0.088
5274.140	-0.088
5274.297	-0.088
5274.479	-0.088
5274.635	-0.088
5274.792	-0.088
5274.973	-0.088
5275.130	-0.088
5275.312	-0.088
5275.468	-0.088
5275.625	-0.088
5275.807	-0.088
5275.963	-0.088
5276.145	-0.088
5276.302	-0.088
5276.458	-0.088
5276.640	-0.088
5276.797	-0.088
5276.979	-0.088
5277.135	-0.088
5277.292	-0.088
5277.473	-0.088
5277.630	-0.088
5277.812	-0.088
5277.968	-0.088
5278.125	-0.088
5278.307	-0.088
5278.463	-0.088
5278.645	-0.088
5278.802	-0.088
5278.958	-0.088
5279.140	-0.088
5279.297	-0.088
5279.479	-0.088
5279.635	-0.088
5279.792	-0.088
5279.973	-0.088
5280.130	-0.089
5280.312	-0.088
5280.468	-0.088
5280.650	-0.088
5280.807	-0.088
5280.963	-0.088
5281.145	-0.088
5281.302	-0.089
5281.458	-0.088
5281.640	-0.088
5281.797	-0.088
5281.979	-0.088
5282.135	-0.088
5282.292	-0.088
5282.473	-0.088
5282.630	-0.088
5282.812	-0.089
5282.968	-0.088
5283.125	-0.088
5283.307	-0.088
5283.463	-0.088
5283.645	-0.088
5283.802	-0.088
5283.958	-0.088
5284.140	-0.088
5284.297	-0.088
5284.479	-0.088
5284.635	-0.088
5284.792	-0.088
5284.973	-0.088
5285.130	-0.088
5285.312	-0.088
5285.468	-0.089
5285.625	-0.088
5285.807	-0.088
5285.963	-0.088
5286.145	-0.088
5286.302	-0.088
5286.458	-0.089
5286.640	-0.088
5286.797	-0.088
5286.979	-0.088
5287.135	-0.088
5287.292	-0.088
5287.473	-0.088
5287.630	-0.088
5287.812	-0.088
5287.968	-0.088
5288.125	-0.088
5288.307	-0.088
5288.463	-0.088
5288.645	-0.088
5288.802	-0.088
5288.958	-0.088
5289.140	-0.088
5289.297	-0.088
5289.479	-0.088
5289.635	-0.088
5289.792	-0.088
5289.973	-0.088
5290.130	-0.088
5290.312	-0.088
5290.468	-0.088
5290.625	-0.088
5290.807	-0.088
5290.963	-0.088
5291.145	-0.088
5291.302	-0.089
5291.458	-0.088
5291.640	-0.088
5291.797	-0.089
5291.979	-0.088
5292.135	-0.088
5292.317	-0.088
5292.473	-0.088
5292.630	-0.089
5292.812	-0.088
5292.968	-0.088
5293.150	-0.088
5293.307	-0.088
5293.463	-0.089
5293.645	-0.088
5293.802	-0.089
5293.983	-0.088
5294.140	-0.088
5294.297	-0.088
5294.479	-0.088
5294.635	-0.088
5294.792	-0.088
5294.973	-0.088
5295.130	-0.088
5295.312	-0.089
5295.468	-0.088
5295.625	-0.088
5295.807	-0.088
5295.963	-0.088
5296.145	-0.088
5296.302	-0.088
5296.458	-0.088
5296.640	-0.088
5296.797	-0.088
5296.979	-0.088
5297.135	-0.088
5297.292	-0.088
5297.473	-0.088
5297.630	-0.090
5297.812	-0.088
5297.968	-0.088
5298.125	-0.088
5298.307	-0.089
5298.463	-0.088
5298.645	-0.088
5298.802	-0.089
5298.983	-0.088
5299.140	-0.088
5299.297	-0.088
5299.479	-0.088
5299.635	-0.088
5299.817	-0.088
5299.973	-0.088
5300.130	-0.088
5300.312	-0.088
5300.468	-0.088
5300.650	-0.088
5300.807	-0.088
5300.963	-0.088
5301.145	-0.088
5301.302	-0.088
5301.483	-0.088
5301.640	-0.088
5301.797	-0.088
5301.979	-0.088
5302.135	-0.088
5302.292	-0.088
5302.473	-0.089
5302.630	-0.088
5302.812	-0.088
5302.968	-0.088
5303.125	-0.088
5303.307	-0.088
5303.463	-0.090
5303.645	-0.088
5303.802	-0.088
5303.983	-0.088
5304.140	-0.088
5304.297	-0.088
5304.479	-0.088
5304.635	-0.088
5304.792	-0.088
5304.973	-0.088
5305.130	-0.088
5305.312	-0.088
5305.468	-0.088
5305.625	-0.089
5305.807	-0.088
5305.963	-0.089
5306.145	-0.088
5306.302	-0.088
5306.458	-0.089
5306.640	-0.090
5306.797	-0.088
5306.979	-0.088
5307.135	-0.088
5307.292	-0.088
5307.473	-0.088
5307.630	-0.088
5307.812	-0.088
5307.968	-0.088
5308.125	-0.088
5308.307	-0.088
5308.463	-0.089
5308.645	-0.088
5308.802	-0.088
5308.958	-0.088
5309.140	-0.088
5309.297	-0.088
5309.479	-0.088
5309.635	-0.089
5309.792	-0.089
5309.973	-0.088
5310.130	-0.088
5310.312	-0.088
5310.468	-0.090
5310.625	-0.088
5310.807	-0.088
5310.963	-0.088
5311.145	-0.089
5311.302	-0.088
5311.458	-0.089
5311.640	-0.088
5311.797	-0.088
5311.979	-0.088
5312.135	-0.088
5312.292	-0.088
5312.473	-0.088
5312.630	-0.088
5312.812	-0.088
5312.968	-0.089
5313.125	-0.088
5313.307	-0.088
5313.463	-0.088
5313.645	-0.088
5313.802	-0.088
5313.958	-0.088
5314.140	-0.088
5314.297	-0.088
5314.479	-0.088
5314.635	-0.088
5314.792	-0.088
5314.973	-0.088
5315.130	-0.088
5315.312	-0.088
5315.468	-0.088
5315.625	-0.088
5315.807	-0.088
5315.963	-0.088
5316.145	-0.088
5316.302	-0.088
5316.458	-0.088
5316.640	-0.089
5316.797	-0.088
5316.979	-0.088
5317.135	-0.088
5317.292	-0.088
5317.473	-0.088
5317.630	-0.088
5317.812	-0.088
5317.968	-0.088
5318.125	-0.088
5318.307	-0.088
5318.463	-0.088
5318.645	-0.088
5318.802	-0.088
5318.958	-0.088
5319.140	-0.088
5319.297	-0.088
5319.479	-0.088
5319.635	-0.088
5319.792	-0.088
5319.973	-0.088
5320.130	-0.088
5320.312	-0.088
5320.468	-0.088
5320.625	-0.088
5320.807	-0.088
5320.963	-0.088
5321.145	-0.088
5321.302	-0.088
5321.458	-0.088
5321.640	-0.088
5321.797	-0.088
5321.979	-0.088
5322.135	-0.088
5322.292	-0.089
5322.473	-0.088
5322.630	-0.088
5322.812	-0.088
5322.968	-0.088
5323.125	-0.088
5323.307	-0.088
5323.463	-0.089
5323.645	-0.088
5323.802	-0.088
5323.958	-0.088
5324.140	-0.088
5324.297	-0.089
5324.479	-0.088
5324.635	-0.088
5324.792	-0.089
5324.973	-0.088
5325.130	-0.088
5325.312	-0.088
5325.468	-0.088
5325.625	-0.088
5325.807	-0.088
5325.963	-0.089
5326.145	-0.088
5326.302	-0.088
5326.458	-0.088
5326.640	-0.088
5326.797	-0.088
5326.979	-0.089
5327.135	-0.088
5327.292	-0.088
5327.473	-0.088
5327.630	-0.089
5327.812	-0.088
5327.968	-0.088
5328.125	-0.089
5328.307	-0.088
5328.463	-0.088
5328.645	-0.088
5328.802	-0.088
5328.958	-0.088
5329.140	-0.088
5329.297	-0.088
5329.479	-0.088
5329.635	-0.088
5329.792	-0.088
5329.973	-0.088
5330.130	-0.088
5330.312	-0.088
5330.468	-0.088
5330.625	-0.088
5330.807	-0.089
5330.963	-0.088
5331.145	-0.089
5331.302	-0.088
5331.458	-0.088
5331.640	-0.088
5331.797	-0.088
5331.979	-0.088
5332.135	-0.088
5332.292	-0.088
5332.473	-0.088
5332.630	-0.088
5332.812	-0.088
5332.968	-0.088
5333.125	-0.088
5333.307	-0.088
5333.463	-0.088
5333.645	-0.088
5333.802	-0.088
5333.958	-0.088
5334.140	-0.088
5334.297	-0.088
5334.479	-0.088
5334.635	-0.088
5334.792	-0.089
5334.973	-0.088
5335.130	-0.088
5335.312	-0.088
5335.468	-0.088
5335.625	-0.088
5335.807	-0.089
5335.963	-0.088
5336.145	-0.088
5336.302	-0.089
5336.458	-0.089
5336.640	-0.088
5336.797	-0.088
5336.979	-0.088
5337.135	-0.088
5337.292	-0.088
5337.473	-0.088
5337.630	-0.088
5337.812	-0.088
5337.968	-0.089
5338.125	-0.088
5338.307	-0.088
5338.463	-0.088
5338.645	-0.088
5338.802	-0.088
5338.958	-0.088
5339.140	-0.088
5339.297	-0.088
5339.479	-0.088
5339.635	-0.088
5339.792	-0.088
5339.973	-0.089
5340.130	-0.088
5340.312	-0.088
5340.468	-0.088
5340.625	-0.088
5340.807	-0.088
5340.963	-0.090
5341.145	-0.088
5341.302	-0.088
5341.458	-0.088
5341.640	-0.088
5341.797	-0.088
5341.979	-0.088
5342.135	-0.088
5342.292	-0.089
5342.473	-0.088
5342.630	-0.089
5342.812	-0.088
5342.968	-0.088
5343.125	-0.089
5343.307	-0.088
5343.463	-0.090
5343.645	-0.088
5343.802	-0.088
5343.958	-0.088
5344.140	-0.088
5344.297	-0.088
5344.479	-0.088
5344.635	-0.088
5344.792	-0.088
5344.973	-0.088
5345.130	-0.090
5345.312	-0.088
5345.468	-0.088
5345.625	-0.089
5345.807	-0.089
5345.963	-0.088
5346.145	-0.088
5346.302	-0.088
5346.458	-0.089
5346.640	-0.088
5346.797	-0.088
5346.979	-0.088
5347.135	-0.088
5347.292	-0.088
5347.473	-0.088
5347.630	-0.088
5347.812	-0.088
5347.968	-0.088
5348.125	-0.088
5348.307	-0.088
5348.463	-0.088
5348.645	-0.088
5348.802	-0.088
5348.958	-0.088
5349.140	-0.088
5349.297	-0.088
5349.479	-0.088
5349.635	-0.088
5349.792	-0.088
5349.973	-0.088
5350.130	-0.088
5350.312	-0.088
5350.468	-0.088
5350.625	-0.089
5350.807	-0.090
5350.963	-0.088
5351.145	-0.088
5351.302	-0.088
5351.458	-0.088
5351.640	-0.088
5351.797	-0.088
5351.979	-0.088
5352.135	-0.088
5352.292	-0.088
5352.473	-0.088
5352.630	-0.088
5352.812	-0.089
5352.968	-0.088
5353.125	-0.088
5353.307	-0.088
5353.463	-0.088
5353.645	-0.088
5353.802	-0.088
5353.958	-0.088
5354.140	-0.088
5354.297	-0.088
5354.479	-0.088
5354.635	-0.088
5354.792	-0.088
5354.973	-0.088
5355.130	-0.088
5355.312	-0.088
5355.468	-0.088
5355.625	-0.088
5355.807	-0.088
5355.963	-0.089
5356.145	-0.089
5356.302	-0.089
5356.458	-0.089
5356.640	-0.088
5356.797	-0.088
5356.979	-0.088
5357.135	-0.088
5357.292	-0.088
5357.473	-0.088
5357.630	-0.089
5357.812	-0.088
5357.968	-0.088
5358.125	-0.088
5358.307	-0.088
5358.463	-0.089
5358.645	-0.088
5358.802	-0.088
5358.958	-0.088
5359.140	-0.088
5359.297	-0.088
5359.479	-0.088
5359.635	-0.090
5359.792	-0.088
5359.973	-0.089
5360.130	-0.088
5360.312	-0.088
5360.468	-0.088
5360.625	-0.089
5360.807	-0.088
5360.963	-0.089
5361.145	-0.088
5361.302	-0.088
5361.458	-0.088
5361.640	-0.088
5361.797	-0.088
5361.979	-0.088
5362.135	-0.088
5362.292	-0.088
5362.473	-0.088
5362.630	-0.088
5362.812	-0.088
5362.968	-0.089
5363.125	-0.088
5363.307	-0.088
5363.463	-0.088
5363.645	-0.088
5363.802	-0.089
5363.958	-0.088
5364.140	-0.089
5364.297	-0.088
5364.479	-0.088
5364.635	-0.088
5364.792	-0.088
5364.973	-0.088
5365.130	-0.088
5365.312	-0.088
5365.468	-0.088
5365.625	-0.088
5365.807	-0.088
5365.963	-0.088
5366.145	-0.088
5366.302	-0.088
5366.458	-0.088
5366.640	-0.088
5366.797	-0.088
5366.979	-0.089
5367.135	-0.088
5367.292	-0.088
5367.473	-0.088
5367.630	-0.088
5367.812	-0.088
5367.968	-0.088
5368.125	-0.088
5368.307	-0.088
5368.463	-0.088
5368.618	-0.088
5368.802	-0.088
5368.958	-0.088
5369.140	-0.089
5369.297	-0.088
5369.479	-0.088
5369.635	-0.088
5369.792	-0.088
5369.973	-0.088
5370.130	-0.088
5370.312	-0.088
5370.468	-0.088
5370.625	-0.088
5370.807	-0.089
5370.963	-0.088
5371.145	-0.088
5371.302	-0.088
5371.458	-0.088
5371.640	-0.088
5371.797	-0.088
5371.979	-0.088
5372.135	-0.088
5372.292	-0.088
5372.473	-0.089
5372.630	-0.088
5372.812	-0.088
5372.968	-0.089
5373.125	-0.088
5373.307	-0.088
5373.463	-0.088
5373.645	-0.088
5373.802	-0.088
5373.958	-0.088
5374.140	-0.088
5374.297	-0.088
5374.479	-0.088
5374.635	-0.088
5374.792	-0.088
5374.973	-0.088
5375.130	-0.088
5375.312	-0.088
5375.468	-0.088
5375.625	-0.089
5375.807	-0.089
5375.963	-0.088
5376.145	-0.088
5376.302	-0.088
5376.458	-0.088
5376.640	-0.089
5376.797	-0.088
5376.979	-0.088
5377.135	-0.088
5377.292	-0.089
5377.473	-0.089
5377.630	-0.088
5377.785	-0.088
5377.968	-0.088
5378.125	-0.088
5378.307	-0.088
5378.463	-0.088
5378.618	-0.088
5378.802	-0.088
5378.958	-0.088
5379.140	-0.088
5379.297	-0.088
5379.452	-0.088
5379.635	-0.088
5379.792	-0.088
5379.973	-0.088
5380.130	-0.088
5380.285	-0.088
5380.468	-0.088
5380.625	-0.088
5380.807	-0.088
5380.963	-0.088
5381.118	-0.088
5381.302	-0.088
5381.458	-0.088
5381.640	-0.088
5381.797	-0.088
5381.979	-0.088
5382.135	-0.088
5382.292	-0.088
5382.473	-0.088
5382.630	-0.090
5382.785	-0.088
5382.968	-0.088
5383.125	-0.088
5383.307	-0.088
5383.463	-0.088
5383.645	-0.088
5383.802	-0.088
5383.958	-0.088
5384.140	-0.088
5384.297	-0.088
5384.452	-0.089
5384.635	-0.088
5384.792	-0.088
5384.973	-0.089
5385.130	-0.088
5385.312	-0.088
5385.468	-0.088
5385.625	-0.088
5385.807	-0.088
5385.963	-0.088
5386.118	-0.088
5386.302	-0.088
5386.458	-0.088
5386.640	-0.088
5386.797	-0.088
5386.952	-0.088
5387.135	-0.088
5387.292	-0.089
5387.473	-0.088
5387.630	-0.088
5387.785	-0.089
5387.968	-0.088
5388.125	-0.088
5388.307	-0.088
5388.463	-0.088
5388.618	-0.088
5388.802	-0.088
5388.958	-0.088
5389.140	-0.088
5389.297	-0.088
5389.452	-0.089
5389.635	-0.088
5389.792	-0.088
5389.973	-0.088
5390.130	-0.088
5390.285	-0.088
5390.468	-0.088
5390.625	-0.088
5390.807	-0.088
5390.963	-0.088
5391.118	-0.088
5391.302	-0.088
5391.458	-0.088
5391.640	-0.088
5391.797	-0.088
5391.952	-0.089
5392.135	-0.088
5392.292	-0.088
5392.473	-0.088
5392.630	-0.088
5392.785	-0.088
5392.968	-0.089
5393.125	-0.088
5393.307	-0.090
5393.463	-0.088
5393.645	-0.088
5393.802	-0.089
5393.958	-0.088
5394.140	-0.088
5394.297	-0.088
5394.452	-0.089
5394.635	-0.088
5394.792	-0.088
5394.973	-0.088
5395.130	-0.088
5395.285	-0.088
5395.468	-0.089
5395.625	-0.088
5395.807	-0.088
5395.963	-0.088
5396.118	-0.088
5396.302	-0.088
5396.458	-0.088
5396.640	-0.088
5396.797	-0.088
5396.952	-0.088
5397.135	-0.088
5397.292	-0.088
5397.473	-0.088
5397.630	-0.088
5397.785	-0.088
5397.968	-0.088
5398.125	-0.088
5398.307	-0.088
5398.463	-0.088
5398.618	-0.088
5398.802	-0.088
5398.958	-0.088
5399.140	-0.088
5399.297	-0.088
5399.452	-0.088
5399.635	-0.088
5399.792	-0.088
5399.973	-0.088
5400.130	-0.088
5400.285	-0.088
5400.468	-0.088
5400.625	-0.088
5400.807	-0.088
5400.963	-0.089
5401.118	-0.088
5401.302	-0.088
5401.458	-0.088
5401.640	-0.088
5401.797	-0.088
5401.952	-0.088
5402.135	-0.089
5402.292	-0.088
5402.473	-0.088
5402.630	-0.089
5402.785	-0.088
5402.968	-0.088
5403.125	-0.088
5403.307	-0.088
5403.463	-0.088
5403.618	-0.088
5403.802	-0.089
5403.958	-0.088
5404.140	-0.088
5404.297	-0.088
5404.452	-0.088
5404.635	-0.088
5404.792	-0.088
5404.973	-0.088
5405.130	-0.088
5405.285	-0.088
5405.468	-0.088
5405.625	-0.088
5405.807	-0.088
5405.963	-0.088
5406.118	-0.088
5406.302	-0.088
5406.458	-0.088
5406.640	-0.089
5406.797	-0.088
5406.952	-0.088
5407.135	-0.089
5407.292	-0.088
5407.473	-0.088
5407.630	-0.088
5407.785	-0.088
5407.968	-0.088
5408.125	-0.088
5408.307	-0.088
5408.463	-0.088
5408.618	-0.088
5408.802	-0.088
5408.958	-0.088
5409.140	-0.088
5409.297	-0.088
5409.452	-0.088
5409.635	-0.088
5409.792	-0.088
5409.973	-0.088
5410.130	-0.088
5410.285	-0.088
5410.468	-0.089
5410.625	-0.088
5410.807	-0.088
5410.963	-0.088
5411.118	-0.088
5411.302	-0.088
5411.458	-0.088
5411.640	-0.088
5411.797	-0.088
5411.952	-0.088
5412.135	-0.088
5412.292	-0.089
5412.473	-0.088
5412.630	-0.088
5412.812	-0.088
5412.968	-0.088
5413.125	-0.088
5413.307	-0.088
5413.463	-0.088
5413.618	-0.088
5413.802	-0.088
5413.958	-0.088
5414.140	-0.088
5414.297	-0.088
5414.452	-0.088
5414.635	-0.088
5414.792	-0.088
5414.973	-0.089
5415.130	-0.088
5415.285	-0.088
5415.468	-0.088
5415.625	-0.088
5415.807	-0.088
5415.963	-0.088
5416.118	-0.088
5416.302	-0.088
5416.458	-0.088
5416.640	-0.088
5416.797	-0.088
5416.952	-0.088
5417.135	-0.088
5417.292	-0.088
5417.473	-0.088
5417.630	-0.088
5417.785	-0.088
5417.968	-0.088
5418.125	-0.088
5418.307	-0.088
5418.463	-0.088
5418.618	-0.088
5418.802	-0.088
5418.958	-0.088
5419.140	-0.088
5419.297	-0.088
5419.452	-0.089
5419.635	-0.088
5419.792	-0.088
5419.973	-0.088
5420.130	-0.089
5420.285	-0.088
5420.468	-0.088
5420.625	-0.088
5420.807	-0.088
5420.963	-0.088
5421.118	-0.088
5421.302	-0.088
5421.458	-0.088
5421.640	-0.088
5421.797	-0.088
5421.952	-0.088
5422.135	-0.088
5422.292	-0.088
5422.473	-0.088
5422.630	-0.088
5422.785	-0.088
5422.968	-0.088
5423.125	-0.088
5423.307	-0.088
5423.463	-0.088
5423.618	-0.088
5423.802	-0.088
5423.958	-0.088
5424.140	-0.088
5424.297	-0.088
5424.452	-0.088
5424.635	-0.088
5424.792	-0.088
5424.973	-0.088
5425.130	-0.088
5425.285	-0.088
5425.468	-0.088
5425.625	-0.088
5425.807	-0.088
5425.963	-0.088
5426.118	-0.088
5426.302	-0.088
5426.458	-0.088
5426.640	-0.088
5426.797	-0.088
5426.952	-0.088
5427.135	-0.088
5427.292	-0.088
5427.473	-0.088
5427.630	-0.088
5427.785	-0.089
5427.968	-0.088
5428.125	-0.090
5428.307	-0.089
5428.463	-0.088
5428.618	-0.088
5428.802	-0.089
5428.958	-0.088
5429.140	-0.089
5429.297	-0.089
5429.452	-0.088
5429.635	-0.088
5429.792	-0.088
5429.973	-0.088
5430.130	-0.088
5430.285	-0.088
5430.468	-0.088
5430.625	-0.088
5430.807	-0.088
5430.963	-0.088
5431.118	-0.088
5431.302	-0.088
5431.458	-0.088
5431.640	-0.088
5431.797	-0.088
5431.952	-0.088
5432.135	-0.088
5432.292	-0.088
5432.473	-0.088
5432.630	-0.088
5432.785	-0.088
5432.968	-0.088
5433.125	-0.089
5433.307	-0.088
5433.463	-0.088
5433.618	-0.088
5433.802	-0.088
5433.958	-0.088
5434.140	-0.088
5434.297	-0.088
5434.452	-0.088
5434.635	-0.088
5434.792	-0.088
5434.973	-0.088
5435.130	-0.089
5435.285	-0.088
5435.468	-0.088
5435.625	-0.089
5435.807	-0.088
5435.963	-0.088
5436.118	-0.088
5436.302	-0.089
5436.458	-0.088
5436.640	-0.089
5436.797	-0.088
5436.952	-0.088
5437.135	-0.088
5437.292	-0.088
5437.473	-0.088
5437.630	-0.088
5437.785	-0.088
5437.968	-0.088
5438.125	-0.088
5438.307	-0.088
5438.463	-0.088
5438.618	-0.088
5438.802	-0.088
5438.958	-0.088
5439.140	-0.090
5439.297	-0.088
5439.452	-0.088
5439.635	-0.088
5439.792	-0.088
5439.973	-0.088
5440.130	-0.088
5440.285	-0.088
5440.468	-0.088
5440.625	-0.088
5440.807	-0.088
5440.963	-0.088
5441.118	-0.088
5441.302	-0.088
5441.458	-0.089
5441.640	-0.088
5441.797	-0.088
5441.952	-0.088
5442.135	-0.088
5442.292	-0.088
5442.473	-0.088
5442.630	-0.088
5442.785	-0.088
5442.968	-0.089
5443.125	-0.088
5443.307	-0.088
5443.463	-0.090
5443.618	-0.088
5443.802	-0.088
5443.958	-0.088
5444.140	-0.089
5444.297	-0.088
5444.452	-0.088
5444.635	-0.088
5444.792	-0.089
5444.973	-0.088
5445.130	-0.088
5445.285	-0.088
5445.468	-0.088
5445.625	-0.088
5445.807	-0.088
5445.963	-0.088
5446.118	-0.088
5446.302	-0.088
5446.458	-0.088
5446.640	-0.088
5446.797	-0.088
5446.952	-0.088
5447.135	-0.088
5447.292	-0.088
5447.473	-0.089
5447.630	-0.088
5447.785	-0.088
5447.968	-0.088
5448.125	-0.089
5448.307	-0.088
5448.463	-0.089
5448.618	-0.088
5448.802	-0.088
5448.958	-0.088
5449.140	-0.088
5449.297	-0.088
5449.452	-0.088
5449.635	-0.088
5449.792	-0.088
5449.973	-0.089
5450.130	-0.089
5450.285	-0.088
5450.468	-0.088
5450.625	-0.088
5450.807	-0.088
5450.963	-0.088
5451.118	-0.088
5451.302	-0.089
5451.458	-0.088
5451.640	-0.088
5451.797	-0.088
5451.952	-0.088
5452.135	-0.088
5452.292	-0.088
5452.473	-0.088
5452.630	-0.088
5452.785	-0.088
5452.968	-0.089
5453.125	-0.088
5453.307	-0.088
5453.463	-0.088
5453.618	-0.088
5453.802	-0.088
5453.958	-0.088
5454.140	-0.088
5454.297	-0.089
5454.452	-0.088
5454.635	-0.088
5454.792	-0.088
5454.973	-0.088
5455.130	-0.088
5455.285	-0.088
5455.468	-0.088
5455.625	-0.088
5455.807	-0.088
5455.963	-0.088
5456.118	-0.088
5456.302	-0.088
5456.458	-0.089
5456.640	-0.088
5456.797	-0.088
5456.952	-0.088
5457.135	-0.088
5457.292	-0.088
5457.473	-0.088
5457.630	-0.088
5457.785	-0.089
5457.968	-0.088
5458.125	-0.088
5458.307	-0.088
5458.463	-0.088
5458.618	-0.088
5458.802	-0.088
5458.958	-0.088
5459.140	-0.088
5459.297	-0.088
5459.452	-0.089
5459.635	-0.088
5459.792	-0.088
5459.973	-0.089
5460.130	-0.088
5460.285	-0.089
5460.468	-0.088
5460.625	-0.089
5460.807	-0.088
5460.963	-0.088
5461.118	-0.089
5461.302	-0.088
5461.458	-0.088
5461.640	-0.089
5461.797	-0.088
5461.952	-0.088
5462.135	-0.088
5462.292	-0.088
5462.473	-0.089
5462.630	-0.088
5462.785	-0.088
5462.968	-0.088
5463.125	-0.088
5463.307	-0.088
5463.463	-0.088
5463.618	-0.088
5463.802	-0.088
5463.958	-0.088
5464.140	-0.088
5464.297	-0.089
5464.452	-0.088
5464.635	-0.089
5464.792	-0.088
5464.973	-0.088
5465.130	-0.088
5465.285	-0.088
5465.468	-0.089
5465.625	-0.088
5465.807	-0.088
5465.963	-0.088
5466.118	-0.088
5466.302	-0.088
5466.458	-0.088
5466.640	-0.088
5466.797	-0.088
5466.952	-0.088
5467.135	-0.088
5467.292	-0.089
5467.473	-0.088
5467.630	-0.088
5467.785	-0.088
5467.968	-0.088
5468.125	-0.088
5468.280	-0.088
5468.463	-0.088
5468.618	-0.089
5468.802	-0.088
5468.958	-0.088
5469.140	-0.090
5469.297	-0.088
5469.452	-0.089
5469.635	-0.088
5469.792	-0.088
5469.973	-0.088
5470.130	-0.088
5470.285	-0.088
5470.468	-0.089
5470.625	-0.088
5470.807	-0.088
5470.963	-0.088
5471.118	-0.088
5471.302	-0.089
5471.458	-0.088
5471.640	-0.088
5471.797	-0.088
5471.952	-0.088
5472.135	-0.088
5472.292	-0.088
5472.473	-0.088
5472.630	-0.088
5472.785	-0.088
5472.968	-0.089
5473.125	-0.088
5473.307	-0.089
5473.463	-0.088
5473.618	-0.089
5473.802	-0.089
5473.958	-0.088
5474.140	-0.089
5474.297	-0.088
5474.452	-0.088
5474.635	-0.088
5474.792	-0.088
5474.947	-0.088
5475.130	-0.088
5475.285	-0.088
5475.468	-0.088
5475.625	-0.088
5475.807	-0.088
5475.963	-0.088
5476.118	-0.088
5476.302	-0.088
5476.458	-0.088
5476.613	-0.089
5476.797	-0.088
5476.952	-0.088
5477.135	-0.088
5477.292	-0.088
5477.473	-0.088
5477.630	-0.088
5477.785	-0.088
5477.968	-0.089
5478.125	-0.088
5478.307	-0.088
5478.463	-0.088
5478.618	-0.088
5478.802	-0.088
5478.958	-0.088
5479.140	-0.088
5479.297	-0.089
5479.452	-0.089
5479.635	-0.088
5479.792	-0.088
5479.973	-0.088
5480.130	-0.088
5480.285	-0.089
5480.468	-0.089
5480.625	-0.088
5480.807	-0.088
5480.963	-0.088
5481.118	-0.088
5481.302	-0.088
5481.458	-0.088
5481.613	-0.088
5481.797	-0.088
5481.952	-0.088
5482.135	-0.088
5482.292	-0.088
5482.473	-0.088
5482.630	-0.088
5482.785	-0.088
5482.968	-0.088
5483.125	-0.088
5483.280	-0.088
5483.463	-0.088
5483.618	-0.089
5483.802	-0.088
5483.958	-0.088
5484.140	-0.088
5484.297	-0.088
5484.452	-0.088
5484.635	-0.088
5484.792	-0.088
5484.947	-0.088
5485.130	-0.088
5485.285	-0.088
5485.468	-0.088
5485.625	-0.088
5485.807	-0.088
5485.963	-0.088
5486.118	-0.088
5486.302	-0.088
5486.458	-0.088
5486.613	-0.088
5486.797	-0.088
5486.952	-0.088
5487.135	-0.088
5487.292	-0.088
5487.473	-0.088
5487.630	-0.088
5487.785	-0.088
5487.968	-0.088
5488.125	-0.088
5488.280	-0.089
5488.463	-0.088
5488.618	-0.088
5488.802	-0.088
5488.958	-0.088
5489.140	-0.088
5489.297	-0.088
5489.452	-0.088
5489.635	-0.088
5489.792	-0.088
5489.973	-0.088
5490.130	-0.089
5490.285	-0.088
5490.468	-0.088
5490.625	-0.088
5490.780	-0.089
5490.963	-0.088
5491.118	-0.088
5491.302	-0.088
5491.458	-0.088
5491.640	-0.089
5491.797	-0.088
5491.952	-0.088
5492.135	-0.088
5492.292	-0.088
5492.447	-0.088
5492.630	-0.088
5492.785	-0.088
5492.968	-0.088
5493.125	-0.088
5493.307	-0.088
5493.463	-0.088
5493.618	-0.088
5493.802	-0.088
5493.958	-0.088
5494.113	-0.088
5494.297	-0.088
5494.452	-0.088
5494.635	-0.088
5494.792	-0.088
5494.973	-0.088
5495.130	-0.088
5495.285	-0.088
5495.468	-0.088
5495.625	-0.088
5495.780	-0.088
5495.963	-0.088
5496.118	-0.088
5496.302	-0.088
5496.458	-0.088
5496.640	-0.088
5496.797	-0.088
5496.952	-0.088
5497.135	-0.088
5497.292	-0.088
5497.447	-0.089
5497.630	-0.088
5497.785	-0.088
5497.968	-0.088
5498.125	-0.088
5498.307	-0.088
5498.463	-0.088
5498.618	-0.088
5498.802	-0.088
5498.958	-0.088
5499.113	-0.089
5499.297	-0.088
5499.452	-0.088
5499.635	-0.088
5499.792	-0.088
5499.973	-0.088
5500.130	-0.089
5500.285	-0.088
5500.468	-0.088
5500.625	-0.088
5500.780	-0.088
5500.963	-0.088
5501.118	-0.088
5501.302	-0.088
5501.458	-0.088
5501.640	-0.088
5501.797	-0.088
5501.952	-0.088
5502.135	-0.088
5502.292	-0.088
5502.447	-0.088
5502.630	-0.088
5502.785	-0.088
5502.968	-0.089
5503.125	-0.088
5503.307	-0.088
5503.463	-0.088
5503.618	-0.088
5503.802	-0.088
5503.958	-0.088
5504.113	-0.088
5504.297	-0.088
5504.452	-0.088
5504.635	-0.088
5504.792	-0.088
5504.947	-0.088
5505.130	-0.088
5505.285	-0.088
5505.468	-0.088
5505.625	-0.088
5505.780	-0.088
5505.963	-0.088
5506.118	-0.088
5506.302	-0.089
5506.458	-0.089
5506.613	-0.088
5506.797	-0.090
5506.952	-0.088
5507.135	-0.088
5507.292	-0.088
5507.447	-0.088
5507.630	-0.088
5507.785	-0.088
5507.968	-0.088
5508.125	-0.088
5508.280	-0.088
5508.463	-0.089
5508.618	-0.088
5508.802	-0.089
5508.958	-0.088
5509.140	-0.088
5509.297	-0.088
5509.452	-0.088
5509.635	-0.089
5509.792	-0.088
5509.947	-0.088
5510.130	-0.088
5510.285	-0.088
5510.468	-0.088
5510.625	-0.088
5510.780	-0.088
5510.963	-0.088
5511.118	-0.088
5511.302	-0.090
5511.458	-0.088
5511.613	-0.089
5511.797	-0.088
5511.952	-0.089
5512.135	-0.088
5512.292	-0.088
5512.473	-0.089
5512.630	-0.088
5512.785	-0.088
5512.968	-0.088
5513.125	-0.089
5513.280	-0.089
5513.463	-0.088
5513.618	-0.088
5513.802	-0.088
5513.958	-0.088
5514.113	-0.088
5514.297	-0.088
5514.452	-0.088
5514.635	-0.088
5514.792	-0.088
5514.947	-0.088
5515.130	-0.088
5515.285	-0.088
5515.468	-0.089
5515.625	-0.088
5515.807	-0.088
5515.963	-0.088
5516.118	-0.088
5516.302	-0.088
5516.458	-0.088
5516.613	-0.088
5516.797	-0.089
5516.952	-0.089
5517.135	-0.089
5517.292	-0.088
5517.473	-0.088
5517.630	-0.088
5517.785	-0.088
5517.968	-0.088
5518.125	-0.088
5518.280	-0.088
5518.463	-0.089
5518.618	-0.088
5518.802	-0.089
5518.958	-0.088
5519.140	-0.088
5519.297	-0.088
5519.452	-0.088
5519.635	-0.088
5519.792	-0.088
5519.947	-0.088
5520.130	-0.088
5520.285	-0.088
5520.468	-0.088
5520.625	-0.088
5520.780	-0.088
5520.963	-0.088
5521.118	-0.088
5521.302	-0.088
5521.458	-0.088
5521.613	-0.088
5521.797	-0.088
5521.952	-0.088
5522.135	-0.088
5522.292	-0.088
5522.447	-0.088
5522.630	-0.088
5522.785	-0.088
5522.968	-0.088
5523.125	-0.088
5523.280	-0.088
5523.463	-0.088
5523.618	-0.089
5523.802	-0.088
5523.958	-0.088
5524.140	-0.089
5524.297	-0.088
5524.452	-0.088
5524.635	-0.088
5524.792	-0.088
5524.947	-0.088
5525.130	-0.088
5525.285	-0.089
5525.468	-0.088
5525.625	-0.088
5525.807	-0.088
5525.963	-0.089
5526.118	-0.089
5526.302	-0.088
5526.458	-0.088
5526.613	-0.088
5526.797	-0.088
5526.952	-0.088
5527.135	-0.088
5527.292	-0.088
5527.447	-0.088
5527.630	-0.088
5527.785	-0.089
5527.968	-0.088
5528.125	-0.088
5528.280	-0.088
5528.463	-0.089
5528.618	-0.088
5528.802	-0.088
5528.958	-0.088
5529.140	-0.088
5529.297	-0.088
5529.452	-0.088
5529.635	-0.088
5529.792	-0.088
5529.947	-0.088
5530.130	-0.088
5530.285	-0.088
5530.468	-0.088
5530.625	-0.088
5530.780	-0.088
5530.963	-0.088
5531.118	-0.088
5531.302	-0.088
5531.458	-0.088
5531.613	-0.089
5531.797	-0.088
5531.952	-0.088
5532.135	-0.089
5532.292	-0.088
5532.473	-0.089
5532.630	-0.088
5532.785	-0.088
5532.968	-0.088
5533.125	-0.089
5533.280	-0.088
5533.463	-0.089
5533.618	-0.088
5533.802	-0.088
5533.958	-0.088
5534.113	-0.088
5534.297	-0.088
5534.452	-0.088
5534.635	-0.089
5534.792	-0.088
5534.947	-0.088
5535.130	-0.089
5535.285	-0.089
5535.468	-0.088
5535.625	-0.088
5535.780	-0.088
5535.963	-0.088
5536.118	-0.088
5536.302	-0.088
5536.458	-0.088
5536.613	-0.089
5536.797	-0.088
5536.952	-0.088
5537.135	-0.088
5537.292	-0.088
5537.447	-0.088
5537.630	-0.088
5537.785	-0.089
5537.968	-0.088
5538.125	-0.089
5538.280	-0.088
5538.463	-0.088
5538.618	-0.088
5538.802	-0.088
5538.958	-0.088
5539.113	-0.089
5539.297	-0.089
5539.452	-0.088
5539.635	-0.089
5539.792	-0.088
5539.947	-0.088
5540.130	-0.089
5540.285	-0.088
5540.468	-0.088
5540.625	-0.088
5540.780	-0.088
5540.963	-0.088
5541.118	-0.088
5541.302	-0.089
5541.458	-0.088
5541.613	-0.089
5541.797	-0.088
5541.952	-0.088
5542.135	-0.088
5542.292	-0.088
5542.447	-0.088
5542.630	-0.088
5542.785	-0.088
5542.968	-0.089
5543.125	-0.089
5543.280	-0.089
5543.463	-0.088
5543.618	-0.088
5543.802	-0.088
5543.958	-0.088
5544.113	-0.088
5544.297	-0.088
5544.452	-0.088
5544.635	-0.088
5544.792	-0.088
5544.947	-0.088
5545.130	-0.088
5545.285	-0.088
5545.468	-0.089
5545.625	-0.088
5545.780	-0.088
5545.963	-0.088
5546.118	-0.088
5546.302	-0.088
5546.458	-0.088
5546.613	-0.088
5546.797	-0.088
5546.952	-0.088
5547.108	-0.089
5547.292	-0.088
5547.447	-0.088
5547.630	-0.088
5547.785	-0.088
5547.968	-0.088
5548.125	-0.088
5548.280	-0.088
5548.463	-0.088
5548.618	-0.088
5548.775	-0.088
5548.958	-0.089
5549.113	-0.088
5549.297	-0.088
5549.452	-0.089
5549.635	-0.089
5549.792	-0.088
5549.947	-0.089
5550.130	-0.088
5550.285	-0.088
5550.468	-0.088
5550.625	-0.088
5550.780	-0.088
5550.963	-0.088
5551.118	-0.088
5551.302	-0.088
5551.458	-0.089
5551.613	-0.088
5551.797	-0.088
5551.952	-0.088
5552.108	-0.088
5552.292	-0.088
5552.447	-0.088
5552.630	-0.088
5552.785	-0.089
5552.968	-0.088
5553.125	-0.088
5553.280	-0.088
5553.463	-0.088
5553.618	-0.088
5553.802	-0.088
5553.958	-0.088
5554.113	-0.088
5554.297	-0.089
5554.452	-0.088
5554.635	-0.088
5554.792	-0.088
5554.947	-0.089
5555.130	-0.089
5555.285	-0.088
5555.442	-0.088
5555.625	-0.088
5555.780	-0.088
5555.963	-0.089
5556.118	-0.088
5556.302	-0.088
5556.458	-0.088
5556.613	-0.088
5556.797	-0.088
5556.952	-0.088
5557.108	-0.089
5557.292	-0.088
5557.447	-0.088
5557.630	-0.089
5557.785	-0.088
5557.968	-0.088
5558.125	-0.088
5558.280	-0.088
5558.463	-0.088
5558.618	-0.088
5558.775	-0.088
5558.958	-0.088
5559.113	-0.089
5559.297	-0.088
5559.452	-0.088
5559.635	-0.088
5559.792	-0.088
5559.947	-0.088
5560.130	-0.090
5560.285	-0.088
5560.468	-0.088
5560.625	-0.088
5560.780	-0.088
5560.963	-0.088
5561.118	-0.088
5561.302	-0.088
5561.458	-0.090
5561.613	-0.088
5561.797	-0.088
5561.952	-0.088
5562.108	-0.089
5562.292	-0.088
5562.447	-0.088
5562.630	-0.088
5562.785	-0.089
5562.968	-0.089
5563.125	-0.088
5563.280	-0.088
5563.463	-0.088
5563.618	-0.088
5563.775	-0.088
5563.958	-0.088
5564.113	-0.089
5564.297	-0.089
5564.452	-0.088
5564.635	-0.088
5564.792	-0.088
5564.947	-0.088
5565.130	-0.088
5565.285	-0.088
5565.442	-0.088
5565.625	-0.088
5565.780	-0.088
5565.963	-0.089
5566.118	-0.088
5566.302	-0.088
5566.458	-0.088
5566.613	-0.088
5566.797	-0.088
5566.952	-0.088
5567.108	-0.088
5567.292	-0.088
5567.447	-0.088
5567.630	-0.088
5567.785	-0.088
5567.968	-0.088
5568.125	-0.089
5568.280	-0.088
5568.463	-0.088
5568.618	-0.088
5568.775	-0.088
5568.958	-0.088
5569.113	-0.088
5569.297	-0.088
5569.452	-0.089
5569.635	-0.088
5569.792	-0.088
5569.947	-0.088
5570.130	-0.088
5570.285	-0.088
5570.442	-0.088
5570.625	-0.089
5570.780	-0.088
5570.963	-0.088
5571.118	-0.088
5571.302	-0.088
5571.458	-0.089
5571.613	-0.088
5571.797	-0.089
5571.952	-0.088
5572.135	-0.088
5572.292	-0.088
5572.447	-0.088
5572.630	-0.088
5572.785	-0.088
5572.968	-0.088
5573.125	-0.088
5573.280	-0.090
5573.463	-0.089
5573.618	-0.088
5573.802	-0.089
5573.958	-0.088
5574.113	-0.088
5574.297	-0.088
5574.452	-0.090
5574.635	-0.088
5574.792	-0.089
5574.947	-0.088
5575.130	-0.088
5575.285	-0.089
5575.442	-0.088
5575.625	-0.090
5575.780	-0.088
5575.963	-0.088
5576.118	-0.088
5576.302	-0.088
5576.458	-0.088
5576.613	-0.088
5576.797	-0.088
5576.952	-0.088
5577.135	-0.088
5577.292	-0.088
5577.447	-0.088
5577.630	-0.089
5577.785	-0.088
5577.968	-0.088
5578.125	-0.088
5578.280	-0.088
5578.463	-0.089
5578.618	-0.088
5578.802	-0.088
5578.958	-0.088
5579.113	-0.088
5579.297	-0.088
5579.452	-0.089
5579.635	-0.088
5579.792	-0.088
5579.947	-0.088
5580.130	-0.089
5580.285	-0.089
5580.468	-0.089
5580.625	-0.088
5580.780	-0.088
5580.963	-0.089
5581.118	-0.088
5581.302	-0.088
5581.458	-0.088
5581.613	-0.088
5581.797	-0.089
5581.952	-0.088
5582.135	-0.088
5582.292	-0.088
5582.447	-0.088
5582.630	-0.088
5582.785	-0.088
5582.968	-0.088
5583.125	-0.088
5583.280	-0.088
5583.463	-0.088
5583.618	-0.088
5583.802	-0.088
5583.958	-0.088
5584.113	-0.088
5584.297	-0.088
5584.452	-0.088
5584.608	-0.088
5584.792	-0.088
5584.947	-0.088
5585.130	-0.088
5585.285	-0.088
5585.468	-0.089
5585.625	-0.088
5585.780	-0.088
5585.963	-0.089
5586.118	-0.088
5586.275	-0.088
5586.458	-0.088
5586.613	-0.088
5586.797	-0.088
5586.952	-0.088
5587.108	-0.088
5587.292	-0.088
5587.447	-0.088
5587.630	-0.088
5587.785	-0.088
5587.942	-0.088
5588.125	-0.088
5588.280	-0.088
5588.463	-0.088
5588.618	-0.089
5588.802	-0.088
5588.958	-0.088
5589.113	-0.088
5589.297	-0.088
5589.452	-0.088
5589.608	-0.089
5589.792	-0.088
5589.947	-0.088
5590.130	-0.088
5590.285	-0.088
5590.442	-0.088
5590.625	-0.088
5590.780	-0.088
5590.963	-0.088
5591.118	-0.088
5591.275	-0.088
5591.458	-0.088
5591.613	-0.088
5591.797	-0.088
5591.952	-0.089
5592.135	-0.088
5592.292	-0.089
5592.447	-0.088
5592.630	-0.088
5592.785	-0.088
5592.942	-0.088
5593.125	-0.088
5593.280	-0.088
5593.463	-0.088
5593.618	-0.088
5593.802	-0.089
5593.958	-0.088
5594.113	-0.088
5594.297	-0.088
5594.452	-0.088
5594.608	-0.088
5594.792	-0.088
5594.947	-0.088
5595.130	-0.088
5595.285	-0.088
5595.442	-0.088
5595.625	-0.088
5595.780	-0.088
5595.963	-0.088
5596.118	-0.088
5596.275	-0.088
5596.458	-0.089
5596.613	-0.088
5596.797	-0.088
5596.952	-0.088
5597.108	-0.088
5597.292	-0.088
5597.447	-0.088
5597.630	-0.088
5597.785	-0.088
5597.942	-0.088
5598.125	-0.088
5598.280	-0.088
5598.463	-0.088
5598.618	-0.088
5598.802	-0.088
5598.958	-0.089
5599.113	-0.088
5599.297	-0.088
5599.452	-0.088
5599.608	-0.088
5599.792	-0.088
5599.947	-0.089
5600.130	-0.088
5600.285	-0.088
5600.468	-0.088
5600.625	-0.088
5600.780	-0.088
5600.963	-0.088
5601.118	-0.088
5601.302	-0.089
5601.458	-0.088
5601.613	-0.088
5601.797	-0.088
5601.952	-0.088
5602.108	-0.088
5602.292	-0.088
5602.447	-0.088
5602.630	-0.088
5602.785	-0.088
5602.968	-0.088
5603.125	-0.088
5603.280	-0.088
5603.463	-0.088
5603.618	-0.088
5603.775	-0.088
5603.958	-0.088
5604.113	-0.088
5604.297	-0.089
5604.452	-0.089
5604.635	-0.088
5604.792	-0.088
5604.947	-0.089
5605.130	-0.088
5605.285	-0.089
5605.442	-0.088
5605.625	-0.088
5605.780	-0.088
5605.963	-0.089
5606.118	-0.088
5606.302	-0.088
5606.458	-0.090
5606.613	-0.088
5606.797	-0.088
5606.952	-0.088
5607.108	-0.088
5607.292	-0.088
5607.447	-0.088
5607.630	-0.088
5607.785	-0.088
5607.968	-0.088
5608.125	-0.088
5608.280	-0.088
5608.463	-0.088
5608.618	-0.088
5608.775	-0.089
5608.958	-0.088
5609.113	-0.088
5609.297	-0.088
5609.452	-0.088
5609.635	-0.088
5609.792	-0.088
5609.947	-0.088
5610.130	-0.088
5610.285	-0.088
5610.442	-0.088
5610.625	-0.088
5610.780	-0.088
5610.963	-0.088
5611.118	-0.088
5611.302	-0.089
5611.458	-0.088
5611.613	-0.088
5611.797	-0.088
5611.952	-0.088
5612.108	-0.088
5612.292	-0.088
5612.447	-0.088
5612.630	-0.088
5612.785	-0.089
5612.968	-0.088
5613.125	-0.088
5613.280	-0.089
5613.463	-0.088
5613.618	-0.088
5613.775	-0.089
5613.958	-0.089
5614.113	-0.088
5614.297	-0.088
5614.452	-0.088
5614.635	-0.088
5614.792	-0.088
5614.947	-0.089
5615.130	-0.088
5615.285	-0.088
5615.442	-0.088
5615.625	-0.088
5615.780	-0.089
5615.963	-0.088
5616.118	-0.088
5616.302	-0.088
5616.458	-0.088
5616.613	-0.088
5616.797	-0.088
5616.952	-0.088
5617.108	-0.088
5617.292	-0.088
5617.447	-0.088
5617.630	-0.088
5617.785	-0.089
5617.968	-0.088
5618.125	-0.088
5618.280	-0.088
5618.463	-0.088
5618.618	-0.088
5618.802	-0.088
5618.958	-0.088
5619.113	-0.088
5619.297	-0.088
5619.452	-0.088
5619.608	-0.088
5619.792	-0.088
5619.947	-0.088
5620.130	-0.088
5620.285	-0.088
5620.442	-0.088
5620.625	-0.088
5620.780	-0.088
5620.963	-0.088
5621.118	-0.088
5621.275	-0.088
5621.458	-0.088
5621.613	-0.089
5621.797	-0.088
5621.952	-0.088
5622.108	-0.088
5622.292	-0.088
5622.447	-0.088
5622.630	-0.088
5622.785	-0.088
5622.942	-0.088
5623.125	-0.089
5623.280	-0.088
5623.463	-0.088
5623.618	-0.088
5623.775	-0.088
5623.958	-0.088
5624.113	-0.088
5624.297	-0.088
5624.452	-0.088
5624.608	-0.088
5624.792	-0.088
5624.947	-0.088
5625.130	-0.088
5625.285	-0.088
5625.442	-0.088
5625.625	-0.088
5625.780	-0.088
5625.963	-0.088
5626.118	-0.088
5626.275	-0.088
5626.458	-0.088
5626.613	-0.088
5626.797	-0.088
5626.952	-0.088
5627.108	-0.088
5627.292	-0.088
5627.447	-0.090
5627.630	-0.088
5627.785	-0.089
5627.942	-0.089
5628.125	-0.088
5628.280	-0.088
5628.463	-0.088
5628.618	-0.089
5628.775	-0.088
5628.958	-0.088
5629.113	-0.088
5629.297	-0.088
5629.452	-0.089
5629.608	-0.088
5629.792	-0.088
5629.947	-0.088
5630.130	-0.088
5630.285	-0.089
5630.442	-0.088
5630.625	-0.089
5630.780	-0.088
5630.963	-0.088
5631.118	-0.088
5631.275	-0.088
5631.458	-0.088
5631.613	-0.088
5631.797	-0.088
5631.952	-0.088
5632.108	-0.088
5632.292	-0.088
5632.447	-0.088
5632.630	-0.088
5632.785	-0.089
5632.942	-0.088
5633.125	-0.088
5633.280	-0.088
5633.463	-0.088
5633.618	-0.088
5633.775	-0.088
5633.958	-0.088
5634.113	-0.088
5634.297	-0.088
5634.452	-0.088
5634.608	-0.088
5634.792	-0.088
5634.947	-0.088
5635.130	-0.088
5635.285	-0.088
5635.442	-0.089
5635.625	-0.088
5635.780	-0.088
5635.963	-0.088
5636.118	-0.088
5636.275	-0.088
5636.458	-0.088
5636.613	-0.088
5636.797	-0.088
5636.952	-0.088
5637.108	-0.089
5637.292	-0.088
5637.447	-0.088
5637.630	-0.089
5637.785	-0.088
5637.942	-0.088
5638.125	-0.088
5638.280	-0.088
5638.463	-0.088
5638.618	-0.088
5638.775	-0.088
5638.958	-0.088
5639.113	-0.088
5639.297	-0.088
5639.452	-0.088
5639.608	-0.088
5639.792	-0.088
5639.947	-0.088
5640.130	-0.088
5640.285	-0.088
5640.442	-0.088
5640.625	-0.088
5640.780	-0.089
5640.963	-0.088
5641.118	-0.089
5641.275	-0.088
5641.458	-0.088
5641.613	-0.088
5641.797	-0.088
5641.952	-0.088
5642.108	-0.088
5642.292	-0.088
5642.447	-0.088
5642.630	-0.088
5642.785	-0.088
5642.942	-0.088
5643.125	-0.088
5643.280	-0.088
5643.463	-0.088
5643.618	-0.088
5643.775	-0.088
5643.958	-0.088
5644.113	-0.088
5644.297	-0.088
5644.452	-0.088
5644.608	-0.088
5644.792	-0.088
5644.947	-0.088
5645.130	-0.088
5645.285	-0.088
5645.442	-0.088
5645.625	-0.088
5645.780	-0.088
5645.963	-0.088
5646.118	-0.088
5646.275	-0.088
5646.458	-0.088
5646.613	-0.088
5646.797	-0.088
5646.952	-0.088
5647.108	-0.088
5647.292	-0.088
5647.447	-0.088
5647.630	-0.088
5647.785	-0.088
5647.942	-0.089
5648.125	-0.088
5648.280	-0.088
5648.463	-0.088
5648.618	-0.088
5648.775	-0.088
5648.958	-0.088
5649.113	-0.088
5649.297	-0.088
5649.452	-0.088
5649.608	-0.088
5649.792	-0.088
5649.947	-0.088
5650.130	-0.088
5650.285	-0.088
5650.442	-0.088
5650.625	-0.088
5650.780	-0.088
5650.963	-0.088
5651.118	-0.088
5651.275	-0.089
5651.458	-0.088
5651.613	-0.088
5651.797	-0.088
5651.952	-0.088
5652.108	-0.088
5652.292	-0.088
5652.447	-0.088
5652.630	-0.088
5652.785	-0.088
5652.942	-0.088
5653.125	-0.088
5653.280	-0.088
5653.463	-0.088
5653.618	-0.088
5653.775	-0.088
5653.958	-0.088
5654.113	-0.088
5654.297	-0.088
5654.452	-0.088
5654.608	-0.088
5654.792	-0.089
5654.947	-0.088
5655.130	-0.088
5655.285	-0.088
5655.442	-0.088
5655.625	-0.088
5655.780	-0.088
5655.963	-0.088
5656.118	-0.088
5656.275	-0.089
5656.458	-0.088
5656.613	-0.088
5656.797	-0.088
5656.952	-0.088
5657.108	-0.088
5657.292	-0.088
5657.447	-0.088
5657.630	-0.088
5657.785	-0.088
5657.942	-0.088
5658.125	-0.088
5658.280	-0.088
5658.463	-0.089
5658.618	-0.088
5658.775	-0.089
5658.958	-0.088
5659.113	-0.088
5659.297	-0.088
5659.452	-0.088
5659.608	-0.088
5659.792	-0.088
5659.947	-0.088
5660.130	-0.088
5660.285	-0.089
5660.442	-0.088
5660.625	-0.088
5660.780	-0.088
5660.963	-0.088
5661.118	-0.088
5661.275	-0.088
5661.458	-0.089
5661.613	-0.088
5661.797	-0.088
5661.952	-0.088
5662.108	-0.088
5662.292	-0.088
5662.447	-0.088
5662.630	-0.088
5662.785	-0.088
5662.942	-0.088
5663.125	-0.089
5663.280	-0.088
5663.463	-0.088
5663.618	-0.088
5663.775	-0.089
5663.958	-0.089
5664.113	-0.088
5664.297	-0.088
5664.452	-0.088
5664.608	-0.088
5664.792	-0.088
5664.947	-0.088
5665.130	-0.088
5665.285	-0.088
5665.442	-0.088
5665.625	-0.088
5665.780	-0.088
5665.963	-0.088
5666.118	-0.088
5666.275	-0.088
5666.458	-0.088
5666.613	-0.088
5666.797	-0.088
5666.952	-0.088
5667.108	-0.089
5667.292	-0.088
5667.447	-0.088
5667.630	-0.088
5667.785	-0.088
5667.942	-0.088
5668.125	-0.088
5668.280	-0.088
5668.463	-0.088
5668.618	-0.088
5668.775	-0.088
5668.958	-0.088
5669.113	-0.088
5669.297	-0.088
5669.452	-0.088
5669.608	-0.088
5669.792	-0.088
5669.947	-0.088
5670.130	-0.088
5670.285	-0.088
5670.442	-0.088
5670.625	-0.088
5670.780	-0.088
5670.963	-0.088
5671.118	-0.088
5671.275	-0.088
5671.458	-0.088
5671.613	-0.088
5671.797	-0.088
5671.952	-0.088
5672.108	-0.088
5672.292	-0.088
5672.447	-0.088
5672.630	-0.088
5672.785	-0.088
5672.942	-0.088
5673.125	-0.088
5673.280	-0.088
5673.463	-0.089
5673.618	-0.088
5673.775	-0.089
5673.958	-0.088
5674.113	-0.088
5674.297	-0.089
5674.452	-0.088
5674.608	-0.088
5674.792	-0.088
5674.947	-0.088
5675.130	-0.088
5675.285	-0.088
5675.442	-0.088
5675.625	-0.088
5675.780	-0.088
5675.963	-0.088
5676.118	-0.088
5676.275	-0.088
5676.458	-0.089
5676.613	-0.088
5676.797	-0.088
5676.952	-0.088
5677.108	-0.088
5677.292	-0.088
5677.447	-0.088
5677.630	-0.088
5677.785	-0.088
5677.942	-0.088
5678.125	-0.088
5678.280	-0.088
5678.463	-0.088
5678.618	-0.088
5678.775	-0.088
5678.958	-0.088
5679.113	-0.088
5679.297	-0.088
5679.452	-0.088
5679.608	-0.088
5679.792	-0.088
5679.947	-0.088
5680.130	-0.088
5680.285	-0.088
5680.442	-0.089
5680.625	-0.088
5680.780	-0.088
5680.963	-0.088
5681.118	-0.088
5681.275	-0.088
5681.458	-0.088
5681.613	-0.088
5681.797	-0.088
5681.952	-0.088
5682.108	-0.088
5682.292	-0.088
5682.447	-0.088
5682.630	-0.088
5682.785	-0.088
5682.942	-0.088
5683.125	-0.088
5683.280	-0.088
5683.463	-0.088
5683.618	-0.088
5683.775	-0.088
5683.958	-0.088
5684.113	-0.088
5684.297	-0.088
5684.452	-0.088
5684.608	-0.088
5684.792	-0.088
5684.947	-0.088
5685.130	-0.088
5685.285	-0.088
5685.442	-0.088
5685.625	-0.088
5685.780	-0.089
5685.963	-0.088
5686.118	-0.089
5686.275	-0.088
5686.458	-0.088
5686.613	-0.088
5686.797	-0.088
5686.952	-0.088
5687.108	-0.088
5687.292	-0.089
5687.447	-0.088
5687.630	-0.088
5687.785	-0.088
5687.942	-0.088
5688.125	-0.088
5688.280	-0.088
5688.463	-0.088
5688.618	-0.088
5688.775	-0.088
5688.958	-0.088
5689.113	-0.088
5689.270	-0.088
5689.452	-0.088
5689.608	-0.089
5689.792	-0.088
5689.947	-0.088
5690.130	-0.088
5690.285	-0.088
5690.442	-0.088
5690.625	-0.088
5690.780	-0.088
5690.937	-0.088
5691.118	-0.088
5691.275	-0.088
5691.458	-0.088
5691.613	-0.088
5691.797	-0.088
5691.952	-0.088
5692.108	-0.089
5692.292	-0.088
5692.447	-0.088
5692.604	-0.088
5692.785	-0.088
5692.942	-0.089
5693.125	-0.088
5693.280	-0.088
5693.463	-0.088
5693.618	-0.088
5693.775	-0.088
5693.958	-0.088
5694.113	-0.088
5694.270	-0.088
5694.452	-0.088
5694.608	-0.088
5694.792	-0.088
5694.947	-0.088
5695.130	-0.088
5695.285	-0.088
5695.442	-0.088
5695.625	-0.088
5695.780	-0.088
5695.937	-0.089
5696.118	-0.088
5696.275	-0.088
5696.458	-0.089
5696.613	-0.088
5696.797	-0.088
5696.952	-0.089
5697.108	-0.089
5697.292	-0.088
5697.447	-0.088
5697.604	-0.088
5697.785	-0.088
5697.942	-0.088
5698.125	-0.088
5698.280	-0.088
5698.463	-0.089
5698.618	-0.088
5698.775	-0.089
5698.958	-0.088
5699.113	-0.088
5699.270	-0.088
5699.452	-0.089
5699.608	-0.089
5699.792	-0.088
5699.947	-0.088
5700.104	-0.088
5700.285	-0.088
5700.442	-0.088
5700.625	-0.088
5700.780	-0.088
5700.937	-0.088
5701.118	-0.088
5701.275	-0.088
5701.458	-0.088
5701.613	-0.088
5701.770	-0.088
5701.952	-0.088
5702.108	-0.088
5702.292	-0.088
5702.447	-0.088
5702.604	-0.088
5702.785	-0.088
5702.942	-0.088
5703.125	-0.088
5703.280	-0.088
5703.437	-0.088
5703.618	-0.089
5703.775	-0.088
5703.958	-0.088
5704.113	-0.088
5704.270	-0.088
5704.452	-0.088
5704.608	-0.088
5704.792	-0.088
5704.947	-0.088
5705.104	-0.088
5705.285	-0.088
5705.442	-0.088
5705.625	-0.088
5705.780	-0.088
5705.937	-0.088
5706.118	-0.088
5706.275	-0.089
5706.458	-0.089
5706.613	-0.089
5706.770	-0.088
5706.952	-0.088
5707.108	-0.088
5707.292	-0.088
5707.447	-0.088
5707.604	-0.088
5707.785	-0.088
5707.942	-0.088
5708.125	-0.088
5708.280	-0.088
5708.437	-0.088
5708.618	-0.088
5708.775	-0.088
5708.958	-0.088
5709.113	-0.088
5709.270	-0.088
5709.452	-0.088
5709.608	-0.089
5709.792	-0.088
5709.947	-0.088
5710.104	-0.088
5710.285	-0.088
5710.442	-0.088
5710.625	-0.088
5710.780	-0.088
5710.937	-0.088
5711.118	-0.088
5711.275	-0.088
5711.458	-0.088
5711.613	-0.088
5711.770	-0.088
5711.952	-0.088
5712.108	-0.088
5712.292	-0.088
5712.447	-0.088
5712.604	-0.088
5712.785	-0.088
5712.942	-0.088
5713.125	-0.088
5713.280	-0.088
5713.437	-0.088
5713.618	-0.088
5713.775	-0.088
5713.958	-0.088
5714.113	-0.088
5714.270	-0.088
5714.452	-0.088
5714.608	-0.088
5714.792	-0.088
5714.947	-0.089
5715.104	-0.088
5715.285	-0.088
5715.442	-0.088
5715.625	-0.088
5715.780	-0.088
5715.937	-0.088
5716.118	-0.088
5716.275	-0.088
5716.458	-0.088
5716.613	-0.088
5716.770	-0.089
5716.952	-0.088
5717.108	-0.088
5717.292	-0.088
5717.447	-0.088
5717.604	-0.088
5717.785	-0.088
5717.942	-0.088
5718.125	-0.088
5718.280	-0.088
5718.437	-0.089
5718.618	-0.088
5718.775	-0.088
5718.958	-0.088
5719.113	-0.089
5719.270	-0.088
5719.452	-0.088
5719.608	-0.088
5719.792	-0.088
5719.947	-0.089
5720.104	-0.088
5720.285	-0.088
5720.442	-0.088
5720.625	-0.088
5720.780	-0.088
5720.937	-0.088
5721.118	-0.088
5721.275	-0.088
5721.458	-0.088
5721.613	-0.088
5721.770	-0.088
5721.952	-0.088
5722.108	-0.088
5722.292	-0.089
5722.447	-0.088
5722.604	-0.089
5722.785	-0.088
5722.942	-0.088
5723.125	-0.088
5723.280	-0.088
5723.437	-0.088
5723.618	-0.088
5723.775	-0.088
5723.958	-0.088
5724.113	-0.089
5724.270	-0.088
5724.452	-0.088
5724.608	-0.088
5724.792	-0.088
5724.947	-0.088
5725.104	-0.089
5725.285	-0.088
5725.442	-0.088
5725.625	-0.088
5725.780	-0.088
5725.937	-0.088
5726.118	-0.089
5726.275	-0.088
5726.458	-0.091
5726.613	-0.088
5726.770	-0.088
5726.952	-0.088
5727.108	-0.088
5727.292	-0.089
5727.447	-0.088
5727.604	-0.088
5727.785	-0.088
5727.942	-0.088
5728.125	-0.088
5728.280	-0.088
5728.437	-0.088
5728.618	-0.088
5728.775	-0.088
5728.958	-0.088
5729.113	-0.088
5729.270	-0.088
5729.452	-0.088
5729.608	-0.088
5729.792	-0.089
5729.947	-0.088
5730.104	-0.088
5730.285	-0.088
5730.442	-0.088
5730.625	-0.088
5730.780	-0.088
5730.937	-0.088
5731.118	-0.088
5731.275	-0.088
5731.458	-0.088
5731.613	-0.088
5731.770	-0.088
5731.952	-0.088
5732.108	-0.088
5732.292	-0.088
5732.447	-0.088
5732.604	-0.088
5732.785	-0.088
5732.942	-0.088
5733.125	-0.088
5733.280	-0.088
5733.437	-0.088
5733.618	-0.088
5733.775	-0.088
5733.958	-0.088
5734.113	-0.088
5734.270	-0.088
5734.452	-0.088
5734.608	-0.088
5734.792	-0.088
5734.947	-0.088
5735.104	-0.088
5735.285	-0.088
5735.442	-0.088
5735.625	-0.088
5735.780	-0.088
5735.937	-0.088
5736.118	-0.088
5736.275	-0.088
5736.458	-0.088
5736.613	-0.088
5736.770	-0.088
5736.952	-0.088
5737.108	-0.088
5737.292	-0.088
5737.447	-0.088
5737.604	-0.088
5737.785	-0.089
5737.942	-0.088
5738.125	-0.088
5738.280	-0.088
5738.437	-0.088
5738.618	-0.088
5738.775	-0.088
5738.958	-0.088
5739.113	-0.088
5739.270	-0.088
5739.452	-0.088
5739.608	-0.089
5739.792	-0.088
5739.947	-0.088
5740.104	-0.088
5740.285	-0.089
5740.442	-0.088
5740.625	-0.089
5740.780	-0.088
5740.937	-0.088
5741.118	-0.088
5741.275	-0.088
5741.458	-0.088
5741.613	-0.089
5741.770	-0.088
5741.952	-0.088
5742.108	-0.088
5742.292	-0.088
5742.447	-0.088
5742.604	-0.088
5742.785	-0.088
5742.942	-0.088
5743.125	-0.088
5743.280	-0.088
5743.437	-0.088
5743.618	-0.088
5743.775	-0.088
5743.958	-0.088
5744.113	-0.089
5744.270	-0.088
5744.452	-0.088
5744.608	-0.088
5744.792	-0.088
5744.947	-0.088
5745.104	-0.088
5745.285	-0.088
5745.442	-0.088
5745.625	-0.088
5745.780	-0.088
5745.937	-0.088
5746.118	-0.088
5746.275	-0.088
5746.458	-0.088
5746.613	-0.088
5746.770	-0.088
5746.952	-0.088
5747.108	-0.088
5747.292	-0.089
5747.447	-0.088
5747.604	-0.088
5747.785	-0.088
5747.942	-0.088
5748.125	-0.088
5748.280	-0.088
5748.437	-0.088
5748.618	-0.088
5748.775	-0.088
5748.958	-0.088
5749.113	-0.088
5749.270	-0.088
5749.452	-0.088
5749.608	-0.088
5749.792	-0.088
5749.947	-0.088
5750.104	-0.088
5750.285	-0.088
5750.442	-0.088
5750.625	-0.088
5750.780	-0.088
5750.937	-0.088
5751.118	-0.088
5751.275	-0.088
5751.458	-0.088
5751.613	-0.088
5751.770	-0.088
5751.952	-0.088
5752.108	-0.088
5752.292	-0.088
5752.447	-0.088
5752.604	-0.088
5752.785	-0.088
5752.942	-0.088
5753.125	-0.088
5753.280	-0.088
5753.437	-0.088
5753.618	-0.088
5753.775	-0.088
5753.958	-0.088
5754.113	-0.088
5754.270	-0.088
5754.452	-0.088
5754.608	-0.088
5754.792	-0.088
5754.947	-0.088
5755.104	-0.088
5755.285	-0.088
5755.442	-0.088
5755.625	-0.088
5755.780	-0.088
5755.937	-0.088
5756.118	-0.088
5756.275	-0.088
5756.458	-0.088
5756.613	-0.088
5756.770	-0.088
5756.952	-0.088
5757.108	-0.088
5757.292	-0.088
5757.447	-0.088
5757.604	-0.088
5757.785	-0.088
5757.942	-0.088
5758.125	-0.088
5758.280	-0.088
5758.437	-0.088
5758.618	-0.088
5758.775	-0.088
5758.958	-0.088
5759.113	-0.088
5759.270	-0.088
5759.452	-0.088
5759.608	-0.088
5759.792	-0.088
5759.947	-0.088
5760.104	-0.088
5760.285	-0.088
5760.442	-0.088
5760.625	-0.088
5760.780	-0.088
5760.937	-0.088
5761.118	-0.088
5761.275	-0.088
5761.458	-0.088
5761.613	-0.088
5761.770	-0.088
5761.952	-0.089
5762.108	-0.088
5762.292	-0.088
5762.447	-0.088
5762.604	-0.088
5762.785	-0.088
5762.942	-0.088
5763.125	-0.088
5763.280	-0.088
5763.437	-0.088
5763.618	-0.088
5763.775	-0.088
5763.958	-0.088
5764.113	-0.088
5764.270	-0.088
5764.452	-0.088
5764.608	-0.088
5764.792	-0.088
5764.947	-0.088
5765.104	-0.088
5765.285	-0.088
5765.442	-0.088
5765.625	-0.088
5765.780	-0.088
5765.937	-0.088
5766.118	-0.088
5766.275	-0.088
5766.458	-0.088
5766.613	-0.088
5766.770	-0.088
5766.952	-0.088
5767.108	-0.088
5767.292	-0.088
5767.447	-0.088
5767.604	-0.088
5767.785	-0.088
5767.942	-0.088
5768.125	-0.088
5768.280	-0.088
5768.437	-0.088
5768.618	-0.088
5768.775	-0.088
5768.958	-0.089
5769.113	-0.088
5769.270	-0.088
5769.452	-0.088
5769.608	-0.088
5769.792	-0.088
5769.947	-0.088
5770.104	-0.088
5770.285	-0.088
5770.442	-0.088
5770.625	-0.088
5770.780	-0.088
5770.937	-0.088
5771.118	-0.088
5771.275	-0.088
5771.458	-0.088
5771.613	-0.088
5771.770	-0.088
5771.952	-0.088
5772.108	-0.089
5772.292	-0.088
5772.447	-0.088
5772.604	-0.088
5772.785	-0.088
5772.942	-0.088
5773.125	-0.088
5773.280	-0.088
5773.437	-0.088
5773.618	-0.089
5773.775	-0.088
5773.958	-0.088
5774.113	-0.088
5774.270	-0.088
5774.452	-0.088
5774.608	-0.088
5774.792	-0.088
5774.947	-0.088
5775.104	-0.088
5775.285	-0.088
5775.442	-0.088
5775.625	-0.088
5775.780	-0.088
5775.937	-0.088
5776.118	-0.088
5776.275	-0.089
5776.458	-0.088
5776.613	-0.088
5776.770	-0.088
5776.952	-0.088
5777.108	-0.088
5777.292	-0.088
5777.447	-0.088
5777.604	-0.088
5777.785	-0.088
5777.942	-0.088
5778.125	-0.088
5778.280	-0.088
5778.437	-0.088
5778.618	-0.088
5778.775	-0.088
5778.958	-0.088
5779.113	-0.088
5779.270	-0.088
5779.452	-0.088
5779.608	-0.088
5779.792	-0.088
5779.947	-0.088
5780.104	-0.088
5780.285	-0.088
5780.442	-0.088
5780.625	-0.088
5780.780	-0.088
5780.937	-0.088
5781.118	-0.088
5781.275	-0.088
5781.432	-0.088
5781.613	-0.088
5781.770	-0.088
5781.952	-0.088
5782.108	-0.088
5782.292	-0.088
5782.447	-0.088
5782.604	-0.088
5782.785	-0.088
5782.942	-0.088
5783.098	-0.088
5783.280	-0.088
5783.437	-0.088
5783.618	-0.088
5783.775	-0.088
5783.958	-0.088
5784.113	-0.088
5784.270	-0.088
5784.452	-0.088
5784.608	-0.088
5784.765	-0.088
5784.947	-0.088
5785.104	-0.088
5785.285	-0.088
5785.442	-0.088
5785.625	-0.088
5785.780	-0.088
5785.937	-0.088
5786.118	-0.088
5786.275	-0.088
5786.432	-0.088
5786.613	-0.088
5786.770	-0.088
5786.952	-0.088
5787.108	-0.088
5787.292	-0.088
5787.447	-0.088
5787.604	-0.088
5787.785	-0.088
5787.942	-0.088
5788.098	-0.088
5788.280	-0.088
5788.437	-0.088
5788.618	-0.088
5788.775	-0.088
5788.958	-0.088
5789.113	-0.088
5789.270	-0.088
5789.452	-0.088
5789.608	-0.088
5789.765	-0.088
5789.947	-0.088
5790.104	-0.089
5790.285	-0.088
5790.442	-0.088
5790.625	-0.088
5790.780	-0.088
5790.937	-0.088
5791.118	-0.088
5791.275	-0.088
5791.432	-0.088
5791.613	-0.088
5791.770	-0.089
5791.952	-0.088
5792.108	-0.088
5792.292	-0.088
5792.447	-0.088
5792.604	-0.088
5792.785	-0.088
5792.942	-0.088
5793.098	-0.088
5793.280	-0.088
5793.437	-0.089
5793.618	-0.088
5793.775	-0.088
5793.958	-0.088
5794.113	-0.088
5794.270	-0.088
5794.452	-0.088
5794.608	-0.088
5794.765	-0.088
5794.947	-0.088
5795.104	-0.088
5795.285	-0.088
5795.442	-0.088
5795.625	-0.088
5795.780	-0.088
5795.937	-0.088
5796.118	-0.088
5796.275	-0.088
5796.432	-0.088
5796.613	-0.088
5796.770	-0.088
5796.952	-0.088
5797.108	-0.088
5797.292	-0.088
5797.447	-0.088
5797.604	-0.088
5797.785	-0.088
5797.942	-0.088
5798.098	-0.088
5798.280	-0.088
5798.437	-0.089
5798.618	-0.088
5798.775	-0.088
5798.958	-0.088
5799.113	-0.088
5799.270	-0.088
5799.452	-0.088
5799.608	-0.088
5799.765	-0.088
5799.947	-0.088
5800.104	-0.088
5800.285	-0.088
5800.442	-0.088
5800.625	-0.089
5800.780	-0.088
5800.937	-0.088
5801.118	-0.088
5801.275	-0.088
5801.458	-0.088
5801.613	-0.088
5801.770	-0.088
5801.952	-0.088
5802.108	-0.088
5802.265	-0.088
5802.447	-0.088
5802.604	-0.088
5802.785	-0.088
5802.942	-0.088
5803.125	-0.088
5803.280	-0.088
5803.437	-0.088
5803.618	-0.088
5803.775	-0.088
5803.932	-0.088
5804.113	-0.088
5804.270	-0.088
5804.452	-0.088
5804.608	-0.088
5804.792	-0.088
5804.947	-0.088
5805.104	-0.088
5805.285	-0.088
5805.442	-0.088
5805.598	-0.088
5805.780	-0.088
5805.937	-0.088
5806.118	-0.088
5806.275	-0.088
5806.458	-0.088
5806.613	-0.088
5806.770	-0.088
5806.952	-0.088
5807.108	-0.088
5807.265	-0.088
5807.447	-0.088
5807.604	-0.088
5807.785	-0.088
5807.942	-0.088
5808.125	-0.089
5808.280	-0.088
5808.437	-0.088
5808.618	-0.088
5808.775	-0.088
5808.932	-0.088
5809.113	-0.088
5809.270	-0.088
5809.452	-0.088
5809.608	-0.088
5809.792	-0.088
5809.947	-0.088
5810.104	-0.088
5810.285	-0.088
5810.442	-0.088
5810.598	-0.088
5810.780	-0.088
5810.937	-0.088
5811.118	-0.089
5811.275	-0.088
5811.458	-0.088
5811.613	-0.088
5811.770	-0.088
5811.952	-0.088
5812.108	-0.088
5812.292	-0.089
5812.447	-0.088
5812.604	-0.089
5812.785	-0.088
5812.942	-0.088
5813.098	-0.088
5813.280	-0.088
5813.437	-0.088
5813.618	-0.088
5813.775	-0.088
5813.958	-0.088
5814.113	-0.088
5814.270	-0.090
5814.452	-0.088
5814.608	-0.088
5814.765	-0.088
5814.947	-0.088
5815.104	-0.088
5815.285	-0.088
5815.442	-0.088
5815.625	-0.088
5815.780	-0.088
5815.937	-0.088
5816.118	-0.089
5816.275	-0.089
5816.432	-0.088
5816.613	-0.088
5816.770	-0.088
5816.952	-0.088
5817.108	-0.088
5817.292	-0.088
5817.447	-0.088
5817.604	-0.089
5817.785	-0.088
5817.942	-0.088
5818.098	-0.088
5818.280	-0.088
5818.437	-0.088
5818.618	-0.088
5818.775	-0.089
5818.932	-0.088
5819.113	-0.088
5819.270	-0.089
5819.452	-0.088
5819.608	-0.088
5819.765	-0.088
5819.947	-0.088
5820.104	-0.088
5820.285	-0.088
5820.442	-0.088
5820.598	-0.088
5820.780	-0.088
5820.937	-0.088
5821.118	-0.088
5821.275	-0.088
5821.432	-0.088
5821.613	-0.088
5821.770	-0.088
5821.952	-0.088
5822.108	-0.088
5822.265	-0.088
5822.447	-0.088
5822.604	-0.088
5822.785	-0.088
5822.942	-0.088
5823.098	-0.088
5823.280	-0.088
5823.437	-0.088
5823.618	-0.088
5823.775	-0.089
5823.932	-0.088
5824.113	-0.088
5824.270	-0.088
5824.452	-0.088
5824.608	-0.088
5824.765	-0.088
5824.947	-0.088
5825.104	-0.089
5825.285	-0.088
5825.442	-0.088
5825.598	-0.088
5825.780	-0.088
5825.937	-0.088
5826.118	-0.088
5826.275	-0.088
5826.432	-0.088
5826.613	-0.088
5826.770	-0.088
5826.952	-0.088
5827.108	-0.088
5827.265	-0.088
5827.447	-0.088
5827.604	-0.088
5827.785	-0.089
5827.942	-0.089
5828.098	-0.088
5828.280	-0.088
5828.437	-0.088
5828.618	-0.088
5828.775	-0.088
5828.932	-0.088
5829.113	-0.088
5829.270	-0.088
5829.452	-0.088
5829.608	-0.088
5829.765	-0.089
5829.947	-0.088
5830.104	-0.088
5830.285	-0.088
5830.442	-0.088
5830.598	-0.089
5830.780	-0.088
5830.937	-0.088
5831.118	-0.088
5831.275	-0.088
5831.432	-0.088
5831.613	-0.088
5831.770	-0.088
5831.952	-0.088
5832.108	-0.088
5832.265	-0.088
5832.447	-0.088
5832.604	-0.088
5832.785	-0.088
5832.942	-0.088
5833.098	-0.088
5833.280	-0.088
5833.437	-0.088
5833.618	-0.088
5833.775	-0.088
5833.932	-0.088
5834.113	-0.088
5834.270	-0.088
5834.452	-0.089
5834.608	-0.088
5834.765	-0.089
5834.947	-0.088
5835.104	-0.088
5835.285	-0.088
5835.442	-0.088
5835.598	-0.088
5835.780	-0.088
5835.937	-0.088
5836.118	-0.088
5836.275	-0.088
5836.432	-0.088
5836.613	-0.089
5836.770	-0.088
5836.952	-0.088
5837.108	-0.089
5837.265	-0.088
5837.447	-0.088
5837.604	-0.088
5837.785	-0.088
5837.942	-0.089
5838.098	-0.088
5838.280	-0.089
5838.437	-0.088
5838.618	-0.088
5838.775	-0.088
5838.932	-0.088
5839.113	-0.089
5839.270	-0.088
5839.452	-0.088
5839.608	-0.088
5839.765	-0.088
5839.947	-0.088
5840.104	-0.088
5840.285	-0.088
5840.442	-0.088
5840.598	-0.088
5840.780	-0.088
5840.937	-0.088
5841.118	-0.088
5841.275	-0.088
5841.432	-0.088
5841.613	-0.088
5841.770	-0.088
5841.952	-0.088
5842.108	-0.089
5842.265	-0.088
5842.447	-0.088
5842.604	-0.088
5842.785	-0.088
5842.942	-0.088
5843.098	-0.088
5843.280	-0.088
5843.437	-0.088
5843.618	-0.088
5843.775	-0.088
5843.932	-0.088
5844.113	-0.088
5844.270	-0.088
5844.452	-0.089
5844.608	-0.088
5844.765	-0.088
5844.947	-0.088
5845.104	-0.088
5845.285	-0.088
5845.442	-0.088
5845.598	-0.088
5845.780	-0.088
5845.937	-0.088
5846.118	-0.088
5846.275	-0.088
5846.432	-0.088
5846.613	-0.088
5846.770	-0.088
5846.952	-0.088
5847.108	-0.088
5847.265	-0.088
5847.447	-0.088
5847.604	-0.088
5847.785	-0.088
5847.942	-0.088
5848.098	-0.088
5848.280	-0.088
5848.437	-0.088
5848.618	-0.088
5848.775	-0.088
5848.932	-0.088
5849.113	-0.088
5849.270	-0.088
5849.452	-0.088
5849.608	-0.088
5849.765	-0.088
5849.947	-0.088
5850.104	-0.088
5850.285	-0.088
5850.442	-0.088
5850.598	-0.088
5850.780	-0.088
5850.937	-0.088
5851.118	-0.088
5851.275	-0.088
5851.432	-0.088
5851.613	-0.088
5851.770	-0.088
5851.952	-0.088
5852.108	-0.088
5852.265	-0.088
5852.447	-0.088
5852.604	-0.088
5852.785	-0.088
5852.942	-0.088
5853.098	-0.088
5853.280	-0.088
5853.437	-0.088
5853.618	-0.088
5853.775	-0.088
5853.932	-0.088
5854.113	-0.088
5854.270	-0.088
5854.452	-0.088
5854.608	-0.088
5854.765	-0.088
5854.947	-0.088
5855.104	-0.088
5855.285	-0.088
5855.442	-0.088
5855.598	-0.088
5855.780	-0.088
5855.937	-0.088
5856.118	-0.088
5856.275	-0.088
5856.432	-0.088
5856.613	-0.088
5856.770	-0.088
5856.952	-0.088
5857.108	-0.088
5857.265	-0.088
5857.447	-0.088
5857.604	-0.088
5857.785	-0.088
5857.942	-0.089
5858.098	-0.088
5858.280	-0.088
5858.437	-0.088
5858.618	-0.088
5858.775	-0.088
5858.932	-0.088
5859.113	-0.088
5859.270	-0.088
5859.452	-0.088
5859.608	-0.088
5859.765	-0.088
5859.947	-0.088
5860.104	-0.088
5860.285	-0.088
5860.442	-0.088
5860.598	-0.088
5860.780	-0.089
5860.937	-0.088
5861.093	-0.089
5861.275	-0.088
5861.432	-0.088
5861.613	-0.088
5861.770	-0.088
5861.952	-0.088
5862.108	-0.088
5862.265	-0.088
5862.447	-0.088
5862.604	-0.088
5862.760	-0.088
5862.942	-0.088
5863.098	-0.088
5863.280	-0.088
5863.437	-0.088
5863.618	-0.088
5863.775	-0.089
5863.932	-0.088
5864.113	-0.088
5864.270	-0.088
5864.452	-0.088
5864.608	-0.088
5864.765	-0.088
5864.947	-0.090
5865.104	-0.089
5865.260	-0.089
5865.442	-0.088
5865.598	-0.089
5865.780	-0.088
5865.937	-0.089
5866.093	-0.089
5866.275	-0.088
5866.432	-0.088
5866.613	-0.088
5866.770	-0.088
5866.952	-0.088
5867.108	-0.088
5867.265	-0.088
5867.447	-0.088
5867.604	-0.088
5867.760	-0.088
5867.942	-0.088
5868.098	-0.088
5868.280	-0.089
5868.437	-0.088
5868.618	-0.088
5868.775	-0.088
5868.932	-0.089
5869.113	-0.088
5869.270	-0.090
5869.452	-0.088
5869.608	-0.088
5869.765	-0.088
5869.947	-0.088
5870.104	-0.088
5870.285	-0.089
5870.442	-0.088
5870.598	-0.088
5870.780	-0.088
5870.937	-0.088
5871.118	-0.088
5871.275	-0.088
5871.432	-0.088
5871.613	-0.088
5871.770	-0.088
5871.927	-0.088
5872.108	-0.088
5872.265	-0.089
5872.447	-0.088
5872.604	-0.088
5872.760	-0.088
5872.942	-0.088
5873.098	-0.088
5873.280	-0.088
5873.437	-0.088
5873.593	-0.089
5873.775	-0.088
5873.932	-0.088
5874.113	-0.088
5874.270	-0.088
5874.452	-0.088
5874.608	-0.088
5874.765	-0.088
5874.947	-0.088
5875.104	-0.088
5875.260	-0.088
5875.442	-0.090
5875.598	-0.088
5875.780	-0.088
5875.937	-0.088
5876.118	-0.088
5876.275	-0.088
5876.432	-0.088
5876.613	-0.088
5876.770	-0.089
5876.927	-0.088
5877.108	-0.088
5877.265	-0.088
5877.447	-0.088
5877.604	-0.088
5877.785	-0.088
5877.942	-0.088
5878.098	-0.088
5878.280	-0.088
5878.437	-0.088
5878.593	-0.088
5878.775	-0.088
5878.932	-0.088
5879.113	-0.089
5879.270	-0.088
5879.452	-0.088
5879.608	-0.088
5879.765	-0.088
5879.947	-0.088
5880.104	-0.088
5880.260	-0.088
5880.442	-0.088
5880.598	-0.088
5880.780	-0.088
5880.937	-0.088
5881.118	-0.088
5881.275	-0.088
5881.432	-0.088
5881.613	-0.088
5881.770	-0.088
5881.927	-0.088
5882.108	-0.088
5882.265	-0.088
5882.447	-0.088
5882.604	-0.088
5882.785	-0.088
5882.942	-0.088
5883.098	-0.088
5883.280	-0.088
5883.437	-0.088
5883.593	-0.088
5883.775	-0.088
5883.932	-0.088
5884.113	-0.088
5884.270	-0.088
5884.452	-0.088
5884.608	-0.088
5884.765	-0.088
5884.947	-0.088
5885.104	-0.088
5885.260	-0.088
5885.442	-0.088
5885.598	-0.088
5885.780	-0.088
5885.937	-0.088
5886.118	-0.088
5886.275	-0.088
5886.432	-0.088
5886.613	-0.088
5886.770	-0.088
5886.927	-0.088
5887.108	-0.088
5887.265	-0.088
5887.447	-0.088
5887.604	-0.088
5887.785	-0.088
5887.942	-0.088
5888.098	-0.088
5888.280	-0.088
5888.437	-0.088
5888.618	-0.089
5888.775	-0.088
5888.932	-0.088
5889.113	-0.088
5889.270	-0.088
5889.427	-0.088
5889.608	-0.088
5889.765	-0.088
5889.947	-0.088
5890.104	-0.088
5890.285	-0.088
5890.442	-0.088
5890.598	-0.089
5890.780	-0.088
5890.937	-0.088
5891.118	-0.088
5891.275	-0.088
5891.432	-0.088
5891.613	-0.088
5891.770	-0.088
5891.952	-0.088
5892.108	-0.088
5892.265	-0.088
5892.447	-0.088
5892.604	-0.088
5892.760	-0.088
5892.942	-0.088
5893.098	-0.088
5893.280	-0.088
5893.437	-0.089
5893.618	-0.088
5893.775	-0.088
5893.932	-0.088
5894.113	-0.089
5894.270	-0.088
5894.427	-0.088
5894.608	-0.089
5894.765	-0.088
5894.947	-0.088
5895.104	-0.088
5895.285	-0.088
5895.442	-0.089
5895.598	-0.088
5895.780	-0.088
5895.937	-0.088
5896.093	-0.088
5896.275	-0.088
5896.432	-0.088
5896.613	-0.088
5896.770	-0.088
5896.952	-0.088
5897.108	-0.088
5897.265	-0.088
5897.447	-0.088
5897.604	-0.088
5897.760	-0.088
5897.942	-0.088
5898.098	-0.088
5898.280	-0.088
5898.437	-0.088
5898.593	-0.088
5898.775	-0.088
5898.932	-0.088
5899.113	-0.088
5899.270	-0.088
5899.427	-0.088
5899.608	-0.088
5899.765	-0.088
5899.947	-0.088
5900.104	-0.088
5900.260	-0.088
5900.442	-0.088
5900.598	-0.088
5900.780	-0.088
5900.937	-0.089
5901.093	-0.088
5901.275	-0.088
5901.432	-0.088
5901.613	-0.088
5901.770	-0.088
5901.927	-0.089
5902.108	-0.088
5902.265	-0.088
5902.447	-0.088
5902.604	-0.088
5902.760	-0.088
5902.942	-0.088
5903.098	-0.088
5903.280	-0.088
5903.437	-0.089
5903.593	-0.088
5903.775	-0.088
5903.932	-0.088
5904.113	-0.088
5904.270	-0.089
5904.427	-0.088
5904.608	-0.088
5904.765	-0.088
5904.947	-0.088
5905.104	-0.088
5905.260	-0.088
5905.442	-0.089
5905.598	-0.088
5905.780	-0.088
5905.937	-0.088
5906.093	-0.088
5906.275	-0.088
5906.432	-0.088
5906.613	-0.088
5906.770	-0.088
5906.927	-0.088
5907.108	-0.088
5907.265	-0.088
5907.447	-0.088
5907.604	-0.088
5907.760	-0.088
5907.942	-0.088
5908.098	-0.088
5908.280	-0.088
5908.437	-0.089
5908.593	-0.088
5908.775	-0.088
5908.932	-0.088
5909.113	-0.088
5909.270	-0.088
5909.427	-0.088
5909.608	-0.088
5909.765	-0.088
5909.947	-0.088
5910.104	-0.088
5910.260	-0.088
5910.442	-0.089
5910.598	-0.088
5910.780	-0.088
5910.937	-0.088
5911.093	-0.088
5911.275	-0.088
5911.432	-0.088
5911.613	-0.088
5911.770	-0.088
5911.927	-0.088
5912.108	-0.088
5912.265	-0.088
5912.447	-0.088
5912.604	-0.088
5912.760	-0.088
5912.942	-0.088
5913.098	-0.089
5913.280	-0.089
5913.437	-0.088
5913.593	-0.088
5913.775	-0.089
5913.932	-0.088
5914.113	-0.088
5914.270	-0.088
5914.427	-0.089
5914.608	-0.088
5914.765	-0.088
5914.947	-0.088
5915.104	-0.088
5915.260	-0.088
5915.442	-0.088
5915.598	-0.088
5915.780	-0.088
5915.937	-0.088
5916.093	-0.088
5916.275	-0.088
5916.432	-0.088
5916.613	-0.088
5916.770	-0.088
5916.927	-0.088
5917.108	-0.088
5917.265	-0.088
5917.447	-0.089
5917.604	-0.088
5917.760	-0.088
5917.942	-0.088
5918.098	-0.088
5918.280	-0.088
5918.437	-0.088
5918.593	-0.088
5918.775	-0.088
5918.932	-0.088
5919.113	-0.088
5919.270	-0.088
5919.427	-0.088
5919.608	-0.088
5919.765	-0.088
5919.947	-0.088
5920.104	-0.088
5920.260	-0.088
5920.442	-0.088
5920.598	-0.088
5920.780	-0.088
5920.937	-0.088
5921.093	-0.088
5921.275	-0.088
5921.432	-0.088
5921.613	-0.088
5921.770	-0.088
5921.927	-0.089
5922.108	-0.088
5922.265	-0.088
5922.447	-0.088
5922.604	-0.088
5922.760	-0.088
5922.942	-0.088
5923.098	-0.088
5923.280	-0.088
5923.437	-0.089
5923.593	-0.088
5923.775	-0.089
5923.932	-0.088
5924.113	-0.088
5924.270	-0.088
5924.427	-0.088
5924.608	-0.088
5924.765	-0.088
5924.947	-0.088
5925.104	-0.088
5925.260	-0.088
5925.442	-0.088
5925.598	-0.088
5925.780	-0.088
5925.937	-0.088
5926.093	-0.088
5926.275	-0.088
5926.432	-0.088
5926.613	-0.088
5926.770	-0.088
5926.927	-0.088
5927.108	-0.088
5927.265	-0.088
5927.447	-0.088
5927.604	-0.088
5927.760	-0.089
5927.942	-0.088
5928.098	-0.088
5928.280	-0.088
5928.437	-0.088
5928.593	-0.088
5928.775	-0.088
5928.932	-0.088
5929.113	-0.089
5929.270	-0.088
5929.427	-0.088
5929.608	-0.088
5929.765	-0.088
5929.947	-0.088
5930.104	-0.088
5930.260	-0.088
5930.442	-0.088
5930.598	-0.088
5930.780	-0.088
5930.937	-0.088
5931.093	-0.088
5931.275	-0.088
5931.432	-0.088
5931.613	-0.088
5931.770	-0.088
5931.927	-0.088
5932.108	-0.088
5932.265	-0.088
5932.447	-0.088
5932.604	-0.088
5932.760	-0.088
5932.942	-0.088
5933.098	-0.088
5933.280	-0.088
5933.437	-0.088
5933.593	-0.088
5933.775	-0.088
5933.932	-0.088
5934.113	-0.088
5934.270	-0.088
5934.427	-0.088
5934.608	-0.088
5934.765	-0.088
5934.947	-0.088
5935.104	-0.088
5935.260	-0.088
5935.442	-0.089
5935.598	-0.088
5935.780	-0.088
5935.937	-0.088
5936.093	-0.088
5936.275	-0.088
5936.432	-0.088
5936.613	-0.088
5936.770	-0.088
5936.927	-0.088
5937.108	-0.088
5937.265	-0.088
5937.447	-0.088
5937.604	-0.088
5937.760	-0.088
5937.942	-0.088
5938.098	-0.088
5938.280	-0.088
5938.437	-0.088
5938.593	-0.089
5938.775	-0.088
5938.932	-0.088
5939.113	-0.088
5939.270	-0.088
5939.427	-0.088
5939.608	-0.088
5939.765	-0.088
5939.947	-0.088
5940.104	-0.088
5940.260	-0.088
5940.442	-0.088
5940.598	-0.088
5940.780	-0.089
5940.937	-0.088
5941.093	-0.088
5941.275	-0.088
5941.432	-0.088
5941.613	-0.088
5941.770	-0.088
5941.927	-0.088
5942.108	-0.088
5942.265	-0.088
5942.447	-0.088
5942.604	-0.088
5942.760	-0.088
5942.942	-0.088
5943.098	-0.088
5943.280	-0.088
5943.437	-0.088
5943.593	-0.088
5943.775	-0.088
5943.932	-0.089
5944.113	-0.088
5944.270	-0.088
5944.427	-0.088
5944.608	-0.088
5944.765	-0.088
5944.947	-0.089
5945.104	-0.088
5945.260	-0.088
5945.442	-0.088
5945.598	-0.088
5945.780	-0.088
5945.937	-0.088
5946.093	-0.088
5946.275	-0.088
5946.432	-0.088
5946.613	-0.088
5946.770	-0.088
5946.927	-0.088
5947.108	-0.088
5947.265	-0.088
5947.447	-0.088
5947.604	-0.088
5947.760	-0.088
5947.942	-0.088
5948.098	-0.089
5948.280	-0.088
5948.437	-0.088
5948.593	-0.088
5948.775	-0.088
5948.932	-0.088
5949.113	-0.088
5949.270	-0.089
5949.427	-0.088
5949.608	-0.088
5949.765	-0.088
5949.947	-0.089
5950.104	-0.088
5950.260	-0.088
5950.442	-0.088
5950.598	-0.088
5950.780	-0.088
5950.937	-0.088
5951.093	-0.088
5951.275	-0.088
5951.432	-0.088
5951.613	-0.089
5951.770	-0.088
5951.927	-0.088
5952.108	-0.088
5952.265	-0.088
5952.447	-0.088
5952.604	-0.088
5952.760	-0.088
5952.942	-0.088
5953.098	-0.088
5953.280	-0.088
5953.437	-0.088
5953.593	-0.088
5953.775	-0.088
5953.932	-0.088
5954.113	-0.089
5954.270	-0.088
5954.427	-0.088
5954.608	-0.089
5954.765	-0.088
5954.947	-0.089
5955.104	-0.088
5955.260	-0.088
5955.442	-0.088
5955.598	-0.089
5955.780	-0.089
5955.937	-0.088
5956.093	-0.088
5956.275	-0.088
5956.432	-0.088
5956.613	-0.088
5956.770	-0.088
5956.927	-0.088
5957.108	-0.089
5957.265	-0.088
5957.447	-0.088
5957.604	-0.088
5957.760	-0.088
5957.942	-0.088
5958.098	-0.088
5958.280	-0.088
5958.437	-0.088
5958.593	-0.088
5958.775	-0.088
5958.932	-0.088
5959.113	-0.088
5959.270	-0.088
5959.427	-0.088
5959.608	-0.088
5959.765	-0.088
5959.947	-0.088
5960.104	-0.088
5960.260	-0.088
5960.442	-0.089
5960.598	-0.088
5960.780	-0.089
5960.937	-0.088
5961.093	-0.088
5961.275	-0.088
5961.432	-0.088
5961.613	-0.088
5961.770	-0.088
5961.927	-0.088
5962.108	-0.088
5962.265	-0.089
5962.447	-0.088
5962.604	-0.088
5962.760	-0.088
5962.942	-0.088
5963.098	-0.088
5963.280	-0.088
5963.437	-0.088
5963.593	-0.089
5963.775	-0.088
5963.932	-0.088
5964.113	-0.088
5964.270	-0.088
5964.427	-0.088
5964.608	-0.088
5964.765	-0.088
5964.947	-0.088
5965.104	-0.088
5965.260	-0.088
5965.442	-0.088
5965.598	-0.088
5965.780	-0.088
5965.937	-0.089
5966.093	-0.088
5966.275	-0.088
5966.432	-0.089
5966.613	-0.088
5966.770	-0.089
5966.927	-0.088
5967.108	-0.088
5967.265	-0.088
5967.447	-0.088
5967.604	-0.088
5967.760	-0.088
5967.942	-0.088
5968.098	-0.088
5968.280	-0.088
5968.437	-0.088
5968.593	-0.088
5968.775	-0.088
5968.932	-0.088
5969.113	-0.088
5969.270	-0.088
5969.427	-0.088
5969.608	-0.088
5969.765	-0.088
5969.947	-0.088
5970.104	-0.088
5970.260	-0.088
5970.442	-0.088
5970.598	-0.088
5970.780	-0.088
5970.937	-0.088
5971.093	-0.088
5971.275	-0.088
5971.432	-0.088
5971.613	-0.088
5971.770	-0.088
5971.927	-0.088
5972.108	-0.088
5972.265	-0.088
5972.447	-0.088
5972.604	-0.088
5972.760	-0.088
5972.942	-0.088
5973.098	-0.088
5973.280	-0.088
5973.437	-0.088
5973.593	-0.089
5973.775	-0.088
5973.932	-0.088
5974.113	-0.088
5974.270	-0.088
5974.427	-0.088
5974.608	-0.088
5974.765	-0.088
5974.947	-0.088
5975.104	-0.088
5975.260	-0.088
5975.442	-0.088
5975.598	-0.088
5975.780	-0.088
5975.937	-0.088
5976.093	-0.088
5976.275	-0.088
5976.432	-0.088
5976.613	-0.088
5976.770	-0.088
5976.927	-0.088
5977.108	-0.088
5977.265	-0.088
5977.447	-0.088
5977.604	-0.088
5977.760	-0.088
5977.942	-0.088
5978.098	-0.089
5978.255	-0.088
5978.437	-0.088
5978.593	-0.088
5978.775	-0.088
5978.932	-0.089
5979.113	-0.088
5979.270	-0.088
5979.427	-0.089
5979.608	-0.088
5979.765	-0.088
5979.947	-0.088
5980.104	-0.088
5980.260	-0.088
5980.442	-0.088
5980.598	-0.088
5980.755	-0.088
5980.937	-0.088
5981.093	-0.088
5981.275	-0.088
5981.432	-0.089
5981.613	-0.088
5981.770	-0.088
5981.927	-0.088
5982.108	-0.088
5982.265	-0.088
5982.447	-0.088
5982.604	-0.088
5982.760	-0.088
5982.942	-0.088
5983.098	-0.088
5983.255	-0.088
5983.437	-0.088
5983.593	-0.088
5983.775	-0.088
5983.932	-0.088
5984.088	-0.088
5984.270	-0.088
5984.427	-0.088
5984.608	-0.088
5984.765	-0.088
5984.947	-0.089
5985.104	-0.088
5985.260	-0.089
5985.442	-0.088
5985.598	-0.088
5985.780	-0.089
5985.937	-0.088
5986.093	-0.088
5986.275	-0.088
5986.432	-0.088
5986.613	-0.088
5986.770	-0.089
5986.927	-0.088
5987.108	-0.088
5987.265	-0.088
5987.422	-0.089
5987.604	-0.088
5987.760	-0.088
5987.942	-0.088
5988.098	-0.088
5988.280	-0.089
5988.437	-0.088
5988.593	-0.088
5988.775	-0.088
5988.932	-0.088
5989.088	-0.088
5989.270	-0.089
5989.427	-0.088
5989.608	-0.088
5989.765	-0.088
5989.947	-0.089
5990.104	-0.089
5990.260	-0.089
5990.442	-0.089
5990.598	-0.089
5990.780	-0.088
5990.937	-0.088
5991.093	-0.089
5991.275	-0.088
5991.432	-0.088
5991.613	-0.088
5991.770	-0.089
5991.927	-0.088
5992.108	-0.088
5992.265	-0.088
5992.447	-0.088
5992.604	-0.088
5992.760	-0.088
5992.942	-0.088
5993.098	-0.088
5993.280	-0.088
5993.437	-0.088
5993.593	-0.088
5993.775	-0.088
5993.932	-0.088
5994.088	-0.088
5994.270	-0.088
5994.427	-0.088
5994.608	-0.089
5994.765	-0.088
5994.947	-0.088
5995.104	-0.088
5995.260	-0.088
5995.442	-0.088
5995.598	-0.088
5995.780	-0.089
5995.937	-0.088
5996.093	-0.088
5996.275	-0.088
5996.432	-0.088
5996.588	-0.088
5996.770	-0.089
5996.927	-0.088
5997.108	-0.088
5997.265	-0.088
5997.447	-0.089
5997.604	-0.088
5997.760	-0.088
5997.942	-0.088
5998.098	-0.088
5998.280	-0.088
5998.437	-0.088
5998.593	-0.088
5998.775	-0.088
5998.932	-0.088
5999.088	-0.088
5999.270	-0.088
5999.427	-0.088
5999.608	-0.088
5999.765	-0.088
5999.922	-0.088
6000.104	-0.088
6000.260	-0.088
6000.442	-0.088
6000.598	-0.088
6000.755	-0.088
6000.937	-0.089
6001.093	-0.088
6001.275	-0.088
6001.432	-0.088
6001.613	-0.088
6001.770	-0.088
6001.927	-0.088
6002.108	-0.088
6002.265	-0.088
6002.422	-0.088
6002.604	-0.088
6002.760	-0.088
6002.942	-0.088
6003.098	-0.088
6003.280	-0.088
6003.437	-0.089
6003.593	-0.088
6003.775	-0.088
6003.932	-0.088
6004.113	-0.088
6004.270	-0.088
6004.427	-0.088
6004.608	-0.088
6004.765	-0.088
6004.922	-0.088
6005.104	-0.088
6005.260	-0.088
6005.442	-0.088
6005.598	-0.088
6005.780	-0.088
6005.937	-0.089
6006.093	-0.089
6006.275	-0.089
6006.432	-0.089
6006.588	-0.088
6006.770	-0.088
6006.927	-0.089
6007.108	-0.088
6007.265	-0.088
6007.422	-0.088
6007.604	-0.089
6007.760	-0.088
6007.942	-0.088
6008.098	-0.088
6008.255	-0.089
6008.437	-0.088
6008.593	-0.088
6008.775	-0.088
6008.932	-0.088
6009.088	-0.088
6009.243	-0.088
6009.427	-0.088
6009.608	-0.088
6009.765	-0.088
6009.922	-0.088
6010.104	-0.088
6010.260	-0.088
6010.442	-0.088
6010.598	-0.088
6010.755	-0.089
6010.937	-0.088
6011.093	-0.088
6011.275	-0.088
6011.432	-0.088
6011.588	-0.088
6011.770	-0.088
6011.927	-0.089
6012.108	-0.088
6012.265	-0.088
6012.422	-0.088
6012.604	-0.088
6012.760	-0.088
6012.942	-0.088
6013.098	-0.088
6013.255	-0.088
6013.437	-0.088
6013.593	-0.088
6013.775	-0.088
6013.932	-0.088
6014.088	-0.088
6014.270	-0.088
6014.427	-0.088
6014.608	-0.088
6014.765	-0.088
6014.922	-0.088
6015.104	-0.088
6015.260	-0.088
6015.442	-0.088
6015.598	-0.088
6015.755	-0.088
6015.937	-0.088
6016.093	-0.089
6016.275	-0.088
6016.432	-0.088
6016.588	-0.088
6016.770	-0.088
6016.927	-0.088
6017.108	-0.088
6017.265	-0.088
6017.422	-0.088
6017.604	-0.088
6017.760	-0.088
6017.942	-0.088
6018.098	-0.088
6018.255	-0.088
6018.437	-0.088
6018.593	-0.088
6018.775	-0.088
6018.932	-0.088
6019.088	-0.088
6019.270	-0.088
6019.427	-0.088
6019.608	-0.088
6019.765	-0.088
6019.922	-0.088
6020.104	-0.088
6020.260	-0.088
6020.442	-0.088
6020.598	-0.089
6020.755	-0.088
6020.937	-0.088
6021.093	-0.088
6021.275	-0.090
6021.432	-0.088
6021.588	-0.088
6021.770	-0.088
6021.927	-0.088
6022.108	-0.088
6022.265	-0.088
6022.422	-0.089
6022.604	-0.088
6022.760	-0.088
6022.942	-0.089
6023.098	-0.088
6023.255	-0.088
6023.437	-0.089
6023.593	-0.088
6023.775	-0.088
6023.932	-0.088
6024.088	-0.088
6024.270	-0.088
6024.427	-0.089
6024.608	-0.088
6024.765	-0.088
6024.922	-0.088
6025.104	-0.088
6025.260	-0.088
6025.442	-0.088
6025.598	-0.088
6025.755	-0.088
6025.937	-0.088
6026.093	-0.088
6026.275	-0.088
6026.432	-0.088
6026.588	-0.088
6026.770	-0.088
6026.927	-0.088
6027.108	-0.088
6027.265	-0.088
6027.422	-0.088
6027.604	-0.088
6027.760	-0.088
6027.942	-0.088
6028.098	-0.088
6028.255	-0.088
6028.437	-0.088
6028.593	-0.088
6028.775	-0.088
6028.932	-0.088
6029.088	-0.088
6029.270	-0.088
6029.427	-0.088
6029.608	-0.088
6029.765	-0.088
6029.922	-0.088
6030.104	-0.089
6030.260	-0.088
6030.442	-0.088
6030.598	-0.088
6030.755	-0.088
6030.937	-0.088
6031.093	-0.088
6031.275	-0.088
6031.432	-0.088
6031.588	-0.088
6031.770	-0.088
6031.927	-0.088
6032.108	-0.088
6032.265	-0.088
6032.422	-0.088
6032.604	-0.088
6032.760	-0.088
6032.942	-0.088
6033.098	-0.088
6033.255	-0.088
6033.437	-0.088
6033.593	-0.088
6033.775	-0.089
6033.932	-0.088
6034.088	-0.088
6034.270	-0.089
6034.427	-0.088
6034.608	-0.088
6034.765	-0.088
6034.922	-0.088
6035.104	-0.088
6035.260	-0.088
6035.442	-0.088
6035.598	-0.088
6035.755	-0.088
6035.937	-0.088
6036.093	-0.088
6036.275	-0.088
6036.432	-0.088
6036.588	-0.089
6036.770	-0.088
6036.927	-0.088
6037.108	-0.088
6037.265	-0.088
6037.422	-0.089
6037.604	-0.088
6037.760	-0.088
6037.942	-0.088
6038.098	-0.088
6038.255	-0.089
6038.437	-0.088
6038.593	-0.088
6038.775	-0.089
6038.932	-0.088
6039.088	-0.089
6039.270	-0.088
6039.427	-0.088
6039.608	-0.088
6039.765	-0.088
6039.922	-0.088
6040.104	-0.089
6040.260	-0.088
6040.442	-0.088
6040.598	-0.088
6040.755	-0.090
6040.937	-0.088
6041.093	-0.088
6041.275	-0.089
6041.432	-0.088
6041.588	-0.088
6041.770	-0.088
6041.927	-0.088
6042.108	-0.088
6042.265	-0.088
6042.422	-0.088
6042.604	-0.089
6042.760	-0.088
6042.942	-0.090
6043.098	-0.088
6043.255	-0.088
6043.437	-0.088
6043.593	-0.088
6043.775	-0.088
6043.932	-0.088
6044.088	-0.088
6044.270	-0.089
6044.427	-0.089
6044.608	-0.088
6044.765	-0.088
6044.922	-0.088
6045.104	-0.088
6045.260	-0.088
6045.442	-0.088
6045.598	-0.091
6045.755	-0.089
6045.937	-0.088
6046.093	-0.088
6046.275	-0.088
6046.432	-0.088
6046.588	-0.088
6046.770	-0.089
6046.927	-0.089
6047.108	-0.090
6047.265	-0.088
6047.422	-0.088
6047.604	-0.090
6047.760	-0.088
6047.942	-0.088
6048.098	-0.088
6048.255	-0.088
6048.437	-0.088
6048.593	-0.088
6048.775	-0.088
6048.932	-0.088
6049.088	-0.088
6049.270	-0.088
6049.427	-0.088
6049.608	-0.088
6049.765	-0.088
6049.922	-0.089
6050.104	-0.089
6050.260	-0.088
6050.442	-0.088
6050.598	-0.089
6050.755	-0.089
6050.937	-0.088
6051.093	-0.088
6051.275	-0.088
6051.432	-0.088
6051.588	-0.088
6051.770	-0.088
6051.927	-0.088
6052.108	-0.088
6052.265	-0.088
6052.422	-0.088
6052.604	-0.088
6052.760	-0.088
6052.942	-0.089
6053.098	-0.089
6053.255	-0.088
6053.437	-0.089
6053.593	-0.088
6053.775	-0.088
6053.932	-0.088
6054.088	-0.089
6054.243	-0.088
6054.427	-0.088
6054.608	-0.088
6054.765	-0.088
6054.922	-0.089
6055.104	-0.088
6055.260	-0.088
6055.442	-0.088
6055.598	-0.088
6055.755	-0.088
6055.937	-0.088
6056.093	-0.089
6056.275	-0.088
6056.432	-0.088
6056.588	-0.088
6056.770	-0.089
6056.927	-0.088
6057.108	-0.088
6057.265	-0.088
6057.422	-0.088
6057.604	-0.088
6057.760	-0.088
6057.917	-0.090
6058.098	-0.088
6058.255	-0.088
6058.437	-0.088
6058.593	-0.088
6058.750	-0.088
6058.932	-0.088
6059.088	-0.088
6059.270	-0.089
6059.427	-0.088
6059.608	-0.088
6059.765	-0.088
6059.922	-0.089
6060.104	-0.088
6060.260	-0.088
6060.442	-0.088
6060.598	-0.088
6060.755	-0.088
6060.937	-0.088
6061.093	-0.088
6061.250	-0.088
6061.432	-0.088
6061.588	-0.088
6061.770	-0.088
6061.927	-0.088
6062.108	-0.088
6062.265	-0.088
6062.422	-0.088
6062.604	-0.088
6062.760	-0.088
6062.917	-0.088
6063.098	-0.088
6063.255	-0.088
6063.437	-0.088
6063.593	-0.088
6063.775	-0.088
6063.932	-0.088
6064.088	-0.088
6064.270	-0.088
6064.427	-0.088
6064.583	-0.089
6064.765	-0.088
6064.922	-0.088
6065.104	-0.088
6065.260	-0.088
6065.442	-0.088
6065.598	-0.088
6065.755	-0.088
6065.937	-0.089
6066.093	-0.089
6066.250	-0.088
6066.432	-0.088
6066.588	-0.088
6066.770	-0.088
6066.927	-0.089
6067.108	-0.089
6067.265	-0.088
6067.422	-0.088
6067.604	-0.088
6067.760	-0.088
6067.942	-0.088
6068.098	-0.088
6068.255	-0.088
6068.437	-0.088
6068.593	-0.089
6068.750	-0.088
6068.932	-0.088
6069.088	-0.088
6069.270	-0.088
6069.427	-0.088
6069.583	-0.088
6069.765	-0.089
6069.922	-0.088
6070.104	-0.088
6070.260	-0.088
6070.417	-0.088
6070.598	-0.088
6070.755	-0.089
6070.937	-0.088
6071.093	-0.089
6071.250	-0.088
6071.432	-0.088
6071.588	-0.088
6071.770	-0.088
6071.927	-0.089
6072.108	-0.088
6072.265	-0.088
6072.422	-0.088
6072.604	-0.088
6072.760	-0.088
6072.917	-0.088
6073.098	-0.088
6073.255	-0.088
6073.437	-0.088
6073.593	-0.088
6073.750	-0.088
6073.932	-0.088
6074.088	-0.088
6074.270	-0.088
6074.427	-0.088
6074.608	-0.089
6074.765	-0.089
6074.922	-0.088
6075.104	-0.088
6075.260	-0.088
6075.417	-0.088
6075.598	-0.090
6075.755	-0.088
6075.937	-0.088
6076.093	-0.088
6076.275	-0.088
6076.432	-0.088
6076.588	-0.088
6076.770	-0.088
6076.927	-0.088
6077.083	-0.088
6077.265	-0.088
6077.422	-0.088
6077.604	-0.088
6077.760	-0.088
6077.942	-0.088
6078.098	-0.088
6078.255	-0.088
6078.437	-0.088
6078.593	-0.088
6078.750	-0.089
6078.932	-0.088
6079.088	-0.088
6079.270	-0.088
6079.427	-0.088
6079.608	-0.088
6079.765	-0.088
6079.922	-0.088
6080.104	-0.088
6080.260	-0.089
6080.417	-0.088
6080.598	-0.088
6080.755	-0.088
6080.937	-0.088
6081.093	-0.088
6081.275	-0.088
6081.432	-0.090
6081.588	-0.088
6081.770	-0.088
6081.927	-0.088
6082.083	-0.088
6082.265	-0.088
6082.422	-0.088
6082.604	-0.088
6082.760	-0.089
6082.917	-0.088
6083.098	-0.088
6083.255	-0.088
6083.437	-0.088
6083.593	-0.088
6083.750	-0.089
6083.932	-0.089
6084.088	-0.088
6084.270	-0.088
6084.427	-0.088
6084.608	-0.089
6084.765	-0.088
6084.922	-0.088
6085.104	-0.088
6085.260	-0.088
6085.417	-0.088
6085.598	-0.088
6085.755	-0.088
6085.937	-0.088
6086.093	-0.088
6086.275	-0.088
6086.432	-0.088
6086.588	-0.089
6086.770	-0.088
6086.927	-0.088
6087.108	-0.089
6087.265	-0.089
6087.422	-0.088
6087.604	-0.088
6087.760	-0.089
6087.917	-0.088
6088.098	-0.089
6088.255	-0.089
6088.437	-0.090
6088.593	-0.088
6088.750	-0.088
6088.932	-0.089
6089.088	-0.088
6089.270	-0.088
6089.427	-0.088
6089.583	-0.088
6089.765	-0.089
6089.922	-0.088
6090.104	-0.088
6090.260	-0.088
6090.442	-0.088
6090.598	-0.089
6090.755	-0.088
6090.937	-0.088
6091.093	-0.088
6091.250	-0.089
6091.432	-0.088
6091.588	-0.088
6091.770	-0.088
6091.927	-0.088
6092.108	-0.088
6092.265	-0.088
6092.422	-0.088
6092.604	-0.088
6092.760	-0.088
6092.917	-0.088
6093.098	-0.089
6093.255	-0.088
6093.437	-0.088
6093.593	-0.088
6093.750	-0.088
6093.932	-0.088
6094.088	-0.088
6094.270	-0.088
6094.427	-0.088
6094.583	-0.088
6094.765	-0.088
6094.922	-0.088
6095.104	-0.088
6095.260	-0.089
6095.417	-0.088
6095.598	-0.088
6095.755	-0.088
6095.937	-0.088
6096.093	-0.088
6096.250	-0.088
6096.432	-0.088
6096.588	-0.088
6096.770	-0.088
6096.927	-0.089
6097.083	-0.088
6097.265	-0.088
6097.422	-0.088
6097.604	-0.088
6097.760	-0.088
6097.917	-0.088
6098.098	-0.088
6098.255	-0.088
6098.437	-0.088
6098.593	-0.088
6098.750	-0.088
6098.932	-0.088
6099.088	-0.088
6099.270	-0.088
6099.427	-0.088
6099.583	-0.089
6099.765	-0.088
6099.922	-0.088
6100.104	-0.088
6100.260	-0.089
6100.417	-0.088
6100.598	-0.088
6100.755	-0.088
6100.937	-0.088
6101.093	-0.088
6101.250	-0.088
6101.432	-0.088
6101.588	-0.088
6101.743	-0.088
6101.927	-0.088
6102.083	-0.088
6102.265	-0.088
6102.422	-0.088
6102.604	-0.088
6102.760	-0.088
6102.917	-0.088
6103.098	-0.088
6103.255	-0.088
6103.437	-0.088
6103.593	-0.088
6103.750	-0.088
6103.932	-0.088
6104.088	-0.088
6104.270	-0.088
6104.427	-0.088
6104.583	-0.089
6104.765	-0.088
6104.922	-0.088
6105.104	-0.088
6105.260	-0.088
6105.417	-0.088
6105.598	-0.088
6105.755	-0.088
6105.937	-0.088
6106.093	-0.088
6106.250	-0.088
6106.432	-0.088
6106.588	-0.088
6106.770	-0.088
6106.927	-0.089
6107.083	-0.088
6107.265	-0.088
6107.422	-0.088
6107.604	-0.088
6107.760	-0.088
6107.917	-0.088
6108.098	-0.088
6108.255	-0.088
6108.437	-0.088
6108.593	-0.088
6108.750	-0.089
6108.932	-0.088
6109.088	-0.088
6109.270	-0.088
6109.427	-0.088
6109.583	-0.088
6109.765	-0.088
6109.922	-0.089
6110.104	-0.088
6110.260	-0.088
6110.417	-0.088
6110.598	-0.088
6110.755	-0.088
6110.937	-0.088
6111.093	-0.088
6111.250	-0.088
6111.432	-0.089
6111.588	-0.089
6111.770	-0.088
6111.927	-0.088
6112.083	-0.088
6112.265	-0.088
6112.422	-0.088
6112.604	-0.088
6112.760	-0.088
6112.917	-0.088
6113.098	-0.089
6113.255	-0.088
6113.437	-0.088
6113.593	-0.088
6113.750	-0.088
6113.932	-0.088
6114.088	-0.088
6114.270	-0.088
6114.427	-0.088
6114.583	-0.088
6114.765	-0.088
6114.922	-0.089
6115.104	-0.088
6115.260	-0.088
6115.417	-0.088
6115.598	-0.088
6115.755	-0.088
6115.937	-0.088
6116.093	-0.088
6116.250	-0.088
6116.432	-0.088
6116.588	-0.088
6116.770	-0.089
6116.927	-0.088
6117.083	-0.088
6117.265	-0.089
6117.422	-0.088
6117.604	-0.088
6117.760	-0.088
6117.917	-0.089
6118.098	-0.088
6118.255	-0.088
6118.437	-0.089
6118.593	-0.088
6118.750	-0.088
6118.932	-0.088
6119.088	-0.088
6119.270	-0.088
6119.427	-0.088
6119.583	-0.088
6119.765	-0.088
6119.922	-0.088
6120.104	-0.089
6120.260	-0.089
6120.417	-0.088
6120.598	-0.088
6120.755	-0.088
6120.937	-0.089
6121.093	-0.088
6121.250	-0.088
6121.432	-0.088
6121.588	-0.089
6121.770	-0.089
6121.927	-0.088
6122.083	-0.089
6122.265	-0.088
6122.422	-0.089
6122.604	-0.088
6122.760	-0.088
6122.917	-0.089
6123.098	-0.088
6123.255	-0.088
6123.437	-0.088
6123.593	-0.088
6123.750	-0.088
6123.932	-0.088
6124.088	-0.090
6124.270	-0.088
6124.427	-0.090
6124.583	-0.088
6124.765	-0.089
6124.922	-0.088
6125.104	-0.088
6125.260	-0.088
6125.417	-0.088
6125.598	-0.088
6125.755	-0.088
6125.937	-0.088
6126.093	-0.088
6126.250	-0.088
6126.432	-0.088
6126.588	-0.088
6126.770	-0.088
6126.927	-0.089
6127.083	-0.090
6127.265	-0.088
6127.422	-0.088
6127.604	-0.088
6127.760	-0.088
6127.917	-0.088
6128.098	-0.088
6128.255	-0.089
6128.437	-0.088
6128.593	-0.088
6128.750	-0.089
6128.932	-0.088
6129.088	-0.089
6129.270	-0.088
6129.427	-0.088
6129.583	-0.089
6129.765	-0.088
6129.922	-0.088
6130.104	-0.088
6130.260	-0.088
6130.417	-0.088
6130.598	-0.088
6130.755	-0.088
6130.937	-0.088
6131.093	-0.089
6131.250	-0.088
6131.432	-0.089
6131.588	-0.088
6131.770	-0.088
6131.927	-0.088
6132.083	-0.088
6132.265	-0.088
6132.422	-0.088
6132.604	-0.088
6132.760	-0.088
6132.917	-0.089
6133.098	-0.088
6133.255	-0.088
6133.437	-0.088
6133.593	-0.088
6133.750	-0.089
6133.932	-0.088
6134.088	-0.088
6134.270	-0.088
6134.427	-0.088
6134.583	-0.088
6134.765	-0.089
6134.922	-0.089
6135.104	-0.088
6135.260	-0.088
6135.417	-0.088
6135.598	-0.088
6135.755	-0.089
6135.937	-0.088
6136.093	-0.089
6136.250	-0.088
6136.432	-0.088
6136.588	-0.088
6136.770	-0.088
6136.927	-0.089
6137.083	-0.088
6137.265	-0.088
6137.422	-0.088
6137.604	-0.089
6137.760	-0.088
6137.917	-0.088
6138.098	-0.088
6138.255	-0.088
6138.437	-0.089
6138.593	-0.088
6138.750	-0.088
6138.932	-0.088
6139.088	-0.089
6139.270	-0.088
6139.427	-0.088
6139.583	-0.088
6139.765	-0.088
6139.922	-0.088
6140.104	-0.088
6140.260	-0.088
6140.417	-0.088
6140.598	-0.088
6140.755	-0.088
6140.937	-0.088
6141.093	-0.088
6141.250	-0.088
6141.432	-0.088
6141.588	-0.088
6141.770	-0.089
6141.927	-0.088
6142.083	-0.089
6142.265	-0.088
6142.422	-0.089
6142.604	-0.088
6142.760	-0.088
6142.917	-0.089
6143.098	-0.088
6143.255	-0.088
6143.437	-0.089
6143.593	-0.089
6143.750	-0.088
6143.932	-0.088
6144.088	-0.088
6144.270	-0.088
6144.427	-0.088
6144.583	-0.088
6144.765	-0.088
6144.922	-0.088
6145.104	-0.088
6145.260	-0.088
6145.417	-0.088
6145.598	-0.088
6145.755	-0.088
6145.937	-0.088
6146.093	-0.088
6146.250	-0.088
6146.432	-0.089
6146.588	-0.088
6146.770	-0.088
6146.927	-0.088
6147.083	-0.088
6147.265	-0.088
6147.422	-0.089
6147.604	-0.088
6147.760	-0.088
6147.917	-0.090
6148.098	-0.088
6148.255	-0.089
6148.437	-0.088
6148.593	-0.088
6148.750	-0.088
6148.932	-0.089
6149.088	-0.088
6149.270	-0.088
6149.427	-0.088
6149.583	-0.088
6149.765	-0.088
6149.922	-0.088
6150.104	-0.088
6150.260	-0.088
6150.417	-0.088
6150.598	-0.088
6150.755	-0.088
6150.937	-0.088
6151.093	-0.089
6151.250	-0.088
6151.432	-0.088
6151.588	-0.089
6151.770	-0.088
6151.927	-0.088
6152.083	-0.088
6152.265	-0.088
6152.422	-0.088
6152.604	-0.089
6152.760	-0.088
6152.917	-0.089
6153.098	-0.088
6153.255	-0.088
6153.437	-0.088
6153.593	-0.089
6153.750	-0.088
6153.932	-0.088
6154.088	-0.088
6154.270	-0.088
6154.427	-0.088
6154.583	-0.089
6154.765	-0.089
6154.922	-0.089
6155.104	-0.089
6155.260	-0.088
6155.417	-0.088
6155.598	-0.088
6155.755	-0.089
6155.937	-0.089
6156.093	-0.088
6156.250	-0.088
6156.432	-0.088
6156.588	-0.088
6156.770	-0.088
6156.927	-0.089
6157.083	-0.088
6157.265	-0.089
6157.422	-0.088
6157.604	-0.088
6157.760	-0.088
6157.917	-0.088
6158.098	-0.088
6158.255	-0.088
6158.437	-0.088
6158.593	-0.088
6158.750	-0.088
6158.932	-0.088
6159.088	-0.088
6159.270	-0.088
6159.427	-0.090
6159.583	-0.088
6159.765	-0.088
6159.922	-0.088
6160.104	-0.088
6160.260	-0.088
6160.417	-0.088
6160.598	-0.088
6160.755	-0.088
6160.937	-0.088
6161.093	-0.088
6161.250	-0.089
6161.432	-0.088
6161.588	-0.088
6161.770	-0.088
6161.927	-0.088
6162.083	-0.088
6162.265	-0.089
6162.422	-0.088
6162.604	-0.088
6162.760	-0.088
6162.917	-0.088
6163.098	-0.089
6163.255	-0.088
6163.437	-0.088
6163.593	-0.088
6163.750	-0.088
6163.932	-0.088
6164.088	-0.088
6164.243	-0.088
6164.427	-0.088
6164.583	-0.088
6164.765	-0.088
6164.922	-0.088
6165.104	-0.088
6165.260	-0.088
6165.417	-0.088
6165.572	-0.089
6165.755	-0.088
6165.937	-0.089
6166.093	-0.088
6166.250	-0.088
6166.432	-0.090
6166.588	-0.088
6166.743	-0.088
6166.927	-0.088
6167.083	-0.089
6167.265	-0.088
6167.422	-0.089
6167.604	-0.088
6167.760	-0.088
6167.917	-0.089
6168.098	-0.088
6168.255	-0.088
6168.410	-0.088
6168.593	-0.088
6168.750	-0.088
6168.932	-0.088
6169.088	-0.088
6169.243	-0.088
6169.427	-0.088
6169.583	-0.088
6169.765	-0.088
6169.922	-0.088
6170.104	-0.088
6170.260	-0.088
6170.417	-0.089
6170.598	-0.088
6170.755	-0.088
6170.937	-0.088
6171.093	-0.088
6171.250	-0.088
6171.432	-0.088
6171.588	-0.088
6171.770	-0.088
6171.927	-0.089
6172.083	-0.088
6172.265	-0.088
6172.422	-0.088
6172.604	-0.088
6172.760	-0.088
6172.917	-0.088
6173.098	-0.088
6173.255	-0.088
6173.410	-0.089
6173.593	-0.088
6173.750	-0.088
6173.932	-0.089
6174.088	-0.089
6174.243	-0.088
6174.427	-0.088
6174.583	-0.088
6174.765	-0.088
6174.922	-0.088
6175.077	-0.088
6175.260	-0.088
6175.417	-0.089
6175.598	-0.088
6175.755	-0.089
6175.910	-0.088
6176.093	-0.088
6176.250	-0.089
6176.432	-0.088
6176.588	-0.088
6176.743	-0.089
6176.927	-0.088
6177.083	-0.088
6177.265	-0.088
6177.422	-0.088
6177.577	-0.088
6177.760	-0.088
6177.917	-0.088
6178.098	-0.088
6178.255	-0.088
6178.410	-0.088
6178.593	-0.089
6178.750	-0.088
6178.932	-0.088
6179.088	-0.088
6179.243	-0.088
6179.427	-0.088
6179.583	-0.088
6179.765	-0.088
6179.922	-0.088
6180.077	-0.088
6180.260	-0.089
6180.417	-0.089
6180.598	-0.089
6180.755	-0.089
6180.910	-0.088
6181.093	-0.088
6181.250	-0.088
6181.432	-0.088
6181.588	-0.088
6181.743	-0.088
6181.927	-0.088
6182.083	-0.089
6182.265	-0.088
6182.422	-0.088
6182.577	-0.088
6182.760	-0.088
6182.917	-0.089
6183.098	-0.088
6183.255	-0.088
6183.410	-0.089
6183.593	-0.088
6183.750	-0.088
6183.932	-0.088
6184.088	-0.088
6184.243	-0.088
6184.427	-0.088
6184.583	-0.089
6184.765	-0.089
6184.922	-0.088
6185.077	-0.088
6185.260	-0.088
6185.417	-0.088
6185.598	-0.088
6185.755	-0.088
6185.910	-0.088
6186.093	-0.088
6186.250	-0.088
6186.432	-0.088
6186.588	-0.088
6186.743	-0.088
6186.927	-0.088
6187.083	-0.088
6187.265	-0.091
6187.422	-0.088
6187.577	-0.088
6187.760	-0.088
6187.917	-0.088
6188.098	-0.088
6188.255	-0.088
6188.410	-0.089
6188.593	-0.088
6188.750	-0.088
6188.932	-0.088
6189.088	-0.088
6189.243	-0.088
6189.427	-0.088
6189.583	-0.088
6189.765	-0.088
6189.922	-0.088
6190.077	-0.088
6190.260	-0.088
6190.417	-0.088
6190.598	-0.089
6190.755	-0.089
6190.910	-0.088
6191.093	-0.089
6191.250	-0.089
6191.432	-0.088
6191.588	-0.088
6191.743	-0.088
6191.927	-0.088
6192.083	-0.088
6192.265	-0.089
6192.422	-0.089
6192.577	-0.089
6192.760	-0.088
6192.917	-0.089
6193.098	-0.088
6193.255	-0.088
6193.410	-0.088
6193.593	-0.088
6193.750	-0.088
6193.932	-0.089
6194.088	-0.089
6194.243	-0.088
6194.427	-0.088
6194.583	-0.088
6194.765	-0.088
6194.922	-0.088
6195.077	-0.088
6195.260	-0.088
6195.417	-0.088
6195.598	-0.088
6195.755	-0.088
6195.910	-0.088
6196.093	-0.088
6196.250	-0.088
6196.432	-0.088
6196.588	-0.089
6196.743	-0.088
6196.927	-0.089
6197.083	-0.089
6197.265	-0.088
6197.422	-0.088
6197.577	-0.088
6197.760	-0.089
6197.917	-0.088
6198.098	-0.088
6198.255	-0.088
6198.410	-0.088
6198.593	-0.089
6198.750	-0.088
6198.932	-0.088
6199.088	-0.088
6199.243	-0.088
6199.427	-0.089
6199.583	-0.088
6199.765	-0.089
6199.922	-0.088
6200.077	-0.088
6200.260	-0.088
6200.417	-0.089
6200.598	-0.088
6200.755	-0.088
6200.910	-0.089
6201.093	-0.088
6201.250	-0.088
6201.432	-0.088
6201.588	-0.088
6201.743	-0.088
6201.927	-0.088
6202.083	-0.088
6202.265	-0.089
6202.422	-0.088
6202.577	-0.088
6202.760	-0.088
6202.917	-0.089
6203.098	-0.088
6203.255	-0.089
6203.410	-0.088
6203.593	-0.088
6203.750	-0.088
6203.932	-0.088
6204.088	-0.088
6204.243	-0.090
6204.427	-0.088
6204.583	-0.088
6204.765	-0.088
6204.922	-0.089
6205.077	-0.088
6205.260	-0.088
6205.417	-0.088
6205.598	-0.088
6205.755	-0.090
6205.910	-0.089
6206.093	-0.088
6206.250	-0.088
6206.432	-0.088
6206.588	-0.089
6206.743	-0.088
6206.927	-0.088
6207.083	-0.088
6207.265	-0.088
6207.422	-0.088
6207.577	-0.089
6207.760	-0.088
6207.917	-0.089
6208.098	-0.089
6208.255	-0.088
6208.410	-0.088
6208.593	-0.088
6208.750	-0.089
6208.932	-0.088
6209.088	-0.088
6209.243	-0.089
6209.427	-0.088
6209.583	-0.090
6209.765	-0.088
6209.922	-0.089
6210.077	-0.088
6210.260	-0.088
6210.417	-0.088
6210.598	-0.089
6210.755	-0.088
6210.910	-0.088
6211.093	-0.089
6211.250	-0.089
6211.432	-0.088
6211.588	-0.088
6211.743	-0.088
6211.927	-0.088
6212.083	-0.088
6212.265	-0.088
6212.422	-0.088
6212.577	-0.088
6212.760	-0.088
6212.917	-0.088
6213.098	-0.088
6213.255	-0.088
6213.410	-0.089
6213.593	-0.088
6213.750	-0.088
6213.932	-0.088
6214.088	-0.088
6214.243	-0.090
6214.427	-0.088
6214.583	-0.088
6214.765	-0.090
6214.922	-0.088
6215.077	-0.088
6215.260	-0.088
6215.417	-0.088
6215.598	-0.088
6215.755	-0.088
6215.910	-0.088
6216.093	-0.088
6216.250	-0.088
6216.432	-0.088
6216.588	-0.088
6216.743	-0.088
6216.927	-0.088
6217.083	-0.089
6217.265	-0.088
6217.422	-0.090
6217.577	-0.090
6217.760	-0.090
6217.917	-0.088
6218.098	-0.089
6218.255	-0.088
6218.410	-0.088
6218.593	-0.088
6218.750	-0.088
6218.932	-0.088
6219.088	-0.088
6219.243	-0.088
6219.427	-0.088
6219.583	-0.088
6219.765	-0.088
6219.922	-0.088
6220.077	-0.088
6220.260	-0.088
6220.417	-0.088
6220.598	-0.088
6220.755	-0.088
6220.910	-0.088
6221.093	-0.088
6221.250	-0.088
6221.432	-0.088
6221.588	-0.088
6221.743	-0.089
6221.927	-0.089
6222.083	-0.088
6222.265	-0.088
6222.422	-0.089
6222.577	-0.088
6222.760	-0.089
6222.917	-0.089
6223.098	-0.089
6223.255	-0.088
6223.410	-0.088
6223.593	-0.090
6223.750	-0.088
6223.932	-0.088
6224.088	-0.088
6224.243	-0.089
6224.427	-0.089
6224.583	-0.089
6224.765	-0.088
6224.922	-0.088
6225.077	-0.088
6225.260	-0.088
6225.417	-0.089
6225.598	-0.089
6225.755	-0.088
6225.910	-0.089
6226.093	-0.088
6226.250	-0.088
6226.432	-0.088
6226.588	-0.088
6226.743	-0.088
6226.927	-0.088
6227.083	-0.088
6227.265	-0.089
6227.422	-0.088
6227.577	-0.088
6227.760	-0.088
6227.917	-0.088
6228.098	-0.088
6228.255	-0.089
6228.410	-0.088
6228.593	-0.089
6228.750	-0.088
6228.932	-0.088
6229.088	-0.088
6229.243	-0.088
6229.427	-0.088
6229.583	-0.088
6229.765	-0.088
6229.922	-0.088
6230.077	-0.088
6230.260	-0.088
6230.417	-0.090
6230.598	-0.088
6230.755	-0.088
6230.910	-0.088
6231.093	-0.088
6231.250	-0.089
6231.432	-0.088
6231.588	-0.088
6231.743	-0.088
6231.927	-0.088
6232.083	-0.089
6232.265	-0.088
6232.422	-0.088
6232.577	-0.088
6232.760	-0.088
6232.917	-0.090
6233.098	-0.088
6233.255	-0.089
6233.410	-0.088
6233.593	-0.088
6233.750	-0.088
6233.932	-0.088
6234.088	-0.088
6234.243	-0.088
6234.427	-0.088
6234.583	-0.088
6234.765	-0.089
6234.922	-0.088
6235.077	-0.088
6235.260	-0.088
6235.417	-0.088
6235.598	-0.088
6235.755	-0.088
6235.910	-0.088
6236.093	-0.088
6236.250	-0.088
6236.432	-0.089
6236.588	-0.088
6236.743	-0.089
6236.927	-0.088
6237.083	-0.088
6237.265	-0.088
6237.422	-0.089
6237.577	-0.088
6237.760	-0.088
6237.917	-0.088
6238.098	-0.089
6238.255	-0.088
6238.410	-0.088
6238.593	-0.088
6238.750	-0.088
6238.932	-0.090
6239.088	-0.088
6239.243	-0.088
6239.427	-0.088
6239.583	-0.089
6239.765	-0.089
6239.922	-0.088
6240.077	-0.088
6240.260	-0.089
6240.417	-0.088
6240.598	-0.088
6240.755	-0.089
6240.910	-0.088
6241.093	-0.089
6241.250	-0.088
6241.432	-0.088
6241.588	-0.088
6241.743	-0.088
6241.927	-0.088
6242.083	-0.088
6242.265	-0.088
6242.422	-0.088
6242.577	-0.088
6242.760	-0.088
6242.917	-0.088
6243.098	-0.088
6243.255	-0.089
6243.410	-0.088
6243.593	-0.088
6243.750	-0.088
6243.932	-0.088
6244.088	-0.088
6244.243	-0.088
6244.427	-0.088
6244.583	-0.088
6244.765	-0.088
6244.922	-0.089
6245.077	-0.088
6245.260	-0.088
6245.417	-0.089
6245.598	-0.088
6245.755	-0.088
6245.910	-0.088
6246.093	-0.088
6246.250	-0.088
6246.432	-0.088
6246.588	-0.088
6246.743	-0.088
6246.927	-0.088
6247.083	-0.090
6247.265	-0.089
6247.422	-0.088
6247.577	-0.088
6247.760	-0.088
6247.917	-0.088
6248.098	-0.088
6248.255	-0.088
6248.410	-0.089
6248.593	-0.088
6248.750	-0.088
6248.932	-0.088
6249.088	-0.089
6249.243	-0.088
6249.427	-0.088
6249.583	-0.088
6249.765	-0.088
6249.922	-0.089
6250.077	-0.088
6250.260	-0.088
6250.417	-0.088
6250.598	-0.088
6250.755	-0.088
6250.910	-0.089
6251.093	-0.088
6251.250	-0.089
6251.432	-0.088
6251.588	-0.088
6251.743	-0.088
6251.927	-0.088
6252.083	-0.088
6252.265	-0.088
6252.422	-0.088
6252.577	-0.088
6252.760	-0.088
6252.917	-0.088
6253.098	-0.088
6253.255	-0.089
6253.410	-0.089
6253.593	-0.089
6253.750	-0.088
6253.932	-0.088
6254.088	-0.088
6254.243	-0.088
6254.427	-0.089
6254.583	-0.089
6254.765	-0.088
6254.922	-0.088
6255.077	-0.088
6255.260	-0.089
6255.417	-0.088
6255.598	-0.088
6255.755	-0.089
6255.910	-0.088
6256.093	-0.088
6256.250	-0.088
6256.432	-0.088
6256.588	-0.088
6256.743	-0.089
6256.927	-0.088
6257.083	-0.089
6257.265	-0.088
6257.422	-0.088
6257.577	-0.089
6257.760	-0.089
6257.917	-0.089
6258.072	-0.088
6258.255	-0.088
6258.410	-0.089
6258.593	-0.088
6258.750	-0.088
6258.932	-0.088
6259.088	-0.088
6259.243	-0.088
6259.427	-0.088
6259.583	-0.089
6259.765	-0.088
6259.922	-0.088
6260.077	-0.089
6260.260	-0.089
6260.417	-0.089
6260.598	-0.088
6260.755	-0.088
6260.910	-0.088
6261.093	-0.089
6261.250	-0.088
6261.432	-0.088
6261.588	-0.088
6261.743	-0.088
6261.927	-0.089
6262.083	-0.088
6262.238	-0.088
6262.422	-0.088
6262.577	-0.089
6262.760	-0.090
6262.917	-0.088
6263.072	-0.088
6263.255	-0.088
6263.410	-0.088
6263.593	-0.088
6263.750	-0.088
6263.932	-0.089
6264.088	-0.088
6264.243	-0.088
6264.427	-0.088
6264.583	-0.088
6264.738	-0.088
6264.922	-0.088
6265.077	-0.088
6265.260	-0.088
6265.417	-0.088
6265.598	-0.088
6265.755	-0.088
6265.910	-0.088
6266.093	-0.088
6266.250	-0.088
6266.405	-0.088
6266.588	-0.088
6266.743	-0.090
6266.927	-0.089
6267.083	-0.088
6267.265	-0.089
6267.422	-0.088
6267.577	-0.088
6267.760	-0.088
6267.917	-0.088
6268.072	-0.088
6268.255	-0.088
6268.410	-0.088
6268.593	-0.088
6268.750	-0.089
6268.932	-0.088
6269.088	-0.088
6269.243	-0.088
6269.427	-0.088
6269.583	-0.088
6269.738	-0.088
6269.922	-0.088
6270.077	-0.088
6270.260	-0.088
6270.417	-0.088
6270.598	-0.088
6270.755	-0.088
6270.910	-0.088
6271.093	-0.089
6271.250	-0.089
6271.432	-0.088
6271.588	-0.089
6271.743	-0.088
6271.927	-0.088
6272.083	-0.088
6272.238	-0.089
6272.422	-0.088
6272.577	-0.090
6272.760	-0.088
6272.917	-0.089
6273.098	-0.088
6273.255	-0.089
6273.410	-0.089
6273.593	-0.088
6273.750	-0.088
6273.932	-0.088
6274.088	-0.089
6274.243	-0.088
6274.427	-0.088
6274.583	-0.088
6274.765	-0.088
6274.922	-0.088
6275.077	-0.089
6275.260	-0.088
6275.417	-0.088
6275.598	-0.088
6275.755	-0.088
6275.910	-0.088
6276.093	-0.088
6276.250	-0.088
6276.405	-0.088
6276.588	-0.088
6276.743	-0.088
6276.927	-0.088
6277.083	-0.088
6277.265	-0.088
6277.422	-0.088
6277.577	-0.088
6277.760	-0.088
6277.917	-0.089
6278.072	-0.088
6278.255	-0.088
6278.410	-0.089
6278.593	-0.088
6278.750	-0.088
6278.932	-0.088
6279.088	-0.088
6279.243	-0.088
6279.427	-0.088
6279.583	-0.088
6279.765	-0.088
6279.922	-0.088
6280.077	-0.088
6280.260	-0.089
6280.417	-0.088
6280.598	-0.090
6280.755	-0.089
6280.910	-0.088
6281.093	-0.088
6281.250	-0.088
6281.432	-0.088
6281.588	-0.088
6281.743	-0.088
6281.927	-0.088
6282.083	-0.088
6282.265	-0.089
6282.422	-0.088
6282.577	-0.088
6282.760	-0.088
6282.917	-0.088
6283.098	-0.088
6283.255	-0.089
6283.410	-0.089
6283.593	-0.088
6283.750	-0.089
6283.932	-0.089
6284.088	-0.089
6284.243	-0.090
6284.427	-0.089
6284.583	-0.089
6284.765	-0.088
6284.922	-0.088
6285.077	-0.090
6285.260	-0.088
6285.417	-0.088
6285.598	-0.088
6285.755	-0.088
6285.910	-0.088
6286.093	-0.088
6286.250	-0.088
6286.405	-0.088
6286.588	-0.088
6286.743	-0.088
6286.927	-0.088
6287.083	-0.088
6287.265	-0.088
6287.422	-0.089
6287.577	-0.088
6287.760	-0.088
6287.917	-0.089
6288.072	-0.089
6288.255	-0.089
6288.410	-0.088
6288.593	-0.088
6288.750	-0.088
6288.932	-0.088
6289.088	-0.088
6289.243	-0.088
6289.427	-0.088
6289.583	-0.088
6289.738	-0.089
6289.922	-0.088
6290.077	-0.089
6290.260	-0.088
6290.417	-0.088
6290.598	-0.091
6290.755	-0.088
6290.910	-0.088
6291.093	-0.088
6291.250	-0.088
6291.405	-0.089
6291.588	-0.088
6291.743	-0.089
6291.927	-0.088
6292.083	-0.088
6292.238	-0.088
6292.422	-0.090
6292.577	-0.088
6292.760	-0.088
6292.917	-0.088
6293.072	-0.089
6293.255	-0.088
6293.410	-0.088
6293.593	-0.088
6293.750	-0.088
6293.905	-0.088
6294.088	-0.088
6294.243	-0.089
6294.427	-0.088
6294.583	-0.088
6294.738	-0.089
6294.922	-0.088
6295.077	-0.089
6295.260	-0.089
6295.417	-0.088
6295.572	-0.088
6295.755	-0.088
6295.910	-0.089
6296.093	-0.089
6296.250	-0.088
6296.405	-0.088
6296.588	-0.089
6296.743	-0.088
6296.927	-0.088
6297.083	-0.088
6297.238	-0.091
6297.422	-0.089
6297.577	-0.088
6297.760	-0.088
6297.917	-0.088
6298.072	-0.088
6298.255	-0.088
6298.410	-0.088
6298.593	-0.088
6298.750	-0.089
6298.905	-0.088
6299.088	-0.088
6299.243	-0.089
6299.427	-0.088
6299.583	-0.089
6299.738	-0.089
6299.922	-0.089
6300.077	-0.088
6300.260	-0.088
6300.417	-0.088
6300.572	-0.089
6300.755	-0.089
6300.910	-0.088
6301.093	-0.088
6301.250	-0.089
6301.405	-0.088
6301.588	-0.088
6301.743	-0.089
6301.927	-0.088
6302.083	-0.088
6302.265	-0.089
6302.422	-0.089
6302.577	-0.088
6302.760	-0.088
6302.917	-0.088
6303.072	-0.088
6303.255	-0.088
6303.410	-0.089
6303.593	-0.088
6303.750	-0.089
6303.905	-0.088
6304.088	-0.089
6304.243	-0.088
6304.427	-0.088
6304.583	-0.088
6304.738	-0.089
6304.922	-0.088
6305.077	-0.088
6305.260	-0.088
6305.417	-0.088
6305.572	-0.088
6305.755	-0.089
6305.910	-0.089
6306.093	-0.088
6306.250	-0.088
6306.432	-0.088
6306.588	-0.089
6306.743	-0.088
6306.927	-0.088
6307.083	-0.088
6307.238	-0.089
6307.422	-0.089
6307.577	-0.088
6307.760	-0.088
6307.917	-0.088
6308.072	-0.088
6308.255	-0.089
6308.410	-0.089
6308.593	-0.088
6308.750	-0.088
6308.932	-0.088
6309.088	-0.088
6309.243	-0.088
6309.427	-0.088
6309.583	-0.088
6309.738	-0.088
6309.922	-0.090
6310.077	-0.088
6310.260	-0.088
6310.417	-0.089
6310.572	-0.088
6310.755	-0.088
6310.910	-0.088
6311.093	-0.088
6311.250	-0.088
6311.405	-0.088
6311.588	-0.088
6311.743	-0.088
6311.927	-0.088
6312.083	-0.089
6312.238	-0.088
6312.422	-0.088
6312.577	-0.089
6312.760	-0.090
6312.917	-0.088
6313.072	-0.088
6313.255	-0.089
6313.410	-0.089
6313.593	-0.088
6313.750	-0.088
6313.932	-0.088
6314.088	-0.088
6314.243	-0.088
6314.427	-0.088
6314.583	-0.089
6314.738	-0.088
6314.922	-0.088
6315.077	-0.088
6315.260	-0.089
6315.417	-0.088
6315.598	-0.088
6315.755	-0.088
6315.910	-0.088
6316.093	-0.088
6316.250	-0.088
6316.405	-0.088
6316.588	-0.088
6316.743	-0.088
6316.927	-0.088
6317.083	-0.088
6317.238	-0.088
6317.422	-0.088
6317.577	-0.089
6317.760	-0.088
6317.917	-0.088
6318.072	-0.088
6318.255	-0.088
6318.410	-0.088
6318.593	-0.088
6318.750	-0.088
6318.905	-0.089
6319.088	-0.088
6319.243	-0.088
6319.427	-0.088
6319.583	-0.088
6319.738	-0.088
6319.922	-0.088
6320.077	-0.088
6320.260	-0.089
6320.417	-0.088
6320.598	-0.088
6320.755	-0.088
6320.910	-0.088
6321.093	-0.089
6321.250	-0.088
6321.405	-0.088
6321.588	-0.089
6321.743	-0.088
6321.927	-0.088
6322.083	-0.088
6322.238	-0.088
6322.422	-0.088
6322.577	-0.088
6322.760	-0.088
6322.917	-0.088
6323.072	-0.088
6323.255	-0.088
6323.410	-0.089
6323.593	-0.088
6323.750	-0.089
6323.905	-0.088
6324.088	-0.088
6324.243	-0.088
6324.427	-0.088
6324.583	-0.088
6324.738	-0.088
6324.922	-0.088
6325.077	-0.090
6325.260	-0.089
6325.417	-0.088
6325.572	-0.089
6325.755	-0.088
6325.910	-0.089
6326.093	-0.088
6326.250	-0.088
6326.405	-0.088
6326.588	-0.088
6326.743	-0.088
6326.927	-0.088
6327.083	-0.088
6327.238	-0.089
6327.422	-0.088
6327.577	-0.089
6327.760	-0.088
6327.917	-0.088
6328.072	-0.089
6328.255	-0.088
6328.410	-0.088
6328.593	-0.088
6328.750	-0.088
6328.905	-0.088
6329.088	-0.088
6329.243	-0.088
6329.427	-0.088
6329.583	-0.088
6329.738	-0.088
6329.922	-0.089
6330.077	-0.088
6330.260	-0.088
6330.417	-0.089
6330.572	-0.088
6330.755	-0.088
6330.910	-0.088
6331.093	-0.088
6331.250	-0.088
6331.405	-0.088
6331.588	-0.088
6331.743	-0.088
6331.927	-0.088
6332.083	-0.088
6332.238	-0.088
6332.422	-0.089
6332.577	-0.089
6332.760	-0.089
6332.917	-0.088
6333.072	-0.088
6333.255	-0.088
6333.410	-0.088
6333.593	-0.089
6333.750	-0.088
6333.905	-0.088
6334.088	-0.089
6334.243	-0.088
6334.427	-0.088
6334.583	-0.088
6334.738	-0.089
6334.922	-0.088
6335.077	-0.088
6335.260	-0.088
6335.417	-0.089
6335.572	-0.088
6335.755	-0.088
6335.910	-0.088
6336.067	-0.089
6336.250	-0.089
6336.405	-0.088
6336.588	-0.088
6336.743	-0.089
6336.900	-0.088
6337.083	-0.088
6337.238	-0.088
6337.422	-0.088
6337.577	-0.088
6337.733	-0.088
6337.917	-0.089
6338.072	-0.088
6338.255	-0.088
6338.410	-0.088
6338.567	-0.088
6338.750	-0.088
6338.905	-0.088
6339.088	-0.088
6339.243	-0.090
6339.427	-0.088
6339.583	-0.088
6339.738	-0.088
6339.922	-0.088
6340.077	-0.089
6340.233	-0.088
6340.417	-0.089
6340.572	-0.088
6340.755	-0.088
6340.910	-0.088
6341.067	-0.088
6341.250	-0.088
6341.405	-0.089
6341.588	-0.089
6341.743	-0.088
6341.927	-0.088
6342.083	-0.089
6342.238	-0.088
6342.422	-0.088
6342.577	-0.088
6342.760	-0.089
6342.917	-0.088
6343.072	-0.088
6343.255	-0.088
6343.410	-0.088
6343.567	-0.088
6343.750	-0.088
6343.905	-0.090
6344.088	-0.088
6344.243	-0.088
6344.427	-0.088
6344.583	-0.088
6344.738	-0.088
6344.922	-0.088
6345.077	-0.088
6345.260	-0.088
6345.417	-0.088
6345.572	-0.088
6345.755	-0.088
6345.910	-0.088
6346.093	-0.088
6346.250	-0.088
6346.405	-0.088
6346.588	-0.088
6346.743	-0.088
6346.927	-0.088
6347.083	-0.088
6347.238	-0.088
6347.422	-0.089
6347.577	-0.088
6347.760	-0.088
6347.917	-0.088
6348.072	-0.088
6348.255	-0.088
6348.410	-0.088
6348.593	-0.088
6348.750	-0.088
6348.905	-0.090
6349.088	-0.088
6349.243	-0.088
6349.427	-0.088
6349.583	-0.088
6349.738	-0.088
6349.922	-0.088
6350.077	-0.088
6350.233	-0.088
6350.417	-0.088
6350.572	-0.089
6350.755	-0.088
6350.910	-0.088
6351.093	-0.088
6351.250	-0.089
6351.405	-0.088
6351.588	-0.088
6351.743	-0.089
6351.900	-0.088
6352.083	-0.089
6352.238	-0.089
6352.422	-0.088
6352.577	-0.090
6352.760	-0.089
6352.917	-0.088
6353.072	-0.088
6353.255	-0.088
6353.410	-0.089
6353.567	-0.088
6353.750	-0.088
6353.905	-0.090
6354.088	-0.088
6354.243	-0.088
6354.427	-0.088
6354.583	-0.088
6354.738	-0.088
6354.922	-0.089
6355.077	-0.089
6355.260	-0.089
6355.417	-0.088
6355.572	-0.088
6355.755	-0.089
6355.910	-0.088
6356.093	-0.089
6356.250	-0.088
6356.405	-0.088
6356.588	-0.088
6356.743	-0.088
6356.927	-0.088
6357.083	-0.088
6357.238	-0.088
6357.422	-0.088
6357.577	-0.089
6357.733	-0.089
6357.917	-0.088
6358.072	-0.088
6358.255	-0.088
6358.410	-0.088
6358.567	-0.088
6358.750	-0.089
6358.905	-0.088
6359.088	-0.088
6359.243	-0.089
6359.427	-0.088
6359.583	-0.088
6359.738	-0.088
6359.922	-0.089
6360.077	-0.088
6360.260	-0.088
6360.417	-0.088
6360.572	-0.088
6360.755	-0.089
6360.910	-0.088
6361.093	-0.088
6361.250	-0.088
6361.405	-0.088
6361.588	-0.088
6361.743	-0.088
6361.927	-0.088
6362.083	-0.089
6362.238	-0.088
6362.422	-0.089
6362.577	-0.088
6362.760	-0.089
6362.917	-0.088
6363.072	-0.089
6363.255	-0.088
6363.410	-0.088
6363.593	-0.088
6363.750	-0.088
6363.905	-0.090
6364.088	-0.088
6364.243	-0.088
6364.427	-0.089
6364.583	-0.088
6364.738	-0.088
6364.922	-0.088
6365.077	-0.088
6365.260	-0.089
6365.417	-0.089
6365.572	-0.088
6365.755	-0.088
6365.910	-0.089
6366.093	-0.088
6366.250	-0.088
6366.405	-0.088
6366.588	-0.090
6366.743	-0.088
6366.927	-0.088
6367.083	-0.089
6367.238	-0.088
6367.422	-0.088
6367.577	-0.088
6367.760	-0.088
6367.917	-0.088
6368.072	-0.088
6368.255	-0.088
6368.410	-0.088
6368.593	-0.088
6368.750	-0.088
6368.905	-0.088
6369.088	-0.088
6369.243	-0.088
6369.427	-0.088
6369.583	-0.088
6369.738	-0.088
6369.922	-0.088
6370.077	-0.089
6370.260	-0.089
6370.417	-0.088
6370.572	-0.088
6370.755	-0.088
6370.910	-0.088
6371.067	-0.089
6371.250	-0.088
6371.405	-0.088
6371.588	-0.089
6371.743	-0.089
6371.927	-0.089
6372.083	-0.088
6372.238	-0.089
6372.422	-0.088
6372.577	-0.089
6372.760	-0.089
6372.917	-0.088
6373.072	-0.088
6373.255	-0.088
6373.410	-0.088
6373.567	-0.088
6373.750	-0.089
6373.905	-0.089
6374.088	-0.088
6374.243	-0.088
6374.427	-0.088
6374.583	-0.088
6374.738	-0.089
6374.922	-0.089
6375.077	-0.089
6375.233	-0.088
6375.417	-0.088
6375.572	-0.088
6375.755	-0.088
6375.910	-0.088
6376.067	-0.089
6376.250	-0.089
6376.405	-0.088
6376.588	-0.088
6376.743	-0.089
6376.900	-0.088
6377.083	-0.089
6377.238	-0.088
6377.422	-0.088
6377.577	-0.090
6377.733	-0.088
6377.917	-0.088
6378.072	-0.088
6378.255	-0.088
6378.410	-0.088
6378.567	-0.088
6378.750	-0.088
6378.905	-0.089
6379.088	-0.088
6379.243	-0.088
6379.427	-0.088
6379.583	-0.089
6379.738	-0.088
6379.922	-0.089
6380.077	-0.088
6380.260	-0.088
6380.417	-0.088
6380.572	-0.088
6380.755	-0.088
6380.910	-0.088
6381.067	-0.088
6381.250	-0.088
6381.405	-0.088
6381.588	-0.089
6381.743	-0.088
6381.927	-0.088
6382.083	-0.088
6382.238	-0.090
6382.422	-0.089
6382.577	-0.088
6382.760	-0.089
6382.917	-0.088
6383.072	-0.088
6383.255	-0.088
6383.410	-0.088
6383.567	-0.088
6383.750	-0.088
6383.905	-0.088
6384.088	-0.089
6384.243	-0.088
6384.427	-0.089
6384.583	-0.088
6384.738	-0.088
6384.922	-0.089
6385.077	-0.088
6385.260	-0.088
6385.417	-0.089
6385.572	-0.088
6385.755	-0.088
6385.910	-0.088
6386.067	-0.089
6386.250	-0.088
6386.405	-0.088
6386.588	-0.088
6386.743	-0.088
6386.900	-0.089
6387.083	-0.088
6387.238	-0.088
6387.422	-0.088
6387.577	-0.090
6387.733	-0.088
6387.917	-0.088
6388.072	-0.088
6388.255	-0.088
6388.410	-0.088
6388.567	-0.088
6388.750	-0.088
6388.905	-0.088
6389.088	-0.088
6389.243	-0.088
6389.400	-0.088
6389.583	-0.089
6389.738	-0.088
6389.922	-0.088
6390.077	-0.088
6390.233	-0.088
6390.417	-0.088
6390.572	-0.088
6390.755	-0.089
6390.910	-0.090
6391.093	-0.088
6391.250	-0.088
6391.405	-0.088
6391.588	-0.089
6391.743	-0.088
6391.900	-0.088
6392.083	-0.089
6392.238	-0.088
6392.422	-0.089
6392.577	-0.088
6392.733	-0.088
6392.917	-0.088
6393.072	-0.088
6393.255	-0.088
6393.410	-0.088
6393.567	-0.088
6393.750	-0.088
6393.905	-0.088
6394.088	-0.089
6394.243	-0.088
6394.400	-0.088
6394.583	-0.088
6394.738	-0.089
6394.922	-0.088
6395.077	-0.088
6395.233	-0.089
6395.417	-0.088
6395.572	-0.088
6395.755	-0.088
6395.910	-0.089
6396.067	-0.088
6396.250	-0.088
6396.405	-0.088
6396.588	-0.089
6396.743	-0.088
6396.900	-0.088
6397.083	-0.088
6397.238	-0.088
6397.422	-0.089
6397.577	-0.089
6397.733	-0.089
6397.917	-0.088
6398.072	-0.088
6398.255	-0.088
6398.410	-0.088
6398.567	-0.088
6398.750	-0.088
6398.905	-0.088
6399.088	-0.088
6399.243	-0.088
6399.400	-0.088
6399.583	-0.089
6399.738	-0.088
6399.922	-0.088
6400.077	-0.088
6400.233	-0.088
6400.417	-0.089
6400.572	-0.088
6400.755	-0.088
6400.910	-0.088
6401.067	-0.088
6401.250	-0.089
6401.405	-0.089
6401.588	-0.088
6401.743	-0.088
6401.900	-0.088
6402.083	-0.090
6402.238	-0.088
6402.422	-0.088
6402.577	-0.089
6402.733	-0.088
6402.917	-0.088
6403.072	-0.088
6403.255	-0.088
6403.410	-0.088
6403.567	-0.088
6403.750	-0.088
6403.905	-0.088
6404.088	-0.089
6404.243	-0.088
6404.400	-0.089
6404.583	-0.088
6404.738	-0.088
6404.922	-0.089
6405.077	-0.088
6405.233	-0.088
6405.417	-0.089
6405.572	-0.088
6405.755	-0.089
6405.910	-0.089
6406.067	-0.089
6406.250	-0.088
6406.405	-0.088
6406.588	-0.088
6406.743	-0.089
6406.900	-0.088
6407.083	-0.088
6407.238	-0.089
6407.422	-0.089
6407.577	-0.089
6407.733	-0.088
6407.917	-0.088
6408.072	-0.089
6408.255	-0.088
6408.410	-0.089
6408.567	-0.089
6408.750	-0.088
6408.905	-0.090
6409.088	-0.088
6409.243	-0.088
6409.400	-0.088
6409.583	-0.088
6409.738	-0.088
6409.922	-0.088
6410.077	-0.088
6410.233	-0.088
6410.417	-0.090
6410.572	-0.088
6410.755	-0.088
6410.910	-0.088
6411.067	-0.089
6411.250	-0.089
6411.405	-0.088
6411.588	-0.088
6411.743	-0.088
6411.900	-0.088
6412.083	-0.088
6412.238	-0.088
6412.422	-0.088
6412.577	-0.089
6412.733	-0.088
6412.917	-0.088
6413.072	-0.089
6413.255	-0.088
6413.410	-0.088
6413.567	-0.088
6413.750	-0.088
6413.905	-0.088
6414.088	-0.089
6414.243	-0.089
6414.400	-0.088
6414.583	-0.089
6414.738	-0.088
6414.922	-0.088
6415.077	-0.089
6415.233	-0.088
6415.417	-0.089
6415.572	-0.088
6415.755	-0.088
6415.910	-0.088
6416.067	-0.088
6416.250	-0.088
6416.405	-0.088
6416.588	-0.088
6416.743	-0.090
6416.900	-0.090
6417.083	-0.088
6417.238	-0.088
6417.422	-0.089
6417.577	-0.088
6417.733	-0.088
6417.917	-0.088
6418.072	-0.088
6418.255	-0.090
6418.410	-0.088
6418.567	-0.088
6418.750	-0.090
6418.905	-0.088
6419.088	-0.088
6419.243	-0.088
6419.400	-0.088
6419.583	-0.088
6419.738	-0.088
6419.922	-0.088
6420.077	-0.088
6420.233	-0.089
6420.417	-0.088
6420.572	-0.088
6420.755	-0.088
6420.910	-0.088
6421.067	-0.089
6421.250	-0.088
6421.405	-0.088
6421.588	-0.088
6421.743	-0.088
6421.900	-0.088
6422.083	-0.089
6422.238	-0.090
6422.422	-0.089
6422.577	-0.089
6422.733	-0.088
6422.917	-0.088
6423.072	-0.088
6423.255	-0.088
6423.410	-0.089
6423.567	-0.088
6423.750	-0.088
6423.905	-0.088
6424.088	-0.088
6424.243	-0.088
6424.400	-0.088
6424.583	-0.088
6424.738	-0.089
6424.922	-0.088
6425.077	-0.088
6425.233	-0.088
6425.417	-0.088
6425.572	-0.088
6425.755	-0.088
6425.910	-0.088
6426.067	-0.088
6426.250	-0.088
6426.405	-0.088
6426.588	-0.088
6426.743	-0.088
6426.900	-0.088
6427.083	-0.088
6427.238	-0.088
6427.422	-0.088
6427.577	-0.088
6427.733	-0.088
6427.917	-0.088
6428.072	-0.089
6428.255	-0.088
6428.410	-0.089
6428.567	-0.088
6428.750	-0.088
6428.905	-0.088
6429.088	-0.089
6429.243	-0.089
6429.400	-0.088
6429.583	-0.088
6429.738	-0.089
6429.922	-0.088
6430.077	-0.088
6430.233	-0.088
6430.417	-0.089
6430.572	-0.088
6430.755	-0.088
6430.910	-0.088
6431.067	-0.088
6431.250	-0.088
6431.405	-0.088
6431.588	-0.088
6431.743	-0.088
6431.900	-0.088
6432.083	-0.088
6432.238	-0.088
6432.422	-0.088
6432.577	-0.088
6432.733	-0.088
6432.917	-0.088
6433.072	-0.089
6433.255	-0.088
6433.410	-0.088
6433.567	-0.088
6433.750	-0.088
6433.905	-0.088
6434.088	-0.088
6434.243	-0.089
6434.400	-0.088
6434.583	-0.088
6434.738	-0.089
6434.922	-0.088
6435.077	-0.088
6435.233	-0.088
6435.417	-0.089
6435.572	-0.088
6435.755	-0.088
6435.910	-0.088
6436.067	-0.088
6436.250	-0.089
6436.405	-0.088
6436.588	-0.089
6436.743	-0.088
6436.900	-0.088
6437.083	-0.088
6437.238	-0.088
6437.422	-0.089
6437.577	-0.088
6437.733	-0.088
6437.917	-0.088
6438.072	-0.089
6438.255	-0.088
6438.410	-0.088
6438.567	-0.088
6438.750	-0.088
6438.905	-0.088
6439.088	-0.088
6439.243	-0.088
6439.400	-0.088
6439.583	-0.088
6439.738	-0.088
6439.922	-0.088
6440.077	-0.088
6440.233	-0.088
6440.417	-0.088
6440.572	-0.088
6440.755	-0.088
6440.910	-0.088
6441.067	-0.088
6441.250	-0.088
6441.405	-0.088
6441.588	-0.089
6441.743	-0.090
6441.900	-0.088
6442.083	-0.088
6442.238	-0.088
6442.422	-0.088
6442.577	-0.088
6442.733	-0.088
6442.917	-0.088
6443.072	-0.088
6443.255	-0.088
6443.410	-0.088
6443.567	-0.088
6443.750	-0.088
6443.905	-0.088
6444.088	-0.088
6444.243	-0.089
6444.400	-0.088
6444.583	-0.088
6444.738	-0.088
6444.922	-0.088
6445.077	-0.088
6445.233	-0.088
6445.417	-0.088
6445.572	-0.088
6445.755	-0.088
6445.910	-0.088
6446.067	-0.088
6446.250	-0.088
6446.405	-0.088
6446.588	-0.088
6446.743	-0.088
6446.900	-0.089
6447.083	-0.088
6447.238	-0.088
6447.422	-0.088
6447.577	-0.088
6447.733	-0.088
6447.917	-0.088
6448.072	-0.088
6448.255	-0.088
6448.410	-0.088
6448.567	-0.088
6448.750	-0.088
6448.905	-0.089
6449.088	-0.088
6449.243	-0.088
6449.400	-0.088
6449.583	-0.088
6449.738	-0.088
6449.922	-0.088
6450.077	-0.088
6450.233	-0.088
6450.417	-0.088
6450.572	-0.088
6450.755	-0.088
6450.910	-0.088
6451.067	-0.088
6451.250	-0.088
6451.405	-0.088
6451.588	-0.088
6451.743	-0.088
6451.900	-0.088
6452.083	-0.088
6452.238	-0.089
6452.422	-0.088
6452.577	-0.088
6452.733	-0.088
6452.917	-0.088
6453.072	-0.088
6453.255	-0.088
6453.410	-0.088
6453.567	-0.088
6453.750	-0.088
6453.905	-0.088
6454.088	-0.088
6454.243	-0.088
6454.400	-0.088
6454.583	-0.088
6454.738	-0.088
6454.922	-0.088
6455.077	-0.087
6455.233	-0.086
6455.417	-0.084
6455.572	-0.083
6455.755	-0.083
6455.910	-0.083
6456.067	-0.083
6456.250	-0.080
6456.405	-0.080
6456.588	-0.078
6456.743	-0.078
6456.900	-0.078
6457.083	-0.078
6457.238	-0.077
6457.422	-0.073
6457.577	-0.073
6457.733	-0.072
6457.917	-0.068
6458.072	-0.068
6458.255	-0.065
6458.410	-0.063
6458.567	-0.060
6458.750	-0.057
6458.905	-0.053
6459.088	-0.048
6459.243	-0.046
6459.400	-0.043
6459.583	-0.042
6459.738	-0.037
6459.922	-0.034
6460.077	-0.032
6460.233	-0.027
6460.417	-0.026
6460.572	-0.022
6460.755	-0.021
6460.910	-0.017
6461.067	-0.015
6461.250	-0.013
6461.405	-0.010
6461.588	-0.006
6461.743	-0.002
6461.900	-0.002
6462.083	0.001
6462.238	0.002
6462.422	0.003
6462.577	0.005
6462.733	0.008
6462.917	0.009
6463.072	0.014
6463.255	0.014
6463.410	0.016
6463.567	0.019
6463.750	0.019
6463.905	0.019
6464.088	0.023
6464.243	0.024
6464.400	0.024
6464.583	0.024
6464.738	0.025
6464.922	0.027
6465.077	0.029
6465.233	0.029
6465.417	0.029
6465.572	0.029
6465.755	0.029
6465.910	0.028
6466.067	0.029
6466.250	0.029
6466.405	0.027
6466.588	0.025
6466.743	0.025
6466.900	0.024
6467.083	0.024
6467.238	0.024
6467.422	0.022
6467.577	0.019
6467.733	0.016
6467.917	0.014
6468.072	0.012
6468.255	0.008
6468.410	0.007
6468.567	0.006
6468.750	0.003
6468.905	0.002
6469.088	-0.001
6469.243	-0.002
6469.400	-0.005
6469.583	-0.007
6469.738	-0.011
6469.922	-0.015
6470.077	-0.018
6470.233	-0.022
6470.417	-0.026
6470.572	-0.031
6470.729	-0.035
6470.910	-0.037
6471.067	-0.037
6471.250	-0.037
6471.405	-0.039
6471.588	-0.041
6471.743	-0.046
6471.900	-0.048
6472.083	-0.053
6472.238	-0.054
6472.422	-0.058
6472.577	-0.058
6472.733	-0.058
6472.917	-0.063
6473.072	-0.064
6473.255	-0.068
6473.410	-0.068
6473.567	-0.068
6473.750	-0.070
6473.905	-0.070
6474.088	-0.072
6474.243	-0.073
6474.400	-0.073
6474.583	-0.078
6474.738	-0.078
6474.922	-0.078
6475.077	-0.078
6475.233	-0.080
6475.417	-0.083
6475.572	-0.083
6475.755	-0.083
6475.910	-0.083
6476.067	-0.083
6476.250	-0.083
6476.405	-0.083
6476.562	-0.088
6476.743	-0.087
6476.900	-0.088
6477.083	-0.088
6477.238	-0.088
6477.422	-0.088
6477.577	-0.088
6477.733	-0.088
6477.917	-0.088
6478.072	-0.088
6478.255	-0.088
6478.410	-0.088
6478.567	-0.088
6478.750	-0.088
6478.905	-0.088
6479.088	-0.088
6479.243	-0.088
6479.400	-0.088
6479.583	-0.088
6479.738	-0.088
6479.922	-0.088
6480.077	-0.088
6480.233	-0.088
6480.417	-0.088
6480.572	-0.088
6480.755	-0.088
6480.910	-0.088
6481.067	-0.088
6481.250	-0.088
6481.405	-0.088
6481.562	-0.088
6481.743	-0.088
6481.900	-0.088
6482.083	-0.088
6482.238	-0.088
6482.395	-0.088
6482.577	-0.088
6482.733	-0.088
6482.917	-0.088
6483.072	-0.088
6483.229	-0.088
6483.410	-0.088
6483.567	-0.088
6483.750	-0.088
6483.905	-0.088
6484.062	-0.088
6484.243	-0.088
6484.400	-0.088
6484.583	-0.088
6484.738	-0.088
6484.895	-0.088
6485.077	-0.088
6485.233	-0.088
6485.417	-0.088
6485.572	-0.088
6485.729	-0.088
6485.910	-0.088
6486.067	-0.088
6486.250	-0.088
6486.405	-0.088
6486.562	-0.088
6486.743	-0.088
6486.900	-0.088
6487.083	-0.088
6487.238	-0.088
6487.395	-0.088
6487.577	-0.088
6487.733	-0.088
6487.917	-0.088
6488.072	-0.088
6488.229	-0.088
6488.410	-0.089
6488.567	-0.088
6488.750	-0.088
6488.905	-0.088
6489.062	-0.088
6489.243	-0.088
6489.400	-0.088
6489.583	-0.088
6489.738	-0.088
6489.895	-0.088
6490.077	-0.088
6490.233	-0.088
6490.417	-0.088
6490.572	-0.089
6490.729	-0.088
6490.910	-0.088
6491.067	-0.088
6491.250	-0.088
6491.405	-0.088
6491.562	-0.088
6491.743	-0.088
6491.900	-0.088
6492.083	-0.088
6492.238	-0.088
6492.395	-0.088
6492.577	-0.088
6492.733	-0.088
6492.917	-0.088
6493.072	-0.088
6493.229	-0.088
6493.410	-0.088
6493.567	-0.088
6493.750	-0.088
6493.905	-0.089
6494.062	-0.088
6494.243	-0.088
6494.400	-0.088
6494.583	-0.089
6494.738	-0.088
6494.895	-0.088
6495.077	-0.089
6495.233	-0.088
6495.417	-0.088
6495.572	-0.088
6495.729	-0.088
6495.910	-0.088
6496.067	-0.088
6496.250	-0.088
6496.405	-0.088
6496.562	-0.088
6496.743	-0.088
6496.900	-0.088
6497.083	-0.088
6497.238	-0.089
6497.395	-0.088
6497.577	-0.088
6497.733	-0.088
6497.917	-0.088
6498.072	-0.088
6498.229	-0.088
6498.410	-0.088
6498.567	-0.088
6498.750	-0.089
6498.905	-0.088
6499.062	-0.089
6499.243	-0.088
6499.400	-0.088
6499.583	-0.088
6499.738	-0.088
6499.895	-0.088
6500.077	-0.089
6500.233	-0.088
6500.417	-0.088
6500.572	-0.088
6500.729	-0.088
6500.910	-0.089
6501.067	-0.088
6501.250	-0.088
6501.405	-0.089
6501.562	-0.088
6501.743	-0.088
6501.900	-0.088
6502.083	-0.088
6502.238	-0.088
6502.395	-0.088
6502.577	-0.089
6502.733	-0.088
6502.917	-0.088
6503.072	-0.088
6503.229	-0.088
6503.410	-0.088
6503.567	-0.088
6503.750	-0.088
6503.905	-0.088
6504.062	-0.088
6504.243	-0.088
6504.400	-0.089
6504.583	-0.088
6504.738	-0.088
6504.895	-0.088
6505.077	-0.089
6505.233	-0.088
6505.417	-0.088
6505.572	-0.088
6505.729	-0.088
6505.910	-0.088
6506.067	-0.088
6506.250	-0.088
6506.405	-0.088
6506.562	-0.088
6506.743	-0.089
6506.900	-0.088
6507.083	-0.088
6507.238	-0.088
6507.395	-0.088
6507.577	-0.088
6507.733	-0.088
6507.917	-0.088
6508.072	-0.088
6508.229	-0.088
6508.410	-0.088
6508.567	-0.088
6508.750	-0.089
6508.905	-0.088
6509.062	-0.088
6509.243	-0.088
6509.400	-0.088
6509.583	-0.088
6509.738	-0.088
6509.895	-0.089
6510.077	-0.088
6510.233	-0.088
6510.417	-0.088
6510.572	-0.089
6510.729	-0.088
6510.910	-0.088
6511.067	-0.088
6511.250	-0.088
6511.405	-0.088
6511.562	-0.088
6511.743	-0.088
6511.900	-0.088
6512.083	-0.088
6512.238	-0.089
6512.395	-0.088
6512.577	-0.088
6512.733	-0.088
6512.917	-0.088
6513.072	-0.089
6513.229	-0.088
6513.410	-0.088
6513.567	-0.088
6513.750	-0.089
6513.905	-0.088
6514.062	-0.088
6514.243	-0.089
6514.400	-0.088
6514.583	-0.088
6514.738	-0.088
6514.895	-0.088
6515.077	-0.088
6515.233	-0.089
6515.417	-0.088
6515.572	-0.088
6515.729	-0.088
6515.910	-0.089
6516.067	-0.088
6516.250	-0.088
6516.405	-0.088
6516.562	-0.088
6516.743	-0.088
6516.900	-0.088
6517.083	-0.089
6517.238	-0.088
6517.395	-0.088
6517.577	-0.089
6517.733	-0.088
6517.917	-0.088
6518.072	-0.088
6518.229	-0.088
6518.410	-0.088
6518.567	-0.088
6518.750	-0.088
6518.905	-0.088
6519.062	-0.088
6519.243	-0.089
6519.400	-0.088
6519.583	-0.088
6519.738	-0.088
6519.895	-0.088
6520.077	-0.088
6520.233	-0.088
6520.417	-0.088
6520.572	-0.088
6520.729	-0.088
6520.910	-0.088
6521.067	-0.088
6521.250	-0.088
6521.405	-0.088
6521.562	-0.088
6521.743	-0.088
6521.900	-0.089
6522.083	-0.088
6522.238	-0.088
6522.395	-0.088
6522.577	-0.089
6522.733	-0.088
6522.917	-0.088
6523.072	-0.089
6523.229	-0.088
6523.410	-0.088
6523.567	-0.088
6523.750	-0.088
6523.905	-0.088
6524.062	-0.088
6524.243	-0.088
6524.400	-0.088
6524.583	-0.088
6524.738	-0.088
6524.895	-0.089
6525.077	-0.088
6525.233	-0.088
6525.417	-0.088
6525.572	-0.089
6525.729	-0.089
6525.910	-0.088
6526.067	-0.088
6526.250	-0.088
6526.405	-0.088
6526.562	-0.088
6526.743	-0.088
6526.900	-0.090
6527.083	-0.088
6527.238	-0.088
6527.395	-0.088
6527.577	-0.088
6527.733	-0.088
6527.917	-0.088
6528.072	-0.088
6528.229	-0.088
6528.410	-0.089
6528.567	-0.089
6528.750	-0.088
6528.905	-0.088
6529.062	-0.088
6529.243	-0.088
6529.400	-0.088
6529.583	-0.088
6529.738	-0.088
6529.895	-0.088
6530.077	-0.088
6530.233	-0.088
6530.417	-0.088
6530.572	-0.089
6530.729	-0.088
6530.910	-0.089
6531.067	-0.088
6531.250	-0.088
6531.405	-0.088
6531.562	-0.088
6531.743	-0.089
6531.900	-0.088
6532.083	-0.088
6532.238	-0.088
6532.395	-0.088
6532.577	-0.088
6532.733	-0.088
6532.917	-0.088
6533.072	-0.089
6533.229	-0.089
6533.410	-0.088
6533.567	-0.088
6533.750	-0.088
6533.905	-0.088
6534.062	-0.089
6534.243	-0.088
6534.400	-0.088
6534.583	-0.088
6534.738	-0.090
6534.895	-0.088
6535.077	-0.088
6535.233	-0.088
6535.417	-0.088
6535.572	-0.088
6535.729	-0.088
6535.910	-0.088
6536.067	-0.088
6536.250	-0.088
6536.405	-0.090
6536.562	-0.088
6536.743	-0.088
6536.900	-0.088
6537.083	-0.088
6537.238	-0.088
6537.395	-0.088
6537.577	-0.088
6537.733	-0.088
6537.917	-0.088
6538.072	-0.088
6538.229	-0.088
6538.410	-0.088
6538.567	-0.089
6538.750	-0.088
6538.905	-0.088
6539.062	-0.088
6539.243	-0.088
6539.400	-0.088
6539.583	-0.088
6539.738	-0.089
6539.895	-0.088
6540.077	-0.088
6540.233	-0.088
6540.417	-0.088
6540.572	-0.088
6540.729	-0.088
6540.910	-0.088
6541.067	-0.088
6541.250	-0.089
6541.405	-0.089
6541.562	-0.088
6541.743	-0.089
6541.900	-0.088
6542.083	-0.088
6542.238	-0.088
6542.395	-0.088
6542.577	-0.089
6542.733	-0.088
6542.917	-0.088
6543.072	-0.089
6543.229	-0.088
6543.410	-0.090
6543.567	-0.089
6543.750	-0.089
6543.905	-0.089
6544.062	-0.088
6544.243	-0.089
6544.400	-0.088
6544.583	-0.089
6544.738	-0.089
6544.895	-0.088
6545.077	-0.089
6545.233	-0.089
6545.417	-0.088
6545.572	-0.088
6545.729	-0.089
6545.910	-0.089
6546.067	-0.088
6546.250	-0.088
6546.405	-0.088
6546.562	-0.088
6546.743	-0.088
6546.900	-0.088
6547.083	-0.089
6547.238	-0.088
6547.395	-0.088
6547.577	-0.088
6547.733	-0.089
6547.917	-0.088
6548.072	-0.088
6548.229	-0.088
6548.410	-0.089
6548.567	-0.088
6548.750	-0.088
6548.905	-0.088
6549.062	-0.088
6549.243	-0.089
6549.400	-0.088
6549.583	-0.089
6549.738	-0.089
6549.895	-0.089
6550.077	-0.088
6550.233	-0.088
6550.417	-0.088
6550.572	-0.088
6550.729	-0.089
6550.910	-0.088
6551.067	-0.089
6551.250	-0.088
6551.405	-0.088
6551.562	-0.088
6551.743	-0.088
6551.900	-0.088
6552.083	-0.088
6552.238	-0.088
6552.395	-0.090
6552.577	-0.089
6552.733	-0.088
6552.917	-0.088
6553.072	-0.089
6553.229	-0.088
6553.410	-0.088
6553.567	-0.089
6553.750	-0.088
6553.905	-0.088
6554.062	-0.088
6554.243	-0.088
6554.400	-0.089
6554.583	-0.088
6554.738	-0.088
6554.895	-0.090
6555.077	-0.088
6555.233	-0.088
6555.417	-0.088
6555.572	-0.088
6555.729	-0.088
6555.910	-0.088
6556.067	-0.088
6556.250	-0.088
6556.405	-0.088
6556.562	-0.088
6556.743	-0.088
6556.900	-0.088
6557.083	-0.088
6557.238	-0.089
6557.395	-0.089
6557.577	-0.088
6557.733	-0.088
6557.917	-0.088
6558.072	-0.088
6558.229	-0.088
6558.410	-0.088
6558.567	-0.088
6558.750	-0.088
6558.905	-0.089
6559.062	-0.088
6559.243	-0.088
6559.400	-0.088
6559.583	-0.088
6559.738	-0.090
6559.895	-0.088
6560.077	-0.089
6560.233	-0.088
6560.417	-0.088
6560.572	-0.088
6560.729	-0.088
6560.910	-0.088
6561.067	-0.088
6561.250	-0.088
6561.405	-0.089
6561.562	-0.088
6561.743	-0.088
6561.900	-0.088
6562.083	-0.088
6562.238	-0.088
6562.395	-0.089
6562.577	-0.089
6562.733	-0.088
6562.917	-0.089
6563.072	-0.089
6563.229	-0.088
6563.410	-0.088
6563.567	-0.088
6563.750	-0.088
6563.905	-0.088
6564.062	-0.090
6564.243	-0.088
6564.400	-0.088
6564.583	-0.089
6564.738	-0.088
6564.895	-0.088
6565.077	-0.088
6565.233	-0.088
6565.417	-0.088
6565.572	-0.089
6565.729	-0.088
6565.910	-0.088
6566.067	-0.088
6566.250	-0.088
6566.405	-0.089
6566.562	-0.088
6566.743	-0.088
6566.900	-0.089
6567.083	-0.088
6567.238	-0.088
6567.395	-0.088
6567.577	-0.088
6567.733	-0.088
6567.917	-0.088
6568.072	-0.088
6568.229	-0.088
6568.410	-0.088
6568.567	-0.088
6568.750	-0.088
6568.905	-0.088
6569.062	-0.088
6569.243	-0.088
6569.400	-0.088
6569.583	-0.088
6569.738	-0.089
6569.895	-0.089
6570.077	-0.088
6570.233	-0.089
6570.417	-0.088
6570.572	-0.088
6570.729	-0.088
6570.910	-0.088
6571.067	-0.088
6571.250	-0.088
6571.405	-0.088
6571.562	-0.088
6571.743	-0.088
6571.900	-0.088
6572.083	-0.088
6572.238	-0.088
6572.395	-0.089
6572.577	-0.088
6572.733	-0.088
6572.917	-0.088
6573.072	-0.088
6573.229	-0.088
6573.410	-0.088
6573.567	-0.088
6573.750	-0.088
6573.905	-0.089
6574.062	-0.088
6574.243	-0.088
6574.400	-0.088
6574.583	-0.089
6574.738	-0.089
6574.895	-0.088
6575.077	-0.088
6575.233	-0.088
6575.417	-0.088
6575.572	-0.089
6575.729	-0.088
6575.910	-0.088
6576.067	-0.088
6576.250	-0.088
6576.405	-0.088
6576.562	-0.088
6576.743	-0.089
6576.900	-0.088
6577.083	-0.089
6577.238	-0.088
6577.395	-0.088
6577.577	-0.089
6577.733	-0.088
6577.917	-0.088
6578.072	-0.088
6578.229	-0.088
6578.410	-0.089
6578.567	-0.088
6578.750	-0.088
6578.905	-0.088
6579.062	-0.088
6579.243	-0.088
6579.400	-0.088
6579.583	-0.088
6579.738	-0.088
6579.895	-0.088
6580.077	-0.089
6580.233	-0.089
6580.417	-0.088
6580.572	-0.088
6580.729	-0.089
6580.910	-0.088
6581.067	-0.088
6581.250	-0.088
6581.405	-0.088
6581.562	-0.088
6581.743	-0.088
6581.900	-0.088
6582.083	-0.088
6582.238	-0.089
6582.395	-0.088
6582.577	-0.088
6582.733	-0.088
6582.917	-0.088
6583.072	-0.089
6583.229	-0.088
6583.410	-0.088
6583.567	-0.088
6583.750	-0.088
6583.905	-0.089
6584.062	-0.088
6584.243	-0.088
6584.400	-0.089
6584.583	-0.089
6584.738	-0.088
6584.895	-0.089
6585.077	-0.088
6585.233	-0.088
6585.417	-0.088
6585.572	-0.088
6585.729	-0.088
6585.910	-0.089
6586.067	-0.088
6586.250	-0.089
6586.405	-0.088
6586.562	-0.089
6586.743	-0.088
6586.900	-0.088
6587.083	-0.088
6587.238	-0.090
6587.395	-0.089
6587.577	-0.088
6587.733	-0.088
6587.917	-0.088
6588.072	-0.089
6588.229	-0.088
6588.410	-0.088
6588.567	-0.088
6588.750	-0.089
6588.905	-0.090
6589.062	-0.089
6589.243	-0.088
6589.400	-0.089
6589.583	-0.088
6589.738	-0.089
6589.895	-0.088
6590.077	-0.089
6590.233	-0.088
6590.417	-0.088
6590.572	-0.088
6590.729	-0.089
6590.910	-0.088
6591.067	-0.088
6591.250	-0.088
6591.405	-0.088
6591.562	-0.089
6591.743	-0.088
6591.900	-0.089
6592.083	-0.089
6592.238	-0.089
6592.395	-0.088
6592.577	-0.088
6592.733	-0.088
6592.917	-0.088
6593.072	-0.088
6593.229	-0.088
6593.410	-0.089
6593.567	-0.088
6593.750	-0.090
6593.905	-0.088
6594.062	-0.088
6594.243	-0.088
6594.400	-0.089
6594.583	-0.089
6594.738	-0.089
6594.895	-0.089
6595.077	-0.088
6595.233	-0.089
6595.417	-0.088
6595.572	-0.088
6595.729	-0.089
6595.910	-0.088
6596.067	-0.088
6596.250	-0.088
6596.405	-0.088
6596.562	-0.088
6596.743	-0.088
6596.900	-0.088
6597.083	-0.088
6597.238	-0.088
6597.395	-0.088
6597.577	-0.088
6597.733	-0.088
6597.917	-0.088
6598.072	-0.090
6598.229	-0.089
6598.410	-0.088
6598.567	-0.088
6598.750	-0.088
6598.905	-0.089
6599.062	-0.089
6599.243	-0.088
6599.400	-0.090
6599.583	-0.088
6599.738	-0.088
6599.895	-0.088
6600.077	-0.088
6600.233	-0.088
6600.417	-0.088
6600.572	-0.088
6600.729	-0.088
6600.910	-0.088
6601.067	-0.088
6601.250	-0.089
6601.405	-0.088
6601.562	-0.088
6601.743	-0.088
6601.900	-0.088
6602.083	-0.089
6602.238	-0.088
6602.395	-0.088
6602.577	-0.089
6602.733	-0.088
6602.917	-0.088
6603.072	-0.089
6603.229	-0.088
6603.410	-0.088
6603.567	-0.088
6603.723	-0.088
6603.905	-0.089
6604.062	-0.088
6604.243	-0.088
6604.400	-0.088
6604.583	-0.088
6604.738	-0.088
6604.895	-0.089
6605.077	-0.089
6605.233	-0.088
6605.390	-0.088
6605.572	-0.089
6605.729	-0.088
6605.910	-0.088
6606.067	-0.088
6606.223	-0.088
6606.405	-0.088
6606.562	-0.088
6606.743	-0.088
6606.900	-0.088
6607.057	-0.088
6607.238	-0.088
6607.395	-0.088
6607.577	-0.088
6607.733	-0.088
6607.890	-0.088
6608.072	-0.088
6608.229	-0.089
6608.410	-0.088
6608.567	-0.088
6608.723	-0.088
6608.905	-0.088
6609.062	-0.089
6609.243	-0.088
6609.400	-0.089
6609.557	-0.088
6609.738	-0.088
6609.895	-0.089
6610.077	-0.089
6610.233	-0.089
6610.390	-0.089
6610.572	-0.088
6610.729	-0.088
6610.910	-0.088
6611.067	-0.089
6611.223	-0.088
6611.405	-0.088
6611.562	-0.088
6611.743	-0.089
6611.900	-0.089
6612.057	-0.089
6612.238	-0.088
6612.395	-0.088
6612.577	-0.088
6612.733	-0.088
6612.890	-0.089
6613.072	-0.088
6613.229	-0.088
6613.410	-0.089
6613.567	-0.088
6613.723	-0.088
6613.905	-0.088
6614.062	-0.089
6614.243	-0.088
6614.400	-0.089
6614.557	-0.088
6614.738	-0.088
6614.895	-0.088
6615.077	-0.088
6615.233	-0.089
6615.390	-0.088
6615.572	-0.088
6615.729	-0.088
6615.910	-0.090
6616.067	-0.088
6616.223	-0.088
6616.405	-0.088
6616.562	-0.089
6616.743	-0.088
6616.900	-0.088
6617.057	-0.088
6617.238	-0.088
6617.395	-0.088
6617.577	-0.088
6617.733	-0.088
6617.890	-0.088
6618.072	-0.088
6618.229	-0.088
6618.410	-0.088
6618.567	-0.088
6618.723	-0.089
6618.905	-0.088
6619.062	-0.088
6619.243	-0.088
6619.400	-0.088
6619.557	-0.088
6619.738	-0.089
6619.895	-0.088
6620.077	-0.088
6620.233	-0.088
6620.390	-0.088
6620.572	-0.089
6620.729	-0.088
6620.910	-0.090
6621.067	-0.089
6621.223	-0.088
6621.405	-0.088
6621.562	-0.088
6621.743	-0.088
6621.900	-0.088
6622.057	-0.088
6622.238	-0.088
6622.395	-0.088
6622.577	-0.088
6622.733	-0.088
6622.890	-0.089
6623.072	-0.088
6623.229	-0.089
6623.410	-0.088
6623.567	-0.089
6623.723	-0.089
6623.905	-0.088
6624.062	-0.088
6624.243	-0.088
6624.400	-0.089
6624.557	-0.088
6624.738	-0.088
6624.895	-0.088
6625.077	-0.088
6625.233	-0.088
6625.390	-0.088
6625.572	-0.088
6625.729	-0.088
6625.910	-0.088
6626.067	-0.089
6626.223	-0.089
6626.405	-0.088
6626.562	-0.090
6626.743	-0.088
6626.900	-0.089
6627.057	-0.089
6627.238	-0.090
6627.395	-0.089
6627.577	-0.088
6627.733	-0.089
6627.890	-0.088
6628.072	-0.088
6628.229	-0.088
6628.410	-0.088
6628.567	-0.088
6628.723	-0.088
6628.905	-0.088
6629.062	-0.088
6629.243	-0.088
6629.400	-0.088
6629.557	-0.088
6629.738	-0.088
6629.895	-0.089
6630.077	-0.088
6630.233	-0.089
6630.390	-0.088
6630.572	-0.088
6630.729	-0.088
6630.910	-0.088
6631.067	-0.088
6631.223	-0.089
6631.405	-0.089
6631.562	-0.088
6631.743	-0.088
6631.900	-0.089
6632.057	-0.088
6632.238	-0.089
6632.395	-0.088
6632.577	-0.089
6632.733	-0.088
6632.890	-0.089
6633.072	-0.090
6633.229	-0.088
6633.410	-0.088
6633.567	-0.088
6633.723	-0.088
6633.905	-0.088
6634.062	-0.088
6634.243	-0.088
6634.400	-0.088
6634.557	-0.089
6634.738	-0.088
6634.895	-0.088
6635.077	-0.088
6635.233	-0.088
6635.390	-0.088
6635.572	-0.088
6635.729	-0.089
6635.910	-0.088
6636.067	-0.088
6636.223	-0.088
6636.405	-0.088
6636.562	-0.088
6636.743	-0.088
6636.900	-0.089
6637.057	-0.089
6637.238	-0.088
6637.395	-0.089
6637.577	-0.088
6637.733	-0.088
6637.890	-0.088
6638.072	-0.088
6638.229	-0.088
6638.410	-0.088
6638.567	-0.088
6638.723	-0.088
6638.905	-0.089
6639.062	-0.088
6639.243	-0.088
6639.400	-0.088
6639.557	-0.088
6639.738	-0.088
6639.895	-0.088
6640.077	-0.088
6640.233	-0.088
6640.390	-0.088
6640.572	-0.088
6640.729	-0.089
6640.910	-0.088
6641.067	-0.088
6641.223	-0.088
6641.405	-0.088
6641.562	-0.090
6641.743	-0.088
6641.900	-0.088
6642.057	-0.089
6642.238	-0.088
6642.395	-0.089
6642.577	-0.088
6642.733	-0.088
6642.890	-0.088
6643.072	-0.089
6643.229	-0.088
6643.410	-0.088
6643.567	-0.089
6643.723	-0.088
6643.905	-0.090
6644.062	-0.088
6644.243	-0.088
6644.400	-0.089
6644.557	-0.088
6644.738	-0.089
6644.895	-0.088
6645.077	-0.088
6645.233	-0.089
6645.390	-0.088
6645.572	-0.088
6645.729	-0.088
6645.910	-0.088
6646.067	-0.088
6646.223	-0.089
6646.405	-0.088
6646.562	-0.088
6646.743	-0.088
6646.900	-0.088
6647.057	-0.088
6647.238	-0.088
6647.395	-0.088
6647.577	-0.088
6647.733	-0.088
6647.890	-0.088
6648.072	-0.088
6648.229	-0.089
6648.410	-0.088
6648.567	-0.088
6648.723	-0.088
6648.905	-0.088
6649.062	-0.089
6649.243	-0.088
6649.400	-0.088
6649.557	-0.088
6649.738	-0.088
6649.895	-0.089
6650.077	-0.088
6650.233	-0.088
6650.390	-0.088
6650.572	-0.088
6650.729	-0.088
6650.910	-0.089
6651.067	-0.088
6651.223	-0.088
6651.405	-0.088
6651.562	-0.088
6651.743	-0.088
6651.900	-0.088
6652.057	-0.088
6652.238	-0.088
6652.395	-0.088
6652.577	-0.088
6652.733	-0.089
6652.890	-0.088
6653.072	-0.088
6653.229	-0.088
6653.410	-0.088
6653.567	-0.088
6653.723	-0.088
6653.905	-0.088
6654.062	-0.088
6654.243	-0.088
6654.400	-0.088
6654.557	-0.088
6654.738	-0.088
6654.895	-0.089
6655.077	-0.088
6655.233	-0.089
6655.390	-0.090
6655.572	-0.089
6655.729	-0.088
6655.910	-0.089
6656.067	-0.088
6656.223	-0.088
6656.405	-0.088
6656.562	-0.088
6656.743	-0.088
6656.900	-0.089
6657.057	-0.088
6657.238	-0.088
6657.395	-0.088
6657.577	-0.089
6657.733	-0.088
6657.890	-0.088
6658.072	-0.089
6658.229	-0.088
6658.410	-0.089
6658.567	-0.088
6658.723	-0.088
6658.905	-0.088
6659.062	-0.088
6659.243	-0.088
6659.400	-0.089
6659.557	-0.089
6659.738	-0.088
6659.895	-0.088
6660.077	-0.088
6660.233	-0.088
6660.390	-0.088
6660.572	-0.088
6660.729	-0.088
6660.910	-0.089
6661.067	-0.089
6661.223	-0.088
6661.405	-0.088
6661.562	-0.089
6661.743	-0.089
6661.900	-0.090
6662.057	-0.089
6662.238	-0.088
6662.395	-0.088
6662.577	-0.088
6662.733	-0.089
6662.890	-0.088
6663.072	-0.088
6663.229	-0.088
6663.410	-0.088
6663.567	-0.088
6663.723	-0.088
6663.905	-0.089
6664.062	-0.088
6664.243	-0.088
6664.400	-0.088
6664.557	-0.088
6664.738	-0.088
6664.895	-0.088
6665.077	-0.089
6665.233	-0.088
6665.390	-0.088
6665.572	-0.088
6665.729	-0.088
6665.910	-0.088
6666.067	-0.088
6666.223	-0.089
6666.405	-0.088
6666.562	-0.088
6666.743	-0.090
6666.900	-0.088
6667.057	-0.089
6667.238	-0.088
6667.395	-0.088
6667.577	-0.088
6667.733	-0.088
6667.890	-0.089
6668.072	-0.088
6668.229	-0.088
6668.410	-0.088
6668.567	-0.088
6668.723	-0.088
6668.905	-0.088
6669.062	-0.088
6669.243	-0.088
6669.400	-0.089
6669.557	-0.088
6669.738	-0.090
6669.895	-0.089
6670.052	-0.089
6670.233	-0.088
6670.390	-0.089
6670.572	-0.088
6670.729	-0.088
6670.885	-0.088
6671.067	-0.089
6671.223	-0.089
6671.405	-0.088
6671.562	-0.089
6671.718	-0.089
6671.900	-0.088
6672.057	-0.088
6672.238	-0.089
6672.395	-0.088
6672.552	-0.088
6672.733	-0.088
6672.890	-0.088
6673.072	-0.088
6673.229	-0.089
6673.385	-0.089
6673.567	-0.088
6673.723	-0.090
6673.905	-0.088
6674.062	-0.088
6674.218	-0.088
6674.400	-0.088
6674.557	-0.088
6674.738	-0.088
6674.895	-0.088
6675.052	-0.089
6675.233	-0.088
6675.390	-0.088
6675.547	-0.088
6675.729	-0.088
6675.885	-0.088
6676.067	-0.088
6676.223	-0.089
6676.405	-0.088
6676.562	-0.089
6676.718	-0.088
6676.900	-0.088
6677.057	-0.089
6677.238	-0.088
6677.395	-0.088
6677.552	-0.088
6677.733	-0.089
6677.890	-0.088
6678.072	-0.088
6678.229	-0.088
6678.385	-0.088
6678.567	-0.088
6678.723	-0.088
6678.905	-0.088
6679.062	-0.088
6679.218	-0.088
6679.400	-0.088
6679.557	-0.088
6679.738	-0.088
6679.895	-0.088
6680.052	-0.088
6680.233	-0.088
6680.390	-0.088
6680.572	-0.088
6680.729	-0.088
6680.885	-0.088
6681.067	-0.088
6681.223	-0.088
6681.405	-0.088
6681.562	-0.088
6681.718	-0.088
6681.900	-0.088
6682.057	-0.088
6682.238	-0.088
6682.395	-0.088
6682.552	-0.089
6682.733	-0.088
6682.890	-0.088
6683.072	-0.088
6683.229	-0.088
6683.385	-0.088
6683.567	-0.088
6683.723	-0.088
6683.905	-0.088
6684.062	-0.088
6684.218	-0.088
6684.400	-0.088
6684.557	-0.089
6684.738	-0.088
6684.895	-0.088
6685.052	-0.088
6685.233	-0.088
6685.390	-0.088
6685.572	-0.088
6685.729	-0.090
6685.885	-0.089
6686.067	-0.088
6686.223	-0.088
6686.405	-0.088
6686.562	-0.089
6686.718	-0.089
6686.900	-0.088
6687.057	-0.089
6687.238	-0.089
6687.395	-0.089
6687.552	-0.088
6687.733	-0.088
6687.890	-0.088
6688.072	-0.089
6688.229	-0.088
6688.385	-0.088
6688.567	-0.090
6688.723	-0.088
6688.905	-0.089
6689.062	-0.088
6689.218	-0.088
6689.400	-0.088
6689.557	-0.089
6689.738	-0.088
6689.895	-0.088
6690.052	-0.088
6690.233	-0.088
6690.390	-0.088
6690.572	-0.089
6690.729	-0.089
6690.885	-0.088
6691.067	-0.088
6691.223	-0.088
6691.405	-0.088
6691.562	-0.088
6691.718	-0.088
6691.900	-0.089
6692.057	-0.089
6692.238	-0.089
6692.395	-0.088
6692.552	-0.088
6692.733	-0.088
6692.890	-0.088
6693.072	-0.088
6693.229	-0.088
6693.385	-0.088
6693.567	-0.088
6693.723	-0.088
6693.905	-0.088
6694.062	-0.088
6694.218	-0.088
6694.400	-0.088
6694.557	-0.088
6694.738	-0.088
6694.895	-0.089
6695.052	-0.089
6695.233	-0.088
6695.390	-0.089
6695.572	-0.088
6695.729	-0.088
6695.885	-0.088
6696.067	-0.088
6696.223	-0.088
6696.405	-0.088
6696.562	-0.088
6696.718	-0.088
6696.900	-0.088
6697.057	-0.088
6697.238	-0.088
6697.395	-0.089
6697.552	-0.088
6697.733	-0.088
6697.890	-0.088
6698.072	-0.088
6698.229	-0.089
6698.385	-0.089
6698.567	-0.088
6698.723	-0.088
6698.905	-0.088
6699.062	-0.088
6699.218	-0.089
6699.400	-0.088
6699.557	-0.088
6699.738	-0.088
6699.895	-0.089
6700.052	-0.088
6700.233	-0.089
6700.390	-0.089
6700.572	-0.089
6700.729	-0.089
6700.885	-0.088
6701.067	-0.088
6701.223	-0.088
6701.405	-0.089
6701.562	-0.088
6701.718	-0.088
6701.900	-0.088
6702.057	-0.089
6702.238	-0.088
6702.395	-0.089
6702.552	-0.088
6702.733	-0.088
6702.890	-0.089
6703.072	-0.090
6703.229	-0.088
6703.385	-0.089
6703.567	-0.088
6703.723	-0.088
6703.905	-0.088
6704.062	-0.088
6704.218	-0.088
6704.400	-0.088
6704.557	-0.088
6704.738	-0.088
6704.895	-0.088
6705.052	-0.089
6705.233	-0.088
6705.390	-0.089
6705.572	-0.088
6705.729	-0.088
6705.885	-0.088
6706.067	-0.089
6706.223	-0.088
6706.405	-0.088
6706.562	-0.088
6706.718	-0.089
6706.900	-0.089
6707.057	-0.088
6707.238	-0.088
6707.395	-0.090
6707.552	-0.088
6707.733	-0.088
6707.890	-0.088
6708.072	-0.088
6708.229	-0.089
6708.385	-0.088
6708.567	-0.088
6708.723	-0.088
6708.905	-0.088
6709.062	-0.088
6709.218	-0.089
6709.400	-0.088
6709.557	-0.089
6709.738	-0.088
6709.895	-0.088
6710.052	-0.088
6710.233	-0.088
6710.390	-0.088
6710.572	-0.088
6710.729	-0.088
6710.885	-0.088
6711.067	-0.088
6711.223	-0.088
6711.405	-0.088
6711.562	-0.088
6711.718	-0.088
6711.900	-0.088
6712.057	-0.088
6712.238	-0.088
6712.395	-0.088
6712.552	-0.088
6712.733	-0.088
6712.890	-0.088
6713.072	-0.089
6713.229	-0.088
6713.385	-0.088
6713.567	-0.088
6713.723	-0.088
6713.905	-0.088
6714.062	-0.089
6714.218	-0.088
6714.400	-0.088
6714.557	-0.088
6714.738	-0.088
6714.895	-0.088
6715.052	-0.088
6715.233	-0.088
6715.390	-0.088
6715.572	-0.088
6715.729	-0.088
6715.885	-0.088
6716.067	-0.089
6716.223	-0.088
6716.405	-0.088
6716.562	-0.089
6716.718	-0.088
6716.900	-0.088
6717.057	-0.088
6717.238	-0.088
6717.395	-0.088
6717.552	-0.089
6717.733	-0.088
6717.890	-0.088
6718.072	-0.088
6718.229	-0.088
6718.385	-0.088
6718.567	-0.088
6718.723	-0.089
6718.905	-0.088
6719.062	-0.088
6719.218	-0.088
6719.400	-0.089
6719.557	-0.088
6719.738	-0.088
6719.895	-0.089
6720.052	-0.089
6720.233	-0.089
6720.390	-0.089
6720.572	-0.088
6720.729	-0.088
6720.885	-0.089
6721.067	-0.088
6721.223	-0.088
6721.405	-0.088
6721.562	-0.088
6721.718	-0.088
6721.900	-0.090
6722.057	-0.088
6722.238	-0.088
6722.395	-0.088
6722.552	-0.088
6722.733	-0.088
6722.890	-0.088
6723.072	-0.088
6723.229	-0.088
6723.385	-0.088
6723.567	-0.088
6723.723	-0.088
6723.905	-0.088
6724.062	-0.089
6724.218	-0.090
6724.400	-0.088
6724.557	-0.089
6724.738	-0.088
6724.895	-0.088
6725.052	-0.088
6725.233	-0.088
6725.390	-0.088
6725.572	-0.089
6725.729	-0.088
6725.885	-0.089
6726.067	-0.088
6726.223	-0.088
6726.405	-0.088
6726.562	-0.090
6726.718	-0.088
6726.900	-0.089
6727.057	-0.089
6727.238	-0.088
6727.395	-0.089
6727.552	-0.088
6727.733	-0.088
6727.890	-0.088
6728.072	-0.088
6728.229	-0.088
6728.385	-0.088
6728.567	-0.088
6728.723	-0.089
6728.905	-0.088
6729.062	-0.088
6729.218	-0.088
6729.400	-0.089
6729.557	-0.091
6729.738	-0.088
6729.895	-0.089
6730.052	-0.088
6730.233	-0.088
6730.390	-0.088
6730.572	-0.090
6730.729	-0.088
6730.885	-0.088
6731.067	-0.088
6731.223	-0.089
6731.405	-0.088
6731.562	-0.089
6731.718	-0.088
6731.900	-0.088
6732.057	-0.088
6732.238	-0.088
6732.395	-0.088
6732.552	-0.088
6732.733	-0.088
6732.890	-0.088
6733.072	-0.088
6733.229	-0.089
6733.385	-0.088
6733.567	-0.089
6733.723	-0.088
6733.905	-0.088
6734.062	-0.089
6734.218	-0.088
6734.400	-0.088
6734.557	-0.088
6734.738	-0.088
6734.895	-0.089
6735.052	-0.088
6735.233	-0.088
6735.390	-0.088
6735.572	-0.088
6735.729	-0.088
6735.885	-0.088
6736.067	-0.088
6736.223	-0.088
6736.405	-0.088
6736.562	-0.088
6736.718	-0.089
6736.900	-0.088
6737.057	-0.089
6737.238	-0.090
6737.395	-0.088
6737.552	-0.088
6737.733	-0.088
6737.890	-0.089
6738.072	-0.090
6738.229	-0.088
6738.385	-0.088
6738.567	-0.088
6738.723	-0.088
6738.905	-0.088
6739.062	-0.088
6739.218	-0.088
6739.400	-0.088
6739.557	-0.088
6739.738	-0.088
6739.895	-0.088
6740.052	-0.088
6740.233	-0.088
6740.390	-0.088
6740.572	-0.088
6740.729	-0.088
6740.885	-0.088
6741.067	-0.088
6741.223	-0.088
6741.405	-0.088
6741.562	-0.088
6741.718	-0.088
6741.900	-0.088
6742.057	-0.088
6742.238	-0.089
6742.395	-0.088
6742.552	-0.088
6742.733	-0.088
6742.890	-0.088
6743.072	-0.088
6743.229	-0.088
6743.385	-0.088
6743.567	-0.088
6743.723	-0.088
6743.905	-0.089
6744.062	-0.088
6744.218	-0.088
6744.400	-0.088
6744.557	-0.088
6744.738	-0.089
6744.895	-0.088
6745.052	-0.088
6745.233	-0.089
6745.390	-0.088
6745.572	-0.088
6745.729	-0.088
6745.885	-0.089
6746.067	-0.088
6746.223	-0.088
6746.405	-0.089
6746.562	-0.088
6746.718	-0.088
6746.900	-0.088
6747.057	-0.088
6747.238	-0.088
6747.395	-0.089
6747.552	-0.088
6747.733	-0.088
6747.890	-0.088
6748.072	-0.088
6748.229	-0.088
6748.385	-0.088
6748.567	-0.088
6748.723	-0.088
6748.905	-0.088
6749.062	-0.088
6749.218	-0.089
6749.400	-0.088
6749.557	-0.088
6749.738	-0.088
6749.895	-0.088
6750.052	-0.088
6750.233	-0.088
6750.390	-0.088
6750.572	-0.088
6750.729	-0.088
6750.885	-0.089
6751.067	-0.088
6751.223	-0.088
6751.405	-0.090
6751.562	-0.088
6751.718	-0.088
6751.900	-0.088
6752.057	-0.088
6752.238	-0.088
6752.395	-0.088
6752.552	-0.088
6752.733	-0.089
6752.890	-0.088
6753.072	-0.088
6753.229	-0.088
6753.385	-0.088
6753.567	-0.088
6753.723	-0.089
6753.905	-0.088
6754.062	-0.089
6754.218	-0.088
6754.400	-0.088
6754.557	-0.088
6754.738	-0.089
6754.895	-0.088
6755.052	-0.088
6755.233	-0.088
6755.390	-0.088
6755.572	-0.088
6755.729	-0.088
6755.885	-0.088
6756.067	-0.088
6756.223	-0.088
6756.405	-0.088
6756.562	-0.088
6756.718	-0.088
6756.900	-0.088
6757.057	-0.088
6757.238	-0.088
6757.395	-0.088
6757.552	-0.088
6757.733	-0.088
6757.890	-0.088
6758.072	-0.088
6758.229	-0.088
6758.385	-0.089
6758.567	-0.088
6758.723	-0.088
6758.905	-0.088
6759.062	-0.088
6759.218	-0.088
6759.400	-0.088
6759.557	-0.088
6759.738	-0.088
6759.895	-0.088
6760.052	-0.088
6760.233	-0.088
6760.390	-0.088
6760.572	-0.088
6760.729	-0.088
6760.885	-0.088
6761.067	-0.088
6761.223	-0.088
6761.405	-0.089
6761.562	-0.088
6761.718	-0.089
6761.900	-0.088
6762.057	-0.088
6762.238	-0.088
6762.395	-0.088
6762.552	-0.088
6762.733	-0.088
6762.890	-0.088
6763.072	-0.089
6763.229	-0.088
6763.385	-0.088
6763.567	-0.088
6763.723	-0.088
6763.905	-0.088
6764.062	-0.088
6764.218	-0.088
6764.400	-0.088
6764.557	-0.088
6764.738	-0.088
6764.895	-0.088
6765.052	-0.089
6765.233	-0.088
6765.390	-0.088
6765.572	-0.088
6765.729	-0.090
6765.885	-0.088
6766.067	-0.088
6766.223	-0.088
6766.405	-0.088
6766.562	-0.088
6766.718	-0.088
6766.900	-0.088
6767.057	-0.088
6767.238	-0.089
6767.395	-0.088
6767.552	-0.088
6767.733	-0.088
6767.890	-0.088
6768.072	-0.088
6768.229	-0.088
6768.385	-0.088
6768.567	-0.088
6768.723	-0.088
6768.905	-0.089
6769.062	-0.088
6769.218	-0.088
6769.400	-0.088
6769.557	-0.088
6769.738	-0.088
6769.895	-0.088
6770.052	-0.089
6770.233	-0.088
6770.390	-0.088
6770.572	-0.088
6770.729	-0.088
6770.885	-0.088
6771.067	-0.088
6771.223	-0.089
6771.405	-0.088
6771.562	-0.089
6771.718	-0.088
6771.900	-0.089
6772.057	-0.088
6772.238	-0.088
6772.395	-0.088
6772.552	-0.088
6772.733	-0.089
6772.890	-0.088
6773.072	-0.088
6773.229	-0.088
6773.385	-0.088
6773.567	-0.088
6773.723	-0.088
6773.905	-0.089
6774.062	-0.088
6774.218	-0.089
6774.400	-0.088
6774.557	-0.088
6774.713	-0.088
6774.895	-0.088
6775.052	-0.088
6775.233	-0.088
6775.390	-0.088
6775.547	-0.088
6775.729	-0.088
6775.885	-0.088
6776.067	-0.088
6776.223	-0.089
6776.380	-0.088
6776.562	-0.089
6776.718	-0.088
6776.900	-0.088
6777.057	-0.088
6777.213	-0.088
6777.395	-0.088
6777.552	-0.088
6777.733	-0.088
6777.890	-0.088
6778.047	-0.088
6778.229	-0.088
6778.385	-0.088
6778.567	-0.089
6778.723	-0.088
6778.880	-0.089
6779.062	-0.089
6779.218	-0.088
6779.400	-0.088
6779.557	-0.088
6779.713	-0.088
6779.895	-0.088
6780.052	-0.088
6780.233	-0.089
6780.390	-0.089
6780.547	-0.088
6780.729	-0.088
6780.885	-0.088
6781.067	-0.088
6781.223	-0.088
6781.405	-0.088
6781.562	-0.088
6781.718	-0.088
6781.900	-0.090
6782.057	-0.088
6782.238	-0.088
6782.395	-0.088
6782.552	-0.088
6782.733	-0.089
6782.890	-0.089
6783.047	-0.088
6783.229	-0.088
6783.385	-0.088
6783.567	-0.089
6783.723	-0.089
6783.880	-0.088
6784.062	-0.088
6784.218	-0.088
6784.400	-0.088
6784.557	-0.088
6784.738	-0.088
6784.895	-0.089
6785.052	-0.089
6785.233	-0.088
6785.390	-0.088
6785.572	-0.089
6785.729	-0.088
6785.885	-0.088
6786.067	-0.088
6786.223	-0.088
6786.380	-0.088
6786.562	-0.088
6786.718	-0.089
6786.900	-0.088
6787.057	-0.088
6787.213	-0.088
6787.395	-0.088
6787.552	-0.088
6787.733	-0.088
6787.890	-0.088
6788.047	-0.089
6788.229	-0.088
6788.385	-0.088
6788.567	-0.088
6788.723	-0.088
6788.880	-0.088
6789.062	-0.089
6789.218	-0.088
6789.400	-0.089
6789.557	-0.088
6789.713	-0.088
6789.895	-0.088
6790.052	-0.088
6790.233	-0.088
6790.390	-0.088
6790.547	-0.088
6790.729	-0.089
6790.885	-0.088
6791.067	-0.088
6791.223	-0.088
6791.380	-0.088
6791.562	-0.088
6791.718	-0.088
6791.900	-0.088
6792.057	-0.088
6792.213	-0.089
6792.395	-0.088
6792.552	-0.088
6792.733	-0.088
6792.890	-0.088
6793.047	-0.089
6793.229	-0.088
6793.385	-0.088
6793.567	-0.088
6793.723	-0.089
6793.905	-0.088
6794.062	-0.088
6794.218	-0.088
6794.400	-0.088
6794.557	-0.088
6794.713	-0.088
6794.895	-0.088
6795.052	-0.088
6795.233	-0.088
6795.390	-0.088
6795.547	-0.088
6795.729	-0.089
6795.885	-0.088
6796.067	-0.088
6796.223	-0.088
6796.380	-0.088
6796.562	-0.088
6796.718	-0.088
6796.900	-0.089
6797.057	-0.088
6797.213	-0.088
6797.395	-0.088
6797.552	-0.089
6797.733	-0.088
6797.890	-0.088
6798.047	-0.088
6798.229	-0.089
6798.385	-0.088
6798.567	-0.088
6798.723	-0.088
6798.880	-0.088
6799.062	-0.088
6799.218	-0.088
6799.400	-0.088
6799.557	-0.088
6799.713	-0.088
6799.895	-0.088
6800.052	-0.088
6800.233	-0.088
6800.390	-0.088
6800.547	-0.088
6800.729	-0.088
6800.885	-0.088
6801.067	-0.088
6801.223	-0.089
6801.380	-0.088
6801.562	-0.088
6801.718	-0.088
6801.900	-0.088
6802.057	-0.088
6802.213	-0.088
6802.395	-0.088
6802.552	-0.088
6802.733	-0.089
6802.890	-0.088
6803.047	-0.088
6803.229	-0.088
6803.385	-0.089
6803.567	-0.088
6803.723	-0.088
6803.880	-0.090
6804.035	-0.089
6804.218	-0.088
6804.400	-0.088
6804.557	-0.088
6804.713	-0.088
6804.895	-0.088
6805.052	-0.088
6805.233	-0.088
6805.390	-0.088
6805.547	-0.089
6805.729	-0.088
6805.885	-0.088
6806.067	-0.088
6806.223	-0.089
6806.380	-0.088
6806.562	-0.088
6806.718	-0.088
6806.900	-0.089
6807.057	-0.088
6807.213	-0.088
6807.395	-0.088
6807.552	-0.088
6807.733	-0.088
6807.890	-0.088
6808.047	-0.088
6808.229	-0.088
6808.385	-0.088
6808.567	-0.088
6808.723	-0.088
6808.880	-0.089
6809.062	-0.088
6809.218	-0.089
6809.400	-0.088
6809.557	-0.089
6809.713	-0.088
6809.895	-0.088
6810.052	-0.089
6810.233	-0.088
6810.390	-0.088
6810.547	-0.089
6810.729	-0.089
6810.885	-0.089
6811.067	-0.089
6811.223	-0.088
6811.380	-0.090
6811.562	-0.088
6811.718	-0.088
6811.900	-0.089
6812.057	-0.088
6812.213	-0.088
6812.395	-0.089
6812.552	-0.089
6812.733	-0.088
6812.890	-0.088
6813.047	-0.088
6813.229	-0.089
6813.385	-0.088
6813.567	-0.088
6813.723	-0.088
6813.880	-0.088
6814.062	-0.089
6814.218	-0.089
6814.400	-0.089
6814.557	-0.088
6814.713	-0.088
6814.895	-0.088
6815.052	-0.088
6815.233	-0.089
6815.390	-0.088
6815.547	-0.088
6815.729	-0.088
6815.885	-0.089
6816.067	-0.089
6816.223	-0.088
6816.380	-0.088
6816.562	-0.088
6816.718	-0.088
6816.900	-0.088
6817.057	-0.088
6817.213	-0.088
6817.395	-0.088
6817.552	-0.088
6817.733	-0.088
6817.890	-0.089
6818.047	-0.089
6818.229	-0.088
6818.385	-0.088
6818.567	-0.089
6818.723	-0.088
6818.880	-0.088
6819.062	-0.089
6819.218	-0.089
6819.400	-0.088
6819.557	-0.088
6819.713	-0.088
6819.895	-0.088
6820.052	-0.089
6820.233	-0.089
6820.390	-0.089
6820.547	-0.088
6820.729	-0.088
6820.885	-0.088
6821.067	-0.088
6821.223	-0.088
6821.380	-0.088
6821.562	-0.088
6821.718	-0.088
6821.900	-0.088
6822.057	-0.088
6822.213	-0.088
6822.395	-0.088
6822.552	-0.088
6822.733	-0.088
6822.890	-0.088
6823.047	-0.088
6823.229	-0.088
6823.385	-0.088
6823.567	-0.088
6823.723	-0.088
6823.880	-0.089
6824.062	-0.088
6824.218	-0.088
6824.400	-0.088
6824.557	-0.089
6824.713	-0.088
6824.895	-0.088
6825.052	-0.088
6825.233	-0.088
6825.390	-0.088
6825.547	-0.088
6825.729	-0.088
6825.885	-0.089
6826.067	-0.088
6826.223	-0.089
6826.380	-0.088
6826.562	-0.088
6826.718	-0.088
6826.900	-0.088
6827.057	-0.089
6827.213	-0.088
6827.395	-0.088
6827.552	-0.090
6827.733	-0.088
6827.890	-0.088
6828.047	-0.088
6828.229	-0.088
6828.385	-0.088
6828.567	-0.088
6828.723	-0.088
6828.880	-0.089
6829.062	-0.088
6829.218	-0.088
6829.400	-0.088
6829.557	-0.089
6829.713	-0.088
6829.895	-0.088
6830.052	-0.088
6830.233	-0.088
6830.390	-0.089
6830.547	-0.088
6830.729	-0.088
6830.885	-0.088
6831.067	-0.088
6831.223	-0.088
6831.380	-0.089
6831.562	-0.088
6831.718	-0.088
6831.900	-0.088
6832.057	-0.088
6832.213	-0.088
6832.395	-0.088
6832.552	-0.088
6832.733	-0.088
6832.890	-0.088
6833.047	-0.088
6833.229	-0.088
6833.385	-0.088
6833.567	-0.088
6833.723	-0.088
6833.880	-0.089
6834.062	-0.088
6834.218	-0.088
6834.400	-0.088
6834.557	-0.089
6834.713	-0.088
6834.895	-0.088
6835.052	-0.088
6835.233	-0.089
6835.390	-0.088
6835.547	-0.088
6835.729	-0.088
6835.885	-0.088
6836.067	-0.089
6836.223	-0.089
6836.380	-0.088
6836.562	-0.088
6836.718	-0.088
6836.900	-0.088
6837.057	-0.088
6837.213	-0.088
6837.395	-0.089
6837.552	-0.088
6837.733	-0.088
6837.890	-0.088
6838.047	-0.088
6838.229	-0.088
6838.385	-0.088
6838.567	-0.088
6838.723	-0.088
6838.880	-0.089
6839.062	-0.088
6839.218	-0.088
6839.400	-0.088
6839.557	-0.089
6839.713	-0.088
6839.895	-0.088
6840.052	-0.088
6840.233	-0.088
6840.390	-0.088
6840.547	-0.088
6840.729	-0.088
6840.885	-0.088
6841.067	-0.090
6841.223	-0.088
6841.380	-0.088
6841.562	-0.088
6841.718	-0.088
6841.900	-0.088
6842.057	-0.088
6842.213	-0.088
6842.395	-0.088
6842.552	-0.088
6842.733	-0.088
6842.890	-0.088
6843.047	-0.088
6843.229	-0.089
6843.385	-0.088
6843.567	-0.088
6843.723	-0.088
6843.880	-0.088
6844.062	-0.088
6844.218	-0.088
6844.375	-0.089
6844.557	-0.089
6844.713	-0.088
6844.895	-0.088
6845.052	-0.088
6845.233	-0.088
6845.390	-0.088
6845.547	-0.088
6845.729	-0.088
6845.885	-0.088
6846.067	-0.088
6846.223	-0.088
6846.380	-0.088
6846.562	-0.088
6846.718	-0.088
6846.900	-0.088
6847.057	-0.088
6847.213	-0.088
6847.395	-0.088
6847.552	-0.088
6847.733	-0.088
6847.890	-0.088
6848.047	-0.088
6848.229	-0.088
6848.385	-0.089
6848.567	-0.088
6848.723	-0.088
6848.880	-0.088
6849.062	-0.088
6849.218	-0.088
6849.400	-0.088
6849.557	-0.089
6849.713	-0.088
6849.895	-0.088
6850.052	-0.088
6850.233	-0.088
6850.390	-0.088
6850.547	-0.088
6850.729	-0.088
6850.885	-0.088
6851.067	-0.088
6851.223	-0.088
6851.380	-0.089
6851.562	-0.088
6851.718	-0.090
6851.875	-0.089
6852.057	-0.088
6852.213	-0.088
6852.395	-0.089
6852.552	-0.088
6852.733	-0.088
6852.890	-0.088
6853.047	-0.088
6853.229	-0.090
6853.385	-0.088
6853.542	-0.088
6853.723	-0.088
6853.880	-0.088
6854.062	-0.088
6854.218	-0.088
6854.400	-0.088
6854.557	-0.088
6854.713	-0.089
6854.895	-0.088
6855.052	-0.088
6855.208	-0.088
6855.390	-0.088
6855.547	-0.088
6855.729	-0.088
6855.885	-0.089
6856.067	-0.088
6856.223	-0.088
6856.380	-0.088
6856.562	-0.088
6856.718	-0.088
6856.900	-0.088
6857.057	-0.088
6857.213	-0.088
6857.395	-0.088
6857.552	-0.088
6857.733	-0.088
6857.890	-0.088
6858.047	-0.089
6858.229	-0.088
6858.385	-0.088
6858.542	-0.088
6858.723	-0.088
6858.880	-0.088
6859.062	-0.088
6859.218	-0.088
6859.400	-0.088
6859.557	-0.089
6859.713	-0.088
6859.895	-0.088
6860.052	-0.088
6860.208	-0.088
6860.390	-0.088
6860.547	-0.089
6860.729	-0.088
6860.885	-0.088
6861.067	-0.090
6861.223	-0.088
6861.380	-0.089
6861.562	-0.088
6861.718	-0.088
6861.875	-0.089
6862.057	-0.088
6862.213	-0.088
6862.395	-0.088
6862.552	-0.089
6862.733	-0.088
6862.890	-0.088
6863.047	-0.088
6863.229	-0.088
6863.385	-0.088
6863.567	-0.089
6863.723	-0.088
6863.880	-0.091
6864.062	-0.089
6864.218	-0.088
6864.375	-0.088
6864.557	-0.088
6864.713	-0.088
6864.895	-0.089
6865.052	-0.088
6865.233	-0.088
6865.390	-0.088
6865.547	-0.090
6865.729	-0.088
6865.885	-0.088
6866.067	-0.089
6866.223	-0.088
6866.380	-0.089
6866.562	-0.088
6866.718	-0.089
6866.875	-0.088
6867.057	-0.088
6867.213	-0.088
6867.395	-0.088
6867.552	-0.088
6867.708	-0.090
6867.890	-0.088
6868.047	-0.088
6868.229	-0.088
6868.385	-0.088
6868.567	-0.088
6868.723	-0.088
6868.880	-0.088
6869.062	-0.088
6869.218	-0.089
6869.400	-0.088
6869.557	-0.089
6869.713	-0.088
6869.895	-0.090
6870.052	-0.088
6870.233	-0.088
6870.390	-0.088
6870.547	-0.088
6870.729	-0.088
6870.885	-0.088
6871.042	-0.089
6871.223	-0.088
6871.380	-0.088
6871.562	-0.088
6871.718	-0.089
6871.875	-0.088
6872.057	-0.088
6872.213	-0.088
6872.395	-0.088
6872.552	-0.088
6872.733	-0.089
6872.890	-0.088
6873.047	-0.088
6873.229	-0.088
6873.385	-0.089
6873.542	-0.089
6873.723	-0.088
6873.880	-0.088
6874.062	-0.088
6874.218	-0.088
6874.375	-0.088
6874.557	-0.089
6874.713	-0.089
6874.895	-0.088
6875.052	-0.088
6875.233	-0.088
6875.390	-0.090
6875.547	-0.088
6875.729	-0.089
6875.885	-0.088
6876.042	-0.088
6876.223	-0.088
6876.380	-0.089
6876.562	-0.088
6876.718	-0.088
6876.900	-0.088
6877.057	-0.088
6877.213	-0.088
6877.395	-0.088
6877.552	-0.088
6877.708	-0.088
6877.890	-0.088
6878.047	-0.088
6878.229	-0.088
6878.385	-0.088
6878.567	-0.088
6878.723	-0.088
6878.880	-0.088
6879.062	-0.089
6879.218	-0.088
6879.400	-0.089
6879.557	-0.088
6879.713	-0.089
6879.895	-0.088
6880.052	-0.089
6880.208	-0.088
6880.390	-0.088
6880.547	-0.088
6880.729	-0.089
6880.885	-0.088
6881.042	-0.089
6881.223	-0.088
6881.380	-0.088
6881.562	-0.089
6881.718	-0.089
6881.875	-0.088
6882.057	-0.088
6882.213	-0.088
6882.395	-0.088
6882.552	-0.088
6882.708	-0.088
6882.890	-0.088
6883.047	-0.088
6883.229	-0.088
6883.385	-0.088
6883.542	-0.088
6883.723	-0.088
6883.880	-0.088
6884.062	-0.090
6884.218	-0.088
6884.375	-0.088
6884.557	-0.088
6884.713	-0.088
6884.895	-0.088
6885.052	-0.089
6885.208	-0.088
6885.390	-0.088
6885.547	-0.088
6885.729	-0.089
6885.885	-0.088
6886.042	-0.088
6886.223	-0.088
6886.380	-0.089
6886.562	-0.089
6886.718	-0.088
6886.875	-0.088
6887.057	-0.090
6887.213	-0.088
6887.395	-0.088
6887.552	-0.088
6887.708	-0.088
6887.890	-0.090
6888.047	-0.089
6888.229	-0.089
6888.385	-0.089
6888.542	-0.088
6888.723	-0.089
6888.880	-0.089
6889.062	-0.088
6889.218	-0.089
6889.375	-0.088
6889.557	-0.089
6889.713	-0.088
6889.895	-0.088
6890.052	-0.088
6890.208	-0.088
6890.390	-0.088
6890.547	-0.088
6890.729	-0.089
6890.885	-0.089
6891.042	-0.088
6891.223	-0.088
6891.380	-0.088
6891.562	-0.088
6891.718	-0.088
6891.875	-0.088
6892.057	-0.088
6892.213	-0.090
6892.395	-0.088
6892.552	-0.088
6892.708	-0.089
6892.890	-0.088
6893.047	-0.088
6893.229	-0.088
6893.385	-0.088
6893.542	-0.088
6893.723	-0.088
6893.880	-0.089
6894.062	-0.088
6894.218	-0.089
6894.375	-0.088
6894.557	-0.088
6894.713	-0.089
6894.895	-0.088
6895.052	-0.088
6895.208	-0.088
6895.390	-0.088
6895.547	-0.088
6895.729	-0.088
6895.885	-0.089
6896.042	-0.088
6896.223	-0.089
6896.380	-0.088
6896.562	-0.088
6896.718	-0.088
6896.875	-0.088
6897.057	-0.089
6897.213	-0.088
6897.395	-0.088
6897.552	-0.088
6897.708	-0.088
6897.890	-0.088
6898.047	-0.090
6898.229	-0.089
6898.385	-0.088
6898.542	-0.088
6898.723	-0.088
6898.880	-0.089
6899.062	-0.088
6899.218	-0.088
6899.375	-0.088
6899.557	-0.089
6899.713	-0.088
6899.895	-0.088
6900.052	-0.089
6900.208	-0.088
6900.390	-0.088
6900.547	-0.088
6900.729	-0.089
6900.885	-0.088
6901.042	-0.088
6901.223	-0.088
6901.380	-0.089
6901.562	-0.088
6901.718	-0.088
6901.875	-0.089
6902.057	-0.088
6902.213	-0.089
6902.395	-0.088
6902.552	-0.088
6902.708	-0.088
6902.890	-0.088
6903.047	-0.088
6903.229	-0.088
6903.385	-0.088
6903.542	-0.088
6903.723	-0.088
6903.880	-0.088
6904.062	-0.088
6904.218	-0.088
6904.375	-0.088
6904.557	-0.088
6904.713	-0.088
6904.895	-0.089
6905.052	-0.089
6905.208	-0.088
6905.390	-0.089
6905.547	-0.089
6905.729	-0.089
6905.885	-0.088
6906.042	-0.088
6906.223	-0.088
6906.380	-0.088
6906.562	-0.088
6906.718	-0.088
6906.875	-0.088
6907.057	-0.089
6907.213	-0.089
6907.395	-0.088
6907.552	-0.088
6907.708	-0.088
6907.890	-0.088
6908.047	-0.088
6908.229	-0.088
6908.385	-0.088
6908.542	-0.088
6908.723	-0.088
6908.880	-0.088
6909.062	-0.089
6909.218	-0.088
6909.375	-0.088
6909.557	-0.088
6909.713	-0.088
6909.895	-0.088
6910.052	-0.089
6910.208	-0.088
6910.390	-0.089
6910.547	-0.088
6910.729	-0.088
6910.885	-0.088
6911.042	-0.088
6911.223	-0.089
6911.380	-0.088
6911.562	-0.090
6911.718	-0.088
6911.875	-0.088
6912.057	-0.089
6912.213	-0.089
6912.395	-0.088
6912.552	-0.089
6912.708	-0.088
6912.890	-0.088
6913.047	-0.088
6913.229	-0.089
6913.385	-0.089
6913.542	-0.088
6913.723	-0.089
6913.880	-0.088
6914.062	-0.088
6914.218	-0.089
6914.375	-0.088
6914.557	-0.089
6914.713	-0.088
6914.895	-0.088
6915.052	-0.089
6915.208	-0.088
6915.390	-0.088
6915.547	-0.089
6915.729	-0.088
6915.885	-0.088
6916.042	-0.088
6916.223	-0.088
6916.380	-0.088
6916.562	-0.088
6916.718	-0.088
6916.875	-0.088
6917.057	-0.088
6917.213	-0.088
6917.395	-0.088
6917.552	-0.088
6917.708	-0.088
6917.890	-0.089
6918.047	-0.088
6918.229	-0.088
6918.385	-0.088
6918.542	-0.089
6918.723	-0.088
6918.880	-0.088
6919.062	-0.089
6919.218	-0.088
6919.375	-0.089
6919.557	-0.088
6919.713	-0.088
6919.895	-0.088
6920.052	-0.089
6920.208	-0.089
6920.390	-0.088
6920.547	-0.088
6920.729	-0.088
6920.885	-0.088
6921.042	-0.088
6921.223	-0.089
6921.380	-0.088
6921.562	-0.089
6921.718	-0.088
6921.875	-0.088
6922.057	-0.088
6922.213	-0.088
6922.395	-0.088
6922.552	-0.088
6922.708	-0.088
6922.890	-0.088
6923.047	-0.088
6923.229	-0.088
6923.385	-0.089
6923.542	-0.088
6923.723	-0.088
6923.880	-0.089
6924.062	-0.088
6924.218	-0.088
6924.375	-0.088
6924.557	-0.088
6924.713	-0.088
6924.895	-0.088
6925.052	-0.088
6925.208	-0.088
6925.390	-0.088
6925.547	-0.088
6925.729	-0.089
6925.885	-0.088
6926.042	-0.088
6926.223	-0.088
6926.380	-0.088
6926.562	-0.088
6926.718	-0.088
6926.875	-0.088
6927.057	-0.088
6927.213	-0.088
6927.395	-0.088
6927.552	-0.088
6927.708	-0.089
6927.890	-0.089
6928.047	-0.088
6928.229	-0.088
6928.385	-0.088
6928.542	-0.089
6928.723	-0.089
6928.880	-0.089
6929.062	-0.088
6929.218	-0.088
6929.375	-0.088
6929.557	-0.088
6929.713	-0.088
6929.895	-0.088
6930.052	-0.088
6930.208	-0.088
6930.390	-0.088
6930.547	-0.089
6930.729	-0.088
6930.885	-0.089
6931.042	-0.088
6931.223	-0.088
6931.380	-0.088
6931.562	-0.089
6931.718	-0.088
6931.875	-0.088
6932.057	-0.088
6932.213	-0.088
6932.395	-0.088
6932.552	-0.088
6932.708	-0.088
6932.890	-0.088
6933.047	-0.088
6933.229	-0.089
6933.385	-0.088
6933.542	-0.088
6933.723	-0.089
6933.880	-0.089
6934.062	-0.088
6934.218	-0.088
6934.375	-0.089
6934.557	-0.088
6934.713	-0.088
6934.895	-0.089
6935.052	-0.088
6935.208	-0.089
6935.390	-0.089
6935.547	-0.088
6935.729	-0.090
6935.885	-0.088
6936.042	-0.089
6936.223	-0.089
6936.380	-0.089
6936.562	-0.089
6936.718	-0.088
6936.875	-0.088
6937.057	-0.088
6937.213	-0.088
6937.395	-0.089
6937.552	-0.088
6937.708	-0.088
6937.890	-0.088
6938.047	-0.088
6938.229	-0.088
6938.385	-0.088
6938.542	-0.088
6938.723	-0.088
6938.880	-0.089
6939.062	-0.088
6939.218	-0.088
6939.375	-0.088
6939.557	-0.088
6939.713	-0.090
6939.895	-0.088
6940.052	-0.088
6940.208	-0.088
6940.390	-0.089
6940.547	-0.089
6940.729	-0.088
6940.885	-0.088
6941.042	-0.088
6941.223	-0.088
6941.380	-0.088
6941.562	-0.089
6941.718	-0.089
6941.875	-0.088
6942.057	-0.088
6942.213	-0.088
6942.395	-0.088
6942.552	-0.088
6942.708	-0.088
6942.890	-0.088
6943.047	-0.090
6943.202	-0.088
6943.385	-0.088
6943.542	-0.088
6943.723	-0.089
6943.880	-0.088
6944.062	-0.088
6944.218	-0.088
6944.375	-0.088
6944.557	-0.088
6944.713	-0.089
6944.895	-0.088
6945.052	-0.088
6945.208	-0.088
6945.390	-0.089
6945.547	-0.088
6945.729	-0.088
6945.885	-0.088
6946.042	-0.088
6946.223	-0.088
6946.380	-0.088
6946.562	-0.089
6946.718	-0.089
6946.875	-0.088
6947.057	-0.088
6947.213	-0.088
6947.395	-0.088
6947.552	-0.088
6947.708	-0.088
6947.890	-0.088
6948.047	-0.089
6948.229	-0.089
6948.385	-0.088
6948.542	-0.089
6948.723	-0.088
6948.880	-0.088
6949.062	-0.088
6949.218	-0.089
6949.375	-0.088
6949.557	-0.088
6949.713	-0.088
6949.868	-0.088
6950.052	-0.088
6950.208	-0.088
6950.390	-0.088
6950.547	-0.088
6950.729	-0.088
6950.885	-0.088
6951.042	-0.088
6951.223	-0.088
6951.380	-0.088
6951.562	-0.088
6951.718	-0.088
6951.875	-0.088
6952.057	-0.088
6952.213	-0.088
6952.395	-0.088
6952.552	-0.088
6952.708	-0.088
6952.890	-0.088
6953.047	-0.089
6953.229	-0.088
6953.385	-0.088
6953.542	-0.088
6953.723	-0.088
6953.880	-0.088
6954.035	-0.088
6954.218	-0.088
6954.375	-0.088
6954.557	-0.088
6954.713	-0.088
6954.895	-0.089
6955.052	-0.088
6955.208	-0.088
6955.390	-0.088
6955.547	-0.088
6955.729	-0.088
6955.885	-0.088
6956.042	-0.088
6956.223	-0.089
6956.380	-0.088
6956.562	-0.088
6956.718	-0.088
6956.875	-0.088
6957.057	-0.088
6957.213	-0.088
6957.395	-0.089
6957.552	-0.088
6957.708	-0.088
6957.890	-0.088
6958.047	-0.089
6958.202	-0.089
6958.385	-0.088
6958.542	-0.088
6958.723	-0.088
6958.880	-0.090
6959.035	-0.088
6959.218	-0.089
6959.375	-0.089
6959.557	-0.088
6959.713	-0.088
6959.868	-0.088
6960.052	-0.088
6960.208	-0.088
6960.390	-0.088
6960.547	-0.088
6960.702	-0.088
6960.885	-0.088
6961.042	-0.088
6961.223	-0.089
6961.380	-0.088
6961.535	-0.088
6961.718	-0.088
6961.875	-0.088
6962.057	-0.088
6962.213	-0.088
6962.368	-0.088
6962.552	-0.088
6962.708	-0.088
6962.890	-0.088
6963.047	-0.088
6963.202	-0.088
6963.385	-0.088
6963.542	-0.088
6963.723	-0.088
6963.880	-0.088
6964.035	-0.088
6964.218	-0.089
6964.375	-0.088
6964.557	-0.090
6964.713	-0.088
6964.868	-0.088
6965.052	-0.088
6965.208	-0.088
6965.390	-0.089
6965.547	-0.088
6965.702	-0.088
6965.885	-0.088
6966.042	-0.088
6966.223	-0.088
6966.380	-0.088
6966.535	-0.089
6966.718	-0.090
6966.875	-0.090
6967.057	-0.089
6967.213	-0.088
6967.368	-0.088
6967.552	-0.089
6967.708	-0.088
6967.890	-0.089
6968.047	-0.089
6968.202	-0.088
6968.385	-0.089
6968.542	-0.089
6968.723	-0.088
6968.880	-0.088
6969.062	-0.088
6969.218	-0.088
6969.375	-0.088
6969.557	-0.088
6969.713	-0.088
6969.868	-0.089
6970.052	-0.088
6970.208	-0.088
6970.390	-0.088
6970.547	-0.088
6970.702	-0.088
6970.885	-0.088
6971.042	-0.089
6971.223	-0.088
6971.380	-0.088
6971.535	-0.088
6971.718	-0.090
6971.875	-0.088
6972.057	-0.088
6972.213	-0.088
6972.368	-0.088
6972.552	-0.088
6972.708	-0.088
6972.890	-0.088
6973.047	-0.089
6973.202	-0.088
6973.385	-0.089
6973.542	-0.088
6973.723	-0.089
6973.880	-0.088
6974.035	-0.090
6974.218	-0.088
6974.375	-0.088
6974.557	-0.088
6974.713	-0.088
6974.868	-0.088
6975.052	-0.088
6975.208	-0.088
6975.390	-0.088
6975.547	-0.088
6975.702	-0.088
6975.885	-0.088
6976.042	-0.088
6976.223	-0.090
6976.380	-0.088
6976.535	-0.088
6976.718	-0.088
6976.875	-0.089
6977.057	-0.089
6977.213	-0.088
6977.368	-0.088
6977.552	-0.088
6977.708	-0.088
6977.890	-0.088
6978.047	-0.088
6978.202	-0.089
6978.385	-0.088
6978.542	-0.088
6978.723	-0.089
6978.880	-0.088
6979.035	-0.088
6979.218	-0.088
6979.375	-0.088
6979.557	-0.089
6979.713	-0.088
6979.868	-0.088
6980.052	-0.088
6980.208	-0.088
6980.390	-0.088
6980.547	-0.088
6980.702	-0.088
6980.885	-0.089
6981.042	-0.088
6981.223	-0.088
6981.380	-0.088
6981.535	-0.089
6981.718	-0.088
6981.875	-0.089
6982.057	-0.088
6982.213	-0.088
6982.395	-0.088
6982.552	-0.088
6982.708	-0.088
6982.890	-0.088
6983.047	-0.089
6983.202	-0.089
6983.385	-0.088
6983.542	-0.089
6983.723	-0.088
6983.880	-0.090
6984.035	-0.088
6984.218	-0.089
6984.375	-0.088
6984.557	-0.088
6984.713	-0.088
6984.868	-0.088
6985.052	-0.088
6985.208	-0.088
6985.390	-0.088
6985.547	-0.088
6985.702	-0.088
6985.885	-0.088
6986.042	-0.088
6986.223	-0.089
6986.380	-0.088
6986.535	-0.088
6986.718	-0.088
6986.875	-0.089
6987.057	-0.088
6987.213	-0.088
6987.368	-0.089
6987.552	-0.088
6987.708	-0.088
6987.890	-0.088
6988.047	-0.088
6988.202	-0.088
6988.385	-0.089
6988.542	-0.088
6988.723	-0.090
6988.880	-0.089
6989.035	-0.088
6989.218	-0.088
6989.375	-0.088
6989.557	-0.088
6989.713	-0.089
6989.868	-0.089
6990.052	-0.088
6990.208	-0.088
6990.390	-0.088
6990.547	-0.089
6990.702	-0.089
6990.885	-0.088
6991.042	-0.088
6991.223	-0.089
6991.380	-0.088
6991.535	-0.088
6991.718	-0.088
6991.875	-0.088
6992.057	-0.088
6992.213	-0.088
6992.368	-0.088
6992.552	-0.088
6992.708	-0.088
6992.890	-0.088
6993.047	-0.089
6993.202	-0.089
6993.385	-0.088
6993.542	-0.088
6993.723	-0.088
6993.880	-0.090
6994.035	-0.088
6994.218	-0.088
6994.375	-0.088
6994.557	-0.089
6994.713	-0.088
6994.868	-0.088
6995.052	-0.088
6995.208	-0.088
6995.390	-0.089
6995.547	-0.089
6995.702	-0.088
6995.885	-0.089
6996.042	-0.088
6996.223	-0.089
6996.380	-0.088
6996.535	-0.088
6996.718	-0.089
6996.875	-0.088
6997.057	-0.088
6997.213	-0.088
6997.368	-0.088
6997.552	-0.089
6997.708	-0.088
6997.890	-0.088
6998.047	-0.089
6998.202	-0.088
6998.385	-0.088
6998.542	-0.088
6998.723	-0.088
6998.880	-0.088
6999.035	-0.088
6999.218	-0.089
6999.375	-0.088
6999.557	-0.089
6999.713	-0.088
6999.868	-0.088
7000.052	-0.088
