3500.000	-0.054	0.034
3500.104	-0.054	0.034
3500.169	-0.054	0.034
3500.260	-0.054	0.034
3500.352	-0.054	0.034
3500.429	-0.053	0.034
3500.508	-0.053	0.034
3500.598	-0.054	0.034
3500.677	-0.053	0.034
3500.768	-0.054	0.034
3500.846	-0.053	0.034
3500.924	-0.053	0.034
3501.015	-0.053	0.034
3501.093	-0.054	0.034
3501.172	-0.054	0.034
3501.262	-0.053	0.034
3501.341	-0.054	0.033
3501.419	-0.053	0.031
3501.510	-0.054	0.034
3501.588	-0.054	0.034
3501.679	-0.053	0.031
3501.758	-0.053	0.034
3501.848	-0.053	0.032
3501.927	-0.053	0.034
3502.005	-0.054	0.034
3502.096	-0.054	0.034
3502.174	-0.053	0.034
3502.265	-0.053	0.034
3502.343	-0.054	0.034
3502.422	-0.053	0.034
3502.512	-0.053	0.034
3502.591	-0.054	0.033
3502.669	-0.054	0.034
3502.760	-0.054	0.031
3502.838	-0.054	0.034
3502.917	-0.053	0.032
3503.008	-0.053	0.028
3503.086	-0.053	0.029
3503.177	-0.053	0.029
3503.255	-0.053	0.029
3503.346	-0.054	0.030
3503.424	-0.053	0.029
3503.502	-0.053	0.030
3503.593	-0.053	0.031
3503.672	-0.053	0.034
3503.762	-0.054	0.034
3503.841	-0.053	0.034
3503.919	-0.053	0.034
3504.010	-0.053	0.034
3504.088	-0.053	0.034
3504.179	-0.053	0.034
3504.258	-0.054	0.034
3504.336	-0.054	0.034
3504.427	-0.053	0.034
3504.505	-0.053	0.034
3504.583	-0.053	0.034
3504.674	-0.054	0.032
3504.765	-0.053	0.031
3504.843	-0.053	0.032
3504.922	-0.053	0.031
3505.012	-0.053	0.028
3505.091	-0.053	0.028
3505.169	-0.053	0.028
3505.260	-0.053	0.028
3505.338	-0.054	0.028
3505.417	-0.053	0.023
3505.508	-0.053	0.023
3505.586	-0.053	0.023
3505.677	-0.054	0.023
3505.755	-0.054	0.023
3505.846	-0.053	0.023
3505.924	-0.053	0.023
3506.002	-0.053	0.022
3506.093	-0.053	0.022
3506.172	-0.053	0.023
3506.262	-0.053	0.022
3506.341	-0.053	0.022
3506.419	-0.053	0.022
3506.510	-0.053	0.021
3506.588	-0.053	0.023
3506.667	-0.053	0.022
3506.758	-0.054	0.021
3506.836	-0.053	0.022
3506.927	-0.053	0.023
3507.005	-0.053	0.023
3507.083	-0.053	0.023
3507.174	-0.053	0.023
3507.265	-0.053	0.023
3507.343	-0.053	0.023
3507.422	-0.053	0.023
3507.500	-0.053	0.023
3507.591	-0.054	0.023
3507.669	-0.053	0.023
3507.760	-0.053	0.024
3507.838	-0.053	0.023
3507.929	-0.053	0.024
3508.008	-0.053	0.023
3508.086	-0.053	0.023
3508.177	-0.053	0.023
3508.255	-0.053	0.023
3508.346	-0.053	0.023
3508.424	-0.053	0.024
3508.502	-0.053	0.023
3508.593	-0.054	0.025
3508.672	-0.053	0.025
3508.750	-0.054	0.026
3508.841	-0.053	0.028
3508.919	-0.053	0.027
3509.010	-0.054	0.028
3509.088	-0.054	0.028
3509.179	-0.053	0.028
3509.271	-0.053	0.028
3509.336	-0.053	0.026
3509.427	-0.053	0.024
3509.505	-0.053	0.026
3509.596	-0.053	0.026
3509.674	-0.053	0.026
3509.752	-0.053	0.028
3509.843	-0.053	0.028
3509.922	-0.054	0.028
3510.012	-0.053	0.028
3510.091	-0.053	0.028
3510.169	-0.053	0.028
3510.260	-0.053	0.030
3510.338	-0.053	0.029
3510.417	-0.053	0.030
3510.508	-0.053	0.032
3510.586	-0.053	0.033
3510.677	-0.053	0.034
3510.755	-0.053	0.034
3510.846	-0.053	0.034
3510.924	-0.053	0.034
3511.002	-0.053	0.035
3511.093	-0.053	0.037
3511.172	-0.053	0.039
3511.262	-0.053	0.038
3511.341	-0.054	0.039
3511.419	-0.054	0.039
3511.510	-0.053	0.039
3511.588	-0.053	0.039
3511.679	-0.053	0.038
3511.758	-0.053	0.036
3511.836	-0.053	0.034
3511.927	-0.053	0.034
3512.005	-0.053	0.034
3512.083	-0.053	0.034
3512.174	-0.053	0.034
3512.265	-0.053	0.034
3512.343	-0.053	0.033
3512.422	-0.053	0.034
3512.500	-0.053	0.033
3512.591	-0.053	0.034
3512.669	-0.053	0.033
3512.760	-0.053	0.034
3512.838	-0.053	0.034
3512.929	-0.053	0.034
3513.008	-0.053	0.034
3513.086	-0.054	0.034
3513.177	-0.053	0.034
3513.255	-0.053	0.034
3513.333	-0.053	0.039
3513.424	-0.053	0.038
3513.502	-0.053	0.038
3513.593	-0.053	0.039
3513.672	-0.053	0.039
3513.762	-0.053	0.039
3513.841	-0.053	0.042
3513.919	-0.053	0.040
3514.010	-0.053	0.044
3514.088	-0.052	0.043
3514.179	-0.054	0.040
3514.258	-0.053	0.039
3514.336	-0.053	0.039
3514.427	-0.053	0.039
3514.505	-0.053	0.039
3514.583	-0.053	0.039
3514.674	-0.053	0.039
3514.752	-0.053	0.038
3514.843	-0.053	0.035
3514.922	-0.053	0.036
3515.012	-0.053	0.036
3515.091	-0.053	0.034
3515.169	-0.053	0.035
3515.260	-0.053	0.037
3515.338	-0.053	0.036
3515.417	-0.053	0.037
3515.508	-0.053	0.037
3515.586	-0.053	0.035
3515.677	-0.053	0.036
3515.755	-0.053	0.038
3515.846	-0.054	0.038
3515.924	-0.053	0.039
3516.002	-0.053	0.039
3516.093	-0.053	0.039
3516.172	-0.053	0.039
3516.262	-0.053	0.037
3516.341	-0.053	0.039
3516.419	-0.053	0.038
3516.510	-0.053	0.039
3516.588	-0.053	0.039
3516.679	-0.053	0.039
3516.758	-0.053	0.038
3516.836	-0.053	0.039
3516.927	-0.053	0.038
3517.005	-0.053	0.039
3517.096	-0.053	0.039
3517.174	-0.053	0.039
3517.265	-0.053	0.037
3517.343	-0.053	0.037
3517.422	-0.053	0.038
3517.500	-0.053	0.039
3517.591	-0.053	0.039
3517.669	-0.053	0.039
3517.760	-0.053	0.039
3517.838	-0.053	0.039
3517.929	-0.053	0.038
3518.008	-0.053	0.037
3518.086	-0.053	0.034
3518.177	-0.053	0.034
3518.255	-0.053	0.034
3518.346	-0.053	0.034
3518.424	-0.053	0.034
3518.502	-0.053	0.034
3518.593	-0.053	0.034
3518.672	-0.053	0.034
3518.750	-0.053	0.033
3518.841	-0.053	0.034
3518.919	-0.053	0.034
3519.010	-0.053	0.034
3519.088	-0.053	0.034
3519.179	-0.053	0.034
3519.258	-0.053	0.034
3519.336	-0.053	0.034
3519.427	-0.053	0.034
3519.505	-0.053	0.034
3519.583	-0.053	0.034
3519.674	-0.053	0.034
3519.752	-0.053	0.034
3519.843	-0.053	0.034
3519.922	-0.053	0.034
3520.000	-0.053	0.034
3520.091	-0.053	0.032
3520.169	-0.053	0.033
3520.260	-0.053	0.032
3520.338	-0.053	0.032
3520.417	-0.053	0.032
3520.508	-0.053	0.029
3520.586	-0.053	0.031
3520.677	-0.053	0.031
3520.755	-0.053	0.033
3520.833	-0.053	0.034
3520.924	-0.053	0.034
3521.002	-0.053	0.034
3521.093	-0.053	0.034
3521.172	-0.053	0.034
3521.250	-0.053	0.034
3521.341	-0.053	0.034
3521.419	-0.053	0.034
3521.510	-0.053	0.034
3521.588	-0.053	0.034
3521.667	-0.053	0.034
3521.758	-0.053	0.034
3521.836	-0.053	0.033
3521.927	-0.053	0.033
3522.005	-0.053	0.033
3522.083	-0.053	0.034
3522.174	-0.053	0.034
3522.265	-0.053	0.034
3522.343	-0.053	0.034
3522.422	-0.053	0.039
3522.500	-0.053	0.039
3522.591	-0.053	0.039
3522.669	-0.053	0.039
3522.760	-0.053	0.041
3522.838	-0.053	0.041
3522.917	-0.053	0.040
3523.008	-0.053	0.039
3523.086	-0.053	0.040
3523.177	-0.053	0.039
3523.255	-0.053	0.039
3523.333	-0.053	0.040
3523.424	-0.053	0.039
3523.502	-0.053	0.039
3523.593	-0.053	0.039
3523.672	-0.053	0.039
3523.750	-0.053	0.039
3523.841	-0.053	0.039
3523.919	-0.052	0.039
3524.010	-0.053	0.039
3524.088	-0.053	0.039
3524.167	-0.053	0.039
3524.258	-0.053	0.039
3524.336	-0.053	0.039
3524.427	-0.053	0.039
3524.505	-0.053	0.039
3524.583	-0.053	0.039
3524.674	-0.053	0.039
3524.752	-0.053	0.039
3524.843	-0.053	0.039
3524.922	-0.054	0.039
3525.000	-0.053	0.038
3525.091	-0.053	0.039
3525.169	-0.053	0.037
3525.260	-0.053	0.034
3525.338	-0.053	0.034
3525.417	-0.053	0.034
3525.508	-0.053	0.034
3525.586	-0.053	0.034
3525.677	-0.053	0.034
3525.755	-0.053	0.034
3525.833	-0.053	0.034
3525.924	-0.053	0.034
3526.002	-0.053	0.033
3526.093	-0.053	0.034
3526.172	-0.053	0.034
3526.250	-0.053	0.034
3526.341	-0.053	0.034
3526.419	-0.053	0.034
3526.510	-0.053	0.034
3526.588	-0.053	0.034
3526.667	-0.053	0.034
3526.758	-0.052	0.034
3526.836	-0.053	0.034
3526.927	-0.053	0.035
3527.005	-0.053	0.039
3527.083	-0.053	0.039
3527.174	-0.053	0.039
3527.252	-0.052	0.039
3527.343	-0.053	0.039
3527.422	-0.053	0.039
3527.500	-0.053	0.041
3527.591	-0.053	0.042
3527.669	-0.053	0.044
3527.760	-0.053	0.039
3527.838	-0.053	0.039
3527.917	-0.053	0.038
3528.008	-0.053	0.036
3528.086	-0.053	0.034
3528.177	-0.053	0.034
3528.255	-0.053	0.034
3528.333	-0.053	0.034
3528.424	-0.053	0.034
3528.502	-0.053	0.034
3528.593	-0.053	0.034
3528.672	-0.053	0.034
3528.750	-0.053	0.034
3528.841	-0.053	0.035
3528.919	-0.053	0.037
3529.010	-0.052	0.039
3529.088	-0.053	0.039
3529.167	-0.053	0.039
3529.258	-0.053	0.039
3529.336	-0.053	0.039
3529.427	-0.053	0.039
3529.505	-0.053	0.039
3529.583	-0.053	0.039
3529.674	-0.053	0.039
3529.752	-0.053	0.039
3529.843	-0.053	0.039
3529.922	-0.053	0.039
3530.000	-0.052	0.039
3530.091	-0.053	0.041
3530.169	-0.053	0.042
3530.260	-0.053	0.044
3530.338	-0.053	0.044
3530.417	-0.053	0.044
3530.508	-0.053	0.044
3530.586	-0.053	0.044
3530.677	-0.053	0.044
3530.755	-0.053	0.044
3530.833	-0.053	0.044
3530.924	-0.053	0.044
3531.002	-0.053	0.044
3531.093	-0.052	0.044
3531.172	-0.053	0.043
3531.250	-0.053	0.044
3531.341	-0.053	0.044
3531.419	-0.053	0.044
3531.510	-0.053	0.044
3531.588	-0.053	0.044
3531.667	-0.053	0.043
3531.758	-0.053	0.040
3531.836	-0.053	0.040
3531.927	-0.053	0.039
3532.005	-0.053	0.040
3532.083	-0.053	0.041
3532.174	-0.053	0.041
3532.252	-0.053	0.043
3532.343	-0.053	0.044
3532.422	-0.052	0.044
3532.500	-0.053	0.044
3532.591	-0.053	0.044
3532.669	-0.053	0.044
3532.760	-0.053	0.044
3532.838	-0.053	0.044
3532.917	-0.052	0.044
3533.008	-0.053	0.044
3533.086	-0.053	0.044
3533.177	-0.052	0.043
3533.255	-0.052	0.043
3533.333	-0.053	0.042
3533.424	-0.053	0.041
3533.502	-0.053	0.040
3533.593	-0.053	0.039
3533.672	-0.052	0.039
3533.750	-0.053	0.039
3533.841	-0.053	0.039
3533.919	-0.053	0.039
3534.010	-0.053	0.040
3534.088	-0.053	0.039
3534.167	-0.053	0.041
3534.258	-0.053	0.040
3534.336	-0.053	0.039
3534.427	-0.053	0.039
3534.505	-0.053	0.039
3534.583	-0.052	0.039
3534.674	-0.053	0.039
3534.752	-0.052	0.040
3534.843	-0.052	0.039
3534.922	-0.053	0.039
3535.000	-0.053	0.039
3535.091	-0.053	0.039
3535.169	-0.053	0.039
3535.260	-0.053	0.039
3535.338	-0.051	0.039
3535.417	-0.053	0.039
3535.508	-0.053	0.039
3535.586	-0.053	0.039
3535.677	-0.053	0.041
3535.755	-0.053	0.041
3535.833	-0.052	0.044
3535.924	-0.053	0.044
3536.002	-0.053	0.044
3536.093	-0.052	0.044
3536.172	-0.052	0.044
3536.250	-0.052	0.045
3536.341	-0.053	0.046
3536.419	-0.053	0.047
3536.510	-0.052	0.049
3536.588	-0.053	0.049
3536.667	-0.053	0.048
3536.758	-0.053	0.048
3536.836	-0.053	0.047
3536.927	-0.053	0.045
3537.005	-0.053	0.045
3537.083	-0.053	0.044
3537.174	-0.052	0.044
3537.252	-0.053	0.044
3537.343	-0.052	0.044
3537.422	-0.052	0.044
3537.500	-0.052	0.043
3537.591	-0.053	0.042
3537.669	-0.052	0.041
3537.760	-0.052	0.040
3537.838	-0.053	0.039
3537.917	-0.052	0.039
3538.008	-0.053	0.039
3538.086	-0.051	0.039
3538.177	-0.053	0.039
3538.255	-0.053	0.039
3538.333	-0.053	0.039
3538.424	-0.052	0.039
3538.502	-0.049	0.039
3538.593	-0.052	0.039
3538.672	-0.053	0.039
3538.762	-0.052	0.039
3538.841	-0.052	0.039
3538.919	-0.051	0.039
3539.010	-0.050	0.039
3539.088	-0.052	0.039
3539.167	-0.052	0.039
3539.258	-0.052	0.039
3539.336	-0.053	0.039
3539.427	-0.052	0.039
3539.505	-0.052	0.039
3539.583	-0.053	0.040
3539.674	-0.052	0.043
3539.752	-0.051	0.044
3539.843	-0.051	0.044
3539.922	-0.053	0.045
3540.000	-0.052	0.045
3540.091	-0.053	0.045
3540.169	-0.051	0.047
3540.260	-0.053	0.045
3540.338	-0.053	0.048
3540.417	-0.053	0.047
3540.508	-0.052	0.045
3540.586	-0.052	0.046
3540.677	-0.052	0.044
3540.755	-0.053	0.044
3540.833	-0.051	0.044
3540.924	-0.051	0.044
3541.002	-0.050	0.044
3541.093	-0.050	0.044
3541.172	-0.053	0.044
3541.250	-0.052	0.043
3541.341	-0.052	0.044
3541.419	-0.051	0.044
3541.510	-0.051	0.044
3541.588	-0.051	0.044
3541.667	-0.053	0.044
3541.758	-0.053	0.045
3541.836	-0.053	0.044
3541.927	-0.051	0.044
3542.005	-0.050	0.044
3542.083	-0.051	0.044
3542.174	-0.052	0.044
3542.252	-0.053	0.044
3542.343	-0.052	0.044
3542.422	-0.051	0.044
3542.500	-0.050	0.044
3542.591	-0.050	0.043
3542.669	-0.052	0.042
3542.760	-0.053	0.044
3542.838	-0.053	0.044
3542.917	-0.052	0.044
3543.008	-0.052	0.044
3543.086	-0.052	0.044
3543.177	-0.051	0.042
3543.255	-0.053	0.041
3543.333	-0.050	0.041
3543.424	-0.052	0.040
3543.502	-0.053	0.042
3543.593	-0.052	0.039
3543.672	-0.052	0.039
3543.750	-0.051	0.039
3543.841	-0.053	0.039
3543.919	-0.053	0.039
3544.010	-0.052	0.039
3544.088	-0.052	0.039
3544.167	-0.052	0.039
3544.258	-0.050	0.039
3544.336	-0.052	0.039
3544.427	-0.051	0.039
3544.505	-0.053	0.039
3544.583	-0.052	0.039
3544.674	-0.052	0.039
3544.752	-0.052	0.040
3544.843	-0.053	0.043
3544.922	-0.051	0.044
3545.000	-0.053	0.044
3545.091	-0.051	0.044
3545.169	-0.050	0.044
3545.260	-0.051	0.045
3545.338	-0.052	0.049
3545.417	-0.053	0.049
3545.508	-0.052	0.049
3545.586	-0.052	0.050
3545.677	-0.051	0.052
3545.755	-0.051	0.052
3545.833	-0.051	0.054
3545.924	-0.052	0.054
3546.002	-0.051	0.055
3546.093	-0.053	0.054
3546.172	-0.052	0.055
3546.250	-0.052	0.055
3546.341	-0.051	0.054
3546.419	-0.051	0.054
3546.510	-0.050	0.054
3546.588	-0.050	0.054
3546.667	-0.052	0.054
3546.758	-0.051	0.054
3546.836	-0.051	0.054
3546.927	-0.051	0.054
3547.005	-0.049	0.054
3547.083	-0.049	0.054
3547.174	-0.053	0.051
3547.252	-0.051	0.051
3547.343	-0.049	0.051
3547.422	-0.050	0.050
3547.500	-0.051	0.049
3547.591	-0.050	0.049
3547.669	-0.051	0.047
3547.760	-0.050	0.045
3547.838	-0.053	0.044
3547.917	-0.053	0.044
3548.008	-0.051	0.044
3548.086	-0.051	0.044
3548.177	-0.052	0.042
3548.255	-0.050	0.044
3548.333	-0.050	0.043
3548.424	-0.050	0.042
3548.502	-0.053	0.043
3548.593	-0.050	0.039
3548.672	-0.050	0.039
3548.750	-0.049	0.039
3548.841	-0.049	0.039
3548.919	-0.051	0.039
3549.010	-0.049	0.039
3549.088	-0.049	0.039
3549.167	-0.050	0.039
3549.258	-0.052	0.040
3549.336	-0.051	0.040
3549.427	-0.051	0.044
3549.505	-0.050	0.043
3549.583	-0.053	0.044
3549.674	-0.051	0.044
3549.752	-0.049	0.044
3549.843	-0.052	0.044
3549.922	-0.051	0.044
3550.000	-0.051	0.044
3550.091	-0.049	0.044
3550.169	-0.051	0.045
3550.260	-0.051	0.045
3550.338	-0.051	0.045
3550.417	-0.049	0.044
3550.508	-0.051	0.044
3550.586	-0.052	0.044
3550.677	-0.051	0.044
3550.755	-0.051	0.044
3550.833	-0.049	0.044
3550.924	-0.049	0.044
3551.002	-0.049	0.044
3551.093	-0.049	0.044
3551.172	-0.049	0.044
3551.250	-0.051	0.044
3551.341	-0.050	0.043
3551.419	-0.052	0.044
3551.510	-0.052	0.044
3551.588	-0.052	0.044
3551.667	-0.050	0.044
3551.758	-0.050	0.044
3551.836	-0.049	0.044
3551.927	-0.050	0.044
3552.005	-0.051	0.044
3552.083	-0.050	0.044
3552.174	-0.050	0.044
3552.252	-0.049	0.043
3552.343	-0.049	0.044
3552.422	-0.051	0.045
3552.500	-0.049	0.045
3552.591	-0.049	0.047
3552.669	-0.051	0.046
3552.760	-0.050	0.047
3552.838	-0.050	0.046
3552.917	-0.049	0.048
3553.008	-0.049	0.049
3553.086	-0.049	0.049
3553.177	-0.050	0.050
3553.255	-0.049	0.051
3553.333	-0.049	0.051
3553.424	-0.049	0.052
3553.502	-0.049	0.051
3553.593	-0.049	0.051
3553.672	-0.051	0.050
3553.750	-0.049	0.051
3553.841	-0.049	0.051
3553.919	-0.050	0.050
3554.010	-0.049	0.051
3554.088	-0.050	0.049
3554.167	-0.049	0.049
3554.258	-0.049	0.050
3554.336	-0.049	0.050
3554.427	-0.049	0.049
3554.505	-0.049	0.049
3554.583	-0.049	0.049
3554.674	-0.050	0.049
3554.752	-0.049	0.049
3554.843	-0.049	0.049
3554.922	-0.051	0.049
3555.000	-0.049	0.049
3555.091	-0.049	0.049
3555.169	-0.050	0.049
3555.260	-0.050	0.049
3555.338	-0.050	0.049
3555.417	-0.049	0.049
3555.508	-0.049	0.049
3555.586	-0.048	0.049
3555.677	-0.049	0.051
3555.755	-0.049	0.050
3555.846	-0.049	0.054
3555.924	-0.049	0.054
3556.002	-0.049	0.054
3556.093	-0.049	0.054
3556.172	-0.048	0.054
3556.250	-0.049	0.054
3556.341	-0.049	0.054
3556.419	-0.051	0.054
3556.510	-0.049	0.054
3556.588	-0.050	0.055
3556.667	-0.049	0.055
3556.758	-0.048	0.054
3556.836	-0.048	0.054
3556.927	-0.050	0.054
3557.005	-0.049	0.054
3557.083	-0.049	0.054
3557.174	-0.049	0.053
3557.252	-0.048	0.051
3557.343	-0.049	0.051
3557.422	-0.049	0.051
3557.500	-0.048	0.050
3557.591	-0.050	0.051
3557.669	-0.051	0.050
3557.760	-0.049	0.049
3557.838	-0.049	0.049
3557.917	-0.049	0.049
3558.008	-0.049	0.049
3558.086	-0.049	0.049
3558.177	-0.048	0.049
3558.255	-0.049	0.050
3558.333	-0.049	0.052
3558.424	-0.049	0.053
3558.502	-0.049	0.054
3558.593	-0.049	0.054
3558.672	-0.048	0.054
3558.750	-0.049	0.054
3558.841	-0.048	0.054
3558.919	-0.049	0.054
3559.010	-0.049	0.054
3559.088	-0.049	0.051
3559.167	-0.048	0.051
3559.258	-0.049	0.050
3559.336	-0.049	0.049
3559.427	-0.048	0.050
3559.505	-0.048	0.049
3559.583	-0.048	0.049
3559.674	-0.048	0.048
3559.752	-0.049	0.044
3559.843	-0.048	0.044
3559.922	-0.049	0.044
3560.000	-0.049	0.044
3560.091	-0.048	0.044
3560.169	-0.049	0.043
3560.260	-0.049	0.044
3560.338	-0.048	0.041
3560.417	-0.049	0.039
3560.508	-0.049	0.042
3560.586	-0.049	0.040
3560.677	-0.048	0.041
3560.755	-0.049	0.043
3560.833	-0.048	0.042
3560.924	-0.048	0.044
3561.002	-0.049	0.044
3561.093	-0.048	0.044
3561.172	-0.048	0.044
3561.250	-0.048	0.044
3561.341	-0.049	0.047
3561.419	-0.048	0.049
3561.510	-0.049	0.049
3561.588	-0.048	0.049
3561.667	-0.048	0.051
3561.758	-0.049	0.052
3561.836	-0.049	0.051
3561.927	-0.049	0.053
3562.005	-0.048	0.053
3562.083	-0.050	0.054
3562.174	-0.049	0.053
3562.252	-0.049	0.051
3562.343	-0.048	0.051
3562.422	-0.049	0.051
3562.500	-0.048	0.050
3562.591	-0.048	0.049
3562.669	-0.048	0.049
3562.760	-0.048	0.050
3562.838	-0.049	0.050
3562.917	-0.048	0.052
3563.008	-0.048	0.053
3563.086	-0.048	0.054
3563.177	-0.048	0.056
3563.255	-0.049	0.058
3563.333	-0.048	0.057
3563.424	-0.048	0.057
3563.502	-0.048	0.056
3563.593	-0.048	0.057
3563.672	-0.048	0.056
3563.750	-0.049	0.057
3563.841	-0.049	0.058
3563.919	-0.048	0.057
3564.010	-0.048	0.057
3564.088	-0.048	0.059
3564.167	-0.048	0.059
3564.258	-0.048	0.059
3564.336	-0.049	0.059
3564.414	-0.048	0.059
3564.505	-0.048	0.058
3564.583	-0.048	0.055
3564.674	-0.049	0.055
3564.752	-0.048	0.054
3564.843	-0.048	0.054
3564.922	-0.048	0.054
3565.000	-0.048	0.054
3565.091	-0.048	0.054
3565.169	-0.049	0.053
3565.248	-0.048	0.054
3565.338	-0.048	0.052
3565.417	-0.048	0.051
3565.508	-0.048	0.052
3565.586	-0.048	0.050
3565.664	-0.048	0.049
3565.755	-0.048	0.049
3565.833	-0.048	0.049
3565.924	-0.048	0.048
3566.002	-0.048	0.049
3566.081	-0.048	0.048
3566.172	-0.048	0.049
3566.250	-0.048	0.049
3566.341	-0.048	0.049
3566.419	-0.048	0.049
3566.498	-0.048	0.051
3566.588	-0.048	0.053
3566.667	-0.048	0.054
3566.758	-0.048	0.054
3566.836	-0.048	0.054
3566.927	-0.048	0.052
3567.005	-0.049	0.052
3567.083	-0.048	0.052
3567.174	-0.048	0.052
3567.252	-0.048	0.052
3567.331	-0.048	0.051
3567.422	-0.048	0.050
3567.500	-0.048	0.050
3567.591	-0.049	0.049
3567.669	-0.049	0.049
3567.760	-0.048	0.049
3567.838	-0.048	0.049
3567.917	-0.048	0.048
3568.008	-0.048	0.047
3568.086	-0.048	0.048
3568.177	-0.048	0.045
3568.255	-0.048	0.044
3568.333	-0.048	0.045
3568.424	-0.048	0.044
3568.502	-0.048	0.044
3568.593	-0.048	0.044
3568.672	-0.048	0.045
3568.750	-0.048	0.045
3568.841	-0.048	0.044
3568.919	-0.048	0.044
3569.010	-0.048	0.044
3569.088	-0.048	0.044
3569.167	-0.048	0.044
3569.258	-0.048	0.044
3569.336	-0.048	0.044
3569.427	-0.048	0.044
3569.505	-0.048	0.046
3569.583	-0.048	0.047
3569.674	-0.048	0.046
3569.752	-0.048	0.048
3569.843	-0.048	0.048
3569.922	-0.048	0.049
3570.000	-0.048	0.049
3570.091	-0.048	0.049
3570.169	-0.048	0.049
3570.260	-0.048	0.050
3570.338	-0.048	0.050
3570.417	-0.048	0.051
3570.508	-0.048	0.051
3570.586	-0.048	0.051
3570.677	-0.048	0.053
3570.755	-0.048	0.053
3570.833	-0.048	0.054
3570.924	-0.048	0.053
3571.002	-0.048	0.054
3571.093	-0.048	0.054
3571.172	-0.049	0.054
3571.250	-0.049	0.054
3571.341	-0.048	0.054
3571.419	-0.049	0.052
3571.510	-0.048	0.052
3571.588	-0.048	0.051
3571.667	-0.048	0.051
3571.758	-0.048	0.051
3571.836	-0.048	0.051
3571.914	-0.048	0.049
3572.005	-0.048	0.049
3572.083	-0.048	0.049
3572.174	-0.049	0.049
3572.252	-0.048	0.049
3572.331	-0.048	0.049
3572.422	-0.048	0.047
3572.500	-0.048	0.045
3572.591	-0.048	0.044
3572.669	-0.048	0.044
3572.748	-0.048	0.044
3572.838	-0.048	0.044
3572.917	-0.048	0.044
3573.008	-0.048	0.044
3573.086	-0.048	0.044
3573.164	-0.048	0.045
3573.255	-0.048	0.049
3573.333	-0.048	0.049
3573.424	-0.048	0.049
3573.502	-0.048	0.049
3573.581	-0.048	0.048
3573.672	-0.048	0.048
3573.750	-0.048	0.046
3573.841	-0.048	0.045
3573.919	-0.048	0.046
3573.998	-0.048	0.045
3574.088	-0.048	0.046
3574.167	-0.048	0.046
3574.258	-0.048	0.048
3574.336	-0.048	0.049
3574.414	-0.048	0.049
3574.505	-0.048	0.049
3574.583	-0.048	0.049
3574.674	-0.048	0.050
3574.752	-0.048	0.050
3574.831	-0.048	0.051
3574.922	-0.048	0.054
3575.000	-0.048	0.053
3575.091	-0.048	0.054
3575.169	-0.048	0.054
3575.248	-0.048	0.056
3575.338	-0.048	0.056
3575.417	-0.048	0.058
3575.508	-0.048	0.059
3575.586	-0.048	0.059
3575.664	-0.048	0.059
3575.755	-0.048	0.059
3575.833	-0.048	0.058
3575.924	-0.048	0.057
3576.002	-0.048	0.056
3576.081	-0.048	0.056
3576.172	-0.048	0.054
3576.250	-0.048	0.053
3576.341	-0.048	0.054
3576.419	-0.048	0.052
3576.498	-0.048	0.052
3576.588	-0.048	0.054
3576.667	-0.048	0.054
3576.758	-0.048	0.054
3576.836	-0.048	0.054
3576.914	-0.048	0.054
3577.005	-0.048	0.055
3577.083	-0.048	0.056
3577.174	-0.048	0.056
3577.252	-0.048	0.054
3577.331	-0.048	0.056
3577.422	-0.048	0.056
3577.500	-0.048	0.059
3577.591	-0.048	0.059
3577.669	-0.048	0.059
3577.748	-0.048	0.059
3577.838	-0.048	0.062
3577.917	-0.048	0.064
3578.008	-0.048	0.064
3578.086	-0.048	0.064
3578.164	-0.048	0.064
3578.255	-0.048	0.064
3578.333	-0.048	0.064
3578.424	-0.048	0.064
3578.502	-0.048	0.063
3578.581	-0.048	0.063
3578.672	-0.048	0.064
3578.750	-0.048	0.064
3578.841	-0.048	0.062
3578.919	-0.048	0.062
3578.998	-0.048	0.060
3579.088	-0.048	0.059
3579.167	-0.048	0.059
3579.244	-0.048	0.059
3579.336	-0.048	0.059
3579.414	-0.048	0.059
3579.505	-0.048	0.058
3579.583	-0.048	0.059
3579.674	-0.048	0.059
3579.752	-0.048	0.059
3579.831	-0.048	0.059
3579.922	-0.048	0.059
3580.000	-0.048	0.059
3580.091	-0.048	0.059
3580.169	-0.048	0.059
3580.248	-0.048	0.059
3580.338	-0.048	0.059
3580.417	-0.048	0.059
3580.508	-0.048	0.059
3580.586	-0.048	0.059
3580.664	-0.048	0.059
3580.755	-0.048	0.056
3580.833	-0.048	0.054
3580.924	-0.048	0.054
3581.002	-0.048	0.054
3581.081	-0.048	0.053
3581.172	-0.048	0.050
3581.250	-0.048	0.049
3581.341	-0.048	0.049
3581.419	-0.048	0.049
3581.498	-0.048	0.047
3581.588	-0.048	0.044
3581.667	-0.048	0.044
3581.758	-0.048	0.044
3581.836	-0.048	0.044
3581.914	-0.048	0.045
3582.005	-0.048	0.044
3582.083	-0.048	0.044
3582.174	-0.048	0.045
3582.252	-0.048	0.047
3582.331	-0.048	0.048
3582.422	-0.048	0.048
3582.500	-0.048	0.046
3582.591	-0.048	0.047
3582.669	-0.048	0.049
3582.748	-0.048	0.047
3582.838	-0.048	0.049
3582.917	-0.048	0.049
3583.008	-0.048	0.050
3583.086	-0.048	0.050
3583.164	-0.048	0.049
3583.255	-0.048	0.050
3583.333	-0.048	0.052
3583.424	-0.048	0.053
3583.502	-0.048	0.054
3583.581	-0.048	0.054
3583.672	-0.048	0.053
3583.750	-0.048	0.052
3583.841	-0.048	0.051
3583.919	-0.048	0.049
3583.998	-0.048	0.049
3584.088	-0.048	0.051
3584.167	-0.048	0.049
3584.258	-0.048	0.049
3584.336	-0.048	0.049
3584.414	-0.048	0.049
3584.505	-0.048	0.050
3584.583	-0.048	0.049
3584.674	-0.048	0.049
3584.752	-0.048	0.050
3584.831	-0.048	0.049
3584.922	-0.048	0.052
3585.000	-0.048	0.053
3585.091	-0.048	0.054
3585.169	-0.048	0.054
3585.248	-0.048	0.053
3585.338	-0.048	0.054
3585.417	-0.048	0.054
3585.508	-0.048	0.054
3585.586	-0.048	0.054
3585.664	-0.048	0.052
3585.755	-0.048	0.052
3585.833	-0.048	0.052
3585.924	-0.048	0.054
3586.002	-0.048	0.053
3586.081	-0.048	0.054
3586.172	-0.048	0.054
3586.250	-0.048	0.054
3586.341	-0.048	0.056
3586.419	-0.048	0.059
3586.498	-0.048	0.059
3586.588	-0.048	0.061
3586.667	-0.048	0.063
3586.758	-0.048	0.062
3586.836	-0.048	0.064
3586.914	-0.048	0.064
3587.005	-0.048	0.064
3587.083	-0.048	0.064
3587.174	-0.048	0.064
3587.252	-0.048	0.064
3587.331	-0.048	0.064
3587.422	-0.047	0.064
3587.500	-0.048	0.064
3587.591	-0.048	0.064
3587.669	-0.048	0.064
3587.748	-0.048	0.064
3587.838	-0.048	0.062
3587.917	-0.048	0.061
3588.008	-0.048	0.059
3588.086	-0.048	0.059
3588.164	-0.048	0.059
3588.255	-0.048	0.059
3588.333	-0.048	0.059
3588.424	-0.048	0.059
3588.502	-0.048	0.059
3588.581	-0.048	0.059
3588.672	-0.048	0.062
3588.750	-0.048	0.064
3588.841	-0.048	0.063
3588.919	-0.048	0.064
3588.998	-0.048	0.064
3589.088	-0.048	0.064
3589.167	-0.047	0.064
3589.258	-0.048	0.064
3589.336	-0.048	0.064
3589.414	-0.048	0.064
3589.505	-0.048	0.064
3589.583	-0.048	0.064
3589.674	-0.048	0.064
3589.752	-0.048	0.064
3589.831	-0.048	0.064
3589.922	-0.048	0.064
3590.000	-0.048	0.065
3590.091	-0.048	0.065
3590.169	-0.048	0.064
3590.260	-0.048	0.065
3590.338	-0.048	0.064
3590.417	-0.048	0.064
3590.508	-0.048	0.064
3590.586	-0.048	0.064
3590.664	-0.047	0.064
3590.755	-0.048	0.064
3590.833	-0.048	0.064
3590.924	-0.048	0.064
3591.002	-0.048	0.061
3591.081	-0.048	0.059
3591.172	-0.048	0.059
3591.250	-0.048	0.058
3591.341	-0.048	0.057
3591.419	-0.048	0.056
3591.498	-0.047	0.055
3591.588	-0.048	0.054
3591.667	-0.048	0.054
3591.758	-0.048	0.054
3591.836	-0.048	0.054
3591.914	-0.048	0.054
3592.005	-0.048	0.054
3592.083	-0.048	0.053
3592.174	-0.048	0.053
3592.252	-0.048	0.054
3592.331	-0.048	0.054
3592.422	-0.048	0.054
3592.500	-0.048	0.054
3592.591	-0.048	0.055
3592.669	-0.048	0.054
3592.748	-0.047	0.054
3592.838	-0.048	0.055
3592.917	-0.048	0.054
3593.008	-0.048	0.056
3593.086	-0.048	0.056
3593.164	-0.048	0.054
3593.255	-0.048	0.054
3593.333	-0.048	0.054
3593.424	-0.048	0.054
3593.502	-0.048	0.054
3593.581	-0.048	0.054
3593.672	-0.048	0.054
3593.750	-0.048	0.054
3593.841	-0.048	0.056
3593.919	-0.048	0.054
3593.998	-0.048	0.054
3594.088	-0.048	0.054
3594.167	-0.048	0.054
3594.258	-0.047	0.054
3594.336	-0.048	0.054
3594.414	-0.048	0.054
3594.505	-0.048	0.054
3594.583	-0.048	0.054
3594.674	-0.047	0.054
3594.752	-0.048	0.052
3594.831	-0.048	0.054
3594.922	-0.048	0.054
3595.000	-0.048	0.054
3595.091	-0.048	0.054
3595.169	-0.048	0.054
3595.248	-0.048	0.055
3595.338	-0.048	0.056
3595.417	-0.048	0.058
3595.508	-0.047	0.059
3595.586	-0.048	0.060
3595.664	-0.046	0.062
3595.755	-0.046	0.064
3595.833	-0.048	0.064
3595.924	-0.048	0.064
3596.002	-0.048	0.064
3596.081	-0.048	0.064
3596.172	-0.047	0.064
3596.250	-0.046	0.064
3596.341	-0.048	0.064
3596.419	-0.048	0.064
3596.498	-0.047	0.064
3596.588	-0.047	0.064
3596.667	-0.047	0.064
3596.758	-0.048	0.063
3596.836	-0.048	0.064
3596.914	-0.048	0.064
3597.005	-0.047	0.064
3597.083	-0.048	0.064
3597.174	-0.048	0.064
3597.252	-0.048	0.064
3597.331	-0.048	0.067
3597.422	-0.048	0.068
3597.500	-0.047	0.068
3597.591	-0.048	0.069
3597.669	-0.046	0.069
3597.748	-0.046	0.069
3597.838	-0.048	0.069
3597.917	-0.046	0.069
3598.008	-0.048	0.068
3598.086	-0.048	0.068
3598.164	-0.048	0.066
3598.255	-0.048	0.064
3598.333	-0.048	0.065
3598.424	-0.048	0.064
3598.502	-0.048	0.064
3598.581	-0.048	0.064
3598.672	-0.048	0.064
3598.750	-0.046	0.062
3598.841	-0.048	0.064
3598.919	-0.047	0.064
3598.998	-0.047	0.064
3599.088	-0.048	0.064
3599.167	-0.047	0.064
3599.258	-0.046	0.062
3599.336	-0.048	0.063
3599.414	-0.048	0.062
3599.505	-0.048	0.063
3599.583	-0.047	0.062
3599.674	-0.047	0.063
3599.752	-0.048	0.063
3599.831	-0.048	0.060
3599.922	-0.046	0.059
3600.000	-0.046	0.059
3600.091	-0.047	0.059
3600.169	-0.047	0.059
3600.248	-0.047	0.059
3600.338	-0.047	0.059
3600.417	-0.048	0.060
3600.508	-0.047	0.060
3600.586	-0.045	0.060
3600.664	-0.047	0.060
3600.755	-0.047	0.061
3600.833	-0.047	0.060
3600.924	-0.047	0.060
3601.002	-0.046	0.059
3601.081	-0.048	0.059
3601.172	-0.046	0.059
3601.250	-0.048	0.058
3601.341	-0.048	0.059
3601.419	-0.045	0.059
3601.498	-0.047	0.057
3601.588	-0.048	0.058
3601.667	-0.047	0.058
3601.758	-0.048	0.056
3601.836	-0.047	0.058
3601.914	-0.048	0.056
3602.005	-0.045	0.056
3602.083	-0.046	0.058
3602.174	-0.048	0.059
3602.252	-0.046	0.059
3602.331	-0.046	0.059
3602.422	-0.045	0.060
3602.500	-0.048	0.062
3602.591	-0.047	0.059
3602.669	-0.046	0.060
3602.748	-0.046	0.060
3602.838	-0.046	0.059
3602.917	-0.047	0.059
3603.008	-0.047	0.059
3603.086	-0.045	0.057
3603.164	-0.047	0.057
3603.255	-0.046	0.054
3603.333	-0.045	0.054
3603.424	-0.047	0.054
3603.502	-0.047	0.055
3603.581	-0.046	0.054
3603.672	-0.047	0.054
3603.750	-0.047	0.054
3603.841	-0.045	0.054
3603.919	-0.047	0.054
3603.998	-0.047	0.054
3604.088	-0.047	0.054
3604.167	-0.045	0.054
3604.258	-0.046	0.054
3604.336	-0.047	0.055
3604.414	-0.046	0.055
3604.505	-0.046	0.058
3604.583	-0.045	0.059
3604.674	-0.047	0.059
3604.752	-0.043	0.059
3604.831	-0.047	0.060
3604.922	-0.045	0.059
3605.000	-0.048	0.060
3605.091	-0.047	0.059
3605.169	-0.046	0.060
3605.248	-0.047	0.062
3605.338	-0.046	0.062
3605.417	-0.046	0.064
3605.508	-0.043	0.064
3605.586	-0.045	0.064
3605.664	-0.046	0.064
3605.755	-0.046	0.064
3605.833	-0.046	0.064
3605.924	-0.044	0.064
3606.002	-0.044	0.064
3606.081	-0.044	0.064
3606.172	-0.047	0.064
3606.250	-0.045	0.064
3606.341	-0.046	0.064
3606.419	-0.046	0.064
3606.498	-0.046	0.064
3606.588	-0.045	0.063
3606.667	-0.044	0.064
3606.758	-0.044	0.064
3606.836	-0.045	0.064
3606.914	-0.046	0.064
3607.005	-0.046	0.064
3607.083	-0.044	0.064
3607.174	-0.046	0.064
3607.252	-0.047	0.064
3607.331	-0.046	0.064
3607.422	-0.045	0.064
3607.500	-0.045	0.064
3607.591	-0.044	0.064
3607.669	-0.044	0.064
3607.748	-0.043	0.064
3607.838	-0.044	0.064
3607.917	-0.045	0.064
3608.008	-0.047	0.064
3608.086	-0.045	0.064
3608.164	-0.048	0.064
3608.255	-0.045	0.064
3608.333	-0.046	0.064
3608.424	-0.044	0.064
3608.502	-0.045	0.064
3608.581	-0.046	0.064
3608.672	-0.043	0.064
3608.750	-0.044	0.064
3608.841	-0.043	0.064
3608.919	-0.045	0.064
3608.998	-0.045	0.064
3609.088	-0.044	0.066
3609.167	-0.044	0.068
3609.258	-0.044	0.069
3609.336	-0.044	0.069
3609.414	-0.045	0.069
3609.505	-0.044	0.069
3609.583	-0.043	0.069
3609.674	-0.043	0.069
3609.752	-0.045	0.069
3609.831	-0.044	0.069
3609.922	-0.043	0.069
3610.000	-0.045	0.069
3610.091	-0.044	0.068
3610.169	-0.044	0.068
3610.248	-0.045	0.067
3610.338	-0.043	0.068
3610.417	-0.044	0.064
3610.508	-0.043	0.065
3610.586	-0.043	0.065
3610.664	-0.043	0.064
3610.755	-0.043	0.064
3610.833	-0.044	0.064
3610.924	-0.043	0.064
3611.002	-0.044	0.064
3611.081	-0.047	0.064
3611.172	-0.043	0.064
3611.250	-0.043	0.064
3611.341	-0.043	0.064
3611.419	-0.043	0.065
3611.498	-0.043	0.066
3611.588	-0.043	0.068
3611.667	-0.043	0.069
3611.758	-0.045	0.069
3611.836	-0.044	0.069
3611.914	-0.043	0.069
3612.005	-0.044	0.069
3612.083	-0.044	0.071
3612.174	-0.043	0.070
3612.252	-0.044	0.069
3612.343	-0.043	0.068
3612.422	-0.043	0.066
3612.500	-0.043	0.064
3612.591	-0.044	0.064
3612.669	-0.043	0.064
3612.748	-0.043	0.064
3612.838	-0.043	0.064
3612.917	-0.043	0.063
3613.008	-0.044	0.062
3613.086	-0.043	0.062
3613.164	-0.043	0.059
3613.255	-0.043	0.059
3613.333	-0.043	0.059
3613.424	-0.043	0.059
3613.502	-0.043	0.062
3613.581	-0.045	0.064
3613.672	-0.043	0.063
3613.750	-0.044	0.062
3613.841	-0.043	0.064
3613.919	-0.043	0.064
3613.998	-0.043	0.064
3614.088	-0.044	0.064
3614.167	-0.043	0.064
3614.258	-0.043	0.064
3614.336	-0.043	0.065
3614.414	-0.043	0.067
3614.505	-0.043	0.068
3614.583	-0.043	0.068
3614.674	-0.043	0.069
3614.752	-0.043	0.069
3614.831	-0.043	0.068
3614.922	-0.043	0.069
3615.000	-0.043	0.068
3615.091	-0.044	0.067
3615.169	-0.043	0.068
3615.248	-0.043	0.068
3615.338	-0.043	0.068
3615.417	-0.043	0.068
3615.508	-0.043	0.069
3615.586	-0.043	0.069
3615.664	-0.043	0.069
3615.755	-0.043	0.072
3615.833	-0.043	0.070
3615.924	-0.043	0.069
3616.002	-0.043	0.069
3616.081	-0.043	0.069
3616.172	-0.043	0.069
3616.250	-0.043	0.069
3616.341	-0.043	0.069
3616.419	-0.043	0.069
3616.498	-0.043	0.068
3616.588	-0.043	0.069
3616.667	-0.043	0.069
3616.758	-0.043	0.068
3616.836	-0.043	0.068
3616.914	-0.043	0.068
3617.005	-0.043	0.067
3617.083	-0.043	0.066
3617.174	-0.043	0.066
3617.252	-0.043	0.064
3617.331	-0.043	0.064
3617.422	-0.043	0.064
3617.500	-0.043	0.064
3617.591	-0.043	0.064
3617.669	-0.043	0.064
3617.748	-0.043	0.064
3617.838	-0.043	0.064
3617.917	-0.043	0.064
3617.994	-0.043	0.065
3618.086	-0.043	0.064
3618.164	-0.043	0.064
3618.255	-0.043	0.064
3618.333	-0.043	0.064
3618.424	-0.043	0.064
3618.502	-0.043	0.064
3618.581	-0.043	0.064
3618.672	-0.043	0.064
3618.750	-0.043	0.064
3618.841	-0.043	0.066
3618.919	-0.043	0.065
3618.998	-0.043	0.067
3619.088	-0.043	0.068
3619.167	-0.043	0.068
3619.244	-0.043	0.069
3619.336	-0.044	0.070
3619.414	-0.043	0.069
3619.505	-0.043	0.071
3619.583	-0.043	0.072
3619.661	-0.043	0.074
3619.752	-0.043	0.073
3619.831	-0.043	0.073
3619.922	-0.043	0.074
3620.000	-0.043	0.072
3620.091	-0.043	0.069
3620.169	-0.043	0.070
3620.248	-0.043	0.074
3620.338	-0.043	0.071
3620.417	-0.043	0.072
3620.494	-0.043	0.072
3620.586	-0.043	0.071
3620.664	-0.043	0.071
3620.755	-0.043	0.070
3620.833	-0.043	0.069
3620.911	-0.043	0.071
3621.002	-0.043	0.073
3621.081	-0.043	0.073
3621.172	-0.043	0.074
3621.250	-0.043	0.074
3621.327	-0.043	0.074
3621.419	-0.043	0.074
3621.498	-0.043	0.074
3621.588	-0.043	0.073
3621.667	-0.043	0.074
3621.744	-0.043	0.073
3621.836	-0.043	0.074
3621.914	-0.043	0.074
3622.005	-0.043	0.074
3622.083	-0.043	0.073
3622.174	-0.043	0.073
3622.252	-0.043	0.071
3622.331	-0.043	0.070
3622.422	-0.043	0.070
3622.500	-0.043	0.071
3622.591	-0.043	0.070
3622.669	-0.043	0.070
3622.748	-0.043	0.071
3622.838	-0.043	0.069
3622.917	-0.043	0.070
3622.994	-0.043	0.070
3623.086	-0.043	0.070
3623.164	-0.043	0.069
3623.255	-0.043	0.069
3623.333	-0.043	0.068
3623.411	-0.043	0.066
3623.502	-0.043	0.065
3623.581	-0.043	0.065
3623.672	-0.043	0.066
3623.750	-0.043	0.064
3623.827	-0.043	0.064
3623.919	-0.043	0.064
3623.998	-0.043	0.064
3624.088	-0.043	0.064
3624.167	-0.043	0.064
3624.244	-0.043	0.064
3624.336	-0.043	0.064
3624.414	-0.043	0.064
3624.505	-0.043	0.064
3624.583	-0.043	0.064
3624.661	-0.043	0.064
3624.752	-0.043	0.064
3624.831	-0.043	0.064
3624.922	-0.043	0.064
3625.000	-0.043	0.063
3625.091	-0.043	0.064
3625.169	-0.043	0.064
3625.248	-0.043	0.064
3625.338	-0.043	0.064
3625.417	-0.043	0.064
3625.508	-0.043	0.064
3625.586	-0.043	0.064
3625.664	-0.043	0.064
3625.755	-0.043	0.065
3625.833	-0.043	0.066
3625.911	-0.043	0.069
3626.002	-0.043	0.069
3626.081	-0.043	0.069
3626.172	-0.043	0.069
3626.250	-0.043	0.070
3626.341	-0.043	0.072
3626.419	-0.043	0.073
3626.498	-0.043	0.073
3626.588	-0.043	0.074
3626.667	-0.043	0.073
3626.744	-0.043	0.071
3626.836	-0.043	0.069
3626.914	-0.043	0.069
3627.005	-0.043	0.069
3627.083	-0.043	0.069
3627.161	-0.043	0.068
3627.252	-0.043	0.069
3627.331	-0.043	0.069
3627.422	-0.043	0.071
3627.500	-0.043	0.072
3627.577	-0.043	0.074
3627.669	-0.043	0.072
3627.748	-0.043	0.074
3627.838	-0.043	0.073
3627.917	-0.043	0.072
3627.994	-0.043	0.071
3628.086	-0.043	0.072
3628.164	-0.043	0.071
3628.255	-0.043	0.073
3628.333	-0.043	0.071
3628.411	-0.043	0.070
3628.502	-0.043	0.072
3628.581	-0.043	0.072
3628.672	-0.043	0.073
3628.750	-0.043	0.071
3628.827	-0.043	0.071
3628.919	-0.043	0.072
3628.998	-0.043	0.071
3629.088	-0.043	0.069
3629.167	-0.043	0.070
3629.244	-0.043	0.069
3629.336	-0.043	0.071
3629.414	-0.043	0.071
3629.505	-0.043	0.072
3629.583	-0.043	0.073
3629.661	-0.043	0.074
3629.752	-0.043	0.074
3629.831	-0.043	0.073
3629.922	-0.043	0.071
3630.000	-0.043	0.072
3630.077	-0.043	0.069
3630.169	-0.043	0.069
3630.248	-0.043	0.069
3630.338	-0.043	0.069
3630.417	-0.043	0.069
3630.508	-0.043	0.069
3630.586	-0.043	0.071
3630.664	-0.043	0.073
3630.755	-0.043	0.074
3630.833	-0.043	0.074
3630.924	-0.043	0.074
3631.002	-0.043	0.074
3631.081	-0.043	0.074
3631.172	-0.043	0.074
3631.250	-0.043	0.074
3631.341	-0.043	0.074
3631.419	-0.043	0.074
3631.498	-0.043	0.074
3631.588	-0.043	0.074
3631.667	-0.043	0.075
3631.744	-0.043	0.076
3631.836	-0.043	0.077
3631.914	-0.043	0.076
3632.005	-0.043	0.075
3632.083	-0.043	0.074
3632.161	-0.043	0.074
3632.252	-0.043	0.073
3632.331	-0.043	0.074
3632.422	-0.043	0.073
3632.500	-0.043	0.072
3632.577	-0.043	0.072
3632.669	-0.043	0.073
3632.748	-0.043	0.073
3632.838	-0.043	0.071
3632.917	-0.043	0.070
3633.008	-0.043	0.069
3633.086	-0.043	0.068
3633.164	-0.043	0.065
3633.255	-0.043	0.064
3633.333	-0.043	0.065
3633.424	-0.043	0.064
3633.502	-0.043	0.064
3633.581	-0.043	0.064
3633.672	-0.043	0.064
3633.750	-0.043	0.064
3633.841	-0.043	0.064
3633.919	-0.043	0.064
3633.998	-0.043	0.064
3634.088	-0.043	0.064
3634.167	-0.043	0.064
3634.244	-0.043	0.064
3634.336	-0.043	0.064
3634.414	-0.043	0.064
3634.505	-0.042	0.064
3634.583	-0.043	0.064
3634.674	-0.043	0.064
3634.752	-0.043	0.064
3634.831	-0.043	0.064
3634.922	-0.043	0.064
3635.000	-0.043	0.064
3635.091	-0.043	0.066
3635.169	-0.043	0.067
3635.248	-0.043	0.068
3635.338	-0.043	0.068
3635.417	-0.043	0.069
3635.508	-0.043	0.069
3635.586	-0.042	0.069
3635.664	-0.043	0.069
3635.755	-0.043	0.069
3635.833	-0.043	0.071
3635.924	-0.042	0.072
3636.002	-0.043	0.073
3636.081	-0.042	0.074
3636.172	-0.043	0.073
3636.250	-0.043	0.074
3636.327	-0.043	0.074
3636.419	-0.041	0.074
3636.498	-0.043	0.072
3636.588	-0.043	0.071
3636.667	-0.043	0.069
3636.744	-0.043	0.069
3636.836	-0.043	0.067
3636.914	-0.043	0.064
3637.005	-0.043	0.064
3637.083	-0.043	0.064
3637.161	-0.043	0.064
3637.252	-0.042	0.064
3637.331	-0.042	0.064
3637.422	-0.042	0.066
3637.500	-0.043	0.068
3637.577	-0.043	0.069
3637.669	-0.043	0.070
3637.748	-0.043	0.069
3637.838	-0.043	0.069
3637.917	-0.043	0.070
3637.994	-0.043	0.070
3638.086	-0.043	0.073
3638.164	-0.043	0.073
3638.255	-0.043	0.074
3638.333	-0.043	0.074
3638.411	-0.043	0.074
3638.502	-0.040	0.074
3638.581	-0.043	0.074
3638.672	-0.042	0.075
3638.750	-0.042	0.075
3638.841	-0.043	0.075
3638.919	-0.040	0.075
3638.998	-0.041	0.076
3639.088	-0.041	0.076
3639.167	-0.043	0.079
3639.244	-0.043	0.078
3639.336	-0.043	0.079
3639.414	-0.042	0.079
3639.505	-0.042	0.079
3639.583	-0.043	0.079
3639.661	-0.042	0.079
3639.752	-0.043	0.079
3639.831	-0.042	0.079
3639.922	-0.043	0.079
3640.000	-0.043	0.079
3640.091	-0.043	0.079
3640.169	-0.042	0.079
3640.260	-0.043	0.079
3640.338	-0.043	0.079
3640.417	-0.042	0.079
3640.494	-0.042	0.078
3640.586	-0.043	0.078
3640.664	-0.043	0.076
3640.755	-0.042	0.079
3640.833	-0.043	0.078
3640.924	-0.042	0.076
3641.002	-0.043	0.075
3641.081	-0.042	0.077
3641.172	-0.043	0.077
3641.250	-0.042	0.077
3641.327	-0.043	0.075
3641.419	-0.041	0.074
3641.498	-0.041	0.074
3641.588	-0.041	0.074
3641.667	-0.043	0.074
3641.744	-0.041	0.074
3641.836	-0.042	0.074
3641.914	-0.043	0.074
3642.005	-0.042	0.074
3642.083	-0.043	0.074
3642.161	-0.042	0.074
3642.252	-0.042	0.074
3642.331	-0.041	0.075
3642.422	-0.042	0.076
3642.500	-0.040	0.077
3642.591	-0.042	0.075
3642.669	-0.042	0.074
3642.748	-0.041	0.074
3642.838	-0.043	0.074
3642.917	-0.042	0.074
3642.994	-0.040	0.074
3643.086	-0.042	0.074
3643.164	-0.039	0.074
3643.255	-0.040	0.074
3643.333	-0.042	0.074
3643.424	-0.042	0.074
3643.502	-0.039	0.073
3643.581	-0.043	0.074
3643.672	-0.040	0.074
3643.750	-0.042	0.074
3643.827	-0.040	0.073
3643.919	-0.042	0.072
3643.998	-0.042	0.070
3644.088	-0.042	0.070
3644.167	-0.041	0.071
3644.258	-0.041	0.073
3644.336	-0.040	0.074
3644.414	-0.040	0.073
3644.505	-0.042	0.074
3644.583	-0.040	0.074
3644.661	-0.041	0.074
3644.752	-0.040	0.074
3644.831	-0.041	0.074
3644.922	-0.041	0.074
3645.000	-0.039	0.074
3645.091	-0.040	0.075
3645.169	-0.041	0.074
3645.248	-0.043	0.076
3645.338	-0.040	0.074
3645.417	-0.041	0.079
3645.494	-0.041	0.076
3645.586	-0.042	0.075
3645.664	-0.039	0.075
3645.755	-0.040	0.075
3645.833	-0.042	0.076
3645.924	-0.041	0.074
3646.002	-0.040	0.074
3646.081	-0.038	0.074
3646.172	-0.039	0.074
3646.250	-0.042	0.074
3646.327	-0.038	0.074
3646.419	-0.040	0.074
3646.498	-0.039	0.074
3646.588	-0.040	0.075
3646.667	-0.040	0.074
3646.758	-0.037	0.074
3646.836	-0.041	0.074
3646.914	-0.041	0.074
3647.005	-0.039	0.074
3647.083	-0.038	0.074
3647.161	-0.040	0.074
3647.252	-0.041	0.074
3647.331	-0.040	0.074
3647.422	-0.039	0.074
3647.500	-0.040	0.074
3647.591	-0.041	0.074
3647.669	-0.039	0.076
3647.748	-0.041	0.077
3647.838	-0.039	0.077
3647.917	-0.040	0.077
3647.994	-0.041	0.079
3648.086	-0.041	0.079
3648.164	-0.039	0.079
3648.255	-0.041	0.079
3648.333	-0.041	0.079
3648.424	-0.039	0.079
3648.502	-0.040	0.079
3648.581	-0.039	0.079
3648.672	-0.038	0.079
3648.750	-0.041	0.079
3648.827	-0.037	0.079
3648.919	-0.039	0.079
3648.998	-0.039	0.078
3649.088	-0.038	0.079
3649.167	-0.038	0.078
3649.258	-0.038	0.078
3649.336	-0.041	0.075
3649.414	-0.039	0.076
3649.505	-0.037	0.074
3649.583	-0.038	0.074
3649.661	-0.037	0.075
3649.752	-0.037	0.074
3649.831	-0.038	0.074
3649.922	-0.038	0.074
3650.000	-0.038	0.074
3650.077	-0.039	0.074
3650.169	-0.039	0.074
3650.248	-0.037	0.072
3650.338	-0.039	0.073
3650.417	-0.037	0.073
3650.494	-0.039	0.073
3650.586	-0.039	0.074
3650.664	-0.037	0.074
3650.755	-0.038	0.073
3650.833	-0.038	0.074
3650.911	-0.040	0.074
3651.002	-0.038	0.074
3651.081	-0.038	0.074
3651.172	-0.038	0.074
3651.250	-0.038	0.074
3651.327	-0.038	0.074
3651.419	-0.038	0.074
3651.498	-0.040	0.074
3651.588	-0.038	0.075
3651.667	-0.037	0.077
3651.744	-0.039	0.076
3651.836	-0.038	0.077
3651.914	-0.037	0.075
3652.005	-0.037	0.074
3652.083	-0.037	0.074
3652.161	-0.037	0.075
3652.252	-0.037	0.075
3652.331	-0.039	0.078
3652.422	-0.037	0.076
3652.500	-0.037	0.079
3652.577	-0.038	0.074
3652.669	-0.039	0.074
3652.748	-0.038	0.074
3652.838	-0.039	0.074
3652.917	-0.038	0.074
3652.994	-0.038	0.074
3653.086	-0.037	0.074
3653.164	-0.038	0.074
3653.255	-0.038	0.074
3653.333	-0.037	0.074
3653.411	-0.037	0.074
3653.502	-0.039	0.074
3653.581	-0.037	0.074
3653.672	-0.038	0.074
3653.750	-0.038	0.074
3653.827	-0.037	0.074
3653.919	-0.038	0.074
3653.998	-0.038	0.075
3654.088	-0.037	0.074
3654.167	-0.037	0.076
3654.244	-0.038	0.075
3654.336	-0.037	0.077
3654.414	-0.039	0.076
3654.505	-0.037	0.076
3654.583	-0.037	0.078
3654.661	-0.039	0.079
3654.752	-0.038	0.079
3654.831	-0.038	0.079
3654.922	-0.037	0.078
3655.000	-0.038	0.077
3655.077	-0.038	0.078
3655.169	-0.038	0.076
3655.248	-0.037	0.076
3655.338	-0.038	0.077
3655.417	-0.037	0.074
3655.494	-0.037	0.074
3655.586	-0.037	0.074
3655.664	-0.037	0.074
3655.755	-0.037	0.075
3655.833	-0.037	0.075
3655.911	-0.037	0.075
3656.002	-0.037	0.075
3656.081	-0.037	0.076
3656.172	-0.037	0.075
3656.250	-0.037	0.075
3656.327	-0.038	0.077
3656.419	-0.037	0.078
3656.498	-0.037	0.079
3656.588	-0.037	0.079
3656.667	-0.037	0.079
3656.744	-0.037	0.082
3656.836	-0.037	0.083
3656.914	-0.037	0.085
3657.005	-0.038	0.085
3657.083	-0.037	0.085
3657.161	-0.038	0.085
3657.252	-0.038	0.085
3657.331	-0.037	0.085
3657.422	-0.038	0.085
3657.500	-0.037	0.085
3657.577	-0.038	0.085
3657.669	-0.037	0.085
3657.748	-0.037	0.085
3657.838	-0.037	0.085
3657.917	-0.037	0.085
3657.994	-0.037	0.085
3658.086	-0.037	0.085
3658.164	-0.037	0.085
3658.255	-0.037	0.085
3658.333	-0.037	0.085
3658.411	-0.037	0.085
3658.502	-0.037	0.085
3658.581	-0.037	0.085
3658.672	-0.037	0.085
3658.750	-0.039	0.085
3658.827	-0.037	0.085
3658.919	-0.037	0.083
3658.998	-0.037	0.081
3659.088	-0.037	0.079
3659.167	-0.037	0.079
3659.244	-0.037	0.079
3659.336	-0.037	0.078
3659.414	-0.037	0.077
3659.505	-0.037	0.078
3659.583	-0.037	0.075
3659.661	-0.037	0.075
3659.752	-0.037	0.074
3659.831	-0.037	0.074
3659.922	-0.037	0.075
3660.000	-0.037	0.075
3660.077	-0.037	0.074
3660.169	-0.037	0.074
3660.260	-0.037	0.077
3660.338	-0.037	0.076
3660.417	-0.037	0.077
3660.494	-0.037	0.075
3660.586	-0.037	0.076
3660.664	-0.037	0.074
3660.755	-0.037	0.075
3660.833	-0.037	0.075
3660.911	-0.037	0.074
3661.002	-0.037	0.074
3661.081	-0.037	0.074
3661.172	-0.037	0.074
3661.250	-0.037	0.074
3661.327	-0.037	0.074
3661.419	-0.037	0.074
3661.498	-0.037	0.074
3661.588	-0.037	0.074
3661.667	-0.037	0.074
3661.744	-0.037	0.074
3661.836	-0.037	0.077
3661.914	-0.037	0.075
3662.005	-0.037	0.074
3662.083	-0.037	0.074
3662.161	-0.037	0.074
3662.252	-0.037	0.075
3662.331	-0.037	0.077
3662.422	-0.037	0.079
3662.500	-0.037	0.079
3662.577	-0.037	0.079
3662.669	-0.037	0.079
3662.748	-0.037	0.079
3662.838	-0.037	0.079
3662.917	-0.037	0.080
3662.994	-0.037	0.081
3663.086	-0.037	0.083
3663.164	-0.037	0.084
3663.255	-0.037	0.085
3663.333	-0.037	0.085
3663.411	-0.037	0.085
3663.502	-0.037	0.085
3663.581	-0.037	0.085
3663.672	-0.037	0.085
3663.750	-0.037	0.085
3663.827	-0.037	0.086
3663.919	-0.037	0.086
3663.998	-0.037	0.085
3664.088	-0.037	0.085
3664.167	-0.037	0.085
3664.244	-0.037	0.085
3664.336	-0.037	0.085
3664.414	-0.037	0.085
3664.505	-0.037	0.085
3664.583	-0.038	0.085
3664.661	-0.037	0.086
3664.752	-0.037	0.085
3664.831	-0.037	0.085
3664.922	-0.037	0.085
3665.000	-0.037	0.085
3665.077	-0.037	0.085
3665.169	-0.037	0.085
3665.248	-0.037	0.085
3665.338	-0.037	0.085
3665.417	-0.037	0.085
3665.494	-0.037	0.085
3665.586	-0.037	0.085
3665.664	-0.037	0.085
3665.755	-0.037	0.085
3665.833	-0.037	0.084
3665.911	-0.037	0.082
3666.002	-0.037	0.082
3666.081	-0.037	0.080
3666.172	-0.037	0.079
3666.250	-0.037	0.079
3666.327	-0.037	0.079
3666.419	-0.037	0.079
3666.498	-0.037	0.079
3666.588	-0.037	0.079
3666.667	-0.037	0.079
3666.744	-0.037	0.079
3666.836	-0.037	0.079
3666.914	-0.037	0.079
3667.005	-0.037	0.079
3667.083	-0.037	0.079
3667.161	-0.037	0.079
3667.252	-0.037	0.079
3667.331	-0.037	0.079
3667.422	-0.037	0.081
3667.500	-0.037	0.085
3667.577	-0.037	0.085
3667.669	-0.037	0.085
3667.748	-0.037	0.085
3667.838	-0.037	0.085
3667.917	-0.037	0.085
3667.994	-0.037	0.086
3668.086	-0.037	0.088
3668.164	-0.037	0.090
3668.255	-0.037	0.090
3668.333	-0.037	0.090
3668.411	-0.037	0.090
3668.502	-0.037	0.089
3668.581	-0.037	0.089
3668.672	-0.037	0.090
3668.750	-0.037	0.088
3668.827	-0.037	0.090
3668.919	-0.037	0.088
3668.998	-0.037	0.087
3669.088	-0.037	0.085
3669.167	-0.037	0.085
3669.244	-0.037	0.085
3669.336	-0.037	0.085
3669.414	-0.037	0.085
3669.505	-0.037	0.085
3669.583	-0.037	0.085
3669.661	-0.037	0.085
3669.752	-0.037	0.085
3669.831	-0.037	0.085
3669.922	-0.037	0.086
3670.000	-0.037	0.085
3670.077	-0.037	0.086
3670.169	-0.037	0.087
3670.248	-0.037	0.088
3670.338	-0.037	0.090
3670.417	-0.037	0.090
3670.494	-0.037	0.090
3670.586	-0.037	0.090
3670.664	-0.037	0.088
3670.755	-0.037	0.090
3670.833	-0.037	0.088
3670.911	-0.037	0.088
3671.002	-0.037	0.085
3671.081	-0.037	0.085
3671.172	-0.037	0.085
3671.250	-0.037	0.085
3671.327	-0.037	0.085
3671.419	-0.037	0.085
3671.498	-0.037	0.085
3671.588	-0.037	0.085
3671.667	-0.037	0.085
3671.744	-0.037	0.087
3671.836	-0.037	0.087
3671.914	-0.037	0.088
3672.005	-0.037	0.088
3672.083	-0.037	0.088
3672.161	-0.037	0.087
3672.252	-0.037	0.087
3672.331	-0.037	0.085
3672.422	-0.037	0.086
3672.500	-0.037	0.087
3672.577	-0.037	0.085
3672.669	-0.037	0.085
3672.748	-0.037	0.085
3672.838	-0.037	0.085
3672.917	-0.037	0.085
3672.994	-0.037	0.085
3673.086	-0.037	0.085
3673.164	-0.037	0.085
3673.255	-0.037	0.085
3673.333	-0.037	0.088
3673.411	-0.037	0.088
3673.502	-0.037	0.089
3673.581	-0.037	0.090
3673.672	-0.037	0.090
3673.750	-0.037	0.090
3673.827	-0.037	0.090
3673.919	-0.037	0.090
3673.998	-0.037	0.090
3674.088	-0.037	0.090
3674.167	-0.037	0.090
3674.244	-0.037	0.089
3674.336	-0.037	0.087
3674.414	-0.037	0.087
3674.505	-0.037	0.085
3674.583	-0.037	0.085
3674.661	-0.037	0.085
3674.752	-0.037	0.085
3674.831	-0.037	0.085
3674.922	-0.037	0.085
3675.000	-0.037	0.085
3675.077	-0.037	0.085
3675.169	-0.037	0.085
3675.248	-0.037	0.084
3675.338	-0.037	0.085
3675.417	-0.037	0.084
3675.494	-0.037	0.085
3675.586	-0.037	0.085
3675.664	-0.037	0.084
3675.755	-0.037	0.085
3675.833	-0.037	0.083
3675.911	-0.037	0.081
3676.002	-0.037	0.082
3676.081	-0.037	0.084
3676.158	-0.037	0.081
3676.250	-0.037	0.083
3676.327	-0.037	0.082
3676.419	-0.037	0.081
3676.498	-0.037	0.084
3676.575	-0.037	0.080
3676.667	-0.037	0.085
3676.744	-0.037	0.085
3676.836	-0.037	0.085
3676.914	-0.037	0.083
3676.992	-0.037	0.085
3677.083	-0.037	0.085
3677.161	-0.037	0.085
3677.252	-0.037	0.085
3677.331	-0.037	0.085
3677.422	-0.037	0.085
3677.500	-0.037	0.085
3677.577	-0.037	0.085
3677.669	-0.037	0.085
3677.748	-0.037	0.085
3677.838	-0.037	0.086
3677.917	-0.037	0.085
3677.994	-0.037	0.085
3678.086	-0.037	0.085
3678.164	-0.037	0.085
3678.242	-0.037	0.085
3678.333	-0.037	0.085
3678.411	-0.037	0.085
3678.502	-0.037	0.085
3678.581	-0.037	0.088
3678.672	-0.037	0.090
3678.750	-0.037	0.090
3678.827	-0.037	0.090
3678.919	-0.037	0.090
3678.998	-0.037	0.090
3679.075	-0.037	0.090
3679.167	-0.037	0.090
3679.244	-0.037	0.087
3679.336	-0.037	0.088
3679.414	-0.037	0.085
3679.505	-0.037	0.085
3679.583	-0.037	0.085
3679.661	-0.037	0.085
3679.752	-0.037	0.085
3679.831	-0.037	0.085
3679.908	-0.037	0.085
3680.000	-0.037	0.085
3680.077	-0.037	0.085
3680.169	-0.037	0.085
3680.260	-0.037	0.085
3680.338	-0.037	0.085
3680.417	-0.037	0.085
3680.494	-0.037	0.085
3680.586	-0.037	0.085
3680.664	-0.037	0.085
3680.755	-0.037	0.085
3680.833	-0.037	0.086
3680.911	-0.037	0.087
3681.002	-0.037	0.085
3681.081	-0.037	0.085
3681.172	-0.037	0.085
3681.250	-0.037	0.085
3681.327	-0.037	0.085
3681.419	-0.037	0.085
3681.498	-0.037	0.085
3681.588	-0.037	0.085
3681.667	-0.037	0.085
3681.744	-0.036	0.085
3681.836	-0.037	0.085
3681.914	-0.037	0.085
3682.005	-0.037	0.087
3682.083	-0.037	0.087
3682.161	-0.037	0.089
3682.252	-0.037	0.088
3682.331	-0.037	0.090
3682.408	-0.037	0.090
3682.500	-0.037	0.089
3682.577	-0.037	0.090
3682.669	-0.037	0.090
3682.748	-0.037	0.090
3682.825	-0.036	0.090
3682.917	-0.036	0.090
3682.994	-0.036	0.090
3683.086	-0.037	0.090
3683.164	-0.035	0.090
3683.255	-0.037	0.090
3683.333	-0.037	0.093
3683.411	-0.037	0.090
3683.502	-0.037	0.090
3683.581	-0.036	0.093
3683.672	-0.037	0.091
3683.750	-0.035	0.090
3683.827	-0.037	0.090
3683.919	-0.037	0.091
3683.998	-0.037	0.092
3684.088	-0.037	0.091
3684.167	-0.037	0.090
3684.244	-0.035	0.091
3684.336	-0.037	0.090
3684.414	-0.034	0.090
3684.492	-0.037	0.090
3684.583	-0.036	0.090
3684.661	-0.035	0.089
3684.752	-0.036	0.090
3684.831	-0.037	0.090
3684.922	-0.033	0.090
3685.000	-0.034	0.090
3685.077	-0.036	0.090
3685.169	-0.036	0.093
3685.248	-0.036	0.094
3685.325	-0.037	0.094
3685.417	-0.037	0.092
3685.494	-0.036	0.090
3685.586	-0.037	0.090
3685.664	-0.037	0.090
3685.755	-0.036	0.090
3685.833	-0.037	0.090
3685.911	-0.037	0.090
3686.002	-0.036	0.089
3686.081	-0.037	0.090
3686.158	-0.037	0.090
3686.250	-0.037	0.090
3686.327	-0.037	0.090
3686.419	-0.037	0.090
3686.498	-0.036	0.090
3686.588	-0.036	0.090
3686.667	-0.036	0.090
3686.744	-0.037	0.086
3686.836	-0.036	0.085
3686.914	-0.035	0.085
3687.005	-0.036	0.085
3687.083	-0.035	0.085
3687.161	-0.035	0.085
3687.252	-0.035	0.085
3687.331	-0.037	0.085
3687.422	-0.036	0.085
3687.500	-0.034	0.085
3687.577	-0.034	0.085
3687.669	-0.034	0.085
3687.748	-0.035	0.085
3687.838	-0.035	0.085
3687.917	-0.034	0.085
3687.994	-0.035	0.085
3688.086	-0.034	0.085
3688.164	-0.037	0.085
3688.255	-0.037	0.085
3688.333	-0.034	0.088
3688.411	-0.034	0.089
3688.502	-0.034	0.090
3688.581	-0.035	0.090
3688.658	-0.034	0.090
3688.750	-0.034	0.091
3688.827	-0.034	0.092
3688.919	-0.034	0.090
3688.998	-0.035	0.091
3689.075	-0.033	0.090
3689.167	-0.032	0.090
3689.244	-0.032	0.090
3689.336	-0.033	0.090
3689.414	-0.035	0.087
3689.505	-0.033	0.088
3689.583	-0.035	0.085
3689.661	-0.036	0.085
3689.752	-0.036	0.085
3689.831	-0.034	0.085
3689.922	-0.034	0.085
3690.000	-0.034	0.085
3690.077	-0.033	0.085
3690.169	-0.035	0.085
3690.248	-0.033	0.085
3690.338	-0.032	0.085
3690.417	-0.033	0.085
3690.494	-0.034	0.085
3690.586	-0.034	0.085
3690.664	-0.032	0.085
3690.755	-0.034	0.085
3690.833	-0.034	0.085
3690.911	-0.032	0.085
3691.002	-0.034	0.085
3691.081	-0.036	0.085
3691.172	-0.035	0.086
3691.250	-0.034	0.085
3691.327	-0.032	0.085
3691.419	-0.033	0.085
3691.498	-0.035	0.085
3691.588	-0.033	0.086
3691.667	-0.034	0.089
3691.744	-0.033	0.089
3691.836	-0.033	0.090
3691.914	-0.033	0.090
3692.005	-0.033	0.090
3692.083	-0.032	0.090
3692.161	-0.035	0.090
3692.252	-0.032	0.090
3692.331	-0.032	0.090
3692.422	-0.032	0.090
3692.500	-0.032	0.090
3692.577	-0.033	0.089
3692.669	-0.032	0.089
3692.748	-0.033	0.090
3692.838	-0.033	0.090
3692.917	-0.032	0.090
3692.994	-0.032	0.090
3693.086	-0.033	0.090
3693.164	-0.032	0.090
3693.255	-0.032	0.092
3693.333	-0.032	0.095
3693.411	-0.032	0.095
3693.502	-0.033	0.095
3693.581	-0.033	0.095
3693.672	-0.032	0.099
3693.750	-0.033	0.096
3693.827	-0.033	0.099
3693.919	-0.033	0.096
3693.998	-0.032	0.098
3694.075	-0.033	0.096
3694.167	-0.032	0.096
3694.244	-0.032	0.096
3694.336	-0.032	0.095
3694.414	-0.033	0.095
3694.492	-0.033	0.095
3694.583	-0.032	0.095
3694.661	-0.033	0.096
3694.752	-0.033	0.096
3694.831	-0.033	0.098
3694.908	-0.033	0.098
3695.000	-0.032	0.098
3695.077	-0.032	0.098
3695.169	-0.032	0.100
3695.248	-0.032	0.099
3695.325	-0.032	0.100
3695.417	-0.032	0.099
3695.494	-0.033	0.098
3695.586	-0.032	0.097
3695.664	-0.032	0.096
3695.742	-0.032	0.096
3695.833	-0.033	0.095
3695.911	-0.032	0.096
3696.002	-0.032	0.097
3696.081	-0.032	0.097
3696.158	-0.032	0.098
3696.250	-0.032	0.098
3696.327	-0.033	0.096
3696.419	-0.034	0.097
3696.498	-0.033	0.099
3696.575	-0.032	0.098
3696.667	-0.032	0.099
3696.744	-0.032	0.097
3696.836	-0.032	0.096
3696.914	-0.032	0.095
3696.992	-0.032	0.095
3697.083	-0.032	0.095
3697.161	-0.032	0.095
3697.252	-0.032	0.094
3697.331	-0.032	0.095
3697.408	-0.032	0.091
3697.500	-0.032	0.091
3697.577	-0.032	0.090
3697.669	-0.032	0.090
3697.748	-0.032	0.090
3697.825	-0.032	0.090
3697.917	-0.032	0.087
3697.994	-0.032	0.086
3698.086	-0.032	0.085
3698.164	-0.032	0.085
3698.242	-0.032	0.085
3698.333	-0.032	0.085
3698.411	-0.032	0.085
3698.502	-0.032	0.087
3698.581	-0.032	0.090
3698.658	-0.032	0.090
3698.750	-0.032	0.090
3698.827	-0.032	0.090
3698.919	-0.032	0.090
3698.998	-0.032	0.090
3699.075	-0.032	0.090
3699.167	-0.032	0.090
3699.244	-0.032	0.090
3699.336	-0.032	0.090
3699.414	-0.032	0.090
3699.492	-0.032	0.090
3699.583	-0.032	0.090
3699.661	-0.032	0.090
3699.752	-0.032	0.091
3699.831	-0.032	0.093
3699.908	-0.032	0.092
3700.000	-0.032	0.091
3700.077	-0.032	0.090
3700.169	-0.032	0.090
3700.248	-0.032	0.090
3700.338	-0.032	0.090
3700.417	-0.032	0.090
3700.494	-0.032	0.090
3700.586	-0.032	0.090
3700.664	-0.032	0.088
3700.742	-0.032	0.088
3700.833	-0.032	0.089
3700.911	-0.032	0.090
3701.002	-0.032	0.090
3701.081	-0.032	0.090
3701.158	-0.032	0.094
3701.250	-0.032	0.093
3701.327	-0.032	0.092
3701.419	-0.032	0.094
3701.498	-0.032	0.092
3701.575	-0.032	0.091
3701.667	-0.032	0.091
3701.744	-0.032	0.091
3701.836	-0.032	0.091
3701.914	-0.032	0.091
3701.992	-0.032	0.092
3702.083	-0.032	0.094
3702.161	-0.032	0.094
3702.252	-0.032	0.094
3702.331	-0.032	0.095
3702.422	-0.032	0.095
3702.500	-0.032	0.096
3702.577	-0.032	0.100
3702.669	-0.032	0.100
3702.748	-0.032	0.100
3702.825	-0.032	0.103
3702.917	-0.032	0.105
3702.994	-0.032	0.106
3703.086	-0.032	0.110
3703.164	-0.032	0.110
3703.242	-0.032	0.112
3703.333	-0.032	0.112
3703.411	-0.032	0.112
3703.502	-0.032	0.113
3703.581	-0.032	0.113
3703.658	-0.032	0.111
3703.750	-0.032	0.109
3703.827	-0.032	0.107
3703.919	-0.032	0.105
3703.998	-0.032	0.105
3704.075	-0.032	0.105
3704.167	-0.032	0.104
3704.244	-0.032	0.103
3704.336	-0.032	0.102
3704.414	-0.032	0.100
3704.492	-0.032	0.100
3704.583	-0.032	0.100
3704.661	-0.032	0.100
3704.752	-0.032	0.100
3704.831	-0.032	0.100
3704.908	-0.032	0.100
3705.000	-0.032	0.100
3705.077	-0.032	0.099
3705.169	-0.032	0.100
3705.248	-0.032	0.100
3705.325	-0.032	0.100
3705.417	-0.032	0.100
3705.494	-0.032	0.100
3705.586	-0.032	0.100
3705.664	-0.032	0.100
3705.742	-0.032	0.100
3705.833	-0.032	0.100
3705.911	-0.032	0.100
3706.002	-0.032	0.100
3706.081	-0.032	0.101
3706.158	-0.032	0.100
3706.250	-0.032	0.100
3706.327	-0.032	0.101
3706.419	-0.032	0.100
3706.498	-0.032	0.100
3706.575	-0.032	0.100
3706.667	-0.032	0.100
3706.744	-0.032	0.100
3706.836	-0.032	0.100
3706.914	-0.032	0.100
3706.992	-0.032	0.100
3707.083	-0.032	0.100
3707.161	-0.032	0.101
3707.252	-0.032	0.100
3707.331	-0.032	0.101
3707.408	-0.032	0.102
3707.500	-0.032	0.103
3707.577	-0.032	0.100
3707.669	-0.032	0.101
3707.748	-0.032	0.100
3707.825	-0.032	0.100
3707.917	-0.032	0.103
3707.994	-0.032	0.105
3708.086	-0.032	0.104
3708.164	-0.032	0.105
3708.242	-0.032	0.105
3708.333	-0.032	0.105
3708.411	-0.032	0.105
3708.502	-0.032	0.105
3708.581	-0.032	0.105
3708.658	-0.032	0.104
3708.750	-0.032	0.103
3708.827	-0.032	0.102
3708.919	-0.032	0.102
3708.998	-0.032	0.101
3709.075	-0.032	0.100
3709.167	-0.032	0.100
3709.244	-0.032	0.101
3709.336	-0.032	0.101
3709.414	-0.032	0.100
3709.492	-0.032	0.100
3709.583	-0.032	0.100
3709.661	-0.032	0.099
3709.752	-0.032	0.097
3709.831	-0.032	0.095
3709.908	-0.032	0.095
3710.000	-0.032	0.095
3710.077	-0.032	0.094
3710.169	-0.032	0.094
3710.248	-0.032	0.095
3710.325	-0.032	0.095
3710.417	-0.031	0.095
3710.494	-0.032	0.096
3710.586	-0.032	0.096
3710.664	-0.032	0.096
3710.742	-0.032	0.098
3710.833	-0.032	0.096
3710.911	-0.032	0.097
3711.002	-0.030	0.096
3711.081	-0.032	0.096
3711.172	-0.032	0.095
3711.250	-0.030	0.095
3711.327	-0.032	0.095
3711.419	-0.032	0.094
3711.498	-0.032	0.095
3711.588	-0.032	0.095
3711.667	-0.032	0.095
3711.744	-0.032	0.095
3711.836	-0.031	0.095
3711.914	-0.031	0.099
3711.992	-0.031	0.100
3712.083	-0.032	0.100
3712.161	-0.032	0.100
3712.252	-0.031	0.100
3712.331	-0.031	0.100
3712.408	-0.031	0.100
3712.500	-0.031	0.100
3712.577	-0.031	0.100
3712.669	-0.030	0.100
3712.748	-0.032	0.100
3712.825	-0.032	0.101
3712.917	-0.030	0.100
3712.994	-0.032	0.103
3713.086	-0.032	0.102
3713.164	-0.032	0.102
3713.242	-0.030	0.101
3713.333	-0.032	0.100
3713.411	-0.032	0.100
3713.502	-0.032	0.100
3713.581	-0.032	0.100
3713.658	-0.032	0.100
3713.750	-0.031	0.100
3713.827	-0.032	0.100
3713.919	-0.032	0.100
3713.998	-0.029	0.101
3714.075	-0.029	0.100
3714.167	-0.029	0.100
3714.244	-0.031	0.101
3714.336	-0.032	0.101
3714.414	-0.031	0.101
3714.492	-0.032	0.101
3714.583	-0.032	0.103
3714.661	-0.031	0.104
3714.752	-0.031	0.104
3714.831	-0.030	0.105
3714.908	-0.032	0.104
3715.000	-0.032	0.100
3715.077	-0.032	0.100
3715.169	-0.032	0.101
3715.248	-0.027	0.103
3715.325	-0.031	0.103
3715.417	-0.030	0.105
3715.494	-0.030	0.105
3715.586	-0.029	0.105
3715.664	-0.029	0.105
3715.742	-0.029	0.105
3715.833	-0.030	0.105
3715.911	-0.029	0.105
3716.002	-0.029	0.106
3716.081	-0.028	0.105
3716.158	-0.030	0.105
3716.250	-0.032	0.106
3716.327	-0.029	0.106
3716.419	-0.030	0.105
3716.498	-0.029	0.107
3716.575	-0.027	0.106
3716.667	-0.030	0.105
3716.744	-0.029	0.105
3716.836	-0.029	0.105
3716.914	-0.030	0.105
3716.992	-0.028	0.105
3717.083	-0.028	0.105
3717.161	-0.031	0.105
3717.252	-0.028	0.105
3717.331	-0.027	0.105
3717.408	-0.029	0.105
3717.500	-0.029	0.105
3717.577	-0.029	0.105
3717.669	-0.027	0.105
3717.748	-0.027	0.107
3717.825	-0.028	0.109
3717.917	-0.029	0.107
3717.994	-0.027	0.109
3718.086	-0.028	0.109
3718.164	-0.030	0.107
3718.242	-0.028	0.110
3718.333	-0.030	0.107
3718.411	-0.027	0.106
3718.502	-0.028	0.106
3718.581	-0.028	0.105
3718.658	-0.028	0.107
3718.750	-0.029	0.108
3718.827	-0.027	0.107
3718.919	-0.027	0.109
3718.998	-0.027	0.108
3719.075	-0.027	0.109
3719.167	-0.027	0.110
3719.244	-0.027	0.110
3719.336	-0.027	0.109
3719.414	-0.028	0.109
3719.492	-0.029	0.110
3719.583	-0.027	0.110
3719.661	-0.027	0.109
3719.752	-0.027	0.108
3719.831	-0.030	0.107
3719.908	-0.027	0.107
3720.000	-0.028	0.106
3720.077	-0.030	0.105
3720.169	-0.027	0.105
3720.260	-0.028	0.105
3720.325	-0.029	0.107
3720.417	-0.027	0.107
3720.494	-0.027	0.109
3720.586	-0.027	0.110
3720.664	-0.029	0.110
3720.742	-0.027	0.110
3720.833	-0.027	0.111
3720.911	-0.027	0.113
3721.002	-0.027	0.110
3721.081	-0.027	0.113
3721.158	-0.027	0.114
3721.250	-0.027	0.113
3721.327	-0.027	0.114
3721.419	-0.027	0.113
3721.498	-0.028	0.114
3721.575	-0.027	0.113
3721.667	-0.028	0.112
3721.744	-0.027	0.110
3721.836	-0.028	0.111
3721.914	-0.027	0.110
3721.992	-0.027	0.110
3722.083	-0.027	0.110
3722.161	-0.027	0.110
3722.252	-0.027	0.111
3722.331	-0.027	0.113
3722.408	-0.027	0.115
3722.500	-0.027	0.115
3722.577	-0.027	0.115
3722.669	-0.027	0.115
3722.748	-0.027	0.115
3722.825	-0.028	0.115
3722.917	-0.027	0.115
3722.994	-0.027	0.116
3723.086	-0.027	0.115
3723.164	-0.027	0.115
3723.242	-0.027	0.115
3723.333	-0.027	0.115
3723.411	-0.027	0.115
3723.502	-0.027	0.115
3723.581	-0.027	0.113
3723.658	-0.027	0.114
3723.750	-0.027	0.113
3723.827	-0.027	0.114
3723.919	-0.027	0.114
3723.998	-0.027	0.115
3724.075	-0.027	0.115
3724.167	-0.027	0.115
3724.244	-0.027	0.115
3724.336	-0.027	0.115
3724.414	-0.027	0.115
3724.492	-0.027	0.115
3724.583	-0.027	0.115
3724.661	-0.027	0.115
3724.752	-0.027	0.115
3724.831	-0.027	0.115
3724.908	-0.027	0.115
3725.000	-0.027	0.115
3725.077	-0.027	0.115
3725.169	-0.027	0.115
3725.248	-0.027	0.115
3725.325	-0.027	0.115
3725.417	-0.027	0.115
3725.494	-0.027	0.115
3725.586	-0.027	0.115
3725.664	-0.027	0.114
3725.742	-0.027	0.115
3725.833	-0.027	0.115
3725.911	-0.027	0.115
3726.002	-0.027	0.115
3726.081	-0.027	0.115
3726.158	-0.027	0.116
3726.250	-0.027	0.115
3726.327	-0.027	0.115
3726.419	-0.027	0.119
3726.498	-0.027	0.120
3726.575	-0.027	0.120
3726.667	-0.027	0.120
3726.744	-0.027	0.120
3726.836	-0.027	0.119
3726.914	-0.027	0.118
3726.992	-0.027	0.117
3727.083	-0.027	0.115
3727.161	-0.027	0.115
3727.252	-0.027	0.115
3727.331	-0.027	0.115
3727.408	-0.027	0.115
3727.500	-0.027	0.115
3727.577	-0.027	0.115
3727.669	-0.027	0.115
3727.748	-0.027	0.115
3727.825	-0.027	0.115
3727.917	-0.027	0.115
3727.994	-0.027	0.115
3728.086	-0.027	0.115
3728.164	-0.027	0.115
3728.242	-0.027	0.115
3728.333	-0.027	0.115
3728.411	-0.027	0.115
3728.502	-0.027	0.115
3728.581	-0.027	0.115
3728.658	-0.027	0.115
3728.750	-0.027	0.115
3728.827	-0.027	0.115
3728.919	-0.027	0.115
3728.998	-0.026	0.116
3729.075	-0.027	0.115
3729.167	-0.027	0.116
3729.244	-0.027	0.115
3729.336	-0.027	0.115
3729.414	-0.027	0.115
3729.492	-0.027	0.115
3729.583	-0.027	0.115
3729.661	-0.027	0.115
3729.752	-0.027	0.115
3729.831	-0.027	0.115
3729.908	-0.027	0.115
3730.000	-0.027	0.115
3730.077	-0.027	0.115
3730.169	-0.027	0.115
3730.248	-0.027	0.115
3730.325	-0.027	0.114
3730.417	-0.027	0.113
3730.494	-0.027	0.111
3730.586	-0.027	0.114
3730.664	-0.027	0.113
3730.742	-0.027	0.114
3730.833	-0.027	0.114
3730.911	-0.027	0.115
3731.002	-0.027	0.113
3731.081	-0.027	0.112
3731.158	-0.027	0.111
3731.250	-0.027	0.110
3731.327	-0.027	0.110
3731.419	-0.027	0.110
3731.498	-0.027	0.110
3731.575	-0.027	0.110
3731.667	-0.027	0.110
3731.744	-0.026	0.113
3731.836	-0.027	0.113
3731.914	-0.027	0.115
3731.992	-0.026	0.115
3732.083	-0.027	0.115
3732.161	-0.026	0.115
3732.252	-0.027	0.115
3732.331	-0.027	0.115
3732.408	-0.027	0.115
3732.500	-0.027	0.115
3732.577	-0.026	0.117
3732.669	-0.026	0.118
3732.748	-0.027	0.118
3732.825	-0.027	0.120
3732.917	-0.027	0.120
3732.994	-0.027	0.120
3733.086	-0.027	0.120
3733.164	-0.027	0.120
3733.242	-0.027	0.120
3733.333	-0.027	0.118
3733.411	-0.026	0.118
3733.502	-0.027	0.116
3733.581	-0.026	0.115
3733.658	-0.027	0.115
3733.750	-0.027	0.115
3733.827	-0.026	0.115
3733.919	-0.027	0.115
3733.998	-0.027	0.115
3734.075	-0.027	0.115
3734.167	-0.026	0.115
3734.244	-0.027	0.115
3734.336	-0.026	0.115
3734.414	-0.026	0.115
3734.492	-0.026	0.115
3734.583	-0.026	0.115
3734.661	-0.027	0.115
3734.752	-0.027	0.115
3734.831	-0.026	0.115
3734.908	-0.027	0.115
3735.000	-0.026	0.113
3735.077	-0.026	0.115
3735.156	-0.026	0.115
3735.248	-0.026	0.113
3735.325	-0.027	0.113
3735.417	-0.026	0.113
3735.494	-0.026	0.111
3735.573	-0.025	0.110
3735.664	-0.026	0.111
3735.742	-0.026	0.109
3735.833	-0.026	0.111
3735.911	-0.026	0.112
3736.002	-0.026	0.112
3736.081	-0.026	0.111
3736.158	-0.027	0.111
3736.250	-0.026	0.114
3736.327	-0.026	0.113
3736.419	-0.026	0.115
3736.498	-0.025	0.115
3736.575	-0.026	0.115
3736.667	-0.027	0.115
3736.744	-0.026	0.115
3736.823	-0.027	0.115
3736.914	-0.026	0.115
3736.992	-0.026	0.115
3737.083	-0.025	0.115
3737.161	-0.026	0.114
3737.239	-0.026	0.114
3737.331	-0.027	0.115
3737.408	-0.026	0.115
3737.500	-0.025	0.115
3737.577	-0.023	0.115
3737.656	-0.024	0.115
3737.748	-0.026	0.115
3737.825	-0.026	0.115
3737.917	-0.027	0.115
3737.994	-0.026	0.115
3738.073	-0.026	0.115
3738.164	-0.026	0.115
3738.242	-0.026	0.115
3738.333	-0.025	0.115
3738.411	-0.025	0.115
3738.489	-0.026	0.115
3738.581	-0.025	0.115
3738.658	-0.024	0.115
3738.750	-0.026	0.114
3738.827	-0.025	0.115
3738.919	-0.025	0.115
3738.998	-0.022	0.115
3739.075	-0.024	0.115
3739.167	-0.024	0.115
3739.244	-0.022	0.115
3739.336	-0.025	0.115
3739.414	-0.025	0.115
3739.492	-0.025	0.117
3739.583	-0.024	0.116
3739.661	-0.025	0.118
3739.739	-0.023	0.119
3739.831	-0.024	0.119
3739.908	-0.022	0.118
3740.000	-0.025	0.118
3740.077	-0.024	0.117
3740.156	-0.023	0.115
3740.248	-0.024	0.115
3740.338	-0.024	0.114
3740.417	-0.023	0.115
3740.494	-0.023	0.112
3740.586	-0.022	0.112
3740.664	-0.023	0.112
3740.742	-0.025	0.113
3740.833	-0.024	0.113
3740.911	-0.024	0.114
3740.989	-0.022	0.113
3741.081	-0.025	0.114
3741.158	-0.023	0.114
3741.250	-0.024	0.115
3741.327	-0.022	0.115
3741.406	-0.025	0.115
3741.498	-0.022	0.116
3741.575	-0.022	0.117
3741.667	-0.022	0.118
3741.744	-0.022	0.118
3741.823	-0.023	0.117
3741.914	-0.022	0.119
3741.992	-0.024	0.118
3742.083	-0.022	0.119
3742.161	-0.026	0.117
3742.239	-0.022	0.119
3742.331	-0.023	0.116
3742.408	-0.023	0.116
3742.500	-0.024	0.115
3742.577	-0.023	0.118
3742.656	-0.023	0.116
3742.748	-0.022	0.115
3742.825	-0.022	0.116
3742.917	-0.022	0.118
3742.994	-0.023	0.118
3743.073	-0.022	0.118
3743.164	-0.022	0.120
3743.242	-0.022	0.116
3743.333	-0.023	0.115
3743.411	-0.022	0.116
3743.502	-0.023	0.115
3743.581	-0.022	0.115
3743.658	-0.022	0.116
3743.750	-0.023	0.115
3743.827	-0.022	0.116
3743.919	-0.023	0.117
3743.998	-0.022	0.118
3744.075	-0.022	0.117
3744.167	-0.022	0.117
3744.244	-0.022	0.117
3744.336	-0.022	0.118
3744.414	-0.022	0.118
3744.492	-0.022	0.120
3744.583	-0.022	0.120
3744.661	-0.022	0.120
3744.739	-0.022	0.119
3744.831	-0.022	0.120
3744.908	-0.022	0.120
3745.000	-0.022	0.120
3745.077	-0.022	0.120
3745.156	-0.022	0.120
3745.248	-0.022	0.122
3745.325	-0.022	0.120
3745.417	-0.022	0.120
3745.494	-0.022	0.120
3745.573	-0.022	0.120
3745.664	-0.022	0.120
3745.742	-0.023	0.120
3745.833	-0.022	0.120
3745.911	-0.022	0.120
3745.989	-0.022	0.120
3746.081	-0.022	0.120
3746.158	-0.023	0.121
3746.250	-0.022	0.124
3746.327	-0.022	0.124
3746.406	-0.022	0.125
3746.498	-0.022	0.125
3746.575	-0.022	0.125
3746.667	-0.022	0.125
3746.744	-0.022	0.125
3746.823	-0.022	0.125
3746.914	-0.022	0.125
3746.992	-0.022	0.125
3747.083	-0.022	0.123
3747.161	-0.022	0.121
3747.239	-0.022	0.120
3747.331	-0.022	0.120
3747.408	-0.022	0.119
3747.500	-0.022	0.120
3747.577	-0.022	0.119
3747.656	-0.022	0.120
3747.748	-0.022	0.119
3747.825	-0.022	0.118
3747.917	-0.022	0.120
3747.994	-0.022	0.120
3748.073	-0.022	0.120
3748.164	-0.022	0.120
3748.242	-0.022	0.122
3748.333	-0.022	0.120
3748.411	-0.022	0.121
3748.489	-0.022	0.120
3748.581	-0.022	0.120
3748.658	-0.022	0.121
3748.750	-0.022	0.121
3748.827	-0.022	0.120
3748.906	-0.022	0.120
3748.998	-0.022	0.120
3749.075	-0.022	0.121
3749.167	-0.022	0.121
3749.244	-0.022	0.120
3749.323	-0.022	0.123
3749.414	-0.022	0.125
3749.492	-0.022	0.125
3749.583	-0.022	0.125
3749.661	-0.022	0.125
3749.739	-0.022	0.125
3749.831	-0.022	0.125
3749.908	-0.022	0.125
3750.000	-0.022	0.125
3750.077	-0.022	0.125
3750.156	-0.022	0.125
3750.248	-0.022	0.125
3750.338	-0.022	0.125
3750.417	-0.022	0.125
3750.494	-0.022	0.125
3750.573	-0.022	0.125
3750.664	-0.022	0.125
3750.742	-0.022	0.125
3750.833	-0.022	0.126
3750.911	-0.022	0.127
3750.989	-0.022	0.129
3751.081	-0.022	0.130
3751.158	-0.022	0.130
3751.250	-0.022	0.130
3751.327	-0.022	0.130
3751.406	-0.022	0.130
3751.498	-0.022	0.134
3751.575	-0.022	0.132
3751.667	-0.022	0.133
3751.744	-0.022	0.131
3751.823	-0.022	0.130
3751.914	-0.022	0.130
3751.992	-0.022	0.130
3752.083	-0.022	0.130
3752.161	-0.021	0.130
3752.239	-0.022	0.130
3752.331	-0.022	0.130
3752.408	-0.022	0.130
3752.500	-0.022	0.130
3752.577	-0.022	0.130
3752.656	-0.022	0.130
3752.748	-0.022	0.130
3752.825	-0.022	0.130
3752.917	-0.022	0.130
3752.994	-0.022	0.130
3753.073	-0.022	0.130
3753.164	-0.022	0.130
3753.242	-0.022	0.130
3753.333	-0.022	0.128
3753.411	-0.022	0.127
3753.489	-0.022	0.126
3753.581	-0.022	0.126
3753.658	-0.022	0.127
3753.750	-0.022	0.126
3753.827	-0.022	0.125
3753.906	-0.021	0.125
3753.998	-0.022	0.126
3754.075	-0.021	0.125
3754.167	-0.022	0.125
3754.244	-0.022	0.126
3754.323	-0.022	0.125
3754.414	-0.022	0.125
3754.492	-0.022	0.125
3754.583	-0.022	0.125
3754.661	-0.022	0.126
3754.739	-0.021	0.128
3754.831	-0.022	0.129
3754.908	-0.022	0.130
3755.000	-0.022	0.130
3755.077	-0.022	0.130
3755.156	-0.022	0.130
3755.248	-0.022	0.130
3755.325	-0.021	0.130
3755.417	-0.022	0.129
3755.494	-0.021	0.127
3755.573	-0.021	0.127
3755.664	-0.020	0.125
3755.742	-0.021	0.125
3755.833	-0.022	0.125
3755.911	-0.021	0.124
3755.989	-0.022	0.125
3756.081	-0.022	0.125
3756.158	-0.022	0.125
3756.250	-0.020	0.125
3756.327	-0.021	0.125
3756.406	-0.021	0.125
3756.498	-0.020	0.125
3756.575	-0.021	0.125
3756.667	-0.021	0.125
3756.744	-0.020	0.125
3756.823	-0.022	0.125
3756.914	-0.022	0.125
3756.992	-0.021	0.125
3757.083	-0.021	0.125
3757.161	-0.020	0.125
3757.239	-0.021	0.125
3757.331	-0.021	0.125
3757.408	-0.019	0.125
3757.500	-0.022	0.125
3757.577	-0.020	0.125
3757.656	-0.020	0.125
3757.748	-0.022	0.125
3757.825	-0.020	0.125
3757.917	-0.020	0.125
3757.994	-0.019	0.125
3758.073	-0.020	0.125
3758.164	-0.019	0.125
3758.242	-0.022	0.125
3758.333	-0.021	0.124
3758.411	-0.018	0.123
3758.489	-0.020	0.125
3758.581	-0.020	0.125
3758.658	-0.020	0.124
3758.750	-0.020	0.120
3758.827	-0.020	0.123
3758.906	-0.021	0.120
3758.998	-0.020	0.121
3759.075	-0.020	0.120
3759.167	-0.020	0.121
3759.244	-0.022	0.120
3759.323	-0.020	0.120
3759.414	-0.020	0.121
3759.492	-0.020	0.121
3759.583	-0.017	0.123
3759.661	-0.021	0.125
3759.739	-0.019	0.125
3759.831	-0.020	0.125
3759.908	-0.019	0.125
3760.000	-0.018	0.125
3760.077	-0.020	0.125
3760.156	-0.019	0.125
3760.248	-0.020	0.125
3760.325	-0.020	0.125
3760.417	-0.019	0.124
3760.494	-0.017	0.125
3760.573	-0.019	0.122
3760.664	-0.019	0.121
3760.742	-0.018	0.120
3760.833	-0.019	0.120
3760.911	-0.018	0.120
3760.989	-0.018	0.120
3761.081	-0.020	0.121
3761.158	-0.018	0.121
3761.250	-0.019	0.122
3761.327	-0.018	0.121
3761.406	-0.018	0.121
3761.498	-0.020	0.122
3761.575	-0.019	0.122
3761.667	-0.017	0.120
3761.744	-0.019	0.120
3761.823	-0.018	0.120
3761.914	-0.017	0.119
3761.992	-0.020	0.116
3762.083	-0.019	0.116
3762.161	-0.017	0.115
3762.239	-0.018	0.115
3762.331	-0.017	0.115
3762.408	-0.017	0.116
3762.500	-0.017	0.118
3762.577	-0.017	0.118
3762.656	-0.017	0.119
3762.748	-0.017	0.115
3762.825	-0.017	0.116
3762.917	-0.018	0.117
3762.994	-0.017	0.117
3763.073	-0.018	0.118
3763.164	-0.018	0.118
3763.242	-0.017	0.119
3763.333	-0.017	0.120
3763.411	-0.019	0.121
3763.489	-0.017	0.123
3763.581	-0.018	0.125
3763.658	-0.017	0.125
3763.750	-0.017	0.127
3763.827	-0.017	0.128
3763.906	-0.017	0.130
3763.998	-0.017	0.130
3764.075	-0.017	0.130
3764.167	-0.017	0.130
3764.244	-0.018	0.130
3764.323	-0.017	0.132
3764.414	-0.020	0.135
3764.492	-0.017	0.135
3764.583	-0.017	0.135
3764.661	-0.017	0.135
3764.739	-0.017	0.135
3764.831	-0.018	0.136
3764.908	-0.017	0.138
3765.000	-0.017	0.138
3765.077	-0.018	0.137
3765.156	-0.017	0.135
3765.248	-0.017	0.135
3765.325	-0.017	0.135
3765.417	-0.017	0.135
3765.494	-0.017	0.134
3765.573	-0.017	0.133
3765.664	-0.017	0.132
3765.742	-0.017	0.131
3765.833	-0.017	0.131
3765.911	-0.018	0.133
3765.989	-0.017	0.134
3766.081	-0.017	0.135
3766.158	-0.017	0.135
3766.250	-0.017	0.136
3766.327	-0.017	0.139
3766.406	-0.017	0.140
3766.498	-0.017	0.141
3766.575	-0.017	0.141
3766.667	-0.017	0.141
3766.744	-0.017	0.141
3766.823	-0.017	0.141
3766.914	-0.017	0.138
3766.992	-0.017	0.136
3767.083	-0.017	0.137
3767.161	-0.017	0.135
3767.239	-0.017	0.137
3767.331	-0.017	0.135
3767.408	-0.017	0.135
3767.500	-0.017	0.135
3767.577	-0.017	0.135
3767.656	-0.017	0.135
3767.748	-0.017	0.135
3767.825	-0.017	0.135
3767.917	-0.017	0.135
3767.994	-0.017	0.134
3768.073	-0.017	0.132
3768.164	-0.017	0.132
3768.242	-0.017	0.130
3768.333	-0.017	0.130
3768.411	-0.017	0.130
3768.489	-0.017	0.130
3768.581	-0.017	0.128
3768.658	-0.017	0.127
3768.750	-0.017	0.128
3768.827	-0.017	0.126
3768.906	-0.017	0.125
3768.998	-0.017	0.125
3769.075	-0.017	0.125
3769.167	-0.017	0.125
3769.244	-0.017	0.125
3769.323	-0.017	0.125
3769.414	-0.017	0.125
3769.492	-0.017	0.125
3769.583	-0.017	0.125
3769.661	-0.017	0.125
3769.739	-0.017	0.129
3769.831	-0.017	0.125
3769.908	-0.017	0.130
3770.000	-0.017	0.130
3770.077	-0.017	0.130
3770.156	-0.017	0.130
3770.248	-0.017	0.132
3770.325	-0.017	0.133
3770.417	-0.017	0.131
3770.494	-0.017	0.133
3770.573	-0.017	0.131
3770.664	-0.017	0.131
3770.742	-0.017	0.130
3770.833	-0.017	0.130
3770.911	-0.017	0.131
3770.989	-0.017	0.130
3771.081	-0.017	0.130
3771.158	-0.017	0.131
3771.250	-0.017	0.130
3771.327	-0.017	0.131
3771.406	-0.017	0.131
3771.498	-0.017	0.130
3771.575	-0.017	0.130
3771.667	-0.017	0.130
3771.744	-0.017	0.130
3771.823	-0.017	0.130
3771.914	-0.017	0.129
3771.992	-0.017	0.130
3772.083	-0.017	0.130
3772.161	-0.017	0.130
3772.239	-0.017	0.130
3772.331	-0.017	0.130
3772.408	-0.017	0.130
3772.500	-0.017	0.130
3772.577	-0.017	0.130
3772.656	-0.017	0.130
3772.748	-0.017	0.130
3772.825	-0.017	0.130
3772.917	-0.017	0.130
3772.994	-0.017	0.130
3773.073	-0.017	0.131
3773.164	-0.017	0.130
3773.242	-0.017	0.134
3773.333	-0.017	0.135
3773.411	-0.017	0.135
3773.489	-0.017	0.135
3773.581	-0.017	0.139
3773.658	-0.017	0.140
3773.750	-0.017	0.139
3773.827	-0.017	0.140
3773.906	-0.017	0.141
3773.998	-0.017	0.141
3774.075	-0.017	0.141
3774.167	-0.017	0.145
3774.244	-0.017	0.144
3774.323	-0.017	0.145
3774.414	-0.017	0.145
3774.492	-0.017	0.145
3774.583	-0.017	0.143
3774.661	-0.017	0.143
3774.739	-0.017	0.145
3774.831	-0.017	0.146
3774.908	-0.017	0.145
3775.000	-0.017	0.146
3775.077	-0.017	0.146
3775.156	-0.017	0.146
3775.248	-0.017	0.146
3775.338	-0.017	0.146
3775.417	-0.017	0.146
3775.494	-0.017	0.146
3775.573	-0.017	0.146
3775.664	-0.017	0.145
3775.742	-0.017	0.143
3775.833	-0.017	0.141
3775.911	-0.017	0.141
3775.989	-0.017	0.137
3776.081	-0.017	0.135
3776.158	-0.016	0.135
3776.250	-0.017	0.131
3776.327	-0.017	0.130
3776.406	-0.017	0.130
3776.498	-0.016	0.130
3776.575	-0.017	0.130
3776.667	-0.017	0.130
3776.744	-0.017	0.130
3776.823	-0.017	0.130
3776.914	-0.017	0.130
3776.992	-0.017	0.130
3777.083	-0.017	0.130
3777.161	-0.017	0.130
3777.239	-0.017	0.125
3777.331	-0.017	0.125
3777.408	-0.017	0.125
3777.500	-0.017	0.125
3777.577	-0.017	0.125
3777.656	-0.017	0.125
3777.748	-0.017	0.125
3777.825	-0.017	0.125
3777.917	-0.017	0.125
3777.994	-0.017	0.125
3778.073	-0.017	0.125
3778.164	-0.017	0.125
3778.242	-0.017	0.125
3778.333	-0.017	0.125
3778.411	-0.017	0.125
3778.489	-0.017	0.126
3778.567	-0.017	0.128
3778.658	-0.017	0.130
3778.750	-0.017	0.130
3778.827	-0.017	0.132
3778.906	-0.017	0.134
3778.998	-0.015	0.135
3779.075	-0.016	0.135
3779.167	-0.016	0.135
3779.244	-0.017	0.135
3779.323	-0.016	0.135
3779.414	-0.017	0.135
3779.492	-0.017	0.135
3779.583	-0.017	0.135
3779.661	-0.017	0.135
3779.739	-0.017	0.135
3779.831	-0.015	0.135
3779.908	-0.017	0.135
3780.000	-0.017	0.135
3780.077	-0.015	0.135
3780.156	-0.016	0.135
3780.248	-0.016	0.135
3780.325	-0.015	0.135
3780.417	-0.016	0.135
3780.494	-0.017	0.135
3780.573	-0.017	0.135
3780.664	-0.015	0.135
3780.742	-0.016	0.135
3780.833	-0.016	0.135
3780.911	-0.017	0.135
3780.989	-0.016	0.135
3781.081	-0.016	0.136
3781.158	-0.017	0.136
3781.250	-0.017	0.136
3781.327	-0.017	0.137
3781.406	-0.015	0.136
3781.498	-0.016	0.136
3781.575	-0.017	0.135
3781.667	-0.016	0.135
3781.744	-0.016	0.136
3781.823	-0.015	0.135
3781.914	-0.015	0.138
3781.992	-0.015	0.137
3782.083	-0.015	0.140
3782.161	-0.015	0.141
3782.239	-0.015	0.140
3782.331	-0.016	0.141
3782.408	-0.016	0.140
3782.500	-0.015	0.136
3782.577	-0.015	0.135
3782.656	-0.014	0.135
3782.748	-0.015	0.133
3782.825	-0.015	0.131
3782.917	-0.015	0.130
3782.994	-0.016	0.130
3783.073	-0.015	0.130
3783.164	-0.013	0.130
3783.242	-0.014	0.130
3783.333	-0.016	0.130
3783.411	-0.013	0.130
3783.489	-0.015	0.129
3783.581	-0.015	0.127
3783.658	-0.015	0.125
3783.750	-0.015	0.125
3783.827	-0.015	0.125
3783.906	-0.014	0.125
3783.998	-0.015	0.125
3784.075	-0.015	0.125
3784.167	-0.014	0.125
3784.244	-0.013	0.125
3784.323	-0.013	0.125
3784.414	-0.014	0.125
3784.492	-0.015	0.126
3784.583	-0.014	0.125
3784.661	-0.015	0.127
3784.739	-0.012	0.130
3784.831	-0.014	0.130
3784.908	-0.012	0.130
3785.000	-0.013	0.130
3785.077	-0.013	0.130
3785.156	-0.012	0.132
3785.248	-0.012	0.135
3785.325	-0.015	0.135
3785.417	-0.014	0.135
3785.494	-0.012	0.136
3785.573	-0.013	0.137
3785.664	-0.013	0.138
3785.742	-0.013	0.138
3785.833	-0.012	0.140
3785.911	-0.012	0.141
3785.989	-0.012	0.138
3786.081	-0.013	0.136
3786.158	-0.013	0.135
3786.250	-0.013	0.135
3786.327	-0.012	0.135
3786.406	-0.012	0.135
3786.498	-0.013	0.136
3786.575	-0.013	0.137
3786.667	-0.012	0.139
3786.744	-0.012	0.141
3786.823	-0.013	0.141
3786.914	-0.012	0.141
3786.992	-0.012	0.141
3787.083	-0.012	0.141
3787.161	-0.014	0.141
3787.239	-0.012	0.141
3787.331	-0.013	0.145
3787.408	-0.012	0.146
3787.500	-0.012	0.146
3787.577	-0.012	0.146
3787.656	-0.012	0.146
3787.748	-0.012	0.146
3787.825	-0.013	0.146
3787.917	-0.012	0.145
3787.994	-0.012	0.142
3788.073	-0.013	0.141
3788.164	-0.012	0.141
3788.242	-0.012	0.141
3788.333	-0.012	0.141
3788.411	-0.012	0.141
3788.489	-0.012	0.141
3788.581	-0.013	0.139
3788.658	-0.012	0.139
3788.750	-0.012	0.140
3788.827	-0.012	0.136
3788.906	-0.012	0.135
3788.998	-0.012	0.135
3789.075	-0.012	0.135
3789.167	-0.012	0.135
3789.244	-0.012	0.135
3789.323	-0.012	0.136
3789.414	-0.012	0.135
3789.492	-0.012	0.136
3789.583	-0.012	0.137
3789.661	-0.012	0.141
3789.739	-0.012	0.141
3789.831	-0.012	0.141
3789.908	-0.012	0.141
3790.000	-0.012	0.142
3790.077	-0.012	0.145
3790.156	-0.012	0.146
3790.248	-0.012	0.146
3790.325	-0.012	0.147
3790.417	-0.012	0.150
3790.494	-0.012	0.152
3790.573	-0.012	0.151
3790.664	-0.012	0.151
3790.742	-0.012	0.151
3790.833	-0.012	0.151
3790.911	-0.012	0.151
3790.989	-0.012	0.151
3791.081	-0.012	0.151
3791.158	-0.012	0.151
3791.250	-0.012	0.152
3791.327	-0.012	0.152
3791.406	-0.012	0.151
3791.498	-0.012	0.151
3791.575	-0.012	0.151
3791.653	-0.012	0.151
3791.744	-0.012	0.151
3791.823	-0.012	0.151
3791.914	-0.012	0.152
3791.992	-0.012	0.156
3792.070	-0.012	0.156
3792.161	-0.012	0.156
3792.239	-0.012	0.156
3792.331	-0.012	0.156
3792.408	-0.012	0.157
3792.500	-0.012	0.156
3792.577	-0.012	0.156
3792.656	-0.012	0.156
3792.748	-0.012	0.156
3792.825	-0.012	0.156
3792.917	-0.012	0.155
3792.994	-0.012	0.156
3793.073	-0.012	0.156
3793.164	-0.012	0.156
3793.242	-0.012	0.156
3793.333	-0.012	0.156
3793.411	-0.012	0.156
3793.489	-0.012	0.156
3793.581	-0.012	0.158
3793.658	-0.012	0.159
3793.750	-0.011	0.159
3793.827	-0.012	0.159
3793.906	-0.012	0.158
3793.998	-0.012	0.158
3794.075	-0.012	0.157
3794.167	-0.012	0.156
3794.244	-0.010	0.156
3794.323	-0.012	0.156
3794.414	-0.012	0.153
3794.492	-0.012	0.152
3794.583	-0.012	0.151
3794.661	-0.011	0.151
3794.739	-0.012	0.151
3794.831	-0.012	0.151
3794.908	-0.012	0.152
3795.000	-0.012	0.151
3795.077	-0.012	0.151
3795.156	-0.012	0.151
3795.248	-0.012	0.150
3795.325	-0.011	0.147
3795.403	-0.011	0.146
3795.494	-0.011	0.147
3795.573	-0.012	0.146
3795.664	-0.011	0.146
3795.742	-0.011	0.146
3795.820	-0.012	0.146
3795.911	-0.010	0.146
3795.989	-0.011	0.146
3796.081	-0.012	0.146
3796.158	-0.012	0.146
3796.250	-0.011	0.146
3796.327	-0.009	0.146
3796.406	-0.010	0.146
3796.498	-0.011	0.146
3796.575	-0.010	0.146
3796.667	-0.009	0.147
3796.744	-0.011	0.149
3796.823	-0.011	0.151
3796.914	-0.010	0.151
3796.992	-0.010	0.154
3797.070	-0.010	0.152
3797.161	-0.009	0.154
3797.239	-0.010	0.155
3797.331	-0.010	0.155
3797.408	-0.010	0.156
3797.500	-0.010	0.156
3797.577	-0.010	0.156
3797.656	-0.007	0.157
3797.748	-0.009	0.156
3797.825	-0.012	0.158
3797.903	-0.011	0.156
3797.994	-0.009	0.157
3798.073	-0.010	0.157
3798.164	-0.009	0.158
3798.242	-0.009	0.156
3798.333	-0.010	0.156
3798.411	-0.011	0.156
3798.489	-0.009	0.156
3798.581	-0.010	0.156
3798.658	-0.011	0.154
3798.737	-0.010	0.155
3798.827	-0.011	0.154
3798.906	-0.009	0.153
3798.998	-0.009	0.152
3799.075	-0.011	0.151
3799.167	-0.009	0.151
3799.244	-0.009	0.151
3799.323	-0.008	0.151
3799.414	-0.010	0.151
3799.492	-0.009	0.151
3799.583	-0.009	0.151
3799.661	-0.009	0.151
3799.739	-0.009	0.151
3799.831	-0.009	0.151
3799.908	-0.008	0.151
3800.000	-0.009	0.151
3800.077	-0.008	0.152
3800.156	-0.009	0.156
3800.248	-0.009	0.156
3800.338	-0.010	0.155
3800.403	-0.009	0.156
3800.494	-0.009	0.156
3800.573	-0.009	0.156
3800.664	-0.008	0.157
3800.742	-0.009	0.156
3800.820	-0.009	0.156
3800.911	-0.009	0.157
3800.989	-0.008	0.156
3801.081	-0.008	0.156
3801.158	-0.008	0.156
3801.237	-0.007	0.156
3801.327	-0.010	0.157
3801.406	-0.009	0.158
3801.498	-0.008	0.158
3801.575	-0.007	0.161
3801.653	-0.007	0.161
3801.744	-0.010	0.162
3801.823	-0.009	0.163
3801.914	-0.009	0.164
3801.992	-0.008	0.166
3802.070	-0.008	0.165
3802.161	-0.007	0.165
3802.239	-0.007	0.162
3802.331	-0.007	0.162
3802.408	-0.008	0.161
3802.500	-0.007	0.161
3802.577	-0.008	0.161
3802.656	-0.009	0.160
3802.748	-0.008	0.157
3802.825	-0.008	0.156
3802.903	-0.008	0.157
3802.994	-0.008	0.157
3803.073	-0.008	0.160
3803.164	-0.007	0.159
3803.242	-0.009	0.158
3803.333	-0.009	0.161
3803.411	-0.008	0.161
3803.489	-0.007	0.161
3803.581	-0.007	0.161
3803.658	-0.008	0.161
3803.750	-0.007	0.161
3803.827	-0.007	0.161
3803.906	-0.007	0.161
3803.998	-0.007	0.160
3804.075	-0.008	0.161
3804.167	-0.008	0.158
3804.244	-0.008	0.156
3804.323	-0.007	0.156
3804.414	-0.008	0.156
3804.492	-0.008	0.156
3804.570	-0.008	0.155
3804.661	-0.008	0.154
3804.739	-0.007	0.152
3804.831	-0.007	0.152
3804.908	-0.007	0.152
3804.987	-0.008	0.153
3805.077	-0.007	0.154
3805.156	-0.007	0.156
3805.248	-0.009	0.153
3805.325	-0.008	0.154
3805.417	-0.007	0.152
3805.494	-0.007	0.151
3805.573	-0.007	0.152
3805.664	-0.007	0.152
3805.742	-0.007	0.151
3805.820	-0.007	0.151
3805.911	-0.007	0.152
3805.989	-0.007	0.151
3806.081	-0.008	0.152
3806.158	-0.007	0.155
3806.237	-0.007	0.156
3806.327	-0.008	0.156
3806.406	-0.007	0.156
3806.498	-0.007	0.157
3806.575	-0.007	0.160
3806.653	-0.007	0.161
3806.744	-0.007	0.161
3806.823	-0.007	0.161
3806.914	-0.007	0.161
3806.992	-0.007	0.162
3807.070	-0.007	0.163
3807.161	-0.007	0.165
3807.239	-0.007	0.166
3807.331	-0.007	0.166
3807.408	-0.007	0.165
3807.487	-0.007	0.166
3807.577	-0.007	0.164
3807.656	-0.007	0.164
3807.748	-0.007	0.161
3807.825	-0.007	0.161
3807.903	-0.007	0.161
3807.994	-0.007	0.161
3808.073	-0.007	0.161
3808.164	-0.007	0.161
3808.242	-0.007	0.160
3808.320	-0.007	0.158
3808.411	-0.007	0.156
3808.489	-0.007	0.156
3808.581	-0.007	0.156
3808.658	-0.007	0.156
3808.737	-0.007	0.157
3808.827	-0.007	0.157
3808.906	-0.007	0.157
3808.998	-0.007	0.157
3809.075	-0.007	0.158
3809.153	-0.007	0.158
3809.244	-0.007	0.158
3809.323	-0.007	0.157
3809.414	-0.007	0.157
3809.492	-0.007	0.157
3809.570	-0.007	0.156
3809.661	-0.007	0.156
3809.739	-0.007	0.156
3809.831	-0.007	0.156
3809.908	-0.007	0.156
3809.987	-0.007	0.156
3810.077	-0.007	0.156
3810.156	-0.007	0.156
3810.248	-0.007	0.156
3810.325	-0.007	0.152
3810.403	-0.007	0.153
3810.494	-0.007	0.152
3810.573	-0.007	0.153
3810.664	-0.007	0.154
3810.742	-0.007	0.155
3810.820	-0.007	0.156
3810.911	-0.007	0.156
3810.989	-0.007	0.156
3811.081	-0.007	0.156
3811.158	-0.007	0.157
3811.237	-0.007	0.156
3811.327	-0.007	0.157
3811.406	-0.007	0.159
3811.498	-0.007	0.157
3811.575	-0.007	0.160
3811.653	-0.007	0.161
3811.744	-0.007	0.161
3811.823	-0.007	0.162
3811.914	-0.007	0.161
3811.992	-0.007	0.162
3812.070	-0.007	0.163
3812.161	-0.007	0.163
3812.239	-0.007	0.161
3812.331	-0.007	0.161
3812.408	-0.007	0.161
3812.487	-0.007	0.160
3812.577	-0.007	0.161
3812.656	-0.007	0.161
3812.748	-0.007	0.160
3812.825	-0.007	0.161
3812.903	-0.007	0.161
3812.994	-0.007	0.161
3813.073	-0.007	0.161
3813.164	-0.007	0.161
3813.242	-0.007	0.161
3813.320	-0.007	0.161
3813.411	-0.007	0.161
3813.489	-0.007	0.161
3813.581	-0.007	0.161
3813.658	-0.007	0.161
3813.737	-0.007	0.161
3813.827	-0.007	0.161
3813.906	-0.007	0.162
3813.998	-0.007	0.164
3814.075	-0.007	0.166
3814.153	-0.007	0.165
3814.244	-0.007	0.166
3814.323	-0.007	0.164
3814.414	-0.007	0.163
3814.492	-0.007	0.163
3814.570	-0.007	0.161
3814.661	-0.007	0.160
3814.739	-0.007	0.160
3814.831	-0.007	0.156
3814.908	-0.006	0.158
3814.987	-0.007	0.157
3815.077	-0.007	0.156
3815.156	-0.007	0.157
3815.248	-0.007	0.156
3815.325	-0.007	0.158
3815.403	-0.007	0.159
3815.494	-0.007	0.160
3815.573	-0.007	0.161
3815.664	-0.007	0.160
3815.742	-0.007	0.161
3815.820	-0.007	0.161
3815.911	-0.007	0.161
3815.989	-0.007	0.161
3816.081	-0.007	0.162
3816.158	-0.007	0.163
3816.237	-0.007	0.166
3816.327	-0.007	0.166
3816.406	-0.007	0.166
3816.498	-0.007	0.166
3816.575	-0.007	0.169
3816.653	-0.007	0.169
3816.744	-0.005	0.169
3816.823	-0.007	0.169
3816.914	-0.007	0.168
3816.992	-0.006	0.166
3817.070	-0.007	0.166
3817.161	-0.006	0.166
3817.239	-0.007	0.166
3817.331	-0.007	0.164
3817.408	-0.007	0.166
3817.487	-0.007	0.165
3817.577	-0.007	0.161
3817.656	-0.006	0.162
3817.748	-0.007	0.161
3817.825	-0.006	0.161
3817.903	-0.006	0.161
3817.994	-0.007	0.161
3818.073	-0.007	0.161
3818.164	-0.006	0.161
3818.242	-0.007	0.160
3818.320	-0.006	0.160
3818.411	-0.006	0.160
3818.489	-0.005	0.160
3818.581	-0.006	0.161
3818.658	-0.007	0.161
3818.737	-0.006	0.161
3818.827	-0.006	0.161
3818.906	-0.007	0.161
3818.998	-0.006	0.161
3819.075	-0.006	0.161
3819.153	-0.007	0.161
3819.244	-0.006	0.161
3819.323	-0.007	0.161
3819.414	-0.007	0.161
3819.492	-0.006	0.161
3819.570	-0.006	0.161
3819.661	-0.007	0.162
3819.739	-0.006	0.163
3819.831	-0.006	0.164
3819.908	-0.006	0.166
3819.987	-0.004	0.166
3820.077	-0.005	0.166
3820.156	-0.006	0.167
3820.248	-0.004	0.168
3820.325	-0.006	0.168
3820.403	-0.007	0.169
3820.494	-0.004	0.171
3820.573	-0.005	0.171
3820.664	-0.004	0.171
3820.742	-0.005	0.171
3820.820	-0.007	0.175
3820.911	-0.007	0.176
3820.989	-0.005	0.178
3821.081	-0.003	0.178
3821.158	-0.004	0.178
3821.237	-0.004	0.176
3821.327	-0.004	0.176
3821.406	-0.005	0.174
3821.498	-0.004	0.172
3821.575	-0.004	0.171
3821.653	-0.003	0.171
3821.744	-0.003	0.167
3821.823	-0.003	0.166
3821.914	-0.003	0.166
3821.992	-0.003	0.166
3822.070	-0.003	0.166
3822.161	-0.003	0.166
3822.239	-0.003	0.166
3822.331	-0.003	0.166
3822.408	-0.003	0.166
3822.487	-0.003	0.163
3822.577	-0.002	0.164
3822.656	-0.003	0.164
3822.748	-0.003	0.165
3822.825	-0.003	0.166
3822.903	-0.003	0.166
3822.994	-0.002	0.166
3823.073	-0.003	0.166
3823.164	-0.002	0.165
3823.242	-0.004	0.166
3823.320	-0.003	0.166
3823.411	-0.003	0.166
3823.489	-0.003	0.166
3823.581	-0.002	0.165
3823.658	-0.003	0.166
3823.737	-0.003	0.166
3823.827	-0.002	0.166
3823.906	-0.003	0.166
3823.998	-0.003	0.166
3824.075	-0.003	0.167
3824.153	-0.003	0.168
3824.244	-0.002	0.169
3824.323	-0.002	0.171
3824.414	-0.002	0.171
3824.492	-0.003	0.172
3824.570	-0.002	0.174
3824.661	-0.003	0.175
3824.739	-0.002	0.173
3824.831	-0.002	0.175
3824.908	-0.003	0.176
3824.987	-0.002	0.176
3825.077	-0.002	0.176
3825.156	-0.003	0.176
3825.248	-0.002	0.177
3825.325	-0.002	0.176
3825.403	-0.002	0.176
3825.494	-0.002	0.176
3825.573	-0.002	0.175
3825.664	-0.002	0.173
3825.742	-0.002	0.176
3825.820	-0.002	0.176
3825.911	-0.002	0.175
3825.989	-0.002	0.176
3826.081	-0.003	0.176
3826.158	-0.002	0.176
3826.237	-0.003	0.176
3826.327	-0.002	0.173
3826.406	-0.002	0.171
3826.498	-0.002	0.171
3826.575	-0.002	0.170
3826.653	-0.003	0.169
3826.744	-0.002	0.166
3826.823	-0.002	0.166
3826.914	-0.002	0.166
3826.992	-0.002	0.166
3827.070	-0.002	0.164
3827.161	-0.002	0.165
3827.239	-0.002	0.166
3827.331	-0.002	0.166
3827.408	-0.002	0.166
3827.487	-0.002	0.166
3827.577	-0.002	0.166
3827.656	-0.002	0.166
3827.748	-0.002	0.165
3827.825	-0.002	0.166
3827.903	-0.002	0.166
3827.994	-0.002	0.167
3828.073	-0.002	0.167
3828.164	-0.002	0.167
3828.242	-0.002	0.168
3828.320	-0.002	0.170
3828.411	-0.002	0.171
3828.489	-0.002	0.171
3828.581	-0.002	0.171
3828.658	-0.002	0.175
3828.737	-0.002	0.175
3828.827	-0.002	0.176
3828.906	-0.002	0.177
3828.998	-0.002	0.179
3829.075	-0.002	0.181
3829.153	-0.002	0.181
3829.244	-0.002	0.181
3829.323	-0.002	0.182
3829.414	-0.002	0.184
3829.492	-0.002	0.182
3829.570	-0.002	0.181
3829.661	-0.002	0.181
3829.739	-0.002	0.181
3829.831	-0.002	0.181
3829.908	-0.002	0.181
3829.987	-0.002	0.181
3830.077	-0.002	0.181
3830.156	-0.002	0.181
3830.248	-0.002	0.181
3830.325	-0.002	0.181
3830.403	-0.002	0.183
3830.494	-0.002	0.186
3830.573	-0.002	0.186
3830.664	-0.002	0.186
3830.742	-0.002	0.186
3830.820	-0.002	0.186
3830.911	-0.002	0.186
3830.989	-0.002	0.186
3831.081	-0.002	0.186
3831.158	-0.001	0.186
3831.237	-0.002	0.186
3831.327	-0.002	0.185
3831.406	-0.002	0.182
3831.498	-0.002	0.181
3831.575	-0.002	0.181
3831.653	-0.002	0.181
3831.744	-0.002	0.181
3831.823	-0.002	0.181
3831.914	-0.002	0.181
3831.992	-0.002	0.181
3832.070	-0.001	0.181
3832.161	-0.002	0.181
3832.239	-0.002	0.181
3832.331	-0.002	0.181
3832.408	-0.002	0.181
3832.487	-0.001	0.181
3832.577	-0.002	0.181
3832.656	-0.002	0.180
3832.748	-0.002	0.181
3832.825	-0.002	0.181
3832.903	-0.001	0.181
3832.994	-0.002	0.181
3833.073	-0.002	0.181
3833.164	-0.002	0.181
3833.242	-0.002	0.181
3833.320	-0.002	0.182
3833.411	-0.002	0.182
3833.489	-0.002	0.182
3833.581	-0.002	0.181
3833.658	-0.002	0.181
3833.737	-0.002	0.181
3833.827	-0.002	0.181
3833.906	-0.002	0.181
3833.998	-0.002	0.182
3834.075	-0.002	0.184
3834.153	-0.001	0.183
3834.244	-0.001	0.185
3834.323	-0.002	0.186
3834.414	-0.002	0.186
3834.492	-0.002	0.186
3834.570	-0.002	0.186
3834.661	-0.002	0.186
3834.739	-0.002	0.186
3834.831	-0.002	0.186
3834.908	-0.001	0.186
3834.987	-0.002	0.186
3835.077	-0.002	0.186
3835.156	-0.002	0.186
3835.248	-0.001	0.186
3835.325	-0.002	0.186
3835.403	-0.002	0.186
3835.494	-0.002	0.186
3835.573	-0.001	0.185
3835.664	0.000	0.186
3835.742	-0.002	0.185
3835.820	0.000	0.185
3835.911	0.001	0.185
3835.989	-0.001	0.182
3836.081	-0.001	0.182
3836.158	0.002	0.182
3836.237	0.000	0.181
3836.327	0.002	0.181
3836.406	-0.001	0.181
3836.498	0.000	0.181
3836.575	0.001	0.181
3836.653	0.000	0.177
3836.744	-0.001	0.177
3836.823	-0.001	0.177
3836.914	0.001	0.176
3836.992	0.001	0.179
3837.070	-0.001	0.181
3837.161	0.002	0.181
3837.239	0.000	0.181
3837.331	-0.001	0.185
3837.408	0.000	0.186
3837.487	-0.002	0.186
3837.577	0.000	0.186
3837.656	0.000	0.186
3837.748	0.002	0.186
3837.825	0.001	0.185
3837.903	0.000	0.184
3837.994	0.002	0.183
3838.073	0.002	0.184
3838.164	0.002	0.181
3838.242	0.001	0.181
3838.320	0.001	0.181
3838.411	0.002	0.182
3838.489	0.001	0.181
3838.581	0.002	0.181
3838.658	0.002	0.181
3838.737	0.002	0.179
3838.827	0.002	0.177
3838.906	-0.001	0.179
3838.998	0.002	0.179
3839.075	0.001	0.178
3839.153	0.002	0.178
3839.244	0.001	0.180
3839.323	0.002	0.177
3839.414	0.002	0.176
3839.492	0.002	0.177
3839.570	0.002	0.181
3839.661	0.001	0.181
3839.739	0.002	0.181
3839.831	0.003	0.182
3839.908	0.003	0.186
3839.987	0.002	0.186
3840.077	0.002	0.186
3840.156	0.002	0.186
3840.248	0.002	0.186
3840.325	0.002	0.186
3840.403	0.001	0.186
3840.494	0.002	0.186
3840.573	0.002	0.186
3840.664	0.003	0.185
3840.742	0.002	0.184
3840.820	0.002	0.185
3840.911	0.003	0.181
3840.989	0.002	0.181
3841.081	0.003	0.181
3841.158	0.002	0.181
3841.237	0.003	0.181
3841.327	0.003	0.181
3841.406	0.003	0.181
3841.498	0.003	0.181
3841.575	0.002	0.181
3841.653	0.002	0.181
3841.744	0.003	0.181
3841.823	0.003	0.181
3841.914	0.003	0.181
3841.992	0.003	0.181
3842.070	0.003	0.181
3842.161	0.002	0.181
3842.239	0.003	0.181
3842.331	0.003	0.181
3842.408	0.002	0.181
3842.487	0.003	0.181
3842.577	0.003	0.181
3842.656	0.003	0.181
3842.748	0.003	0.181
3842.825	0.002	0.181
3842.903	0.003	0.181
3842.994	0.003	0.181
3843.073	0.003	0.181
3843.164	0.003	0.182
3843.242	0.003	0.186
3843.320	0.002	0.186
3843.411	0.003	0.186
3843.489	0.003	0.186
3843.581	0.003	0.186
3843.658	0.003	0.186
3843.737	0.003	0.186
3843.827	0.003	0.186
3843.906	0.003	0.188
3843.998	0.003	0.187
3844.075	0.003	0.190
3844.153	0.003	0.192
3844.244	0.003	0.192
3844.323	0.003	0.192
3844.414	0.003	0.192
3844.492	0.003	0.192
3844.570	0.003	0.195
3844.661	0.003	0.196
3844.739	0.003	0.197
3844.831	0.003	0.197
3844.908	0.003	0.197
3844.987	0.003	0.197
3845.077	0.003	0.197
3845.156	0.003	0.197
3845.248	0.003	0.197
3845.325	0.003	0.197
3845.403	0.003	0.201
3845.494	0.003	0.201
3845.573	0.003	0.202
3845.664	0.003	0.201
3845.742	0.003	0.202
3845.820	0.003	0.201
3845.911	0.003	0.200
3845.989	0.003	0.202
3846.067	0.003	0.202
3846.158	0.003	0.202
3846.237	0.003	0.202
3846.327	0.003	0.203
3846.406	0.003	0.207
3846.498	0.003	0.207
3846.575	0.003	0.207
3846.653	0.003	0.207
3846.744	0.003	0.207
3846.823	0.003	0.207
3846.901	0.003	0.210
3846.992	0.003	0.210
3847.070	0.003	0.209
3847.161	0.003	0.208
3847.239	0.003	0.207
3847.331	0.003	0.209
3847.408	0.003	0.207
3847.487	0.003	0.207
3847.577	0.003	0.210
3847.656	0.003	0.210
3847.734	0.003	0.210
3847.825	0.003	0.209
3847.903	0.003	0.207
3847.994	0.003	0.208
3848.073	0.003	0.207
3848.164	0.003	0.208
3848.242	0.003	0.207
3848.320	0.003	0.207
3848.411	0.003	0.207
3848.489	0.003	0.207
3848.567	0.003	0.207
3848.658	0.003	0.207
3848.737	0.003	0.205
3848.827	0.003	0.203
3848.906	0.003	0.205
3848.998	0.003	0.203
3849.075	0.003	0.202
3849.153	0.003	0.202
3849.244	0.003	0.202
3849.323	0.003	0.202
3849.401	0.003	0.202
3849.492	0.003	0.203
3849.570	0.003	0.205
3849.661	0.003	0.207
3849.739	0.003	0.207
3849.817	0.003	0.207
3849.908	0.003	0.207
3849.987	0.003	0.207
3850.077	0.003	0.207
3850.156	0.003	0.207
3850.248	0.003	0.207
3850.325	0.003	0.207
3850.403	0.003	0.205
3850.494	0.003	0.206
3850.573	0.003	0.202
3850.651	0.003	0.203
3850.742	0.003	0.202
3850.820	0.003	0.202
3850.911	0.003	0.202
3850.989	0.003	0.202
3851.067	0.003	0.202
3851.158	0.003	0.202
3851.237	0.003	0.202
3851.327	0.003	0.200
3851.406	0.003	0.200
3851.498	0.003	0.200
3851.575	0.003	0.199
3851.653	0.003	0.199
3851.744	0.003	0.199
3851.823	0.003	0.200
3851.901	0.004	0.201
3851.992	0.003	0.202
3852.070	0.003	0.202
3852.161	0.003	0.202
3852.239	0.003	0.202
3852.331	0.003	0.201
3852.408	0.003	0.201
3852.487	0.003	0.202
3852.577	0.003	0.202
3852.656	0.003	0.202
3852.734	0.004	0.202
3852.825	0.005	0.201
3852.903	0.004	0.199
3852.994	0.003	0.201
3853.073	0.003	0.202
3853.164	0.005	0.202
3853.242	0.003	0.203
3853.320	0.004	0.203
3853.411	0.003	0.203
3853.489	0.004	0.203
3853.567	0.005	0.202
3853.658	0.004	0.203
3853.737	0.003	0.203
3853.827	0.006	0.202
3853.906	0.005	0.202
3853.998	0.004	0.202
3854.075	0.004	0.202
3854.153	0.005	0.202
3854.244	0.003	0.202
3854.323	0.004	0.202
3854.401	0.004	0.202
3854.492	0.005	0.202
3854.570	0.005	0.202
3854.661	0.006	0.202
3854.739	0.007	0.201
3854.831	0.005	0.201
3854.908	0.004	0.200
3854.987	0.006	0.197
3855.077	0.004	0.197
3855.156	0.005	0.197
3855.234	0.006	0.193
3855.325	0.005	0.191
3855.403	0.004	0.187
3855.494	0.005	0.186
3855.573	0.004	0.186
3855.664	0.007	0.186
3855.742	0.008	0.186
3855.820	0.008	0.186
3855.911	0.007	0.186
3855.989	0.008	0.187
3856.067	0.006	0.188
3856.158	0.008	0.191
3856.237	0.005	0.192
3856.327	0.006	0.193
3856.406	0.006	0.192
3856.498	0.008	0.193
3856.575	0.007	0.194
3856.653	0.008	0.195
3856.744	0.005	0.197
3856.823	0.006	0.197
3856.901	0.008	0.197
3856.992	0.007	0.199
3857.070	0.008	0.202
3857.161	0.006	0.202
3857.239	0.008	0.202
3857.331	0.005	0.202
3857.408	0.006	0.202
3857.487	0.008	0.202
3857.565	0.008	0.202
3857.656	0.008	0.203
3857.748	0.008	0.203
3857.825	0.008	0.204
3857.903	0.008	0.207
3857.994	0.007	0.207
3858.073	0.006	0.207
3858.151	0.008	0.207
3858.242	0.008	0.207
3858.320	0.008	0.211
3858.411	0.007	0.212
3858.489	0.008	0.213
3858.581	0.008	0.215
3858.658	0.008	0.217
3858.737	0.007	0.217
3858.827	0.008	0.217
3858.906	0.007	0.218
3858.998	0.008	0.220
3859.075	0.008	0.220
3859.153	0.008	0.220
3859.244	0.008	0.222
3859.323	0.008	0.222
3859.401	0.008	0.222
3859.492	0.008	0.222
3859.570	0.008	0.221
3859.661	0.008	0.220
3859.739	0.008	0.220
3859.831	0.008	0.220
3859.908	0.008	0.222
3859.987	0.008	0.221
3860.077	0.008	0.224
3860.156	0.008	0.227
3860.234	0.008	0.227
3860.325	0.008	0.227
3860.403	0.008	0.227
3860.494	0.008	0.227
3860.573	0.008	0.226
3860.651	0.008	0.226
3860.742	0.008	0.223
3860.820	0.008	0.222
3860.911	0.008	0.222
3860.989	0.008	0.222
3861.081	0.008	0.221
3861.158	0.008	0.220
3861.237	0.008	0.218
3861.327	0.008	0.218
3861.406	0.008	0.217
3861.484	0.008	0.217
3861.575	0.008	0.217
3861.653	0.008	0.213
3861.744	0.008	0.212
3861.823	0.008	0.211
3861.914	0.008	0.210
3861.992	0.008	0.209
3862.070	0.008	0.210
3862.161	0.008	0.212
3862.239	0.008	0.207
3862.317	0.008	0.207
3862.408	0.008	0.207
3862.487	0.008	0.207
3862.577	0.008	0.207
3862.656	0.008	0.207
3862.734	0.008	0.207
3862.825	0.008	0.207
3862.903	0.008	0.207
3862.994	0.008	0.207
3863.073	0.008	0.209
3863.164	0.008	0.212
3863.242	0.008	0.212
3863.320	0.008	0.214
3863.411	0.008	0.214
3863.489	0.008	0.217
3863.567	0.008	0.217
3863.658	0.008	0.217
3863.737	0.008	0.217
3863.827	0.008	0.217
3863.906	0.008	0.217
3863.998	0.008	0.220
3864.075	0.009	0.222
3864.153	0.008	0.221
3864.244	0.008	0.220
3864.323	0.008	0.221
3864.401	0.008	0.222
3864.492	0.009	0.222
3864.570	0.008	0.222
3864.661	0.008	0.222
3864.739	0.008	0.223
3864.831	0.008	0.226
3864.908	0.008	0.223
3864.987	0.009	0.225
3865.077	0.009	0.226
3865.156	0.008	0.226
3865.234	0.008	0.227
3865.325	0.008	0.226
3865.403	0.008	0.225
3865.494	0.009	0.225
3865.573	0.008	0.222
3865.664	0.008	0.222
3865.742	0.008	0.222
3865.820	0.009	0.223
3865.911	0.009	0.222
3865.989	0.009	0.222
3866.067	0.008	0.222
3866.158	0.008	0.222
3866.237	0.008	0.221
3866.327	0.009	0.220
3866.406	0.010	0.221
3866.484	0.008	0.222
3866.575	0.009	0.222
3866.653	0.009	0.222
3866.744	0.008	0.222
3866.823	0.008	0.222
3866.914	0.010	0.225
3866.992	0.008	0.226
3867.070	0.008	0.226
3867.161	0.008	0.224
3867.239	0.009	0.223
3867.317	0.012	0.222
3867.408	0.009	0.222
3867.487	0.009	0.222
3867.577	0.009	0.221
3867.656	0.008	0.222
3867.734	0.009	0.222
3867.825	0.010	0.222
3867.903	0.010	0.222
3867.994	0.010	0.222
3868.073	0.011	0.222
3868.151	0.008	0.223
3868.242	0.011	0.222
3868.320	0.011	0.222
3868.411	0.011	0.222
3868.489	0.011	0.222
3868.567	0.012	0.218
3868.658	0.014	0.217
3868.737	0.010	0.217
3868.827	0.009	0.217
3868.906	0.012	0.217
3868.984	0.012	0.218
3869.075	0.012	0.218
3869.153	0.014	0.220
3869.244	0.013	0.222
3869.323	0.012	0.222
3869.401	0.013	0.222
3869.492	0.014	0.222
3869.570	0.013	0.222
3869.661	0.014	0.222
3869.739	0.013	0.220
3869.817	0.013	0.217
3869.908	0.011	0.217
3869.987	0.012	0.217
3870.077	0.012	0.217
3870.156	0.013	0.217
3870.234	0.013	0.217
3870.325	0.013	0.217
3870.403	0.013	0.217
3870.494	0.012	0.217
3870.573	0.012	0.215
3870.651	0.013	0.215
3870.742	0.014	0.217
3870.820	0.014	0.217
3870.911	0.014	0.215
3870.989	0.014	0.217
3871.067	0.014	0.217
3871.158	0.014	0.217
3871.237	0.013	0.217
3871.327	0.014	0.217
3871.406	0.014	0.217
3871.484	0.014	0.219
3871.575	0.014	0.217
3871.653	0.014	0.217
3871.744	0.014	0.218
3871.823	0.012	0.217
3871.901	0.014	0.217
3871.992	0.014	0.217
3872.070	0.014	0.217
3872.161	0.013	0.217
3872.239	0.014	0.217
3872.317	0.014	0.218
3872.408	0.014	0.218
3872.487	0.014	0.222
3872.577	0.014	0.222
3872.656	0.014	0.225
3872.734	0.014	0.225
3872.825	0.014	0.226
3872.903	0.014	0.226
3872.994	0.014	0.227
3873.073	0.014	0.227
3873.151	0.014	0.227
3873.242	0.014	0.227
3873.320	0.014	0.227
3873.411	0.014	0.227
3873.489	0.014	0.227
3873.567	0.014	0.227
3873.658	0.014	0.227
3873.737	0.014	0.228
3873.827	0.014	0.228
3873.906	0.014	0.228
3873.984	0.014	0.231
3874.075	0.014	0.227
3874.153	0.014	0.230
3874.244	0.014	0.228
3874.323	0.014	0.227
3874.401	0.014	0.227
3874.492	0.014	0.227
3874.570	0.014	0.226
3874.661	0.014	0.225
3874.739	0.014	0.224
3874.817	0.014	0.222
3874.908	0.014	0.222
3874.987	0.014	0.222
3875.077	0.014	0.222
3875.156	0.014	0.222
3875.234	0.014	0.225
3875.325	0.014	0.226
3875.403	0.014	0.227
3875.494	0.014	0.227
3875.573	0.014	0.227
3875.651	0.014	0.227
3875.742	0.015	0.227
3875.820	0.014	0.226
3875.911	0.014	0.227
3875.989	0.014	0.227
3876.067	0.014	0.227
3876.158	0.014	0.227
3876.237	0.014	0.228
3876.327	0.014	0.230
3876.406	0.014	0.229
3876.484	0.014	0.228
3876.575	0.014	0.228
3876.653	0.014	0.230
3876.744	0.014	0.229
3876.823	0.014	0.231
3876.901	0.014	0.231
3876.992	0.014	0.232
3877.070	0.015	0.232
3877.161	0.014	0.232
3877.239	0.014	0.234
3877.317	0.014	0.236
3877.408	0.014	0.236
3877.487	0.014	0.235
3877.577	0.014	0.237
3877.656	0.014	0.236
3877.734	0.014	0.236
3877.825	0.014	0.234
3877.903	0.015	0.232
3877.994	0.015	0.232
3878.073	0.014	0.232
3878.151	0.015	0.231
3878.242	0.014	0.232
3878.320	0.017	0.231
3878.411	0.015	0.232
3878.489	0.016	0.231
3878.567	0.017	0.231
3878.658	0.018	0.228
3878.737	0.015	0.227
3878.827	0.015	0.227
3878.906	0.016	0.230
3878.984	0.014	0.231
3879.075	0.015	0.231
3879.153	0.016	0.232
3879.244	0.017	0.234
3879.323	0.015	0.237
3879.401	0.016	0.238
3879.492	0.014	0.239
3879.570	0.017	0.243
3879.661	0.016	0.243
3879.739	0.014	0.247
3879.817	0.018	0.248
3879.908	0.019	0.248
3879.987	0.018	0.248
3880.077	0.018	0.248
3880.156	0.017	0.248
3880.234	0.019	0.248
3880.325	0.019	0.250
3880.403	0.018	0.248
3880.494	0.018	0.251
3880.573	0.018	0.249
3880.651	0.019	0.249
3880.742	0.017	0.248
3880.820	0.019	0.251
3880.911	0.019	0.251
3880.989	0.019	0.251
3881.067	0.018	0.251
3881.158	0.019	0.252
3881.237	0.018	0.252
3881.327	0.019	0.251
3881.406	0.018	0.249
3881.484	0.019	0.248
3881.575	0.018	0.248
3881.653	0.019	0.248
3881.744	0.019	0.248
3881.823	0.019	0.248
3881.901	0.017	0.248
3881.992	0.019	0.248
3882.070	0.019	0.248
3882.161	0.019	0.248
3882.239	0.019	0.248
3882.317	0.019	0.248
3882.408	0.019	0.248
3882.487	0.018	0.248
3882.577	0.019	0.248
3882.656	0.019	0.248
3882.734	0.019	0.246
3882.825	0.019	0.243
3882.903	0.019	0.243
3882.994	0.019	0.243
3883.073	0.019	0.243
3883.151	0.019	0.243
3883.242	0.019	0.243
3883.320	0.019	0.241
3883.411	0.019	0.242
3883.489	0.019	0.238
3883.567	0.019	0.240
3883.658	0.019	0.239
3883.737	0.019	0.239
3883.827	0.019	0.240
3883.906	0.019	0.242
3883.984	0.019	0.242
3884.075	0.019	0.243
3884.153	0.019	0.243
3884.244	0.019	0.242
3884.323	0.019	0.242
3884.401	0.019	0.243
3884.492	0.019	0.243
3884.570	0.019	0.243
3884.661	0.019	0.243
3884.739	0.019	0.244
3884.817	0.019	0.248
3884.908	0.019	0.248
3884.987	0.019	0.248
3885.077	0.019	0.248
3885.156	0.019	0.248
3885.234	0.019	0.249
3885.325	0.019	0.249
3885.403	0.019	0.250
3885.494	0.019	0.248
3885.573	0.019	0.248
3885.651	0.019	0.248
3885.742	0.019	0.248
3885.820	0.019	0.248
3885.911	0.019	0.248
3885.989	0.019	0.247
3886.067	0.019	0.246
3886.158	0.019	0.246
3886.237	0.019	0.244
3886.327	0.019	0.247
3886.406	0.019	0.245
3886.484	0.019	0.243
3886.575	0.019	0.244
3886.653	0.019	0.248
3886.744	0.019	0.246
3886.823	0.019	0.247
3886.901	0.019	0.248
3886.992	0.019	0.248
3887.070	0.019	0.248
3887.161	0.019	0.248
3887.239	0.019	0.248
3887.317	0.019	0.248
3887.408	0.019	0.248
3887.487	0.019	0.248
3887.577	0.019	0.248
3887.656	0.019	0.248
3887.734	0.019	0.245
3887.825	0.019	0.247
3887.903	0.019	0.245
3887.994	0.019	0.246
3888.073	0.019	0.246
3888.151	0.019	0.248
3888.242	0.019	0.248
3888.320	0.019	0.248
3888.411	0.019	0.248
3888.489	0.019	0.248
3888.567	0.019	0.246
3888.658	0.019	0.245
3888.737	0.019	0.246
3888.827	0.019	0.247
3888.906	0.019	0.248
3888.984	0.019	0.248
3889.075	0.019	0.246
3889.153	0.019	0.248
3889.244	0.019	0.245
3889.323	0.019	0.243
3889.401	0.019	0.243
3889.492	0.019	0.244
3889.570	0.019	0.244
3889.648	0.020	0.247
3889.739	0.019	0.248
3889.817	0.019	0.248
3889.908	0.019	0.248
3889.987	0.019	0.246
3890.077	0.019	0.247
3890.156	0.019	0.247
3890.234	0.021	0.243
3890.325	0.022	0.243
3890.403	0.020	0.243
3890.494	0.020	0.243
3890.573	0.020	0.244
3890.651	0.020	0.246
3890.742	0.021	0.248
3890.820	0.021	0.248
3890.898	0.020	0.248
3890.989	0.022	0.248
3891.067	0.021	0.248
3891.158	0.022	0.248
3891.237	0.019	0.248
3891.327	0.023	0.248
3891.406	0.020	0.248
3891.484	0.022	0.248
3891.575	0.022	0.248
3891.653	0.022	0.248
3891.732	0.020	0.248
3891.823	0.023	0.248
3891.901	0.023	0.246
3891.992	0.023	0.244
3892.070	0.022	0.243
3892.161	0.022	0.243
3892.239	0.022	0.243
3892.317	0.024	0.241
3892.408	0.020	0.239
3892.487	0.023	0.238
3892.577	0.023	0.237
3892.656	0.023	0.237
3892.734	0.024	0.238
3892.825	0.021	0.240
3892.903	0.023	0.238
3892.994	0.023	0.242
3893.073	0.023	0.243
3893.151	0.023	0.243
3893.242	0.023	0.247
3893.320	0.024	0.248
3893.398	0.024	0.248
3893.489	0.023	0.249
3893.567	0.024	0.253
3893.658	0.024	0.256
3893.737	0.024	0.257
3893.815	0.024	0.258
3893.906	0.024	0.258
3893.984	0.024	0.258
3894.075	0.024	0.258
3894.153	0.024	0.259
3894.244	0.024	0.258
3894.323	0.024	0.258
3894.401	0.024	0.258
3894.492	0.024	0.258
3894.570	0.024	0.258
3894.648	0.024	0.257
3894.739	0.023	0.257
3894.817	0.024	0.255
3894.908	0.024	0.256
3894.987	0.024	0.254
3895.077	0.024	0.254
3895.156	0.024	0.253
3895.234	0.024	0.253
3895.325	0.024	0.253
3895.403	0.024	0.253
3895.494	0.024	0.253
3895.573	0.024	0.253
3895.651	0.024	0.253
3895.742	0.024	0.253
3895.820	0.024	0.253
3895.898	0.024	0.253
3895.989	0.024	0.253
3896.067	0.024	0.253
3896.158	0.024	0.253
3896.237	0.024	0.253
3896.315	0.024	0.253
3896.406	0.024	0.253
3896.484	0.024	0.253
3896.575	0.024	0.253
3896.653	0.024	0.253
3896.744	0.024	0.253
3896.823	0.024	0.253
3896.901	0.024	0.255
3896.992	0.024	0.254
3897.070	0.024	0.258
3897.161	0.024	0.258
3897.239	0.024	0.258
3897.317	0.024	0.259
3897.408	0.024	0.260
3897.487	0.024	0.263
3897.577	0.024	0.263
3897.656	0.024	0.263
3897.734	0.024	0.263
3897.825	0.024	0.263
3897.903	0.024	0.264
3897.994	0.024	0.265
3898.073	0.024	0.268
3898.151	0.024	0.268
3898.242	0.024	0.269
3898.320	0.024	0.271
3898.398	0.024	0.273
3898.489	0.024	0.273
3898.567	0.024	0.273
3898.658	0.024	0.273
3898.737	0.025	0.275
3898.827	0.025	0.276
3898.906	0.024	0.277
3898.984	0.024	0.277
3899.075	0.024	0.277
3899.153	0.024	0.277
3899.244	0.025	0.277
3899.323	0.024	0.277
3899.401	0.025	0.277
3899.492	0.027	0.275
3899.570	0.025	0.274
3899.648	0.024	0.273
3899.739	0.025	0.273
3899.817	0.025	0.273
3899.908	0.024	0.276
3899.987	0.024	0.277
3900.077	0.025	0.277
3900.156	0.025	0.278
3900.234	0.024	0.278
3900.325	0.026	0.278
3900.403	0.026	0.278
3900.494	0.025	0.278
3900.573	0.025	0.278
3900.651	0.026	0.278
3900.742	0.025	0.277
3900.820	0.025	0.276
3900.911	0.025	0.273
3900.989	0.026	0.273
3901.067	0.025	0.274
3901.158	0.027	0.274
3901.237	0.027	0.275
3901.327	0.025	0.276
3901.406	0.027	0.274
3901.484	0.025	0.276
3901.575	0.026	0.277
3901.653	0.026	0.278
3901.744	0.026	0.278
3901.823	0.029	0.278
3901.901	0.026	0.279
3901.992	0.029	0.280
3902.070	0.027	0.282
3902.161	0.027	0.282
3902.239	0.027	0.281
3902.317	0.026	0.280
3902.408	0.027	0.278
3902.487	0.028	0.278
3902.577	0.027	0.278
3902.656	0.029	0.278
3902.734	0.028	0.278
3902.825	0.027	0.275
3902.903	0.029	0.273
3902.994	0.029	0.273
3903.073	0.029	0.274
3903.151	0.028	0.275
3903.242	0.028	0.278
3903.320	0.028	0.278
3903.411	0.029	0.278
3903.489	0.028	0.278
3903.567	0.028	0.278
3903.658	0.029	0.278
3903.737	0.029	0.278
3903.827	0.028	0.278
3903.906	0.028	0.277
3903.984	0.029	0.277
3904.075	0.029	0.273
3904.153	0.028	0.274
3904.244	0.029	0.275
3904.323	0.029	0.278
3904.401	0.029	0.278
3904.492	0.029	0.278
3904.570	0.029	0.278
3904.661	0.029	0.282
3904.739	0.028	0.283
3904.817	0.029	0.287
3904.908	0.029	0.286
3904.987	0.029	0.288
3905.077	0.029	0.288
3905.156	0.029	0.288
3905.234	0.030	0.288
3905.325	0.029	0.289
3905.403	0.029	0.289
3905.494	0.029	0.289
3905.573	0.030	0.288
3905.651	0.029	0.288
3905.742	0.030	0.288
3905.820	0.029	0.288
3905.911	0.029	0.288
3905.989	0.029	0.288
3906.067	0.029	0.288
3906.158	0.029	0.288
3906.237	0.029	0.288
3906.327	0.030	0.288
3906.406	0.029	0.288
3906.484	0.030	0.288
3906.575	0.029	0.288
3906.653	0.029	0.288
3906.744	0.030	0.288
3906.823	0.030	0.291
3906.901	0.031	0.293
3906.992	0.030	0.293
3907.070	0.031	0.293
3907.161	0.031	0.298
3907.239	0.030	0.299
3907.317	0.030	0.299
3907.408	0.031	0.299
3907.487	0.031	0.300
3907.565	0.032	0.300
3907.656	0.032	0.304
3907.734	0.031	0.304
3907.825	0.031	0.303
3907.903	0.031	0.300
3907.982	0.030	0.300
3908.073	0.031	0.299
3908.151	0.031	0.299
3908.242	0.031	0.298
3908.320	0.031	0.299
3908.398	0.031	0.296
3908.489	0.030	0.295
3908.567	0.033	0.294
3908.658	0.033	0.295
3908.737	0.032	0.296
3908.815	0.034	0.295
3908.906	0.034	0.297
3908.984	0.032	0.299
3909.075	0.032	0.299
3909.153	0.033	0.299
3909.232	0.034	0.301
3909.323	0.033	0.303
3909.401	0.034	0.304
3909.492	0.033	0.304
3909.570	0.034	0.305
3909.648	0.032	0.305
3909.739	0.034	0.307
3909.817	0.033	0.308
3909.908	0.034	0.308
3909.987	0.034	0.305
3910.065	0.034	0.305
3910.156	0.034	0.304
3910.234	0.033	0.304
3910.325	0.034	0.303
3910.403	0.033	0.304
3910.482	0.034	0.304
3910.573	0.034	0.304
3910.651	0.034	0.304
3910.742	0.034	0.301
3910.820	0.034	0.303
3910.898	0.034	0.303
3910.989	0.034	0.303
3911.067	0.034	0.304
3911.158	0.034	0.302
3911.237	0.034	0.304
3911.315	0.034	0.303
3911.406	0.034	0.303
3911.484	0.034	0.304
3911.575	0.034	0.300
3911.653	0.034	0.302
3911.732	0.034	0.303
3911.823	0.034	0.304
3911.901	0.034	0.304
3911.992	0.034	0.304
3912.070	0.034	0.304
3912.148	0.034	0.304
3912.239	0.034	0.304
3912.317	0.034	0.304
3912.408	0.034	0.304
3912.487	0.034	0.304
3912.565	0.034	0.304
3912.656	0.034	0.304
3912.734	0.034	0.302
3912.825	0.034	0.303
3912.903	0.034	0.304
3912.982	0.034	0.304
3913.073	0.034	0.304
3913.151	0.034	0.304
3913.242	0.034	0.304
3913.320	0.034	0.304
3913.398	0.034	0.304
3913.489	0.034	0.302
3913.567	0.034	0.300
3913.658	0.034	0.301
3913.737	0.034	0.299
3913.815	0.034	0.299
3913.906	0.034	0.299
3913.984	0.034	0.299
3914.075	0.034	0.300
3914.153	0.034	0.304
3914.232	0.034	0.300
3914.323	0.034	0.301
3914.401	0.034	0.304
3914.492	0.034	0.304
3914.570	0.034	0.304
3914.648	0.034	0.304
3914.739	0.034	0.304
3914.817	0.034	0.305
3914.908	0.034	0.304
3914.987	0.034	0.306
3915.065	0.035	0.308
3915.156	0.034	0.309
3915.234	0.034	0.309
3915.325	0.034	0.309
3915.403	0.034	0.309
3915.482	0.036	0.309
3915.573	0.036	0.310
3915.651	0.035	0.311
3915.742	0.036	0.312
3915.820	0.034	0.314
3915.898	0.036	0.314
3915.989	0.035	0.314
3916.067	0.037	0.315
3916.158	0.035	0.316
3916.237	0.037	0.316
3916.315	0.036	0.319
3916.406	0.036	0.319
3916.484	0.036	0.319
3916.575	0.036	0.320
3916.653	0.037	0.319
3916.732	0.035	0.322
3916.823	0.035	0.324
3916.901	0.036	0.324
3916.992	0.036	0.324
3917.070	0.037	0.323
3917.148	0.036	0.322
3917.239	0.036	0.321
3917.317	0.036	0.321
3917.408	0.036	0.320
3917.487	0.038	0.319
3917.565	0.037	0.319
3917.656	0.038	0.319
3917.734	0.038	0.319
3917.825	0.037	0.319
3917.903	0.038	0.319
3917.982	0.039	0.319
3918.073	0.038	0.318
3918.151	0.038	0.319
3918.242	0.038	0.319
3918.320	0.039	0.319
3918.398	0.037	0.319
3918.489	0.039	0.319
3918.567	0.039	0.321
3918.658	0.039	0.323
3918.737	0.039	0.324
3918.815	0.039	0.324
3918.906	0.038	0.324
3918.984	0.039	0.325
3919.075	0.039	0.328
3919.153	0.039	0.329
3919.232	0.039	0.330
3919.323	0.039	0.332
3919.401	0.039	0.333
3919.492	0.039	0.333
3919.570	0.039	0.332
3919.648	0.039	0.331
3919.739	0.039	0.333
3919.817	0.039	0.333
3919.908	0.039	0.333
3919.987	0.039	0.334
3920.065	0.039	0.334
3920.156	0.039	0.334
3920.234	0.039	0.334
3920.325	0.039	0.334
3920.403	0.039	0.335
3920.482	0.039	0.336
3920.573	0.039	0.337
3920.651	0.039	0.336
3920.742	0.039	0.334
3920.820	0.039	0.334
3920.898	0.039	0.334
3920.989	0.039	0.334
3921.067	0.039	0.334
3921.158	0.039	0.334
3921.237	0.039	0.334
3921.315	0.039	0.333
3921.406	0.039	0.334
3921.484	0.039	0.334
3921.575	0.039	0.334
3921.653	0.039	0.334
3921.732	0.039	0.334
3921.823	0.039	0.334
3921.901	0.039	0.338
3921.992	0.039	0.339
3922.070	0.039	0.340
3922.148	0.039	0.339
3922.239	0.039	0.344
3922.317	0.039	0.344
3922.408	0.039	0.344
3922.487	0.039	0.344
3922.565	0.040	0.344
3922.656	0.039	0.344
3922.734	0.039	0.344
3922.825	0.039	0.344
3922.903	0.039	0.344
3922.982	0.039	0.342
3923.073	0.039	0.340
3923.151	0.039	0.339
3923.242	0.039	0.339
3923.320	0.039	0.339
3923.398	0.039	0.339
3923.489	0.040	0.339
3923.567	0.039	0.339
3923.658	0.039	0.339
3923.737	0.039	0.341
3923.815	0.040	0.339
3923.906	0.039	0.343
3923.984	0.040	0.344
3924.075	0.041	0.344
3924.153	0.040	0.344
3924.232	0.040	0.344
3924.323	0.041	0.344
3924.401	0.039	0.344
3924.492	0.040	0.344
3924.570	0.040	0.344
3924.661	0.040	0.344
3924.739	0.040	0.344
3924.817	0.043	0.344
3924.908	0.041	0.339
3924.987	0.042	0.339
3925.077	0.042	0.334
3925.156	0.041	0.333
3925.234	0.043	0.333
3925.325	0.042	0.333
3925.403	0.041	0.333
3925.482	0.042	0.333
3925.573	0.042	0.333
3925.651	0.042	0.334
3925.742	0.044	0.334
3925.820	0.042	0.337
3925.898	0.043	0.339
3925.989	0.042	0.339
3926.067	0.044	0.339
3926.158	0.042	0.343
3926.237	0.044	0.343
3926.315	0.044	0.342
3926.406	0.043	0.344
3926.484	0.044	0.344
3926.575	0.043	0.344
3926.653	0.044	0.344
3926.732	0.043	0.344
3926.823	0.044	0.344
3926.901	0.042	0.344
3926.992	0.044	0.344
3927.070	0.044	0.348
3927.161	0.044	0.349
3927.239	0.044	0.350
3927.317	0.044	0.350
3927.408	0.044	0.350
3927.487	0.044	0.350
3927.565	0.044	0.350
3927.656	0.044	0.350
3927.734	0.044	0.350
3927.825	0.044	0.350
3927.903	0.044	0.351
3927.982	0.044	0.350
3928.073	0.044	0.351
3928.151	0.043	0.355
3928.242	0.044	0.355
3928.320	0.044	0.356
3928.398	0.044	0.356
3928.489	0.044	0.359
3928.567	0.044	0.360
3928.658	0.044	0.360
3928.737	0.044	0.358
3928.815	0.044	0.360
3928.906	0.044	0.360
3928.984	0.044	0.360
3929.075	0.044	0.360
3929.153	0.044	0.363
3929.232	0.044	0.365
3929.323	0.044	0.365
3929.401	0.044	0.365
3929.492	0.044	0.365
3929.570	0.044	0.365
3929.648	0.044	0.369
3929.739	0.044	0.368
3929.817	0.044	0.370
3929.908	0.044	0.369
3929.987	0.044	0.370
3930.065	0.044	0.367
3930.156	0.045	0.370
3930.234	0.044	0.370
3930.325	0.044	0.370
3930.403	0.044	0.371
3930.482	0.045	0.370
3930.573	0.044	0.370
3930.651	0.044	0.370
3930.742	0.044	0.370
3930.820	0.044	0.370
3930.898	0.044	0.369
3930.989	0.044	0.367
3931.067	0.044	0.365
3931.158	0.044	0.365
3931.237	0.044	0.362
3931.315	0.044	0.360
3931.406	0.046	0.360
3931.484	0.044	0.360
3931.575	0.046	0.360
3931.653	0.046	0.360
3931.732	0.045	0.360
3931.823	0.047	0.360
3931.901	0.047	0.360
3931.992	0.046	0.360
3932.070	0.047	0.360
3932.148	0.048	0.361
3932.239	0.047	0.361
3932.317	0.046	0.361
3932.408	0.048	0.360
3932.487	0.046	0.360
3932.565	0.048	0.360
3932.656	0.047	0.364
3932.734	0.049	0.365
3932.825	0.048	0.365
3932.903	0.047	0.365
3932.982	0.048	0.365
3933.073	0.047	0.365
3933.151	0.046	0.366
3933.242	0.048	0.365
3933.320	0.048	0.366
3933.398	0.048	0.365
3933.489	0.049	0.365
3933.567	0.049	0.365
3933.658	0.049	0.363
3933.737	0.047	0.362
3933.815	0.048	0.361
3933.906	0.048	0.360
3933.984	0.048	0.361
3934.075	0.048	0.360
3934.153	0.048	0.360
3934.232	0.048	0.360
3934.323	0.049	0.360
3934.401	0.049	0.358
3934.492	0.049	0.355
3934.570	0.049	0.356
3934.648	0.049	0.357
3934.739	0.049	0.356
3934.817	0.049	0.359
3934.908	0.049	0.360
3934.987	0.049	0.360
3935.065	0.049	0.360
3935.156	0.049	0.360
3935.234	0.049	0.363
3935.325	0.049	0.365
3935.403	0.049	0.365
3935.482	0.049	0.365
3935.573	0.049	0.367
3935.651	0.049	0.370
3935.742	0.049	0.370
3935.820	0.049	0.371
3935.898	0.049	0.375
3935.989	0.049	0.375
3936.067	0.049	0.375
3936.158	0.049	0.375
3936.237	0.049	0.375
3936.315	0.049	0.375
3936.406	0.049	0.375
3936.484	0.049	0.375
3936.575	0.049	0.378
3936.653	0.049	0.376
3936.732	0.049	0.380
3936.823	0.049	0.379
3936.901	0.050	0.380
3936.992	0.049	0.379
3937.070	0.049	0.379
3937.148	0.051	0.380
3937.239	0.049	0.380
3937.317	0.049	0.380
3937.408	0.049	0.379
3937.487	0.049	0.377
3937.565	0.050	0.375
3937.656	0.049	0.375
3937.734	0.050	0.374
3937.825	0.050	0.372
3937.903	0.050	0.370
3937.982	0.051	0.370
3938.073	0.049	0.370
3938.151	0.051	0.370
3938.242	0.051	0.370
3938.320	0.051	0.370
3938.398	0.052	0.369
3938.489	0.053	0.369
3938.567	0.051	0.369
3938.658	0.053	0.370
3938.737	0.053	0.370
3938.815	0.052	0.373
3938.906	0.052	0.374
3938.984	0.052	0.375
3939.075	0.053	0.378
3939.153	0.053	0.379
3939.232	0.053	0.380
3939.323	0.053	0.380
3939.401	0.053	0.380
3939.492	0.054	0.380
3939.570	0.053	0.379
3939.648	0.053	0.380
3939.739	0.054	0.378
3939.817	0.054	0.380
3939.908	0.053	0.380
3939.987	0.053	0.378
3940.065	0.054	0.380
3940.156	0.053	0.380
3940.234	0.054	0.380
3940.325	0.052	0.384
3940.403	0.053	0.385
3940.482	0.054	0.385
3940.573	0.054	0.387
3940.651	0.053	0.389
3940.742	0.054	0.390
3940.820	0.054	0.390
3940.898	0.054	0.390
3940.989	0.054	0.390
3941.067	0.054	0.390
3941.158	0.054	0.390
3941.237	0.054	0.390
3941.315	0.054	0.391
3941.406	0.054	0.392
3941.484	0.054	0.395
3941.575	0.054	0.396
3941.653	0.054	0.399
3941.732	0.054	0.401
3941.823	0.054	0.401
3941.901	0.054	0.402
3941.992	0.054	0.405
3942.070	0.054	0.406
3942.148	0.054	0.406
3942.239	0.054	0.406
3942.317	0.054	0.408
3942.408	0.055	0.410
3942.487	0.054	0.410
3942.565	0.055	0.411
3942.656	0.054	0.411
3942.734	0.054	0.412
3942.825	0.054	0.411
3942.903	0.054	0.411
3942.982	0.057	0.411
3943.073	0.055	0.411
3943.151	0.054	0.410
3943.242	0.054	0.407
3943.320	0.055	0.406
3943.398	0.056	0.406
3943.489	0.056	0.406
3943.567	0.055	0.406
3943.658	0.058	0.406
3943.737	0.057	0.406
3943.815	0.057	0.406
3943.906	0.056	0.406
3943.984	0.057	0.406
3944.075	0.057	0.406
3944.153	0.057	0.406
3944.232	0.059	0.406
3944.323	0.059	0.406
3944.401	0.059	0.406
3944.492	0.056	0.406
3944.570	0.059	0.406
3944.648	0.057	0.405
3944.739	0.057	0.402
3944.817	0.059	0.401
3944.908	0.059	0.401
3944.987	0.059	0.399
3945.065	0.059	0.395
3945.156	0.059	0.395
3945.234	0.059	0.395
3945.325	0.059	0.395
3945.403	0.058	0.395
3945.482	0.059	0.397
3945.560	0.059	0.399
3945.651	0.059	0.401
3945.742	0.059	0.401
3945.820	0.059	0.401
3945.898	0.059	0.401
3945.989	0.059	0.405
3946.067	0.059	0.406
3946.158	0.059	0.406
3946.237	0.059	0.406
3946.315	0.059	0.406
3946.406	0.059	0.406
3946.484	0.059	0.407
3946.575	0.059	0.410
3946.653	0.059	0.411
3946.732	0.059	0.411
3946.823	0.059	0.412
3946.901	0.060	0.411
3946.992	0.059	0.411
3947.070	0.059	0.411
3947.148	0.059	0.411
3947.239	0.059	0.411
3947.317	0.059	0.411
3947.408	0.059	0.411
3947.487	0.059	0.411
3947.565	0.059	0.406
3947.656	0.059	0.406
3947.734	0.059	0.408
3947.825	0.059	0.410
3947.903	0.059	0.411
3947.982	0.059	0.411
3948.073	0.059	0.411
3948.151	0.059	0.411
3948.242	0.059	0.411
3948.320	0.059	0.411
3948.398	0.060	0.413
3948.489	0.060	0.415
3948.567	0.059	0.416
3948.658	0.060	0.416
3948.737	0.060	0.416
3948.815	0.061	0.416
3948.906	0.060	0.416
3948.984	0.061	0.418
3949.075	0.059	0.418
3949.153	0.061	0.420
3949.232	0.060	0.421
3949.323	0.061	0.421
3949.401	0.062	0.423
3949.492	0.062	0.426
3949.570	0.062	0.425
3949.648	0.062	0.426
3949.739	0.064	0.426
3949.817	0.062	0.426
3949.908	0.063	0.426
3949.987	0.062	0.429
3950.065	0.065	0.431
3950.156	0.064	0.431
3950.248	0.063	0.431
3950.325	0.064	0.431
3950.403	0.065	0.430
3950.482	0.065	0.431
3950.573	0.064	0.430
3950.651	0.065	0.431
3950.742	0.065	0.429
3950.820	0.065	0.429
3950.898	0.065	0.431
3950.989	0.065	0.429
3951.067	0.065	0.431
3951.158	0.065	0.431
3951.237	0.065	0.431
3951.315	0.065	0.431
3951.406	0.065	0.431
3951.484	0.065	0.431
3951.575	0.065	0.431
3951.653	0.065	0.432
3951.732	0.065	0.435
3951.823	0.065	0.435
3951.901	0.065	0.435
3951.992	0.065	0.436
3952.070	0.065	0.436
3952.148	0.065	0.436
3952.239	0.065	0.436
3952.317	0.065	0.436
3952.408	0.065	0.436
3952.487	0.065	0.436
3952.565	0.065	0.436
3952.656	0.065	0.438
3952.734	0.065	0.441
3952.825	0.065	0.444
3952.903	0.065	0.446
3952.982	0.065	0.448
3953.073	0.065	0.451
3953.151	0.065	0.452
3953.242	0.065	0.452
3953.320	0.065	0.456
3953.398	0.065	0.457
3953.489	0.065	0.456
3953.567	0.065	0.457
3953.658	0.065	0.457
3953.737	0.065	0.452
3953.815	0.065	0.452
3953.906	0.065	0.452
3953.984	0.065	0.452
3954.075	0.065	0.452
3954.153	0.065	0.450
3954.232	0.065	0.449
3954.323	0.065	0.447
3954.401	0.065	0.446
3954.492	0.065	0.446
3954.570	0.065	0.452
3954.648	0.065	0.452
3954.739	0.065	0.452
3954.817	0.065	0.452
3954.908	0.065	0.454
3954.987	0.065	0.457
3955.065	0.065	0.457
3955.156	0.065	0.459
3955.234	0.066	0.462
3955.325	0.066	0.463
3955.403	0.065	0.467
3955.482	0.065	0.467
3955.573	0.065	0.467
3955.651	0.065	0.467
3955.742	0.067	0.467
3955.820	0.065	0.467
3955.898	0.066	0.466
3955.989	0.065	0.466
3956.067	0.066	0.465
3956.158	0.066	0.462
3956.237	0.066	0.459
3956.315	0.069	0.457
3956.406	0.067	0.457
3956.484	0.068	0.454
3956.575	0.065	0.452
3956.653	0.068	0.452
3956.732	0.068	0.452
3956.823	0.068	0.452
3956.901	0.069	0.452
3956.992	0.068	0.452
3957.070	0.068	0.452
3957.148	0.069	0.452
3957.239	0.070	0.452
3957.317	0.068	0.454
3957.408	0.069	0.456
3957.487	0.070	0.457
3957.565	0.070	0.459
3957.656	0.069	0.462
3957.734	0.069	0.465
3957.825	0.070	0.467
3957.903	0.070	0.467
3957.982	0.070	0.471
3958.073	0.070	0.472
3958.151	0.070	0.473
3958.242	0.070	0.475
3958.320	0.070	0.477
3958.398	0.070	0.480
3958.489	0.070	0.478
3958.567	0.070	0.478
3958.658	0.070	0.477
3958.737	0.070	0.477
3958.815	0.070	0.476
3958.906	0.070	0.477
3958.984	0.070	0.475
3959.075	0.070	0.472
3959.153	0.070	0.472
3959.232	0.070	0.471
3959.323	0.071	0.471
3959.401	0.070	0.469
3959.479	0.070	0.469
3959.570	0.070	0.470
3959.648	0.071	0.469
3959.739	0.070	0.471
3959.817	0.070	0.472
3959.908	0.070	0.472
3959.987	0.070	0.474
3960.065	0.070	0.476
3960.156	0.071	0.477
3960.234	0.072	0.479
3960.325	0.071	0.478
3960.403	0.072	0.478
3960.482	0.070	0.480
3960.573	0.072	0.482
3960.651	0.073	0.482
3960.742	0.074	0.482
3960.820	0.074	0.485
3960.898	0.073	0.485
3960.989	0.074	0.487
3961.067	0.074	0.487
3961.158	0.073	0.486
3961.237	0.072	0.487
3961.315	0.072	0.487
3961.406	0.075	0.487
3961.484	0.074	0.490
3961.562	0.074	0.492
3961.653	0.075	0.492
3961.732	0.075	0.492
3961.823	0.075	0.492
3961.901	0.075	0.495
3961.979	0.075	0.497
3962.070	0.075	0.497
3962.148	0.075	0.498
3962.239	0.075	0.498
3962.317	0.075	0.498
3962.408	0.075	0.497
3962.487	0.075	0.497
3962.565	0.075	0.497
3962.656	0.075	0.497
3962.734	0.075	0.493
3962.825	0.075	0.492
3962.903	0.075	0.492
3962.982	0.075	0.492
3963.073	0.075	0.492
3963.151	0.075	0.492
3963.229	0.075	0.492
3963.320	0.075	0.492
3963.398	0.075	0.492
3963.489	0.075	0.492
3963.567	0.075	0.492
3963.646	0.075	0.496
3963.737	0.075	0.497
3963.815	0.075	0.497
3963.906	0.075	0.497
3963.984	0.075	0.498
3964.062	0.076	0.499
3964.153	0.075	0.502
3964.232	0.075	0.502
3964.323	0.075	0.502
3964.401	0.075	0.502
3964.479	0.076	0.502
3964.570	0.076	0.502
3964.648	0.075	0.502
3964.739	0.076	0.505
3964.817	0.076	0.508
3964.896	0.076	0.508
3964.987	0.076	0.508
3965.065	0.076	0.509
3965.156	0.076	0.512
3965.234	0.076	0.513
3965.312	0.076	0.513
3965.403	0.077	0.513
3965.482	0.079	0.513
3965.573	0.078	0.516
3965.651	0.078	0.516
3965.729	0.080	0.516
3965.820	0.077	0.514
3965.898	0.078	0.513
3965.989	0.079	0.510
3966.067	0.078	0.508
3966.146	0.080	0.508
3966.237	0.078	0.507
3966.315	0.080	0.508
3966.406	0.080	0.507
3966.484	0.080	0.508
3966.562	0.079	0.504
3966.653	0.079	0.502
3966.732	0.079	0.502
3966.823	0.080	0.502
3966.901	0.080	0.502
3966.979	0.080	0.503
3967.070	0.080	0.502
3967.148	0.079	0.502
3967.239	0.080	0.502
3967.317	0.080	0.502
3967.396	0.080	0.502
3967.487	0.080	0.502
3967.565	0.080	0.502
3967.656	0.080	0.502
3967.734	0.080	0.497
3967.812	0.080	0.497
3967.903	0.080	0.496
3967.982	0.080	0.493
3968.073	0.080	0.494
3968.151	0.080	0.493
3968.229	0.080	0.494
3968.320	0.080	0.493
3968.398	0.080	0.496
3968.489	0.080	0.497
3968.567	0.080	0.497
3968.646	0.080	0.501
3968.737	0.080	0.501
3968.815	0.080	0.502
3968.906	0.080	0.505
3968.984	0.080	0.508
3969.062	0.080	0.508
3969.153	0.080	0.511
3969.232	0.080	0.513
3969.323	0.080	0.513
3969.401	0.080	0.513
3969.479	0.080	0.513
3969.570	0.080	0.513
3969.648	0.080	0.513
3969.739	0.080	0.513
3969.817	0.081	0.514
3969.896	0.080	0.514
3969.987	0.081	0.514
3970.065	0.081	0.517
3970.156	0.081	0.517
3970.234	0.081	0.517
3970.312	0.081	0.518
3970.403	0.080	0.518
3970.482	0.081	0.518
3970.573	0.081	0.517
3970.651	0.082	0.518
3970.729	0.080	0.517
3970.820	0.083	0.518
3970.898	0.081	0.519
3970.989	0.081	0.519
3971.067	0.082	0.522
3971.146	0.083	0.523
3971.237	0.082	0.523
3971.315	0.082	0.524
3971.406	0.085	0.525
3971.484	0.083	0.528
3971.562	0.085	0.528
3971.653	0.085	0.528
3971.732	0.084	0.531
3971.823	0.085	0.531
3971.901	0.085	0.533
3971.979	0.085	0.533
3972.070	0.085	0.533
3972.148	0.085	0.533
3972.239	0.085	0.533
3972.317	0.085	0.533
3972.396	0.085	0.534
3972.487	0.085	0.535
3972.565	0.085	0.538
3972.656	0.085	0.538
3972.734	0.085	0.538
3972.812	0.085	0.537
3972.903	0.085	0.537
3972.982	0.085	0.536
3973.073	0.085	0.537
3973.151	0.085	0.538
3973.229	0.085	0.537
3973.320	0.085	0.538
3973.398	0.085	0.538
3973.489	0.085	0.539
3973.567	0.085	0.540
3973.646	0.085	0.543
3973.737	0.085	0.542
3973.815	0.085	0.542
3973.906	0.085	0.543
3973.984	0.085	0.544
3974.062	0.085	0.546
3974.153	0.085	0.546
3974.232	0.085	0.548
3974.323	0.085	0.548
3974.401	0.085	0.548
3974.479	0.085	0.547
3974.570	0.085	0.547
3974.648	0.085	0.547
3974.739	0.085	0.547
3974.817	0.085	0.547
3974.896	0.086	0.548
3974.987	0.085	0.548
3975.065	0.086	0.548
3975.156	0.085	0.548
3975.234	0.087	0.548
3975.312	0.089	0.548
3975.403	0.088	0.551
3975.482	0.088	0.549
3975.573	0.087	0.552
3975.651	0.090	0.553
3975.729	0.088	0.553
3975.820	0.090	0.553
3975.898	0.090	0.553
3975.989	0.089	0.553
3976.067	0.088	0.553
3976.146	0.090	0.552
3976.237	0.090	0.549
3976.315	0.090	0.548
3976.406	0.090	0.548
3976.484	0.089	0.548
3976.562	0.088	0.544
3976.653	0.090	0.542
3976.732	0.090	0.538
3976.823	0.090	0.538
3976.901	0.090	0.537
3976.979	0.090	0.536
3977.070	0.090	0.536
3977.148	0.090	0.536
3977.239	0.090	0.537
3977.317	0.090	0.536
3977.396	0.090	0.538
3977.487	0.090	0.538
3977.565	0.090	0.538
3977.656	0.090	0.538
3977.734	0.090	0.538
3977.812	0.090	0.539
3977.903	0.090	0.542
3977.982	0.090	0.543
3978.073	0.090	0.543
3978.151	0.090	0.547
3978.229	0.090	0.548
3978.320	0.090	0.548
3978.398	0.090	0.548
3978.489	0.090	0.550
3978.567	0.090	0.549
3978.646	0.090	0.548
3978.737	0.090	0.549
3978.815	0.091	0.553
3978.906	0.090	0.553
3978.984	0.091	0.553
3979.062	0.092	0.553
3979.153	0.090	0.555
3979.232	0.092	0.558
3979.323	0.090	0.559
3979.401	0.092	0.561
3979.479	0.093	0.561
3979.570	0.092	0.563
3979.648	0.093	0.564
3979.739	0.092	0.564
3979.817	0.094	0.568
3979.896	0.095	0.569
3979.987	0.094	0.569
3980.065	0.095	0.569
3980.156	0.095	0.570
3980.234	0.095	0.573
3980.312	0.094	0.574
3980.403	0.095	0.574
3980.482	0.095	0.573
3980.573	0.095	0.572
3980.651	0.095	0.570
3980.729	0.095	0.569
3980.820	0.094	0.570
3980.898	0.095	0.570
3980.989	0.095	0.570
3981.067	0.095	0.569
3981.146	0.095	0.571
3981.237	0.095	0.570
3981.315	0.095	0.569
3981.406	0.095	0.570
3981.484	0.095	0.571
3981.562	0.095	0.572
3981.653	0.095	0.574
3981.732	0.095	0.574
3981.823	0.095	0.574
3981.901	0.095	0.574
3981.979	0.095	0.576
3982.070	0.096	0.577
3982.148	0.095	0.575
3982.239	0.096	0.575
3982.317	0.096	0.574
3982.396	0.095	0.574
3982.487	0.097	0.574
3982.565	0.097	0.574
3982.656	0.096	0.574
3982.734	0.096	0.574
3982.812	0.096	0.574
3982.903	0.098	0.574
3982.982	0.095	0.574
3983.073	0.098	0.572
3983.151	0.098	0.570
3983.229	0.098	0.569
3983.320	0.098	0.569
3983.398	0.099	0.569
3983.489	0.100	0.564
3983.567	0.099	0.564
3983.646	0.100	0.564
3983.737	0.099	0.564
3983.815	0.100	0.564
3983.906	0.100	0.564
3983.984	0.098	0.565
3984.062	0.100	0.564
3984.153	0.100	0.566
3984.232	0.099	0.569
3984.323	0.099	0.569
3984.401	0.100	0.569
3984.479	0.100	0.570
3984.570	0.100	0.571
3984.648	0.100	0.574
3984.739	0.100	0.574
3984.817	0.100	0.574
3984.896	0.100	0.574
3984.987	0.100	0.576
3985.065	0.100	0.577
3985.156	0.100	0.578
3985.234	0.100	0.579
3985.312	0.100	0.579
3985.403	0.100	0.581
3985.482	0.100	0.584
3985.573	0.100	0.584
3985.651	0.100	0.586
3985.729	0.100	0.589
3985.820	0.100	0.589
3985.898	0.100	0.591
3985.989	0.100	0.594
3986.067	0.100	0.594
3986.146	0.100	0.594
3986.237	0.100	0.594
3986.315	0.100	0.597
3986.406	0.100	0.598
3986.484	0.100	0.599
3986.562	0.100	0.599
3986.653	0.100	0.599
3986.732	0.101	0.603
3986.823	0.103	0.604
3986.901	0.103	0.608
3986.979	0.102	0.610
3987.070	0.102	0.610
3987.148	0.102	0.613
3987.239	0.102	0.615
3987.317	0.103	0.615
3987.396	0.104	0.615
3987.487	0.104	0.615
3987.565	0.103	0.615
3987.656	0.102	0.615
3987.734	0.104	0.615
3987.812	0.104	0.613
3987.903	0.105	0.610
3987.982	0.105	0.610
3988.073	0.105	0.608
3988.151	0.105	0.605
3988.229	0.105	0.604
3988.320	0.105	0.604
3988.398	0.105	0.601
3988.489	0.105	0.600
3988.567	0.105	0.599
3988.646	0.105	0.595
3988.737	0.105	0.594
3988.815	0.105	0.594
3988.906	0.105	0.593
3988.984	0.105	0.593
3989.062	0.105	0.590
3989.153	0.105	0.589
3989.232	0.105	0.588
3989.323	0.105	0.587
3989.401	0.105	0.585
3989.479	0.105	0.584
3989.570	0.105	0.584
3989.648	0.105	0.584
3989.739	0.105	0.581
3989.817	0.105	0.581
3989.896	0.105	0.581
3989.987	0.105	0.580
3990.065	0.105	0.583
3990.156	0.105	0.584
3990.234	0.105	0.586
3990.312	0.105	0.588
3990.403	0.106	0.588
3990.482	0.105	0.588
3990.573	0.106	0.589
3990.651	0.105	0.589
3990.729	0.105	0.590
3990.820	0.105	0.593
3990.898	0.105	0.594
3990.989	0.105	0.594
3991.067	0.105	0.596
3991.146	0.105	0.598
3991.237	0.106	0.599
3991.315	0.107	0.600
3991.406	0.106	0.602
3991.484	0.108	0.601
3991.562	0.108	0.602
3991.653	0.107	0.600
3991.732	0.107	0.600
3991.823	0.107	0.600
3991.901	0.106	0.599
3991.979	0.109	0.599
3992.070	0.108	0.599
3992.148	0.110	0.600
3992.239	0.110	0.602
3992.317	0.107	0.604
3992.396	0.110	0.604
3992.487	0.110	0.604
3992.565	0.110	0.605
3992.656	0.110	0.607
3992.734	0.110	0.610
3992.812	0.110	0.609
3992.903	0.110	0.607
3992.982	0.110	0.604
3993.073	0.110	0.605
3993.151	0.110	0.606
3993.229	0.110	0.608
3993.320	0.110	0.607
3993.398	0.110	0.610
3993.489	0.110	0.610
3993.567	0.110	0.610
3993.646	0.110	0.610
3993.737	0.110	0.610
3993.815	0.110	0.610
3993.906	0.111	0.610
3993.984	0.110	0.613
3994.062	0.110	0.615
3994.153	0.113	0.615
3994.232	0.112	0.619
3994.323	0.111	0.620
3994.401	0.113	0.620
3994.479	0.115	0.620
3994.570	0.115	0.620
3994.648	0.113	0.620
3994.739	0.114	0.623
3994.817	0.115	0.625
3994.896	0.113	0.625
3994.987	0.115	0.625
3995.065	0.112	0.625
3995.156	0.115	0.625
3995.234	0.113	0.624
3995.312	0.115	0.621
3995.403	0.114	0.620
3995.482	0.115	0.620
3995.573	0.115	0.620
3995.651	0.115	0.620
3995.729	0.115	0.620
3995.820	0.115	0.620
3995.898	0.115	0.620
3995.989	0.115	0.621
3996.067	0.115	0.621
3996.146	0.115	0.620
3996.237	0.115	0.620
3996.315	0.115	0.621
3996.406	0.115	0.622
3996.484	0.115	0.625
3996.562	0.115	0.628
3996.653	0.115	0.626
3996.732	0.115	0.626
3996.823	0.115	0.627
3996.901	0.115	0.630
3996.979	0.115	0.630
3997.070	0.115	0.630
3997.148	0.115	0.632
3997.239	0.115	0.634
3997.317	0.115	0.635
3997.396	0.115	0.638
3997.487	0.115	0.640
3997.565	0.115	0.640
3997.656	0.115	0.641
3997.734	0.115	0.642
3997.812	0.117	0.640
3997.903	0.116	0.640
3997.982	0.115	0.640
3998.073	0.116	0.640
3998.151	0.117	0.640
3998.229	0.116	0.638
3998.320	0.116	0.637
3998.398	0.116	0.635
3998.489	0.115	0.635
3998.567	0.116	0.635
3998.646	0.117	0.635
3998.737	0.118	0.635
3998.815	0.119	0.634
3998.906	0.119	0.630
3998.984	0.120	0.630
3999.062	0.119	0.629
3999.153	0.118	0.628
3999.232	0.121	0.628
3999.323	0.121	0.630
3999.401	0.121	0.630
3999.479	0.121	0.633
3999.570	0.121	0.635
3999.648	0.121	0.635
3999.739	0.121	0.637
3999.817	0.121	0.640
3999.896	0.121	0.643
3999.987	0.121	0.646
4000.065	0.121	0.649
4000.156	0.121	0.650
4000.234	0.121	0.651
4000.312	0.121	0.653
4000.403	0.121	0.655
4000.482	0.121	0.651
4000.573	0.121	0.653
4000.651	0.121	0.650
4000.729	0.121	0.649
4000.820	0.121	0.645
4000.898	0.121	0.645
4000.989	0.121	0.643
4001.067	0.121	0.640
4001.146	0.121	0.638
4001.237	0.121	0.635
4001.315	0.121	0.635
4001.406	0.122	0.635
4001.484	0.121	0.635
4001.562	0.124	0.634
4001.653	0.122	0.635
4001.732	0.122	0.634
4001.823	0.123	0.635
4001.901	0.125	0.635
4001.979	0.123	0.635
4002.070	0.122	0.635
4002.148	0.124	0.635
4002.227	0.124	0.637
4002.317	0.124	0.638
4002.396	0.126	0.640
4002.487	0.125	0.642
4002.565	0.125	0.645
4002.656	0.124	0.645
4002.734	0.126	0.648
4002.812	0.126	0.649
4002.903	0.126	0.650
4002.982	0.126	0.650
4003.073	0.126	0.650
4003.151	0.126	0.650
4003.229	0.126	0.650
4003.320	0.126	0.650
4003.398	0.126	0.650
4003.477	0.126	0.650
4003.567	0.126	0.650
4003.646	0.126	0.650
4003.737	0.126	0.651
4003.815	0.126	0.653
4003.906	0.126	0.655
4003.984	0.126	0.655
4004.062	0.126	0.660
4004.153	0.126	0.660
4004.232	0.126	0.662
4004.323	0.126	0.663
4004.401	0.126	0.666
4004.479	0.126	0.666
4004.570	0.126	0.666
4004.648	0.126	0.666
4004.727	0.126	0.666
4004.817	0.126	0.664
4004.896	0.126	0.663
4004.987	0.127	0.660
4005.065	0.126	0.660
4005.143	0.126	0.660
4005.234	0.126	0.660
4005.312	0.126	0.660
4005.403	0.126	0.660
4005.482	0.126	0.660
4005.560	0.126	0.660
4005.651	0.127	0.660
4005.729	0.126	0.660
4005.820	0.127	0.660
4005.898	0.127	0.657
4005.989	0.126	0.655
4006.067	0.126	0.655
4006.146	0.127	0.655
4006.237	0.127	0.655
4006.315	0.127	0.655
4006.406	0.128	0.650
4006.484	0.129	0.650
4006.562	0.127	0.650
4006.653	0.130	0.650
4006.732	0.130	0.650
4006.823	0.131	0.649
4006.901	0.131	0.648
4006.979	0.130	0.648
4007.070	0.131	0.649
4007.148	0.131	0.650
4007.227	0.131	0.650
4007.317	0.130	0.653
4007.396	0.131	0.655
4007.487	0.131	0.655
4007.565	0.131	0.660
4007.643	0.131	0.662
4007.734	0.131	0.666
4007.812	0.131	0.666
4007.903	0.131	0.667
4007.982	0.131	0.670
4008.060	0.131	0.671
4008.151	0.131	0.671
4008.229	0.131	0.671
4008.320	0.131	0.671
4008.398	0.132	0.671
4008.477	0.131	0.670
4008.567	0.131	0.670
4008.646	0.131	0.669
4008.737	0.131	0.668
4008.815	0.132	0.666
4008.893	0.132	0.666
4008.984	0.131	0.666
4009.062	0.132	0.666
4009.153	0.133	0.666
4009.232	0.132	0.666
4009.310	0.134	0.661
4009.401	0.133	0.660
4009.479	0.135	0.660
4009.570	0.133	0.659
4009.648	0.135	0.657
4009.727	0.133	0.659
4009.817	0.135	0.658
4009.896	0.133	0.660
4009.987	0.135	0.659
4010.065	0.136	0.660
4010.143	0.135	0.657
4010.234	0.136	0.660
4010.312	0.136	0.660
4010.403	0.136	0.660
4010.482	0.136	0.660
4010.560	0.136	0.660
4010.651	0.136	0.660
4010.729	0.136	0.660
4010.820	0.136	0.660
4010.898	0.136	0.660
4010.977	0.136	0.660
4011.067	0.136	0.660
4011.146	0.136	0.660
4011.237	0.136	0.661
4011.315	0.136	0.663
4011.406	0.136	0.663
4011.484	0.136	0.660
4011.562	0.136	0.660
4011.653	0.136	0.658
4011.732	0.137	0.655
4011.810	0.136	0.655
4011.901	0.136	0.655
4011.979	0.138	0.655
4012.070	0.137	0.657
4012.148	0.138	0.660
4012.239	0.139	0.662
4012.317	0.139	0.666
4012.396	0.139	0.667
4012.487	0.140	0.670
4012.565	0.138	0.671
4012.656	0.141	0.671
4012.734	0.139	0.673
4012.812	0.141	0.674
4012.903	0.140	0.676
4012.982	0.141	0.676
4013.073	0.140	0.676
4013.151	0.141	0.672
4013.229	0.141	0.671
4013.320	0.141	0.671
4013.398	0.141	0.669
4013.477	0.141	0.666
4013.567	0.141	0.666
4013.646	0.141	0.666
4013.737	0.141	0.669
4013.815	0.142	0.670
4013.893	0.141	0.671
4013.984	0.141	0.672
4014.062	0.141	0.676
4014.153	0.141	0.675
4014.232	0.142	0.676
4014.310	0.142	0.676
4014.401	0.141	0.678
4014.479	0.141	0.677
4014.570	0.141	0.677
4014.648	0.143	0.676
4014.727	0.142	0.676
4014.817	0.143	0.676
4014.896	0.141	0.677
4014.987	0.144	0.676
4015.065	0.144	0.676
4015.156	0.144	0.676
4015.234	0.144	0.676
4015.312	0.141	0.675
4015.403	0.144	0.671
4015.482	0.144	0.671
4015.573	0.145	0.670
4015.651	0.144	0.671
4015.729	0.146	0.668
4015.820	0.146	0.666
4015.898	0.144	0.666
4015.977	0.146	0.669
4016.067	0.146	0.670
4016.146	0.145	0.671
4016.237	0.145	0.671
4016.315	0.146	0.671
4016.393	0.146	0.672
4016.484	0.146	0.675
4016.562	0.146	0.677
4016.653	0.146	0.683
4016.732	0.146	0.686
4016.810	0.146	0.689
4016.901	0.146	0.691
4016.979	0.146	0.691
4017.070	0.146	0.691
4017.148	0.146	0.692
4017.227	0.146	0.694
4017.317	0.146	0.694
4017.396	0.146	0.696
4017.487	0.146	0.696
4017.565	0.146	0.696
4017.643	0.146	0.700
4017.734	0.146	0.704
4017.812	0.146	0.706
4017.903	0.146	0.710
4017.982	0.146	0.713
4018.060	0.146	0.717
4018.151	0.146	0.717
4018.229	0.146	0.717
4018.320	0.146	0.713
4018.398	0.146	0.711
4018.477	0.146	0.710
4018.567	0.146	0.706
4018.646	0.146	0.703
4018.737	0.146	0.701
4018.815	0.147	0.699
4018.893	0.147	0.696
4018.984	0.149	0.691
4019.062	0.147	0.689
4019.153	0.148	0.686
4019.232	0.147	0.686
4019.310	0.148	0.686
4019.401	0.147	0.686
4019.479	0.148	0.686
4019.570	0.149	0.686
4019.648	0.149	0.686
4019.727	0.149	0.686
4019.817	0.149	0.687
4019.896	0.150	0.691
4019.987	0.150	0.691
4020.065	0.150	0.695
4020.156	0.151	0.698
4020.234	0.151	0.701
4020.312	0.151	0.701
4020.403	0.151	0.702
4020.482	0.151	0.703
4020.560	0.151	0.706
4020.651	0.151	0.706
4020.729	0.151	0.705
4020.820	0.151	0.702
4020.898	0.151	0.702
4020.977	0.151	0.701
4021.067	0.151	0.700
4021.146	0.151	0.697
4021.237	0.151	0.696
4021.315	0.153	0.696
4021.393	0.151	0.695
4021.484	0.152	0.691
4021.562	0.153	0.691
4021.653	0.153	0.691
4021.732	0.151	0.691
4021.810	0.154	0.688
4021.901	0.155	0.686
4021.979	0.155	0.685
4022.070	0.154	0.681
4022.148	0.153	0.678
4022.227	0.153	0.678
4022.317	0.154	0.676
4022.396	0.156	0.676
4022.487	0.155	0.676
4022.565	0.156	0.676
4022.643	0.156	0.676
4022.734	0.156	0.675
4022.812	0.156	0.673
4022.903	0.156	0.675
4022.982	0.156	0.676
4023.060	0.156	0.678
4023.151	0.156	0.681
4023.229	0.156	0.682
4023.320	0.156	0.684
4023.398	0.156	0.685
4023.477	0.156	0.686
4023.567	0.156	0.688
4023.646	0.156	0.690
4023.737	0.156	0.691
4023.815	0.156	0.693
4023.893	0.156	0.694
4023.984	0.156	0.696
4024.062	0.156	0.696
4024.153	0.156	0.696
4024.232	0.156	0.696
4024.310	0.156	0.698
4024.401	0.156	0.696
4024.479	0.157	0.696
4024.570	0.157	0.696
4024.648	0.156	0.697
4024.727	0.157	0.700
4024.817	0.158	0.701
4024.896	0.158	0.701
4024.987	0.158	0.701
4025.065	0.157	0.701
4025.143	0.160	0.701
4025.234	0.158	0.702
4025.312	0.157	0.701
4025.403	0.160	0.701
4025.482	0.160	0.701
4025.560	0.161	0.700
4025.651	0.159	0.696
4025.729	0.161	0.696
4025.820	0.160	0.694
4025.898	0.161	0.694
4025.977	0.161	0.691
4026.067	0.161	0.691
4026.146	0.161	0.691
4026.237	0.161	0.689
4026.315	0.161	0.686
4026.393	0.161	0.685
4026.484	0.161	0.683
4026.562	0.161	0.681
4026.653	0.161	0.678
4026.732	0.161	0.676
4026.810	0.161	0.673
4026.901	0.161	0.671
4026.979	0.161	0.671
4027.070	0.161	0.669
4027.148	0.161	0.666
4027.227	0.161	0.668
4027.317	0.161	0.666
4027.396	0.161	0.666
4027.487	0.161	0.666
4027.565	0.161	0.666
4027.643	0.161	0.666
4027.734	0.161	0.666
4027.812	0.161	0.666
4027.903	0.161	0.665
4027.982	0.161	0.665
4028.060	0.161	0.666
4028.151	0.161	0.666
4028.229	0.161	0.666
4028.320	0.161	0.666
4028.398	0.162	0.666
4028.477	0.161	0.667
4028.567	0.162	0.668
4028.646	0.162	0.671
4028.737	0.163	0.673
4028.815	0.162	0.674
4028.893	0.162	0.676
4028.984	0.163	0.676
4029.062	0.163	0.677
4029.153	0.165	0.681
4029.232	0.165	0.681
4029.310	0.165	0.682
4029.401	0.164	0.683
4029.479	0.166	0.686
4029.570	0.166	0.686
4029.648	0.166	0.686
4029.727	0.166	0.686
4029.817	0.166	0.686
4029.896	0.166	0.686
4029.987	0.166	0.686
4030.065	0.166	0.686
4030.143	0.166	0.686
4030.234	0.166	0.686
4030.312	0.166	0.686
4030.403	0.166	0.686
4030.482	0.166	0.686
4030.560	0.166	0.686
4030.651	0.166	0.688
4030.729	0.166	0.686
4030.820	0.166	0.687
4030.898	0.166	0.690
4030.977	0.166	0.691
4031.067	0.166	0.691
4031.146	0.166	0.691
4031.237	0.166	0.691
4031.315	0.166	0.691
4031.393	0.166	0.691
4031.484	0.166	0.691
4031.562	0.166	0.689
4031.653	0.166	0.687
4031.732	0.166	0.686
4031.810	0.166	0.689
4031.901	0.166	0.691
4031.979	0.166	0.689
4032.070	0.166	0.691
4032.148	0.166	0.691
4032.227	0.166	0.691
4032.317	0.166	0.691
4032.396	0.167	0.691
4032.487	0.168	0.691
4032.565	0.168	0.691
4032.643	0.168	0.691
4032.734	0.169	0.691
4032.812	0.171	0.693
4032.903	0.169	0.696
4032.982	0.170	0.697
4033.060	0.171	0.700
4033.151	0.172	0.701
4033.229	0.169	0.701
4033.320	0.172	0.703
4033.398	0.171	0.706
4033.477	0.172	0.706
4033.554	0.172	0.706
4033.646	0.172	0.706
4033.737	0.172	0.703
4033.815	0.172	0.703
4033.893	0.172	0.701
4033.984	0.172	0.701
4034.062	0.172	0.701
4034.153	0.172	0.699
4034.232	0.172	0.698
4034.310	0.172	0.696
4034.401	0.172	0.697
4034.479	0.172	0.697
4034.570	0.172	0.696
4034.648	0.172	0.694
4034.727	0.172	0.691
4034.817	0.172	0.689
4034.896	0.172	0.686
4034.987	0.172	0.686
4035.065	0.172	0.684
4035.143	0.172	0.681
4035.234	0.172	0.682
4035.312	0.172	0.680
4035.403	0.172	0.681
4035.482	0.172	0.681
4035.560	0.172	0.679
4035.651	0.172	0.678
4035.729	0.172	0.677
4035.820	0.172	0.676
4035.898	0.172	0.676
4035.977	0.172	0.676
4036.067	0.174	0.676
4036.146	0.172	0.676
4036.237	0.173	0.676
4036.315	0.173	0.676
4036.393	0.175	0.676
4036.484	0.177	0.676
4036.562	0.176	0.676
4036.653	0.176	0.677
4036.732	0.177	0.677
4036.810	0.176	0.681
4036.901	0.177	0.682
4036.979	0.177	0.686
4037.070	0.177	0.686
4037.148	0.177	0.687
4037.227	0.177	0.691
4037.317	0.177	0.692
4037.396	0.177	0.695
4037.487	0.177	0.699
4037.565	0.177	0.702
4037.643	0.177	0.706
4037.734	0.177	0.707
4037.812	0.177	0.710
4037.903	0.177	0.711
4037.982	0.177	0.711
4038.060	0.177	0.711
4038.151	0.177	0.711
4038.229	0.177	0.708
4038.320	0.177	0.706
4038.398	0.177	0.706
4038.477	0.177	0.706
4038.567	0.178	0.703
4038.646	0.178	0.700
4038.737	0.179	0.696
4038.815	0.180	0.696
4038.893	0.178	0.692
4038.984	0.179	0.691
4039.062	0.178	0.691
4039.153	0.181	0.688
4039.232	0.180	0.686
4039.310	0.181	0.686
4039.401	0.182	0.686
4039.479	0.182	0.686
4039.570	0.182	0.685
4039.648	0.181	0.684
4039.727	0.180	0.682
4039.817	0.182	0.682
4039.896	0.182	0.682
4039.987	0.181	0.681
4040.065	0.182	0.681
4040.143	0.182	0.680
4040.234	0.182	0.680
4040.312	0.182	0.680
4040.403	0.182	0.676
4040.482	0.182	0.677
4040.560	0.182	0.678
4040.651	0.182	0.679
4040.729	0.182	0.681
4040.820	0.182	0.681
4040.898	0.182	0.682
4040.977	0.182	0.686
4041.067	0.182	0.686
4041.146	0.182	0.686
4041.237	0.182	0.684
4041.315	0.182	0.683
4041.393	0.182	0.681
4041.484	0.182	0.681
4041.562	0.182	0.681
4041.653	0.182	0.683
4041.732	0.182	0.686
4041.810	0.182	0.689
4041.901	0.182	0.690
4041.979	0.183	0.691
4042.070	0.182	0.691
4042.148	0.183	0.693
4042.227	0.183	0.694
4042.317	0.183	0.696
4042.396	0.183	0.696
4042.487	0.184	0.700
4042.565	0.185	0.700
4042.643	0.183	0.700
4042.734	0.183	0.699
4042.812	0.184	0.698
4042.903	0.186	0.696
4042.982	0.185	0.696
4043.060	0.186	0.694
4043.151	0.187	0.691
4043.229	0.185	0.691
4043.320	0.186	0.691
4043.398	0.187	0.690
4043.477	0.187	0.689
4043.567	0.186	0.687
4043.646	0.187	0.686
4043.737	0.187	0.686
4043.815	0.187	0.682
4043.893	0.187	0.677
4043.984	0.187	0.676
4044.062	0.187	0.676
4044.140	0.187	0.676
4044.232	0.187	0.676
4044.310	0.187	0.676
4044.401	0.187	0.677
4044.479	0.187	0.680
4044.557	0.187	0.681
4044.648	0.187	0.683
4044.727	0.187	0.686
4044.817	0.187	0.686
4044.896	0.187	0.690
4044.973	0.187	0.691
4045.065	0.187	0.694
4045.143	0.187	0.696
4045.234	0.187	0.697
4045.312	0.188	0.698
4045.390	0.188	0.700
4045.482	0.187	0.702
4045.560	0.188	0.705
4045.651	0.188	0.706
4045.729	0.189	0.706
4045.807	0.189	0.706
4045.898	0.188	0.701
4045.977	0.188	0.701
4046.067	0.189	0.697
4046.146	0.189	0.694
4046.223	0.191	0.691
4046.315	0.189	0.687
4046.393	0.189	0.685
4046.484	0.190	0.682
4046.562	0.191	0.681
4046.640	0.191	0.681
4046.732	0.192	0.683
4046.810	0.190	0.685
4046.901	0.190	0.684
4046.979	0.192	0.686
4047.057	0.192	0.686
4047.148	0.192	0.686
4047.227	0.192	0.688
4047.317	0.192	0.689
4047.396	0.192	0.691
4047.473	0.192	0.691
4047.565	0.192	0.691
4047.643	0.192	0.692
4047.734	0.192	0.692
4047.812	0.193	0.694
4047.890	0.192	0.695
4047.982	0.192	0.695
4048.060	0.193	0.696
4048.151	0.192	0.695
4048.229	0.192	0.695
4048.307	0.192	0.696
4048.398	0.192	0.692
4048.477	0.192	0.691
4048.567	0.194	0.691
4048.646	0.193	0.689
4048.723	0.192	0.686
4048.815	0.195	0.686
4048.893	0.192	0.690
4048.984	0.196	0.690
4049.062	0.196	0.691
4049.140	0.194	0.691
4049.232	0.195	0.691
4049.310	0.193	0.691
4049.401	0.195	0.691
4049.479	0.196	0.691
4049.557	0.196	0.691
4049.648	0.196	0.691
4049.727	0.195	0.691
4049.817	0.197	0.691
4049.896	0.197	0.691
4049.973	0.197	0.691
4050.065	0.197	0.691
4050.143	0.197	0.691
4050.234	0.196	0.691
4050.312	0.197	0.694
4050.390	0.197	0.696
4050.482	0.197	0.696
4050.560	0.197	0.698
4050.651	0.197	0.701
4050.729	0.197	0.702
4050.807	0.197	0.706
4050.898	0.197	0.707
4050.977	0.197	0.711
4051.067	0.197	0.711
4051.146	0.197	0.715
4051.223	0.197	0.717
4051.315	0.197	0.717
4051.393	0.197	0.722
4051.484	0.197	0.722
4051.562	0.197	0.722
4051.640	0.197	0.722
4051.732	0.197	0.722
4051.810	0.197	0.722
4051.901	0.197	0.721
4051.979	0.198	0.718
4052.057	0.198	0.718
4052.148	0.197	0.718
4052.227	0.197	0.722
4052.317	0.200	0.722
4052.396	0.199	0.722
4052.473	0.200	0.722
4052.565	0.202	0.722
4052.643	0.200	0.722
4052.734	0.201	0.721
4052.812	0.200	0.720
4052.903	0.200	0.717
4052.982	0.201	0.716
4053.060	0.200	0.711
4053.151	0.202	0.709
4053.229	0.202	0.706
4053.320	0.202	0.701
4053.398	0.202	0.697
4053.477	0.201	0.696
4053.567	0.202	0.695
4053.646	0.202	0.691
4053.737	0.202	0.692
4053.815	0.202	0.695
4053.893	0.202	0.694
4053.984	0.202	0.692
4054.062	0.202	0.691
4054.153	0.202	0.691
4054.232	0.202	0.691
4054.310	0.202	0.691
4054.401	0.202	0.690
4054.479	0.202	0.688
4054.570	0.202	0.689
4054.648	0.202	0.691
4054.727	0.202	0.691
4054.817	0.202	0.691
4054.896	0.202	0.691
4054.987	0.202	0.691
4055.065	0.202	0.691
4055.143	0.202	0.691
4055.234	0.203	0.688
4055.312	0.202	0.686
4055.403	0.202	0.687
4055.482	0.202	0.686
4055.560	0.202	0.686
4055.651	0.202	0.686
4055.729	0.206	0.686
4055.820	0.202	0.686
4055.898	0.202	0.686
4055.977	0.205	0.686
4056.067	0.205	0.686
4056.146	0.205	0.686
4056.237	0.206	0.686
4056.315	0.205	0.687
4056.393	0.204	0.690
4056.484	0.206	0.691
4056.562	0.207	0.691
4056.653	0.207	0.691
4056.732	0.206	0.691
4056.810	0.206	0.691
4056.901	0.206	0.691
4056.979	0.207	0.691
4057.070	0.207	0.689
4057.148	0.207	0.687
4057.227	0.207	0.686
4057.317	0.206	0.686
4057.396	0.207	0.682
4057.487	0.207	0.678
4057.565	0.207	0.676
4057.643	0.207	0.676
4057.734	0.207	0.676
4057.812	0.207	0.676
4057.903	0.207	0.676
4057.982	0.207	0.676
4058.060	0.207	0.675
4058.151	0.207	0.676
4058.229	0.207	0.676
4058.320	0.207	0.678
4058.398	0.207	0.681
4058.477	0.207	0.686
4058.567	0.207	0.690
4058.646	0.208	0.692
4058.737	0.207	0.693
4058.815	0.209	0.697
4058.893	0.207	0.699
4058.984	0.208	0.701
4059.062	0.207	0.706
4059.153	0.207	0.710
4059.232	0.209	0.713
4059.310	0.208	0.717
4059.401	0.208	0.721
4059.479	0.209	0.725
4059.557	0.209	0.728
4059.648	0.211	0.732
4059.727	0.209	0.732
4059.817	0.211	0.732
4059.896	0.210	0.736
4059.973	0.211	0.735
4060.065	0.212	0.734
4060.143	0.212	0.732
4060.234	0.211	0.732
4060.312	0.212	0.730
4060.403	0.211	0.727
4060.482	0.212	0.727
4060.560	0.212	0.727
4060.651	0.212	0.727
4060.729	0.212	0.727
4060.820	0.212	0.727
4060.898	0.212	0.727
4060.977	0.212	0.727
4061.067	0.212	0.727
4061.146	0.212	0.726
4061.237	0.212	0.722
4061.315	0.212	0.717
4061.393	0.212	0.717
4061.484	0.212	0.715
4061.562	0.212	0.712
4061.653	0.212	0.711
4061.732	0.212	0.711
4061.810	0.212	0.711
4061.901	0.212	0.711
4061.979	0.212	0.711
4062.070	0.213	0.714
4062.148	0.213	0.715
4062.227	0.213	0.717
4062.317	0.212	0.718
4062.396	0.213	0.720
4062.473	0.216	0.722
4062.565	0.213	0.725
4062.643	0.216	0.728
4062.734	0.214	0.730
4062.812	0.215	0.733
4062.890	0.217	0.737
4062.982	0.215	0.737
4063.060	0.217	0.737
4063.151	0.216	0.738
4063.229	0.217	0.738
4063.307	0.217	0.739
4063.398	0.217	0.737
4063.477	0.217	0.737
4063.567	0.217	0.736
4063.646	0.217	0.732
4063.723	0.217	0.732
4063.815	0.217	0.729
4063.893	0.217	0.727
4063.984	0.217	0.727
4064.062	0.217	0.724
4064.140	0.217	0.722
4064.232	0.217	0.717
4064.310	0.217	0.717
4064.401	0.217	0.712
4064.479	0.217	0.711
4064.557	0.217	0.711
4064.648	0.217	0.707
4064.727	0.217	0.706
4064.817	0.217	0.705
4064.896	0.218	0.703
4064.973	0.219	0.702
4065.065	0.217	0.701
4065.143	0.217	0.702
4065.234	0.219	0.701
4065.312	0.219	0.701
4065.390	0.219	0.700
4065.482	0.219	0.699
4065.560	0.219	0.696
4065.651	0.220	0.696
4065.729	0.219	0.695
4065.807	0.220	0.692
4065.885	0.221	0.694
4065.977	0.223	0.695
4066.067	0.222	0.695
4066.146	0.223	0.696
4066.223	0.221	0.696
4066.315	0.222	0.696
4066.393	0.223	0.696
4066.484	0.223	0.696
4066.562	0.223	0.696
4066.640	0.223	0.700
4066.732	0.223	0.701
4066.810	0.221	0.701
4066.901	0.223	0.701
4066.979	0.223	0.706
4067.057	0.223	0.706
4067.148	0.223	0.710
4067.227	0.223	0.711
4067.317	0.223	0.715
4067.396	0.223	0.717
4067.473	0.223	0.719
4067.565	0.223	0.724
4067.643	0.223	0.728
4067.734	0.223	0.732
4067.812	0.223	0.734
4067.890	0.223	0.736
4067.982	0.223	0.737
4068.060	0.223	0.737
4068.151	0.223	0.739
4068.229	0.224	0.740
4068.307	0.224	0.742
4068.398	0.224	0.742
4068.477	0.225	0.742
4068.567	0.225	0.740
4068.646	0.226	0.740
4068.723	0.225	0.740
4068.815	0.228	0.740
4068.893	0.227	0.738
4068.984	0.227	0.737
4069.062	0.225	0.737
4069.140	0.228	0.737
4069.232	0.227	0.738
4069.310	0.228	0.737
4069.401	0.228	0.737
4069.479	0.228	0.736
4069.557	0.228	0.735
4069.648	0.228	0.734
4069.727	0.228	0.732
4069.817	0.228	0.731
4069.896	0.227	0.727
4069.973	0.228	0.726
4070.065	0.228	0.722
4070.143	0.228	0.720
4070.234	0.228	0.717
4070.312	0.228	0.716
4070.390	0.228	0.713
4070.482	0.228	0.714
4070.560	0.228	0.712
4070.651	0.228	0.711
4070.729	0.228	0.711
4070.807	0.228	0.711
4070.898	0.228	0.711
4070.977	0.228	0.717
4071.067	0.228	0.716
4071.146	0.228	0.717
4071.223	0.228	0.718
4071.315	0.228	0.722
4071.393	0.228	0.725
4071.484	0.228	0.727
4071.562	0.228	0.727
4071.640	0.228	0.732
4071.732	0.228	0.732
4071.810	0.228	0.733
4071.901	0.228	0.733
4071.979	0.229	0.732
4072.057	0.229	0.732
4072.148	0.228	0.731
4072.227	0.228	0.728
4072.317	0.229	0.727
4072.396	0.229	0.727
4072.473	0.230	0.727
4072.565	0.231	0.727
4072.643	0.229	0.727
4072.734	0.229	0.727
4072.812	0.230	0.729
4072.890	0.231	0.730
4072.982	0.233	0.728
4073.060	0.233	0.727
4073.151	0.233	0.727
4073.229	0.232	0.727
4073.307	0.232	0.727
4073.398	0.233	0.727
4073.477	0.233	0.727
4073.567	0.233	0.726
4073.646	0.232	0.724
4073.723	0.233	0.722
4073.815	0.233	0.722
4073.893	0.233	0.719
4073.984	0.233	0.717
4074.062	0.233	0.714
4074.140	0.233	0.711
4074.232	0.233	0.708
4074.310	0.233	0.706
4074.401	0.233	0.706
4074.479	0.233	0.706
4074.557	0.233	0.706
4074.648	0.233	0.706
4074.727	0.234	0.710
4074.817	0.234	0.711
4074.896	0.234	0.711
4074.973	0.234	0.711
4075.065	0.236	0.712
4075.143	0.236	0.716
4075.234	0.234	0.717
4075.312	0.234	0.718
4075.390	0.236	0.721
4075.482	0.235	0.725
4075.560	0.234	0.728
4075.651	0.236	0.731
4075.729	0.238	0.731
4075.807	0.238	0.735
4075.898	0.238	0.737
4075.977	0.238	0.740
4076.067	0.238	0.742
4076.146	0.238	0.745
4076.223	0.238	0.745
4076.315	0.237	0.746
4076.393	0.238	0.748
4076.484	0.238	0.748
4076.562	0.238	0.747
4076.640	0.238	0.747
4076.732	0.238	0.746
4076.810	0.238	0.743
4076.901	0.238	0.742
4076.979	0.238	0.738
4077.057	0.238	0.734
4077.148	0.238	0.730
4077.227	0.238	0.727
4077.317	0.238	0.722
4077.396	0.238	0.720
4077.473	0.238	0.718
4077.565	0.238	0.717
4077.643	0.238	0.717
4077.734	0.240	0.721
4077.812	0.238	0.723
4077.890	0.238	0.727
4077.982	0.238	0.731
4078.060	0.240	0.734
4078.151	0.239	0.738
4078.229	0.240	0.740
4078.307	0.240	0.742
4078.398	0.240	0.742
4078.477	0.241	0.742
4078.567	0.240	0.741
4078.646	0.239	0.738
4078.723	0.240	0.737
4078.815	0.241	0.732
4078.893	0.241	0.728
4078.984	0.242	0.727
4079.062	0.240	0.727
4079.140	0.243	0.726
4079.232	0.242	0.722
4079.310	0.243	0.722
4079.401	0.243	0.722
4079.479	0.242	0.720
4079.557	0.243	0.719
4079.648	0.243	0.717
4079.727	0.243	0.717
4079.817	0.243	0.717
4079.896	0.243	0.716
4079.973	0.243	0.717
4080.065	0.243	0.717
4080.143	0.243	0.717
4080.234	0.244	0.717
4080.312	0.243	0.721
4080.390	0.243	0.722
4080.482	0.243	0.723
4080.560	0.243	0.726
4080.651	0.245	0.727
4080.729	0.243	0.730
4080.807	0.245	0.732
4080.898	0.243	0.732
4080.977	0.245	0.732
4081.067	0.245	0.732
4081.146	0.245	0.734
4081.223	0.244	0.736
4081.315	0.246	0.737
4081.393	0.245	0.737
4081.484	0.245	0.738
4081.562	0.247	0.738
4081.640	0.247	0.740
4081.732	0.248	0.739
4081.810	0.246	0.740
4081.901	0.247	0.739
4081.979	0.248	0.738
4082.057	0.248	0.737
4082.148	0.248	0.737
4082.227	0.248	0.737
4082.317	0.248	0.736
4082.396	0.248	0.735
4082.473	0.248	0.736
4082.565	0.248	0.734
4082.643	0.248	0.732
4082.734	0.248	0.732
4082.812	0.248	0.734
4082.890	0.248	0.737
4082.982	0.248	0.737
4083.060	0.248	0.735
4083.151	0.248	0.735
4083.229	0.248	0.732
4083.307	0.248	0.732
4083.398	0.248	0.732
4083.477	0.248	0.728
4083.567	0.248	0.727
4083.646	0.248	0.727
4083.723	0.248	0.727
4083.815	0.248	0.727
4083.893	0.248	0.727
4083.984	0.248	0.728
4084.062	0.248	0.732
4084.140	0.248	0.734
4084.232	0.248	0.738
4084.310	0.248	0.743
4084.401	0.248	0.748
4084.479	0.248	0.751
4084.557	0.248	0.756
4084.648	0.249	0.760
4084.727	0.249	0.765
4084.817	0.250	0.769
4084.896	0.249	0.775
4084.973	0.249	0.778
4085.065	0.250	0.778
4085.143	0.250	0.778
4085.234	0.251	0.778
4085.312	0.251	0.778
4085.390	0.250	0.775
4085.482	0.251	0.773
4085.560	0.252	0.773
4085.651	0.253	0.768
4085.729	0.253	0.768
4085.807	0.253	0.767
4085.898	0.252	0.762
4085.977	0.253	0.759
4086.067	0.253	0.757
4086.146	0.253	0.756
4086.223	0.253	0.752
4086.315	0.253	0.752
4086.393	0.253	0.752
4086.484	0.253	0.751
4086.562	0.253	0.752
4086.640	0.253	0.752
4086.732	0.253	0.752
4086.810	0.253	0.752
4086.901	0.254	0.753
4086.979	0.253	0.756
4087.057	0.253	0.757
4087.148	0.253	0.761
4087.227	0.254	0.764
4087.317	0.254	0.768
4087.396	0.257	0.767
4087.473	0.255	0.768
4087.565	0.256	0.768
4087.643	0.256	0.768
4087.734	0.257	0.768
4087.812	0.257	0.768
4087.890	0.257	0.768
4087.982	0.257	0.768
4088.060	0.258	0.768
4088.151	0.258	0.766
4088.229	0.257	0.766
4088.307	0.257	0.763
4088.398	0.257	0.757
4088.477	0.258	0.756
4088.567	0.257	0.752
4088.646	0.257	0.748
4088.723	0.258	0.745
4088.815	0.258	0.742
4088.893	0.258	0.739
4088.984	0.258	0.737
4089.062	0.258	0.732
4089.140	0.258	0.730
4089.232	0.258	0.729
4089.310	0.258	0.728
4089.401	0.258	0.731
4089.479	0.259	0.732
4089.557	0.258	0.733
4089.648	0.259	0.736
4089.727	0.259	0.737
4089.817	0.259	0.741
4089.896	0.258	0.745
4089.973	0.258	0.749
4090.065	0.261	0.755
4090.143	0.259	0.759
4090.234	0.260	0.765
4090.312	0.261	0.768
4090.390	0.262	0.773
4090.482	0.262	0.773
4090.560	0.261	0.774
4090.651	0.262	0.774
4090.729	0.262	0.773
4090.807	0.263	0.773
4090.898	0.263	0.773
4090.977	0.263	0.773
4091.067	0.262	0.773
4091.146	0.263	0.772
4091.223	0.263	0.773
4091.315	0.263	0.773
4091.393	0.263	0.772
4091.484	0.263	0.773
4091.562	0.263	0.773
4091.640	0.263	0.775
4091.732	0.263	0.777
4091.810	0.263	0.778
4091.901	0.263	0.779
4091.979	0.263	0.779
4092.057	0.263	0.778
4092.148	0.263	0.778
4092.227	0.263	0.778
4092.317	0.263	0.778
4092.396	0.263	0.778
4092.473	0.263	0.774
4092.565	0.263	0.773
4092.643	0.263	0.773
4092.734	0.263	0.773
4092.812	0.263	0.773
4092.890	0.263	0.772
4092.982	0.263	0.773
4093.060	0.264	0.773
4093.151	0.263	0.773
4093.229	0.266	0.773
4093.307	0.264	0.773
4093.398	0.266	0.773
4093.477	0.267	0.777
4093.567	0.265	0.777
4093.646	0.266	0.778
4093.723	0.268	0.778
4093.815	0.268	0.778
4093.893	0.268	0.778
4093.984	0.268	0.782
4094.062	0.268	0.785
4094.140	0.268	0.790
4094.232	0.268	0.793
4094.310	0.268	0.797
4094.401	0.268	0.798
4094.479	0.268	0.798
4094.557	0.268	0.800
4094.648	0.268	0.801
4094.727	0.268	0.801
4094.817	0.268	0.798
4094.896	0.268	0.799
4094.973	0.268	0.797
4095.065	0.268	0.793
4095.143	0.268	0.789
4095.234	0.268	0.788
4095.312	0.268	0.786
4095.390	0.268	0.783
4095.482	0.268	0.782
4095.560	0.268	0.778
4095.651	0.268	0.778
4095.729	0.268	0.778
4095.807	0.268	0.777
4095.898	0.268	0.777
4095.977	0.268	0.776
4096.067	0.268	0.778
4096.146	0.268	0.778
4096.223	0.269	0.778
4096.315	0.268	0.779
4096.394	0.269	0.781
4096.484	0.269	0.783
4096.562	0.270	0.783
4096.640	0.274	0.785
4096.731	0.273	0.788
4096.810	0.272	0.788
4096.901	0.273	0.788
4096.979	0.273	0.788
4097.057	0.274	0.789
4097.148	0.273	0.787
4097.227	0.274	0.785
4097.317	0.274	0.784
4097.396	0.274	0.783
4097.473	0.273	0.779
4097.565	0.274	0.779
4097.644	0.274	0.778
4097.734	0.274	0.777
4097.812	0.274	0.778
4097.890	0.274	0.777
4097.981	0.274	0.778
4098.060	0.274	0.778
4098.151	0.274	0.779
4098.229	0.274	0.781
4098.307	0.274	0.784
4098.398	0.277	0.787
4098.477	0.274	0.789
4098.567	0.277	0.793
4098.646	0.275	0.796
4098.723	0.276	0.797
4098.815	0.277	0.797
4098.894	0.278	0.798
4098.984	0.276	0.798
4099.062	0.278	0.798
4099.140	0.279	0.798
4099.231	0.277	0.796
4099.310	0.278	0.795
4099.401	0.279	0.792
4099.479	0.279	0.788
4099.557	0.279	0.788
4099.648	0.279	0.785
4099.727	0.279	0.781
4099.817	0.278	0.778
4099.896	0.279	0.775
4099.973	0.279	0.772
4100.065	0.279	0.768
4100.144	0.279	0.768
4100.234	0.279	0.768
4100.312	0.279	0.768
4100.390	0.279	0.768
4100.481	0.279	0.768
4100.560	0.279	0.768
4100.651	0.279	0.768
4100.729	0.279	0.768
4100.807	0.279	0.768
4100.898	0.279	0.772
4100.977	0.279	0.773
4101.067	0.279	0.778
4101.146	0.279	0.779
4101.223	0.279	0.782
4101.315	0.280	0.785
4101.394	0.279	0.790
4101.484	0.279	0.793
4101.562	0.282	0.798
4101.640	0.279	0.798
4101.731	0.283	0.803
4101.810	0.281	0.807
4101.901	0.283	0.808
4101.979	0.283	0.809
4102.057	0.283	0.813
4102.148	0.282	0.813
4102.227	0.284	0.813
4102.317	0.283	0.814
4102.396	0.284	0.816
4102.473	0.284	0.818
4102.565	0.284	0.818
4102.644	0.284	0.819
4102.721	0.284	0.822
4102.812	0.284	0.824
4102.890	0.284	0.824
4102.981	0.284	0.826
4103.060	0.284	0.826
4103.138	0.284	0.827
4103.229	0.284	0.828
4103.307	0.284	0.828
4103.398	0.284	0.827
4103.477	0.284	0.825
4103.567	0.284	0.824
4103.646	0.284	0.824
4103.723	0.284	0.823
4103.815	0.284	0.818
4103.894	0.284	0.818
4103.984	0.284	0.818
4104.062	0.284	0.814
4104.140	0.285	0.813
4104.231	0.286	0.813
4104.310	0.286	0.812
4104.388	0.288	0.813
4104.479	0.285	0.813
4104.557	0.287	0.813
4104.648	0.289	0.815
4104.727	0.289	0.816
4104.817	0.288	0.818
4104.896	0.289	0.818
4104.973	0.289	0.823
4105.065	0.289	0.824
4105.144	0.289	0.826
4105.221	0.289	0.829
4105.312	0.289	0.829
4105.390	0.289	0.829
4105.481	0.289	0.829
4105.560	0.289	0.829
4105.638	0.289	0.829
4105.729	0.289	0.828
4105.807	0.289	0.824
4105.898	0.289	0.821
4105.977	0.289	0.818
4106.054	0.289	0.818
4106.146	0.289	0.813
4106.223	0.289	0.811
4106.315	0.289	0.808
4106.394	0.289	0.807
4106.484	0.289	0.803
4106.562	0.289	0.799
4106.640	0.289	0.798
4106.731	0.290	0.798
4106.810	0.289	0.796
4106.888	0.289	0.793
4106.979	0.289	0.795
4107.057	0.289	0.797
4107.148	0.289	0.798
4107.227	0.290	0.801
4107.304	0.289	0.804
4107.396	0.290	0.807
4107.473	0.290	0.810
4107.565	0.290	0.813
4107.644	0.292	0.817
4107.721	0.291	0.818
4107.812	0.293	0.822
4107.890	0.292	0.824
4107.981	0.294	0.827
4108.060	0.293	0.829
4108.138	0.293	0.830
4108.229	0.294	0.834
4108.307	0.294	0.835
4108.398	0.294	0.837
4108.477	0.294	0.838
4108.554	0.294	0.835
4108.646	0.293	0.834
4108.723	0.294	0.834
4108.815	0.294	0.833
4108.894	0.294	0.830
4108.971	0.294	0.829
4109.062	0.294	0.829
4109.140	0.294	0.829
4109.231	0.294	0.829
4109.310	0.294	0.828
4109.401	0.294	0.824
4109.479	0.295	0.824
4109.557	0.294	0.827
4109.648	0.294	0.824
4109.727	0.294	0.824
4109.817	0.294	0.824
4109.896	0.295	0.824
4109.973	0.296	0.827
4110.065	0.296	0.831
4110.144	0.296	0.835
4110.234	0.295	0.839
4110.312	0.299	0.844
4110.390	0.296	0.848
4110.481	0.297	0.852
4110.560	0.298	0.854
4110.638	0.297	0.857
4110.729	0.298	0.862
4110.807	0.298	0.864
4110.898	0.298	0.868
4110.977	0.299	0.871
4111.054	0.299	0.874
4111.146	0.299	0.875
4111.223	0.299	0.875
4111.315	0.299	0.878
4111.394	0.299	0.878
4111.471	0.299	0.875
4111.562	0.299	0.875
4111.640	0.299	0.870
4111.731	0.300	0.869
4111.810	0.299	0.864
4111.901	0.299	0.859
4111.979	0.299	0.858
4112.057	0.299	0.858
4112.148	0.299	0.857
4112.227	0.299	0.855
4112.317	0.299	0.854
4112.396	0.300	0.853
4112.473	0.299	0.852
4112.565	0.300	0.849
4112.644	0.302	0.850
4112.734	0.302	0.850
4112.812	0.302	0.850
4112.890	0.302	0.852
4112.981	0.303	0.854
4113.060	0.303	0.854
4113.151	0.304	0.856
4113.229	0.304	0.858
4113.307	0.304	0.859
4113.398	0.303	0.858
4113.477	0.304	0.859
4113.567	0.304	0.859
4113.646	0.304	0.858
4113.723	0.304	0.858
4113.815	0.304	0.857
4113.894	0.304	0.855
4113.971	0.304	0.854
4114.062	0.304	0.854
4114.140	0.304	0.854
4114.231	0.304	0.854
4114.310	0.304	0.851
4114.388	0.305	0.849
4114.479	0.304	0.849
4114.557	0.304	0.848
4114.648	0.305	0.846
4114.727	0.305	0.844
4114.804	0.304	0.843
4114.896	0.305	0.839
4114.973	0.304	0.838
4115.065	0.306	0.836
4115.144	0.307	0.834
4115.234	0.306	0.832
4115.312	0.308	0.829
4115.390	0.308	0.825
4115.481	0.309	0.824
4115.560	0.309	0.824
4115.638	0.309	0.823
4115.729	0.308	0.824
4115.807	0.309	0.824
4115.898	0.309	0.824
4115.977	0.309	0.824
4116.067	0.309	0.825
4116.146	0.309	0.829
4116.223	0.309	0.831
4116.315	0.309	0.835
4116.394	0.309	0.839
4116.484	0.309	0.841
4116.562	0.309	0.844
4116.640	0.309	0.847
4116.731	0.309	0.849
4116.810	0.309	0.849
4116.901	0.309	0.854
4116.979	0.309	0.854
4117.057	0.309	0.853
4117.148	0.309	0.852
4117.227	0.309	0.853
4117.317	0.309	0.854
4117.396	0.309	0.853
4117.473	0.310	0.853
4117.565	0.309	0.854
4117.644	0.309	0.854
4117.734	0.309	0.854
4117.812	0.309	0.854
4117.890	0.309	0.854
4117.981	0.309	0.854
4118.060	0.309	0.854
4118.138	0.310	0.854
4118.229	0.311	0.854
4118.307	0.312	0.854
4118.398	0.313	0.854
4118.477	0.313	0.854
4118.554	0.314	0.854
4118.646	0.314	0.854
4118.723	0.314	0.854
4118.815	0.314	0.854
4118.894	0.314	0.855
4118.971	0.314	0.858
4119.062	0.314	0.863
4119.140	0.314	0.869
4119.231	0.314	0.876
4119.310	0.314	0.880
4119.388	0.314	0.884
4119.479	0.314	0.889
4119.557	0.314	0.893
4119.648	0.316	0.895
4119.727	0.314	0.900
4119.804	0.315	0.901
4119.896	0.314	0.904
4119.973	0.317	0.905
4120.065	0.316	0.905
4120.144	0.315	0.905
4120.221	0.317	0.905
4120.312	0.319	0.904
4120.390	0.319	0.903
4120.481	0.318	0.902
4120.560	0.319	0.901
4120.638	0.319	0.903
4120.729	0.319	0.900
4120.807	0.319	0.901
4120.898	0.319	0.900
4120.977	0.319	0.900
4121.054	0.319	0.900
4121.146	0.319	0.900
4121.223	0.319	0.900
4121.315	0.319	0.900
4121.394	0.319	0.900
4121.471	0.319	0.900
4121.562	0.319	0.900
4121.640	0.319	0.900
4121.731	0.319	0.901
4121.810	0.319	0.900
4121.888	0.319	0.900
4121.979	0.319	0.900
4122.057	0.320	0.900
4122.148	0.319	0.900
4122.227	0.319	0.900
4122.304	0.320	0.900
4122.396	0.319	0.903
4122.473	0.321	0.905
4122.565	0.320	0.907
4122.644	0.321	0.909
4122.721	0.321	0.910
4122.812	0.321	0.912
4122.890	0.324	0.913
4122.981	0.324	0.915
4123.060	0.323	0.915
4123.138	0.324	0.915
4123.229	0.325	0.915
4123.307	0.323	0.915
4123.398	0.325	0.919
4123.477	0.325	0.920
4123.554	0.325	0.920
4123.646	0.325	0.925
4123.723	0.325	0.929
4123.815	0.325	0.931
4123.894	0.325	0.932
4123.971	0.325	0.936
4124.062	0.325	0.937
4124.140	0.325	0.941
4124.231	0.325	0.941
4124.310	0.325	0.941
4124.388	0.325	0.941
4124.479	0.325	0.941
4124.557	0.325	0.941
4124.648	0.325	0.941
4124.727	0.325	0.941
4124.804	0.325	0.941
4124.896	0.325	0.941
4124.973	0.325	0.941
4125.065	0.328	0.939
4125.144	0.325	0.936
4125.221	0.326	0.936
4125.312	0.326	0.936
4125.390	0.326	0.935
4125.481	0.326	0.931
4125.560	0.329	0.931
4125.638	0.329	0.926
4125.729	0.330	0.926
4125.807	0.330	0.926
4125.898	0.329	0.926
4125.977	0.329	0.923
4126.054	0.330	0.923
4126.146	0.330	0.921
4126.223	0.330	0.920
4126.315	0.330	0.920
4126.394	0.330	0.921
4126.471	0.330	0.922
4126.562	0.330	0.920
4126.640	0.330	0.920
4126.731	0.330	0.920
4126.810	0.330	0.920
4126.888	0.330	0.916
4126.979	0.330	0.914
4127.057	0.330	0.911
4127.148	0.330	0.911
4127.227	0.330	0.910
4127.304	0.330	0.910
4127.396	0.330	0.908
4127.473	0.330	0.907
4127.565	0.330	0.905
4127.644	0.330	0.909
4127.721	0.330	0.910
4127.812	0.330	0.910
4127.890	0.331	0.910
4127.981	0.331	0.910
4128.060	0.331	0.914
4128.138	0.331	0.915
4128.229	0.333	0.915
4128.307	0.335	0.919
4128.398	0.333	0.920
4128.477	0.332	0.923
4128.554	0.334	0.925
4128.646	0.334	0.926
4128.723	0.334	0.926
4128.815	0.334	0.928
4128.894	0.335	0.931
4128.971	0.334	0.931
4129.062	0.334	0.936
4129.140	0.335	0.937
4129.231	0.335	0.941
4129.310	0.335	0.938
4129.388	0.335	0.936
4129.479	0.335	0.936
4129.557	0.335	0.937
4129.648	0.335	0.936
4129.727	0.336	0.936
4129.804	0.335	0.935
4129.896	0.335	0.932
4129.973	0.335	0.934
4130.065	0.337	0.933
4130.144	0.335	0.931
4130.221	0.335	0.928
4130.312	0.336	0.924
4130.390	0.336	0.923
4130.481	0.336	0.920
4130.560	0.339	0.920
4130.638	0.337	0.915
4130.729	0.340	0.915
4130.807	0.339	0.914
4130.898	0.337	0.913
4130.977	0.339	0.914
4131.054	0.340	0.911
4131.146	0.340	0.913
4131.223	0.340	0.914
4131.315	0.340	0.914
4131.394	0.340	0.915
4131.471	0.340	0.918
4131.562	0.340	0.920
4131.640	0.340	0.923
4131.731	0.340	0.926
4131.810	0.340	0.926
4131.888	0.341	0.926
4131.979	0.340	0.929
4132.057	0.341	0.927
4132.148	0.342	0.926
4132.227	0.342	0.926
4132.304	0.342	0.926
4132.396	0.343	0.924
4132.473	0.343	0.921
4132.565	0.344	0.920
4132.644	0.344	0.920
4132.721	0.345	0.920
4132.812	0.343	0.920
4132.890	0.345	0.920
4132.981	0.345	0.920
4133.060	0.345	0.920
4133.138	0.345	0.920
4133.229	0.345	0.924
4133.307	0.345	0.926
4133.398	0.345	0.926
4133.477	0.345	0.930
4133.554	0.345	0.931
4133.646	0.345	0.935
4133.723	0.345	0.936
4133.815	0.345	0.939
4133.894	0.345	0.941
4133.971	0.345	0.941
4134.062	0.345	0.941
4134.140	0.345	0.941
4134.231	0.345	0.939
4134.310	0.345	0.937
4134.388	0.345	0.936
4134.479	0.345	0.936
4134.557	0.345	0.936
4134.648	0.346	0.932
4134.727	0.345	0.931
4134.804	0.347	0.931
4134.896	0.345	0.930
4134.973	0.346	0.926
4135.065	0.347	0.925
4135.144	0.347	0.921
4135.221	0.348	0.920
4135.312	0.347	0.920
4135.390	0.349	0.920
4135.481	0.350	0.920
4135.560	0.350	0.920
4135.638	0.350	0.921
4135.729	0.350	0.925
4135.807	0.350	0.930
4135.898	0.350	0.931
4135.977	0.350	0.931
4136.054	0.350	0.936
4136.146	0.350	0.935
4136.223	0.350	0.937
4136.315	0.350	0.941
4136.394	0.350	0.941
4136.471	0.350	0.942
4136.562	0.350	0.946
4136.640	0.350	0.951
4136.731	0.350	0.952
4136.810	0.350	0.954
4136.888	0.350	0.956
4136.979	0.350	0.957
4137.057	0.350	0.960
4137.148	0.350	0.961
4137.227	0.350	0.963
4137.304	0.351	0.966
4137.396	0.353	0.970
4137.473	0.351	0.971
4137.565	0.352	0.971
4137.644	0.353	0.971
4137.721	0.353	0.971
4137.812	0.354	0.975
4137.890	0.353	0.976
4137.981	0.355	0.976
4138.060	0.355	0.976
4138.138	0.355	0.973
4138.229	0.355	0.972
4138.307	0.355	0.971
4138.398	0.355	0.971
4138.477	0.355	0.971
4138.554	0.356	0.971
4138.646	0.355	0.971
4138.723	0.357	0.971
4138.815	0.355	0.971
4138.894	0.355	0.971
4138.971	0.355	0.971
4139.062	0.357	0.971
4139.140	0.358	0.969
4139.231	0.357	0.966
4139.310	0.359	0.966
4139.388	0.359	0.966
4139.479	0.360	0.966
4139.557	0.360	0.962
4139.648	0.360	0.961
4139.727	0.360	0.961
4139.804	0.360	0.961
4139.896	0.360	0.961
4139.973	0.360	0.961
4140.065	0.360	0.961
4140.144	0.360	0.957
4140.221	0.360	0.956
4140.312	0.360	0.952
4140.390	0.360	0.949
4140.481	0.360	0.946
4140.560	0.360	0.946
4140.638	0.360	0.942
4140.729	0.360	0.941
4140.807	0.360	0.941
4140.898	0.360	0.941
4140.977	0.360	0.941
4141.054	0.360	0.944
4141.146	0.361	0.946
4141.223	0.360	0.951
4141.315	0.360	0.955
4141.394	0.360	0.957
4141.471	0.361	0.961
4141.562	0.361	0.965
4141.640	0.362	0.969
4141.731	0.363	0.971
4141.810	0.363	0.975
4141.888	0.364	0.976
4141.979	0.365	0.980
4142.057	0.363	0.982
4142.148	0.364	0.982
4142.227	0.365	0.982
4142.304	0.364	0.986
4142.396	0.365	0.987
4142.473	0.364	0.987
4142.552	0.365	0.986
4142.644	0.365	0.982
4142.721	0.365	0.982
4142.812	0.365	0.982
4142.890	0.365	0.982
4142.968	0.365	0.982
4143.060	0.365	0.982
4143.138	0.365	0.982
4143.229	0.365	0.982
4143.307	0.365	0.982
4143.398	0.365	0.984
4143.477	0.365	0.983
4143.554	0.365	0.987
4143.646	0.365	0.991
4143.723	0.367	0.993
4143.802	0.365	0.997
4143.894	0.367	0.999
4143.971	0.366	1.001
4144.062	0.366	1.001
4144.140	0.365	1.002
4144.231	0.366	1.001
4144.310	0.365	0.999
4144.388	0.368	0.997
4144.479	0.367	0.994
4144.557	0.369	0.991
4144.648	0.369	0.986
4144.727	0.369	0.982
4144.804	0.370	0.981
4144.896	0.370	0.976
4144.973	0.370	0.974
4145.052	0.370	0.971
4145.144	0.370	0.973
4145.221	0.370	0.976
4145.312	0.370	0.976
4145.390	0.370	0.977
4145.481	0.370	0.979
4145.560	0.370	0.979
4145.638	0.370	0.979
4145.729	0.370	0.977
4145.807	0.370	0.976
4145.898	0.370	0.976
4145.977	0.370	0.975
4146.054	0.370	0.974
4146.146	0.370	0.976
4146.223	0.370	0.974
4146.302	0.370	0.973
4146.394	0.370	0.974
4146.471	0.370	0.973
4146.562	0.370	0.976
4146.640	0.370	0.976
4146.731	0.370	0.976
4146.810	0.373	0.976
4146.888	0.375	0.976
4146.979	0.373	0.976
4147.057	0.375	0.976
4147.135	0.375	0.976
4147.227	0.376	0.980
4147.304	0.375	0.982
4147.396	0.376	0.982
4147.473	0.376	0.984
4147.565	0.376	0.988
4147.644	0.376	0.988
4147.721	0.376	0.988
4147.812	0.376	0.988
4147.890	0.376	0.987
4147.968	0.376	0.986
4148.060	0.376	0.987
4148.138	0.376	0.983
4148.229	0.376	0.982
4148.307	0.376	0.982
4148.385	0.376	0.982
4148.477	0.376	0.982
4148.554	0.376	0.982
4148.646	0.377	0.976
4148.723	0.376	0.976
4148.802	0.377	0.971
4148.894	0.378	0.970
4148.971	0.377	0.966
4149.062	0.379	0.965
4149.140	0.377	0.962
4149.218	0.377	0.961
4149.310	0.380	0.959
4149.388	0.379	0.956
4149.479	0.381	0.956
4149.557	0.381	0.955
4149.648	0.381	0.956
4149.727	0.380	0.956
4149.804	0.381	0.956
4149.896	0.381	0.956
4149.973	0.380	0.956
4150.052	0.381	0.956
4150.144	0.381	0.956
4150.221	0.381	0.956
4150.312	0.381	0.957
4150.390	0.381	0.960
4150.481	0.381	0.961
4150.560	0.381	0.961
4150.638	0.381	0.961
4150.729	0.382	0.963
4150.807	0.382	0.965
4150.885	0.382	0.968
4150.977	0.382	0.972
4151.054	0.382	0.975
4151.146	0.383	0.977
4151.223	0.384	0.978
4151.302	0.386	0.978
4151.394	0.384	0.978
4151.471	0.385	0.981
4151.562	0.386	0.982
4151.640	0.385	0.982
4151.731	0.386	0.982
4151.810	0.386	0.982
4151.888	0.386	0.982
4151.979	0.386	0.982
4152.057	0.386	0.982
4152.148	0.385	0.982
4152.227	0.386	0.980
4152.304	0.386	0.978
4152.396	0.386	0.976
4152.473	0.386	0.976
4152.565	0.386	0.971
4152.644	0.386	0.967
4152.721	0.386	0.966
4152.812	0.386	0.963
4152.890	0.386	0.961
4152.981	0.386	0.961
4153.060	0.386	0.965
4153.138	0.386	0.968
4153.229	0.386	0.971
4153.307	0.386	0.973
4153.385	0.387	0.976
4153.463	0.387	0.979
4153.554	0.387	0.980
4153.646	0.389	0.981
4153.723	0.387	0.977
4153.802	0.389	0.976
4153.894	0.388	0.976
4153.971	0.389	0.976
4154.062	0.390	0.976
4154.140	0.391	0.976
4154.218	0.389	0.976
4154.310	0.391	0.976
4154.388	0.391	0.976
4154.479	0.391	0.974
4154.557	0.391	0.974
4154.635	0.391	0.974
4154.727	0.391	0.976
4154.804	0.391	0.976
4154.896	0.391	0.976
4154.973	0.391	0.976
4155.052	0.391	0.982
4155.144	0.391	0.982
4155.221	0.391	0.982
4155.312	0.391	0.982
4155.390	0.391	0.982
4155.481	0.391	0.982
4155.560	0.391	0.982
4155.638	0.391	0.986
4155.729	0.392	0.988
4155.807	0.391	0.988
4155.898	0.391	0.987
4155.977	0.391	0.987
4156.054	0.391	0.987
4156.146	0.392	0.986
4156.223	0.392	0.987
4156.315	0.392	0.987
4156.394	0.393	0.987
4156.471	0.391	0.987
4156.562	0.392	0.984
4156.640	0.393	0.982
4156.731	0.392	0.976
4156.810	0.395	0.975
4156.888	0.395	0.971
4156.979	0.395	0.964
4157.057	0.396	0.960
4157.148	0.396	0.953
4157.227	0.396	0.945
4157.304	0.396	0.938
4157.396	0.396	0.933
4157.473	0.396	0.930
4157.565	0.396	0.926
4157.644	0.396	0.925
4157.721	0.396	0.921
4157.812	0.396	0.920
4157.890	0.396	0.915
4157.968	0.396	0.914
4158.060	0.397	0.909
4158.138	0.398	0.905
4158.229	0.398	0.905
4158.307	0.399	0.907
4158.385	0.398	0.909
4158.477	0.398	0.912
4158.554	0.400	0.915
4158.646	0.399	0.915
4158.723	0.401	0.915
4158.815	0.401	0.917
4158.894	0.401	0.920
4158.971	0.401	0.921
4159.062	0.401	0.926
4159.140	0.401	0.930
4159.231	0.401	0.931
4159.310	0.401	0.931
4159.388	0.401	0.932
4159.479	0.401	0.931
4159.557	0.401	0.931
4159.635	0.401	0.933
4159.727	0.401	0.936
4159.804	0.401	0.936
4159.896	0.401	0.937
4159.973	0.401	0.938
4160.052	0.401	0.940
4160.144	0.401	0.941
4160.221	0.401	0.941
4160.312	0.401	0.941
4160.390	0.401	0.937
4160.468	0.401	0.934
4160.560	0.401	0.931
4160.638	0.403	0.931
4160.729	0.401	0.931
4160.807	0.402	0.932
4160.885	0.401	0.931
4160.977	0.403	0.935
4161.054	0.404	0.936
4161.146	0.404	0.937
4161.223	0.404	0.941
4161.302	0.405	0.943
4161.394	0.404	0.947
4161.471	0.404	0.951
4161.562	0.406	0.953
4161.640	0.406	0.956
4161.718	0.406	0.957
4161.810	0.406	0.960
4161.888	0.406	0.961
4161.979	0.406	0.962
4162.057	0.406	0.965
4162.135	0.406	0.966
4162.227	0.406	0.969
4162.304	0.406	0.971
4162.396	0.406	0.971
4162.473	0.406	0.972
4162.552	0.406	0.974
4162.644	0.406	0.971
4162.721	0.406	0.971
4162.812	0.406	0.970
4162.890	0.407	0.966
4162.968	0.406	0.964
4163.060	0.406	0.961
4163.138	0.406	0.961
4163.229	0.408	0.961
4163.307	0.407	0.960
4163.385	0.409	0.957
4163.477	0.409	0.956
4163.554	0.408	0.956
4163.646	0.410	0.959
4163.723	0.411	0.961
4163.802	0.409	0.961
4163.894	0.411	0.961
4163.971	0.409	0.958
4164.062	0.411	0.956
4164.140	0.411	0.956
4164.218	0.410	0.956
4164.310	0.411	0.952
4164.388	0.411	0.949
4164.479	0.411	0.947
4164.557	0.411	0.943
4164.635	0.411	0.941
4164.727	0.411	0.938
4164.804	0.411	0.936
4164.896	0.411	0.936
4164.973	0.411	0.936
4165.052	0.411	0.936
4165.144	0.411	0.939
4165.221	0.411	0.940
4165.312	0.411	0.941
4165.390	0.411	0.942
4165.468	0.412	0.946
4165.560	0.414	0.949
4165.638	0.412	0.954
4165.729	0.411	0.957
4165.807	0.414	0.956
4165.885	0.412	0.957
4165.977	0.414	0.956
4166.054	0.413	0.956
4166.146	0.412	0.956
4166.223	0.413	0.960
4166.302	0.415	0.961
4166.394	0.415	0.961
4166.471	0.415	0.960
4166.562	0.415	0.956
4166.640	0.416	0.956
4166.718	0.414	0.954
4166.810	0.416	0.954
4166.888	0.416	0.951
4166.979	0.416	0.949
4167.057	0.416	0.949
4167.135	0.416	0.948
4167.227	0.416	0.946
4167.304	0.416	0.949
4167.382	0.416	0.950
4167.473	0.416	0.948
4167.552	0.416	0.950
4167.644	0.416	0.951
4167.721	0.416	0.948
4167.812	0.416	0.947
4167.890	0.416	0.948
4167.968	0.416	0.951
4168.060	0.416	0.950
4168.138	0.417	0.951
4168.229	0.418	0.951
4168.307	0.419	0.951
4168.385	0.420	0.951
4168.477	0.421	0.951
4168.554	0.420	0.950
4168.646	0.421	0.950
4168.723	0.421	0.951
4168.802	0.421	0.951
4168.894	0.421	0.950
4168.971	0.421	0.947
4169.062	0.421	0.946
4169.140	0.421	0.946
4169.218	0.421	0.948
4169.310	0.422	0.950
4169.388	0.421	0.951
4169.479	0.421	0.954
4169.557	0.422	0.956
4169.635	0.421	0.956
4169.727	0.422	0.956
4169.804	0.422	0.957
4169.896	0.422	0.959
4169.973	0.421	0.957
4170.052	0.423	0.958
4170.144	0.423	0.959
4170.221	0.425	0.956
4170.312	0.426	0.956
4170.390	0.426	0.952
4170.481	0.426	0.952
4170.560	0.426	0.951
4170.638	0.426	0.946
4170.729	0.426	0.946
4170.807	0.426	0.941
4170.885	0.426	0.938
4170.977	0.426	0.935
4171.054	0.426	0.931
4171.146	0.426	0.931
4171.223	0.426	0.926
4171.302	0.426	0.924
4171.394	0.426	0.920
4171.471	0.426	0.917
4171.562	0.426	0.915
4171.640	0.426	0.915
4171.718	0.426	0.913
4171.810	0.426	0.909
4171.888	0.426	0.907
4171.979	0.426	0.905
4172.057	0.426	0.904
4172.135	0.426	0.900
4172.227	0.426	0.903
4172.304	0.426	0.904
4172.396	0.426	0.905
4172.473	0.427	0.905
4172.552	0.427	0.905
4172.644	0.427	0.903
4172.721	0.427	0.905
4172.812	0.427	0.906
4172.890	0.428	0.908
4172.968	0.430	0.908
4173.060	0.430	0.907
4173.138	0.430	0.907
4173.229	0.429	0.910
4173.307	0.431	0.910
4173.385	0.431	0.913
4173.477	0.430	0.915
4173.554	0.431	0.915
4173.646	0.432	0.915
4173.723	0.432	0.916
4173.802	0.432	0.916
4173.894	0.432	0.920
4173.971	0.432	0.927
4174.062	0.432	0.931
4174.140	0.432	0.931
4174.218	0.432	0.932
4174.310	0.432	0.935
4174.388	0.432	0.936
4174.479	0.432	0.937
4174.557	0.432	0.939
4174.635	0.432	0.941
4174.727	0.432	0.941
4174.804	0.432	0.944
4174.896	0.432	0.948
4174.973	0.432	0.952
4175.052	0.433	0.955
4175.144	0.432	0.956
4175.221	0.432	0.956
4175.312	0.432	0.957
4175.390	0.434	0.960
4175.468	0.433	0.960
4175.560	0.433	0.960
4175.638	0.437	0.958
4175.729	0.436	0.956
4175.807	0.437	0.956
4175.885	0.437	0.956
4175.977	0.437	0.955
4176.054	0.436	0.954
4176.146	0.436	0.955
4176.223	0.437	0.956
4176.315	0.437	0.956
4176.394	0.437	0.956
4176.471	0.437	0.954
4176.562	0.437	0.951
4176.640	0.438	0.950
4176.718	0.437	0.946
4176.810	0.437	0.946
4176.888	0.438	0.943
4176.979	0.437	0.941
4177.057	0.438	0.941
4177.135	0.437	0.937
4177.227	0.438	0.936
4177.304	0.438	0.936
4177.396	0.438	0.933
4177.473	0.440	0.931
4177.552	0.441	0.926
4177.644	0.441	0.921
4177.721	0.442	0.917
4177.812	0.441	0.916
4177.890	0.442	0.913
4177.968	0.442	0.915
4178.060	0.442	0.915
4178.138	0.442	0.915
4178.229	0.442	0.915
4178.307	0.442	0.914
4178.385	0.442	0.915
4178.477	0.442	0.915
4178.554	0.442	0.915
4178.646	0.442	0.915
4178.723	0.442	0.916
4178.802	0.442	0.916
4178.894	0.442	0.918
4178.971	0.442	0.919
4179.062	0.442	0.920
4179.140	0.443	0.920
4179.218	0.442	0.920
4179.310	0.443	0.921
4179.388	0.442	0.925
4179.479	0.444	0.926
4179.557	0.443	0.926
4179.635	0.443	0.926
4179.727	0.443	0.926
4179.804	0.443	0.925
4179.896	0.443	0.923
4179.973	0.443	0.920
4180.052	0.443	0.918
4180.144	0.443	0.915
4180.221	0.443	0.912
4180.312	0.446	0.910
4180.390	0.445	0.909
4180.468	0.446	0.909
4180.560	0.446	0.909
4180.638	0.447	0.905
4180.729	0.446	0.905
4180.807	0.447	0.906
4180.885	0.447	0.909
4180.977	0.447	0.911
4181.054	0.447	0.915
4181.146	0.447	0.916
4181.223	0.448	0.919
4181.302	0.447	0.919
4181.394	0.447	0.921
4181.471	0.447	0.926
4181.562	0.448	0.928
4181.640	0.447	0.930
4181.718	0.447	0.931
4181.810	0.447	0.931
4181.888	0.448	0.931
4181.979	0.448	0.931
4182.057	0.449	0.934
4182.135	0.449	0.936
4182.227	0.450	0.936
4182.304	0.449	0.931
4182.396	0.450	0.931
4182.473	0.451	0.931
4182.552	0.451	0.926
4182.644	0.452	0.925
4182.721	0.451	0.926
4182.812	0.451	0.926
4182.890	0.452	0.923
4182.968	0.452	0.925
4183.060	0.452	0.922
4183.138	0.452	0.920
4183.229	0.452	0.923
4183.307	0.452	0.926
4183.385	0.452	0.926
4183.477	0.452	0.926
4183.554	0.452	0.927
4183.646	0.452	0.931
4183.723	0.452	0.928
4183.802	0.452	0.927
4183.894	0.452	0.926
4183.971	0.452	0.926
4184.062	0.452	0.926
4184.140	0.452	0.924
4184.218	0.452	0.920
4184.310	0.452	0.919
4184.388	0.452	0.915
4184.479	0.452	0.913
4184.557	0.452	0.909
4184.635	0.452	0.908
4184.727	0.452	0.905
4184.804	0.452	0.903
4184.896	0.453	0.900
4184.973	0.453	0.900
4185.052	0.453	0.895
4185.144	0.452	0.895
4185.221	0.453	0.894
4185.312	0.454	0.892
4185.390	0.456	0.891
4185.468	0.455	0.893
4185.560	0.456	0.893
4185.638	0.457	0.891
4185.729	0.457	0.892
4185.807	0.457	0.896
4185.885	0.457	0.900
4185.977	0.457	0.900
4186.054	0.457	0.904
4186.146	0.457	0.905
4186.223	0.457	0.909
4186.302	0.457	0.910
4186.394	0.457	0.910
4186.471	0.457	0.911
4186.562	0.457	0.912
4186.640	0.457	0.910
4186.718	0.457	0.910
4186.810	0.457	0.909
4186.888	0.457	0.906
4186.979	0.457	0.905
4187.057	0.459	0.904
4187.135	0.457	0.902
4187.227	0.457	0.901
4187.304	0.460	0.900
4187.396	0.460	0.900
4187.473	0.460	0.901
4187.552	0.460	0.904
4187.644	0.460	0.905
4187.721	0.460	0.904
4187.812	0.461	0.905
4187.890	0.462	0.905
4187.968	0.461	0.905
4188.060	0.461	0.904
4188.138	0.462	0.901
4188.229	0.462	0.900
4188.307	0.462	0.900
4188.385	0.461	0.900
4188.477	0.462	0.897
4188.554	0.462	0.896
4188.646	0.462	0.895
4188.723	0.463	0.893
4188.802	0.462	0.892
4188.894	0.462	0.894
4188.971	0.462	0.895
4189.062	0.462	0.895
4189.140	0.462	0.899
4189.218	0.463	0.900
4189.310	0.463	0.900
4189.388	0.462	0.900
4189.479	0.465	0.900
4189.557	0.462	0.900
4189.635	0.463	0.903
4189.727	0.464	0.903
4189.804	0.464	0.901
4189.896	0.465	0.900
4189.973	0.467	0.895
4190.052	0.466	0.890
4190.144	0.466	0.886
4190.221	0.466	0.881
4190.312	0.466	0.875
4190.390	0.467	0.869
4190.468	0.467	0.867
4190.560	0.467	0.864
4190.638	0.467	0.859
4190.729	0.467	0.859
4190.807	0.467	0.858
4190.885	0.467	0.859
4190.977	0.467	0.859
4191.054	0.467	0.861
4191.146	0.467	0.864
4191.223	0.467	0.864
4191.302	0.467	0.864
4191.394	0.467	0.864
4191.471	0.467	0.868
4191.562	0.467	0.869
4191.640	0.468	0.869
4191.718	0.467	0.870
4191.810	0.469	0.869
4191.888	0.467	0.870
4191.979	0.469	0.869
4192.057	0.469	0.869
4192.135	0.469	0.869
4192.227	0.469	0.869
4192.304	0.471	0.869
4192.396	0.471	0.868
4192.473	0.470	0.867
4192.552	0.472	0.865
4192.644	0.472	0.867
4192.721	0.472	0.866
4192.812	0.472	0.866
4192.890	0.472	0.869
4192.968	0.472	0.874
4193.060	0.472	0.875
4193.138	0.472	0.877
4193.229	0.472	0.880
4193.307	0.472	0.881
4193.385	0.472	0.885
4193.477	0.472	0.888
4193.554	0.472	0.892
4193.646	0.472	0.895
4193.723	0.472	0.897
4193.802	0.472	0.899
4193.894	0.472	0.900
4193.971	0.472	0.899
4194.062	0.472	0.898
4194.140	0.472	0.897
4194.218	0.472	0.895
4194.310	0.472	0.895
4194.388	0.472	0.893
4194.479	0.472	0.894
4194.557	0.473	0.895
4194.635	0.472	0.895
4194.727	0.473	0.898
4194.804	0.473	0.900
4194.896	0.473	0.900
4194.973	0.473	0.900
4195.052	0.476	0.899
4195.144	0.477	0.900
4195.221	0.473	0.897
4195.312	0.476	0.896
4195.390	0.475	0.894
4195.468	0.477	0.892
4195.560	0.476	0.888
4195.638	0.477	0.886
4195.729	0.477	0.885
4195.807	0.477	0.883
4195.885	0.477	0.881
4195.977	0.477	0.881
4196.054	0.477	0.880
4196.146	0.477	0.880
4196.223	0.477	0.879
4196.302	0.477	0.875
4196.394	0.477	0.875
4196.471	0.477	0.874
4196.562	0.478	0.870
4196.640	0.477	0.869
4196.718	0.477	0.869
4196.810	0.479	0.865
4196.888	0.478	0.864
4196.979	0.478	0.859
4197.057	0.479	0.855
4197.135	0.479	0.848
4197.227	0.480	0.841
4197.304	0.481	0.836
4197.396	0.483	0.832
4197.473	0.481	0.829
4197.552	0.480	0.825
4197.644	0.483	0.824
4197.721	0.482	0.824
4197.812	0.482	0.824
4197.890	0.483	0.824
4197.968	0.483	0.824
4198.060	0.483	0.824
4198.138	0.483	0.824
4198.229	0.483	0.827
4198.307	0.483	0.829
4198.385	0.483	0.831
4198.477	0.483	0.835
4198.554	0.483	0.838
4198.646	0.483	0.842
4198.723	0.483	0.849
4198.802	0.483	0.850
4198.894	0.483	0.854
4198.971	0.483	0.855
4199.049	0.483	0.854
4199.140	0.483	0.857
4199.218	0.483	0.858
4199.310	0.483	0.860
4199.388	0.483	0.864
4199.466	0.483	0.867
4199.557	0.483	0.871
4199.635	0.483	0.875
4199.727	0.486	0.880
4199.804	0.485	0.881
4199.896	0.485	0.885
4199.973	0.484	0.889
4200.052	0.486	0.890
4200.144	0.487	0.890
4200.234	0.486	0.890
4200.299	0.487	0.890
4200.390	0.488	0.890
4200.468	0.488	0.890
4200.560	0.486	0.891
4200.638	0.488	0.895
4200.729	0.488	0.895
4200.807	0.488	0.897
4200.885	0.488	0.900
4200.977	0.488	0.903
4201.054	0.488	0.905
4201.132	0.488	0.905
4201.223	0.488	0.906
4201.302	0.489	0.907
4201.394	0.488	0.910
4201.471	0.488	0.910
4201.562	0.489	0.912
4201.640	0.488	0.915
4201.718	0.490	0.915
4201.810	0.491	0.918
4201.888	0.491	0.920
4201.966	0.490	0.920
4202.057	0.490	0.920
4202.135	0.493	0.918
4202.227	0.492	0.915
4202.304	0.489	0.913
4202.396	0.493	0.910
4202.473	0.492	0.903
4202.552	0.493	0.900
4202.644	0.493	0.898
4202.721	0.493	0.894
4202.799	0.493	0.889
4202.890	0.493	0.881
4202.968	0.493	0.876
4203.060	0.493	0.871
4203.138	0.493	0.865
4203.216	0.493	0.860
4203.307	0.493	0.857
4203.385	0.493	0.854
4203.477	0.493	0.850
4203.554	0.493	0.849
4203.632	0.493	0.845
4203.723	0.493	0.844
4203.802	0.493	0.841
4203.894	0.493	0.839
4203.971	0.493	0.835
4204.049	0.493	0.834
4204.140	0.493	0.834
4204.218	0.493	0.835
4204.310	0.493	0.839
4204.388	0.493	0.843
4204.466	0.493	0.847
4204.557	0.493	0.849
4204.635	0.493	0.852
4204.727	0.493	0.855
4204.804	0.493	0.859
4204.896	0.494	0.859
4204.973	0.494	0.859
4205.052	0.493	0.860
4205.144	0.493	0.864
4205.221	0.493	0.864
4205.299	0.494	0.869
4205.390	0.493	0.870
4205.468	0.495	0.874
4205.560	0.495	0.875
4205.638	0.496	0.880
4205.716	0.497	0.880
4205.807	0.495	0.881
4205.885	0.495	0.880
4205.977	0.498	0.880
4206.054	0.498	0.880
4206.132	0.497	0.879
4206.223	0.498	0.880
4206.302	0.498	0.876
4206.394	0.498	0.875
4206.471	0.498	0.875
4206.549	0.498	0.875
4206.640	0.498	0.875
4206.718	0.498	0.875
4206.810	0.498	0.875
4206.888	0.498	0.869
4206.966	0.498	0.870
4207.057	0.498	0.871
4207.135	0.498	0.869
4207.227	0.498	0.866
4207.304	0.498	0.864
4207.382	0.498	0.860
4207.473	0.499	0.855
4207.552	0.500	0.852
4207.644	0.499	0.849
4207.721	0.500	0.849
4207.812	0.501	0.847
4207.890	0.502	0.849
4207.968	0.503	0.849
4208.060	0.503	0.849
4208.138	0.502	0.850
4208.216	0.502	0.853
4208.307	0.503	0.854
4208.385	0.503	0.858
4208.477	0.503	0.859
4208.554	0.503	0.862
4208.632	0.503	0.862
4208.723	0.503	0.859
4208.802	0.503	0.858
4208.894	0.503	0.854
4208.971	0.503	0.854
4209.049	0.503	0.854
4209.140	0.503	0.854
4209.218	0.503	0.849
4209.310	0.504	0.849
4209.388	0.504	0.846
4209.466	0.503	0.842
4209.557	0.503	0.837
4209.635	0.505	0.835
4209.727	0.504	0.834
4209.804	0.506	0.832
4209.896	0.504	0.830
4209.973	0.506	0.829
4210.052	0.506	0.829
4210.144	0.506	0.829
4210.221	0.506	0.829
4210.299	0.508	0.828
4210.390	0.508	0.829
4210.468	0.508	0.828
4210.560	0.508	0.830
4210.638	0.508	0.834
4210.729	0.508	0.835
4210.807	0.508	0.839
4210.885	0.507	0.843
4210.977	0.508	0.845
4211.054	0.508	0.849
4211.132	0.508	0.849
4211.223	0.508	0.851
4211.302	0.508	0.854
4211.394	0.508	0.854
4211.471	0.508	0.854
4211.562	0.508	0.857
4211.640	0.508	0.858
4211.718	0.508	0.860
4211.810	0.508	0.864
4211.888	0.509	0.869
4211.966	0.508	0.873
4212.057	0.508	0.874
4212.135	0.508	0.873
4212.227	0.508	0.875
4212.304	0.508	0.878
4212.382	0.508	0.880
4212.473	0.509	0.882
4212.552	0.509	0.884
4212.644	0.509	0.885
4212.721	0.510	0.884
4212.799	0.511	0.885
4212.890	0.510	0.885
4212.968	0.512	0.885
4213.060	0.511	0.885
4213.138	0.512	0.881
4213.229	0.513	0.880
4213.307	0.512	0.879
4213.385	0.512	0.877
4213.477	0.513	0.875
4213.554	0.513	0.871
4213.632	0.513	0.869
4213.723	0.513	0.866
4213.802	0.513	0.862
4213.894	0.513	0.858
4213.971	0.513	0.852
4214.049	0.513	0.847
4214.140	0.513	0.841
4214.218	0.513	0.839
4214.310	0.513	0.839
4214.388	0.513	0.838
4214.466	0.513	0.839
4214.557	0.513	0.839
4214.635	0.513	0.839
4214.727	0.513	0.840
4214.804	0.513	0.843
4214.882	0.513	0.844
4214.973	0.513	0.846
4215.052	0.513	0.849
4215.144	0.514	0.852
4215.221	0.514	0.853
4215.312	0.516	0.854
4215.390	0.515	0.854
4215.468	0.516	0.854
4215.560	0.517	0.856
4215.638	0.517	0.858
4215.716	0.517	0.858
4215.807	0.514	0.859
4215.885	0.517	0.859
4215.977	0.518	0.864
4216.054	0.518	0.866
4216.146	0.517	0.869
4216.223	0.517	0.869
4216.302	0.518	0.874
4216.394	0.518	0.875
4216.471	0.518	0.875
4216.549	0.518	0.875
4216.640	0.518	0.871
4216.718	0.518	0.870
4216.810	0.518	0.873
4216.888	0.518	0.874
4216.966	0.518	0.875
4217.057	0.518	0.874
4217.135	0.519	0.874
4217.227	0.519	0.875
4217.304	0.520	0.873
4217.382	0.518	0.869
4217.473	0.520	0.865
4217.552	0.518	0.864
4217.644	0.520	0.862
4217.721	0.521	0.859
4217.799	0.521	0.862
4217.890	0.523	0.863
4217.968	0.523	0.864
4218.060	0.522	0.863
4218.138	0.523	0.863
4218.216	0.523	0.859
4218.307	0.523	0.859
4218.385	0.523	0.855
4218.477	0.523	0.854
4218.554	0.523	0.854
4218.632	0.523	0.854
4218.723	0.523	0.854
4218.802	0.523	0.856
4218.894	0.523	0.859
4218.971	0.523	0.859
4219.049	0.523	0.859
4219.140	0.523	0.859
4219.218	0.523	0.859
4219.310	0.523	0.858
4219.388	0.523	0.857
4219.466	0.523	0.854
4219.557	0.523	0.854
4219.635	0.523	0.851
4219.727	0.523	0.849
4219.804	0.523	0.847
4219.882	0.523	0.846
4219.973	0.523	0.844
4220.052	0.523	0.844
4220.144	0.523	0.844
4220.221	0.525	0.847
4220.299	0.524	0.849
4220.390	0.524	0.851
4220.468	0.527	0.853
4220.560	0.526	0.857
4220.638	0.527	0.861
4220.716	0.525	0.864
4220.807	0.527	0.869
4220.885	0.528	0.875
4220.977	0.526	0.879
4221.054	0.528	0.880
4221.132	0.528	0.880
4221.223	0.527	0.885
4221.302	0.528	0.885
4221.394	0.528	0.886
4221.471	0.528	0.886
4221.549	0.528	0.887
4221.640	0.528	0.885
4221.718	0.528	0.885
4221.810	0.528	0.887
4221.888	0.528	0.890
4221.966	0.528	0.890
4222.057	0.528	0.894
4222.135	0.528	0.897
4222.227	0.528	0.900
4222.304	0.528	0.900
4222.382	0.528	0.905
4222.473	0.528	0.905
4222.552	0.528	0.907
4222.644	0.528	0.906
4222.721	0.528	0.905
4222.799	0.529	0.904
4222.890	0.529	0.901
4222.968	0.529	0.897
4223.060	0.528	0.892
4223.138	0.528	0.882
4223.216	0.529	0.876
4223.307	0.528	0.869
4223.385	0.529	0.864
4223.477	0.529	0.859
4223.554	0.529	0.852
4223.632	0.528	0.847
4223.723	0.531	0.841
4223.802	0.532	0.835
4223.894	0.532	0.833
4223.971	0.531	0.828
4224.049	0.531	0.824
4224.140	0.534	0.822
4224.218	0.532	0.818
4224.310	0.532	0.818
4224.388	0.532	0.818
4224.466	0.532	0.818
4224.557	0.532	0.818
4224.635	0.534	0.818
4224.727	0.534	0.818
4224.804	0.534	0.818
4224.882	0.534	0.818
4224.973	0.534	0.821
4225.052	0.534	0.824
4225.144	0.534	0.824
4225.221	0.534	0.830
4225.299	0.534	0.835
4225.390	0.534	0.838
4225.468	0.534	0.844
4225.560	0.534	0.848
4225.638	0.534	0.852
4225.716	0.534	0.854
4225.807	0.534	0.859
4225.885	0.534	0.859
4225.977	0.534	0.864
4226.054	0.534	0.866
4226.132	0.534	0.869
4226.223	0.534	0.869
4226.302	0.534	0.870
4226.394	0.534	0.871
4226.471	0.535	0.873
4226.549	0.534	0.875
4226.640	0.534	0.875
4226.718	0.536	0.875
4226.810	0.538	0.869
4226.888	0.535	0.865
4226.966	0.539	0.859
4227.057	0.538	0.857
4227.135	0.539	0.852
4227.227	0.538	0.846
4227.304	0.539	0.841
4227.382	0.539	0.836
4227.473	0.539	0.831
4227.552	0.539	0.825
4227.644	0.539	0.820
4227.721	0.539	0.818
4227.799	0.539	0.818
4227.890	0.539	0.818
4227.968	0.539	0.818
4228.060	0.539	0.818
4228.138	0.539	0.818
4228.216	0.539	0.817
4228.307	0.539	0.817
4228.385	0.540	0.814
4228.477	0.539	0.813
4228.554	0.539	0.813
4228.632	0.539	0.813
4228.723	0.539	0.813
4228.802	0.540	0.817
4228.894	0.541	0.818
4228.971	0.540	0.818
4229.049	0.544	0.818
4229.140	0.541	0.818
4229.218	0.540	0.818
4229.310	0.542	0.818
4229.388	0.542	0.813
4229.466	0.544	0.813
4229.557	0.542	0.813
4229.635	0.543	0.813
4229.727	0.544	0.813
4229.804	0.542	0.818
4229.882	0.544	0.818
4229.973	0.544	0.818
4230.052	0.544	0.815
4230.144	0.544	0.813
4230.221	0.542	0.813
4230.299	0.544	0.813
4230.390	0.543	0.813
4230.468	0.544	0.812
4230.560	0.544	0.808
4230.638	0.544	0.812
4230.716	0.544	0.815
4230.807	0.544	0.818
4230.885	0.544	0.823
4230.977	0.544	0.829
4231.054	0.544	0.834
4231.132	0.544	0.837
4231.223	0.544	0.839
4231.302	0.545	0.839
4231.394	0.544	0.841
4231.471	0.545	0.844
4231.549	0.547	0.842
4231.640	0.546	0.843
4231.718	0.545	0.840
4231.810	0.548	0.840
4231.888	0.549	0.842
4231.966	0.548	0.844
4232.057	0.549	0.847
4232.135	0.549	0.850
4232.227	0.549	0.850
4232.304	0.548	0.849
4232.382	0.549	0.849
4232.473	0.549	0.849
4232.552	0.549	0.849
4232.644	0.549	0.849
4232.721	0.549	0.847
4232.799	0.549	0.841
4232.890	0.549	0.839
4232.968	0.549	0.834
4233.060	0.549	0.830
4233.138	0.549	0.829
4233.216	0.549	0.827
4233.307	0.549	0.824
4233.385	0.550	0.822
4233.477	0.551	0.819
4233.554	0.551	0.818
4233.632	0.550	0.818
4233.723	0.551	0.818
4233.802	0.550	0.817
4233.894	0.551	0.813
4233.971	0.551	0.813
4234.049	0.553	0.813
4234.140	0.552	0.813
4234.218	0.553	0.813
4234.310	0.553	0.813
4234.388	0.552	0.813
4234.466	0.554	0.813
4234.557	0.552	0.813
4234.635	0.552	0.813
4234.727	0.554	0.813
4234.804	0.554	0.808
4234.882	0.554	0.807
4234.973	0.554	0.805
4235.052	0.554	0.803
4235.144	0.554	0.802
4235.221	0.554	0.802
4235.299	0.554	0.803
4235.390	0.554	0.803
4235.468	0.554	0.801
4235.560	0.554	0.798
4235.638	0.554	0.798
4235.716	0.554	0.798
4235.807	0.554	0.797
4235.885	0.554	0.794
4235.977	0.554	0.794
4236.054	0.554	0.793
4236.132	0.554	0.792
4236.223	0.554	0.789
4236.302	0.554	0.788
4236.394	0.554	0.785
4236.471	0.554	0.784
4236.549	0.554	0.784
4236.640	0.554	0.783
4236.718	0.554	0.783
4236.810	0.554	0.782
4236.888	0.555	0.783
4236.966	0.554	0.781
4237.057	0.554	0.781
4237.135	0.554	0.781
4237.227	0.554	0.784
4237.304	0.556	0.787
4237.382	0.555	0.789
4237.473	0.555	0.793
4237.552	0.556	0.796
4237.644	0.556	0.801
4237.721	0.556	0.807
4237.799	0.558	0.810
4237.890	0.559	0.813
4237.968	0.558	0.818
4238.060	0.559	0.819
4238.138	0.559	0.823
4238.216	0.558	0.824
4238.307	0.558	0.829
4238.385	0.558	0.832
4238.477	0.559	0.833
4238.554	0.558	0.835
4238.632	0.559	0.835
4238.723	0.559	0.835
4238.802	0.559	0.835
4238.894	0.559	0.835
4238.971	0.559	0.835
4239.049	0.559	0.839
4239.140	0.559	0.840
4239.218	0.559	0.842
4239.310	0.559	0.842
4239.388	0.559	0.844
4239.466	0.560	0.844
4239.557	0.561	0.844
4239.635	0.562	0.847
4239.727	0.562	0.849
4239.804	0.562	0.848
4239.882	0.562	0.847
4239.973	0.562	0.849
4240.052	0.563	0.849
4240.144	0.564	0.849
4240.221	0.562	0.848
4240.299	0.564	0.846
4240.390	0.563	0.845
4240.468	0.564	0.844
4240.560	0.564	0.842
4240.638	0.564	0.842
4240.716	0.564	0.841
4240.807	0.564	0.839
4240.885	0.564	0.839
4240.977	0.564	0.839
4241.054	0.564	0.839
4241.132	0.564	0.839
4241.223	0.564	0.839
4241.302	0.564	0.841
4241.394	0.564	0.844
4241.458	0.564	0.847
4241.549	0.564	0.847
4241.640	0.564	0.846
4241.718	0.564	0.848
4241.810	0.564	0.849
4241.888	0.564	0.848
4241.966	0.564	0.844
4242.057	0.564	0.841
4242.135	0.566	0.836
4242.227	0.566	0.834
4242.304	0.566	0.830
4242.382	0.564	0.828
4242.473	0.566	0.824
4242.552	0.566	0.824
4242.644	0.568	0.821
4242.721	0.568	0.818
4242.799	0.568	0.815
4242.890	0.568	0.810
4242.968	0.569	0.806
4243.060	0.568	0.801
4243.138	0.569	0.797
4243.216	0.568	0.793
4243.307	0.568	0.789
4243.385	0.568	0.785
4243.477	0.569	0.783
4243.554	0.569	0.782
4243.632	0.569	0.779
4243.723	0.569	0.778
4243.802	0.569	0.777
4243.894	0.569	0.777
4243.971	0.569	0.778
4244.049	0.569	0.778
4244.140	0.569	0.781
4244.218	0.569	0.783
4244.310	0.569	0.786
4244.388	0.569	0.788
4244.466	0.570	0.788
4244.557	0.569	0.788
4244.635	0.569	0.790
4244.727	0.569	0.793
4244.804	0.569	0.793
4244.882	0.569	0.793
4244.973	0.570	0.793
4245.052	0.570	0.793
4245.144	0.570	0.791
4245.221	0.571	0.789
4245.299	0.570	0.788
4245.390	0.569	0.788
4245.468	0.573	0.785
4245.560	0.572	0.788
4245.638	0.573	0.788
4245.716	0.574	0.788
4245.807	0.573	0.793
4245.885	0.574	0.795
4245.977	0.574	0.798
4246.054	0.574	0.800
4246.132	0.574	0.803
4246.223	0.574	0.804
4246.302	0.574	0.808
4246.394	0.574	0.808
4246.471	0.574	0.810
4246.549	0.574	0.813
4246.640	0.574	0.815
4246.718	0.574	0.818
4246.810	0.574	0.818
4246.888	0.574	0.818
4246.966	0.574	0.819
4247.057	0.574	0.822
4247.135	0.574	0.824
4247.227	0.574	0.825
4247.304	0.574	0.829
4247.382	0.574	0.829
4247.473	0.574	0.830
4247.552	0.574	0.829
4247.644	0.575	0.834
4247.721	0.574	0.830
4247.799	0.575	0.829
4247.890	0.574	0.829
4247.968	0.575	0.827
4248.060	0.575	0.824
4248.138	0.574	0.823
4248.216	0.576	0.821
4248.307	0.577	0.818
4248.385	0.574	0.818
4248.477	0.577	0.816
4248.554	0.577	0.814
4248.632	0.578	0.813
4248.723	0.577	0.809
4248.802	0.576	0.808
4248.894	0.576	0.808
4248.971	0.578	0.807
4249.049	0.577	0.808
4249.140	0.579	0.808
4249.218	0.579	0.808
4249.310	0.579	0.808
4249.388	0.579	0.808
4249.466	0.579	0.809
4249.557	0.579	0.809
4249.635	0.579	0.810
4249.727	0.579	0.812
4249.804	0.579	0.813
4249.882	0.579	0.811
4249.973	0.579	0.809
4250.052	0.579	0.810
4250.144	0.579	0.809
4250.221	0.579	0.808
4250.299	0.579	0.808
4250.390	0.579	0.808
4250.468	0.579	0.804
4250.560	0.579	0.801
4250.638	0.579	0.798
4250.716	0.579	0.798
4250.807	0.579	0.798
4250.885	0.579	0.802
4250.977	0.579	0.807
4251.054	0.582	0.811
4251.132	0.581	0.814
4251.223	0.581	0.818
4251.302	0.582	0.818
4251.394	0.584	0.818
4251.471	0.584	0.818
4251.549	0.584	0.819
4251.640	0.585	0.820
4251.718	0.584	0.824
4251.810	0.585	0.820
4251.888	0.584	0.820
4251.966	0.585	0.818
4252.057	0.583	0.818
4252.135	0.585	0.813
4252.227	0.585	0.810
4252.304	0.585	0.806
4252.382	0.585	0.801
4252.473	0.585	0.797
4252.552	0.585	0.793
4252.644	0.585	0.793
4252.721	0.585	0.793
4252.799	0.585	0.793
4252.890	0.585	0.793
4252.968	0.585	0.793
4253.060	0.585	0.793
4253.138	0.585	0.793
4253.216	0.586	0.795
4253.307	0.585	0.796
4253.385	0.585	0.797
4253.477	0.586	0.798
4253.554	0.589	0.798
4253.632	0.585	0.798
4253.723	0.585	0.801
4253.802	0.586	0.804
4253.894	0.587	0.803
4253.971	0.588	0.805
4254.049	0.589	0.803
4254.140	0.589	0.802
4254.218	0.590	0.798
4254.310	0.589	0.798
4254.388	0.590	0.796
4254.466	0.590	0.794
4254.557	0.590	0.793
4254.635	0.590	0.796
4254.727	0.590	0.798
4254.804	0.590	0.798
4254.882	0.590	0.798
4254.973	0.590	0.799
4255.052	0.590	0.799
4255.144	0.590	0.800
4255.221	0.590	0.801
4255.299	0.590	0.798
4255.390	0.590	0.798
4255.468	0.590	0.797
4255.560	0.590	0.798
4255.638	0.590	0.797
4255.716	0.590	0.797
4255.807	0.590	0.793
4255.885	0.590	0.793
4255.977	0.590	0.790
4256.054	0.590	0.789
4256.132	0.590	0.785
4256.223	0.590	0.785
4256.302	0.590	0.783
4256.394	0.591	0.785
4256.471	0.590	0.788
4256.549	0.590	0.792
4256.640	0.591	0.798
4256.718	0.591	0.799
4256.810	0.591	0.803
4256.888	0.592	0.807
4256.966	0.594	0.808
4257.057	0.591	0.810
4257.135	0.591	0.813
4257.213	0.591	0.813
4257.304	0.594	0.814
4257.382	0.593	0.817
4257.473	0.594	0.815
4257.552	0.593	0.814
4257.630	0.595	0.813
4257.721	0.594	0.813
4257.799	0.594	0.813
4257.890	0.595	0.814
4257.968	0.595	0.816
4258.047	0.595	0.818
4258.138	0.594	0.818
4258.216	0.595	0.819
4258.307	0.595	0.823
4258.385	0.595	0.824
4258.477	0.595	0.824
4258.554	0.595	0.827
4258.632	0.595	0.828
4258.723	0.595	0.830
4258.802	0.595	0.833
4258.880	0.595	0.834
4258.971	0.595	0.835
4259.049	0.595	0.835
4259.140	0.595	0.834
4259.218	0.595	0.832
4259.310	0.595	0.829
4259.388	0.595	0.829
4259.466	0.595	0.829
4259.557	0.596	0.829
4259.635	0.596	0.829
4259.713	0.596	0.829
4259.804	0.597	0.829
4259.882	0.596	0.829
4259.973	0.598	0.829
4260.052	0.598	0.830
4260.144	0.599	0.831
4260.221	0.599	0.834
4260.299	0.598	0.836
4260.390	0.599	0.839
4260.468	0.599	0.835
4260.560	0.599	0.834
4260.638	0.600	0.833
4260.716	0.600	0.829
4260.807	0.600	0.824
4260.885	0.600	0.824
4260.977	0.600	0.824
4261.054	0.600	0.823
4261.132	0.600	0.818
4261.223	0.600	0.818
4261.302	0.600	0.818
4261.380	0.601	0.816
4261.471	0.601	0.813
4261.549	0.600	0.810
4261.640	0.601	0.805
4261.718	0.600	0.798
4261.810	0.601	0.798
4261.888	0.602	0.796
4261.966	0.602	0.794
4262.057	0.602	0.791
4262.135	0.601	0.788
4262.213	0.601	0.785
4262.304	0.602	0.783
4262.382	0.601	0.781
4262.473	0.602	0.779
4262.552	0.603	0.779
4262.644	0.603	0.784
4262.721	0.605	0.786
4262.799	0.605	0.790
4262.890	0.604	0.796
4262.968	0.605	0.800
4263.047	0.604	0.807
4263.138	0.604	0.809
4263.216	0.605	0.811
4263.307	0.605	0.813
4263.385	0.605	0.814
4263.463	0.605	0.817
4263.554	0.605	0.818
4263.632	0.604	0.818
4263.723	0.605	0.819
4263.802	0.605	0.822
4263.894	0.605	0.823
4263.971	0.605	0.824
4264.049	0.605	0.824
4264.140	0.605	0.827
4264.218	0.605	0.829
4264.297	0.605	0.832
4264.388	0.605	0.835
4264.466	0.605	0.839
4264.557	0.606	0.842
4264.635	0.605	0.847
4264.727	0.606	0.849
4264.804	0.606	0.849
4264.882	0.606	0.849
4264.973	0.605	0.849
4265.052	0.607	0.849
4265.130	0.605	0.849
4265.221	0.605	0.849
4265.299	0.608	0.849
4265.390	0.607	0.849
4265.468	0.610	0.849
4265.560	0.608	0.850
4265.638	0.609	0.849
4265.716	0.609	0.849
4265.807	0.609	0.849
4265.885	0.610	0.848
4265.963	0.610	0.847
4266.054	0.610	0.844
4266.132	0.609	0.844
4266.223	0.610	0.843
4266.302	0.610	0.841
4266.380	0.610	0.839
4266.471	0.610	0.839
4266.549	0.610	0.839
4266.640	0.610	0.839
4266.718	0.610	0.839
4266.810	0.610	0.839
4266.888	0.610	0.839
4266.966	0.610	0.844
4267.057	0.610	0.844
4267.135	0.610	0.844
4267.213	0.610	0.841
4267.304	0.611	0.837
4267.382	0.610	0.835
4267.473	0.610	0.832
4267.552	0.611	0.829
4267.644	0.610	0.828
4267.721	0.612	0.824
4267.799	0.612	0.824
4267.890	0.613	0.824
4267.968	0.613	0.821
4268.047	0.615	0.818
4268.138	0.612	0.818
4268.216	0.611	0.818
4268.307	0.613	0.815
4268.385	0.613	0.813
4268.477	0.613	0.813
4268.554	0.615	0.812
4268.632	0.615	0.811
4268.723	0.615	0.808
4268.802	0.615	0.808
4268.880	0.615	0.810
4268.971	0.615	0.813
4269.049	0.615	0.813
4269.140	0.614	0.812
4269.218	0.615	0.813
4269.310	0.615	0.813
4269.388	0.615	0.814
4269.466	0.615	0.815
4269.557	0.615	0.814
4269.635	0.615	0.813
4269.713	0.615	0.813
4269.804	0.615	0.813
4269.882	0.615	0.813
4269.973	0.615	0.813
4270.052	0.615	0.813
4270.144	0.615	0.813
4270.221	0.615	0.813
4270.299	0.615	0.813
4270.390	0.615	0.814
4270.468	0.615	0.813
4270.547	0.615	0.814
4270.638	0.615	0.816
4270.716	0.615	0.813
4270.807	0.615	0.813
4270.885	0.615	0.811
4270.977	0.615	0.811
4271.054	0.615	0.813
4271.132	0.616	0.817
4271.223	0.617	0.818
4271.302	0.616	0.818
4271.380	0.617	0.820
4271.471	0.619	0.823
4271.549	0.619	0.824
4271.640	0.618	0.822
4271.718	0.617	0.821
4271.810	0.619	0.820
4271.888	0.619	0.819
4271.966	0.619	0.818
4272.057	0.619	0.818
4272.135	0.620	0.818
4272.213	0.619	0.818
4272.304	0.620	0.816
4272.382	0.620	0.814
4272.473	0.619	0.813
4272.552	0.620	0.813
4272.630	0.620	0.810
4272.721	0.620	0.808
4272.799	0.620	0.808
4272.890	0.620	0.808
4272.968	0.620	0.808
4273.060	0.620	0.808
4273.138	0.620	0.806
4273.216	0.620	0.805
4273.307	0.620	0.802
4273.385	0.620	0.803
4273.463	0.620	0.803
4273.554	0.620	0.799
4273.632	0.622	0.798
4273.723	0.621	0.798
4273.802	0.621	0.797
4273.880	0.621	0.793
4273.971	0.621	0.788
4274.049	0.621	0.788
4274.140	0.620	0.788
4274.218	0.625	0.785
4274.310	0.623	0.785
4274.388	0.623	0.786
4274.466	0.622	0.783
4274.557	0.624	0.783
4274.635	0.623	0.783
4274.713	0.624	0.783
4274.804	0.624	0.786
4274.882	0.625	0.790
4274.973	0.624	0.793
4275.052	0.625	0.793
4275.130	0.625	0.797
4275.221	0.624	0.798
4275.299	0.625	0.798
4275.390	0.625	0.798
4275.468	0.625	0.794
4275.547	0.625	0.793
4275.638	0.625	0.793
4275.716	0.625	0.792
4275.807	0.625	0.790
4275.885	0.625	0.790
4275.963	0.625	0.790
4276.054	0.625	0.789
4276.132	0.625	0.788
4276.223	0.626	0.787
4276.302	0.625	0.786
4276.380	0.625	0.785
4276.471	0.625	0.785
4276.549	0.626	0.788
4276.640	0.626	0.790
4276.718	0.628	0.793
4276.797	0.629	0.793
4276.888	0.630	0.793
4276.966	0.629	0.797
4277.057	0.630	0.800
4277.135	0.630	0.806
4277.213	0.630	0.808
4277.304	0.630	0.813
4277.382	0.630	0.818
4277.473	0.630	0.818
4277.552	0.630	0.818
4277.630	0.630	0.824
4277.721	0.630	0.826
4277.799	0.630	0.829
4277.890	0.630	0.829
4277.968	0.630	0.829
4278.047	0.630	0.832
4278.138	0.630	0.830
4278.216	0.630	0.829
4278.307	0.630	0.829
4278.385	0.630	0.828
4278.463	0.630	0.827
4278.554	0.630	0.827
4278.632	0.630	0.824
4278.723	0.630	0.818
4278.802	0.630	0.818
4278.880	0.630	0.818
4278.971	0.630	0.818
4279.049	0.631	0.813
4279.140	0.631	0.813
4279.218	0.633	0.815
4279.297	0.632	0.815
4279.388	0.630	0.818
4279.466	0.632	0.818
4279.557	0.631	0.818
4279.635	0.633	0.818
4279.713	0.636	0.818
4279.804	0.634	0.818
4279.882	0.635	0.818
4279.973	0.635	0.818
4280.052	0.635	0.823
4280.130	0.636	0.827
4280.221	0.635	0.832
4280.299	0.636	0.838
4280.390	0.636	0.840
4280.468	0.636	0.844
4280.547	0.636	0.848
4280.638	0.636	0.849
4280.716	0.636	0.849
4280.807	0.636	0.850
4280.885	0.636	0.853
4280.963	0.636	0.856
4281.054	0.636	0.856
4281.132	0.636	0.859
4281.223	0.636	0.864
4281.302	0.636	0.864
4281.380	0.636	0.867
4281.471	0.636	0.868
4281.549	0.636	0.865
4281.640	0.636	0.864
4281.718	0.636	0.859
4281.797	0.636	0.859
4281.888	0.636	0.854
4281.966	0.636	0.851
4282.057	0.636	0.849
4282.135	0.636	0.848
4282.213	0.636	0.847
4282.304	0.636	0.844
4282.382	0.636	0.841
4282.473	0.636	0.839
4282.552	0.636	0.836
4282.630	0.637	0.834
4282.721	0.636	0.832
4282.799	0.636	0.832
4282.890	0.639	0.830
4282.968	0.638	0.829
4283.047	0.639	0.826
4283.138	0.641	0.828
4283.216	0.640	0.829
4283.307	0.640	0.829
4283.385	0.641	0.829
4283.463	0.640	0.829
4283.554	0.641	0.829
4283.632	0.640	0.825
4283.723	0.641	0.824
4283.802	0.641	0.823
4283.880	0.641	0.819
4283.971	0.641	0.818
4284.049	0.640	0.818
4284.140	0.641	0.818
4284.218	0.641	0.818
4284.297	0.641	0.815
4284.388	0.641	0.812
4284.466	0.641	0.809
4284.557	0.641	0.804
4284.635	0.641	0.802
4284.713	0.641	0.803
4284.804	0.641	0.803
4284.882	0.641	0.802
4284.973	0.642	0.803
4285.052	0.645	0.803
4285.130	0.644	0.804
4285.221	0.644	0.804
4285.299	0.643	0.807
4285.390	0.645	0.808
4285.468	0.646	0.808
4285.547	0.646	0.808
4285.638	0.646	0.813
4285.716	0.646	0.813
4285.807	0.646	0.813
4285.885	0.646	0.815
4285.963	0.646	0.817
4286.054	0.646	0.816
4286.132	0.646	0.813
4286.223	0.646	0.813
4286.302	0.646	0.813
4286.380	0.646	0.814
4286.471	0.646	0.814
4286.549	0.646	0.815
4286.640	0.646	0.814
4286.718	0.646	0.814
4286.797	0.646	0.813
4286.888	0.647	0.813
4286.966	0.647	0.813
4287.057	0.646	0.813
4287.135	0.646	0.808
4287.213	0.646	0.808
4287.304	0.646	0.807
4287.382	0.646	0.805
4287.473	0.647	0.803
4287.552	0.647	0.803
4287.630	0.647	0.804
4287.721	0.646	0.803
4287.799	0.649	0.803
4287.890	0.650	0.805
4287.968	0.648	0.805
4288.047	0.649	0.803
4288.138	0.650	0.803
4288.216	0.649	0.798
4288.307	0.650	0.798
4288.385	0.648	0.798
4288.463	0.650	0.798
4288.554	0.649	0.798
4288.632	0.651	0.798
4288.723	0.649	0.798
4288.802	0.651	0.798
4288.880	0.651	0.798
4288.971	0.651	0.795
4289.049	0.651	0.794
4289.140	0.651	0.791
4289.218	0.651	0.788
4289.297	0.651	0.789
4289.388	0.651	0.790
4289.466	0.651	0.793
4289.557	0.651	0.796
4289.635	0.651	0.801
4289.713	0.651	0.808
4289.804	0.651	0.811
4289.882	0.651	0.813
4289.973	0.651	0.815
4290.052	0.651	0.818
4290.130	0.652	0.819
4290.221	0.652	0.822
4290.299	0.652	0.825
4290.390	0.653	0.827
4290.468	0.651	0.829
4290.547	0.655	0.832
4290.638	0.653	0.833
4290.716	0.654	0.834
4290.807	0.656	0.834
4290.885	0.654	0.835
4290.963	0.656	0.836
4291.054	0.654	0.838
4291.132	0.656	0.839
4291.223	0.655	0.840
4291.302	0.656	0.841
4291.380	0.656	0.842
4291.471	0.656	0.842
4291.549	0.656	0.843
4291.640	0.656	0.841
4291.718	0.656	0.839
4291.797	0.656	0.839
4291.888	0.656	0.839
4291.966	0.656	0.839
4292.057	0.656	0.839
4292.135	0.656	0.840
4292.213	0.656	0.839
4292.304	0.656	0.840
4292.382	0.656	0.841
4292.473	0.656	0.838
4292.552	0.656	0.835
4292.630	0.656	0.831
4292.721	0.656	0.829
4292.799	0.656	0.824
4292.890	0.656	0.824
4292.968	0.656	0.820
4293.047	0.656	0.818
4293.138	0.656	0.818
4293.216	0.656	0.817
4293.307	0.656	0.813
4293.385	0.656	0.813
4293.463	0.656	0.813
4293.554	0.656	0.813
4293.632	0.656	0.813
4293.723	0.656	0.813
4293.802	0.656	0.813
4293.880	0.657	0.811
4293.971	0.656	0.809
4294.049	0.656	0.812
4294.140	0.656	0.812
4294.218	0.656	0.813
4294.297	0.657	0.816
4294.388	0.656	0.818
4294.466	0.657	0.824
4294.557	0.657	0.830
4294.635	0.658	0.834
4294.713	0.658	0.839
4294.804	0.656	0.842
4294.882	0.656	0.845
4294.973	0.659	0.849
4295.052	0.659	0.849
4295.130	0.660	0.849
4295.221	0.661	0.850
4295.299	0.661	0.852
4295.390	0.661	0.854
4295.468	0.661	0.854
4295.547	0.661	0.852
4295.638	0.661	0.849
4295.716	0.661	0.848
4295.807	0.661	0.849
4295.885	0.661	0.849
4295.963	0.661	0.848
4296.054	0.661	0.846
4296.132	0.661	0.844
4296.223	0.661	0.842
4296.302	0.661	0.840
4296.380	0.661	0.839
4296.471	0.661	0.838
4296.549	0.662	0.835
4296.627	0.663	0.834
4296.718	0.661	0.832
4296.797	0.664	0.829
4296.888	0.664	0.828
4296.966	0.662	0.824
4297.044	0.663	0.824
4297.135	0.662	0.822
4297.213	0.664	0.818
4297.304	0.662	0.817
4297.382	0.662	0.813
4297.473	0.664	0.811
4297.552	0.664	0.808
4297.630	0.665	0.805
4297.721	0.666	0.807
4297.799	0.665	0.807
4297.890	0.666	0.808
4297.968	0.666	0.809
4298.047	0.666	0.812
4298.138	0.666	0.814
4298.216	0.666	0.818
4298.307	0.666	0.824
4298.385	0.666	0.830
4298.463	0.666	0.836
4298.554	0.666	0.841
4298.632	0.666	0.846
4298.711	0.666	0.849
4298.802	0.666	0.850
4298.880	0.666	0.854
4298.971	0.666	0.854
4299.049	0.667	0.854
4299.140	0.666	0.852
4299.218	0.666	0.850
4299.297	0.668	0.850
4299.388	0.668	0.850
4299.466	0.669	0.850
4299.544	0.668	0.848
4299.635	0.669	0.845
4299.713	0.670	0.844
4299.804	0.670	0.842
4299.882	0.668	0.841
4299.973	0.669	0.839
4300.052	0.669	0.839
4300.130	0.670	0.836
4300.221	0.671	0.834
4300.299	0.671	0.834
4300.390	0.671	0.834
4300.468	0.671	0.832
4300.547	0.671	0.829
4300.638	0.671	0.826
4300.716	0.671	0.824
4300.794	0.671	0.818
4300.885	0.671	0.818
4300.963	0.671	0.812
4301.054	0.671	0.807
4301.132	0.671	0.800
4301.211	0.671	0.798
4301.302	0.671	0.794
4301.380	0.671	0.793
4301.471	0.671	0.791
4301.549	0.671	0.788
4301.627	0.671	0.788
4301.718	0.671	0.788
4301.797	0.671	0.790
4301.888	0.671	0.790
4301.966	0.671	0.792
4302.057	0.671	0.792
4302.135	0.671	0.793
4302.213	0.671	0.793
4302.304	0.673	0.793
4302.382	0.671	0.795
4302.461	0.672	0.797
4302.552	0.671	0.799
4302.630	0.673	0.801
4302.721	0.674	0.803
4302.799	0.675	0.803
4302.877	0.673	0.807
4302.968	0.675	0.807
4303.047	0.674	0.808
4303.138	0.675	0.805
4303.216	0.674	0.803
4303.294	0.676	0.800
4303.385	0.676	0.798
4303.463	0.676	0.797
4303.554	0.676	0.796
4303.632	0.676	0.793
4303.711	0.676	0.793
4303.802	0.676	0.791
4303.880	0.676	0.793
4303.971	0.676	0.792
4304.049	0.676	0.793
4304.140	0.676	0.793
4304.218	0.676	0.795
4304.297	0.676	0.796
4304.388	0.676	0.797
4304.466	0.676	0.798
4304.557	0.676	0.798
4304.635	0.676	0.801
4304.713	0.677	0.805
4304.804	0.676	0.807
4304.882	0.676	0.808
4304.961	0.676	0.810
4305.052	0.676	0.808
4305.130	0.676	0.806
4305.221	0.676	0.806
4305.299	0.679	0.804
4305.390	0.677	0.802
4305.468	0.679	0.798
4305.547	0.680	0.798
4305.638	0.677	0.798
4305.716	0.679	0.797
4305.794	0.681	0.796
4305.885	0.679	0.795
4305.963	0.681	0.796
4306.054	0.681	0.797
4306.132	0.680	0.797
4306.211	0.681	0.795
4306.302	0.681	0.795
4306.380	0.681	0.797
4306.471	0.681	0.798
4306.549	0.681	0.797
4306.640	0.681	0.798
4306.718	0.681	0.798
4306.797	0.681	0.798
4306.888	0.682	0.798
4306.966	0.681	0.798
4307.044	0.681	0.798
4307.135	0.681	0.796
4307.213	0.681	0.794
4307.304	0.681	0.793
4307.382	0.682	0.794
4307.473	0.681	0.793
4307.552	0.681	0.793
4307.630	0.682	0.795
4307.721	0.684	0.798
4307.799	0.685	0.800
4307.877	0.686	0.806
4307.968	0.687	0.809
4308.047	0.683	0.813
4308.138	0.686	0.813
4308.216	0.687	0.815
4308.294	0.687	0.818
4308.385	0.687	0.819
4308.463	0.687	0.824
4308.554	0.687	0.829
4308.632	0.687	0.829
4308.723	0.687	0.832
4308.802	0.687	0.832
4308.880	0.687	0.834
4308.971	0.687	0.832
4309.049	0.687	0.833
4309.140	0.687	0.833
4309.218	0.687	0.834
4309.297	0.687	0.834
4309.388	0.687	0.834
4309.466	0.687	0.835
4309.557	0.687	0.837
4309.635	0.687	0.838
4309.713	0.687	0.839
4309.804	0.687	0.841
4309.882	0.687	0.840
4309.973	0.687	0.843
4310.052	0.687	0.842
4310.130	0.688	0.841
4310.221	0.687	0.839
4310.299	0.687	0.838
4310.390	0.687	0.834
4310.468	0.687	0.829
4310.547	0.689	0.824
4310.638	0.689	0.821
4310.716	0.690	0.818
4310.794	0.690	0.818
4310.885	0.690	0.813
4310.963	0.690	0.813
4311.054	0.691	0.813
4311.132	0.692	0.813
4311.223	0.692	0.813
4311.302	0.692	0.813
4311.380	0.691	0.812
4311.471	0.692	0.813
4311.549	0.692	0.817
4311.640	0.692	0.818
4311.718	0.692	0.818
4311.797	0.692	0.822
4311.888	0.692	0.823
4311.966	0.692	0.823
4312.044	0.692	0.824
4312.135	0.692	0.825
4312.213	0.692	0.826
4312.304	0.692	0.829
4312.382	0.692	0.830
4312.473	0.692	0.834
4312.552	0.692	0.835
4312.630	0.692	0.839
4312.721	0.692	0.845
4312.799	0.692	0.849
4312.877	0.692	0.852
4312.968	0.692	0.856
4313.047	0.692	0.860
4313.138	0.692	0.864
4313.216	0.693	0.866
4313.294	0.693	0.870
4313.385	0.692	0.871
4313.463	0.695	0.872
4313.554	0.694	0.871
4313.632	0.695	0.868
4313.723	0.694	0.864
4313.802	0.693	0.863
4313.880	0.695	0.859
4313.971	0.695	0.855
4314.049	0.696	0.854
4314.140	0.697	0.854
4314.218	0.696	0.854
4314.297	0.696	0.854
4314.388	0.697	0.858
4314.466	0.697	0.859
4314.557	0.697	0.861
4314.635	0.697	0.864
4314.713	0.697	0.864
4314.804	0.697	0.864
4314.882	0.697	0.862
4314.961	0.697	0.864
4315.052	0.697	0.864
4315.130	0.697	0.868
4315.221	0.697	0.872
4315.299	0.697	0.875
4315.377	0.697	0.879
4315.468	0.697	0.879
4315.547	0.697	0.877
4315.638	0.697	0.875
4315.716	0.698	0.875
4315.794	0.698	0.869
4315.885	0.699	0.869
4315.963	0.699	0.869
4316.054	0.698	0.869
4316.132	0.700	0.874
4316.223	0.701	0.874
4316.302	0.700	0.875
4316.380	0.699	0.874
4316.471	0.700	0.870
4316.549	0.701	0.869
4316.627	0.701	0.864
4316.718	0.701	0.864
4316.797	0.701	0.864
4316.888	0.702	0.864
4316.966	0.702	0.868
4317.044	0.702	0.869
4317.135	0.702	0.869
4317.213	0.702	0.869
4317.304	0.702	0.869
4317.382	0.702	0.869
4317.461	0.702	0.865
4317.552	0.702	0.863
4317.630	0.702	0.859
4317.721	0.702	0.856
4317.799	0.702	0.852
4317.877	0.702	0.846
4317.968	0.702	0.841
4318.047	0.702	0.835
4318.138	0.702	0.831
4318.216	0.702	0.827
4318.294	0.703	0.824
4318.385	0.702	0.824
4318.463	0.704	0.824
4318.554	0.703	0.820
4318.632	0.703	0.818
4318.711	0.704	0.819
4318.802	0.702	0.822
4318.880	0.705	0.823
4318.971	0.704	0.824
4319.049	0.703	0.824
4319.127	0.706	0.824
4319.218	0.707	0.824
4319.297	0.706	0.824
4319.388	0.707	0.825
4319.466	0.707	0.827
4319.544	0.707	0.824
4319.635	0.707	0.824
4319.713	0.707	0.824
4319.804	0.707	0.827
4319.882	0.707	0.828
4319.961	0.707	0.829
4320.052	0.707	0.833
4320.130	0.707	0.834
4320.221	0.707	0.835
4320.299	0.707	0.836
4320.377	0.707	0.839
4320.468	0.707	0.839
4320.547	0.708	0.839
4320.638	0.707	0.839
4320.716	0.709	0.839
4320.794	0.707	0.839
4320.885	0.707	0.841
4320.963	0.707	0.844
4321.054	0.708	0.845
4321.132	0.709	0.849
4321.211	0.709	0.849
4321.302	0.709	0.850
4321.380	0.711	0.849
4321.471	0.709	0.850
4321.549	0.709	0.849
4321.627	0.711	0.848
4321.718	0.712	0.844
4321.797	0.712	0.835
4321.888	0.711	0.834
4321.966	0.712	0.829
4322.044	0.712	0.827
4322.135	0.712	0.824
4322.213	0.712	0.820
4322.304	0.712	0.818
4322.382	0.712	0.813
4322.461	0.712	0.813
4322.552	0.712	0.813
4322.630	0.712	0.810
4322.721	0.712	0.808
4322.799	0.712	0.808
4322.877	0.712	0.808
4322.968	0.712	0.808
4323.047	0.712	0.808
4323.138	0.712	0.810
4323.216	0.712	0.811
4323.294	0.712	0.813
4323.385	0.714	0.813
4323.463	0.714	0.815
4323.554	0.713	0.818
4323.632	0.715	0.818
4323.723	0.713	0.818
4323.802	0.715	0.819
4323.880	0.715	0.821
4323.971	0.716	0.824
4324.049	0.715	0.824
4324.127	0.716	0.824
4324.218	0.716	0.827
4324.297	0.715	0.829
4324.388	0.717	0.829
4324.466	0.717	0.830
4324.544	0.717	0.833
4324.635	0.717	0.834
4324.713	0.717	0.831
4324.804	0.717	0.830
4324.882	0.717	0.834
4324.961	0.717	0.834
4325.052	0.717	0.835
4325.130	0.717	0.839
4325.221	0.717	0.839
4325.299	0.717	0.843
4325.377	0.717	0.845
4325.468	0.717	0.844
4325.547	0.717	0.844
4325.638	0.717	0.844
4325.716	0.717	0.847
4325.794	0.717	0.846
4325.885	0.717	0.846
4325.963	0.717	0.849
4326.054	0.717	0.849
4326.132	0.717	0.849
4326.211	0.717	0.854
4326.302	0.717	0.854
4326.380	0.717	0.858
4326.471	0.717	0.859
4326.549	0.717	0.862
4326.627	0.717	0.865
4326.718	0.719	0.869
4326.797	0.718	0.869
4326.888	0.720	0.872
4326.966	0.719	0.876
4327.044	0.719	0.880
4327.135	0.719	0.880
4327.213	0.721	0.880
4327.304	0.722	0.880
4327.382	0.721	0.880
4327.461	0.721	0.880
4327.552	0.721	0.880
4327.630	0.721	0.880
4327.721	0.721	0.879
4327.799	0.722	0.875
4327.877	0.722	0.875
4327.968	0.722	0.875
4328.047	0.722	0.875
4328.138	0.722	0.875
4328.216	0.722	0.878
4328.294	0.722	0.880
4328.385	0.722	0.876
4328.463	0.722	0.875
4328.554	0.722	0.875
4328.632	0.722	0.873
4328.711	0.723	0.869
4328.802	0.723	0.865
4328.880	0.723	0.862
4328.971	0.722	0.858
4329.049	0.723	0.853
4329.127	0.724	0.847
4329.218	0.725	0.846
4329.297	0.725	0.844
4329.388	0.726	0.844
4329.466	0.726	0.844
4329.544	0.726	0.845
4329.635	0.726	0.848
4329.713	0.727	0.849
4329.804	0.727	0.854
4329.882	0.727	0.854
4329.961	0.727	0.854
4330.052	0.727	0.854
4330.130	0.727	0.853
4330.221	0.727	0.851
4330.299	0.727	0.846
4330.377	0.727	0.840
4330.468	0.727	0.838
4330.547	0.727	0.835
4330.638	0.727	0.835
4330.716	0.727	0.839
4330.794	0.727	0.842
4330.885	0.727	0.844
4330.963	0.727	0.847
4331.054	0.727	0.849
4331.132	0.728	0.848
4331.211	0.727	0.849
4331.302	0.728	0.849
4331.380	0.727	0.849
4331.471	0.728	0.848
4331.549	0.728	0.846
4331.627	0.729	0.844
4331.718	0.728	0.844
4331.797	0.729	0.844
4331.888	0.729	0.843
4331.966	0.731	0.839
4332.044	0.732	0.839
4332.135	0.730	0.839
4332.213	0.732	0.839
4332.304	0.732	0.839
4332.382	0.731	0.839
4332.461	0.730	0.839
4332.552	0.732	0.837
4332.630	0.732	0.834
4332.721	0.732	0.830
4332.799	0.732	0.829
4332.877	0.732	0.826
4332.968	0.732	0.822
4333.047	0.732	0.818
4333.138	0.732	0.818
4333.216	0.732	0.816
4333.294	0.732	0.814
4333.385	0.732	0.813
4333.463	0.732	0.808
4333.554	0.732	0.808
4333.632	0.732	0.808
4333.711	0.732	0.812
4333.802	0.732	0.813
4333.880	0.732	0.818
4333.971	0.732	0.818
4334.049	0.732	0.819
4334.127	0.732	0.823
4334.218	0.733	0.824
4334.297	0.733	0.824
4334.388	0.732	0.824
4334.466	0.732	0.826
4334.544	0.735	0.830
4334.635	0.732	0.834
4334.713	0.733	0.836
4334.804	0.736	0.839
4334.882	0.735	0.840
4334.961	0.737	0.839
4335.052	0.735	0.839
4335.130	0.736	0.835
4335.221	0.738	0.833
4335.299	0.736	0.830
4335.377	0.737	0.829
4335.468	0.737	0.824
4335.547	0.738	0.823
4335.638	0.737	0.820
4335.716	0.738	0.818
4335.794	0.738	0.818
4335.885	0.738	0.821
4335.963	0.738	0.824
4336.054	0.738	0.824
4336.132	0.738	0.824
4336.211	0.738	0.824
4336.302	0.738	0.823
4336.380	0.738	0.818
4336.471	0.738	0.814
4336.549	0.738	0.812
4336.627	0.738	0.806
4336.718	0.738	0.801
4336.797	0.738	0.798
4336.888	0.738	0.797
4336.966	0.738	0.793
4337.044	0.738	0.793
4337.135	0.738	0.793
4337.213	0.738	0.792
4337.304	0.738	0.793
4337.382	0.738	0.793
4337.461	0.738	0.794
4337.552	0.738	0.798
4337.630	0.738	0.798
4337.721	0.738	0.798
4337.799	0.738	0.800
4337.877	0.738	0.802
4337.968	0.741	0.804
4338.047	0.740	0.806
4338.138	0.741	0.808
4338.216	0.740	0.813
4338.294	0.741	0.818
4338.385	0.739	0.818
4338.463	0.743	0.819
4338.554	0.742	0.825
4338.632	0.742	0.829
4338.711	0.742	0.833
4338.802	0.742	0.838
4338.880	0.742	0.839
4338.971	0.743	0.840
4339.049	0.743	0.843
4339.127	0.743	0.845
4339.218	0.743	0.845
4339.297	0.743	0.849
4339.388	0.743	0.849
4339.466	0.743	0.849
4339.544	0.743	0.854
4339.635	0.743	0.855
4339.713	0.743	0.858
4339.804	0.743	0.859
4339.882	0.743	0.861
4339.961	0.743	0.864
4340.052	0.743	0.868
4340.130	0.743	0.873
4340.221	0.743	0.877
4340.299	0.744	0.880
4340.377	0.743	0.880
4340.468	0.743	0.883
4340.547	0.743	0.883
4340.638	0.747	0.883
4340.716	0.745	0.885
4340.794	0.744	0.886
4340.885	0.744	0.883
4340.963	0.748	0.881
4341.054	0.746	0.877
4341.132	0.748	0.875
4341.211	0.746	0.871
4341.302	0.748	0.870
4341.380	0.747	0.869
4341.471	0.748	0.869
4341.549	0.748	0.865
4341.627	0.748	0.864
4341.718	0.747	0.864
4341.797	0.748	0.864
4341.888	0.748	0.864
4341.966	0.748	0.864
4342.044	0.748	0.864
4342.135	0.748	0.864
4342.213	0.748	0.868
4342.304	0.749	0.869
4342.382	0.748	0.869
4342.461	0.748	0.869
4342.552	0.748	0.865
4342.630	0.749	0.864
4342.721	0.749	0.859
4342.799	0.748	0.857
4342.877	0.749	0.854
4342.968	0.750	0.850
4343.047	0.749	0.849
4343.138	0.750	0.849
4343.216	0.752	0.846
4343.294	0.751	0.847
4343.385	0.753	0.849
4343.463	0.752	0.849
4343.554	0.753	0.852
4343.632	0.753	0.853
4343.711	0.752	0.854
4343.802	0.753	0.854
4343.880	0.753	0.852
4343.971	0.753	0.849
4344.049	0.753	0.849
4344.127	0.753	0.849
4344.218	0.753	0.849
4344.297	0.753	0.852
4344.388	0.753	0.854
4344.466	0.753	0.858
4344.544	0.753	0.859
4344.635	0.753	0.859
4344.713	0.753	0.859
4344.804	0.753	0.858
4344.882	0.753	0.854
4344.961	0.753	0.854
4345.052	0.753	0.849
4345.130	0.753	0.847
4345.221	0.753	0.844
4345.299	0.753	0.841
4345.377	0.754	0.840
4345.468	0.753	0.843
4345.547	0.753	0.844
4345.638	0.753	0.844
4345.716	0.753	0.845
4345.794	0.754	0.849
4345.885	0.756	0.853
4345.963	0.757	0.856
4346.054	0.755	0.861
4346.132	0.755	0.865
4346.211	0.755	0.870
4346.302	0.756	0.874
4346.380	0.757	0.875
4346.471	0.756	0.879
4346.549	0.756	0.880
4346.627	0.758	0.877
4346.718	0.758	0.877
4346.797	0.758	0.875
4346.888	0.758	0.875
4346.966	0.758	0.873
4347.044	0.758	0.873
4347.135	0.758	0.869
4347.213	0.758	0.867
4347.304	0.758	0.864
4347.382	0.758	0.860
4347.461	0.758	0.858
4347.552	0.758	0.854
4347.630	0.758	0.849
4347.721	0.758	0.849
4347.799	0.758	0.849
4347.877	0.758	0.848
4347.968	0.758	0.848
4348.047	0.758	0.848
4348.138	0.758	0.849
4348.216	0.758	0.849
4348.294	0.758	0.849
4348.385	0.758	0.849
4348.463	0.758	0.849
4348.554	0.758	0.849
4348.632	0.758	0.848
4348.711	0.759	0.844
4348.802	0.760	0.838
4348.880	0.758	0.834
4348.971	0.759	0.830
4349.049	0.760	0.829
4349.127	0.760	0.829
4349.218	0.762	0.829
4349.297	0.763	0.831
4349.388	0.763	0.834
4349.466	0.763	0.836
4349.544	0.763	0.840
4349.635	0.763	0.844
4349.713	0.763	0.849
4349.804	0.763	0.852
4349.882	0.763	0.854
4349.961	0.763	0.858
4350.052	0.763	0.859
4350.130	0.763	0.859
4350.221	0.763	0.861
4350.299	0.763	0.861
4350.377	0.763	0.860
4350.468	0.763	0.859
4350.547	0.763	0.859
4350.638	0.763	0.855
4350.716	0.764	0.854
4350.794	0.763	0.854
4350.885	0.765	0.850
4350.963	0.763	0.847
4351.054	0.765	0.844
4351.132	0.764	0.840
4351.211	0.765	0.839
4351.302	0.766	0.839
4351.380	0.766	0.840
4351.471	0.766	0.843
4351.549	0.766	0.846
4351.627	0.767	0.849
4351.718	0.767	0.852
4351.797	0.768	0.854
4351.888	0.768	0.854
4351.966	0.767	0.858
4352.044	0.768	0.861
4352.135	0.767	0.866
4352.213	0.768	0.873
4352.304	0.768	0.879
4352.382	0.768	0.883
4352.461	0.768	0.889
4352.552	0.768	0.892
4352.630	0.768	0.896
4352.721	0.768	0.900
4352.799	0.768	0.900
4352.877	0.768	0.905
4352.968	0.768	0.909
4353.047	0.768	0.915
4353.138	0.768	0.917
4353.216	0.768	0.920
4353.294	0.768	0.923
4353.385	0.769	0.921
4353.463	0.769	0.920
4353.554	0.770	0.920
4353.632	0.770	0.920
4353.711	0.769	0.920
4353.802	0.771	0.920
4353.880	0.771	0.915
4353.958	0.771	0.912
4354.049	0.771	0.907
4354.127	0.772	0.903
4354.218	0.771	0.899
4354.297	0.771	0.893
4354.375	0.773	0.889
4354.466	0.773	0.886
4354.544	0.773	0.881
4354.635	0.773	0.880
4354.713	0.772	0.877
4354.792	0.773	0.873
4354.882	0.773	0.869
4354.961	0.773	0.869
4355.052	0.773	0.869
4355.130	0.773	0.869
4355.208	0.773	0.868
4355.299	0.773	0.865
4355.377	0.773	0.864
4355.468	0.773	0.863
4355.547	0.773	0.861
4355.625	0.773	0.859
4355.716	0.773	0.861
4355.794	0.773	0.865
4355.885	0.773	0.869
4355.963	0.773	0.871
4356.042	0.774	0.875
4356.132	0.773	0.877
4356.211	0.773	0.880
4356.302	0.777	0.882
4356.380	0.777	0.886
4356.458	0.777	0.890
4356.549	0.777	0.890
4356.627	0.776	0.890
4356.718	0.776	0.890
4356.797	0.778	0.890
4356.875	0.777	0.890
4356.966	0.778	0.890
4357.044	0.778	0.890
4357.135	0.778	0.890
4357.213	0.777	0.890
4357.292	0.778	0.892
4357.382	0.778	0.895
4357.461	0.778	0.899
4357.552	0.778	0.900
4357.630	0.778	0.900
4357.708	0.778	0.900
4357.799	0.778	0.901
4357.877	0.778	0.903
4357.968	0.778	0.906
4358.047	0.778	0.909
4358.125	0.778	0.910
4358.216	0.778	0.910
4358.294	0.778	0.914
4358.385	0.778	0.915
4358.463	0.778	0.915
4358.542	0.778	0.914
4358.632	0.778	0.912
4358.711	0.778	0.913
4358.802	0.778	0.912
4358.880	0.778	0.910
4358.958	0.778	0.909
4359.049	0.778	0.905
4359.127	0.778	0.900
4359.218	0.778	0.897
4359.297	0.778	0.892
4359.375	0.780	0.890
4359.466	0.780	0.890
4359.544	0.780	0.887
4359.635	0.783	0.883
4359.713	0.781	0.880
4359.792	0.783	0.875
4359.882	0.783	0.869
4359.961	0.781	0.866
4360.052	0.782	0.864
4360.130	0.782	0.859
4360.208	0.783	0.860
4360.299	0.783	0.859
4360.377	0.783	0.860
4360.468	0.783	0.859
4360.547	0.783	0.855
4360.625	0.783	0.854
4360.716	0.783	0.854
4360.794	0.783	0.854
4360.885	0.783	0.852
4360.963	0.783	0.851
4361.042	0.783	0.854
4361.132	0.783	0.855
4361.211	0.783	0.857
4361.302	0.783	0.859
4361.380	0.783	0.860
4361.458	0.784	0.862
4361.549	0.783	0.862
4361.627	0.783	0.863
4361.718	0.783	0.864
4361.797	0.784	0.864
4361.875	0.785	0.864
4361.966	0.785	0.864
4362.044	0.785	0.864
4362.135	0.785	0.864
4362.213	0.786	0.861
4362.292	0.786	0.858
4362.382	0.788	0.854
4362.461	0.786	0.849
4362.552	0.788	0.848
4362.630	0.788	0.847
4362.708	0.788	0.848
4362.799	0.788	0.848
4362.877	0.788	0.849
4362.968	0.788	0.851
4363.047	0.788	0.854
4363.138	0.788	0.856
4363.216	0.788	0.856
4363.294	0.788	0.859
4363.385	0.788	0.859
4363.463	0.788	0.859
4363.554	0.788	0.860
4363.632	0.788	0.859
4363.711	0.789	0.859
4363.802	0.788	0.859
4363.880	0.788	0.861
4363.971	0.788	0.864
4364.049	0.789	0.868
4364.127	0.789	0.869
4364.218	0.789	0.869
4364.297	0.790	0.869
4364.388	0.789	0.872
4364.466	0.791	0.870
4364.544	0.791	0.871
4364.635	0.792	0.875
4364.713	0.794	0.877
4364.804	0.793	0.880
4364.882	0.794	0.881
4364.961	0.794	0.885
4365.052	0.794	0.884
4365.130	0.794	0.885
4365.221	0.794	0.881
4365.299	0.794	0.881
4365.377	0.794	0.880
4365.468	0.794	0.880
4365.547	0.794	0.880
4365.638	0.794	0.880
4365.716	0.794	0.881
4365.794	0.794	0.881
4365.885	0.794	0.885
4365.963	0.794	0.889
4366.054	0.795	0.891
4366.132	0.794	0.894
4366.211	0.794	0.899
4366.302	0.796	0.903
4366.380	0.796	0.905
4366.471	0.794	0.905
4366.549	0.794	0.905
4366.627	0.799	0.905
4366.718	0.797	0.903
4366.797	0.796	0.902
4366.875	0.798	0.900
4366.966	0.799	0.900
4367.044	0.798	0.900
4367.135	0.797	0.896
4367.213	0.798	0.894
4367.292	0.798	0.890
4367.382	0.798	0.887
4367.461	0.799	0.885
4367.552	0.799	0.885
4367.630	0.799	0.885
4367.721	0.799	0.890
4367.799	0.799	0.893
4367.877	0.799	0.895
4367.968	0.799	0.900
4368.047	0.799	0.900
4368.138	0.799	0.903
4368.216	0.799	0.905
4368.294	0.799	0.905
4368.385	0.799	0.905
4368.463	0.799	0.905
4368.554	0.799	0.905
4368.632	0.799	0.903
4368.711	0.799	0.902
4368.802	0.799	0.902
4368.880	0.799	0.900
4368.971	0.799	0.900
4369.049	0.799	0.900
4369.127	0.799	0.902
4369.218	0.799	0.903
4369.297	0.799	0.905
4369.388	0.799	0.910
4369.466	0.800	0.914
4369.544	0.800	0.915
4369.635	0.801	0.919
4369.713	0.800	0.920
4369.792	0.801	0.922
4369.882	0.803	0.925
4369.961	0.803	0.929
4370.052	0.802	0.931
4370.130	0.803	0.934
4370.208	0.804	0.935
4370.299	0.803	0.934
4370.377	0.804	0.931
4370.468	0.804	0.931
4370.547	0.804	0.931
4370.625	0.804	0.931
4370.716	0.804	0.931
4370.794	0.803	0.928
4370.885	0.803	0.922
4370.963	0.804	0.918
4371.042	0.803	0.913
4371.132	0.804	0.906
4371.211	0.804	0.902
4371.302	0.804	0.900
4371.380	0.804	0.896
4371.458	0.804	0.895
4371.549	0.804	0.891
4371.627	0.804	0.890
4371.718	0.805	0.890
4371.797	0.805	0.890
4371.875	0.805	0.890
4371.966	0.805	0.890
4372.044	0.805	0.890
4372.135	0.806	0.886
4372.213	0.807	0.885
4372.292	0.809	0.882
4372.382	0.808	0.881
4372.461	0.807	0.884
4372.552	0.808	0.885
4372.630	0.809	0.889
4372.708	0.808	0.890
4372.799	0.809	0.891
4372.877	0.809	0.895
4372.968	0.809	0.895
4373.047	0.809	0.898
4373.125	0.809	0.900
4373.216	0.809	0.902
4373.294	0.809	0.905
4373.385	0.809	0.908
4373.463	0.809	0.910
4373.542	0.810	0.913
4373.632	0.809	0.915
4373.711	0.809	0.916
4373.802	0.809	0.917
4373.880	0.809	0.918
4373.958	0.809	0.916
4374.049	0.809	0.915
4374.127	0.809	0.914
4374.218	0.809	0.908
4374.297	0.809	0.901
4374.375	0.809	0.897
4374.466	0.810	0.891
4374.544	0.809	0.883
4374.635	0.811	0.875
4374.713	0.810	0.868
4374.792	0.811	0.861
4374.882	0.811	0.858
4374.961	0.814	0.854
4375.052	0.812	0.849
4375.130	0.813	0.847
4375.208	0.813	0.845
4375.299	0.813	0.848
4375.377	0.814	0.852
4375.468	0.814	0.856
4375.547	0.814	0.862
4375.625	0.814	0.867
4375.716	0.813	0.872
4375.794	0.814	0.879
4375.885	0.814	0.885
4375.963	0.814	0.889
4376.042	0.814	0.893
4376.132	0.814	0.897
4376.211	0.814	0.900
4376.302	0.814	0.903
4376.380	0.814	0.905
4376.458	0.814	0.906
4376.549	0.814	0.906
4376.627	0.814	0.908
4376.718	0.814	0.909
4376.797	0.814	0.907
4376.875	0.815	0.906
4376.966	0.814	0.905
4377.044	0.814	0.905
4377.135	0.815	0.905
4377.213	0.814	0.905
4377.292	0.814	0.905
4377.382	0.817	0.901
4377.461	0.818	0.900
4377.552	0.817	0.898
4377.630	0.818	0.896
4377.708	0.818	0.896
4377.799	0.818	0.895
4377.877	0.819	0.893
4377.968	0.819	0.893
4378.047	0.818	0.892
4378.125	0.819	0.895
4378.216	0.819	0.896
4378.294	0.818	0.895
4378.385	0.819	0.896
4378.463	0.819	0.895
4378.542	0.819	0.895
4378.632	0.819	0.898
4378.711	0.819	0.900
4378.802	0.819	0.901
4378.880	0.819	0.905
4378.958	0.819	0.910
4379.049	0.819	0.914
4379.127	0.819	0.920
4379.218	0.819	0.924
4379.297	0.819	0.931
4379.375	0.819	0.933
4379.466	0.819	0.936
4379.544	0.819	0.936
4379.635	0.819	0.936
4379.713	0.819	0.940
4379.792	0.819	0.941
4379.882	0.819	0.942
4379.961	0.819	0.941
4380.052	0.819	0.941
4380.130	0.820	0.941
4380.208	0.819	0.941
4380.299	0.821	0.941
4380.377	0.821	0.940
4380.468	0.821	0.935
4380.547	0.821	0.931
4380.625	0.822	0.930
4380.716	0.824	0.926
4380.794	0.824	0.921
4380.885	0.824	0.920
4380.963	0.824	0.915
4381.042	0.823	0.911
4381.132	0.824	0.908
4381.211	0.824	0.904
4381.302	0.824	0.900
4381.380	0.824	0.901
4381.458	0.824	0.903
4381.549	0.824	0.905
4381.627	0.824	0.909
4381.718	0.824	0.910
4381.797	0.824	0.910
4381.875	0.824	0.910
4381.966	0.824	0.908
4382.044	0.824	0.905
4382.135	0.824	0.905
4382.213	0.825	0.905
4382.292	0.826	0.905
4382.382	0.827	0.909
4382.461	0.825	0.912
4382.552	0.826	0.917
4382.630	0.825	0.922
4382.708	0.827	0.927
4382.799	0.829	0.931
4382.877	0.828	0.928
4382.968	0.828	0.930
4383.047	0.827	0.931
4383.125	0.828	0.931
4383.216	0.827	0.930
4383.294	0.827	0.926
4383.385	0.828	0.921
4383.463	0.828	0.917
4383.542	0.829	0.912
4383.632	0.829	0.906
4383.711	0.829	0.902
4383.802	0.829	0.900
4383.880	0.829	0.900
4383.958	0.829	0.900
4384.049	0.829	0.900
4384.127	0.829	0.900
4384.218	0.829	0.900
4384.297	0.829	0.902
4384.375	0.829	0.903
4384.466	0.829	0.905
4384.544	0.829	0.909
4384.635	0.829	0.910
4384.713	0.829	0.913
4384.792	0.831	0.916
4384.882	0.830	0.920
4384.961	0.831	0.923
4385.052	0.831	0.928
4385.130	0.831	0.931
4385.208	0.833	0.931
4385.299	0.834	0.935
4385.377	0.834	0.936
4385.468	0.834	0.937
4385.547	0.834	0.941
4385.625	0.834	0.941
4385.716	0.834	0.941
4385.794	0.834	0.941
4385.885	0.834	0.941
4385.963	0.834	0.943
4386.042	0.834	0.946
4386.132	0.834	0.946
4386.211	0.834	0.946
4386.302	0.834	0.946
4386.380	0.834	0.946
4386.458	0.834	0.943
4386.549	0.834	0.942
4386.627	0.834	0.941
4386.718	0.834	0.941
4386.797	0.834	0.941
4386.875	0.834	0.940
4386.966	0.834	0.936
4387.044	0.834	0.937
4387.135	0.834	0.937
4387.213	0.834	0.935
4387.292	0.834	0.930
4387.382	0.834	0.926
4387.461	0.834	0.921
4387.552	0.834	0.920
4387.630	0.834	0.919
4387.708	0.836	0.915
4387.799	0.835	0.914
4387.877	0.839	0.914
4387.968	0.838	0.914
4388.047	0.836	0.911
4388.125	0.837	0.911
4388.216	0.839	0.914
4388.294	0.839	0.915
4388.385	0.839	0.915
4388.463	0.839	0.916
4388.542	0.839	0.920
4388.632	0.839	0.926
4388.711	0.839	0.931
4388.802	0.839	0.937
4388.880	0.839	0.942
4388.958	0.839	0.946
4389.049	0.839	0.949
4389.127	0.839	0.951
4389.218	0.839	0.949
4389.297	0.839	0.946
4389.375	0.839	0.943
4389.466	0.839	0.940
4389.544	0.839	0.936
4389.635	0.839	0.934
4389.713	0.839	0.931
4389.792	0.839	0.931
4389.882	0.839	0.926
4389.961	0.840	0.924
4390.052	0.841	0.923
4390.130	0.840	0.920
4390.208	0.840	0.920
4390.299	0.842	0.915
4390.377	0.841	0.915
4390.468	0.841	0.915
4390.547	0.844	0.911
4390.625	0.843	0.910
4390.716	0.844	0.913
4390.794	0.845	0.915
4390.885	0.845	0.915
4390.963	0.845	0.916
4391.042	0.845	0.915
4391.132	0.845	0.915
4391.211	0.845	0.913
4391.302	0.845	0.911
4391.380	0.845	0.910
4391.458	0.845	0.909
4391.549	0.845	0.907
4391.627	0.845	0.905
4391.718	0.845	0.905
4391.797	0.845	0.905
4391.875	0.845	0.906
4391.966	0.845	0.909
4392.044	0.845	0.910
4392.135	0.845	0.910
4392.213	0.845	0.912
4392.292	0.845	0.914
4392.382	0.845	0.915
4392.461	0.847	0.915
4392.552	0.849	0.915
4392.630	0.849	0.915
4392.708	0.848	0.915
4392.799	0.850	0.915
4392.877	0.848	0.914
4392.968	0.850	0.911
4393.047	0.849	0.909
4393.125	0.849	0.906
4393.216	0.849	0.905
4393.294	0.850	0.905
4393.385	0.850	0.905
4393.463	0.850	0.905
4393.542	0.850	0.905
4393.632	0.850	0.908
4393.711	0.850	0.910
4393.802	0.850	0.910
4393.880	0.850	0.913
4393.958	0.850	0.914
4394.049	0.850	0.915
4394.127	0.850	0.915
4394.218	0.850	0.920
4394.297	0.850	0.920
4394.375	0.850	0.920
4394.466	0.850	0.919
4394.544	0.850	0.917
4394.635	0.850	0.913
4394.713	0.850	0.910
4394.792	0.851	0.910
4394.882	0.851	0.910
4394.961	0.851	0.909
4395.052	0.851	0.909
4395.130	0.851	0.910
4395.208	0.851	0.910
4395.299	0.852	0.909
4395.377	0.855	0.905
4395.468	0.855	0.903
4395.547	0.854	0.900
4395.625	0.855	0.900
4395.716	0.855	0.900
4395.794	0.855	0.900
4395.885	0.855	0.901
4395.963	0.855	0.904
4396.042	0.855	0.908
4396.132	0.855	0.911
4396.211	0.855	0.915
4396.302	0.855	0.915
4396.380	0.855	0.915
4396.458	0.855	0.916
4396.549	0.855	0.915
4396.627	0.855	0.915
4396.718	0.855	0.915
4396.797	0.855	0.918
4396.875	0.855	0.915
4396.966	0.856	0.915
4397.044	0.855	0.915
4397.135	0.856	0.917
4397.213	0.856	0.920
4397.292	0.857	0.920
4397.382	0.857	0.925
4397.461	0.856	0.927
4397.552	0.860	0.930
4397.630	0.859	0.931
4397.708	0.858	0.932
4397.799	0.860	0.931
4397.877	0.859	0.933
4397.968	0.860	0.934
4398.047	0.860	0.932
4398.125	0.860	0.931
4398.216	0.860	0.930
4398.294	0.860	0.926
4398.385	0.860	0.924
4398.463	0.860	0.925
4398.542	0.860	0.920
4398.632	0.860	0.921
4398.711	0.860	0.922
4398.802	0.860	0.921
4398.880	0.860	0.922
4398.958	0.860	0.924
4399.049	0.860	0.926
4399.127	0.860	0.928
4399.218	0.860	0.928
4399.297	0.860	0.926
4399.375	0.860	0.927
4399.466	0.862	0.931
4399.544	0.861	0.931
4399.635	0.861	0.931
4399.713	0.862	0.931
4399.792	0.862	0.931
4399.882	0.862	0.931
4399.961	0.862	0.931
4400.052	0.863	0.931
4400.130	0.862	0.931
4400.208	0.863	0.932
4400.299	0.864	0.933
4400.377	0.865	0.931
4400.468	0.865	0.926
4400.547	0.865	0.926
4400.625	0.864	0.925
4400.716	0.865	0.922
4400.794	0.865	0.920
4400.885	0.865	0.920
4400.963	0.865	0.915
4401.042	0.865	0.915
4401.132	0.865	0.920
4401.211	0.865	0.920
4401.302	0.865	0.920
4401.380	0.865	0.920
4401.458	0.865	0.923
4401.549	0.865	0.923
4401.627	0.865	0.922
4401.718	0.865	0.920
4401.797	0.865	0.920
4401.875	0.865	0.917
4401.966	0.865	0.915
4402.044	0.865	0.914
4402.135	0.866	0.909
4402.213	0.867	0.905
4402.292	0.866	0.902
4402.382	0.866	0.900
4402.461	0.866	0.897
4402.552	0.868	0.897
4402.630	0.867	0.897
4402.708	0.866	0.895
4402.799	0.870	0.895
4402.877	0.869	0.892
4402.968	0.870	0.895
4403.047	0.870	0.895
4403.125	0.870	0.897
4403.216	0.870	0.900
4403.294	0.870	0.903
4403.385	0.870	0.905
4403.463	0.870	0.911
4403.542	0.870	0.915
4403.632	0.870	0.916
4403.711	0.870	0.920
4403.802	0.871	0.920
4403.880	0.871	0.924
4403.958	0.871	0.926
4404.049	0.870	0.929
4404.127	0.870	0.931
4404.218	0.873	0.931
4404.297	0.871	0.931
4404.375	0.873	0.932
4404.466	0.873	0.933
4404.544	0.873	0.936
4404.635	0.874	0.936
4404.713	0.874	0.939
4404.792	0.874	0.941
4404.882	0.875	0.941
4404.961	0.875	0.941
4405.052	0.875	0.941
4405.130	0.874	0.937
4405.208	0.874	0.935
4405.299	0.875	0.935
4405.377	0.875	0.931
4405.468	0.875	0.931
4405.547	0.875	0.931
4405.625	0.875	0.931
4405.716	0.875	0.931
4405.794	0.875	0.932
4405.885	0.875	0.933
4405.963	0.875	0.936
4406.042	0.875	0.936
4406.132	0.876	0.936
4406.211	0.877	0.931
4406.302	0.876	0.931
4406.380	0.876	0.931
4406.458	0.877	0.931
4406.549	0.877	0.931
4406.627	0.879	0.931
4406.718	0.877	0.927
4406.797	0.879	0.926
4406.875	0.879	0.925
4406.966	0.878	0.924
4407.044	0.877	0.923
4407.135	0.880	0.920
4407.213	0.879	0.916
4407.292	0.880	0.915
4407.382	0.880	0.911
4407.461	0.880	0.910
4407.552	0.880	0.908
4407.630	0.880	0.904
4407.708	0.880	0.900
4407.799	0.880	0.900
4407.877	0.880	0.898
4407.968	0.880	0.895
4408.047	0.880	0.895
4408.125	0.880	0.897
4408.216	0.880	0.897
4408.294	0.880	0.900
4408.385	0.880	0.900
4408.463	0.880	0.900
4408.542	0.880	0.904
4408.632	0.880	0.908
4408.711	0.880	0.910
4408.802	0.880	0.911
4408.880	0.880	0.914
4408.958	0.880	0.915
4409.049	0.880	0.916
4409.127	0.880	0.920
4409.218	0.881	0.926
4409.297	0.880	0.931
4409.375	0.881	0.934
4409.466	0.881	0.936
4409.544	0.882	0.937
4409.635	0.881	0.940
4409.713	0.884	0.941
4409.792	0.883	0.941
4409.882	0.884	0.940
4409.961	0.884	0.941
4410.052	0.885	0.940
4410.130	0.885	0.941
4410.208	0.885	0.941
4410.299	0.885	0.941
4410.377	0.885	0.944
4410.468	0.885	0.947
4410.547	0.885	0.951
4410.625	0.885	0.954
4410.716	0.885	0.960
4410.794	0.885	0.961
4410.885	0.885	0.962
4410.963	0.885	0.961
4411.042	0.887	0.957
4411.132	0.886	0.954
4411.211	0.887	0.948
4411.302	0.889	0.946
4411.380	0.889	0.941
4411.458	0.889	0.941
4411.549	0.888	0.941
4411.627	0.889	0.936
4411.706	0.889	0.931
4411.797	0.890	0.930
4411.875	0.890	0.926
4411.966	0.890	0.921
4412.044	0.890	0.920
4412.123	0.890	0.920
4412.213	0.890	0.925
4412.292	0.890	0.926
4412.382	0.890	0.930
4412.461	0.890	0.931
4412.539	0.890	0.932
4412.630	0.890	0.931
4412.708	0.890	0.931
4412.799	0.890	0.931
4412.877	0.890	0.931
4412.956	0.890	0.926
4413.047	0.890	0.923
4413.125	0.890	0.920
4413.216	0.890	0.916
4413.294	0.891	0.914
4413.385	0.890	0.910
4413.463	0.890	0.910
4413.542	0.890	0.909
4413.632	0.890	0.911
4413.711	0.891	0.912
4413.802	0.891	0.914
4413.880	0.893	0.917
4413.958	0.892	0.920
4414.049	0.891	0.920
4414.127	0.893	0.920
4414.218	0.894	0.920
4414.297	0.895	0.920
4414.375	0.895	0.920
4414.466	0.896	0.920
4414.544	0.896	0.919
4414.635	0.896	0.920
4414.713	0.896	0.919
4414.792	0.896	0.920
4414.882	0.896	0.918
4414.961	0.896	0.918
4415.052	0.896	0.916
4415.130	0.896	0.917
4415.208	0.896	0.918
4415.299	0.896	0.917
4415.377	0.896	0.915
4415.468	0.896	0.914
4415.547	0.896	0.910
4415.625	0.896	0.910
4415.716	0.896	0.910
4415.794	0.896	0.910
4415.873	0.896	0.914
4415.963	0.896	0.915
4416.042	0.897	0.914
4416.132	0.896	0.914
4416.211	0.896	0.915
4416.289	0.898	0.915
4416.380	0.898	0.914
4416.458	0.900	0.911
4416.549	0.899	0.910
4416.627	0.899	0.907
4416.706	0.901	0.903
4416.797	0.901	0.902
4416.875	0.900	0.900
4416.966	0.900	0.900
4417.044	0.901	0.900
4417.123	0.901	0.900
4417.213	0.901	0.900
4417.292	0.901	0.900
4417.382	0.901	0.898
4417.461	0.901	0.896
4417.539	0.901	0.894
4417.630	0.901	0.890
4417.708	0.901	0.885
4417.799	0.901	0.880
4417.877	0.901	0.877
4417.956	0.901	0.870
4418.047	0.901	0.868
4418.125	0.901	0.864
4418.216	0.901	0.864
4418.294	0.901	0.864
4418.373	0.902	0.869
4418.463	0.901	0.870
4418.542	0.901	0.874
4418.632	0.901	0.877
4418.711	0.901	0.880
4418.789	0.901	0.881
4418.880	0.901	0.883
4418.958	0.901	0.885
4419.049	0.902	0.884
4419.127	0.901	0.885
4419.206	0.903	0.886
4419.297	0.903	0.889
4419.375	0.902	0.890
4419.466	0.905	0.889
4419.544	0.904	0.885
4419.623	0.902	0.882
4419.713	0.905	0.881
4419.792	0.905	0.882
4419.882	0.905	0.884
4419.961	0.906	0.885
4420.052	0.906	0.886
4420.130	0.906	0.890
4420.208	0.906	0.890
4420.299	0.906	0.895
4420.377	0.906	0.896
4420.468	0.906	0.898
4420.547	0.906	0.900
4420.625	0.906	0.901
4420.716	0.906	0.905
4420.794	0.906	0.905
4420.885	0.906	0.909
4420.963	0.907	0.909
4421.042	0.907	0.911
4421.132	0.907	0.915
4421.211	0.909	0.915
4421.302	0.907	0.918
4421.380	0.906	0.920
4421.458	0.908	0.920
4421.549	0.909	0.918
4421.627	0.907	0.915
4421.718	0.909	0.914
4421.797	0.910	0.911
4421.875	0.910	0.906
4421.966	0.911	0.901
4422.044	0.911	0.900
4422.135	0.911	0.900
4422.213	0.911	0.900
4422.292	0.911	0.900
4422.382	0.911	0.900
4422.461	0.911	0.900
4422.539	0.911	0.900
4422.630	0.911	0.900
4422.708	0.911	0.899
4422.799	0.911	0.895
4422.877	0.911	0.892
4422.956	0.913	0.890
4423.047	0.911	0.890
4423.125	0.912	0.887
4423.216	0.913	0.885
4423.294	0.912	0.886
4423.385	0.912	0.885
4423.463	0.914	0.885
4423.542	0.915	0.885
4423.632	0.914	0.885
4423.711	0.916	0.888
4423.789	0.916	0.890
4423.880	0.916	0.894
4423.958	0.915	0.895
4424.049	0.916	0.895
4424.127	0.914	0.895
4424.206	0.916	0.895
4424.297	0.916	0.895
4424.375	0.916	0.891
4424.466	0.916	0.887
4424.544	0.916	0.882
4424.623	0.916	0.880
4424.713	0.916	0.880
4424.792	0.916	0.876
4424.882	0.916	0.875
4424.961	0.916	0.874
4425.039	0.916	0.874
4425.130	0.916	0.870
4425.208	0.916	0.870
4425.299	0.916	0.870
4425.377	0.916	0.869
4425.456	0.916	0.869
4425.547	0.916	0.869
4425.625	0.916	0.869
4425.716	0.916	0.871
4425.794	0.917	0.874
4425.873	0.917	0.876
4425.963	0.916	0.880
4426.042	0.918	0.880
4426.132	0.918	0.881
4426.211	0.918	0.885
4426.289	0.920	0.889
4426.380	0.920	0.890
4426.458	0.920	0.892
4426.549	0.921	0.890
4426.627	0.921	0.890
4426.718	0.921	0.890
4426.797	0.921	0.890
4426.875	0.921	0.890
4426.966	0.921	0.888
4427.044	0.921	0.892
4427.135	0.921	0.894
4427.213	0.921	0.895
4427.292	0.921	0.899
4427.382	0.921	0.900
4427.461	0.921	0.904
4427.552	0.921	0.906
4427.630	0.921	0.909
4427.708	0.921	0.910
4427.799	0.921	0.910
4427.877	0.921	0.910
4427.968	0.921	0.914
4428.047	0.921	0.915
4428.125	0.922	0.914
4428.216	0.921	0.910
4428.294	0.921	0.910
4428.373	0.922	0.911
4428.463	0.923	0.912
4428.542	0.923	0.910
4428.632	0.922	0.909
4428.711	0.924	0.909
4428.802	0.923	0.911
4428.880	0.923	0.914
4428.958	0.924	0.915
4429.049	0.924	0.915
4429.127	0.925	0.912
4429.218	0.926	0.909
4429.297	0.924	0.906
4429.375	0.925	0.906
4429.466	0.926	0.905
4429.544	0.926	0.906
4429.635	0.926	0.907
4429.713	0.927	0.906
4429.792	0.926	0.908
4429.882	0.926	0.907
4429.961	0.926	0.910
4430.039	0.926	0.914
4430.130	0.926	0.915
4430.208	0.928	0.915
4430.299	0.928	0.920
4430.377	0.927	0.924
4430.456	0.930	0.929
4430.547	0.928	0.937
4430.625	0.931	0.941
4430.716	0.930	0.944
4430.794	0.930	0.948
4430.873	0.931	0.951
4430.963	0.931	0.954
4431.042	0.931	0.956
4431.132	0.931	0.960
4431.211	0.931	0.961
4431.289	0.931	0.964
4431.367	0.931	0.966
4431.458	0.931	0.971
4431.549	0.931	0.975
4431.627	0.931	0.976
4431.706	0.931	0.976
4431.797	0.931	0.973
4431.875	0.931	0.971
4431.966	0.931	0.970
4432.044	0.931	0.965
4432.123	0.931	0.960
4432.213	0.931	0.954
4432.292	0.931	0.948
4432.382	0.931	0.943
4432.461	0.931	0.940
4432.539	0.932	0.936
4432.630	0.932	0.936
4432.708	0.932	0.937
4432.799	0.932	0.941
4432.877	0.933	0.941
4432.956	0.933	0.945
4433.047	0.933	0.946
4433.125	0.935	0.946
4433.216	0.936	0.944
4433.294	0.935	0.942
4433.373	0.934	0.941
4433.463	0.935	0.941
4433.542	0.935	0.941
4433.632	0.935	0.940
4433.711	0.936	0.937
4433.789	0.936	0.934
4433.880	0.936	0.930
4433.958	0.936	0.925
4434.049	0.936	0.922
4434.127	0.936	0.923
4434.206	0.936	0.920
4434.297	0.936	0.922
4434.375	0.937	0.921
4434.466	0.936	0.921
4434.544	0.936	0.922
4434.623	0.937	0.925
4434.713	0.936	0.926
4434.792	0.936	0.931
4434.882	0.938	0.931
4434.961	0.937	0.931
4435.039	0.936	0.936
4435.130	0.938	0.937
4435.208	0.938	0.941
4435.299	0.937	0.941
4435.377	0.937	0.942
4435.456	0.941	0.945
4435.547	0.939	0.946
4435.625	0.941	0.948
4435.716	0.941	0.951
4435.794	0.941	0.955
4435.873	0.941	0.957
4435.963	0.941	0.961
4436.042	0.941	0.961
4436.132	0.941	0.961
4436.211	0.941	0.965
4436.289	0.941	0.965
4436.380	0.941	0.966
4436.458	0.941	0.962
4436.549	0.941	0.961
4436.627	0.941	0.960
4436.706	0.941	0.956
4436.797	0.941	0.955
4436.875	0.941	0.954
4436.966	0.941	0.948
4437.044	0.941	0.943
4437.123	0.941	0.939
4437.213	0.941	0.933
4437.292	0.941	0.926
4437.382	0.941	0.923
4437.461	0.941	0.919
4437.539	0.941	0.915
4437.630	0.941	0.918
4437.708	0.941	0.920
4437.799	0.941	0.922
4437.877	0.943	0.925
4437.956	0.941	0.928
4438.047	0.943	0.931
4438.125	0.945	0.931
4438.216	0.944	0.933
4438.294	0.943	0.936
4438.373	0.945	0.936
4438.463	0.947	0.941
4438.542	0.947	0.941
4438.632	0.947	0.943
4438.711	0.946	0.948
4438.789	0.947	0.952
4438.880	0.947	0.956
4438.958	0.947	0.960
4439.049	0.947	0.961
4439.127	0.947	0.962
4439.206	0.947	0.965
4439.297	0.947	0.964
4439.375	0.947	0.965
4439.466	0.947	0.961
4439.544	0.947	0.961
4439.623	0.947	0.961
4439.713	0.947	0.963
4439.792	0.947	0.965
4439.882	0.947	0.963
4439.961	0.947	0.961
4440.039	0.947	0.961
4440.130	0.947	0.966
4440.208	0.947	0.970
4440.299	0.947	0.975
4440.377	0.947	0.977
4440.456	0.947	0.978
4440.547	0.949	0.977
4440.625	0.949	0.976
4440.716	0.950	0.976
4440.794	0.951	0.980
4440.873	0.949	0.982
4440.963	0.951	0.982
4441.042	0.952	0.986
4441.132	0.952	0.988
4441.211	0.952	0.988
4441.289	0.952	0.988
4441.380	0.952	0.990
4441.458	0.952	0.989
4441.549	0.952	0.988
4441.627	0.952	0.988
4441.706	0.952	0.990
4441.797	0.952	0.992
4441.875	0.952	0.990
4441.966	0.952	0.992
4442.044	0.952	0.992
4442.123	0.952	0.993
4442.213	0.952	0.992
4442.292	0.952	0.992
4442.382	0.953	0.992
4442.461	0.952	0.990
4442.539	0.955	0.989
4442.630	0.955	0.988
4442.708	0.954	0.988
4442.799	0.955	0.987
4442.877	0.956	0.986
4442.956	0.957	0.982
4443.047	0.955	0.979
4443.125	0.957	0.972
4443.216	0.957	0.971
4443.294	0.957	0.969
4443.373	0.957	0.968
4443.463	0.957	0.970
4443.542	0.957	0.971
4443.632	0.957	0.971
4443.711	0.957	0.971
4443.789	0.957	0.971
4443.880	0.957	0.967
4443.958	0.957	0.966
4444.049	0.958	0.965
4444.127	0.957	0.965
4444.206	0.957	0.965
4444.297	0.957	0.965
4444.375	0.958	0.963
4444.466	0.957	0.965
4444.544	0.958	0.965
4444.623	0.958	0.964
4444.713	0.961	0.961
4444.792	0.959	0.961
4444.882	0.962	0.961
4444.961	0.961	0.961
4445.039	0.962	0.961
4445.130	0.962	0.960
4445.208	0.961	0.961
4445.299	0.962	0.961
4445.377	0.961	0.961
4445.456	0.962	0.961
4445.547	0.962	0.961
4445.625	0.962	0.960
4445.716	0.962	0.961
4445.794	0.962	0.965
4445.873	0.962	0.966
4445.963	0.962	0.971
4446.042	0.962	0.971
4446.132	0.962	0.973
4446.211	0.962	0.976
4446.289	0.962	0.979
4446.380	0.962	0.982
4446.458	0.962	0.982
4446.549	0.962	0.987
4446.627	0.962	0.990
4446.706	0.962	0.992
4446.797	0.962	0.992
4446.875	0.962	0.997
4446.966	0.962	0.999
4447.044	0.962	1.002
4447.123	0.963	1.003
4447.213	0.963	1.007
4447.292	0.963	1.005
4447.382	0.963	1.003
4447.461	0.963	1.002
4447.539	0.964	1.001
4447.630	0.965	1.002
4447.708	0.965	0.998
4447.799	0.965	0.997
4447.877	0.967	0.993
4447.956	0.967	0.993
4448.047	0.967	0.996
4448.125	0.966	0.997
4448.216	0.967	0.997
4448.294	0.967	0.997
4448.373	0.967	0.997
4448.463	0.967	0.997
4448.542	0.967	0.997
4448.632	0.967	0.997
4448.711	0.967	0.995
4448.789	0.967	0.992
4448.880	0.967	0.992
4448.958	0.967	0.992
4449.049	0.968	0.992
4449.127	0.967	0.992
4449.206	0.968	0.992
4449.297	0.968	0.993
4449.375	0.967	0.997
4449.466	0.969	0.997
4449.544	0.969	0.997
4449.623	0.969	0.997
4449.713	0.971	0.996
4449.792	0.970	0.992
4449.882	0.971	0.989
4449.961	0.972	0.986
4450.039	0.972	0.987
4450.130	0.972	0.987
4450.208	0.972	0.987
4450.299	0.972	0.987
4450.377	0.972	0.988
4450.456	0.972	0.987
4450.547	0.972	0.990
4450.625	0.972	0.990
4450.716	0.972	0.992
4450.794	0.972	0.992
4450.873	0.972	0.995
4450.963	0.972	0.997
4451.042	0.972	1.002
4451.132	0.973	1.005
4451.211	0.972	1.009
4451.289	0.972	1.013
4451.380	0.972	1.014
4451.458	0.972	1.018
4451.536	0.975	1.020
4451.627	0.973	1.023
4451.706	0.974	1.027
4451.797	0.973	1.028
4451.875	0.975	1.032
4451.966	0.975	1.033
4452.044	0.977	1.037
4452.123	0.977	1.038
4452.213	0.977	1.033
4452.292	0.977	1.030
4452.369	0.977	1.028
4452.461	0.977	1.027
4452.539	0.977	1.022
4452.630	0.977	1.018
4452.708	0.977	1.017
4452.799	0.977	1.015
4452.877	0.977	1.012
4452.956	0.977	1.011
4453.047	0.977	1.005
4453.125	0.977	1.002
4453.216	0.977	0.999
4453.294	0.977	0.997
4453.373	0.978	0.997
4453.463	0.977	0.994
4453.542	0.978	0.992
4453.619	0.977	0.992
4453.711	0.978	0.994
4453.789	0.978	0.995
4453.880	0.981	0.997
4453.958	0.981	0.997
4454.049	0.980	1.000
4454.127	0.981	1.005
4454.206	0.982	1.007
4454.297	0.982	1.010
4454.375	0.982	1.017
4454.453	0.982	1.023
4454.544	0.982	1.027
4454.623	0.982	1.032
4454.713	0.982	1.033
4454.792	0.982	1.034
4454.869	0.982	1.035
4454.961	0.982	1.033
4455.039	0.982	1.037
4455.130	0.982	1.033
4455.208	0.982	1.033
4455.286	0.982	1.032
4455.377	0.982	1.032
4455.456	0.982	1.027
4455.547	0.982	1.030
4455.625	0.982	1.029
4455.716	0.982	1.033
4455.794	0.982	1.033
4455.873	0.982	1.032
4455.963	0.982	1.033
4456.042	0.982	1.032
4456.119	0.982	1.028
4456.211	0.982	1.027
4456.289	0.982	1.027
4456.380	0.984	1.027
4456.458	0.983	1.027
4456.549	0.982	1.028
4456.627	0.986	1.033
4456.706	0.985	1.036
4456.797	0.984	1.039
4456.875	0.984	1.043
4456.966	0.985	1.043
4457.044	0.986	1.043
4457.123	0.986	1.043
4457.213	0.986	1.044
4457.292	0.986	1.044
4457.382	0.987	1.043
4457.461	0.987	1.043
4457.539	0.986	1.047
4457.630	0.987	1.048
4457.708	0.986	1.050
4457.799	0.987	1.050
4457.877	0.987	1.048
4457.956	0.987	1.048
4458.047	0.987	1.046
4458.125	0.987	1.044
4458.203	0.987	1.043
4458.294	0.987	1.038
4458.373	0.987	1.033
4458.463	0.987	1.030
4458.542	0.987	1.027
4458.632	0.987	1.022
4458.711	0.988	1.022
4458.789	0.987	1.022
4458.880	0.989	1.022
4458.958	0.989	1.022
4459.049	0.990	1.027
4459.127	0.990	1.026
4459.206	0.990	1.026
4459.297	0.989	1.027
4459.375	0.991	1.030
4459.466	0.989	1.033
4459.544	0.992	1.036
4459.623	0.992	1.037
4459.713	0.992	1.037
4459.792	0.992	1.038
4459.882	0.992	1.038
4459.961	0.992	1.038
4460.039	0.992	1.038
4460.130	0.992	1.038
4460.208	0.992	1.035
4460.286	0.992	1.033
4460.377	0.993	1.032
4460.456	0.993	1.033
4460.547	0.992	1.033
4460.625	0.994	1.033
4460.716	0.992	1.036
4460.794	0.993	1.038
4460.873	0.996	1.041
4460.963	0.997	1.046
4461.042	0.994	1.051
4461.119	0.994	1.053
4461.211	0.996	1.053
4461.289	0.995	1.053
4461.380	0.996	1.053
4461.458	0.997	1.049
4461.536	0.998	1.048
4461.627	0.998	1.046
4461.706	0.998	1.043
4461.797	0.998	1.042
4461.875	0.998	1.038
4461.953	0.998	1.033
4462.044	0.998	1.032
4462.123	0.998	1.027
4462.213	0.998	1.028
4462.292	0.998	1.029
4462.369	0.998	1.030
4462.461	0.998	1.028
4462.539	0.998	1.024
4462.630	0.998	1.022
4462.708	0.998	1.021
4462.799	0.998	1.018
4462.877	0.998	1.021
4462.956	0.998	1.022
4463.047	0.998	1.022
4463.125	0.998	1.019
4463.203	1.000	1.017
4463.294	0.998	1.016
4463.373	0.999	1.013
4463.463	1.000	1.012
4463.542	0.998	1.012
4463.632	1.001	1.012
4463.711	1.002	1.007
4463.789	1.002	1.004
4463.880	1.001	1.001
4463.958	1.002	0.998
4464.049	1.002	0.992
4464.127	1.003	0.992
4464.206	1.003	0.992
4464.297	1.003	0.992
4464.375	1.003	0.992
4464.453	1.003	0.992
4464.544	1.003	0.995
4464.623	1.003	0.997
4464.713	1.003	0.997
4464.792	1.003	0.999
4464.869	1.003	0.998
4464.961	1.003	0.997
4465.039	1.003	0.997
4465.130	1.003	0.992
4465.208	1.003	0.989
4465.299	1.003	0.984
4465.377	1.003	0.982
4465.456	1.006	0.982
4465.547	1.003	0.982
4465.625	1.007	0.982
4465.703	1.007	0.982
4465.794	1.005	0.984
4465.873	1.006	0.988
4465.963	1.008	0.993
4466.042	1.008	0.996
4466.132	1.008	0.999
4466.211	1.008	1.002
4466.289	1.008	1.003
4466.380	1.008	1.004
4466.458	1.008	1.005
4466.549	1.008	1.006
4466.627	1.008	1.007
4466.706	1.008	1.007
4466.797	1.008	1.007
4466.875	1.008	1.004
4466.953	1.008	1.002
4467.044	1.009	1.001
4467.123	1.009	0.998
4467.213	1.009	0.997
4467.292	1.008	0.997
4467.382	1.010	0.995
4467.461	1.010	0.997
4467.539	1.010	0.997
4467.630	1.012	1.000
4467.708	1.010	1.002
4467.799	1.009	1.002
4467.877	1.012	1.003
4467.956	1.013	1.005
4468.047	1.012	1.009
4468.125	1.013	1.011
4468.203	1.013	1.015
4468.294	1.012	1.017
4468.373	1.013	1.018
4468.463	1.013	1.022
4468.542	1.013	1.021
4468.632	1.013	1.022
4468.711	1.013	1.020
4468.789	1.013	1.017
4468.880	1.013	1.017
4468.958	1.013	1.016
4469.036	1.013	1.015
4469.127	1.013	1.012
4469.206	1.013	1.012
4469.297	1.013	1.012
4469.375	1.013	1.014
4469.453	1.013	1.012
4469.544	1.013	1.012
4469.623	1.013	1.012
4469.713	1.013	1.010
4469.792	1.013	1.005
4469.869	1.014	1.002
4469.961	1.015	1.002
4470.039	1.014	1.000
4470.130	1.016	0.997
4470.208	1.017	0.996
4470.286	1.018	0.997
4470.377	1.018	0.997
4470.456	1.018	1.000
4470.547	1.018	1.007
4470.625	1.018	1.011
4470.703	1.018	1.017
4470.794	1.018	1.017
4470.873	1.018	1.019
4470.963	1.018	1.022
4471.042	1.018	1.024
4471.119	1.018	1.024
4471.211	1.018	1.027
4471.289	1.018	1.027
4471.380	1.018	1.027
4471.458	1.019	1.026
4471.536	1.018	1.022
4471.627	1.018	1.016
4471.706	1.019	1.011
4471.797	1.018	1.007
4471.875	1.020	1.004
4471.953	1.020	1.002
4472.044	1.020	0.998
4472.123	1.020	0.997
4472.213	1.021	0.993
4472.292	1.022	0.993
4472.369	1.021	0.993
4472.461	1.022	0.994
4472.539	1.022	0.993
4472.630	1.022	0.995
4472.708	1.023	0.993
4472.786	1.023	0.993
4472.877	1.023	0.995
4472.956	1.023	0.998
4473.047	1.023	1.001
4473.125	1.023	1.005
4473.203	1.023	1.010
4473.294	1.023	1.013
4473.373	1.023	1.020
4473.463	1.023	1.027
4473.542	1.023	1.037
4473.619	1.023	1.045
4473.711	1.024	1.055
4473.789	1.023	1.060
4473.880	1.024	1.065
4473.958	1.023	1.068
4474.049	1.024	1.072
4474.127	1.024	1.072
4474.206	1.024	1.072
4474.297	1.025	1.068
4474.375	1.027	1.065
4474.453	1.026	1.063
4474.544	1.026	1.061
4474.623	1.026	1.061
4474.713	1.026	1.059
4474.792	1.028	1.058
4474.869	1.028	1.056
4474.961	1.028	1.053
4475.039	1.028	1.053
4475.130	1.028	1.052
4475.208	1.028	1.050
4475.286	1.028	1.048
4475.377	1.028	1.045
4475.456	1.028	1.043
4475.547	1.028	1.039
4475.625	1.028	1.038
4475.703	1.028	1.037
4475.794	1.028	1.033
4475.873	1.029	1.032
4475.963	1.028	1.029
4476.042	1.028	1.027
4476.119	1.028	1.023
4476.211	1.029	1.022
4476.289	1.030	1.018
4476.380	1.032	1.019
4476.458	1.031	1.021
4476.536	1.032	1.022
4476.627	1.032	1.026
4476.706	1.033	1.032
4476.797	1.033	1.038
4476.875	1.033	1.044
4476.953	1.032	1.051
4477.044	1.033	1.056
4477.123	1.033	1.063
4477.213	1.033	1.068
4477.292	1.033	1.073
4477.369	1.033	1.078
4477.461	1.033	1.084
4477.539	1.033	1.082
4477.630	1.033	1.078
4477.708	1.034	1.074
4477.786	1.036	1.073
4477.877	1.035	1.073
4477.956	1.035	1.073
4478.047	1.033	1.074
4478.125	1.034	1.077
4478.203	1.037	1.078
4478.294	1.035	1.077
4478.373	1.037	1.076
4478.463	1.037	1.075
4478.542	1.037	1.078
4478.619	1.038	1.078
4478.711	1.038	1.076
4478.789	1.037	1.073
4478.880	1.038	1.070
4478.958	1.038	1.068
4479.036	1.038	1.068
4479.127	1.038	1.068
4479.206	1.039	1.064
4479.297	1.038	1.063
4479.375	1.041	1.063
4479.466	1.038	1.063
4479.544	1.038	1.063
4479.623	1.040	1.063
4479.713	1.042	1.063
4479.792	1.040	1.063
4479.869	1.041	1.067
4479.961	1.043	1.068
4480.039	1.043	1.070
4480.130	1.043	1.073
4480.208	1.043	1.076
4480.286	1.043	1.081
4480.377	1.043	1.084
4480.456	1.043	1.087
4480.547	1.043	1.095
4480.625	1.043	1.101
4480.703	1.043	1.106
4480.794	1.043	1.113
4480.873	1.043	1.118
4480.963	1.043	1.120
4481.042	1.043	1.121
4481.119	1.043	1.124
4481.211	1.043	1.124
4481.289	1.043	1.124
4481.380	1.043	1.124
4481.458	1.043	1.120
4481.536	1.043	1.119
4481.627	1.043	1.117
4481.706	1.043	1.114
4481.797	1.044	1.114
4481.875	1.043	1.114
4481.953	1.043	1.109
4482.044	1.043	1.109
4482.123	1.044	1.104
4482.213	1.047	1.100
4482.292	1.046	1.093
4482.382	1.046	1.087
4482.461	1.046	1.083
4482.539	1.047	1.078
4482.630	1.049	1.072
4482.708	1.049	1.066
4482.786	1.049	1.063
4482.877	1.049	1.061
4482.956	1.049	1.058
4483.047	1.049	1.056
4483.125	1.049	1.058
4483.203	1.049	1.058
4483.294	1.049	1.058
4483.373	1.049	1.059
4483.463	1.049	1.063
4483.542	1.049	1.063
4483.619	1.049	1.066
4483.711	1.050	1.068
4483.789	1.049	1.073
4483.880	1.053	1.075
4483.958	1.053	1.078
4484.049	1.052	1.078
4484.127	1.052	1.078
4484.206	1.052	1.084
4484.297	1.051	1.084
4484.375	1.054	1.086
4484.453	1.054	1.089
4484.544	1.052	1.089
4484.623	1.054	1.089
4484.713	1.054	1.092
4484.792	1.054	1.094
4484.869	1.052	1.097
4484.961	1.054	1.101
4485.039	1.054	1.101
4485.130	1.054	1.101
4485.208	1.054	1.104
4485.286	1.054	1.103
4485.377	1.054	1.103
4485.456	1.054	1.099
4485.547	1.054	1.098
4485.625	1.054	1.095
4485.716	1.054	1.093
4485.794	1.055	1.088
4485.873	1.054	1.084
4485.963	1.054	1.084
4486.042	1.055	1.084
4486.119	1.057	1.089
4486.211	1.059	1.092
4486.289	1.059	1.094
4486.380	1.059	1.095
4486.458	1.059	1.099
4486.549	1.059	1.101
4486.627	1.059	1.106
4486.706	1.059	1.111
4486.797	1.059	1.117
4486.875	1.059	1.120
4486.953	1.059	1.124
4487.044	1.059	1.129
4487.123	1.059	1.131
4487.213	1.059	1.134
4487.292	1.059	1.135
4487.369	1.059	1.138
4487.461	1.059	1.138
4487.539	1.059	1.138
4487.630	1.060	1.135
4487.708	1.062	1.133
4487.786	1.060	1.131
4487.877	1.061	1.131
4487.956	1.061	1.129
4488.047	1.062	1.129
4488.125	1.063	1.127
4488.203	1.064	1.124
4488.294	1.064	1.124
4488.373	1.064	1.124
4488.463	1.064	1.124
4488.542	1.064	1.123
4488.619	1.064	1.119
4488.711	1.064	1.115
4488.789	1.064	1.114
4488.880	1.064	1.113
4488.958	1.064	1.109
4489.036	1.064	1.109
4489.127	1.064	1.109
4489.206	1.064	1.111
4489.297	1.064	1.114
4489.375	1.065	1.114
4489.453	1.065	1.115
4489.544	1.064	1.118
4489.623	1.064	1.116
4489.713	1.065	1.119
4489.792	1.066	1.119
4489.869	1.066	1.119
4489.961	1.066	1.119
4490.039	1.066	1.119
4490.130	1.068	1.119
4490.208	1.068	1.119
4490.286	1.068	1.115
4490.377	1.066	1.114
4490.456	1.069	1.110
4490.547	1.068	1.105
4490.625	1.069	1.101
4490.703	1.069	1.094
4490.794	1.069	1.087
4490.873	1.069	1.084
4490.963	1.069	1.084
4491.042	1.069	1.084
4491.119	1.069	1.084
4491.211	1.069	1.084
4491.289	1.069	1.084
4491.380	1.069	1.084
4491.458	1.069	1.084
4491.536	1.069	1.086
4491.627	1.070	1.089
4491.706	1.071	1.089
4491.797	1.071	1.087
4491.875	1.071	1.089
4491.953	1.070	1.085
4492.044	1.074	1.084
4492.123	1.072	1.087
4492.213	1.072	1.089
4492.292	1.071	1.091
4492.369	1.071	1.097
4492.461	1.073	1.101
4492.539	1.074	1.103
4492.630	1.074	1.106
4492.708	1.074	1.113
4492.786	1.074	1.119
4492.877	1.074	1.126
4492.956	1.074	1.132
4493.047	1.074	1.140
4493.125	1.074	1.146
4493.203	1.075	1.155
4493.294	1.074	1.162
4493.373	1.075	1.166
4493.463	1.075	1.171
4493.542	1.075	1.174
4493.619	1.076	1.175
4493.711	1.078	1.175
4493.789	1.077	1.175
4493.880	1.078	1.179
4493.958	1.078	1.180
4494.036	1.078	1.180
4494.127	1.078	1.182
4494.206	1.079	1.183
4494.297	1.079	1.180
4494.375	1.079	1.180
4494.453	1.079	1.175
4494.544	1.079	1.173
4494.623	1.079	1.168
4494.713	1.079	1.164
4494.792	1.079	1.157
4494.869	1.079	1.153
4494.961	1.079	1.146
4495.039	1.079	1.142
4495.130	1.079	1.136
4495.208	1.079	1.131
4495.286	1.079	1.126
4495.377	1.079	1.122
4495.456	1.080	1.117
4495.547	1.079	1.114
4495.625	1.080	1.114
4495.703	1.080	1.118
4495.794	1.081	1.119
4495.873	1.081	1.120
4495.963	1.083	1.123
4496.042	1.082	1.124
4496.119	1.083	1.129
4496.211	1.084	1.134
4496.289	1.084	1.135
4496.380	1.084	1.135
4496.458	1.084	1.135
4496.536	1.084	1.135
4496.627	1.084	1.136
4496.706	1.084	1.140
4496.797	1.084	1.140
4496.875	1.084	1.140
4496.953	1.084	1.140
4497.044	1.084	1.139
4497.123	1.084	1.140
4497.213	1.084	1.140
4497.292	1.084	1.140
4497.369	1.084	1.140
4497.461	1.085	1.140
4497.539	1.085	1.139
4497.630	1.084	1.138
4497.708	1.084	1.134
4497.786	1.084	1.129
4497.877	1.086	1.125
4497.956	1.088	1.124
4498.047	1.089	1.124
4498.125	1.089	1.124
4498.203	1.088	1.124
4498.294	1.088	1.124
4498.373	1.089	1.124
4498.463	1.089	1.124
4498.542	1.088	1.124
4498.619	1.089	1.124
4498.711	1.089	1.124
4498.789	1.089	1.124
4498.880	1.089	1.129
4498.958	1.089	1.131
4499.036	1.089	1.130
4499.127	1.089	1.129
4499.206	1.089	1.124
4499.297	1.090	1.123
4499.375	1.090	1.119
4499.453	1.090	1.113
4499.544	1.091	1.110
4499.623	1.093	1.108
4499.713	1.092	1.109
4499.792	1.094	1.109
4499.869	1.094	1.108
4499.961	1.094	1.109
4500.039	1.094	1.112
4500.130	1.094	1.114
4500.208	1.094	1.114
4500.299	1.094	1.114
4500.377	1.094	1.118
4500.456	1.094	1.119
4500.547	1.094	1.119
4500.625	1.094	1.123
4500.703	1.094	1.125
4500.794	1.095	1.129
4500.873	1.094	1.134
4500.963	1.094	1.135
4501.042	1.094	1.135
4501.119	1.094	1.135
4501.211	1.094	1.137
4501.289	1.094	1.136
4501.380	1.095	1.135
4501.458	1.096	1.135
4501.536	1.096	1.135
4501.627	1.097	1.135
4501.706	1.098	1.131
4501.797	1.098	1.128
4501.875	1.098	1.124
4501.953	1.099	1.123
4502.044	1.099	1.120
4502.123	1.099	1.119
4502.213	1.099	1.119
4502.292	1.099	1.121
4502.369	1.099	1.124
4502.461	1.099	1.124
4502.539	1.099	1.124
4502.617	1.099	1.124
4502.708	1.099	1.124
4502.786	1.099	1.123
4502.877	1.099	1.124
4502.956	1.099	1.124
4503.047	1.100	1.127
4503.125	1.101	1.133
4503.203	1.100	1.139
4503.294	1.102	1.145
4503.373	1.101	1.149
4503.463	1.104	1.154
4503.542	1.104	1.155
4503.619	1.105	1.155
4503.711	1.105	1.157
4503.789	1.105	1.158
4503.880	1.105	1.160
4503.958	1.105	1.163
4504.036	1.105	1.164
4504.127	1.105	1.163
4504.206	1.105	1.161
4504.297	1.105	1.163
4504.375	1.105	1.165
4504.453	1.105	1.165
4504.544	1.105	1.165
4504.623	1.105	1.163
4504.713	1.105	1.160
4504.792	1.105	1.157
4504.869	1.105	1.155
4504.961	1.105	1.151
4505.039	1.105	1.146
4505.130	1.105	1.144
4505.208	1.105	1.140
4505.286	1.105	1.138
4505.377	1.105	1.133
4505.456	1.105	1.125
4505.547	1.108	1.124
4505.625	1.109	1.124
4505.703	1.110	1.123
4505.794	1.109	1.120
4505.873	1.110	1.119
4505.963	1.109	1.119
4506.042	1.109	1.118
4506.119	1.110	1.119
4506.211	1.110	1.119
4506.289	1.110	1.123
4506.380	1.110	1.124
4506.458	1.110	1.124
4506.536	1.110	1.124
4506.627	1.110	1.124
4506.706	1.111	1.124
4506.797	1.110	1.123
4506.875	1.111	1.120
4506.953	1.110	1.119
4507.044	1.110	1.119
4507.123	1.112	1.119
4507.213	1.110	1.119
4507.292	1.113	1.123
4507.369	1.111	1.124
4507.461	1.112	1.129
4507.539	1.112	1.134
4507.630	1.113	1.135
4507.708	1.112	1.140
4507.786	1.112	1.140
4507.877	1.114	1.144
4507.956	1.115	1.145
4508.047	1.114	1.145
4508.125	1.113	1.145
4508.203	1.115	1.145
4508.294	1.115	1.145
4508.373	1.115	1.145
4508.463	1.114	1.145
4508.542	1.115	1.145
4508.619	1.115	1.145
4508.711	1.115	1.145
4508.789	1.115	1.144
4508.880	1.115	1.145
4508.958	1.115	1.145
4509.036	1.116	1.145
4509.127	1.116	1.145
4509.206	1.117	1.146
4509.283	1.116	1.151
4509.375	1.116	1.157
4509.453	1.116	1.159
4509.544	1.117	1.160
4509.623	1.118	1.164
4509.713	1.119	1.165
4509.792	1.119	1.164
4509.869	1.120	1.160
4509.961	1.120	1.157
4510.039	1.120	1.152
4510.117	1.120	1.151
4510.208	1.119	1.147
4510.286	1.120	1.145
4510.377	1.120	1.142
4510.456	1.120	1.138
4510.533	1.120	1.135
4510.625	1.120	1.135
4510.703	1.120	1.135
4510.794	1.122	1.136
4510.873	1.121	1.137
4510.950	1.120	1.138
4511.042	1.122	1.135
4511.119	1.122	1.132
4511.211	1.125	1.126
4511.289	1.124	1.124
4511.380	1.123	1.123
4511.458	1.125	1.120
4511.536	1.125	1.119
4511.627	1.125	1.117
4511.706	1.125	1.118
4511.783	1.125	1.114
4511.875	1.125	1.114
4511.953	1.125	1.110
4512.044	1.125	1.106
4512.123	1.125	1.101
4512.200	1.125	1.093
4512.292	1.125	1.084
4512.369	1.125	1.078
4512.461	1.125	1.074
4512.539	1.125	1.069
4512.617	1.125	1.068
4512.708	1.125	1.067
4512.786	1.125	1.067
4512.877	1.126	1.064
4512.956	1.125	1.063
4513.033	1.127	1.061
4513.125	1.128	1.058
4513.203	1.127	1.056
4513.294	1.128	1.055
4513.373	1.128	1.056
4513.450	1.130	1.056
4513.542	1.129	1.054
4513.619	1.130	1.056
4513.711	1.130	1.057
4513.789	1.130	1.058
4513.867	1.130	1.058
4513.958	1.130	1.058
4514.036	1.130	1.058
4514.127	1.130	1.058
4514.206	1.130	1.055
4514.283	1.131	1.050
4514.375	1.131	1.045
4514.453	1.131	1.043
4514.544	1.130	1.040
4514.623	1.130	1.038
4514.700	1.130	1.038
4514.792	1.133	1.035
4514.869	1.133	1.033
4514.961	1.133	1.037
4515.039	1.133	1.039
4515.117	1.133	1.044
4515.208	1.134	1.048
4515.286	1.134	1.054
4515.377	1.135	1.058
4515.456	1.135	1.063
4515.533	1.135	1.067
4515.625	1.135	1.074
4515.703	1.135	1.078
4515.794	1.135	1.079
4515.873	1.135	1.084
4515.950	1.135	1.084
4516.042	1.135	1.084
4516.119	1.135	1.084
4516.211	1.135	1.084
4516.289	1.135	1.084
4516.367	1.135	1.084
4516.458	1.135	1.088
4516.536	1.135	1.094
4516.627	1.135	1.098
4516.706	1.135	1.104
4516.783	1.135	1.107
4516.875	1.135	1.110
4516.953	1.136	1.113
4517.044	1.136	1.114
4517.123	1.138	1.116
4517.200	1.138	1.118
4517.292	1.139	1.119
4517.369	1.140	1.123
4517.461	1.139	1.125
4517.539	1.140	1.129
4517.617	1.140	1.135
4517.708	1.140	1.139
4517.786	1.140	1.140
4517.877	1.140	1.140
4517.956	1.140	1.140
4518.033	1.140	1.140
4518.125	1.140	1.140
4518.203	1.140	1.144
4518.294	1.140	1.145
4518.373	1.140	1.145
4518.450	1.140	1.145
4518.542	1.140	1.145
4518.619	1.141	1.146
4518.711	1.141	1.149
4518.789	1.141	1.150
4518.867	1.145	1.151
4518.958	1.144	1.154
4519.036	1.145	1.156
4519.127	1.145	1.158
4519.206	1.145	1.158
4519.283	1.145	1.159
4519.375	1.145	1.160
4519.453	1.145	1.160
4519.544	1.145	1.160
4519.623	1.145	1.157
4519.700	1.145	1.152
4519.792	1.145	1.147
4519.869	1.145	1.142
4519.961	1.145	1.138
4520.039	1.145	1.135
4520.117	1.145	1.129
4520.208	1.145	1.123
4520.286	1.145	1.119
4520.377	1.145	1.112
4520.456	1.145	1.110
4520.533	1.145	1.109
4520.625	1.145	1.106
4520.703	1.145	1.104
4520.794	1.145	1.103
4520.873	1.146	1.100
4520.950	1.147	1.096
4521.042	1.147	1.095
4521.119	1.147	1.094
4521.211	1.149	1.089
4521.289	1.149	1.088
4521.367	1.148	1.084
4521.458	1.150	1.081
4521.536	1.150	1.075
4521.627	1.150	1.072
4521.706	1.150	1.068
4521.797	1.150	1.065
4521.875	1.150	1.063
4521.953	1.150	1.063
4522.044	1.150	1.067
4522.123	1.150	1.069
4522.200	1.150	1.072
4522.292	1.150	1.078
4522.369	1.150	1.081
4522.461	1.150	1.084
4522.539	1.150	1.088
4522.617	1.150	1.090
4522.708	1.150	1.096
4522.786	1.152	1.101
4522.877	1.151	1.105
4522.956	1.150	1.109
4523.033	1.152	1.113
4523.125	1.155	1.120
4523.203	1.151	1.124
4523.294	1.155	1.125
4523.373	1.155	1.129
4523.450	1.156	1.129
4523.542	1.156	1.135
4523.619	1.156	1.140
4523.711	1.156	1.145
4523.789	1.156	1.146
4523.867	1.156	1.149
4523.958	1.156	1.151
4524.036	1.156	1.151
4524.127	1.156	1.154
4524.206	1.156	1.155
4524.283	1.156	1.153
4524.375	1.156	1.150
4524.453	1.156	1.145
4524.544	1.156	1.140
4524.623	1.156	1.137
4524.713	1.156	1.129
4524.792	1.156	1.125
4524.869	1.158	1.122
4524.961	1.156	1.119
4525.039	1.157	1.115
4525.117	1.157	1.110
4525.208	1.156	1.106
4525.286	1.158	1.104
4525.377	1.159	1.101
4525.456	1.159	1.097
4525.547	1.160	1.098
4525.625	1.161	1.095
4525.703	1.160	1.094
4525.794	1.161	1.091
4525.873	1.160	1.089
4525.963	1.161	1.089
4526.042	1.161	1.088
4526.119	1.161	1.086
4526.211	1.161	1.089
4526.289	1.161	1.090
4526.367	1.161	1.094
4526.458	1.161	1.095
4526.536	1.162	1.100
4526.627	1.161	1.103
4526.706	1.161	1.107
4526.783	1.161	1.116
4526.875	1.161	1.120
4526.953	1.162	1.120
4527.044	1.162	1.123
4527.123	1.163	1.125
4527.200	1.164	1.124
4527.292	1.165	1.127
4527.369	1.165	1.129
4527.461	1.165	1.134
4527.539	1.166	1.138
4527.630	1.165	1.141
4527.708	1.166	1.144
4527.786	1.166	1.140
4527.877	1.166	1.138
4527.956	1.166	1.133
4528.033	1.166	1.127
4528.125	1.166	1.123
4528.203	1.166	1.117
4528.294	1.166	1.111
4528.359	1.166	1.105
4528.450	1.166	1.098
4528.542	1.166	1.091
4528.619	1.166	1.084
4528.711	1.166	1.079
4528.789	1.166	1.076
4528.867	1.166	1.073
4528.958	1.167	1.069
4529.036	1.167	1.068
4529.127	1.167	1.064
4529.206	1.166	1.063
4529.297	1.167	1.061
4529.375	1.168	1.059
4529.466	1.168	1.058
4529.544	1.168	1.063
4529.623	1.169	1.063
4529.700	1.171	1.067
4529.792	1.169	1.068
4529.869	1.170	1.071
4529.961	1.171	1.073
4530.039	1.171	1.077
4530.117	1.171	1.078
4530.208	1.171	1.078
4530.286	1.171	1.078
4530.377	1.172	1.082
4530.456	1.171	1.084
4530.533	1.171	1.084
4530.625	1.173	1.082
4530.703	1.171	1.079
4530.794	1.172	1.078
4530.873	1.173	1.078
4530.950	1.172	1.075
4531.042	1.175	1.072
4531.119	1.175	1.071
4531.211	1.175	1.070
4531.289	1.176	1.069
4531.367	1.176	1.069
4531.458	1.175	1.073
4531.536	1.176	1.073
4531.627	1.175	1.073
4531.706	1.176	1.073
4531.783	1.175	1.073
4531.875	1.176	1.073
4531.953	1.176	1.073
4532.044	1.176	1.070
4532.123	1.176	1.068
4532.200	1.176	1.068
4532.292	1.176	1.068
4532.369	1.176	1.067
4532.461	1.176	1.067
4532.539	1.176	1.068
4532.617	1.176	1.068
4532.708	1.176	1.068
4532.786	1.177	1.068
4532.864	1.176	1.068
4532.956	1.177	1.067
4533.033	1.176	1.064
4533.125	1.176	1.064
4533.203	1.179	1.067
4533.294	1.177	1.067
4533.373	1.178	1.065
4533.450	1.179	1.063
4533.542	1.181	1.063
4533.619	1.181	1.063
4533.711	1.181	1.063
4533.789	1.181	1.066
4533.867	1.180	1.068
4533.958	1.181	1.071
4534.036	1.181	1.073
4534.127	1.181	1.073
4534.206	1.181	1.073
4534.283	1.181	1.077
4534.375	1.181	1.079
4534.453	1.181	1.081
4534.544	1.181	1.082
4534.623	1.181	1.079
4534.700	1.181	1.078
4534.792	1.181	1.074
4534.869	1.182	1.070
4534.961	1.181	1.068
4535.039	1.181	1.064
4535.117	1.181	1.063
4535.208	1.182	1.061
4535.286	1.182	1.059
4535.377	1.181	1.056
4535.456	1.182	1.052
4535.533	1.184	1.048
4535.625	1.184	1.048
4535.703	1.185	1.045
4535.794	1.185	1.043
4535.873	1.184	1.042
4535.950	1.185	1.039
4536.042	1.185	1.038
4536.119	1.186	1.037
4536.211	1.186	1.033
4536.289	1.186	1.032
4536.367	1.186	1.033
4536.458	1.186	1.033
4536.536	1.186	1.033
4536.627	1.186	1.033
4536.706	1.186	1.031
4536.783	1.186	1.027
4536.875	1.186	1.031
4536.953	1.186	1.033
4537.044	1.186	1.033
4537.123	1.186	1.036
4537.200	1.186	1.036
4537.292	1.186	1.035
4537.369	1.188	1.036
4537.461	1.187	1.038
4537.539	1.187	1.038
4537.617	1.187	1.041
4537.708	1.188	1.043
4537.786	1.188	1.043
4537.877	1.189	1.039
4537.956	1.191	1.035
4538.033	1.190	1.033
4538.125	1.191	1.028
4538.203	1.191	1.027
4538.294	1.190	1.027
4538.373	1.191	1.027
4538.450	1.191	1.029
4538.542	1.191	1.031
4538.619	1.191	1.033
4538.711	1.191	1.033
4538.789	1.191	1.033
4538.867	1.191	1.033
4538.958	1.191	1.033
4539.036	1.191	1.028
4539.127	1.191	1.027
4539.206	1.191	1.027
4539.283	1.192	1.027
4539.375	1.192	1.025
4539.453	1.191	1.023
4539.544	1.191	1.026
4539.623	1.192	1.027
4539.700	1.193	1.030
4539.792	1.193	1.031
4539.869	1.191	1.027
4539.961	1.196	1.027
4540.039	1.196	1.027
4540.117	1.196	1.025
4540.208	1.196	1.022
4540.286	1.196	1.022
4540.377	1.196	1.022
4540.456	1.196	1.025
4540.533	1.196	1.027
4540.625	1.196	1.028
4540.703	1.196	1.031
4540.794	1.196	1.033
4540.873	1.196	1.033
4540.950	1.196	1.034
4541.042	1.196	1.034
4541.119	1.196	1.034
4541.211	1.196	1.033
4541.289	1.198	1.030
4541.367	1.196	1.026
4541.458	1.197	1.022
4541.536	1.198	1.020
4541.627	1.199	1.016
4541.706	1.199	1.012
4541.783	1.200	1.010
4541.875	1.200	1.007
4541.953	1.201	1.005
4542.044	1.199	1.004
4542.123	1.201	1.004
4542.200	1.201	1.003
4542.292	1.201	1.002
4542.369	1.201	1.002
4542.461	1.201	1.000
4542.539	1.201	0.999
4542.617	1.201	1.001
4542.708	1.201	1.000
4542.786	1.201	0.999
4542.877	1.201	0.997
4542.956	1.201	0.997
4543.033	1.201	0.997
4543.125	1.201	0.996
4543.203	1.201	0.993
4543.294	1.201	0.988
4543.373	1.202	0.986
4543.450	1.202	0.982
4543.542	1.202	0.982
4543.619	1.203	0.976
4543.711	1.204	0.976
4543.789	1.202	0.976
4543.867	1.203	0.976
4543.958	1.204	0.981
4544.036	1.204	0.982
4544.127	1.204	0.982
4544.206	1.205	0.982
4544.283	1.206	0.979
4544.375	1.207	0.979
4544.453	1.207	0.982
4544.544	1.207	0.982
4544.623	1.207	0.986
4544.700	1.207	0.990
4544.792	1.207	0.993
4544.869	1.207	0.995
4544.961	1.207	0.997
4545.039	1.207	1.000
4545.117	1.207	1.005
4545.208	1.207	1.012
4545.286	1.207	1.020
4545.377	1.207	1.027
4545.456	1.207	1.033
4545.533	1.207	1.034
4545.625	1.207	1.038
4545.703	1.207	1.038
4545.794	1.207	1.038
4545.873	1.207	1.039
4545.950	1.207	1.038
4546.042	1.207	1.040
4546.119	1.207	1.043
4546.211	1.207	1.043
4546.289	1.207	1.043
4546.367	1.210	1.043
4546.458	1.207	1.044
4546.536	1.210	1.043
4546.627	1.209	1.039
4546.706	1.207	1.034
4546.783	1.211	1.030
4546.875	1.209	1.026
4546.953	1.210	1.021
4547.044	1.212	1.016
4547.123	1.212	1.009
4547.200	1.212	1.001
4547.292	1.212	0.997
4547.369	1.212	0.992
4547.461	1.212	0.991
4547.539	1.212	0.990
4547.617	1.212	0.988
4547.708	1.212	0.988
4547.786	1.212	0.987
4547.877	1.212	0.982
4547.956	1.212	0.982
4548.033	1.213	0.982
4548.125	1.212	0.982
4548.203	1.212	0.987
4548.294	1.213	0.990
4548.373	1.213	0.996
4548.450	1.213	1.001
4548.542	1.213	1.005
4548.619	1.214	1.009
4548.697	1.213	1.015
4548.789	1.214	1.018
4548.867	1.214	1.022
4548.958	1.216	1.025
4549.036	1.217	1.027
4549.127	1.217	1.027
4549.206	1.217	1.027
4549.283	1.217	1.025
4549.375	1.217	1.022
4549.453	1.217	1.022
4549.531	1.217	1.022
4549.623	1.217	1.022
4549.700	1.217	1.022
4549.792	1.217	1.022
4549.869	1.217	1.022
4549.961	1.217	1.022
4550.039	1.217	1.022
4550.117	1.217	1.022
4550.208	1.217	1.022
4550.286	1.217	1.022
4550.377	1.217	1.020
4550.456	1.217	1.018
4550.533	1.218	1.017
4550.625	1.219	1.017
4550.703	1.218	1.016
4550.794	1.220	1.016
4550.873	1.218	1.012
4550.950	1.219	1.012
4551.042	1.218	1.010
4551.119	1.219	1.010
4551.211	1.221	1.012
4551.289	1.221	1.012
4551.367	1.222	1.016
4551.458	1.221	1.019
4551.536	1.220	1.022
4551.627	1.222	1.025
4551.706	1.222	1.025
4551.783	1.222	1.025
4551.875	1.222	1.025
4551.953	1.222	1.023
4552.044	1.222	1.022
4552.123	1.222	1.022
4552.200	1.222	1.020
4552.292	1.222	1.017
4552.369	1.222	1.012
4552.461	1.222	1.012
4552.539	1.222	1.011
4552.617	1.223	1.012
4552.708	1.224	1.012
4552.786	1.224	1.012
4552.877	1.225	1.012
4552.956	1.225	1.010
4553.033	1.223	1.008
4553.125	1.225	1.007
4553.203	1.227	1.002
4553.294	1.224	1.002
4553.373	1.226	1.002
4553.450	1.226	1.004
4553.542	1.227	1.007
4553.619	1.227	1.008
4553.711	1.227	1.009
4553.789	1.227	1.011
4553.867	1.227	1.012
4553.958	1.227	1.010
4554.036	1.227	1.007
4554.127	1.227	1.007
4554.206	1.227	1.007
4554.283	1.227	1.007
4554.375	1.227	1.007
4554.453	1.227	1.003
4554.531	1.227	1.002
4554.623	1.227	1.002
4554.700	1.227	1.002
4554.792	1.227	1.001
4554.869	1.227	0.997
4554.961	1.227	0.996
4555.039	1.227	0.992
4555.117	1.228	0.987
4555.208	1.229	0.982
4555.286	1.229	0.982
4555.377	1.229	0.981
4555.456	1.227	0.982
4555.533	1.228	0.982
4555.625	1.229	0.982
4555.703	1.229	0.982
4555.794	1.229	0.986
4555.873	1.230	0.988
4555.950	1.230	0.991
4556.042	1.230	0.992
4556.119	1.231	0.993
4556.211	1.231	0.994
4556.289	1.232	0.996
4556.367	1.232	0.997
4556.458	1.232	0.994
4556.536	1.232	0.992
4556.614	1.232	0.989
4556.706	1.232	0.987
4556.783	1.232	0.987
4556.875	1.232	0.992
4556.953	1.232	0.996
4557.044	1.232	0.999
4557.123	1.233	1.003
4557.200	1.232	1.008
4557.292	1.232	1.010
4557.369	1.233	1.009
4557.447	1.235	1.007
4557.539	1.234	1.003
4557.617	1.233	1.006
4557.708	1.233	1.005
4557.786	1.234	1.002
4557.877	1.234	1.002
4557.956	1.236	1.002
4558.033	1.235	1.002
4558.125	1.236	1.002
4558.203	1.236	1.004
4558.294	1.237	1.003
4558.373	1.237	1.005
4558.463	1.237	1.002
4558.542	1.237	1.002
4558.619	1.237	1.003
4558.711	1.237	1.006
4558.789	1.237	1.007
4558.867	1.237	1.007
4558.958	1.237	1.006
4559.036	1.237	1.004
4559.127	1.237	1.002
4559.206	1.237	0.999
4559.297	1.237	0.996
4559.375	1.237	0.997
4559.453	1.237	0.995
4559.544	1.237	0.994
4559.623	1.237	0.996
4559.713	1.237	0.998
4559.792	1.238	1.002
4559.869	1.239	1.005
4559.961	1.238	1.007
4560.039	1.239	1.007
4560.117	1.238	1.010
4560.208	1.241	1.009
4560.286	1.242	1.008
4560.377	1.241	1.003
4560.456	1.242	0.998
4560.533	1.241	0.995
4560.625	1.241	0.991
4560.703	1.242	0.987
4560.794	1.242	0.983
4560.873	1.242	0.983
4560.963	1.242	0.982
4561.042	1.242	0.982
4561.119	1.242	0.982
4561.211	1.242	0.982
4561.289	1.242	0.983
4561.380	1.242	0.986
4561.458	1.242	0.990
4561.536	1.242	0.992
4561.614	1.242	0.997
4561.706	1.242	0.997
4561.783	1.242	0.997
4561.875	1.242	0.996
4561.953	1.242	0.995
4562.044	1.242	0.992
4562.123	1.242	0.988
4562.200	1.244	0.982
4562.292	1.242	0.982
4562.369	1.242	0.977
4562.461	1.242	0.976
4562.539	1.243	0.971
4562.617	1.245	0.964
4562.708	1.244	0.961
4562.786	1.242	0.959
4562.877	1.245	0.957
4562.956	1.247	0.960
4563.033	1.245	0.961
4563.125	1.246	0.963
4563.203	1.246	0.966
4563.294	1.246	0.966
4563.373	1.246	0.971
4563.450	1.246	0.976
4563.542	1.247	0.982
4563.619	1.247	0.989
4563.711	1.247	0.998
4563.789	1.247	1.002
4563.867	1.247	1.008
4563.958	1.247	1.012
4564.036	1.247	1.013
4564.114	1.247	1.017
4564.206	1.247	1.017
4564.283	1.247	1.017
4564.375	1.247	1.020
4564.453	1.247	1.022
4564.544	1.248	1.022
4564.623	1.247	1.023
4564.700	1.247	1.024
4564.792	1.247	1.027
4564.869	1.248	1.027
4564.947	1.247	1.027
4565.039	1.249	1.025
4565.117	1.247	1.020
4565.208	1.248	1.012
4565.286	1.252	1.003
4565.377	1.249	0.994
4565.456	1.252	0.984
4565.533	1.252	0.981
4565.625	1.251	0.974
4565.703	1.252	0.969
4565.794	1.252	0.962
4565.873	1.252	0.959
4565.950	1.252	0.954
4566.042	1.252	0.951
4566.119	1.252	0.949
4566.197	1.252	0.945
4566.289	1.252	0.941
4566.367	1.252	0.937
4566.458	1.252	0.936
4566.536	1.252	0.936
4566.614	1.253	0.935
4566.706	1.252	0.937
4566.783	1.252	0.941
4566.875	1.252	0.945
4566.953	1.253	0.946
4567.031	1.252	0.944
4567.123	1.252	0.939
4567.200	1.252	0.935
4567.292	1.252	0.931
4567.369	1.254	0.925
4567.461	1.255	0.920
4567.539	1.253	0.917
4567.617	1.253	0.916
4567.708	1.256	0.915
4567.786	1.256	0.914
4567.864	1.254	0.910
4567.956	1.255	0.906
4568.033	1.256	0.906
4568.125	1.257	0.909
4568.203	1.258	0.911
4568.294	1.258	0.915
4568.373	1.258	0.916
4568.450	1.258	0.920
4568.542	1.258	0.922
4568.619	1.258	0.927
4568.697	1.258	0.934
4568.789	1.258	0.940
4568.867	1.258	0.945
4568.958	1.258	0.946
4569.036	1.258	0.946
4569.127	1.258	0.946
4569.206	1.258	0.946
4569.283	1.258	0.948
4569.375	1.258	0.954
4569.453	1.258	0.958
4569.531	1.258	0.961
4569.623	1.258	0.965
4569.700	1.258	0.971
4569.792	1.258	0.974
4569.869	1.258	0.977
4569.947	1.258	0.982
4570.039	1.258	0.982
4570.117	1.258	0.982
4570.208	1.261	0.982
4570.286	1.259	0.986
4570.364	1.259	0.987
4570.456	1.260	0.987
4570.533	1.259	0.984
4570.625	1.261	0.982
4570.703	1.261	0.982
4570.794	1.263	0.982
4570.873	1.263	0.977
4570.950	1.262	0.976
4571.042	1.263	0.974
4571.119	1.262	0.968
4571.197	1.263	0.963
4571.289	1.263	0.958
4571.367	1.263	0.949
4571.458	1.263	0.943
4571.536	1.263	0.938
4571.614	1.263	0.937
4571.706	1.263	0.931
4571.783	1.263	0.926
4571.875	1.263	0.920
4571.953	1.263	0.916
4572.031	1.263	0.915
4572.123	1.263	0.915
4572.200	1.263	0.915
4572.292	1.263	0.913
4572.369	1.263	0.910
4572.447	1.264	0.909
4572.539	1.263	0.905
4572.617	1.266	0.909
4572.708	1.263	0.914
4572.786	1.264	0.919
4572.864	1.263	0.920
4572.956	1.264	0.920
4573.033	1.263	0.926
4573.125	1.266	0.926
4573.203	1.268	0.928
4573.294	1.268	0.931
4573.373	1.268	0.931
4573.450	1.266	0.931
4573.542	1.268	0.934
4573.619	1.268	0.936
4573.711	1.268	0.938
4573.789	1.268	0.938
4573.867	1.268	0.940
4573.958	1.268	0.941
4574.036	1.268	0.941
4574.114	1.268	0.941
4574.206	1.268	0.941
4574.283	1.268	0.941
4574.375	1.268	0.941
4574.453	1.268	0.941
4574.531	1.268	0.941
4574.623	1.268	0.941
4574.700	1.268	0.938
4574.792	1.268	0.937
4574.869	1.268	0.936
4574.947	1.268	0.936
4575.039	1.268	0.935
4575.117	1.268	0.934
4575.208	1.268	0.933
4575.286	1.268	0.934
4575.377	1.268	0.936
4575.456	1.268	0.938
4575.533	1.269	0.941
4575.625	1.269	0.946
4575.703	1.269	0.950
4575.781	1.272	0.952
4575.873	1.271	0.955
4575.950	1.273	0.959
4576.042	1.272	0.961
4576.119	1.272	0.961
4576.197	1.272	0.961
4576.289	1.273	0.961
4576.367	1.273	0.961
4576.458	1.273	0.962
4576.536	1.273	0.965
4576.614	1.272	0.965
4576.706	1.273	0.964
4576.783	1.273	0.960
4576.875	1.273	0.956
4576.953	1.273	0.948
4577.031	1.273	0.942
4577.123	1.273	0.934
4577.200	1.273	0.927
4577.292	1.273	0.919
4577.369	1.273	0.914
4577.447	1.273	0.908
4577.539	1.273	0.901
4577.617	1.273	0.900
4577.708	1.273	0.900
4577.786	1.273	0.900
4577.864	1.274	0.897
4577.956	1.274	0.895
4578.033	1.274	0.895
4578.125	1.273	0.892
4578.203	1.275	0.890
4578.294	1.275	0.886
4578.373	1.275	0.880
4578.450	1.275	0.877
4578.542	1.274	0.875
4578.619	1.278	0.874
4578.697	1.277	0.872
4578.789	1.277	0.869
4578.867	1.278	0.869
4578.958	1.275	0.873
4579.036	1.278	0.875
4579.114	1.276	0.875
4579.206	1.278	0.879
4579.283	1.278	0.881
4579.375	1.278	0.886
4579.453	1.278	0.889
4579.544	1.278	0.894
4579.623	1.278	0.899
4579.700	1.278	0.901
4579.792	1.278	0.905
4579.869	1.279	0.911
4579.947	1.278	0.915
4580.039	1.278	0.917
4580.117	1.279	0.916
4580.208	1.278	0.915
4580.286	1.279	0.914
4580.377	1.278	0.915
4580.456	1.279	0.918
4580.533	1.278	0.922
4580.625	1.280	0.930
4580.703	1.280	0.934
4580.781	1.279	0.936
4580.873	1.280	0.937
4580.950	1.280	0.936
4581.042	1.281	0.934
4581.119	1.282	0.931
4581.211	1.281	0.931
4581.289	1.282	0.930
4581.367	1.283	0.930
4581.458	1.283	0.931
4581.536	1.282	0.931
4581.614	1.283	0.936
4581.706	1.283	0.937
4581.783	1.283	0.939
4581.875	1.283	0.937
4581.953	1.283	0.935
4582.031	1.283	0.931
4582.123	1.283	0.931
4582.200	1.283	0.930
4582.292	1.283	0.924
4582.369	1.283	0.920
4582.447	1.283	0.918
4582.539	1.283	0.914
4582.617	1.283	0.909
4582.708	1.283	0.907
4582.786	1.283	0.905
4582.864	1.284	0.901
4582.956	1.283	0.898
4583.033	1.284	0.895
4583.125	1.283	0.892
4583.203	1.283	0.890
4583.294	1.283	0.891
4583.373	1.284	0.891
4583.450	1.286	0.894
4583.542	1.286	0.897
4583.619	1.287	0.902
4583.697	1.288	0.909
4583.789	1.288	0.920
4583.867	1.287	0.929
4583.958	1.287	0.938
4584.036	1.287	0.943
4584.127	1.288	0.950
4584.206	1.288	0.955
4584.283	1.288	0.960
4584.375	1.288	0.964
4584.453	1.288	0.966
4584.531	1.288	0.966
4584.623	1.288	0.966
4584.700	1.288	0.966
4584.792	1.288	0.966
4584.869	1.288	0.970
4584.947	1.288	0.971
4585.039	1.288	0.972
4585.117	1.288	0.974
4585.208	1.288	0.971
4585.286	1.288	0.971
4585.364	1.289	0.971
4585.456	1.288	0.971
4585.533	1.288	0.968
4585.625	1.288	0.963
4585.703	1.289	0.961
4585.781	1.288	0.958
4585.873	1.291	0.955
4585.950	1.288	0.951
4586.042	1.288	0.947
4586.119	1.289	0.944
4586.197	1.289	0.940
4586.289	1.288	0.936
4586.367	1.288	0.930
4586.458	1.290	0.926
4586.536	1.292	0.918
4586.614	1.292	0.910
4586.706	1.293	0.902
4586.783	1.292	0.900
4586.875	1.292	0.900
4586.953	1.292	0.900
4587.031	1.293	0.900
4587.123	1.293	0.903
4587.200	1.293	0.904
4587.292	1.293	0.905
4587.369	1.293	0.905
4587.447	1.293	0.905
4587.539	1.293	0.908
4587.617	1.293	0.911
4587.708	1.293	0.912
4587.786	1.293	0.915
4587.864	1.293	0.915
4587.956	1.294	0.915
4588.033	1.293	0.915
4588.125	1.293	0.915
4588.203	1.295	0.915
4588.281	1.297	0.915
4588.373	1.297	0.915
4588.450	1.296	0.915
4588.542	1.297	0.915
4588.619	1.296	0.915
4588.697	1.297	0.914
4588.789	1.297	0.911
4588.867	1.296	0.910
4588.958	1.298	0.906
4589.036	1.297	0.904
4589.114	1.298	0.901
4589.206	1.297	0.900
4589.283	1.298	0.900
4589.375	1.298	0.900
4589.453	1.298	0.900
4589.531	1.298	0.900
4589.623	1.298	0.900
4589.700	1.298	0.900
4589.792	1.298	0.900
4589.869	1.298	0.900
4589.947	1.298	0.900
4590.039	1.298	0.900
4590.117	1.298	0.903
4590.208	1.298	0.905
4590.286	1.298	0.905
4590.364	1.298	0.901
4590.456	1.298	0.900
4590.533	1.298	0.896
4590.625	1.298	0.897
4590.703	1.298	0.898
4590.781	1.299	0.900
4590.873	1.301	0.904
4590.950	1.302	0.909
4591.042	1.301	0.914
4591.119	1.302	0.920
4591.197	1.302	0.921
4591.289	1.303	0.926
4591.367	1.303	0.929
4591.458	1.303	0.931
4591.536	1.303	0.935
4591.614	1.303	0.936
4591.706	1.303	0.936
4591.783	1.303	0.935
4591.875	1.303	0.931
4591.953	1.303	0.929
4592.031	1.303	0.925
4592.123	1.303	0.922
4592.200	1.303	0.920
4592.292	1.303	0.916
4592.369	1.303	0.912
4592.447	1.303	0.910
4592.539	1.303	0.905
4592.617	1.303	0.903
4592.708	1.303	0.900
4592.786	1.303	0.895
4592.864	1.303	0.893
4592.956	1.303	0.891
4593.033	1.303	0.887
4593.125	1.303	0.886
4593.203	1.303	0.880
4593.281	1.303	0.876
4593.373	1.304	0.874
4593.450	1.304	0.867
4593.542	1.304	0.864
4593.619	1.303	0.861
4593.697	1.304	0.859
4593.789	1.304	0.859
4593.867	1.305	0.856
4593.958	1.304	0.854
4594.036	1.305	0.851
4594.114	1.309	0.846
4594.206	1.306	0.843
4594.283	1.307	0.839
4594.375	1.309	0.835
4594.453	1.306	0.834
4594.531	1.307	0.834
4594.623	1.309	0.835
4594.700	1.309	0.840
4594.792	1.309	0.845
4594.869	1.309	0.851
4594.947	1.309	0.856
4595.039	1.309	0.859
4595.117	1.309	0.864
4595.208	1.309	0.869
4595.286	1.309	0.871
4595.364	1.309	0.871
4595.456	1.309	0.870
4595.533	1.309	0.869
4595.625	1.309	0.864
4595.703	1.309	0.865
4595.781	1.309	0.864
4595.873	1.309	0.860
4595.950	1.309	0.858
4596.042	1.309	0.856
4596.119	1.309	0.854
4596.197	1.309	0.854
4596.289	1.310	0.859
4596.367	1.309	0.859
4596.458	1.309	0.860
4596.536	1.309	0.859
4596.614	1.309	0.858
4596.706	1.309	0.859
4596.783	1.309	0.855
4596.875	1.309	0.855
4596.953	1.309	0.854
4597.031	1.311	0.854
4597.123	1.311	0.853
4597.200	1.309	0.847
4597.292	1.312	0.845
4597.369	1.313	0.839
4597.447	1.311	0.839
4597.539	1.314	0.836
4597.617	1.313	0.834
4597.708	1.314	0.834
4597.786	1.314	0.834
4597.864	1.314	0.834
4597.942	1.314	0.834
4598.033	1.314	0.833
4598.125	1.314	0.830
4598.203	1.314	0.826
4598.281	1.314	0.824
4598.373	1.314	0.824
4598.450	1.314	0.824
4598.542	1.314	0.824
4598.619	1.314	0.823
4598.697	1.314	0.822
4598.789	1.314	0.824
4598.867	1.314	0.824
4598.958	1.314	0.823
4599.036	1.314	0.821
4599.114	1.314	0.824
4599.206	1.314	0.825
4599.283	1.315	0.830
4599.375	1.319	0.830
4599.453	1.314	0.834
4599.531	1.314	0.834
4599.623	1.314	0.833
4599.700	1.316	0.830
4599.792	1.318	0.827
4599.869	1.316	0.824
4599.947	1.314	0.824
4600.039	1.318	0.824
4600.117	1.319	0.818
4600.208	1.319	0.818
4600.286	1.319	0.813
4600.364	1.319	0.805
4600.456	1.319	0.803
4600.533	1.319	0.801
4600.625	1.319	0.801
4600.703	1.319	0.801
4600.781	1.319	0.806
4600.873	1.319	0.811
4600.950	1.319	0.815
4601.042	1.319	0.818
4601.119	1.319	0.819
4601.197	1.319	0.820
4601.289	1.320	0.818
4601.367	1.319	0.814
4601.458	1.319	0.813
4601.536	1.319	0.809
4601.614	1.320	0.808
4601.706	1.320	0.808
4601.783	1.319	0.808
4601.875	1.320	0.807
4601.953	1.320	0.806
4602.031	1.321	0.806
4602.123	1.320	0.808
4602.200	1.320	0.810
4602.292	1.320	0.813
4602.369	1.320	0.816
4602.447	1.320	0.818
4602.539	1.322	0.818
4602.617	1.323	0.822
4602.708	1.323	0.828
4602.786	1.324	0.833
4602.864	1.324	0.836
4602.956	1.323	0.841
4603.033	1.324	0.848
4603.125	1.324	0.855
4603.203	1.324	0.859
4603.281	1.324	0.864
4603.373	1.324	0.870
4603.450	1.324	0.876
4603.542	1.324	0.880
4603.619	1.324	0.881
4603.697	1.324	0.883
4603.789	1.324	0.885
4603.867	1.324	0.885
4603.958	1.324	0.884
4604.036	1.324	0.881
4604.114	1.324	0.884
4604.206	1.324	0.885
4604.283	1.324	0.886
4604.375	1.324	0.889
4604.453	1.324	0.891
4604.531	1.325	0.895
4604.623	1.325	0.895
4604.700	1.324	0.894
4604.792	1.325	0.891
4604.869	1.325	0.890
4604.947	1.325	0.890
4605.039	1.325	0.892
4605.117	1.326	0.895
4605.208	1.326	0.895
4605.286	1.327	0.897
4605.364	1.326	0.895
4605.456	1.326	0.895
4605.533	1.328	0.895
4605.625	1.327	0.895
4605.703	1.328	0.894
4605.781	1.329	0.892
4605.873	1.328	0.890
4605.950	1.328	0.890
4606.042	1.328	0.884
4606.119	1.329	0.879
4606.197	1.329	0.875
4606.289	1.329	0.874
4606.367	1.329	0.870
4606.445	1.329	0.869
4606.536	1.329	0.874
4606.614	1.329	0.875
4606.706	1.329	0.875
4606.783	1.329	0.880
4606.875	1.329	0.881
4606.953	1.329	0.885
4607.031	1.329	0.887
4607.123	1.329	0.890
4607.200	1.329	0.890
4607.292	1.329	0.890
4607.369	1.329	0.894
4607.447	1.329	0.891
4607.539	1.329	0.890
4607.617	1.329	0.887
4607.695	1.330	0.885
4607.786	1.331	0.880
4607.864	1.330	0.876
4607.956	1.330	0.871
4608.033	1.330	0.869
4608.125	1.331	0.865
4608.203	1.331	0.863
4608.281	1.332	0.859
4608.373	1.333	0.859
4608.450	1.331	0.858
4608.542	1.333	0.851
4608.619	1.334	0.842
4608.697	1.334	0.837
4608.789	1.334	0.831
4608.867	1.334	0.825
4608.945	1.334	0.823
4609.036	1.334	0.819
4609.114	1.334	0.815
4609.206	1.334	0.811
4609.283	1.334	0.808
4609.375	1.334	0.806
4609.453	1.334	0.803
4609.531	1.335	0.802
4609.623	1.334	0.806
4609.700	1.335	0.807
4609.778	1.334	0.808
4609.869	1.334	0.811
4609.947	1.334	0.813
4610.039	1.336	0.813
4610.117	1.334	0.814
4610.195	1.335	0.813
4610.286	1.336	0.811
4610.364	1.339	0.808
4610.456	1.338	0.808
4610.533	1.336	0.802
4610.625	1.338	0.798
4610.703	1.338	0.794
4610.781	1.335	0.791
4610.873	1.337	0.785
4610.950	1.339	0.779
4611.042	1.337	0.778
4611.119	1.339	0.778
4611.197	1.339	0.778
4611.289	1.339	0.778
4611.367	1.338	0.778
4611.445	1.339	0.778
4611.536	1.339	0.782
4611.614	1.339	0.783
4611.706	1.339	0.787
4611.783	1.339	0.788
4611.862	1.339	0.790
4611.953	1.339	0.793
4612.031	1.339	0.793
4612.123	1.339	0.793
4612.200	1.339	0.793
4612.278	1.339	0.790
4612.369	1.339	0.788
4612.447	1.339	0.788
4612.539	1.339	0.788
4612.617	1.339	0.788
4612.708	1.339	0.790
4612.786	1.339	0.791
4612.864	1.339	0.793
4612.956	1.339	0.794
4613.033	1.339	0.795
4613.112	1.340	0.794
4613.203	1.340	0.793
4613.281	1.340	0.793
4613.373	1.343	0.790
4613.450	1.340	0.790
4613.542	1.340	0.793
4613.619	1.342	0.793
4613.697	1.343	0.793
4613.789	1.340	0.793
4613.867	1.343	0.793
4613.945	1.344	0.793
4614.036	1.343	0.793
4614.114	1.344	0.793
4614.206	1.344	0.790
4614.283	1.344	0.790
4614.375	1.344	0.793
4614.453	1.344	0.793
4614.531	1.344	0.794
4614.623	1.344	0.797
4614.700	1.344	0.798
4614.778	1.344	0.800
4614.869	1.344	0.802
4614.947	1.344	0.806
4615.039	1.344	0.808
4615.117	1.344	0.813
4615.208	1.344	0.816
4615.286	1.344	0.818
4615.364	1.344	0.819
4615.456	1.344	0.823
4615.533	1.344	0.824
4615.612	1.344	0.818
4615.703	1.344	0.816
4615.781	1.344	0.813
4615.873	1.344	0.811
4615.950	1.344	0.809
4616.042	1.345	0.808
4616.119	1.344	0.808
4616.197	1.344	0.808
4616.289	1.344	0.807
4616.367	1.345	0.804
4616.445	1.346	0.802
4616.536	1.346	0.799
4616.614	1.346	0.798
4616.706	1.346	0.794
4616.783	1.348	0.793
4616.862	1.348	0.793
4616.953	1.348	0.793
4617.031	1.348	0.793
4617.123	1.349	0.793
4617.200	1.348	0.798
4617.292	1.349	0.798
4617.369	1.349	0.804
4617.447	1.349	0.810
4617.539	1.349	0.817
4617.617	1.349	0.822
4617.708	1.349	0.825
4617.786	1.349	0.830
4617.864	1.349	0.833
4617.956	1.349	0.834
4618.033	1.349	0.835
4618.112	1.349	0.838
4618.203	1.349	0.839
4618.281	1.349	0.846
4618.373	1.349	0.849
4618.450	1.349	0.852
4618.528	1.349	0.854
4618.619	1.349	0.854
4618.697	1.349	0.854
4618.789	1.349	0.854
4618.867	1.349	0.849
4618.958	1.349	0.850
4619.036	1.349	0.849
4619.114	1.349	0.850
4619.206	1.349	0.849
4619.283	1.349	0.844
4619.375	1.349	0.839
4619.453	1.350	0.839
4619.531	1.349	0.839
4619.623	1.349	0.837
4619.700	1.351	0.835
4619.792	1.351	0.834
4619.869	1.350	0.832
4619.947	1.352	0.830
4620.039	1.353	0.829
4620.117	1.353	0.827
4620.208	1.350	0.826
4620.286	1.352	0.825
4620.364	1.350	0.826
4620.456	1.354	0.825
4620.533	1.354	0.824
4620.612	1.353	0.824
4620.703	1.354	0.824
4620.781	1.354	0.824
4620.873	1.354	0.824
4620.950	1.354	0.826
4621.028	1.354	0.825
4621.119	1.354	0.824
4621.197	1.354	0.824
4621.289	1.354	0.824
4621.367	1.354	0.826
4621.458	1.354	0.830
4621.536	1.354	0.834
4621.614	1.354	0.835
4621.706	1.354	0.839
4621.783	1.354	0.842
4621.862	1.354	0.842
4621.953	1.354	0.843
4622.031	1.354	0.841
4622.123	1.354	0.836
4622.200	1.354	0.832
4622.292	1.355	0.829
4622.369	1.356	0.824
4622.447	1.354	0.820
4622.539	1.355	0.817
4622.617	1.357	0.812
4622.695	1.358	0.808
4622.786	1.356	0.805
4622.864	1.356	0.803
4622.956	1.357	0.803
4623.033	1.359	0.803
4623.125	1.358	0.803
4623.203	1.360	0.805
4623.281	1.360	0.807
4623.373	1.360	0.808
4623.450	1.359	0.808
4623.528	1.360	0.812
4623.619	1.360	0.813
4623.697	1.360	0.813
4623.789	1.360	0.813
4623.867	1.360	0.811
4623.945	1.360	0.808
4624.036	1.360	0.809
4624.114	1.360	0.810
4624.206	1.360	0.808
4624.283	1.360	0.812
4624.362	1.360	0.814
4624.453	1.360	0.818
4624.531	1.360	0.818
4624.623	1.360	0.818
4624.700	1.360	0.821
4624.792	1.360	0.824
4624.869	1.360	0.824
4624.947	1.360	0.828
4625.039	1.360	0.833
4625.117	1.363	0.838
4625.195	1.361	0.839
4625.286	1.361	0.840
4625.364	1.361	0.844
4625.456	1.362	0.847
4625.533	1.362	0.848
4625.612	1.365	0.848
4625.703	1.362	0.843
4625.781	1.364	0.840
4625.873	1.365	0.835
4625.950	1.365	0.834
4626.028	1.363	0.832
4626.119	1.365	0.832
4626.197	1.365	0.830
4626.289	1.365	0.830
4626.367	1.365	0.833
4626.445	1.365	0.834
4626.536	1.365	0.834
4626.614	1.365	0.834
4626.706	1.365	0.831
4626.783	1.365	0.829
4626.862	1.365	0.829
4626.953	1.365	0.829
4627.031	1.365	0.827
4627.123	1.365	0.824
4627.200	1.365	0.821
4627.278	1.365	0.818
4627.369	1.365	0.818
4627.447	1.365	0.813
4627.539	1.365	0.813
4627.617	1.365	0.811
4627.695	1.365	0.808
4627.786	1.365	0.807
4627.864	1.365	0.804
4627.956	1.365	0.799
4628.033	1.366	0.797
4628.112	1.366	0.794
4628.203	1.369	0.790
4628.281	1.365	0.786
4628.373	1.368	0.784
4628.450	1.366	0.781
4628.528	1.368	0.778
4628.619	1.368	0.777
4628.697	1.369	0.774
4628.789	1.370	0.774
4628.867	1.370	0.776
4628.945	1.370	0.778
4629.036	1.370	0.778
4629.114	1.369	0.778
4629.206	1.370	0.778
4629.283	1.370	0.778
4629.362	1.370	0.778
4629.453	1.370	0.776
4629.531	1.370	0.773
4629.623	1.370	0.772
4629.700	1.370	0.768
4629.778	1.370	0.768
4629.869	1.370	0.763
4629.947	1.370	0.758
4630.039	1.370	0.757
4630.117	1.370	0.756
4630.195	1.370	0.755
4630.286	1.370	0.756
4630.364	1.370	0.752
4630.456	1.370	0.752
4630.533	1.370	0.748
4630.612	1.370	0.751
4630.703	1.370	0.751
4630.781	1.370	0.752
4630.873	1.370	0.751
4630.950	1.370	0.752
4631.028	1.370	0.752
4631.119	1.370	0.752
4631.197	1.370	0.755
4631.289	1.370	0.755
4631.367	1.370	0.758
4631.445	1.370	0.757
4631.536	1.370	0.762
4631.614	1.370	0.762
4631.706	1.371	0.763
4631.783	1.371	0.768
4631.862	1.371	0.772
4631.953	1.372	0.777
4632.031	1.371	0.786
4632.123	1.371	0.788
4632.200	1.373	0.791
4632.278	1.372	0.796
4632.369	1.372	0.798
4632.447	1.373	0.799
4632.539	1.371	0.800
4632.617	1.372	0.798
4632.695	1.374	0.798
4632.786	1.373	0.798
4632.864	1.374	0.798
4632.956	1.375	0.796
4633.033	1.374	0.790
4633.112	1.375	0.783
4633.203	1.375	0.779
4633.281	1.375	0.778
4633.373	1.376	0.778
4633.450	1.375	0.776
4633.528	1.375	0.773
4633.619	1.375	0.772
4633.697	1.376	0.773
4633.789	1.375	0.773
4633.867	1.375	0.773
4633.945	1.376	0.773
4634.036	1.375	0.778
4634.114	1.375	0.778
4634.206	1.377	0.778
4634.283	1.375	0.778
4634.362	1.375	0.778
4634.453	1.377	0.778
4634.531	1.376	0.773
4634.623	1.376	0.770
4634.700	1.378	0.768
4634.778	1.379	0.769
4634.869	1.377	0.770
4634.947	1.379	0.773
4635.039	1.379	0.773
4635.117	1.380	0.773
4635.195	1.380	0.774
4635.286	1.380	0.776
4635.364	1.380	0.778
4635.456	1.379	0.778
4635.533	1.379	0.778
4635.612	1.379	0.778
4635.703	1.380	0.775
4635.781	1.380	0.773
4635.873	1.380	0.771
4635.950	1.380	0.768
4636.028	1.380	0.764
4636.119	1.380	0.759
4636.197	1.380	0.756
4636.289	1.380	0.752
4636.367	1.380	0.752
4636.445	1.380	0.747
4636.536	1.381	0.751
4636.614	1.380	0.752
4636.706	1.380	0.755
4636.783	1.381	0.756
4636.862	1.381	0.756
4636.953	1.380	0.754
4637.031	1.380	0.756
4637.123	1.380	0.757
4637.200	1.380	0.758
4637.278	1.380	0.760
4637.369	1.383	0.760
4637.447	1.382	0.762
4637.539	1.382	0.766
4637.617	1.382	0.767
4637.695	1.381	0.768
4637.786	1.384	0.768
4637.864	1.381	0.771
4637.956	1.382	0.772
4638.033	1.382	0.778
4638.112	1.382	0.781
4638.203	1.383	0.786
4638.281	1.383	0.791
4638.373	1.384	0.796
4638.450	1.382	0.797
4638.528	1.385	0.798
4638.619	1.384	0.802
4638.697	1.385	0.803
4638.789	1.385	0.804
4638.867	1.385	0.807
4638.945	1.385	0.813
4639.036	1.385	0.818
4639.114	1.385	0.822
4639.206	1.385	0.824
4639.283	1.385	0.829
4639.362	1.385	0.830
4639.453	1.385	0.834
4639.531	1.385	0.834
4639.623	1.385	0.836
4639.700	1.385	0.836
4639.778	1.385	0.836
4639.869	1.385	0.835
4639.947	1.385	0.834
4640.039	1.385	0.833
4640.117	1.385	0.828
4640.195	1.385	0.824
4640.286	1.385	0.818
4640.364	1.385	0.818
4640.456	1.385	0.815
4640.533	1.385	0.813
4640.612	1.385	0.808
4640.703	1.385	0.806
4640.781	1.386	0.803
4640.873	1.385	0.800
4640.950	1.385	0.798
4641.028	1.389	0.798
4641.119	1.385	0.798
4641.197	1.387	0.798
4641.289	1.386	0.801
4641.367	1.385	0.804
4641.445	1.387	0.807
4641.536	1.388	0.808
4641.614	1.386	0.808
4641.706	1.389	0.811
4641.783	1.388	0.812
4641.862	1.390	0.808
4641.953	1.388	0.808
4642.031	1.390	0.808
4642.123	1.390	0.807
4642.200	1.390	0.807
4642.278	1.390	0.808
4642.369	1.390	0.812
4642.447	1.390	0.815
4642.539	1.390	0.818
4642.617	1.390	0.818
4642.695	1.390	0.821
4642.786	1.390	0.824
4642.864	1.390	0.824
4642.956	1.390	0.823
4643.033	1.390	0.823
4643.112	1.390	0.824
4643.203	1.390	0.820
4643.281	1.390	0.818
4643.373	1.390	0.818
4643.450	1.390	0.816
4643.528	1.390	0.809
4643.619	1.390	0.800
4643.697	1.390	0.790
4643.789	1.392	0.780
4643.867	1.390	0.775
4643.945	1.390	0.769
4644.036	1.390	0.762
4644.114	1.390	0.753
4644.206	1.390	0.750
4644.283	1.391	0.743
4644.362	1.392	0.739
4644.453	1.392	0.737
4644.531	1.391	0.730
4644.623	1.392	0.724
4644.700	1.393	0.717
4644.778	1.392	0.711
4644.869	1.393	0.706
4644.947	1.394	0.701
4645.039	1.394	0.701
4645.117	1.393	0.706
4645.195	1.394	0.715
4645.286	1.394	0.722
4645.364	1.395	0.730
4645.456	1.394	0.735
4645.533	1.394	0.743
4645.612	1.394	0.749
4645.703	1.394	0.755
4645.781	1.395	0.757
4645.873	1.395	0.763
4645.950	1.395	0.764
4646.028	1.395	0.767
4646.119	1.395	0.768
4646.197	1.394	0.770
4646.289	1.395	0.774
4646.367	1.395	0.778
4646.445	1.395	0.783
4646.536	1.395	0.790
4646.614	1.395	0.800
4646.706	1.395	0.810
4646.783	1.395	0.823
4646.862	1.395	0.833
4646.953	1.395	0.841
4647.031	1.395	0.847
4647.123	1.395	0.853
4647.200	1.395	0.859
4647.278	1.395	0.861
4647.369	1.395	0.869
4647.447	1.397	0.869
4647.539	1.396	0.869
4647.617	1.395	0.865
4647.695	1.399	0.864
4647.786	1.396	0.858
4647.864	1.399	0.852
4647.956	1.398	0.848
4648.033	1.397	0.843
4648.112	1.399	0.836
4648.203	1.399	0.832
4648.281	1.399	0.829
4648.373	1.399	0.824
4648.450	1.400	0.824
4648.528	1.399	0.819
4648.619	1.399	0.813
4648.697	1.399	0.807
4648.789	1.399	0.799
4648.867	1.399	0.795
4648.945	1.400	0.789
4649.036	1.400	0.783
4649.114	1.400	0.779
4649.206	1.400	0.777
4649.283	1.400	0.775
4649.362	1.400	0.772
4649.453	1.400	0.768
4649.531	1.400	0.765
4649.623	1.400	0.757
4649.700	1.400	0.751
4649.778	1.401	0.747
4649.869	1.400	0.744
4649.947	1.400	0.742
4650.039	1.401	0.737
4650.117	1.400	0.737
4650.195	1.401	0.734
4650.286	1.400	0.732
4650.364	1.401	0.727
4650.456	1.401	0.723
4650.533	1.402	0.718
4650.612	1.400	0.717
4650.703	1.401	0.717
4650.781	1.402	0.717
4650.873	1.400	0.718
4650.950	1.403	0.722
4651.028	1.405	0.728
4651.119	1.402	0.735
4651.197	1.404	0.740
4651.289	1.405	0.745
4651.367	1.405	0.752
4651.445	1.404	0.756
4651.536	1.404	0.757
4651.614	1.404	0.758
4651.706	1.405	0.758
4651.783	1.405	0.753
4651.862	1.405	0.751
4651.953	1.405	0.750
4652.031	1.405	0.747
4652.123	1.405	0.743
4652.200	1.405	0.742
4652.278	1.405	0.742
4652.369	1.405	0.742
4652.447	1.405	0.741
4652.539	1.405	0.742
4652.617	1.405	0.741
4652.695	1.405	0.741
4652.786	1.405	0.742
4652.864	1.405	0.740
4652.956	1.405	0.737
4653.033	1.405	0.738
4653.112	1.405	0.738
4653.203	1.405	0.741
4653.281	1.405	0.741
4653.373	1.405	0.742
4653.450	1.405	0.742
4653.528	1.405	0.746
4653.619	1.405	0.747
4653.697	1.406	0.747
4653.789	1.406	0.747
4653.867	1.405	0.743
4653.945	1.405	0.743
4654.036	1.406	0.742
4654.114	1.405	0.742
4654.206	1.405	0.742
4654.283	1.408	0.742
4654.362	1.407	0.742
4654.453	1.409	0.739
4654.531	1.407	0.737
4654.623	1.409	0.737
4654.700	1.408	0.742
4654.778	1.411	0.746
4654.869	1.411	0.748
4654.947	1.411	0.747
4655.039	1.411	0.747
4655.117	1.410	0.747
4655.195	1.411	0.747
4655.286	1.411	0.747
4655.364	1.411	0.746
4655.456	1.411	0.744
4655.533	1.411	0.742
4655.612	1.410	0.745
4655.703	1.411	0.747
4655.781	1.411	0.747
4655.873	1.411	0.745
4655.950	1.411	0.743
4656.028	1.411	0.740
4656.119	1.411	0.737
4656.197	1.411	0.732
4656.289	1.411	0.729
4656.367	1.411	0.727
4656.445	1.411	0.727
4656.536	1.411	0.726
4656.614	1.411	0.724
4656.706	1.411	0.722
4656.783	1.411	0.721
4656.862	1.411	0.717
4656.953	1.411	0.717
4657.031	1.411	0.717
4657.123	1.411	0.714
4657.200	1.411	0.714
4657.278	1.412	0.712
4657.369	1.411	0.716
4657.447	1.411	0.717
4657.539	1.411	0.720
4657.617	1.412	0.723
4657.695	1.412	0.728
4657.786	1.413	0.730
4657.864	1.413	0.732
4657.956	1.412	0.737
4658.033	1.415	0.739
4658.112	1.413	0.742
4658.203	1.414	0.743
4658.281	1.414	0.746
4658.373	1.411	0.747
4658.450	1.414	0.748
4658.528	1.415	0.752
4658.619	1.416	0.752
4658.697	1.414	0.755
4658.789	1.414	0.757
4658.867	1.414	0.757
4658.945	1.416	0.761
4659.036	1.415	0.761
4659.114	1.416	0.759
4659.206	1.415	0.759
4659.283	1.416	0.759
4659.362	1.416	0.759
4659.453	1.415	0.758
4659.531	1.416	0.762
4659.623	1.416	0.762
4659.700	1.416	0.763
4659.778	1.416	0.768
4659.869	1.416	0.768
4659.947	1.416	0.768
4660.039	1.416	0.768
4660.117	1.416	0.764
4660.195	1.416	0.762
4660.286	1.416	0.756
4660.364	1.418	0.751
4660.456	1.416	0.745
4660.533	1.416	0.737
4660.612	1.419	0.734
4660.703	1.418	0.728
4660.781	1.416	0.727
4660.873	1.419	0.723
4660.950	1.419	0.723
4661.028	1.420	0.726
4661.119	1.419	0.728
4661.197	1.419	0.730
4661.289	1.420	0.734
4661.367	1.420	0.737
4661.445	1.419	0.739
4661.536	1.416	0.743
4661.614	1.418	0.746
4661.706	1.420	0.751
4661.783	1.420	0.751
4661.862	1.421	0.752
4661.953	1.421	0.751
4662.031	1.421	0.752
4662.123	1.421	0.753
4662.200	1.420	0.756
4662.278	1.421	0.760
4662.369	1.421	0.764
4662.447	1.421	0.768
4662.526	1.421	0.773
4662.604	1.421	0.777
4662.695	1.421	0.778
4662.786	1.421	0.778
4662.864	1.421	0.778
4662.956	1.421	0.778
4663.033	1.421	0.776
4663.112	1.421	0.773
4663.203	1.421	0.773
4663.281	1.421	0.769
4663.373	1.421	0.768
4663.450	1.421	0.768
4663.528	1.421	0.764
4663.619	1.421	0.762
4663.697	1.422	0.762
4663.776	1.421	0.762
4663.867	1.421	0.762
4663.945	1.421	0.761
4664.036	1.422	0.758
4664.114	1.423	0.762
4664.206	1.424	0.765
4664.283	1.422	0.768
4664.362	1.423	0.773
4664.453	1.422	0.773
4664.531	1.425	0.773
4664.623	1.424	0.769
4664.700	1.425	0.765
4664.778	1.424	0.759
4664.869	1.425	0.756
4664.947	1.424	0.755
4665.039	1.425	0.751
4665.117	1.425	0.748
4665.195	1.425	0.747
4665.286	1.426	0.745
4665.364	1.424	0.742
4665.456	1.425	0.742
4665.533	1.425	0.739
4665.612	1.426	0.737
4665.703	1.426	0.733
4665.781	1.426	0.732
4665.859	1.426	0.732
4665.950	1.426	0.734
4666.028	1.426	0.737
4666.119	1.426	0.737
4666.197	1.426	0.737
4666.289	1.426	0.741
4666.367	1.426	0.742
4666.445	1.426	0.744
4666.536	1.426	0.747
4666.614	1.426	0.750
4666.692	1.426	0.755
4666.783	1.426	0.759
4666.862	1.426	0.763
4666.953	1.426	0.768
4667.031	1.427	0.769
4667.109	1.427	0.769
4667.200	1.426	0.773
4667.278	1.426	0.770
4667.369	1.427	0.772
4667.447	1.427	0.776
4667.526	1.428	0.777
4667.617	1.429	0.773
4667.695	1.428	0.773
4667.786	1.429	0.773
4667.864	1.430	0.773
4667.956	1.431	0.773
4668.033	1.430	0.773
4668.112	1.431	0.777
4668.203	1.430	0.778
4668.281	1.431	0.782
4668.373	1.431	0.788
4668.450	1.431	0.790
4668.528	1.431	0.788
4668.619	1.431	0.786
4668.697	1.431	0.784
4668.776	1.431	0.778
4668.867	1.431	0.773
4668.945	1.431	0.769
4669.036	1.431	0.766
4669.114	1.431	0.758
4669.192	1.431	0.752
4669.283	1.431	0.752
4669.362	1.431	0.751
4669.453	1.431	0.752
4669.531	1.431	0.755
4669.609	1.431	0.757
4669.700	1.431	0.760
4669.778	1.431	0.762
4669.869	1.431	0.760
4669.947	1.431	0.759
4670.026	1.431	0.757
4670.117	1.431	0.761
4670.195	1.431	0.762
4670.286	1.431	0.762
4670.364	1.431	0.761
4670.442	1.431	0.760
4670.533	1.431	0.757
4670.612	1.431	0.757
4670.703	1.431	0.757
4670.781	1.432	0.756
4670.859	1.431	0.752
4670.950	1.431	0.747
4671.028	1.431	0.747
4671.119	1.431	0.745
4671.197	1.432	0.745
4671.289	1.433	0.744
4671.367	1.432	0.742
4671.445	1.433	0.742
4671.536	1.434	0.740
4671.614	1.433	0.742
4671.706	1.435	0.742
4671.783	1.433	0.740
4671.862	1.434	0.737
4671.953	1.433	0.737
4672.031	1.433	0.737
4672.123	1.434	0.737
4672.200	1.435	0.737
4672.278	1.435	0.734
4672.369	1.435	0.732
4672.447	1.435	0.728
4672.526	1.436	0.726
4672.617	1.436	0.723
4672.695	1.436	0.718
4672.786	1.436	0.718
4672.864	1.436	0.722
4672.942	1.436	0.724
4673.033	1.436	0.727
4673.112	1.436	0.729
4673.203	1.436	0.732
4673.281	1.436	0.732
4673.359	1.436	0.736
4673.450	1.436	0.737
4673.528	1.436	0.737
4673.619	1.436	0.737
4673.697	1.436	0.737
4673.776	1.436	0.737
4673.867	1.436	0.739
4673.945	1.436	0.742
4674.036	1.436	0.742
4674.114	1.437	0.742
4674.206	1.437	0.742
4674.283	1.437	0.741
4674.362	1.436	0.739
4674.453	1.437	0.737
4674.531	1.437	0.737
4674.623	1.438	0.737
4674.700	1.437	0.737
4674.778	1.436	0.737
4674.869	1.437	0.741
4674.947	1.439	0.745
4675.039	1.438	0.747
4675.117	1.437	0.747
4675.195	1.437	0.752
4675.286	1.439	0.756
4675.364	1.441	0.757
4675.442	1.439	0.762
4675.533	1.440	0.764
4675.612	1.439	0.765
4675.703	1.441	0.766
4675.781	1.441	0.768
4675.859	1.441	0.768
4675.950	1.441	0.770
4676.028	1.441	0.771
4676.119	1.441	0.773
4676.197	1.441	0.775
4676.276	1.441	0.778
4676.367	1.441	0.778
4676.445	1.441	0.778
4676.536	1.441	0.778
4676.614	1.441	0.773
4676.692	1.441	0.770
4676.783	1.441	0.761
4676.862	1.441	0.751
4676.940	1.441	0.741
4677.031	1.441	0.734
4677.109	1.441	0.728
4677.200	1.441	0.722
4677.278	1.441	0.717
4677.369	1.442	0.717
4677.447	1.442	0.714
4677.539	1.441	0.712
4677.617	1.442	0.711
4677.695	1.442	0.711
4677.786	1.442	0.710
4677.864	1.444	0.709
4677.956	1.442	0.707
4678.033	1.444	0.706
4678.112	1.444	0.706
4678.203	1.442	0.704
4678.281	1.442	0.703
4678.373	1.444	0.703
4678.450	1.444	0.701
4678.528	1.444	0.701
4678.619	1.445	0.701
4678.697	1.445	0.704
4678.776	1.445	0.706
4678.867	1.444	0.706
4678.945	1.445	0.707
4679.036	1.446	0.707
4679.114	1.446	0.710
4679.206	1.445	0.709
4679.283	1.446	0.711
4679.362	1.446	0.712
4679.453	1.446	0.717
4679.531	1.446	0.718
4679.609	1.446	0.721
4679.700	1.446	0.720
4679.778	1.446	0.722
4679.869	1.446	0.722
4679.947	1.446	0.728
4680.026	1.446	0.732
4680.117	1.446	0.732
4680.195	1.446	0.732
4680.286	1.446	0.729
4680.364	1.446	0.728
4680.442	1.446	0.723
4680.533	1.446	0.717
4680.612	1.446	0.713
4680.703	1.446	0.707
4680.781	1.446	0.701
4680.873	1.447	0.697
4680.950	1.446	0.695
4681.028	1.446	0.693
4681.119	1.447	0.693
4681.197	1.448	0.693
4681.276	1.447	0.692
4681.367	1.446	0.693
4681.445	1.449	0.692
4681.536	1.450	0.695
4681.614	1.449	0.696
4681.692	1.451	0.695
4681.783	1.451	0.691
4681.862	1.451	0.692
4681.953	1.451	0.689
4682.031	1.451	0.683
4682.109	1.451	0.676
4682.200	1.451	0.672
4682.278	1.451	0.671
4682.369	1.451	0.669
4682.447	1.451	0.665
4682.526	1.450	0.660
4682.617	1.450	0.655
4682.695	1.451	0.652
4682.786	1.451	0.651
4682.864	1.450	0.650
4682.942	1.451	0.650
4683.033	1.451	0.647
4683.112	1.451	0.645
4683.203	1.451	0.649
4683.281	1.451	0.655
4683.359	1.451	0.659
4683.450	1.451	0.665
4683.528	1.451	0.671
4683.619	1.451	0.674
4683.697	1.451	0.683
4683.776	1.451	0.689
4683.867	1.451	0.694
4683.945	1.451	0.701
4684.036	1.451	0.708
4684.114	1.451	0.714
4684.192	1.451	0.720
4684.283	1.451	0.725
4684.362	1.451	0.730
4684.453	1.451	0.733
4684.531	1.451	0.737
4684.609	1.451	0.737
4684.700	1.451	0.737
4684.778	1.451	0.737
4684.869	1.451	0.737
4684.947	1.451	0.732
4685.026	1.451	0.730
4685.117	1.451	0.723
4685.195	1.451	0.717
4685.286	1.451	0.717
4685.364	1.451	0.717
4685.442	1.451	0.717
4685.533	1.451	0.717
4685.612	1.451	0.717
4685.703	1.452	0.716
4685.781	1.452	0.716
4685.859	1.452	0.712
4685.950	1.455	0.711
4686.028	1.452	0.716
4686.119	1.452	0.717
4686.197	1.454	0.717
4686.276	1.455	0.715
4686.367	1.455	0.711
4686.445	1.455	0.710
4686.536	1.453	0.708
4686.614	1.455	0.706
4686.692	1.453	0.706
4686.783	1.456	0.701
4686.862	1.456	0.700
4686.953	1.456	0.696
4687.031	1.455	0.694
4687.109	1.456	0.691
4687.200	1.456	0.688
4687.278	1.456	0.682
4687.369	1.456	0.676
4687.447	1.456	0.671
4687.526	1.456	0.670
4687.617	1.456	0.666
4687.695	1.456	0.666
4687.786	1.456	0.666
4687.864	1.456	0.670
4687.942	1.456	0.671
4688.033	1.456	0.674
4688.112	1.456	0.678
4688.203	1.456	0.683
4688.281	1.456	0.689
4688.359	1.456	0.691
4688.450	1.456	0.691
4688.528	1.457	0.691
4688.619	1.456	0.690
4688.697	1.457	0.691
4688.776	1.457	0.688
4688.867	1.457	0.686
4688.945	1.456	0.680
4689.036	1.457	0.676
4689.114	1.459	0.675
4689.192	1.458	0.671
4689.283	1.460	0.670
4689.362	1.459	0.667
4689.453	1.459	0.664
4689.531	1.457	0.658
4689.609	1.459	0.655
4689.700	1.459	0.650
4689.778	1.459	0.646
4689.869	1.461	0.645
4689.947	1.461	0.644
4690.026	1.459	0.640
4690.117	1.461	0.639
4690.195	1.461	0.635
4690.286	1.461	0.635
4690.364	1.461	0.640
4690.442	1.461	0.642
4690.533	1.461	0.644
4690.612	1.461	0.647
4690.703	1.461	0.650
4690.781	1.461	0.654
4690.859	1.461	0.655
4690.950	1.461	0.655
4691.028	1.461	0.655
4691.119	1.461	0.655
4691.197	1.461	0.655
4691.276	1.461	0.655
4691.367	1.461	0.651
4691.445	1.461	0.652
4691.536	1.461	0.655
4691.614	1.461	0.655
4691.692	1.461	0.655
4691.783	1.461	0.657
4691.862	1.461	0.659
4691.953	1.462	0.660
4692.031	1.463	0.660
4692.109	1.463	0.664
4692.200	1.461	0.667
4692.278	1.461	0.671
4692.369	1.461	0.676
4692.447	1.464	0.680
4692.526	1.463	0.683
4692.617	1.462	0.686
4692.695	1.462	0.686
4692.786	1.462	0.687
4692.864	1.464	0.687
4692.942	1.464	0.687
4693.033	1.465	0.686
4693.112	1.463	0.682
4693.203	1.462	0.676
4693.281	1.466	0.672
4693.359	1.466	0.671
4693.450	1.465	0.668
4693.528	1.467	0.666
4693.619	1.465	0.664
4693.697	1.467	0.663
4693.776	1.467	0.666
4693.867	1.467	0.672
4693.945	1.467	0.676
4694.036	1.467	0.680
4694.114	1.467	0.685
4694.192	1.467	0.684
4694.283	1.467	0.686
4694.362	1.467	0.688
4694.453	1.467	0.689
4694.531	1.467	0.690
4694.609	1.467	0.691
4694.700	1.467	0.691
4694.778	1.467	0.691
4694.869	1.467	0.690
4694.947	1.467	0.690
4695.026	1.467	0.688
4695.117	1.467	0.686
4695.195	1.467	0.683
4695.286	1.467	0.681
4695.364	1.467	0.680
4695.442	1.467	0.677
4695.533	1.467	0.676
4695.612	1.467	0.672
4695.703	1.467	0.671
4695.781	1.467	0.671
4695.859	1.467	0.671
4695.950	1.467	0.671
4696.028	1.467	0.669
4696.119	1.467	0.671
4696.197	1.467	0.671
4696.276	1.467	0.668
4696.367	1.467	0.666
4696.445	1.467	0.663
4696.536	1.467	0.662
4696.614	1.467	0.665
4696.692	1.467	0.666
4696.783	1.467	0.669
4696.862	1.467	0.674
4696.953	1.467	0.677
4697.031	1.467	0.683
4697.109	1.467	0.686
4697.200	1.468	0.686
4697.278	1.470	0.683
4697.369	1.468	0.681
4697.447	1.468	0.678
4697.526	1.470	0.676
4697.617	1.468	0.676
4697.695	1.472	0.677
4697.786	1.471	0.678
4697.864	1.470	0.682
4697.942	1.468	0.683
4698.033	1.469	0.684
4698.112	1.469	0.686
4698.203	1.469	0.689
4698.281	1.472	0.692
4698.359	1.472	0.695
4698.450	1.470	0.697
4698.528	1.470	0.701
4698.619	1.472	0.706
4698.697	1.472	0.709
4698.776	1.472	0.711
4698.867	1.472	0.711
4698.945	1.472	0.711
4699.036	1.472	0.711
4699.114	1.472	0.708
4699.192	1.472	0.704
4699.283	1.472	0.697
4699.362	1.472	0.692
4699.453	1.472	0.684
4699.531	1.472	0.678
4699.609	1.472	0.673
4699.700	1.472	0.668
4699.778	1.472	0.664
4699.869	1.472	0.660
4699.947	1.472	0.660
4700.026	1.472	0.658
4700.117	1.472	0.657
4700.195	1.472	0.655
4700.286	1.472	0.655
4700.364	1.472	0.655
4700.442	1.472	0.649
4700.533	1.473	0.647
4700.612	1.472	0.643
4700.703	1.472	0.638
4700.781	1.472	0.632
4700.859	1.473	0.626
4700.950	1.473	0.617
4701.028	1.472	0.615
4701.119	1.472	0.610
4701.197	1.473	0.604
4701.276	1.472	0.604
4701.367	1.473	0.598
4701.445	1.474	0.593
4701.536	1.473	0.588
4701.614	1.475	0.584
4701.692	1.473	0.580
4701.783	1.475	0.574
4701.862	1.475	0.570
4701.953	1.474	0.564
4702.031	1.476	0.561
4702.109	1.477	0.556
4702.200	1.476	0.553
4702.278	1.474	0.553
4702.369	1.476	0.549
4702.447	1.476	0.553
4702.526	1.476	0.553
4702.617	1.477	0.556
4702.695	1.477	0.558
4702.786	1.475	0.559
4702.864	1.477	0.559
4702.942	1.476	0.561
4703.033	1.477	0.561
4703.112	1.477	0.564
4703.203	1.477	0.564
4703.281	1.477	0.565
4703.359	1.477	0.569
4703.450	1.477	0.574
4703.528	1.477	0.575
4703.619	1.477	0.579
4703.697	1.477	0.583
4703.776	1.477	0.584
4703.867	1.477	0.589
4703.945	1.477	0.589
4704.036	1.477	0.589
4704.114	1.477	0.589
4704.192	1.477	0.589
4704.283	1.477	0.589
4704.362	1.477	0.589
4704.453	1.477	0.591
4704.531	1.477	0.594
4704.609	1.477	0.599
4704.700	1.477	0.604
4704.778	1.478	0.608
4704.869	1.477	0.610
4704.947	1.478	0.610
4705.026	1.478	0.615
4705.117	1.478	0.619
4705.195	1.478	0.626
4705.286	1.481	0.630
4705.364	1.479	0.630
4705.442	1.479	0.631
4705.533	1.479	0.635
4705.612	1.478	0.635
4705.703	1.481	0.635
4705.781	1.481	0.635
4705.859	1.481	0.636
4705.950	1.479	0.635
4706.028	1.481	0.635
4706.119	1.481	0.636
4706.197	1.482	0.640
4706.276	1.481	0.643
4706.367	1.482	0.645
4706.445	1.481	0.649
4706.536	1.482	0.653
4706.614	1.482	0.655
4706.692	1.482	0.655
4706.783	1.482	0.655
4706.862	1.482	0.655
4706.953	1.482	0.655
4707.031	1.482	0.655
4707.109	1.482	0.655
4707.200	1.482	0.655
4707.278	1.482	0.655
4707.369	1.482	0.655
4707.447	1.482	0.660
4707.526	1.482	0.662
4707.617	1.482	0.666
4707.695	1.482	0.666
4707.786	1.482	0.671
4707.864	1.482	0.671
4707.942	1.482	0.672
4708.033	1.484	0.671
4708.112	1.482	0.671
4708.203	1.482	0.672
4708.281	1.482	0.676
4708.359	1.482	0.677
4708.450	1.483	0.678
4708.528	1.482	0.681
4708.619	1.483	0.679
4708.697	1.482	0.677
4708.776	1.484	0.677
4708.867	1.484	0.676
4708.945	1.484	0.675
4709.036	1.484	0.672
4709.114	1.483	0.671
4709.192	1.483	0.666
4709.283	1.484	0.662
4709.362	1.484	0.660
4709.453	1.486	0.660
4709.531	1.485	0.660
4709.609	1.486	0.665
4709.700	1.487	0.665
4709.778	1.487	0.666
4709.869	1.487	0.666
4709.947	1.487	0.666
4710.026	1.487	0.662
4710.117	1.487	0.665
4710.195	1.487	0.665
4710.286	1.487	0.666
4710.364	1.487	0.666
4710.442	1.487	0.662
4710.533	1.487	0.659
4710.612	1.487	0.655
4710.703	1.487	0.653
4710.781	1.487	0.648
4710.859	1.487	0.642
4710.950	1.487	0.637
4711.028	1.487	0.635
4711.119	1.487	0.634
4711.197	1.487	0.632
4711.276	1.487	0.633
4711.367	1.487	0.634
4711.445	1.487	0.634
4711.536	1.487	0.635
4711.614	1.487	0.631
4711.692	1.487	0.629
4711.783	1.487	0.624
4711.862	1.487	0.618
4711.953	1.487	0.614
4712.031	1.487	0.607
4712.109	1.487	0.602
4712.200	1.487	0.595
4712.278	1.488	0.589
4712.369	1.487	0.589
4712.447	1.487	0.584
4712.526	1.487	0.582
4712.617	1.487	0.583
4712.695	1.487	0.581
4712.786	1.487	0.584
4712.864	1.487	0.584
4712.942	1.487	0.584
4713.033	1.488	0.584
4713.112	1.488	0.587
4713.203	1.490	0.589
4713.281	1.489	0.592
4713.359	1.490	0.594
4713.450	1.489	0.599
4713.528	1.488	0.604
4713.619	1.490	0.604
4713.697	1.491	0.607
4713.776	1.491	0.610
4713.867	1.491	0.610
4713.945	1.490	0.610
4714.036	1.492	0.610
4714.114	1.492	0.607
4714.192	1.491	0.606
4714.283	1.492	0.607
4714.362	1.491	0.604
4714.453	1.492	0.604
4714.531	1.492	0.602
4714.609	1.492	0.602
4714.700	1.492	0.599
4714.778	1.492	0.598
4714.869	1.492	0.594
4714.947	1.492	0.591
4715.026	1.492	0.588
4715.117	1.492	0.585
4715.195	1.492	0.584
4715.286	1.492	0.580
4715.364	1.492	0.578
4715.442	1.492	0.574
4715.533	1.492	0.570
4715.612	1.492	0.563
4715.703	1.492	0.557
4715.781	1.492	0.553
4715.859	1.492	0.548
4715.950	1.492	0.546
4716.028	1.492	0.542
4716.119	1.492	0.539
4716.197	1.492	0.538
4716.276	1.492	0.538
4716.367	1.492	0.540
4716.445	1.492	0.542
4716.536	1.492	0.543
4716.614	1.492	0.544
4716.692	1.492	0.546
4716.783	1.493	0.547
4716.862	1.492	0.547
4716.953	1.492	0.547
4717.031	1.492	0.548
4717.109	1.492	0.549
4717.200	1.492	0.548
4717.278	1.492	0.548
4717.369	1.492	0.548
4717.447	1.492	0.548
4717.526	1.492	0.552
4717.617	1.492	0.553
4717.695	1.493	0.553
4717.786	1.492	0.556
4717.864	1.492	0.559
4717.942	1.493	0.563
4718.033	1.492	0.564
4718.112	1.494	0.564
4718.203	1.495	0.564
4718.281	1.494	0.564
4718.359	1.495	0.564
4718.450	1.495	0.564
4718.528	1.495	0.564
4718.619	1.495	0.566
4718.697	1.495	0.568
4718.776	1.496	0.569
4718.867	1.497	0.569
4718.945	1.496	0.573
4719.036	1.496	0.574
4719.114	1.497	0.574
4719.192	1.497	0.574
4719.283	1.497	0.574
4719.362	1.497	0.573
4719.453	1.497	0.569
4719.531	1.497	0.569
4719.609	1.497	0.569
4719.700	1.497	0.564
4719.778	1.497	0.566
4719.869	1.497	0.564
4719.947	1.498	0.561
4720.026	1.497	0.556
4720.117	1.497	0.553
4720.195	1.497	0.553
4720.286	1.497	0.547
4720.364	1.498	0.545
4720.442	1.498	0.541
4720.533	1.498	0.538
4720.612	1.497	0.534
4720.703	1.497	0.532
4720.781	1.497	0.529
4720.859	1.498	0.528
4720.950	1.497	0.528
4721.028	1.497	0.528
4721.119	1.498	0.528
4721.197	1.498	0.532
4721.276	1.500	0.533
4721.367	1.501	0.533
4721.445	1.500	0.535
4721.523	1.500	0.538
4721.614	1.501	0.542
4721.692	1.498	0.548
4721.783	1.500	0.549
4721.862	1.499	0.553
4721.953	1.499	0.559
4722.031	1.502	0.559
4722.109	1.501	0.562
4722.200	1.502	0.564
4722.278	1.501	0.567
4722.356	1.501	0.573
4722.447	1.502	0.577
4722.526	1.502	0.581
4722.617	1.502	0.588
4722.695	1.501	0.593
4722.773	1.502	0.597
4722.864	1.502	0.604
4722.942	1.502	0.610
4723.033	1.502	0.615
4723.112	1.502	0.615
4723.203	1.501	0.615
4723.281	1.502	0.615
4723.359	1.502	0.615
4723.450	1.502	0.615
4723.528	1.502	0.612
4723.619	1.502	0.612
4723.697	1.502	0.609
4723.776	1.502	0.606
4723.867	1.502	0.605
4723.945	1.502	0.605
4724.036	1.502	0.605
4724.114	1.502	0.609
4724.192	1.502	0.609
4724.283	1.502	0.610
4724.362	1.502	0.615
4724.453	1.502	0.617
4724.531	1.502	0.620
4724.609	1.502	0.621
4724.700	1.502	0.622
4724.778	1.502	0.626
4724.869	1.502	0.632
4724.947	1.502	0.637
4725.026	1.502	0.641
4725.117	1.503	0.643
4725.195	1.502	0.646
4725.286	1.502	0.645
4725.364	1.502	0.643
4725.442	1.503	0.638
4725.533	1.502	0.635
4725.612	1.504	0.630
4725.703	1.502	0.625
4725.781	1.502	0.622
4725.859	1.504	0.619
4725.950	1.504	0.615
4726.028	1.504	0.615
4726.106	1.503	0.610
4726.197	1.506	0.606
4726.276	1.504	0.602
4726.367	1.507	0.599
4726.445	1.504	0.594
4726.523	1.504	0.593
4726.614	1.506	0.589
4726.692	1.506	0.589
4726.783	1.506	0.587
4726.862	1.507	0.582
4726.940	1.507	0.579
4727.031	1.507	0.577
4727.109	1.507	0.581
4727.200	1.507	0.582
4727.278	1.506	0.580
4727.356	1.507	0.579
4727.447	1.507	0.581
4727.526	1.507	0.584
4727.617	1.507	0.584
4727.695	1.507	0.584
4727.773	1.507	0.583
4727.864	1.507	0.580
4727.942	1.507	0.576
4728.033	1.507	0.574
4728.112	1.507	0.574
4728.190	1.507	0.570
4728.281	1.507	0.569
4728.359	1.507	0.564
4728.450	1.507	0.564
4728.528	1.507	0.562
4728.606	1.507	0.564
4728.697	1.507	0.563
4728.776	1.507	0.563
4728.867	1.507	0.564
4728.945	1.507	0.564
4729.023	1.507	0.564
4729.114	1.507	0.559
4729.192	1.507	0.554
4729.283	1.507	0.549
4729.362	1.507	0.548
4729.440	1.507	0.548
4729.531	1.507	0.548
4729.609	1.507	0.548
4729.700	1.507	0.548
4729.778	1.507	0.548
4729.856	1.507	0.547
4729.947	1.507	0.540
4730.026	1.507	0.535
4730.117	1.507	0.533
4730.195	1.507	0.533
4730.273	1.507	0.533
4730.364	1.507	0.531
4730.442	1.507	0.533
4730.533	1.507	0.533
4730.612	1.508	0.533
4730.690	1.507	0.534
4730.781	1.507	0.534
4730.859	1.508	0.536
4730.950	1.507	0.536
4731.028	1.508	0.537
4731.106	1.507	0.535
4731.197	1.508	0.535
4731.276	1.508	0.537
4731.367	1.509	0.538
4731.445	1.508	0.538
4731.523	1.509	0.535
4731.614	1.511	0.534
4731.692	1.509	0.530
4731.783	1.510	0.525
4731.862	1.509	0.519
4731.940	1.512	0.514
4732.031	1.510	0.509
4732.109	1.512	0.508
4732.200	1.511	0.502
4732.278	1.511	0.504
4732.356	1.512	0.507
4732.447	1.512	0.507
4732.526	1.512	0.508
4732.617	1.512	0.508
4732.695	1.512	0.508
4732.773	1.512	0.508
4732.864	1.512	0.508
4732.942	1.512	0.508
4733.033	1.512	0.508
4733.112	1.512	0.506
4733.190	1.512	0.502
4733.281	1.512	0.499
4733.359	1.512	0.497
4733.450	1.512	0.494
4733.528	1.512	0.491
4733.606	1.512	0.485
4733.697	1.512	0.482
4733.776	1.512	0.482
4733.867	1.512	0.482
4733.945	1.512	0.480
4734.023	1.512	0.480
4734.114	1.512	0.480
4734.192	1.512	0.482
4734.283	1.512	0.482
4734.362	1.512	0.486
4734.440	1.512	0.490
4734.531	1.512	0.492
4734.609	1.512	0.498
4734.700	1.512	0.502
4734.778	1.512	0.503
4734.856	1.512	0.506
4734.947	1.512	0.508
4735.026	1.512	0.508
4735.117	1.512	0.508
4735.195	1.512	0.508
4735.273	1.512	0.513
4735.364	1.512	0.513
4735.442	1.512	0.513
4735.533	1.512	0.514
4735.612	1.512	0.517
4735.690	1.512	0.520
4735.781	1.512	0.523
4735.859	1.512	0.526
4735.950	1.512	0.528
4736.028	1.512	0.528
4736.106	1.512	0.528
4736.197	1.512	0.528
4736.276	1.512	0.527
4736.367	1.512	0.528
4736.445	1.512	0.531
4736.523	1.513	0.529
4736.614	1.512	0.528
4736.692	1.513	0.528
4736.783	1.513	0.528
4736.862	1.512	0.525
4736.940	1.515	0.525
4737.031	1.514	0.528
4737.109	1.512	0.528
4737.200	1.513	0.528
4737.278	1.514	0.528
4737.356	1.515	0.532
4737.447	1.516	0.531
4737.526	1.516	0.529
4737.617	1.517	0.525
4737.695	1.514	0.522
4737.773	1.514	0.519
4737.864	1.517	0.514
4737.942	1.517	0.513
4738.033	1.517	0.510
4738.112	1.517	0.506
4738.190	1.516	0.502
4738.281	1.518	0.501
4738.359	1.518	0.497
4738.450	1.518	0.493
4738.528	1.518	0.492
4738.606	1.517	0.490
4738.697	1.518	0.488
4738.776	1.518	0.488
4738.867	1.518	0.487
4738.945	1.518	0.483
4739.023	1.518	0.481
4739.114	1.518	0.475
4739.192	1.518	0.472
4739.283	1.518	0.471
4739.362	1.518	0.471
4739.440	1.518	0.471
4739.531	1.518	0.471
4739.609	1.518	0.472
4739.700	1.518	0.471
4739.778	1.518	0.472
4739.856	1.518	0.472
4739.947	1.518	0.477
4740.026	1.518	0.477
4740.117	1.518	0.482
4740.195	1.518	0.482
4740.273	1.518	0.482
4740.364	1.518	0.485
4740.442	1.518	0.487
4740.533	1.518	0.487
4740.612	1.518	0.485
4740.690	1.518	0.481
4740.781	1.518	0.479
4740.859	1.518	0.473
4740.950	1.518	0.472
4741.028	1.518	0.471
4741.106	1.518	0.471
4741.197	1.518	0.467
4741.276	1.518	0.467
4741.367	1.518	0.472
4741.445	1.518	0.472
4741.523	1.518	0.475
4741.614	1.518	0.481
4741.692	1.518	0.485
4741.783	1.518	0.489
4741.862	1.518	0.491
4741.940	1.518	0.491
4742.031	1.518	0.488
4742.109	1.520	0.487
4742.200	1.520	0.487
4742.278	1.522	0.486
4742.356	1.519	0.485
4742.447	1.519	0.485
4742.526	1.518	0.486
4742.617	1.523	0.489
4742.695	1.523	0.492
4742.773	1.521	0.495
4742.864	1.520	0.498
4742.942	1.520	0.502
4743.033	1.522	0.502
4743.112	1.522	0.502
4743.190	1.523	0.502
4743.281	1.522	0.502
4743.359	1.523	0.502
4743.450	1.523	0.502
4743.528	1.522	0.502
4743.606	1.521	0.499
4743.697	1.523	0.497
4743.776	1.523	0.497
4743.867	1.523	0.493
4743.945	1.523	0.492
4744.023	1.523	0.492
4744.114	1.523	0.492
4744.192	1.523	0.492
4744.283	1.523	0.492
4744.362	1.523	0.497
4744.440	1.523	0.502
4744.531	1.523	0.507
4744.609	1.523	0.510
4744.700	1.523	0.513
4744.778	1.523	0.516
4744.856	1.523	0.519
4744.947	1.523	0.520
4745.026	1.523	0.516
4745.117	1.523	0.514
4745.195	1.523	0.513
4745.273	1.523	0.514
4745.364	1.523	0.516
4745.442	1.523	0.514
4745.533	1.523	0.513
4745.612	1.523	0.513
4745.690	1.523	0.508
4745.781	1.523	0.507
4745.859	1.524	0.505
4745.950	1.523	0.505
4746.028	1.524	0.506
4746.106	1.524	0.504
4746.197	1.524	0.503
4746.276	1.523	0.502
4746.367	1.524	0.502
4746.445	1.523	0.502
4746.523	1.524	0.501
4746.614	1.523	0.497
4746.692	1.525	0.496
4746.783	1.523	0.494
4746.862	1.524	0.492
4746.940	1.525	0.492
4747.031	1.524	0.492
4747.109	1.524	0.489
4747.200	1.525	0.485
4747.278	1.524	0.481
4747.356	1.524	0.474
4747.447	1.524	0.467
4747.526	1.524	0.458
4747.617	1.525	0.453
4747.695	1.524	0.447
4747.773	1.525	0.446
4747.864	1.524	0.441
4747.942	1.524	0.441
4748.033	1.526	0.441
4748.112	1.524	0.441
4748.190	1.524	0.443
4748.281	1.523	0.441
4748.359	1.525	0.441
4748.450	1.525	0.436
4748.528	1.528	0.432
4748.606	1.528	0.431
4748.697	1.528	0.429
4748.776	1.528	0.429
4748.867	1.528	0.430
4748.945	1.528	0.431
4749.023	1.528	0.430
4749.114	1.528	0.431
4749.192	1.527	0.429
4749.283	1.528	0.426
4749.362	1.528	0.422
4749.440	1.528	0.418
4749.531	1.528	0.416
4749.609	1.528	0.418
4749.700	1.528	0.420
4749.778	1.528	0.421
4749.856	1.528	0.423
4749.947	1.527	0.426
4750.026	1.528	0.430
4750.117	1.528	0.431
4750.195	1.528	0.432
4750.273	1.527	0.435
4750.364	1.528	0.435
4750.442	1.528	0.436
4750.533	1.528	0.432
4750.612	1.528	0.429
4750.690	1.528	0.425
4750.781	1.528	0.422
4750.859	1.528	0.421
4750.950	1.528	0.420
4751.028	1.528	0.420
4751.106	1.528	0.423
4751.197	1.528	0.426
4751.276	1.528	0.426
4751.367	1.528	0.431
4751.445	1.528	0.434
4751.523	1.528	0.441
4751.614	1.528	0.445
4751.692	1.529	0.446
4751.783	1.528	0.446
4751.862	1.529	0.448
4751.940	1.528	0.452
4752.031	1.528	0.451
4752.109	1.528	0.452
4752.200	1.528	0.452
4752.278	1.528	0.452
4752.356	1.528	0.452
4752.447	1.529	0.451
4752.526	1.529	0.452
4752.617	1.529	0.452
4752.695	1.529	0.456
4752.773	1.530	0.457
4752.864	1.528	0.457
4752.942	1.529	0.456
4753.033	1.529	0.457
4753.112	1.529	0.452
4753.190	1.529	0.452
4753.281	1.530	0.452
4753.359	1.528	0.452
4753.450	1.530	0.452
4753.528	1.530	0.451
4753.606	1.533	0.449
4753.697	1.529	0.447
4753.776	1.532	0.446
4753.867	1.532	0.443
4753.945	1.533	0.441
4754.023	1.533	0.441
4754.114	1.533	0.436
4754.192	1.529	0.432
4754.283	1.532	0.430
4754.362	1.533	0.427
4754.440	1.533	0.425
4754.531	1.533	0.423
4754.609	1.533	0.417
4754.700	1.532	0.412
4754.778	1.532	0.411
4754.856	1.533	0.411
4754.947	1.533	0.411
4755.026	1.532	0.406
4755.117	1.531	0.406
4755.195	1.533	0.406
4755.273	1.533	0.406
4755.364	1.533	0.406
4755.442	1.533	0.406
4755.533	1.533	0.406
4755.612	1.532	0.406
4755.690	1.533	0.406
4755.781	1.533	0.404
4755.859	1.533	0.405
4755.950	1.533	0.406
4756.028	1.533	0.410
4756.106	1.533	0.416
4756.197	1.533	0.423
4756.276	1.533	0.429
4756.367	1.533	0.435
4756.445	1.533	0.438
4756.523	1.533	0.441
4756.614	1.533	0.444
4756.692	1.533	0.446
4756.783	1.533	0.446
4756.862	1.533	0.446
4756.940	1.533	0.443
4757.031	1.533	0.441
4757.109	1.533	0.441
4757.200	1.533	0.438
4757.278	1.533	0.440
4757.356	1.533	0.437
4757.447	1.533	0.437
4757.526	1.533	0.440
4757.617	1.533	0.443
4757.695	1.533	0.446
4757.773	1.533	0.449
4757.864	1.533	0.452
4757.942	1.533	0.455
4758.033	1.533	0.458
4758.112	1.533	0.463
4758.190	1.533	0.468
4758.281	1.533	0.472
4758.359	1.533	0.480
4758.450	1.533	0.485
4758.528	1.533	0.487
4758.606	1.533	0.490
4758.697	1.533	0.492
4758.776	1.533	0.499
4758.867	1.533	0.506
4758.945	1.533	0.511
4759.023	1.533	0.517
4759.114	1.533	0.517
4759.192	1.533	0.517
4759.283	1.533	0.515
4759.362	1.533	0.513
4759.440	1.533	0.513
4759.531	1.533	0.512
4759.609	1.533	0.508
4759.687	1.533	0.508
4759.778	1.533	0.502
4759.856	1.533	0.503
4759.947	1.533	0.506
4760.026	1.533	0.507
4760.104	1.533	0.508
4760.195	1.533	0.507
4760.273	1.533	0.504
4760.364	1.533	0.503
4760.442	1.535	0.502
4760.521	1.533	0.497
4760.612	1.534	0.497
4760.690	1.535	0.494
4760.781	1.535	0.493
4760.859	1.535	0.496
4760.937	1.535	0.497
4761.028	1.535	0.497
4761.106	1.535	0.497
4761.197	1.534	0.497
4761.276	1.535	0.497
4761.367	1.535	0.497
4761.445	1.537	0.492
4761.523	1.533	0.491
4761.614	1.537	0.487
4761.692	1.535	0.483
4761.783	1.536	0.478
4761.862	1.537	0.472
4761.940	1.537	0.469
4762.031	1.535	0.464
4762.109	1.537	0.459
4762.200	1.535	0.456
4762.278	1.536	0.452
4762.356	1.535	0.452
4762.447	1.537	0.450
4762.526	1.538	0.451
4762.604	1.537	0.450
4762.695	1.537	0.452
4762.773	1.537	0.452
4762.864	1.538	0.452
4762.942	1.538	0.451
4763.033	1.538	0.446
4763.112	1.538	0.446
4763.190	1.537	0.446
4763.281	1.538	0.446
4763.359	1.538	0.449
4763.437	1.538	0.452
4763.528	1.538	0.450
4763.606	1.538	0.446
4763.697	1.538	0.444
4763.776	1.538	0.440
4763.854	1.538	0.435
4763.945	1.538	0.429
4764.023	1.538	0.427
4764.114	1.538	0.425
4764.192	1.538	0.424
4764.271	1.538	0.426
4764.362	1.538	0.426
4764.440	1.538	0.427
4764.531	1.538	0.430
4764.609	1.538	0.428
4764.687	1.538	0.426
4764.778	1.538	0.426
4764.856	1.538	0.426
4764.947	1.538	0.428
4765.026	1.538	0.426
4765.104	1.538	0.426
4765.195	1.538	0.426
4765.273	1.538	0.427
4765.364	1.539	0.426
4765.442	1.541	0.426
4765.533	1.538	0.426
4765.612	1.538	0.426
4765.690	1.540	0.429
4765.781	1.538	0.431
4765.859	1.538	0.431
4765.950	1.538	0.431
4766.028	1.538	0.436
4766.106	1.539	0.435
4766.197	1.540	0.435
4766.276	1.538	0.435
4766.367	1.541	0.436
4766.445	1.539	0.435
4766.523	1.538	0.433
4766.614	1.538	0.429
4766.692	1.541	0.425
4766.783	1.541	0.418
4766.862	1.540	0.408
4766.940	1.541	0.402
4767.031	1.541	0.394
4767.109	1.540	0.390
4767.187	1.539	0.387
4767.278	1.539	0.384
4767.356	1.538	0.384
4767.447	1.541	0.384
4767.526	1.540	0.385
4767.617	1.539	0.385
4767.695	1.542	0.390
4767.773	1.541	0.390
4767.864	1.539	0.392
4767.942	1.541	0.395
4768.033	1.542	0.399
4768.112	1.542	0.397
4768.190	1.543	0.395
4768.281	1.543	0.395
4768.359	1.541	0.390
4768.450	1.541	0.390
4768.528	1.541	0.385
4768.606	1.543	0.383
4768.697	1.542	0.380
4768.776	1.542	0.376
4768.867	1.542	0.375
4768.945	1.543	0.375
4769.023	1.541	0.372
4769.114	1.541	0.369
4769.192	1.542	0.367
4769.271	1.542	0.363
4769.362	1.543	0.360
4769.440	1.542	0.359
4769.531	1.543	0.356
4769.609	1.542	0.356
4769.700	1.543	0.354
4769.778	1.543	0.352
4769.856	1.543	0.350
4769.947	1.543	0.350
4770.026	1.543	0.348
4770.104	1.543	0.348
4770.195	1.543	0.347
4770.273	1.543	0.349
4770.364	1.543	0.349
4770.442	1.543	0.350
4770.521	1.543	0.350
4770.612	1.543	0.352
4770.690	1.543	0.356
4770.781	1.543	0.362
4770.859	1.543	0.368
4770.950	1.543	0.372
4771.028	1.543	0.376
4771.106	1.543	0.380
4771.197	1.543	0.381
4771.276	1.543	0.385
4771.367	1.543	0.389
4771.445	1.543	0.390
4771.523	1.543	0.393
4771.614	1.543	0.395
4771.692	1.543	0.397
4771.771	1.543	0.400
4771.862	1.543	0.401
4771.940	1.543	0.401
4772.031	1.543	0.401
4772.109	1.543	0.401
4772.187	1.543	0.399
4772.278	1.543	0.398
4772.356	1.543	0.398
4772.447	1.544	0.393
4772.526	1.543	0.390
4772.604	1.543	0.387
4772.695	1.543	0.385
4772.773	1.543	0.385
4772.864	1.543	0.383
4772.942	1.543	0.381
4773.033	1.543	0.378
4773.112	1.543	0.375
4773.190	1.543	0.370
4773.281	1.543	0.368
4773.359	1.543	0.365
4773.450	1.543	0.361
4773.528	1.544	0.354
4773.606	1.544	0.350
4773.697	1.543	0.350
4773.776	1.543	0.349
4773.854	1.543	0.350
4773.945	1.543	0.350
4774.023	1.543	0.350
4774.114	1.543	0.350
4774.192	1.543	0.350
4774.283	1.543	0.350
4774.362	1.545	0.351
4774.440	1.544	0.355
4774.531	1.544	0.360
4774.609	1.543	0.365
4774.700	1.545	0.365
4774.778	1.545	0.366
4774.856	1.544	0.368
4774.947	1.546	0.367
4775.026	1.545	0.370
4775.117	1.544	0.370
4775.195	1.546	0.372
4775.273	1.545	0.375
4775.364	1.545	0.383
4775.442	1.543	0.387
4775.521	1.546	0.390
4775.612	1.546	0.392
4775.690	1.546	0.395
4775.781	1.546	0.395
4775.859	1.546	0.400
4775.950	1.547	0.401
4776.028	1.545	0.401
4776.106	1.548	0.401
4776.197	1.547	0.401
4776.276	1.546	0.402
4776.367	1.546	0.405
4776.445	1.545	0.406
4776.523	1.547	0.407
4776.614	1.547	0.410
4776.692	1.547	0.411
4776.771	1.548	0.410
4776.862	1.548	0.410
4776.940	1.546	0.411
4777.031	1.548	0.411
4777.109	1.547	0.409
4777.200	1.547	0.411
4777.278	1.547	0.411
4777.356	1.548	0.411
4777.447	1.547	0.411
4777.526	1.548	0.414
4777.617	1.548	0.414
4777.695	1.548	0.411
4777.773	1.548	0.410
4777.864	1.548	0.409
4777.942	1.548	0.410
4778.021	1.548	0.409
4778.112	1.548	0.406
4778.190	1.548	0.401
4778.281	1.548	0.399
4778.359	1.548	0.392
4778.437	1.548	0.390
4778.528	1.548	0.389
4778.606	1.548	0.384
4778.697	1.548	0.381
4778.776	1.548	0.376
4778.854	1.548	0.372
4778.945	1.548	0.367
4779.023	1.548	0.362
4779.114	1.548	0.353
4779.192	1.548	0.348
4779.271	1.548	0.344
4779.362	1.549	0.339
4779.440	1.548	0.333
4779.531	1.548	0.330
4779.609	1.548	0.329
4779.687	1.548	0.329
4779.778	1.548	0.329
4779.856	1.548	0.329
4779.947	1.548	0.332
4780.026	1.548	0.332
4780.104	1.548	0.333
4780.195	1.548	0.330
4780.273	1.548	0.332
4780.364	1.548	0.330
4780.442	1.548	0.331
4780.521	1.548	0.329
4780.612	1.548	0.329
4780.690	1.549	0.334
4780.781	1.548	0.339
4780.859	1.549	0.343
4780.937	1.548	0.344
4781.028	1.548	0.347
4781.106	1.548	0.350
4781.197	1.548	0.350
4781.276	1.548	0.350
4781.367	1.548	0.349
4781.445	1.548	0.344
4781.523	1.548	0.344
4781.614	1.548	0.344
4781.692	1.549	0.348
4781.771	1.548	0.350
4781.862	1.549	0.350
4781.940	1.548	0.350
4782.031	1.550	0.345
4782.109	1.548	0.344
4782.187	1.550	0.344
4782.278	1.549	0.344
4782.356	1.548	0.344
4782.447	1.548	0.341
4782.526	1.550	0.337
4782.604	1.549	0.333
4782.695	1.549	0.330
4782.773	1.550	0.328
4782.864	1.549	0.321
4782.942	1.549	0.313
4783.021	1.550	0.308
4783.112	1.550	0.304
4783.190	1.549	0.297
4783.281	1.548	0.290
4783.359	1.552	0.285
4783.437	1.551	0.283
4783.528	1.548	0.281
4783.606	1.548	0.278
4783.697	1.551	0.278
4783.776	1.551	0.276
4783.854	1.549	0.278
4783.945	1.551	0.284
4784.023	1.550	0.288
4784.114	1.549	0.291
4784.192	1.550	0.295
4784.283	1.551	0.301
4784.362	1.550	0.304
4784.440	1.552	0.309
4784.531	1.552	0.311
4784.609	1.552	0.314
4784.687	1.552	0.314
4784.778	1.552	0.315
4784.856	1.552	0.312
4784.947	1.551	0.310
4785.026	1.551	0.307
4785.117	1.552	0.304
4785.195	1.553	0.304
4785.273	1.552	0.304
4785.364	1.552	0.301
4785.442	1.552	0.304
4785.521	1.552	0.306
4785.612	1.552	0.309
4785.690	1.551	0.309
4785.781	1.553	0.309
4785.859	1.552	0.309
4785.937	1.553	0.305
4786.028	1.552	0.303
4786.106	1.553	0.299
4786.197	1.552	0.299
4786.276	1.552	0.299
4786.354	1.553	0.298
4786.445	1.552	0.299
4786.523	1.553	0.301
4786.614	1.553	0.307
4786.692	1.553	0.314
4786.771	1.552	0.321
4786.862	1.553	0.328
4786.940	1.553	0.337
4787.031	1.553	0.339
4787.109	1.553	0.340
4787.187	1.553	0.339
4787.278	1.552	0.339
4787.356	1.552	0.339
4787.447	1.553	0.339
4787.526	1.553	0.339
4787.604	1.553	0.339
4787.695	1.553	0.340
4787.773	1.553	0.339
4787.864	1.553	0.339
4787.942	1.553	0.337
4788.021	1.553	0.334
4788.112	1.553	0.330
4788.190	1.553	0.329
4788.281	1.552	0.329
4788.359	1.553	0.329
4788.437	1.552	0.326
4788.528	1.553	0.324
4788.606	1.553	0.324
4788.697	1.552	0.324
4788.776	1.553	0.324
4788.854	1.553	0.324
4788.945	1.553	0.324
4789.023	1.553	0.325
4789.114	1.553	0.330
4789.192	1.553	0.332
4789.271	1.553	0.338
4789.362	1.553	0.340
4789.440	1.553	0.343
4789.531	1.553	0.344
4789.609	1.553	0.344
4789.687	1.553	0.344
4789.778	1.553	0.344
4789.856	1.553	0.345
4789.947	1.553	0.350
4790.026	1.553	0.352
4790.104	1.553	0.356
4790.195	1.553	0.360
4790.273	1.553	0.360
4790.364	1.553	0.359
4790.442	1.553	0.360
4790.521	1.553	0.359
4790.612	1.553	0.356
4790.690	1.553	0.350
4790.781	1.553	0.346
4790.859	1.553	0.343
4790.950	1.553	0.339
4791.028	1.553	0.339
4791.106	1.553	0.339
4791.197	1.553	0.341
4791.276	1.553	0.343
4791.354	1.553	0.344
4791.445	1.553	0.350
4791.523	1.553	0.350
4791.614	1.553	0.350
4791.692	1.553	0.348
4791.771	1.553	0.345
4791.862	1.553	0.340
4791.940	1.553	0.333
4792.031	1.553	0.328
4792.109	1.553	0.323
4792.187	1.553	0.319
4792.278	1.553	0.316
4792.356	1.553	0.311
4792.447	1.553	0.309
4792.526	1.553	0.309
4792.604	1.553	0.309
4792.695	1.553	0.309
4792.773	1.553	0.306
4792.864	1.553	0.299
4792.942	1.553	0.293
4793.021	1.553	0.289
4793.112	1.553	0.288
4793.190	1.553	0.282
4793.281	1.553	0.277
4793.359	1.553	0.271
4793.437	1.553	0.265
4793.528	1.553	0.260
4793.606	1.553	0.254
4793.697	1.553	0.253
4793.776	1.553	0.253
4793.867	1.553	0.249
4793.945	1.553	0.248
4794.023	1.553	0.241
4794.114	1.553	0.235
4794.192	1.554	0.231
4794.271	1.553	0.227
4794.362	1.553	0.223
4794.440	1.553	0.219
4794.531	1.553	0.217
4794.609	1.553	0.219
4794.687	1.553	0.220
4794.778	1.553	0.222
4794.856	1.553	0.227
4794.947	1.553	0.225
4795.026	1.553	0.227
4795.104	1.553	0.227
4795.195	1.553	0.228
4795.273	1.554	0.235
4795.364	1.553	0.239
4795.442	1.553	0.245
4795.521	1.555	0.250
4795.612	1.553	0.258
4795.690	1.557	0.264
4795.781	1.555	0.268
4795.859	1.554	0.269
4795.937	1.554	0.273
4796.028	1.554	0.277
4796.106	1.554	0.280
4796.197	1.555	0.288
4796.276	1.553	0.293
4796.354	1.553	0.297
4796.445	1.554	0.303
4796.523	1.554	0.309
4796.614	1.553	0.315
4796.692	1.557	0.322
4796.771	1.554	0.327
4796.862	1.554	0.332
4796.940	1.554	0.334
4797.031	1.553	0.334
4797.109	1.555	0.332
4797.187	1.556	0.329
4797.278	1.558	0.327
4797.356	1.555	0.325
4797.447	1.555	0.324
4797.526	1.556	0.324
4797.604	1.556	0.324
4797.695	1.555	0.324
4797.773	1.553	0.327
4797.864	1.556	0.329
4797.942	1.557	0.329
4798.021	1.556	0.331
4798.112	1.556	0.334
4798.190	1.557	0.336
4798.281	1.558	0.336
4798.359	1.556	0.334
4798.437	1.558	0.333
4798.528	1.557	0.329
4798.606	1.557	0.329
4798.697	1.555	0.329
4798.776	1.555	0.329
4798.854	1.555	0.328
4798.945	1.557	0.327
4799.023	1.558	0.324
4799.114	1.558	0.324
4799.192	1.556	0.323
4799.271	1.557	0.319
4799.362	1.557	0.319
4799.440	1.557	0.319
4799.531	1.557	0.319
4799.609	1.556	0.318
4799.687	1.557	0.316
4799.778	1.557	0.313
4799.856	1.556	0.309
4799.947	1.554	0.306
4800.026	1.557	0.304
4800.104	1.558	0.300
4800.195	1.557	0.298
4800.273	1.555	0.295
4800.364	1.558	0.294
4800.442	1.558	0.299
4800.521	1.556	0.299
4800.612	1.557	0.298
4800.690	1.558	0.294
4800.781	1.558	0.293
4800.859	1.558	0.290
4800.937	1.558	0.288
4801.028	1.557	0.288
4801.106	1.558	0.284
4801.197	1.556	0.283
4801.276	1.557	0.283
4801.354	1.557	0.283
4801.445	1.558	0.278
4801.523	1.558	0.278
4801.614	1.557	0.278
4801.692	1.558	0.276
4801.771	1.557	0.273
4801.862	1.558	0.269
4801.940	1.556	0.266
4802.031	1.558	0.263
4802.109	1.558	0.262
4802.187	1.558	0.262
4802.278	1.558	0.263
4802.356	1.558	0.265
4802.447	1.558	0.269
4802.526	1.558	0.270
4802.604	1.558	0.270
4802.695	1.558	0.267
4802.773	1.558	0.262
4802.864	1.558	0.255
4802.942	1.558	0.251
4803.021	1.558	0.246
4803.112	1.558	0.241
4803.190	1.558	0.237
4803.281	1.558	0.232
4803.359	1.558	0.227
4803.437	1.558	0.227
4803.528	1.558	0.226
4803.606	1.558	0.224
4803.697	1.558	0.226
4803.776	1.558	0.226
4803.854	1.558	0.227
4803.945	1.558	0.227
4804.023	1.558	0.227
4804.114	1.558	0.228
4804.192	1.558	0.227
4804.271	1.558	0.226
4804.362	1.558	0.220
4804.440	1.558	0.214
4804.531	1.558	0.212
4804.609	1.558	0.212
4804.687	1.558	0.212
4804.778	1.558	0.211
4804.856	1.558	0.212
4804.947	1.558	0.209
4805.026	1.558	0.212
4805.104	1.558	0.214
4805.195	1.558	0.217
4805.273	1.558	0.222
4805.364	1.558	0.222
4805.442	1.558	0.222
4805.521	1.558	0.224
4805.612	1.558	0.226
4805.690	1.558	0.227
4805.781	1.558	0.227
4805.859	1.558	0.231
4805.937	1.558	0.231
4806.028	1.558	0.234
4806.106	1.558	0.237
4806.197	1.558	0.237
4806.276	1.558	0.237
4806.354	1.558	0.235
4806.445	1.558	0.231
4806.523	1.558	0.231
4806.614	1.558	0.228
4806.692	1.558	0.227
4806.771	1.558	0.224
4806.862	1.558	0.222
4806.940	1.558	0.219
4807.031	1.558	0.217
4807.109	1.558	0.215
4807.187	1.558	0.212
4807.278	1.558	0.210
4807.356	1.558	0.205
4807.447	1.558	0.200
4807.526	1.558	0.196
4807.604	1.558	0.193
4807.695	1.558	0.191
4807.773	1.558	0.190
4807.864	1.558	0.192
4807.942	1.558	0.195
4808.021	1.558	0.197
4808.112	1.558	0.197
4808.190	1.558	0.197
4808.281	1.558	0.197
4808.359	1.558	0.197
4808.437	1.558	0.197
4808.528	1.558	0.197
4808.606	1.558	0.197
4808.697	1.558	0.197
4808.776	1.558	0.197
4808.854	1.558	0.193
4808.945	1.558	0.190
4809.023	1.558	0.186
4809.114	1.558	0.183
4809.192	1.558	0.181
4809.271	1.558	0.180
4809.362	1.558	0.176
4809.440	1.558	0.170
4809.531	1.558	0.166
4809.609	1.558	0.162
4809.687	1.558	0.158
4809.778	1.558	0.152
4809.856	1.558	0.145
4809.947	1.558	0.138
4810.026	1.558	0.133
4810.104	1.558	0.126
4810.195	1.558	0.123
4810.273	1.558	0.121
4810.364	1.558	0.122
4810.442	1.558	0.122
4810.521	1.558	0.120
4810.612	1.558	0.121
4810.690	1.558	0.124
4810.781	1.558	0.124
4810.859	1.558	0.123
4810.937	1.558	0.120
4811.028	1.558	0.115
4811.106	1.558	0.112
4811.197	1.558	0.106
4811.276	1.558	0.100
4811.354	1.558	0.100
4811.445	1.558	0.095
4811.523	1.558	0.093
4811.614	1.558	0.086
4811.692	1.558	0.085
4811.771	1.558	0.084
4811.862	1.558	0.079
4811.940	1.558	0.079
4812.031	1.558	0.079
4812.109	1.558	0.076
4812.187	1.558	0.074
4812.278	1.558	0.074
4812.356	1.558	0.074
4812.447	1.558	0.074
4812.526	1.558	0.074
4812.604	1.558	0.074
4812.695	1.558	0.074
4812.773	1.558	0.081
4812.864	1.558	0.086
4812.942	1.558	0.094
4813.021	1.558	0.097
4813.112	1.558	0.100
4813.190	1.558	0.102
4813.281	1.558	0.110
4813.359	1.558	0.114
4813.437	1.558	0.117
4813.528	1.558	0.120
4813.606	1.558	0.118
4813.697	1.558	0.115
4813.776	1.558	0.113
4813.854	1.558	0.110
4813.945	1.558	0.108
4814.023	1.558	0.105
4814.114	1.558	0.103
4814.192	1.558	0.100
4814.271	1.558	0.100
4814.362	1.558	0.100
4814.440	1.558	0.102
4814.531	1.559	0.105
4814.609	1.558	0.107
4814.687	1.558	0.113
4814.778	1.558	0.120
4814.856	1.558	0.125
4814.947	1.558	0.129
4815.026	1.558	0.133
4815.104	1.558	0.137
4815.195	1.558	0.142
4815.273	1.558	0.146
4815.364	1.558	0.152
4815.442	1.558	0.158
4815.521	1.558	0.164
4815.612	1.558	0.166
4815.690	1.558	0.166
4815.781	1.558	0.166
4815.859	1.558	0.164
4815.937	1.558	0.161
4816.028	1.558	0.158
4816.106	1.558	0.153
4816.197	1.558	0.147
4816.276	1.558	0.142
4816.354	1.558	0.137
4816.445	1.558	0.130
4816.523	1.558	0.125
4816.614	1.558	0.120
4816.692	1.558	0.115
4816.771	1.558	0.109
4816.862	1.558	0.107
4816.940	1.558	0.104
4817.031	1.558	0.103
4817.109	1.558	0.103
4817.187	1.558	0.105
4817.278	1.558	0.105
4817.356	1.558	0.104
4817.435	1.558	0.105
4817.526	1.558	0.105
4817.604	1.558	0.103
4817.695	1.558	0.101
4817.773	1.558	0.097
4817.864	1.558	0.093
4817.942	1.558	0.089
4818.021	1.558	0.085
4818.112	1.558	0.078
4818.190	1.558	0.067
4818.281	1.558	0.058
4818.359	1.558	0.051
4818.437	1.558	0.048
4818.528	1.558	0.043
4818.606	1.558	0.039
4818.697	1.558	0.035
4818.776	1.558	0.034
4818.854	1.558	0.033
4818.945	1.558	0.033
4819.023	1.558	0.030
4819.114	1.558	0.028
4819.192	1.558	0.024
4819.271	1.558	0.020
4819.362	1.558	0.016
4819.440	1.558	0.011
4819.531	1.558	0.008
4819.609	1.558	0.006
4819.687	1.558	0.001
4819.778	1.558	-0.006
4819.856	1.558	-0.013
4819.947	1.558	-0.018
4820.026	1.556	-0.022
4820.104	1.558	-0.021
4820.195	1.557	-0.017
4820.273	1.558	-0.016
4820.364	1.558	-0.011
4820.442	1.558	-0.007
4820.521	1.558	-0.007
4820.612	1.557	-0.007
4820.690	1.557	-0.007
4820.781	1.558	-0.008
4820.859	1.558	-0.011
4820.937	1.558	-0.015
4821.028	1.558	-0.021
4821.106	1.558	-0.027
4821.185	1.558	-0.034
4821.276	1.557	-0.038
4821.354	1.557	-0.042
4821.445	1.556	-0.047
4821.523	1.558	-0.053
4821.614	1.558	-0.057
4821.692	1.556	-0.062
4821.771	1.556	-0.068
4821.862	1.557	-0.071
4821.940	1.554	-0.074
4822.031	1.556	-0.079
4822.109	1.555	-0.080
4822.187	1.555	-0.085
4822.278	1.557	-0.089
4822.356	1.556	-0.091
4822.447	1.554	-0.090
4822.526	1.555	-0.089
4822.604	1.553	-0.089
4822.695	1.555	-0.085
4822.773	1.555	-0.084
4822.852	1.556	-0.079
4822.942	1.554	-0.079
4823.021	1.554	-0.074
4823.112	1.553	-0.066
4823.190	1.554	-0.060
4823.281	1.554	-0.051
4823.359	1.555	-0.046
4823.437	1.555	-0.042
4823.528	1.553	-0.038
4823.606	1.555	-0.034
4823.685	1.554	-0.033
4823.776	1.554	-0.033
4823.854	1.553	-0.030
4823.945	1.553	-0.028
4824.023	1.554	-0.028
4824.102	1.553	-0.028
4824.192	1.554	-0.028
4824.271	1.554	-0.028
4824.362	1.553	-0.028
4824.440	1.553	-0.027
4824.519	1.553	-0.023
4824.609	1.553	-0.019
4824.687	1.554	-0.017
4824.778	1.553	-0.018
4824.856	1.553	-0.021
4824.935	1.553	-0.023
4825.026	1.553	-0.024
4825.104	1.553	-0.027
4825.195	1.553	-0.026
4825.273	1.553	-0.025
4825.352	1.553	-0.028
4825.442	1.553	-0.028
4825.521	1.553	-0.031
4825.612	1.553	-0.033
4825.690	1.553	-0.035
4825.769	1.553	-0.037
4825.859	1.553	-0.038
4825.937	1.553	-0.041
4826.028	1.553	-0.045
4826.106	1.553	-0.048
4826.185	1.553	-0.051
4826.276	1.553	-0.056
4826.354	1.553	-0.057
4826.445	1.553	-0.059
4826.523	1.553	-0.058
4826.602	1.553	-0.059
4826.692	1.553	-0.058
4826.771	1.553	-0.058
4826.862	1.553	-0.060
4826.940	1.553	-0.063
4827.019	1.553	-0.067
4827.109	1.553	-0.069
4827.187	1.553	-0.068
4827.278	1.553	-0.068
4827.356	1.553	-0.068
4827.435	1.553	-0.068
4827.526	1.553	-0.067
4827.604	1.553	-0.068
4827.695	1.553	-0.067
4827.773	1.553	-0.067
4827.852	1.553	-0.067
4827.942	1.553	-0.068
4828.021	1.553	-0.068
4828.112	1.553	-0.073
4828.190	1.553	-0.073
4828.269	1.553	-0.079
4828.359	1.553	-0.079
4828.437	1.553	-0.079
4828.528	1.553	-0.079
4828.606	1.553	-0.079
4828.685	1.553	-0.084
4828.776	1.553	-0.088
4828.854	1.553	-0.090
4828.945	1.553	-0.094
4829.023	1.553	-0.096
4829.102	1.553	-0.098
4829.179	1.553	-0.099
4829.271	1.553	-0.099
4829.362	1.553	-0.100
4829.440	1.553	-0.100
4829.519	1.553	-0.099
4829.609	1.553	-0.099
4829.687	1.553	-0.100
4829.778	1.553	-0.102
4829.856	1.553	-0.102
4829.935	1.553	-0.100
4830.026	1.553	-0.099
4830.104	1.553	-0.093
4830.195	1.553	-0.087
4830.273	1.553	-0.084
4830.352	1.553	-0.080
4830.442	1.553	-0.079
4830.521	1.553	-0.075
4830.612	1.553	-0.073
4830.690	1.553	-0.069
4830.769	1.553	-0.068
4830.859	1.553	-0.069
4830.937	1.553	-0.073
4831.028	1.553	-0.073
4831.106	1.553	-0.073
4831.185	1.553	-0.073
4831.276	1.553	-0.073
4831.354	1.553	-0.073
4831.445	1.553	-0.073
4831.523	1.553	-0.073
4831.602	1.553	-0.073
4831.692	1.553	-0.073
4831.771	1.552	-0.072
4831.862	1.553	-0.068
4831.940	1.553	-0.068
4832.019	1.553	-0.068
4832.109	1.553	-0.068
4832.187	1.553	-0.064
4832.278	1.553	-0.062
4832.356	1.553	-0.058
4832.435	1.553	-0.058
4832.526	1.553	-0.058
4832.604	1.552	-0.058
4832.695	1.553	-0.058
4832.773	1.553	-0.057
4832.852	1.552	-0.059
4832.942	1.553	-0.062
4833.021	1.552	-0.062
4833.112	1.553	-0.058
4833.190	1.553	-0.051
4833.269	1.553	-0.045
4833.359	1.553	-0.043
4833.437	1.552	-0.043
4833.528	1.552	-0.043
4833.606	1.552	-0.048
4833.685	1.553	-0.052
4833.776	1.553	-0.057
4833.854	1.552	-0.058
4833.945	1.550	-0.060
4834.023	1.549	-0.063
4834.102	1.550	-0.065
4834.192	1.552	-0.064
4834.271	1.552	-0.063
4834.362	1.552	-0.063
4834.440	1.552	-0.062
4834.519	1.551	-0.057
4834.609	1.552	-0.051
4834.687	1.551	-0.044
4834.778	1.550	-0.040
4834.856	1.552	-0.035
4834.935	1.551	-0.033
4835.026	1.550	-0.030
4835.104	1.552	-0.028
4835.195	1.550	-0.022
4835.273	1.551	-0.016
4835.352	1.551	-0.011
4835.442	1.551	-0.005
4835.521	1.548	0.001
4835.612	1.548	0.004
4835.690	1.549	0.008
4835.769	1.549	0.011
4835.859	1.550	0.011
4835.937	1.549	0.008
4836.028	1.550	0.008
4836.106	1.548	0.011
4836.185	1.549	0.011
4836.276	1.548	0.009
4836.354	1.548	0.008
4836.445	1.548	0.004
4836.523	1.550	0.000
4836.602	1.548	-0.003
4836.692	1.548	-0.003
4836.771	1.550	-0.002
4836.862	1.549	0.000
4836.940	1.550	0.001
4837.019	1.548	0.003
4837.109	1.548	0.009
4837.187	1.548	0.015
4837.278	1.548	0.021
4837.356	1.548	0.024
4837.435	1.549	0.028
4837.526	1.548	0.034
4837.604	1.551	0.037
4837.695	1.550	0.039
4837.773	1.549	0.042
4837.852	1.548	0.044
4837.942	1.548	0.048
4838.021	1.549	0.053
4838.112	1.548	0.055
4838.190	1.548	0.056
4838.269	1.548	0.056
4838.359	1.548	0.051
4838.437	1.549	0.049
4838.528	1.548	0.045
4838.606	1.548	0.044
4838.685	1.548	0.040
4838.776	1.548	0.039
4838.854	1.548	0.038
4838.945	1.548	0.035
4839.023	1.548	0.031
4839.102	1.548	0.026
4839.192	1.548	0.017
4839.271	1.548	0.009
4839.362	1.548	0.001
4839.440	1.548	-0.006
4839.519	1.548	-0.013
4839.609	1.548	-0.017
4839.687	1.548	-0.018
4839.778	1.548	-0.019
4839.856	1.548	-0.020
4839.935	1.548	-0.017
4840.026	1.548	-0.019
4840.104	1.548	-0.022
4840.195	1.548	-0.023
4840.273	1.548	-0.023
4840.352	1.548	-0.023
4840.442	1.547	-0.023
4840.521	1.547	-0.023
4840.612	1.548	-0.028
4840.690	1.548	-0.033
4840.769	1.548	-0.037
4840.859	1.548	-0.040
4840.937	1.548	-0.042
4841.028	1.548	-0.043
4841.106	1.548	-0.046
4841.185	1.548	-0.048
4841.276	1.548	-0.053
4841.354	1.548	-0.053
4841.445	1.548	-0.053
4841.523	1.548	-0.050
4841.602	1.548	-0.048
4841.692	1.548	-0.044
4841.771	1.548	-0.042
4841.862	1.548	-0.038
4841.940	1.548	-0.038
4842.019	1.548	-0.038
4842.109	1.548	-0.037
4842.187	1.548	-0.038
4842.278	1.548	-0.034
4842.356	1.548	-0.031
4842.435	1.548	-0.028
4842.526	1.548	-0.026
4842.604	1.548	-0.022
4842.695	1.548	-0.017
4842.773	1.548	-0.016
4842.852	1.548	-0.012
4842.942	1.547	-0.008
4843.021	1.548	-0.006
4843.112	1.548	-0.002
4843.190	1.548	-0.002
4843.269	1.548	-0.003
4843.359	1.548	-0.006
4843.437	1.548	-0.008
4843.528	1.548	-0.013
4843.606	1.548	-0.017
4843.685	1.548	-0.019
4843.776	1.548	-0.023
4843.854	1.546	-0.033
4843.945	1.548	-0.039
4844.023	1.548	-0.043
4844.102	1.547	-0.047
4844.192	1.546	-0.052
4844.271	1.548	-0.054
4844.362	1.546	-0.058
4844.440	1.546	-0.062
4844.519	1.547	-0.063
4844.609	1.546	-0.068
4844.687	1.548	-0.071
4844.778	1.548	-0.073
4844.856	1.548	-0.071
4844.935	1.548	-0.068
4845.026	1.546	-0.068
4845.104	1.548	-0.068
4845.195	1.546	-0.068
4845.273	1.547	-0.068
4845.352	1.548	-0.068
4845.442	1.547	-0.063
4845.521	1.546	-0.057
4845.612	1.545	-0.046
4845.690	1.547	-0.040
4845.769	1.546	-0.031
4845.859	1.546	-0.027
4845.937	1.546	-0.023
4846.028	1.545	-0.018
4846.106	1.548	-0.017
4846.185	1.546	-0.013
4846.276	1.545	-0.010
4846.354	1.546	-0.007
4846.445	1.546	-0.002
4846.523	1.546	0.003
4846.602	1.548	0.006
4846.692	1.544	0.011
4846.771	1.545	0.016
4846.862	1.546	0.018
4846.940	1.545	0.018
4847.019	1.545	0.019
4847.109	1.543	0.022
4847.187	1.545	0.022
4847.278	1.545	0.021
4847.356	1.546	0.023
4847.435	1.547	0.023
4847.526	1.546	0.023
4847.604	1.544	0.023
4847.695	1.544	0.023
4847.773	1.543	0.024
4847.852	1.544	0.022
4847.942	1.543	0.017
4848.021	1.543	0.015
4848.112	1.543	0.006
4848.190	1.545	0.002
4848.269	1.544	-0.002
4848.359	1.543	-0.007
4848.437	1.543	-0.009
4848.528	1.543	-0.012
4848.606	1.543	-0.017
4848.685	1.544	-0.022
4848.776	1.544	-0.028
4848.854	1.543	-0.033
4848.945	1.544	-0.038
4849.023	1.544	-0.038
4849.102	1.543	-0.040
4849.192	1.545	-0.043
4849.271	1.543	-0.043
4849.362	1.543	-0.044
4849.440	1.543	-0.047
4849.519	1.543	-0.048
4849.609	1.543	-0.051
4849.687	1.543	-0.055
4849.778	1.543	-0.058
4849.856	1.543	-0.062
4849.935	1.543	-0.065
4850.026	1.543	-0.070
4850.104	1.543	-0.078
4850.195	1.543	-0.079
4850.273	1.543	-0.079
4850.352	1.543	-0.078
4850.442	1.543	-0.075
4850.521	1.543	-0.073
4850.612	1.543	-0.073
4850.690	1.543	-0.077
4850.769	1.543	-0.079
4850.859	1.543	-0.078
4850.937	1.543	-0.077
4851.028	1.543	-0.073
4851.106	1.543	-0.073
4851.185	1.544	-0.071
4851.276	1.543	-0.068
4851.354	1.543	-0.068
4851.445	1.543	-0.068
4851.523	1.543	-0.068
4851.602	1.543	-0.068
4851.692	1.543	-0.068
4851.771	1.543	-0.071
4851.862	1.543	-0.073
4851.940	1.543	-0.073
4852.019	1.543	-0.073
4852.109	1.543	-0.073
4852.187	1.543	-0.068
4852.278	1.543	-0.065
4852.356	1.543	-0.064
4852.435	1.543	-0.063
4852.526	1.543	-0.062
4852.604	1.543	-0.062
4852.695	1.543	-0.061
4852.773	1.543	-0.059
4852.852	1.543	-0.059
4852.942	1.543	-0.063
4853.021	1.543	-0.067
4853.112	1.543	-0.073
4853.190	1.543	-0.079
4853.269	1.543	-0.082
4853.359	1.543	-0.090
4853.437	1.543	-0.093
4853.528	1.543	-0.094
4853.606	1.543	-0.096
4853.685	1.543	-0.099
4853.776	1.543	-0.101
4853.854	1.543	-0.104
4853.945	1.543	-0.103
4854.023	1.543	-0.100
4854.102	1.543	-0.099
4854.192	1.543	-0.098
4854.271	1.543	-0.096
4854.362	1.543	-0.094
4854.440	1.543	-0.090
4854.519	1.543	-0.088
4854.609	1.543	-0.083
4854.687	1.543	-0.081
4854.778	1.543	-0.079
4854.856	1.543	-0.082
4854.935	1.543	-0.082
4855.026	1.542	-0.081
4855.104	1.543	-0.084
4855.195	1.543	-0.085
4855.273	1.543	-0.087
4855.352	1.543	-0.089
4855.442	1.542	-0.090
4855.521	1.542	-0.093
4855.612	1.542	-0.099
4855.690	1.543	-0.106
4855.769	1.543	-0.111
4855.859	1.542	-0.118
4855.937	1.543	-0.120
4856.028	1.543	-0.126
4856.106	1.543	-0.132
4856.185	1.542	-0.136
4856.276	1.543	-0.140
4856.354	1.541	-0.140
4856.445	1.541	-0.141
4856.523	1.543	-0.143
4856.602	1.543	-0.143
4856.692	1.541	-0.145
4856.771	1.542	-0.148
4856.862	1.540	-0.150
4856.940	1.541	-0.153
4857.019	1.542	-0.155
4857.109	1.541	-0.161
4857.187	1.540	-0.168
4857.278	1.541	-0.175
4857.356	1.541	-0.182
4857.435	1.541	-0.189
4857.526	1.540	-0.196
4857.604	1.540	-0.196
4857.695	1.539	-0.192
4857.773	1.541	-0.193
4857.852	1.541	-0.191
4857.942	1.541	-0.191
4858.021	1.541	-0.186
4858.112	1.540	-0.182
4858.190	1.539	-0.180
4858.269	1.540	-0.175
4858.359	1.541	-0.170
4858.437	1.538	-0.170
4858.528	1.541	-0.165
4858.606	1.539	-0.165
4858.685	1.540	-0.167
4858.776	1.540	-0.167
4858.854	1.539	-0.165
4858.945	1.538	-0.165
4859.023	1.539	-0.164
4859.102	1.538	-0.165
4859.192	1.538	-0.165
4859.271	1.538	-0.166
4859.348	1.539	-0.170
4859.440	1.538	-0.170
4859.519	1.538	-0.170
4859.609	1.538	-0.170
4859.687	1.538	-0.170
4859.778	1.538	-0.170
4859.856	1.538	-0.170
4859.935	1.538	-0.173
4860.026	1.538	-0.175
4860.104	1.538	-0.172
4860.182	1.538	-0.170
4860.273	1.538	-0.170
4860.352	1.538	-0.170
4860.442	1.538	-0.170
4860.521	1.538	-0.170
4860.612	1.538	-0.166
4860.690	1.538	-0.165
4860.769	1.538	-0.163
4860.859	1.538	-0.160
4860.937	1.538	-0.160
4861.028	1.538	-0.160
4861.106	1.538	-0.162
4861.185	1.538	-0.165
4861.276	1.538	-0.169
4861.354	1.538	-0.170
4861.445	1.538	-0.170
4861.523	1.538	-0.170
4861.602	1.538	-0.168
4861.692	1.537	-0.165
4861.771	1.536	-0.160
4861.848	1.538	-0.159
4861.940	1.538	-0.155
4862.019	1.538	-0.157
4862.109	1.538	-0.160
4862.187	1.536	-0.161
4862.278	1.538	-0.161
4862.356	1.537	-0.165
4862.435	1.538	-0.169
4862.526	1.537	-0.174
4862.604	1.538	-0.176
4862.695	1.538	-0.181
4862.773	1.537	-0.183
4862.852	1.538	-0.188
4862.942	1.538	-0.195
4863.021	1.536	-0.198
4863.112	1.535	-0.201
4863.190	1.537	-0.201
4863.269	1.538	-0.201
4863.359	1.536	-0.201
4863.437	1.535	-0.201
4863.515	1.537	-0.200
4863.606	1.535	-0.201
4863.685	1.535	-0.201
4863.776	1.534	-0.201
4863.854	1.535	-0.201
4863.945	1.535	-0.203
4864.023	1.535	-0.207
4864.102	1.534	-0.211
4864.192	1.536	-0.216
4864.271	1.535	-0.220
4864.362	1.535	-0.226
4864.440	1.533	-0.226
4864.519	1.534	-0.226
4864.609	1.534	-0.226
4864.687	1.536	-0.227
4864.778	1.533	-0.228
4864.856	1.535	-0.228
4864.935	1.533	-0.226
4865.026	1.534	-0.224
4865.104	1.535	-0.220
4865.195	1.533	-0.216
4865.273	1.533	-0.216
4865.352	1.535	-0.212
4865.442	1.535	-0.210
4865.521	1.535	-0.210
4865.612	1.533	-0.209
4865.690	1.534	-0.206
4865.769	1.533	-0.203
4865.859	1.533	-0.206
4865.937	1.534	-0.209
4866.028	1.533	-0.211
4866.106	1.533	-0.211
4866.185	1.534	-0.209
4866.276	1.533	-0.206
4866.354	1.534	-0.206
4866.445	1.533	-0.206
4866.523	1.533	-0.209
4866.602	1.533	-0.212
4866.692	1.533	-0.218
4866.771	1.533	-0.224
4866.862	1.533	-0.227
4866.940	1.533	-0.232
4867.019	1.533	-0.236
4867.109	1.533	-0.241
4867.187	1.533	-0.243
4867.278	1.533	-0.248
4867.356	1.533	-0.252
4867.435	1.533	-0.257
4867.526	1.533	-0.264
4867.604	1.533	-0.267
4867.695	1.533	-0.269
4867.773	1.533	-0.270
4867.852	1.533	-0.273
4867.942	1.533	-0.277
4868.021	1.533	-0.277
4868.112	1.533	-0.277
4868.190	1.533	-0.277
4868.269	1.533	-0.277
4868.359	1.533	-0.277
4868.437	1.533	-0.277
4868.528	1.533	-0.272
4868.606	1.533	-0.272
4868.685	1.533	-0.272
4868.776	1.533	-0.272
4868.854	1.533	-0.272
4868.945	1.533	-0.275
4869.023	1.533	-0.272
4869.102	1.533	-0.270
4869.192	1.533	-0.272
4869.271	1.533	-0.272
4869.362	1.533	-0.272
4869.440	1.533	-0.275
4869.519	1.533	-0.277
4869.609	1.533	-0.277
4869.687	1.533	-0.278
4869.778	1.533	-0.282
4869.856	1.533	-0.279
4869.935	1.533	-0.277
4870.026	1.533	-0.276
4870.104	1.533	-0.271
4870.195	1.533	-0.267
4870.273	1.533	-0.262
4870.352	1.533	-0.262
4870.442	1.533	-0.261
4870.521	1.533	-0.257
4870.612	1.532	-0.259
4870.690	1.532	-0.260
4870.769	1.533	-0.264
4870.859	1.533	-0.267
4870.937	1.533	-0.271
4871.028	1.532	-0.276
4871.106	1.533	-0.281
4871.185	1.533	-0.282
4871.276	1.531	-0.284
4871.354	1.533	-0.288
4871.445	1.530	-0.289
4871.523	1.532	-0.293
4871.602	1.533	-0.297
4871.692	1.533	-0.298
4871.771	1.533	-0.298
4871.862	1.533	-0.294
4871.940	1.531	-0.293
4872.019	1.530	-0.288
4872.109	1.531	-0.284
4872.187	1.532	-0.282
4872.278	1.531	-0.277
4872.356	1.530	-0.273
4872.435	1.529	-0.271
4872.526	1.530	-0.267
4872.604	1.529	-0.266
4872.695	1.528	-0.265
4872.773	1.530	-0.265
4872.852	1.529	-0.262
4872.942	1.529	-0.262
4873.021	1.529	-0.262
4873.112	1.528	-0.266
4873.190	1.528	-0.267
4873.269	1.528	-0.267
4873.359	1.529	-0.267
4873.437	1.529	-0.267
4873.528	1.528	-0.267
4873.606	1.529	-0.266
4873.685	1.528	-0.263
4873.776	1.529	-0.262
4873.854	1.529	-0.262
4873.945	1.529	-0.258
4874.023	1.529	-0.257
4874.102	1.529	-0.252
4874.192	1.528	-0.246
4874.271	1.528	-0.242
4874.362	1.529	-0.241
4874.440	1.528	-0.237
4874.519	1.528	-0.231
4874.609	1.528	-0.228
4874.687	1.528	-0.226
4874.778	1.528	-0.226
4874.856	1.528	-0.226
4874.935	1.528	-0.228
4875.026	1.528	-0.233
4875.104	1.528	-0.239
4875.182	1.528	-0.243
4875.273	1.527	-0.246
4875.352	1.528	-0.248
4875.442	1.528	-0.251
4875.521	1.528	-0.251
4875.612	1.528	-0.248
4875.690	1.528	-0.247
4875.769	1.528	-0.247
4875.859	1.528	-0.244
4875.937	1.528	-0.242
4876.015	1.528	-0.237
4876.106	1.528	-0.237
4876.185	1.528	-0.234
4876.276	1.527	-0.234
4876.354	1.528	-0.236
4876.445	1.528	-0.234
4876.523	1.527	-0.232
4876.602	1.528	-0.229
4876.692	1.527	-0.229
4876.771	1.528	-0.226
4876.848	1.528	-0.226
4876.940	1.527	-0.221
4877.019	1.526	-0.221
4877.109	1.527	-0.217
4877.187	1.526	-0.219
4877.265	1.528	-0.217
4877.356	1.525	-0.215
4877.435	1.526	-0.211
4877.526	1.526	-0.211
4877.604	1.526	-0.210
4877.695	1.524	-0.213
4877.773	1.527	-0.219
4877.852	1.528	-0.225
4877.942	1.525	-0.227
4878.021	1.526	-0.233
4878.112	1.524	-0.240
4878.190	1.523	-0.242
4878.269	1.524	-0.242
4878.359	1.524	-0.242
4878.437	1.527	-0.241
4878.515	1.524	-0.236
4878.606	1.525	-0.231
4878.685	1.524	-0.226
4878.776	1.524	-0.227
4878.854	1.523	-0.229
4878.932	1.523	-0.231
4879.023	1.523	-0.229
4879.102	1.523	-0.226
4879.192	1.523	-0.226
4879.271	1.523	-0.222
4879.348	1.523	-0.221
4879.440	1.524	-0.221
4879.519	1.523	-0.220
4879.609	1.524	-0.215
4879.687	1.523	-0.211
4879.778	1.523	-0.209
4879.856	1.524	-0.206
4879.935	1.523	-0.201
4880.026	1.523	-0.198
4880.104	1.523	-0.192
4880.195	1.524	-0.191
4880.273	1.523	-0.191
4880.352	1.523	-0.191
4880.442	1.523	-0.192
4880.521	1.523	-0.192
4880.598	1.523	-0.195
4880.690	1.523	-0.196
4880.769	1.523	-0.191
4880.859	1.523	-0.191
4880.937	1.523	-0.191
4881.015	1.523	-0.191
4881.106	1.523	-0.191
4881.185	1.523	-0.191
4881.276	1.523	-0.190
4881.354	1.523	-0.186
4881.445	1.523	-0.181
4881.523	1.523	-0.181
4881.602	1.523	-0.181
4881.692	1.523	-0.181
4881.771	1.523	-0.181
4881.848	1.523	-0.178
4881.940	1.522	-0.175
4882.019	1.523	-0.171
4882.109	1.523	-0.175
4882.187	1.523	-0.178
4882.278	1.523	-0.181
4882.356	1.522	-0.181
4882.435	1.523	-0.185
4882.526	1.522	-0.186
4882.604	1.523	-0.184
4882.695	1.522	-0.181
4882.773	1.523	-0.181
4882.852	1.520	-0.177
4882.942	1.520	-0.173
4883.021	1.521	-0.174
4883.112	1.521	-0.175
4883.190	1.522	-0.179
4883.269	1.522	-0.183
4883.359	1.521	-0.186
4883.437	1.521	-0.192
4883.528	1.522	-0.196
4883.606	1.522	-0.200
4883.685	1.521	-0.203
4883.776	1.521	-0.206
4883.854	1.519	-0.204
4883.932	1.520	-0.201
4884.023	1.519	-0.201
4884.102	1.518	-0.200
4884.192	1.519	-0.196
4884.271	1.521	-0.195
4884.362	1.522	-0.191
4884.440	1.518	-0.186
4884.519	1.519	-0.183
4884.609	1.521	-0.181
4884.687	1.518	-0.175
4884.765	1.518	-0.172
4884.856	1.518	-0.169
4884.935	1.518	-0.165
4885.026	1.518	-0.161
4885.104	1.518	-0.160
4885.195	1.519	-0.160
4885.273	1.518	-0.160
4885.352	1.518	-0.162
4885.442	1.518	-0.165
4885.521	1.518	-0.170
4885.612	1.518	-0.170
4885.690	1.518	-0.171
4885.769	1.518	-0.175
4885.859	1.518	-0.179
4885.937	1.518	-0.185
4886.015	1.518	-0.190
4886.106	1.518	-0.197
4886.185	1.518	-0.202
4886.276	1.518	-0.205
4886.354	1.518	-0.206
4886.445	1.518	-0.206
4886.523	1.518	-0.206
4886.602	1.518	-0.204
4886.692	1.518	-0.202
4886.771	1.518	-0.201
4886.848	1.518	-0.201
4886.940	1.518	-0.201
4887.019	1.518	-0.201
4887.109	1.518	-0.201
4887.187	1.518	-0.201
4887.278	1.518	-0.201
4887.356	1.518	-0.199
4887.435	1.518	-0.196
4887.526	1.518	-0.196
4887.604	1.518	-0.192
4887.682	1.518	-0.192
4887.773	1.517	-0.192
4887.852	1.518	-0.186
4887.942	1.517	-0.181
4888.021	1.518	-0.178
4888.112	1.518	-0.169
4888.190	1.518	-0.164
4888.269	1.518	-0.157
4888.359	1.518	-0.150
4888.437	1.517	-0.146
4888.515	1.517	-0.145
4888.606	1.518	-0.145
4888.685	1.518	-0.145
4888.776	1.517	-0.145
4888.854	1.518	-0.145
4888.945	1.517	-0.145
4889.023	1.518	-0.145
4889.102	1.516	-0.145
4889.192	1.516	-0.147
4889.271	1.517	-0.150
4889.348	1.518	-0.150
4889.440	1.516	-0.149
4889.519	1.517	-0.143
4889.609	1.518	-0.138
4889.687	1.518	-0.131
4889.778	1.515	-0.125
4889.856	1.516	-0.124
4889.935	1.517	-0.119
4890.026	1.517	-0.118
4890.104	1.518	-0.112
4890.195	1.518	-0.110
4890.273	1.518	-0.109
4890.352	1.516	-0.108
4890.442	1.518	-0.107
4890.521	1.517	-0.105
4890.612	1.518	-0.109
4890.690	1.518	-0.110
4890.769	1.517	-0.113
4890.859	1.517	-0.114
4890.937	1.515	-0.114
4891.015	1.517	-0.114
4891.106	1.516	-0.119
4891.185	1.514	-0.119
4891.276	1.516	-0.121
4891.354	1.514	-0.124
4891.432	1.514	-0.124
4891.523	1.513	-0.128
4891.602	1.516	-0.127
4891.692	1.516	-0.130
4891.771	1.512	-0.127
4891.862	1.513	-0.130
4891.940	1.516	-0.130
4892.019	1.514	-0.130
4892.109	1.515	-0.130
4892.187	1.512	-0.136
4892.265	1.515	-0.140
4892.356	1.513	-0.140
4892.435	1.512	-0.136
4892.526	1.514	-0.134
4892.604	1.512	-0.133
4892.682	1.514	-0.133
4892.773	1.514	-0.134
4892.852	1.512	-0.130
4892.942	1.512	-0.128
4893.021	1.512	-0.124
4893.098	1.512	-0.118
4893.190	1.512	-0.109
4893.269	1.512	-0.104
4893.359	1.512	-0.101
4893.437	1.512	-0.099
4893.515	1.513	-0.099
4893.606	1.512	-0.097
4893.685	1.512	-0.094
4893.776	1.512	-0.090
4893.854	1.512	-0.088
4893.932	1.512	-0.089
4894.023	1.512	-0.086
4894.102	1.512	-0.084
4894.192	1.512	-0.080
4894.271	1.512	-0.079
4894.348	1.512	-0.075
4894.440	1.512	-0.069
4894.519	1.512	-0.063
4894.609	1.512	-0.058
4894.687	1.512	-0.056
4894.765	1.512	-0.057
4894.856	1.512	-0.053
4894.935	1.512	-0.053
4895.026	1.512	-0.049
4895.104	1.512	-0.044
4895.182	1.512	-0.038
4895.273	1.512	-0.034
4895.352	1.512	-0.029
4895.442	1.512	-0.024
4895.521	1.512	-0.021
4895.598	1.512	-0.017
4895.690	1.512	-0.015
4895.769	1.512	-0.013
4895.859	1.512	-0.015
4895.937	1.512	-0.017
4896.015	1.512	-0.019
4896.106	1.512	-0.025
4896.185	1.512	-0.031
4896.276	1.512	-0.034
4896.354	1.512	-0.041
4896.432	1.512	-0.046
4896.523	1.512	-0.051
4896.602	1.512	-0.053
4896.692	1.512	-0.055
4896.771	1.512	-0.058
4896.848	1.512	-0.062
4896.940	1.512	-0.065
4897.019	1.512	-0.072
4897.109	1.512	-0.077
4897.187	1.512	-0.081
4897.265	1.512	-0.086
4897.356	1.512	-0.091
4897.435	1.512	-0.098
4897.526	1.512	-0.100
4897.604	1.512	-0.103
4897.682	1.512	-0.104
4897.773	1.512	-0.104
4897.852	1.512	-0.104
4897.942	1.512	-0.104
4898.021	1.512	-0.103
4898.098	1.512	-0.104
4898.190	1.512	-0.104
4898.269	1.512	-0.104
4898.359	1.512	-0.100
4898.437	1.512	-0.099
4898.515	1.511	-0.099
4898.606	1.512	-0.099
4898.685	1.512	-0.094
4898.776	1.512	-0.090
4898.854	1.512	-0.085
4898.932	1.512	-0.079
4899.023	1.512	-0.073
4899.102	1.512	-0.068
4899.192	1.512	-0.063
4899.271	1.512	-0.061
4899.348	1.512	-0.057
4899.440	1.512	-0.054
4899.519	1.512	-0.049
4899.609	1.512	-0.050
4899.687	1.512	-0.053
4899.765	1.512	-0.051
4899.856	1.510	-0.045
4899.935	1.511	-0.041
4900.026	1.512	-0.035
4900.104	1.511	-0.028
4900.182	1.510	-0.023
4900.273	1.508	-0.019
4900.352	1.508	-0.017
4900.442	1.508	-0.017
4900.521	1.507	-0.012
4900.598	1.507	-0.013
4900.690	1.507	-0.017
4900.769	1.509	-0.017
4900.859	1.512	-0.017
4900.937	1.512	-0.018
4901.015	1.511	-0.023
4901.106	1.508	-0.023
4901.185	1.509	-0.021
4901.276	1.507	-0.017
4901.354	1.510	-0.014
4901.432	1.510	-0.010
4901.523	1.510	-0.006
4901.602	1.511	-0.001
4901.692	1.509	0.001
4901.771	1.509	0.003
4901.848	1.511	0.002
4901.940	1.511	-0.002
4902.019	1.511	-0.002
4902.109	1.510	-0.002
4902.187	1.508	-0.000
4902.265	1.508	-0.001
4902.356	1.509	-0.002
4902.435	1.508	-0.002
4902.526	1.507	-0.004
4902.604	1.507	-0.006
4902.682	1.507	-0.007
4902.773	1.507	-0.008
4902.852	1.507	-0.010
4902.942	1.507	-0.015
4903.021	1.507	-0.017
4903.098	1.507	-0.019
4903.190	1.509	-0.022
4903.269	1.507	-0.023
4903.359	1.507	-0.023
4903.437	1.507	-0.023
4903.515	1.508	-0.023
4903.606	1.509	-0.017
4903.685	1.511	-0.015
4903.776	1.508	-0.010
4903.854	1.507	-0.004
4903.932	1.507	0.005
4904.023	1.507	0.011
4904.102	1.507	0.018
4904.192	1.508	0.023
4904.271	1.507	0.027
4904.348	1.507	0.030
4904.440	1.507	0.034
4904.519	1.507	0.039
4904.609	1.507	0.039
4904.687	1.507	0.039
4904.765	1.507	0.036
4904.856	1.507	0.034
4904.935	1.507	0.031
4905.026	1.507	0.028
4905.104	1.507	0.027
4905.182	1.507	0.024
4905.273	1.507	0.023
4905.352	1.507	0.023
4905.442	1.507	0.025
4905.521	1.507	0.029
4905.598	1.507	0.031
4905.690	1.507	0.034
4905.769	1.507	0.034
4905.859	1.507	0.034
4905.937	1.507	0.034
4906.015	1.507	0.034
4906.106	1.507	0.034
4906.185	1.507	0.039
4906.276	1.507	0.039
4906.354	1.507	0.039
4906.432	1.507	0.043
4906.523	1.507	0.046
4906.602	1.507	0.053
4906.692	1.507	0.057
4906.771	1.507	0.061
4906.848	1.507	0.064
4906.940	1.507	0.067
4907.019	1.507	0.069
4907.109	1.507	0.074
4907.187	1.507	0.074
4907.265	1.507	0.079
4907.356	1.507	0.079
4907.435	1.507	0.079
4907.526	1.507	0.077
4907.604	1.507	0.075
4907.682	1.507	0.074
4907.773	1.507	0.069
4907.852	1.507	0.066
4907.942	1.507	0.063
4908.021	1.507	0.060
4908.098	1.507	0.061
4908.190	1.507	0.064
4908.269	1.507	0.064
4908.359	1.507	0.064
4908.437	1.507	0.064
4908.515	1.507	0.062
4908.606	1.507	0.059
4908.685	1.507	0.059
4908.776	1.507	0.057
4908.854	1.507	0.054
4908.932	1.507	0.050
4909.023	1.507	0.045
4909.102	1.507	0.044
4909.192	1.507	0.041
4909.271	1.507	0.039
4909.348	1.507	0.039
4909.440	1.507	0.039
4909.519	1.507	0.037
4909.609	1.507	0.034
4909.687	1.507	0.034
4909.765	1.507	0.034
4909.856	1.507	0.034
4909.935	1.507	0.034
4910.026	1.507	0.034
4910.104	1.507	0.036
4910.182	1.507	0.039
4910.273	1.507	0.044
4910.352	1.507	0.048
4910.442	1.507	0.049
4910.521	1.507	0.050
4910.598	1.507	0.051
4910.690	1.507	0.054
4910.769	1.507	0.052
4910.859	1.507	0.052
4910.937	1.507	0.053
4911.015	1.507	0.054
4911.106	1.507	0.054
4911.185	1.507	0.053
4911.276	1.507	0.050
4911.354	1.507	0.049
4911.432	1.507	0.048
4911.523	1.507	0.044
4911.602	1.507	0.040
4911.692	1.507	0.036
4911.771	1.507	0.032
4911.848	1.507	0.028
4911.940	1.507	0.028
4912.019	1.507	0.029
4912.109	1.507	0.034
4912.187	1.507	0.034
4912.265	1.507	0.034
4912.356	1.507	0.034
4912.435	1.507	0.034
4912.526	1.507	0.033
4912.604	1.507	0.034
4912.682	1.507	0.034
4912.773	1.507	0.034
4912.852	1.507	0.034
4912.942	1.507	0.035
4913.021	1.507	0.034
4913.098	1.507	0.034
4913.190	1.507	0.034
4913.269	1.506	0.034
4913.359	1.506	0.032
4913.437	1.506	0.025
4913.515	1.503	0.021
4913.606	1.507	0.018
4913.685	1.507	0.015
4913.776	1.507	0.013
4913.854	1.507	0.013
4913.932	1.506	0.014
4914.023	1.507	0.018
4914.102	1.507	0.018
4914.192	1.507	0.019
4914.271	1.507	0.022
4914.348	1.507	0.023
4914.440	1.507	0.026
4914.519	1.506	0.030
4914.596	1.506	0.034
4914.687	1.507	0.039
4914.765	1.507	0.041
4914.856	1.507	0.045
4914.935	1.505	0.048
4915.026	1.507	0.049
4915.104	1.507	0.052
4915.182	1.506	0.055
4915.273	1.507	0.058
4915.352	1.507	0.062
4915.429	1.506	0.066
4915.521	1.504	0.071
4915.598	1.507	0.074
4915.690	1.506	0.074
4915.769	1.506	0.074
4915.846	1.506	0.072
4915.937	1.505	0.067
4916.015	1.507	0.064
4916.106	1.506	0.062
4916.185	1.506	0.057
4916.276	1.506	0.051
4916.354	1.506	0.044
4916.432	1.506	0.037
4916.523	1.504	0.032
4916.602	1.505	0.025
4916.679	1.506	0.023
4916.771	1.504	0.020
4916.848	1.506	0.015
4916.940	1.506	0.013
4917.019	1.504	0.013
4917.109	1.505	0.013
4917.187	1.503	0.009
4917.265	1.503	0.008
4917.356	1.504	0.008
4917.435	1.504	0.010
4917.526	1.504	0.013
4917.604	1.505	0.018
4917.682	1.505	0.018
4917.773	1.504	0.020
4917.852	1.506	0.022
4917.942	1.503	0.024
4918.021	1.505	0.023
4918.098	1.505	0.025
4918.190	1.506	0.029
4918.269	1.505	0.034
4918.346	1.502	0.038
4918.437	1.503	0.039
4918.515	1.502	0.039
4918.606	1.503	0.039
4918.685	1.502	0.039
4918.763	1.502	0.039
4918.854	1.503	0.044
4918.932	1.502	0.046
4919.023	1.505	0.048
4919.102	1.502	0.051
4919.192	1.502	0.054
4919.271	1.504	0.058
4919.348	1.505	0.061
4919.440	1.505	0.064
4919.519	1.503	0.064
4919.609	1.502	0.064
4919.687	1.502	0.064
4919.765	1.502	0.064
4919.856	1.502	0.064
4919.935	1.502	0.067
4920.013	1.503	0.069
4920.104	1.503	0.070
4920.182	1.503	0.074
4920.273	1.502	0.079
4920.352	1.503	0.084
4920.442	1.502	0.089
4920.521	1.502	0.096
4920.598	1.502	0.100
4920.690	1.502	0.105
4920.769	1.502	0.106
4920.859	1.502	0.108
4920.937	1.502	0.113
4921.015	1.502	0.115
4921.106	1.502	0.115
4921.185	1.502	0.115
4921.276	1.502	0.116
4921.354	1.502	0.117
4921.432	1.502	0.117
4921.523	1.502	0.118
4921.602	1.502	0.118
4921.692	1.502	0.120
4921.771	1.502	0.124
4921.848	1.502	0.124
4921.940	1.503	0.125
4922.019	1.502	0.125
4922.096	1.503	0.124
4922.187	1.502	0.121
4922.265	1.502	0.119
4922.356	1.502	0.115
4922.435	1.502	0.110
4922.513	1.502	0.109
4922.604	1.502	0.106
4922.682	1.502	0.105
4922.773	1.502	0.101
4922.852	1.502	0.100
4922.942	1.502	0.100
4923.021	1.502	0.100
4923.098	1.502	0.096
4923.190	1.502	0.094
4923.269	1.502	0.091
4923.346	1.502	0.089
4923.437	1.502	0.085
4923.515	1.502	0.083
4923.606	1.502	0.079
4923.685	1.502	0.077
4923.776	1.502	0.074
4923.854	1.502	0.073
4923.932	1.502	0.068
4924.023	1.502	0.065
4924.102	1.502	0.063
4924.179	1.502	0.060
4924.271	1.502	0.061
4924.348	1.502	0.064
4924.440	1.502	0.066
4924.519	1.502	0.069
4924.609	1.502	0.074
4924.687	1.502	0.079
4924.765	1.502	0.082
4924.856	1.502	0.085
4924.935	1.502	0.085
4925.026	1.502	0.085
4925.104	1.502	0.086
4925.182	1.502	0.088
4925.273	1.502	0.090
4925.352	1.502	0.090
4925.429	1.502	0.090
4925.521	1.502	0.090
4925.598	1.502	0.090
4925.690	1.502	0.095
4925.769	1.502	0.095
4925.859	1.502	0.095
4925.937	1.502	0.095
4926.015	1.502	0.095
4926.106	1.502	0.095
4926.185	1.502	0.093
4926.263	1.502	0.090
4926.354	1.502	0.090
4926.432	1.502	0.090
4926.523	1.502	0.090
4926.602	1.502	0.086
4926.679	1.502	0.085
4926.771	1.502	0.083
4926.848	1.502	0.082
4926.940	1.502	0.085
4927.019	1.502	0.090
4927.109	1.502	0.090
4927.187	1.502	0.092
4927.265	1.502	0.096
4927.356	1.502	0.100
4927.435	1.502	0.101
4927.513	1.502	0.102
4927.604	1.502	0.105
4927.682	1.502	0.105
4927.773	1.502	0.105
4927.852	1.502	0.105
4927.929	1.502	0.105
4928.021	1.502	0.105
4928.098	1.502	0.105
4928.190	1.502	0.105
4928.269	1.502	0.104
4928.359	1.502	0.102
4928.437	1.502	0.105
4928.515	1.502	0.107
4928.606	1.502	0.112
4928.685	1.502	0.115
4928.763	1.502	0.113
4928.854	1.502	0.108
4928.932	1.502	0.103
4929.023	1.502	0.100
4929.102	1.502	0.100
4929.179	1.502	0.100
4929.271	1.502	0.096
4929.348	1.502	0.095
4929.440	1.502	0.094
4929.519	1.502	0.089
4929.596	1.502	0.085
4929.687	1.502	0.079
4929.765	1.502	0.075
4929.856	1.502	0.072
4929.935	1.502	0.066
4930.013	1.502	0.062
4930.104	1.502	0.057
4930.182	1.502	0.055
4930.273	1.502	0.058
4930.352	1.502	0.060
4930.442	1.502	0.063
4930.521	1.502	0.065
4930.598	1.502	0.069
4930.690	1.502	0.073
4930.769	1.502	0.079
4930.846	1.502	0.082
4930.937	1.502	0.088
4931.015	1.502	0.095
4931.106	1.502	0.096
4931.185	1.502	0.100
4931.263	1.502	0.104
4931.354	1.502	0.109
4931.432	1.502	0.112
4931.523	1.502	0.114
4931.602	1.502	0.115
4931.679	1.502	0.115
4931.771	1.502	0.118
4931.848	1.502	0.120
4931.940	1.502	0.125
4932.019	1.502	0.125
4932.096	1.502	0.130
4932.187	1.502	0.135
4932.265	1.502	0.139
4932.356	1.502	0.141
4932.435	1.502	0.144
4932.526	1.502	0.141
4932.604	1.502	0.141
4932.682	1.502	0.140
4932.773	1.502	0.141
4932.852	1.502	0.140
4932.929	1.502	0.141
4933.021	1.502	0.141
4933.098	1.502	0.141
4933.190	1.502	0.141
4933.269	1.502	0.140
4933.346	1.502	0.138
4933.437	1.502	0.139
4933.515	1.502	0.135
4933.606	1.502	0.135
4933.685	1.502	0.135
4933.763	1.502	0.135
4933.854	1.502	0.133
4933.932	1.502	0.131
4934.023	1.502	0.134
4934.102	1.502	0.135
4934.179	1.502	0.132
4934.271	1.502	0.130
4934.348	1.502	0.130
4934.440	1.502	0.130
4934.519	1.502	0.130
4934.596	1.502	0.127
4934.687	1.502	0.125
4934.765	1.502	0.120
4934.856	1.502	0.120
4934.935	1.502	0.116
4935.013	1.502	0.116
4935.104	1.502	0.117
4935.182	1.501	0.120
4935.273	1.502	0.118
4935.352	1.502	0.120
4935.429	1.501	0.120
4935.521	1.502	0.124
4935.598	1.502	0.122
4935.690	1.502	0.125
4935.769	1.501	0.125
4935.846	1.502	0.126
4935.937	1.502	0.127
4936.015	1.502	0.130
4936.106	1.502	0.131
4936.185	1.502	0.135
4936.263	1.502	0.134
4936.354	1.502	0.131
4936.432	1.502	0.130
4936.523	1.502	0.126
4936.602	1.502	0.125
4936.679	1.502	0.125
4936.771	1.501	0.125
4936.848	1.502	0.125
4936.940	1.502	0.121
4937.019	1.501	0.121
4937.096	1.501	0.124
4937.187	1.502	0.125
4937.265	1.502	0.125
4937.356	1.501	0.125
4937.435	1.502	0.126
4937.513	1.502	0.129
4937.604	1.502	0.131
4937.682	1.502	0.134
4937.773	1.502	0.138
4937.852	1.502	0.141
4937.929	1.502	0.145
4938.021	1.502	0.146
4938.098	1.502	0.146
4938.190	1.501	0.152
4938.269	1.501	0.156
4938.346	1.502	0.160
4938.437	1.502	0.161
4938.515	1.501	0.159
4938.606	1.502	0.156
4938.685	1.502	0.153
4938.763	1.502	0.150
4938.854	1.502	0.146
4938.932	1.501	0.146
4939.023	1.502	0.146
4939.102	1.501	0.144
4939.179	1.501	0.142
4939.271	1.502	0.144
4939.348	1.502	0.146
4939.440	1.502	0.147
4939.519	1.501	0.147
4939.596	1.501	0.150
4939.687	1.501	0.152
4939.765	1.501	0.156
4939.856	1.500	0.156
4939.935	1.502	0.161
4940.026	1.502	0.161
4940.104	1.502	0.166
4940.182	1.502	0.169
4940.273	1.502	0.174
4940.352	1.501	0.177
4940.429	1.501	0.181
4940.521	1.501	0.184
4940.598	1.501	0.186
4940.690	1.501	0.186
4940.769	1.502	0.188
4940.846	1.501	0.188
4940.937	1.501	0.188
4941.015	1.501	0.192
4941.106	1.501	0.197
4941.185	1.501	0.202
4941.263	1.502	0.204
4941.354	1.501	0.206
4941.432	1.501	0.208
4941.523	1.502	0.207
4941.602	1.501	0.207
4941.679	1.502	0.207
4941.771	1.501	0.207
4941.848	1.502	0.207
4941.940	1.502	0.207
4942.019	1.501	0.203
4942.096	1.502	0.202
4942.187	1.502	0.202
4942.265	1.502	0.206
4942.356	1.502	0.207
4942.435	1.501	0.207
4942.513	1.502	0.207
4942.604	1.502	0.207
4942.682	1.501	0.207
4942.773	1.502	0.206
4942.852	1.501	0.204
4942.929	1.501	0.202
4943.021	1.502	0.199
4943.098	1.501	0.196
4943.190	1.502	0.189
4943.269	1.501	0.185
4943.346	1.501	0.181
4943.437	1.501	0.177
4943.515	1.502	0.172
4943.606	1.501	0.169
4943.685	1.501	0.166
4943.763	1.501	0.163
4943.854	1.502	0.162
4943.932	1.501	0.160
4944.023	1.500	0.156
4944.102	1.501	0.154
4944.179	1.501	0.152
4944.271	1.501	0.153
4944.348	1.501	0.152
4944.440	1.501	0.156
4944.519	1.501	0.160
4944.596	1.501	0.166
4944.687	1.502	0.172
4944.765	1.502	0.179
4944.856	1.501	0.182
4944.935	1.501	0.186
4945.013	1.502	0.191
4945.104	1.502	0.197
4945.182	1.502	0.202
4945.273	1.500	0.207
4945.352	1.502	0.209
4945.429	1.501	0.213
4945.521	1.501	0.216
4945.598	1.502	0.220
4945.690	1.502	0.222
4945.769	1.502	0.226
4945.846	1.501	0.227
4945.937	1.501	0.227
4946.015	1.502	0.228
4946.106	1.502	0.227
4946.185	1.501	0.227
4946.263	1.501	0.227
4946.354	1.501	0.222
4946.432	1.501	0.217
4946.523	1.500	0.211
4946.602	1.501	0.203
4946.679	1.502	0.193
4946.771	1.502	0.184
4946.848	1.502	0.179
4946.940	1.502	0.174
4947.019	1.502	0.172
4947.096	1.502	0.172
4947.187	1.501	0.175
4947.265	1.501	0.176
4947.356	1.502	0.177
4947.435	1.502	0.177
4947.513	1.501	0.181
4947.604	1.500	0.181
4947.682	1.502	0.186
4947.773	1.502	0.186
4947.852	1.501	0.187
4947.929	1.500	0.192
4948.021	1.502	0.194
4948.098	1.501	0.196
4948.190	1.501	0.197
4948.269	1.502	0.197
4948.346	1.501	0.195
4948.437	1.501	0.187
4948.515	1.501	0.186
4948.606	1.501	0.184
4948.685	1.502	0.182
4948.763	1.501	0.184
4948.854	1.502	0.186
4948.932	1.501	0.187
4949.023	1.502	0.193
4949.102	1.499	0.196
4949.179	1.501	0.202
4949.271	1.501	0.205
4949.348	1.502	0.209
4949.440	1.502	0.215
4949.519	1.502	0.222
4949.596	1.500	0.228
4949.687	1.502	0.239
4949.765	1.502	0.246
4949.856	1.501	0.255
4949.935	1.500	0.263
4950.013	1.501	0.266
4950.104	1.502	0.269
4950.182	1.502	0.273
4950.273	1.502	0.274
4950.352	1.502	0.278
4950.429	1.502	0.282
4950.521	1.501	0.284
4950.598	1.501	0.288
4950.690	1.502	0.292
4950.769	1.502	0.296
4950.846	1.502	0.299
4950.937	1.501	0.303
4951.015	1.502	0.305
4951.106	1.502	0.309
4951.185	1.502	0.309
4951.263	1.501	0.309
4951.354	1.501	0.309
4951.432	1.501	0.309
4951.523	1.502	0.305
4951.602	1.502	0.302
4951.679	1.501	0.297
4951.771	1.502	0.291
4951.848	1.501	0.282
4951.940	1.501	0.273
4952.019	1.502	0.266
4952.096	1.502	0.262
4952.187	1.499	0.255
4952.265	1.501	0.248
4952.356	1.502	0.239
4952.435	1.502	0.232
4952.513	1.502	0.227
4952.604	1.501	0.226
4952.682	1.502	0.227
4952.773	1.502	0.227
4952.852	1.502	0.227
4952.929	1.502	0.231
4953.021	1.502	0.232
4953.098	1.502	0.237
4953.190	1.502	0.237
4953.269	1.502	0.241
4953.346	1.502	0.246
4953.437	1.502	0.248
4953.515	1.502	0.248
4953.606	1.502	0.248
4953.685	1.502	0.248
4953.763	1.501	0.248
4953.854	1.502	0.248
4953.932	1.502	0.248
4954.023	1.502	0.248
4954.102	1.502	0.248
4954.179	1.502	0.243
4954.271	1.502	0.246
4954.348	1.501	0.243
4954.440	1.502	0.243
4954.519	1.502	0.243
4954.596	1.502	0.240
4954.687	1.502	0.240
4954.765	1.502	0.237
4954.856	1.502	0.237
4954.935	1.501	0.238
4955.013	1.502	0.243
4955.104	1.502	0.243
4955.182	1.502	0.243
4955.273	1.502	0.243
4955.352	1.502	0.242
4955.429	1.502	0.239
4955.521	1.502	0.243
4955.598	1.502	0.245
4955.690	1.502	0.248
4955.769	1.502	0.248
4955.846	1.502	0.251
4955.937	1.502	0.255
4956.015	1.502	0.259
4956.106	1.502	0.263
4956.185	1.502	0.264
4956.263	1.502	0.268
4956.354	1.502	0.268
4956.432	1.502	0.269
4956.523	1.502	0.268
4956.602	1.502	0.263
4956.679	1.502	0.263
4956.771	1.502	0.262
4956.848	1.502	0.261
4956.940	1.502	0.257
4957.019	1.502	0.251
4957.096	1.502	0.247
4957.187	1.502	0.244
4957.265	1.502	0.239
4957.356	1.502	0.239
4957.435	1.502	0.243
4957.513	1.502	0.247
4957.604	1.501	0.251
4957.682	1.502	0.256
4957.773	1.502	0.260
4957.852	1.502	0.263
4957.929	1.502	0.263
4958.021	1.502	0.268
4958.098	1.502	0.268
4958.190	1.502	0.268
4958.269	1.502	0.271
4958.346	1.502	0.273
4958.437	1.502	0.277
4958.515	1.502	0.278
4958.606	1.502	0.278
4958.685	1.502	0.278
4958.763	1.502	0.277
4958.854	1.502	0.275
4958.932	1.502	0.273
4959.023	1.502	0.274
4959.102	1.502	0.273
4959.179	1.502	0.272
4959.271	1.502	0.273
4959.348	1.502	0.270
4959.440	1.502	0.268
4959.519	1.502	0.268
4959.596	1.502	0.266
4959.687	1.502	0.264
4959.765	1.502	0.263
4959.856	1.502	0.260
4959.935	1.502	0.258
4960.013	1.502	0.259
4960.104	1.502	0.262
4960.182	1.502	0.263
4960.273	1.502	0.265
4960.352	1.502	0.271
4960.429	1.502	0.278
4960.521	1.502	0.288
4960.598	1.502	0.297
4960.690	1.502	0.306
4960.769	1.502	0.309
4960.846	1.502	0.310
4960.937	1.502	0.310
4961.015	1.502	0.312
4961.106	1.502	0.310
4961.185	1.502	0.311
4961.263	1.502	0.309
4961.354	1.502	0.309
4961.432	1.502	0.304
4961.523	1.502	0.304
4961.602	1.502	0.303
4961.679	1.502	0.300
4961.771	1.502	0.299
4961.848	1.502	0.299
4961.940	1.502	0.299
4962.019	1.502	0.299
4962.096	1.502	0.299
4962.187	1.502	0.301
4962.265	1.502	0.304
4962.356	1.502	0.305
4962.435	1.502	0.309
4962.513	1.502	0.314
4962.604	1.502	0.320
4962.682	1.502	0.324
4962.773	1.502	0.324
4962.852	1.502	0.324
4962.929	1.503	0.324
4963.021	1.502	0.322
4963.098	1.502	0.324
4963.190	1.502	0.324
4963.269	1.502	0.324
4963.346	1.503	0.325
4963.437	1.502	0.324
4963.515	1.502	0.324
4963.606	1.502	0.323
4963.685	1.502	0.320
4963.763	1.502	0.316
4963.854	1.502	0.313
4963.932	1.502	0.310
4964.023	1.503	0.309
4964.102	1.502	0.309
4964.179	1.502	0.309
4964.271	1.502	0.307
4964.348	1.503	0.304
4964.440	1.502	0.299
4964.519	1.502	0.299
4964.596	1.502	0.302
4964.687	1.503	0.306
4964.765	1.502	0.311
4964.856	1.503	0.317
4964.935	1.502	0.325
4965.013	1.502	0.331
4965.104	1.503	0.335
4965.182	1.502	0.342
4965.273	1.502	0.348
4965.352	1.502	0.355
4965.429	1.503	0.361
4965.521	1.502	0.367
4965.598	1.502	0.372
4965.690	1.504	0.377
4965.769	1.502	0.380
4965.846	1.502	0.380
4965.937	1.504	0.378
4966.015	1.502	0.376
4966.106	1.502	0.373
4966.185	1.503	0.367
4966.263	1.502	0.365
4966.354	1.502	0.361
4966.432	1.504	0.356
4966.523	1.505	0.350
4966.602	1.502	0.349
4966.679	1.502	0.348
4966.771	1.502	0.348
4966.848	1.505	0.350
4966.940	1.506	0.350
4967.019	1.504	0.350
4967.096	1.504	0.349
4967.187	1.505	0.350
4967.265	1.506	0.348
4967.356	1.506	0.350
4967.435	1.507	0.350
4967.513	1.506	0.352
4967.604	1.507	0.351
4967.682	1.507	0.350
4967.773	1.505	0.353
4967.852	1.503	0.354
4967.929	1.507	0.355
4968.021	1.507	0.355
4968.098	1.507	0.356
4968.190	1.507	0.355
4968.269	1.507	0.355
4968.346	1.507	0.355
4968.437	1.507	0.351
4968.515	1.507	0.350
4968.606	1.507	0.344
4968.685	1.504	0.346
4968.763	1.505	0.349
4968.854	1.507	0.350
4968.932	1.507	0.356
4969.023	1.507	0.360
4969.102	1.507	0.365
4969.179	1.507	0.372
4969.271	1.507	0.379
4969.348	1.507	0.380
4969.440	1.507	0.385
4969.519	1.507	0.389
4969.596	1.507	0.393
4969.687	1.507	0.400
4969.765	1.507	0.401
4969.856	1.507	0.406
4969.935	1.507	0.406
4970.013	1.507	0.406
4970.104	1.507	0.406
4970.182	1.507	0.406
4970.273	1.507	0.401
4970.352	1.507	0.401
4970.429	1.507	0.395
4970.521	1.507	0.394
4970.598	1.507	0.390
4970.690	1.507	0.389
4970.769	1.507	0.385
4970.846	1.507	0.382
4970.937	1.507	0.379
4971.015	1.507	0.376
4971.106	1.507	0.378
4971.185	1.507	0.378
4971.263	1.507	0.375
4971.354	1.507	0.375
4971.432	1.507	0.375
4971.523	1.507	0.377
4971.602	1.507	0.383
4971.679	1.507	0.388
4971.771	1.507	0.390
4971.848	1.507	0.396
4971.940	1.507	0.401
4972.019	1.507	0.404
4972.096	1.507	0.405
4972.187	1.507	0.409
4972.265	1.507	0.411
4972.356	1.507	0.412
4972.435	1.507	0.419
4972.513	1.507	0.424
4972.604	1.507	0.426
4972.682	1.507	0.426
4972.773	1.507	0.426
4972.852	1.507	0.428
4972.929	1.507	0.430
4973.021	1.507	0.426
4973.098	1.507	0.425
4973.190	1.507	0.422
4973.269	1.507	0.421
4973.346	1.507	0.420
4973.437	1.507	0.416
4973.515	1.507	0.416
4973.606	1.507	0.415
4973.685	1.507	0.417
4973.763	1.507	0.418
4973.854	1.507	0.416
4973.932	1.507	0.416
4974.023	1.507	0.416
4974.102	1.507	0.415
4974.179	1.507	0.417
4974.271	1.507	0.418
4974.348	1.507	0.416
4974.440	1.507	0.416
4974.519	1.509	0.415
4974.596	1.507	0.415
4974.687	1.508	0.416
4974.765	1.507	0.416
4974.856	1.507	0.412
4974.935	1.507	0.416
4975.013	1.507	0.416
4975.104	1.507	0.416
4975.182	1.507	0.417
4975.260	1.508	0.417
4975.352	1.507	0.415
4975.429	1.508	0.413
4975.521	1.507	0.415
4975.598	1.507	0.416
4975.690	1.507	0.413
4975.769	1.507	0.416
4975.846	1.507	0.418
4975.937	1.508	0.423
4976.015	1.509	0.426
4976.106	1.509	0.424
4976.185	1.510	0.423
4976.263	1.508	0.426
4976.354	1.508	0.428
4976.432	1.510	0.435
4976.523	1.508	0.446
4976.602	1.507	0.454
4976.679	1.508	0.463
4976.771	1.511	0.471
4976.848	1.509	0.478
4976.940	1.508	0.482
4977.019	1.508	0.485
4977.096	1.510	0.490
4977.187	1.509	0.492
4977.265	1.511	0.497
4977.356	1.511	0.499
4977.435	1.511	0.502
4977.513	1.512	0.503
4977.604	1.512	0.503
4977.682	1.512	0.506
4977.773	1.512	0.508
4977.852	1.512	0.508
4977.929	1.511	0.513
4978.021	1.512	0.513
4978.098	1.512	0.514
4978.190	1.512	0.514
4978.269	1.512	0.515
4978.346	1.512	0.515
4978.437	1.512	0.518
4978.515	1.512	0.519
4978.606	1.512	0.521
4978.685	1.512	0.523
4978.763	1.512	0.523
4978.854	1.512	0.523
4978.932	1.512	0.523
4979.010	1.512	0.525
4979.102	1.512	0.528
4979.179	1.512	0.528
4979.271	1.512	0.528
4979.348	1.512	0.528
4979.427	1.512	0.527
4979.519	1.512	0.526
4979.596	1.512	0.523
4979.687	1.512	0.523
4979.765	1.512	0.523
4979.843	1.512	0.522
4979.935	1.512	0.518
4980.013	1.512	0.513
4980.104	1.512	0.509
4980.182	1.512	0.506
4980.273	1.512	0.499
4980.352	1.512	0.496
4980.429	1.512	0.492
4980.521	1.512	0.495
4980.598	1.512	0.497
4980.690	1.512	0.497
4980.769	1.512	0.502
4980.846	1.512	0.502
4980.937	1.512	0.503
4981.015	1.512	0.509
4981.106	1.512	0.513
4981.185	1.512	0.517
4981.263	1.512	0.518
4981.354	1.513	0.522
4981.432	1.513	0.525
4981.523	1.512	0.529
4981.602	1.512	0.534
4981.679	1.515	0.538
4981.771	1.513	0.538
4981.836	1.513	0.533
4981.927	1.512	0.533
4982.019	1.513	0.533
4982.096	1.513	0.532
4982.187	1.514	0.529
4982.265	1.514	0.528
4982.343	1.512	0.526
4982.435	1.516	0.525
4982.513	1.514	0.523
4982.604	1.513	0.523
4982.682	1.515	0.523
4982.760	1.513	0.520
4982.852	1.513	0.517
4982.929	1.515	0.513
4983.021	1.515	0.510
4983.098	1.515	0.508
4983.177	1.515	0.504
4983.269	1.515	0.502
4983.346	1.515	0.503
4983.437	1.514	0.502
4983.515	1.518	0.503
4983.593	1.518	0.503
4983.685	1.518	0.502
4983.763	1.516	0.503
4983.854	1.516	0.507
4983.932	1.517	0.508
4984.010	1.517	0.513
4984.102	1.518	0.513
4984.179	1.518	0.519
4984.271	1.518	0.523
4984.348	1.518	0.524
4984.427	1.518	0.528
4984.519	1.518	0.528
4984.596	1.518	0.529
4984.687	1.518	0.531
4984.765	1.518	0.533
4984.843	1.518	0.533
4984.935	1.518	0.538
4985.013	1.518	0.538
4985.104	1.518	0.538
4985.182	1.518	0.542
4985.260	1.518	0.546
4985.352	1.518	0.552
4985.429	1.518	0.557
4985.521	1.518	0.564
4985.598	1.518	0.567
4985.677	1.518	0.572
4985.769	1.518	0.574
4985.846	1.518	0.577
4985.937	1.518	0.576
4986.015	1.518	0.574
4986.093	1.518	0.572
4986.185	1.518	0.569
4986.263	1.518	0.569
4986.354	1.518	0.568
4986.432	1.518	0.562
4986.510	1.518	0.556
4986.602	1.518	0.551
4986.679	1.518	0.546
4986.771	1.518	0.541
4986.848	1.520	0.537
4986.927	1.518	0.535
4987.019	1.518	0.531
4987.096	1.518	0.528
4987.187	1.518	0.528
4987.265	1.518	0.531
4987.343	1.520	0.535
4987.435	1.521	0.542
4987.513	1.522	0.547
4987.604	1.523	0.553
4987.682	1.520	0.554
4987.760	1.522	0.558
4987.852	1.522	0.558
4987.929	1.519	0.559
4988.021	1.522	0.556
4988.098	1.523	0.559
4988.177	1.522	0.554
4988.269	1.523	0.558
4988.346	1.523	0.559
4988.437	1.522	0.561
4988.515	1.523	0.564
4988.593	1.523	0.568
4988.685	1.523	0.569
4988.763	1.523	0.569
4988.854	1.523	0.571
4988.932	1.523	0.570
4989.010	1.523	0.574
4989.102	1.523	0.574
4989.179	1.523	0.574
4989.271	1.523	0.573
4989.348	1.523	0.569
4989.427	1.523	0.569
4989.519	1.523	0.572
4989.596	1.523	0.576
4989.687	1.523	0.579
4989.765	1.524	0.580
4989.843	1.525	0.583
4989.935	1.524	0.589
4990.013	1.523	0.589
4990.104	1.525	0.590
4990.182	1.524	0.593
4990.260	1.526	0.594
4990.352	1.524	0.595
4990.429	1.525	0.600
4990.521	1.525	0.604
4990.598	1.525	0.604
4990.677	1.525	0.600
4990.769	1.527	0.598
4990.846	1.527	0.597
4990.937	1.526	0.596
4991.015	1.525	0.594
4991.093	1.528	0.595
4991.185	1.528	0.594
4991.263	1.527	0.594
4991.354	1.527	0.599
4991.432	1.528	0.601
4991.510	1.528	0.604
4991.602	1.528	0.606
4991.679	1.528	0.610
4991.771	1.528	0.614
4991.848	1.528	0.617
4991.927	1.528	0.622
4992.019	1.528	0.627
4992.096	1.528	0.634
4992.187	1.528	0.637
4992.265	1.528	0.641
4992.343	1.528	0.645
4992.435	1.528	0.648
4992.513	1.528	0.654
4992.604	1.528	0.658
4992.682	1.528	0.665
4992.760	1.528	0.673
4992.852	1.529	0.683
4992.929	1.528	0.690
4993.021	1.529	0.699
4993.098	1.529	0.703
4993.177	1.529	0.709
4993.269	1.530	0.715
4993.346	1.529	0.722
4993.437	1.531	0.727
4993.515	1.533	0.731
4993.593	1.533	0.734
4993.685	1.532	0.736
4993.763	1.530	0.740
4993.854	1.532	0.742
4993.932	1.532	0.742
4994.010	1.532	0.742
4994.102	1.532	0.744
4994.179	1.532	0.740
4994.271	1.533	0.738
4994.348	1.533	0.734
4994.427	1.533	0.732
4994.519	1.533	0.732
4994.596	1.533	0.732
4994.687	1.533	0.728
4994.765	1.533	0.727
4994.843	1.533	0.724
4994.935	1.533	0.727
4995.013	1.533	0.727
4995.104	1.533	0.728
4995.182	1.533	0.730
4995.260	1.533	0.728
4995.352	1.533	0.727
4995.429	1.533	0.727
4995.521	1.533	0.727
4995.598	1.533	0.730
4995.677	1.533	0.732
4995.769	1.533	0.736
4995.846	1.533	0.739
4995.937	1.533	0.744
4996.015	1.533	0.748
4996.093	1.533	0.752
4996.172	1.533	0.752
4996.263	1.533	0.752
4996.354	1.533	0.752
4996.432	1.533	0.751
4996.510	1.533	0.748
4996.602	1.533	0.745
4996.679	1.533	0.742
4996.771	1.533	0.742
4996.848	1.533	0.747
4996.927	1.533	0.751
4997.019	1.533	0.752
4997.096	1.533	0.752
4997.187	1.534	0.755
4997.265	1.534	0.754
4997.343	1.533	0.756
4997.435	1.534	0.752
4997.513	1.535	0.752
4997.604	1.535	0.748
4997.682	1.535	0.747
4997.760	1.535	0.745
4997.852	1.535	0.742
4997.929	1.534	0.742
4998.021	1.535	0.742
4998.098	1.535	0.745
4998.177	1.535	0.751
4998.269	1.536	0.756
4998.346	1.535	0.761
4998.437	1.536	0.766
4998.515	1.536	0.768
4998.593	1.538	0.768
4998.685	1.536	0.768
4998.763	1.536	0.768
4998.854	1.538	0.766
4998.932	1.538	0.761
4999.010	1.538	0.757
4999.102	1.538	0.756
4999.179	1.538	0.752
4999.271	1.538	0.752
4999.348	1.538	0.756
4999.427	1.538	0.757
4999.519	1.540	0.757
4999.596	1.539	0.761
4999.687	1.538	0.764
4999.765	1.540	0.767
4999.843	1.541	0.769
4999.935	1.541	0.773
5000.013	1.540	0.779
5000.104	1.541	0.785
5000.182	1.540	0.795
5000.273	1.541	0.800
5000.352	1.541	0.805
5000.429	1.543	0.806
5000.521	1.542	0.804
5000.598	1.542	0.801
5000.677	1.543	0.798
5000.769	1.543	0.795
5000.846	1.543	0.794
5000.937	1.542	0.793
5001.015	1.543	0.790
5001.093	1.543	0.788
5001.185	1.543	0.788
5001.263	1.543	0.784
5001.354	1.543	0.783
5001.432	1.543	0.781
5001.510	1.543	0.778
5001.602	1.543	0.777
5001.679	1.543	0.772
5001.771	1.543	0.766
5001.848	1.543	0.759
5001.927	1.543	0.755
5002.019	1.543	0.752
5002.096	1.543	0.748
5002.187	1.543	0.746
5002.265	1.543	0.745
5002.343	1.543	0.743
5002.435	1.543	0.742
5002.513	1.543	0.745
5002.604	1.544	0.749
5002.682	1.543	0.752
5002.760	1.544	0.753
5002.852	1.543	0.756
5002.929	1.545	0.757
5003.021	1.544	0.762
5003.098	1.546	0.769
5003.177	1.547	0.776
5003.269	1.546	0.785
5003.346	1.547	0.795
5003.437	1.546	0.801
5003.515	1.548	0.808
5003.593	1.547	0.816
5003.685	1.548	0.824
5003.763	1.548	0.831
5003.854	1.547	0.834
5003.932	1.547	0.838
5004.010	1.548	0.839
5004.102	1.548	0.838
5004.179	1.548	0.837
5004.271	1.548	0.834
5004.348	1.547	0.833
5004.427	1.548	0.831
5004.519	1.548	0.833
5004.596	1.548	0.830
5004.687	1.548	0.830
5004.765	1.548	0.829
5004.843	1.548	0.826
5004.935	1.548	0.825
5005.013	1.548	0.827
5005.104	1.548	0.825
5005.182	1.548	0.828
5005.260	1.548	0.829
5005.352	1.551	0.829
5005.429	1.549	0.825
5005.521	1.548	0.824
5005.598	1.552	0.826
5005.677	1.552	0.830
5005.769	1.552	0.834
5005.846	1.553	0.836
5005.937	1.552	0.840
5006.015	1.552	0.846
5006.093	1.552	0.849
5006.185	1.552	0.853
5006.263	1.552	0.855
5006.354	1.553	0.858
5006.432	1.552	0.858
5006.510	1.553	0.859
5006.602	1.553	0.859
5006.679	1.553	0.860
5006.771	1.553	0.859
5006.848	1.553	0.859
5006.927	1.553	0.858
5007.019	1.553	0.856
5007.096	1.553	0.854
5007.187	1.553	0.854
5007.265	1.553	0.854
5007.343	1.553	0.852
5007.435	1.553	0.854
5007.513	1.553	0.857
5007.604	1.553	0.859
5007.682	1.553	0.865
5007.760	1.553	0.872
5007.852	1.553	0.877
5007.929	1.553	0.881
5008.021	1.553	0.889
5008.098	1.553	0.897
5008.177	1.553	0.901
5008.269	1.554	0.905
5008.346	1.553	0.905
5008.437	1.554	0.905
5008.515	1.553	0.907
5008.593	1.555	0.908
5008.685	1.554	0.908
5008.763	1.555	0.905
5008.854	1.554	0.905
5008.932	1.553	0.905
5009.010	1.555	0.905
5009.102	1.557	0.905
5009.179	1.554	0.905
5009.271	1.556	0.905
5009.348	1.556	0.908
5009.427	1.557	0.909
5009.519	1.558	0.913
5009.596	1.558	0.915
5009.687	1.558	0.920
5009.765	1.558	0.921
5009.843	1.558	0.927
5009.935	1.558	0.931
5010.013	1.558	0.934
5010.104	1.558	0.940
5010.182	1.558	0.943
5010.260	1.558	0.948
5010.352	1.558	0.952
5010.429	1.558	0.954
5010.521	1.558	0.952
5010.598	1.558	0.951
5010.677	1.558	0.951
5010.769	1.558	0.946
5010.846	1.558	0.944
5010.937	1.558	0.942
5011.015	1.558	0.941
5011.093	1.558	0.941
5011.185	1.559	0.939
5011.263	1.560	0.937
5011.354	1.559	0.941
5011.432	1.561	0.940
5011.510	1.561	0.938
5011.602	1.561	0.938
5011.679	1.560	0.939
5011.771	1.562	0.941
5011.848	1.562	0.941
5011.927	1.561	0.941
5012.019	1.562	0.940
5012.096	1.563	0.936
5012.187	1.563	0.937
5012.265	1.563	0.931
5012.343	1.563	0.931
5012.435	1.562	0.931
5012.513	1.563	0.931
5012.604	1.563	0.933
5012.682	1.563	0.936
5012.760	1.563	0.942
5012.852	1.563	0.946
5012.929	1.563	0.953
5013.021	1.563	0.956
5013.098	1.563	0.960
5013.177	1.563	0.964
5013.269	1.563	0.966
5013.346	1.563	0.971
5013.437	1.563	0.971
5013.515	1.563	0.971
5013.593	1.563	0.971
5013.685	1.566	0.971
5013.763	1.564	0.969
5013.854	1.564	0.965
5013.932	1.564	0.965
5014.010	1.567	0.963
5014.102	1.566	0.961
5014.179	1.565	0.961
5014.271	1.569	0.957
5014.348	1.569	0.956
5014.427	1.569	0.954
5014.519	1.569	0.956
5014.583	1.569	0.955
5014.687	1.569	0.955
5014.765	1.569	0.950
5014.843	1.569	0.946
5014.935	1.569	0.945
5015.013	1.569	0.941
5015.104	1.569	0.940
5015.182	1.569	0.937
5015.260	1.569	0.936
5015.352	1.569	0.936
5015.429	1.569	0.936
5015.521	1.569	0.935
5015.598	1.569	0.931
5015.677	1.569	0.931
5015.769	1.569	0.926
5015.846	1.569	0.926
5015.937	1.569	0.924
5016.015	1.569	0.920
5016.093	1.569	0.920
5016.185	1.569	0.916
5016.263	1.569	0.915
5016.354	1.569	0.911
5016.432	1.569	0.910
5016.510	1.569	0.909
5016.602	1.569	0.905
5016.679	1.574	0.905
5016.771	1.570	0.905
5016.848	1.573	0.909
5016.927	1.573	0.914
5017.019	1.573	0.915
5017.096	1.573	0.920
5017.187	1.574	0.926
5017.265	1.573	0.935
5017.343	1.574	0.943
5017.435	1.574	0.951
5017.513	1.574	0.957
5017.604	1.574	0.963
5017.682	1.574	0.968
5017.760	1.574	0.971
5017.852	1.574	0.971
5017.929	1.574	0.971
5018.021	1.574	0.969
5018.098	1.574	0.963
5018.177	1.574	0.961
5018.269	1.574	0.966
5018.346	1.574	0.966
5018.437	1.574	0.965
5018.515	1.574	0.964
5018.593	1.574	0.964
5018.685	1.574	0.966
5018.763	1.575	0.964
5018.854	1.574	0.962
5018.932	1.575	0.966
5019.010	1.574	0.966
5019.102	1.574	0.966
5019.179	1.575	0.968
5019.271	1.574	0.967
5019.348	1.576	0.966
5019.427	1.578	0.966
5019.519	1.575	0.963
5019.596	1.575	0.961
5019.687	1.577	0.960
5019.765	1.577	0.956
5019.843	1.578	0.954
5019.935	1.579	0.950
5020.013	1.578	0.946
5020.104	1.579	0.940
5020.182	1.579	0.935
5020.260	1.580	0.931
5020.352	1.579	0.924
5020.429	1.580	0.920
5020.521	1.580	0.922
5020.598	1.580	0.925
5020.677	1.579	0.926
5020.769	1.579	0.928
5020.846	1.581	0.933
5020.937	1.581	0.937
5021.015	1.582	0.942
5021.093	1.583	0.946
5021.185	1.582	0.949
5021.263	1.583	0.953
5021.354	1.582	0.956
5021.432	1.582	0.961
5021.510	1.584	0.961
5021.602	1.582	0.961
5021.679	1.582	0.962
5021.771	1.583	0.962
5021.848	1.584	0.961
5021.927	1.584	0.959
5022.019	1.584	0.956
5022.096	1.584	0.955
5022.187	1.584	0.948
5022.265	1.584	0.943
5022.343	1.584	0.939
5022.435	1.584	0.936
5022.513	1.584	0.931
5022.604	1.584	0.931
5022.682	1.584	0.935
5022.760	1.584	0.933
5022.852	1.584	0.931
5022.929	1.584	0.931
5023.021	1.584	0.925
5023.098	1.584	0.920
5023.177	1.584	0.920
5023.269	1.584	0.920
5023.346	1.584	0.914
5023.437	1.586	0.909
5023.515	1.585	0.903
5023.593	1.585	0.897
5023.685	1.585	0.892
5023.763	1.585	0.889
5023.854	1.586	0.885
5023.932	1.587	0.881
5024.010	1.587	0.880
5024.102	1.586	0.880
5024.179	1.589	0.875
5024.271	1.589	0.879
5024.348	1.587	0.881
5024.427	1.589	0.885
5024.519	1.589	0.890
5024.596	1.589	0.890
5024.687	1.589	0.890
5024.765	1.589	0.890
5024.843	1.589	0.891
5024.935	1.589	0.894
5025.013	1.589	0.896
5025.104	1.589	0.900
5025.182	1.589	0.900
5025.260	1.589	0.901
5025.352	1.589	0.901
5025.429	1.589	0.899
5025.521	1.589	0.892
5025.598	1.589	0.884
5025.677	1.589	0.880
5025.769	1.590	0.875
5025.846	1.591	0.871
5025.937	1.589	0.869
5026.015	1.592	0.864
5026.093	1.591	0.863
5026.185	1.591	0.859
5026.263	1.591	0.854
5026.354	1.593	0.854
5026.432	1.592	0.854
5026.510	1.593	0.854
5026.602	1.594	0.856
5026.679	1.594	0.857
5026.771	1.594	0.854
5026.848	1.594	0.856
5026.927	1.594	0.859
5027.019	1.594	0.863
5027.096	1.594	0.869
5027.187	1.594	0.869
5027.265	1.594	0.875
5027.343	1.594	0.875
5027.435	1.594	0.878
5027.513	1.594	0.880
5027.604	1.594	0.885
5027.682	1.594	0.889
5027.760	1.594	0.893
5027.852	1.594	0.900
5027.929	1.594	0.900
5028.021	1.594	0.900
5028.098	1.594	0.897
5028.177	1.594	0.892
5028.269	1.594	0.889
5028.346	1.594	0.884
5028.437	1.594	0.882
5028.515	1.594	0.879
5028.593	1.595	0.875
5028.685	1.596	0.875
5028.763	1.596	0.880
5028.854	1.596	0.881
5028.932	1.594	0.887
5029.010	1.594	0.892
5029.102	1.596	0.897
5029.179	1.594	0.901
5029.257	1.597	0.904
5029.348	1.597	0.907
5029.427	1.598	0.911
5029.519	1.598	0.917
5029.596	1.598	0.920
5029.674	1.599	0.928
5029.765	1.599	0.935
5029.843	1.599	0.936
5029.935	1.599	0.936
5030.013	1.599	0.933
5030.104	1.599	0.931
5030.182	1.599	0.931
5030.260	1.599	0.931
5030.352	1.599	0.931
5030.429	1.599	0.934
5030.507	1.599	0.936
5030.598	1.599	0.936
5030.677	1.599	0.936
5030.769	1.599	0.932
5030.846	1.599	0.928
5030.937	1.599	0.921
5031.015	1.600	0.920
5031.093	1.599	0.920
5031.185	1.599	0.925
5031.263	1.600	0.929
5031.341	1.603	0.931
5031.432	1.600	0.932
5031.510	1.602	0.935
5031.602	1.603	0.941
5031.679	1.603	0.941
5031.757	1.603	0.944
5031.848	1.603	0.949
5031.927	1.603	0.953
5032.019	1.604	0.957
5032.096	1.603	0.961
5032.187	1.604	0.964
5032.265	1.604	0.971
5032.343	1.604	0.971
5032.435	1.604	0.972
5032.513	1.604	0.976
5032.604	1.604	0.976
5032.682	1.604	0.976
5032.760	1.604	0.980
5032.852	1.604	0.981
5032.929	1.604	0.982
5033.021	1.604	0.981
5033.098	1.605	0.979
5033.177	1.606	0.980
5033.269	1.604	0.982
5033.346	1.605	0.982
5033.437	1.607	0.984
5033.515	1.608	0.984
5033.593	1.608	0.982
5033.685	1.607	0.982
5033.763	1.607	0.982
5033.854	1.608	0.982
5033.932	1.609	0.977
5034.010	1.609	0.971
5034.102	1.609	0.964
5034.179	1.609	0.956
5034.271	1.609	0.948
5034.348	1.609	0.941
5034.427	1.609	0.933
5034.519	1.609	0.931
5034.596	1.609	0.926
5034.687	1.609	0.926
5034.765	1.609	0.926
5034.843	1.609	0.929
5034.935	1.609	0.931
5035.013	1.609	0.931
5035.091	1.609	0.935
5035.182	1.609	0.936
5035.260	1.610	0.936
5035.352	1.609	0.937
5035.429	1.609	0.937
5035.507	1.610	0.937
5035.598	1.610	0.941
5035.677	1.611	0.943
5035.769	1.611	0.948
5035.846	1.612	0.951
5035.937	1.612	0.954
5036.015	1.614	0.953
5036.093	1.613	0.951
5036.185	1.614	0.955
5036.263	1.613	0.956
5036.354	1.614	0.961
5036.432	1.614	0.961
5036.510	1.614	0.959
5036.602	1.614	0.956
5036.679	1.614	0.953
5036.771	1.614	0.951
5036.848	1.614	0.951
5036.927	1.614	0.950
5037.019	1.614	0.946
5037.096	1.614	0.946
5037.187	1.614	0.946
5037.265	1.614	0.944
5037.343	1.614	0.946
5037.435	1.614	0.946
5037.513	1.614	0.943
5037.604	1.614	0.941
5037.682	1.614	0.938
5037.760	1.614	0.936
5037.852	1.614	0.936
5037.929	1.614	0.935
5038.007	1.614	0.933
5038.098	1.614	0.931
5038.177	1.615	0.930
5038.269	1.614	0.931
5038.346	1.615	0.931
5038.424	1.615	0.936
5038.515	1.615	0.939
5038.593	1.616	0.944
5038.685	1.616	0.950
5038.763	1.617	0.954
5038.841	1.619	0.956
5038.932	1.617	0.956
5039.010	1.615	0.957
5039.102	1.615	0.955
5039.179	1.617	0.950
5039.257	1.618	0.946
5039.348	1.620	0.941
5039.427	1.619	0.941
5039.519	1.618	0.938
5039.596	1.617	0.936
5039.674	1.620	0.936
5039.765	1.620	0.936
5039.843	1.620	0.934
5039.935	1.620	0.931
5040.013	1.620	0.931
5040.091	1.620	0.926
5040.182	1.620	0.926
5040.260	1.620	0.924
5040.352	1.620	0.920
5040.429	1.620	0.925
5040.507	1.620	0.929
5040.598	1.621	0.931
5040.677	1.620	0.934
5040.769	1.620	0.935
5040.846	1.623	0.936
5040.924	1.620	0.936
5041.015	1.623	0.936
5041.093	1.622	0.936
5041.185	1.624	0.936
5041.263	1.622	0.938
5041.341	1.623	0.938
5041.432	1.625	0.941
5041.510	1.623	0.941
5041.602	1.625	0.941
5041.679	1.625	0.944
5041.757	1.625	0.946
5041.848	1.625	0.951
5041.927	1.625	0.954
5042.019	1.625	0.956
5042.096	1.625	0.961
5042.174	1.625	0.961
5042.265	1.625	0.965
5042.343	1.625	0.968
5042.435	1.625	0.974
5042.513	1.625	0.978
5042.591	1.625	0.982
5042.682	1.625	0.982
5042.760	1.625	0.987
5042.852	1.625	0.991
5042.929	1.625	0.992
5043.007	1.625	0.993
5043.098	1.625	0.993
5043.177	1.625	0.996
5043.269	1.625	0.997
5043.346	1.626	0.997
5043.437	1.626	0.997
5043.515	1.626	0.997
5043.593	1.626	0.993
5043.685	1.626	0.992
5043.763	1.628	0.992
5043.854	1.627	0.988
5043.932	1.629	0.983
5044.010	1.630	0.981
5044.102	1.630	0.977
5044.179	1.630	0.972
5044.257	1.630	0.971
5044.348	1.630	0.971
5044.427	1.630	0.971
5044.519	1.630	0.972
5044.596	1.630	0.971
5044.687	1.630	0.971
5044.765	1.630	0.974
5044.843	1.630	0.971
5044.935	1.630	0.971
5045.013	1.630	0.969
5045.104	1.630	0.971
5045.182	1.630	0.968
5045.260	1.630	0.965
5045.352	1.630	0.961
5045.429	1.630	0.960
5045.521	1.630	0.960
5045.598	1.630	0.956
5045.677	1.631	0.954
5045.769	1.630	0.951
5045.846	1.630	0.951
5045.924	1.632	0.947
5046.015	1.631	0.946
5046.093	1.633	0.946
5046.185	1.631	0.944
5046.263	1.632	0.942
5046.354	1.633	0.941
5046.432	1.632	0.941
5046.510	1.631	0.937
5046.602	1.632	0.934
5046.679	1.632	0.931
5046.757	1.631	0.931
5046.848	1.633	0.931
5046.927	1.634	0.929
5047.019	1.634	0.926
5047.096	1.634	0.925
5047.174	1.635	0.920
5047.265	1.633	0.916
5047.343	1.635	0.913
5047.435	1.635	0.909
5047.513	1.635	0.906
5047.591	1.635	0.904
5047.682	1.635	0.900
5047.760	1.635	0.900
5047.852	1.635	0.900
5047.929	1.635	0.901
5048.021	1.635	0.902
5048.098	1.635	0.904
5048.177	1.635	0.910
5048.269	1.635	0.914
5048.346	1.635	0.922
5048.424	1.635	0.928
5048.515	1.635	0.934
5048.593	1.635	0.940
5048.685	1.635	0.946
5048.763	1.635	0.951
5048.841	1.635	0.951
5048.932	1.637	0.952
5049.010	1.637	0.956
5049.102	1.635	0.956
5049.179	1.639	0.958
5049.257	1.638	0.961
5049.348	1.638	0.962
5049.427	1.640	0.965
5049.519	1.640	0.971
5049.596	1.640	0.972
5049.674	1.640	0.976
5049.765	1.640	0.976
5049.843	1.640	0.976
5049.935	1.640	0.976
5050.013	1.640	0.981
5050.091	1.640	0.982
5050.182	1.640	0.986
5050.260	1.640	0.987
5050.352	1.640	0.987
5050.429	1.640	0.988
5050.507	1.640	0.992
5050.598	1.640	0.992
5050.677	1.640	0.993
5050.769	1.640	0.996
5050.846	1.640	0.996
5050.924	1.640	0.991
5051.015	1.640	0.983
5051.093	1.641	0.977
5051.185	1.641	0.969
5051.263	1.640	0.960
5051.341	1.640	0.954
5051.432	1.642	0.947
5051.510	1.641	0.940
5051.602	1.642	0.934
5051.679	1.641	0.924
5051.757	1.642	0.916
5051.848	1.641	0.909
5051.927	1.642	0.904
5052.019	1.642	0.900
5052.096	1.643	0.898
5052.174	1.644	0.900
5052.265	1.643	0.900
5052.343	1.645	0.900
5052.435	1.645	0.900
5052.513	1.644	0.903
5052.591	1.645	0.908
5052.682	1.645	0.910
5052.760	1.645	0.914
5052.852	1.645	0.915
5052.929	1.645	0.923
5053.021	1.645	0.933
5053.098	1.645	0.941
5053.177	1.645	0.947
5053.269	1.645	0.954
5053.346	1.645	0.961
5053.424	1.645	0.969
5053.515	1.645	0.977
5053.593	1.647	0.982
5053.685	1.648	0.982
5053.763	1.646	0.986
5053.854	1.648	0.990
5053.932	1.646	0.992
5054.010	1.647	0.996
5054.102	1.646	0.999
5054.179	1.649	1.002
5054.257	1.649	1.006
5054.348	1.649	1.009
5054.427	1.649	1.012
5054.519	1.650	1.012
5054.596	1.649	1.012
5054.674	1.650	1.012
5054.765	1.650	1.005
5054.843	1.650	1.000
5054.935	1.650	0.996
5055.013	1.650	0.990
5055.091	1.650	0.987
5055.182	1.650	0.982
5055.260	1.650	0.982
5055.352	1.650	0.982
5055.429	1.650	0.982
5055.507	1.650	0.982
5055.598	1.650	0.982
5055.677	1.650	0.982
5055.769	1.650	0.982
5055.846	1.650	0.982
5055.924	1.650	0.981
5056.015	1.650	0.976
5056.093	1.650	0.973
5056.185	1.650	0.965
5056.263	1.650	0.961
5056.341	1.650	0.961
5056.432	1.651	0.960
5056.510	1.652	0.961
5056.602	1.652	0.960
5056.679	1.654	0.961
5056.757	1.652	0.965
5056.848	1.652	0.968
5056.927	1.653	0.971
5057.019	1.652	0.973
5057.096	1.654	0.974
5057.174	1.654	0.977
5057.265	1.655	0.982
5057.343	1.654	0.982
5057.435	1.655	0.982
5057.513	1.655	0.982
5057.591	1.655	0.982
5057.682	1.655	0.982
5057.760	1.655	0.982
5057.852	1.655	0.982
5057.929	1.655	0.982
5058.007	1.655	0.982
5058.098	1.655	0.982
5058.177	1.655	0.982
5058.269	1.655	0.982
5058.346	1.655	0.982
5058.424	1.655	0.982
5058.515	1.655	0.986
5058.593	1.655	0.988
5058.685	1.655	0.987
5058.763	1.655	0.987
5058.841	1.658	0.987
5058.932	1.658	0.985
5059.010	1.657	0.982
5059.102	1.657	0.982
5059.179	1.659	0.978
5059.257	1.657	0.973
5059.348	1.656	0.971
5059.427	1.658	0.967
5059.519	1.659	0.963
5059.596	1.660	0.960
5059.674	1.659	0.954
5059.765	1.658	0.949
5059.843	1.660	0.947
5059.935	1.660	0.946
5060.013	1.660	0.941
5060.091	1.660	0.938
5060.182	1.660	0.936
5060.260	1.660	0.936
5060.352	1.661	0.937
5060.429	1.660	0.941
5060.507	1.660	0.943
5060.598	1.660	0.948
5060.677	1.660	0.955
5060.769	1.660	0.960
5060.846	1.661	0.961
5060.924	1.663	0.965
5061.015	1.662	0.963
5061.093	1.662	0.961
5061.185	1.664	0.960
5061.263	1.663	0.956
5061.341	1.665	0.952
5061.432	1.665	0.951
5061.510	1.663	0.947
5061.602	1.664	0.946
5061.679	1.665	0.943
5061.757	1.665	0.944
5061.848	1.665	0.946
5061.927	1.665	0.947
5062.019	1.665	0.951
5062.096	1.665	0.952
5062.174	1.665	0.956
5062.265	1.665	0.956
5062.343	1.665	0.956
5062.435	1.665	0.961
5062.513	1.665	0.965
5062.591	1.665	0.970
5062.682	1.665	0.971
5062.760	1.665	0.976
5062.852	1.665	0.981
5062.929	1.665	0.985
5063.007	1.665	0.991
5063.098	1.665	0.998
5063.177	1.665	1.005
5063.269	1.665	1.011
5063.346	1.666	1.016
5063.424	1.666	1.022
5063.515	1.666	1.025
5063.593	1.666	1.027
5063.685	1.668	1.028
5063.763	1.668	1.030
5063.841	1.667	1.033
5063.932	1.668	1.033
5064.010	1.671	1.031
5064.102	1.667	1.027
5064.179	1.670	1.027
5064.257	1.670	1.022
5064.348	1.669	1.020
5064.427	1.671	1.016
5064.519	1.671	1.012
5064.596	1.670	1.009
5064.674	1.671	1.005
5064.765	1.671	1.002
5064.843	1.671	0.999
5064.935	1.671	0.994
5065.013	1.671	0.989
5065.091	1.671	0.986
5065.182	1.671	0.983
5065.260	1.671	0.981
5065.338	1.671	0.975
5065.429	1.671	0.967
5065.507	1.671	0.960
5065.598	1.671	0.955
5065.677	1.671	0.951
5065.769	1.671	0.946
5065.846	1.671	0.941
5065.924	1.671	0.938
5066.015	1.671	0.936
5066.093	1.671	0.931
5066.185	1.671	0.929
5066.263	1.672	0.926
5066.341	1.672	0.925
5066.432	1.672	0.926
5066.510	1.672	0.926
5066.602	1.672	0.920
5066.679	1.674	0.915
5066.757	1.673	0.910
5066.848	1.674	0.905
5066.927	1.676	0.904
5067.019	1.675	0.901
5067.096	1.676	0.901
5067.174	1.674	0.900
5067.265	1.675	0.900
5067.343	1.676	0.900
5067.435	1.676	0.900
5067.513	1.676	0.905
5067.591	1.676	0.907
5067.682	1.676	0.912
5067.760	1.676	0.915
5067.852	1.676	0.915
5067.929	1.676	0.919
5068.007	1.676	0.922
5068.098	1.676	0.928
5068.177	1.676	0.933
5068.269	1.676	0.937
5068.346	1.676	0.941
5068.424	1.676	0.948
5068.515	1.676	0.957
5068.593	1.676	0.966
5068.685	1.676	0.977
5068.763	1.680	0.983
5068.841	1.676	0.991
5068.932	1.678	0.993
5069.010	1.676	0.997
5069.102	1.679	0.997
5069.179	1.678	0.997
5069.257	1.680	0.997
5069.348	1.680	0.997
5069.427	1.680	0.999
5069.505	1.681	1.003
5069.596	1.681	1.009
5069.674	1.680	1.012
5069.765	1.681	1.016
5069.843	1.681	1.015
5069.935	1.681	1.012
5070.013	1.681	1.012
5070.091	1.681	1.010
5070.182	1.681	1.005
5070.260	1.681	1.002
5070.338	1.681	0.997
5070.429	1.681	0.996
5070.507	1.681	0.988
5070.598	1.681	0.982
5070.677	1.681	0.977
5070.755	1.681	0.971
5070.846	1.681	0.969
5070.924	1.682	0.962
5071.015	1.681	0.958
5071.093	1.681	0.953
5071.185	1.681	0.951
5071.263	1.682	0.948
5071.341	1.682	0.951
5071.432	1.682	0.952
5071.510	1.684	0.956
5071.602	1.686	0.956
5071.679	1.684	0.956
5071.757	1.685	0.960
5071.848	1.686	0.963
5071.927	1.686	0.968
5072.019	1.686	0.971
5072.096	1.686	0.971
5072.174	1.686	0.971
5072.265	1.686	0.971
5072.343	1.686	0.971
5072.422	1.686	0.971
5072.513	1.686	0.971
5072.591	1.686	0.971
5072.682	1.686	0.971
5072.760	1.686	0.971
5072.838	1.687	0.971
5072.929	1.688	0.971
5073.007	1.689	0.971
5073.098	1.688	0.971
5073.177	1.689	0.971
5073.255	1.690	0.971
5073.346	1.689	0.970
5073.424	1.690	0.967
5073.515	1.691	0.967
5073.593	1.688	0.966
5073.685	1.690	0.962
5073.763	1.689	0.960
5073.841	1.690	0.955
5073.932	1.691	0.947
5074.010	1.691	0.942
5074.102	1.691	0.937
5074.179	1.690	0.931
5074.257	1.690	0.924
5074.348	1.691	0.920
5074.427	1.691	0.915
5074.505	1.691	0.911
5074.596	1.691	0.908
5074.674	1.691	0.905
5074.765	1.691	0.905
5074.843	1.691	0.909
5074.935	1.691	0.909
5075.013	1.691	0.909
5075.091	1.691	0.912
5075.182	1.691	0.915
5075.260	1.691	0.916
5075.338	1.691	0.922
5075.429	1.691	0.929
5075.507	1.692	0.936
5075.598	1.692	0.940
5075.677	1.694	0.943
5075.755	1.695	0.946
5075.846	1.693	0.946
5075.924	1.693	0.946
5076.015	1.694	0.946
5076.093	1.693	0.946
5076.185	1.696	0.946
5076.263	1.696	0.946
5076.341	1.696	0.948
5076.432	1.696	0.950
5076.510	1.696	0.951
5076.588	1.696	0.951
5076.679	1.696	0.950
5076.757	1.696	0.946
5076.848	1.696	0.943
5076.927	1.696	0.941
5077.005	1.696	0.940
5077.096	1.696	0.936
5077.174	1.696	0.934
5077.265	1.696	0.931
5077.343	1.696	0.927
5077.435	1.696	0.923
5077.513	1.696	0.922
5077.591	1.696	0.921
5077.682	1.696	0.920
5077.760	1.696	0.917
5077.852	1.696	0.914
5077.929	1.696	0.913
5078.007	1.696	0.910
5078.098	1.696	0.910
5078.177	1.696	0.914
5078.255	1.696	0.917
5078.346	1.696	0.920
5078.424	1.696	0.927
5078.515	1.696	0.931
5078.593	1.697	0.937
5078.685	1.696	0.943
5078.763	1.696	0.949
5078.841	1.696	0.955
5078.932	1.697	0.961
5079.010	1.698	0.964
5079.102	1.699	0.966
5079.179	1.701	0.971
5079.257	1.701	0.971
5079.348	1.700	0.972
5079.427	1.700	0.976
5079.519	1.699	0.981
5079.596	1.699	0.982
5079.674	1.701	0.984
5079.765	1.701	0.986
5079.843	1.700	0.986
5079.935	1.701	0.987
5080.013	1.701	0.984
5080.091	1.701	0.982
5080.182	1.701	0.979
5080.260	1.701	0.974
5080.338	1.701	0.971
5080.429	1.701	0.965
5080.507	1.701	0.962
5080.598	1.703	0.960
5080.677	1.701	0.956
5080.769	1.703	0.954
5080.846	1.704	0.951
5080.924	1.704	0.949
5081.015	1.703	0.946
5081.093	1.705	0.945
5081.185	1.705	0.943
5081.263	1.704	0.946
5081.341	1.706	0.947
5081.432	1.705	0.949
5081.510	1.706	0.950
5081.602	1.705	0.948
5081.679	1.706	0.946
5081.757	1.706	0.941
5081.848	1.706	0.938
5081.927	1.706	0.935
5082.019	1.706	0.928
5082.096	1.706	0.920
5082.174	1.706	0.912
5082.265	1.706	0.903
5082.343	1.706	0.897
5082.422	1.706	0.891
5082.513	1.706	0.883
5082.591	1.706	0.880
5082.682	1.706	0.875
5082.760	1.706	0.875
5082.838	1.706	0.870
5082.929	1.706	0.869
5083.007	1.706	0.868
5083.098	1.706	0.865
5083.177	1.706	0.863
5083.269	1.706	0.857
5083.346	1.706	0.852
5083.424	1.706	0.849
5083.515	1.706	0.845
5083.593	1.706	0.844
5083.685	1.706	0.843
5083.763	1.709	0.847
5083.841	1.706	0.849
5083.932	1.711	0.853
5084.010	1.710	0.854
5084.102	1.708	0.859
5084.179	1.710	0.861
5084.257	1.710	0.866
5084.348	1.710	0.870
5084.427	1.710	0.874
5084.519	1.710	0.875
5084.596	1.711	0.875
5084.674	1.711	0.875
5084.765	1.711	0.875
5084.843	1.710	0.875
5084.922	1.710	0.874
5085.013	1.711	0.871
5085.091	1.711	0.870
5085.182	1.711	0.869
5085.260	1.711	0.868
5085.352	1.711	0.864
5085.429	1.711	0.864
5085.507	1.711	0.864
5085.598	1.711	0.863
5085.677	1.711	0.859
5085.769	1.711	0.859
5085.846	1.711	0.859
5085.924	1.711	0.859
5086.015	1.711	0.859
5086.093	1.711	0.859
5086.172	1.711	0.859
5086.263	1.711	0.859
5086.341	1.712	0.859
5086.432	1.713	0.860
5086.510	1.712	0.862
5086.588	1.715	0.864
5086.679	1.715	0.864
5086.757	1.713	0.864
5086.848	1.713	0.864
5086.927	1.716	0.868
5087.005	1.715	0.869
5087.096	1.714	0.869
5087.174	1.716	0.869
5087.265	1.716	0.865
5087.343	1.715	0.864
5087.422	1.716	0.860
5087.513	1.716	0.856
5087.591	1.716	0.851
5087.682	1.716	0.844
5087.760	1.716	0.838
5087.838	1.716	0.832
5087.929	1.716	0.825
5088.007	1.716	0.818
5088.098	1.716	0.818
5088.177	1.716	0.818
5088.255	1.716	0.819
5088.346	1.716	0.819
5088.424	1.716	0.818
5088.515	1.716	0.818
5088.593	1.716	0.818
5088.672	1.716	0.821
5088.763	1.716	0.825
5088.841	1.716	0.829
5088.932	1.716	0.830
5089.010	1.716	0.833
5089.088	1.716	0.834
5089.179	1.716	0.834
5089.257	1.716	0.834
5089.348	1.716	0.834
5089.427	1.716	0.835
5089.505	1.716	0.839
5089.596	1.720	0.844
5089.674	1.717	0.845
5089.765	1.719	0.847
5089.843	1.718	0.844
5089.922	1.720	0.841
5090.013	1.717	0.839
5090.091	1.720	0.834
5090.182	1.719	0.833
5090.260	1.719	0.830
5090.338	1.721	0.830
5090.429	1.721	0.829
5090.507	1.722	0.829
5090.598	1.722	0.829
5090.677	1.722	0.829
5090.755	1.721	0.829
5090.846	1.722	0.829
5090.924	1.721	0.829
5091.015	1.722	0.828
5091.093	1.722	0.824
5091.185	1.722	0.824
5091.263	1.722	0.824
5091.341	1.722	0.824
5091.432	1.722	0.823
5091.510	1.722	0.818
5091.588	1.722	0.813
5091.679	1.722	0.804
5091.757	1.722	0.796
5091.848	1.722	0.785
5091.927	1.722	0.777
5092.005	1.722	0.771
5092.096	1.722	0.768
5092.174	1.722	0.768
5092.265	1.723	0.765
5092.343	1.722	0.764
5092.435	1.722	0.762
5092.513	1.722	0.762
5092.591	1.724	0.762
5092.682	1.722	0.762
5092.760	1.724	0.766
5092.838	1.724	0.763
5092.929	1.723	0.762
5093.007	1.724	0.767
5093.098	1.725	0.769
5093.177	1.723	0.772
5093.269	1.727	0.773
5093.346	1.725	0.773
5093.424	1.727	0.773
5093.515	1.727	0.773
5093.593	1.727	0.775
5093.672	1.725	0.778
5093.763	1.727	0.783
5093.841	1.727	0.786
5093.932	1.727	0.788
5094.010	1.727	0.788
5094.102	1.727	0.789
5094.179	1.727	0.792
5094.257	1.727	0.793
5094.348	1.727	0.793
5094.427	1.727	0.793
5094.505	1.727	0.794
5094.596	1.727	0.796
5094.674	1.727	0.794
5094.765	1.727	0.792
5094.843	1.727	0.788
5094.935	1.727	0.787
5095.013	1.727	0.785
5095.091	1.727	0.782
5095.182	1.727	0.779
5095.260	1.727	0.777
5095.338	1.729	0.776
5095.429	1.727	0.770
5095.507	1.727	0.764
5095.598	1.730	0.760
5095.677	1.729	0.757
5095.755	1.729	0.757
5095.846	1.731	0.757
5095.924	1.731	0.754
5096.015	1.731	0.757
5096.093	1.731	0.757
5096.172	1.732	0.762
5096.263	1.731	0.765
5096.341	1.731	0.768
5096.432	1.731	0.773
5096.510	1.732	0.773
5096.588	1.731	0.773
5096.679	1.730	0.773
5096.757	1.732	0.773
5096.848	1.732	0.773
5096.927	1.732	0.772
5097.019	1.732	0.769
5097.096	1.732	0.766
5097.174	1.732	0.762
5097.265	1.732	0.757
5097.343	1.732	0.754
5097.422	1.732	0.752
5097.513	1.732	0.750
5097.591	1.732	0.748
5097.682	1.732	0.747
5097.760	1.732	0.748
5097.852	1.732	0.751
5097.929	1.732	0.752
5098.007	1.732	0.752
5098.098	1.732	0.756
5098.177	1.732	0.761
5098.255	1.733	0.763
5098.346	1.732	0.768
5098.424	1.732	0.768
5098.515	1.733	0.772
5098.593	1.732	0.774
5098.685	1.732	0.777
5098.763	1.732	0.779
5098.841	1.733	0.782
5098.932	1.733	0.783
5099.010	1.733	0.785
5099.088	1.733	0.783
5099.179	1.735	0.780
5099.257	1.733	0.776
5099.348	1.736	0.769
5099.427	1.735	0.760
5099.519	1.737	0.756
5099.596	1.737	0.751
5099.674	1.736	0.745
5099.765	1.737	0.742
5099.843	1.737	0.738
5099.922	1.737	0.734
5100.013	1.737	0.732
5100.091	1.737	0.729
5100.182	1.737	0.727
5100.260	1.737	0.727
5100.338	1.737	0.722
5100.429	1.737	0.716
5100.507	1.737	0.708
5100.598	1.736	0.698
5100.677	1.737	0.690
5100.755	1.737	0.681
5100.846	1.737	0.670
5100.924	1.737	0.660
5101.015	1.737	0.653
5101.093	1.737	0.646
5101.185	1.737	0.639
5101.263	1.737	0.635
5101.341	1.737	0.634
5101.432	1.737	0.634
5101.510	1.737	0.635
5101.588	1.737	0.634
5101.679	1.737	0.637
5101.757	1.737	0.643
5101.848	1.737	0.652
5101.927	1.737	0.656
5102.005	1.737	0.663
5102.096	1.737	0.669
5102.174	1.737	0.672
5102.265	1.737	0.678
5102.343	1.738	0.688
5102.422	1.737	0.692
5102.513	1.738	0.695
5102.591	1.737	0.702
5102.682	1.739	0.709
5102.760	1.739	0.717
5102.852	1.738	0.722
5102.929	1.739	0.729
5103.007	1.739	0.732
5103.098	1.740	0.733
5103.177	1.740	0.737
5103.255	1.740	0.737
5103.346	1.740	0.734
5103.424	1.741	0.732
5103.515	1.740	0.729
5103.593	1.740	0.725
5103.685	1.741	0.719
5103.763	1.741	0.714
5103.841	1.742	0.702
5103.932	1.742	0.690
5104.010	1.740	0.679
5104.088	1.742	0.671
5104.179	1.742	0.662
5104.257	1.742	0.654
5104.348	1.742	0.643
5104.427	1.742	0.630
5104.505	1.742	0.616
5104.596	1.742	0.606
5104.674	1.742	0.596
5104.765	1.742	0.592
5104.843	1.742	0.586
5104.922	1.742	0.581
5105.013	1.742	0.577
5105.091	1.742	0.574
5105.182	1.742	0.573
5105.260	1.743	0.571
5105.338	1.743	0.567
5105.429	1.742	0.564
5105.507	1.742	0.564
5105.598	1.742	0.567
5105.677	1.743	0.570
5105.755	1.743	0.574
5105.846	1.742	0.577
5105.924	1.744	0.581
5106.015	1.745	0.588
5106.093	1.744	0.594
5106.172	1.744	0.599
5106.263	1.744	0.603
5106.341	1.745	0.600
5106.432	1.744	0.597
5106.510	1.744	0.594
5106.588	1.744	0.591
5106.679	1.744	0.589
5106.757	1.745	0.584
5106.848	1.747	0.580
5106.927	1.746	0.575
5107.005	1.747	0.570
5107.083	1.747	0.562
5107.174	1.746	0.558
5107.265	1.745	0.553
5107.343	1.746	0.547
5107.422	1.746	0.540
5107.500	1.747	0.536
5107.591	1.747	0.532
5107.682	1.747	0.528
5107.760	1.747	0.528
5107.838	1.747	0.533
5107.929	1.747	0.534
5108.007	1.747	0.536
5108.098	1.747	0.538
5108.177	1.747	0.542
5108.255	1.747	0.543
5108.346	1.747	0.543
5108.424	1.747	0.542
5108.515	1.747	0.538
5108.593	1.747	0.533
5108.672	1.747	0.533
5108.763	1.747	0.528
5108.841	1.747	0.525
5108.932	1.747	0.522
5109.010	1.747	0.519
5109.088	1.747	0.517
5109.179	1.747	0.514
5109.257	1.747	0.514
5109.348	1.747	0.514
5109.427	1.747	0.513
5109.505	1.747	0.514
5109.596	1.747	0.518
5109.674	1.747	0.519
5109.765	1.747	0.522
5109.843	1.747	0.523
5109.922	1.747	0.523
5110.013	1.747	0.523
5110.091	1.747	0.524
5110.182	1.747	0.525
5110.260	1.748	0.526
5110.338	1.748	0.528
5110.429	1.748	0.533
5110.507	1.747	0.533
5110.598	1.747	0.533
5110.677	1.748	0.533
5110.755	1.748	0.532
5110.846	1.750	0.530
5110.924	1.749	0.526
5111.015	1.748	0.523
5111.093	1.752	0.515
5111.172	1.751	0.510
5111.263	1.750	0.508
5111.341	1.750	0.502
5111.432	1.752	0.498
5111.510	1.750	0.493
5111.588	1.751	0.489
5111.679	1.751	0.482
5111.757	1.751	0.477
5111.848	1.751	0.472
5111.927	1.751	0.472
5112.005	1.752	0.472
5112.096	1.750	0.470
5112.174	1.751	0.467
5112.265	1.752	0.460
5112.343	1.750	0.455
5112.422	1.751	0.451
5112.513	1.751	0.447
5112.591	1.751	0.445
5112.682	1.751	0.441
5112.760	1.751	0.443
5112.838	1.751	0.442
5112.929	1.752	0.442
5113.007	1.752	0.441
5113.098	1.752	0.441
5113.177	1.751	0.441
5113.255	1.751	0.441
5113.346	1.752	0.442
5113.424	1.752	0.441
5113.515	1.752	0.441
5113.593	1.752	0.445
5113.672	1.752	0.444
5113.763	1.752	0.441
5113.841	1.752	0.441
5113.932	1.751	0.440
5114.010	1.752	0.441
5114.088	1.751	0.442
5114.179	1.752	0.441
5114.257	1.751	0.438
5114.348	1.752	0.432
5114.427	1.752	0.428
5114.505	1.752	0.423
5114.596	1.752	0.418
5114.674	1.752	0.414
5114.765	1.752	0.411
5114.843	1.752	0.409
5114.922	1.752	0.406
5115.013	1.752	0.406
5115.091	1.752	0.401
5115.182	1.752	0.405
5115.260	1.752	0.406
5115.338	1.752	0.410
5115.429	1.752	0.417
5115.507	1.752	0.424
5115.598	1.752	0.429
5115.677	1.752	0.435
5115.755	1.752	0.438
5115.846	1.752	0.444
5115.924	1.752	0.446
5116.015	1.752	0.447
5116.093	1.752	0.452
5116.172	1.752	0.452
5116.263	1.752	0.452
5116.341	1.752	0.452
5116.432	1.752	0.449
5116.510	1.753	0.446
5116.588	1.752	0.444
5116.679	1.752	0.439
5116.757	1.752	0.434
5116.848	1.752	0.429
5116.927	1.752	0.426
5117.005	1.752	0.420
5117.096	1.752	0.414
5117.174	1.752	0.410
5117.265	1.752	0.405
5117.343	1.752	0.401
5117.422	1.753	0.396
5117.513	1.753	0.395
5117.591	1.752	0.395
5117.682	1.753	0.391
5117.760	1.752	0.390
5117.838	1.752	0.387
5117.929	1.753	0.386
5118.007	1.752	0.385
5118.098	1.753	0.385
5118.177	1.752	0.384
5118.255	1.753	0.382
5118.346	1.754	0.380
5118.424	1.752	0.380
5118.515	1.752	0.380
5118.593	1.754	0.380
5118.672	1.753	0.380
5118.763	1.752	0.377
5118.841	1.753	0.374
5118.932	1.752	0.372
5119.010	1.752	0.370
5119.088	1.753	0.368
5119.179	1.754	0.363
5119.257	1.752	0.356
5119.348	1.753	0.347
5119.427	1.754	0.339
5119.505	1.753	0.332
5119.596	1.753	0.326
5119.674	1.752	0.324
5119.765	1.754	0.320
5119.843	1.753	0.316
5119.922	1.754	0.314
5120.013	1.753	0.314
5120.091	1.755	0.317
5120.182	1.753	0.319
5120.260	1.754	0.321
5120.338	1.754	0.322
5120.429	1.753	0.323
5120.507	1.753	0.319
5120.598	1.754	0.319
5120.677	1.755	0.317
5120.755	1.755	0.312
5120.846	1.754	0.310
5120.924	1.754	0.309
5121.015	1.753	0.306
5121.093	1.755	0.305
5121.172	1.755	0.308
5121.263	1.755	0.309
5121.341	1.754	0.308
5121.432	1.756	0.308
5121.510	1.755	0.307
5121.588	1.756	0.304
5121.679	1.755	0.304
5121.757	1.755	0.299
5121.848	1.755	0.298
5121.927	1.757	0.297
5122.005	1.754	0.296
5122.096	1.755	0.295
5122.174	1.756	0.293
5122.265	1.753	0.293
5122.343	1.755	0.288
5122.422	1.755	0.288
5122.513	1.753	0.288
5122.591	1.755	0.288
5122.682	1.755	0.289
5122.760	1.755	0.291
5122.838	1.755	0.289
5122.929	1.757	0.289
5123.007	1.757	0.288
5123.098	1.756	0.290
5123.177	1.757	0.288
5123.255	1.757	0.285
5123.346	1.755	0.277
5123.424	1.755	0.270
5123.515	1.757	0.265
5123.593	1.757	0.263
5123.672	1.757	0.265
5123.763	1.757	0.267
5123.841	1.756	0.268
5123.932	1.756	0.271
5124.010	1.757	0.274
5124.088	1.757	0.277
5124.179	1.755	0.278
5124.257	1.757	0.278
5124.348	1.756	0.277
5124.427	1.756	0.272
5124.505	1.756	0.266
5124.596	1.757	0.261
5124.674	1.756	0.253
5124.765	1.757	0.245
5124.843	1.756	0.237
5124.922	1.756	0.231
5125.013	1.755	0.223
5125.091	1.757	0.216
5125.182	1.755	0.211
5125.260	1.755	0.203
5125.338	1.756	0.198
5125.429	1.756	0.192
5125.507	1.757	0.184
5125.598	1.757	0.177
5125.677	1.757	0.170
5125.755	1.757	0.164
5125.846	1.757	0.161
5125.911	1.757	0.160
5126.015	1.756	0.157
5126.093	1.756	0.152
5126.172	1.757	0.147
5126.263	1.756	0.144
5126.328	1.756	0.140
5126.432	1.756	0.138
5126.510	1.757	0.137
5126.588	1.757	0.140
5126.679	1.757	0.143
5126.757	1.757	0.146
5126.848	1.757	0.149
5126.927	1.756	0.151
5127.005	1.757	0.153
5127.096	1.757	0.158
5127.174	1.757	0.164
5127.265	1.757	0.168
5127.343	1.757	0.171
5127.422	1.757	0.176
5127.513	1.757	0.181
5127.591	1.757	0.186
5127.682	1.757	0.186
5127.760	1.757	0.190
5127.838	1.756	0.191
5127.929	1.757	0.189
5128.007	1.757	0.184
5128.098	1.756	0.178
5128.177	1.757	0.170
5128.255	1.757	0.164
5128.346	1.755	0.156
5128.424	1.756	0.148
5128.515	1.757	0.145
5128.593	1.755	0.139
5128.672	1.757	0.135
5128.763	1.756	0.130
5128.841	1.757	0.130
5128.932	1.757	0.129
5129.010	1.757	0.128
5129.088	1.756	0.128
5129.179	1.756	0.127
5129.257	1.757	0.130
5129.348	1.757	0.132
5129.427	1.757	0.134
5129.505	1.756	0.141
5129.596	1.757	0.147
5129.674	1.756	0.152
5129.765	1.756	0.156
5129.843	1.757	0.160
5129.922	1.757	0.163
5130.013	1.757	0.166
5130.091	1.755	0.166
5130.182	1.757	0.169
5130.260	1.756	0.175
5130.338	1.756	0.179
5130.429	1.756	0.181
5130.507	1.757	0.181
5130.598	1.756	0.182
5130.677	1.755	0.181
5130.755	1.755	0.181
5130.846	1.755	0.181
5130.924	1.755	0.177
5131.015	1.757	0.176
5131.093	1.757	0.175
5131.172	1.757	0.171
5131.263	1.757	0.171
5131.341	1.756	0.171
5131.432	1.755	0.173
5131.510	1.756	0.173
5131.588	1.756	0.174
5131.679	1.757	0.175
5131.757	1.755	0.176
5131.848	1.757	0.179
5131.927	1.757	0.182
5132.005	1.756	0.182
5132.096	1.753	0.181
5132.174	1.754	0.180
5132.265	1.755	0.176
5132.343	1.755	0.173
5132.422	1.756	0.168
5132.513	1.756	0.163
5132.591	1.755	0.158
5132.682	1.757	0.154
5132.760	1.757	0.150
5132.838	1.754	0.146
5132.929	1.755	0.143
5133.007	1.756	0.140
5133.098	1.756	0.135
5133.177	1.755	0.130
5133.255	1.756	0.130
5133.346	1.755	0.126
5133.424	1.755	0.124
5133.515	1.755	0.120
5133.593	1.754	0.115
5133.672	1.755	0.113
5133.763	1.755	0.110
5133.841	1.754	0.108
5133.932	1.754	0.110
5134.010	1.755	0.109
5134.088	1.755	0.109
5134.179	1.753	0.110
5134.257	1.753	0.111
5134.348	1.755	0.113
5134.427	1.755	0.114
5134.505	1.755	0.117
5134.596	1.753	0.120
5134.674	1.756	0.125
5134.765	1.755	0.127
5134.843	1.753	0.130
5134.922	1.752	0.130
5135.013	1.754	0.135
5135.091	1.755	0.141
5135.182	1.755	0.144
5135.260	1.755	0.147
5135.338	1.753	0.150
5135.429	1.753	0.147
5135.507	1.755	0.144
5135.586	1.753	0.138
5135.677	1.755	0.133
5135.755	1.752	0.127
5135.846	1.753	0.123
5135.924	1.754	0.116
5136.002	1.754	0.113
5136.093	1.752	0.106
5136.172	1.752	0.101
5136.263	1.752	0.096
5136.341	1.753	0.088
5136.419	1.753	0.081
5136.510	1.753	0.077
5136.588	1.752	0.074
5136.679	1.752	0.074
5136.757	1.752	0.074
5136.848	1.752	0.074
5136.927	1.753	0.072
5137.005	1.753	0.067
5137.096	1.752	0.064
5137.174	1.752	0.064
5137.252	1.752	0.064
5137.343	1.752	0.062
5137.422	1.752	0.060
5137.513	1.753	0.059
5137.591	1.752	0.059
5137.682	1.753	0.059
5137.760	1.753	0.059
5137.838	1.752	0.057
5137.929	1.752	0.054
5138.007	1.752	0.052
5138.098	1.752	0.049
5138.177	1.752	0.045
5138.255	1.752	0.040
5138.346	1.752	0.039
5138.424	1.752	0.034
5138.502	1.752	0.030
5138.593	1.752	0.028
5138.672	1.752	0.027
5138.763	1.752	0.023
5138.841	1.752	0.026
5138.932	1.752	0.029
5139.010	1.752	0.034
5139.088	1.753	0.034
5139.179	1.752	0.034
5139.257	1.752	0.034
5139.336	1.752	0.034
5139.427	1.752	0.033
5139.505	1.752	0.032
5139.596	1.752	0.028
5139.674	1.752	0.026
5139.765	1.752	0.023
5139.843	1.752	0.023
5139.922	1.752	0.020
5140.013	1.752	0.018
5140.091	1.752	0.022
5140.169	1.752	0.018
5140.260	1.752	0.014
5140.338	1.752	0.007
5140.429	1.752	0.003
5140.507	1.752	-0.001
5140.598	1.752	-0.002
5140.677	1.752	-0.005
5140.755	1.752	-0.006
5140.846	1.752	-0.007
5140.924	1.752	-0.011
5141.002	1.752	-0.016
5141.093	1.752	-0.018
5141.172	1.752	-0.022
5141.263	1.752	-0.023
5141.341	1.751	-0.021
5141.432	1.752	-0.020
5141.510	1.752	-0.017
5141.588	1.752	-0.017
5141.679	1.752	-0.016
5141.757	1.752	-0.012
5141.836	1.752	-0.011
5141.927	1.750	-0.007
5142.005	1.751	-0.009
5142.096	1.750	-0.008
5142.174	1.752	-0.007
5142.265	1.751	-0.011
5142.343	1.752	-0.011
5142.422	1.751	-0.007
5142.513	1.752	-0.005
5142.591	1.751	-0.002
5142.669	1.750	-0.002
5142.760	1.750	-0.007
5142.838	1.751	-0.011
5142.929	1.751	-0.016
5143.007	1.750	-0.017
5143.086	1.750	-0.017
5143.177	1.751	-0.021
5143.255	1.749	-0.026
5143.346	1.751	-0.030
5143.424	1.749	-0.033
5143.515	1.751	-0.036
5143.593	1.750	-0.040
5143.672	1.751	-0.045
5143.763	1.750	-0.048
5143.841	1.750	-0.053
5143.919	1.750	-0.058
5144.010	1.750	-0.058
5144.088	1.750	-0.058
5144.179	1.749	-0.058
5144.257	1.749	-0.057
5144.336	1.749	-0.057
5144.427	1.750	-0.058
5144.505	1.751	-0.058
5144.596	1.748	-0.059
5144.674	1.749	-0.064
5144.752	1.749	-0.069
5144.843	1.748	-0.073
5144.922	1.748	-0.075
5145.013	1.747	-0.073
5145.091	1.750	-0.073
5145.169	1.748	-0.073
5145.260	1.747	-0.070
5145.338	1.747	-0.068
5145.429	1.747	-0.063
5145.507	1.747	-0.059
5145.586	1.747	-0.058
5145.677	1.747	-0.058
5145.755	1.747	-0.058
5145.846	1.747	-0.060
5145.924	1.747	-0.063
5146.002	1.747	-0.064
5146.093	1.747	-0.068
5146.172	1.747	-0.073
5146.263	1.747	-0.075
5146.341	1.747	-0.079
5146.419	1.747	-0.079
5146.510	1.747	-0.084
5146.588	1.747	-0.088
5146.679	1.747	-0.090
5146.757	1.747	-0.094
5146.836	1.747	-0.094
5146.927	1.747	-0.094
5147.005	1.747	-0.089
5147.096	1.747	-0.088
5147.174	1.747	-0.085
5147.252	1.747	-0.085
5147.343	1.747	-0.084
5147.422	1.747	-0.083
5147.513	1.747	-0.084
5147.591	1.747	-0.084
5147.669	1.747	-0.084
5147.760	1.747	-0.081
5147.838	1.747	-0.079
5147.929	1.747	-0.073
5148.007	1.747	-0.067
5148.086	1.747	-0.061
5148.177	1.747	-0.055
5148.255	1.747	-0.047
5148.346	1.747	-0.041
5148.424	1.747	-0.038
5148.502	1.747	-0.038
5148.593	1.747	-0.037
5148.672	1.747	-0.036
5148.763	1.747	-0.035
5148.841	1.747	-0.038
5148.919	1.747	-0.042
5149.010	1.747	-0.047
5149.088	1.747	-0.050
5149.179	1.747	-0.053
5149.257	1.747	-0.055
5149.336	1.747	-0.058
5149.427	1.747	-0.063
5149.505	1.747	-0.068
5149.596	1.746	-0.075
5149.674	1.747	-0.080
5149.752	1.747	-0.087
5149.843	1.746	-0.091
5149.922	1.746	-0.098
5150.013	1.745	-0.099
5150.091	1.747	-0.102
5150.169	1.747	-0.104
5150.260	1.747	-0.104
5150.338	1.747	-0.105
5150.429	1.746	-0.104
5150.507	1.745	-0.104
5150.586	1.745	-0.101
5150.677	1.744	-0.099
5150.755	1.744	-0.094
5150.846	1.744	-0.089
5150.924	1.746	-0.089
5151.002	1.742	-0.086
5151.093	1.745	-0.084
5151.172	1.745	-0.084
5151.263	1.744	-0.081
5151.341	1.742	-0.083
5151.419	1.742	-0.083
5151.510	1.742	-0.083
5151.588	1.743	-0.079
5151.679	1.744	-0.079
5151.757	1.744	-0.073
5151.836	1.742	-0.069
5151.927	1.743	-0.063
5152.005	1.744	-0.058
5152.096	1.742	-0.051
5152.174	1.744	-0.048
5152.252	1.743	-0.043
5152.343	1.742	-0.035
5152.422	1.742	-0.027
5152.513	1.742	-0.022
5152.591	1.742	-0.018
5152.669	1.742	-0.017
5152.760	1.742	-0.014
5152.838	1.742	-0.014
5152.929	1.742	-0.013
5153.007	1.742	-0.012
5153.086	1.742	-0.012
5153.177	1.742	-0.012
5153.255	1.742	-0.014
5153.346	1.742	-0.017
5153.424	1.742	-0.017
5153.502	1.741	-0.023
5153.593	1.742	-0.028
5153.672	1.742	-0.032
5153.763	1.742	-0.037
5153.841	1.742	-0.042
5153.919	1.742	-0.049
5154.010	1.742	-0.059
5154.088	1.742	-0.070
5154.179	1.740	-0.079
5154.257	1.742	-0.086
5154.336	1.740	-0.095
5154.427	1.740	-0.099
5154.505	1.741	-0.102
5154.596	1.741	-0.104
5154.674	1.741	-0.107
5154.752	1.741	-0.109
5154.843	1.741	-0.115
5154.922	1.741	-0.121
5155.013	1.739	-0.128
5155.091	1.740	-0.130
5155.169	1.739	-0.133
5155.260	1.739	-0.141
5155.338	1.741	-0.147
5155.429	1.741	-0.154
5155.507	1.741	-0.159
5155.586	1.739	-0.160
5155.677	1.739	-0.162
5155.755	1.740	-0.160
5155.846	1.740	-0.160
5155.924	1.739	-0.160
5156.002	1.739	-0.160
5156.093	1.738	-0.163
5156.172	1.738	-0.168
5156.263	1.739	-0.170
5156.341	1.738	-0.170
5156.419	1.737	-0.174
5156.510	1.738	-0.174
5156.588	1.737	-0.174
5156.679	1.737	-0.176
5156.757	1.737	-0.178
5156.836	1.738	-0.181
5156.927	1.737	-0.181
5157.005	1.737	-0.181
5157.096	1.737	-0.181
5157.174	1.737	-0.181
5157.252	1.737	-0.177
5157.343	1.737	-0.175
5157.422	1.737	-0.173
5157.513	1.737	-0.166
5157.591	1.737	-0.162
5157.669	1.737	-0.155
5157.760	1.737	-0.148
5157.838	1.737	-0.145
5157.929	1.737	-0.141
5158.007	1.737	-0.140
5158.086	1.737	-0.137
5158.177	1.737	-0.136
5158.255	1.737	-0.136
5158.346	1.737	-0.140
5158.424	1.737	-0.141
5158.502	1.737	-0.143
5158.593	1.737	-0.145
5158.672	1.737	-0.147
5158.763	1.737	-0.150
5158.841	1.737	-0.150
5158.919	1.737	-0.150
5159.010	1.737	-0.147
5159.088	1.737	-0.145
5159.179	1.737	-0.141
5159.257	1.737	-0.140
5159.336	1.737	-0.140
5159.427	1.737	-0.140
5159.505	1.737	-0.141
5159.596	1.737	-0.146
5159.674	1.737	-0.153
5159.752	1.737	-0.157
5159.843	1.737	-0.159
5159.922	1.737	-0.160
5160.013	1.737	-0.161
5160.091	1.737	-0.160
5160.169	1.737	-0.160
5160.260	1.737	-0.157
5160.338	1.737	-0.153
5160.429	1.737	-0.150
5160.507	1.737	-0.147
5160.586	1.734	-0.147
5160.677	1.736	-0.148
5160.755	1.736	-0.146
5160.846	1.736	-0.148
5160.924	1.736	-0.150
5161.002	1.736	-0.149
5161.093	1.734	-0.146
5161.172	1.733	-0.144
5161.263	1.736	-0.140
5161.341	1.734	-0.139
5161.419	1.734	-0.140
5161.510	1.733	-0.144
5161.588	1.735	-0.147
5161.679	1.733	-0.150
5161.757	1.735	-0.155
5161.836	1.734	-0.158
5161.927	1.735	-0.160
5162.005	1.733	-0.160
5162.096	1.733	-0.160
5162.174	1.733	-0.160
5162.252	1.732	-0.160
5162.343	1.732	-0.163
5162.422	1.732	-0.165
5162.513	1.732	-0.165
5162.591	1.732	-0.165
5162.669	1.732	-0.165
5162.760	1.733	-0.170
5162.838	1.732	-0.172
5162.929	1.733	-0.174
5163.007	1.732	-0.175
5163.086	1.733	-0.172
5163.177	1.732	-0.172
5163.255	1.732	-0.170
5163.346	1.733	-0.170
5163.424	1.732	-0.170
5163.502	1.732	-0.170
5163.593	1.732	-0.168
5163.672	1.732	-0.165
5163.763	1.733	-0.161
5163.841	1.732	-0.160
5163.919	1.732	-0.161
5164.010	1.732	-0.164
5164.088	1.732	-0.165
5164.179	1.732	-0.165
5164.257	1.732	-0.166
5164.336	1.732	-0.170
5164.427	1.732	-0.170
5164.505	1.732	-0.170
5164.596	1.732	-0.172
5164.674	1.732	-0.171
5164.752	1.732	-0.171
5164.843	1.732	-0.175
5164.922	1.732	-0.176
5165.013	1.732	-0.181
5165.091	1.732	-0.187
5165.169	1.732	-0.193
5165.260	1.732	-0.201
5165.338	1.732	-0.209
5165.429	1.732	-0.214
5165.507	1.731	-0.220
5165.586	1.732	-0.224
5165.677	1.732	-0.228
5165.755	1.732	-0.231
5165.846	1.731	-0.232
5165.924	1.731	-0.232
5166.002	1.732	-0.232
5166.093	1.732	-0.231
5166.172	1.729	-0.226
5166.263	1.732	-0.223
5166.341	1.732	-0.221
5166.419	1.728	-0.221
5166.510	1.730	-0.221
5166.588	1.729	-0.216
5166.679	1.729	-0.216
5166.757	1.729	-0.217
5166.836	1.727	-0.221
5166.927	1.727	-0.221
5167.005	1.727	-0.224
5167.096	1.730	-0.226
5167.174	1.730	-0.226
5167.252	1.727	-0.226
5167.343	1.727	-0.225
5167.422	1.727	-0.221
5167.513	1.728	-0.221
5167.591	1.729	-0.217
5167.669	1.728	-0.217
5167.760	1.729	-0.218
5167.838	1.727	-0.220
5167.929	1.727	-0.221
5168.007	1.727	-0.221
5168.086	1.727	-0.224
5168.177	1.727	-0.221
5168.255	1.727	-0.226
5168.346	1.727	-0.226
5168.424	1.727	-0.226
5168.502	1.727	-0.232
5168.593	1.727	-0.232
5168.672	1.727	-0.232
5168.763	1.727	-0.234
5168.841	1.727	-0.232
5168.919	1.727	-0.232
5169.010	1.727	-0.230
5169.088	1.727	-0.227
5169.179	1.727	-0.226
5169.257	1.727	-0.225
5169.336	1.727	-0.222
5169.427	1.727	-0.222
5169.505	1.727	-0.221
5169.596	1.727	-0.220
5169.674	1.727	-0.221
5169.752	1.727	-0.218
5169.843	1.725	-0.219
5169.922	1.727	-0.219
5170.013	1.726	-0.221
5170.091	1.727	-0.220
5170.169	1.722	-0.215
5170.260	1.724	-0.211
5170.338	1.725	-0.210
5170.429	1.725	-0.211
5170.507	1.725	-0.210
5170.586	1.725	-0.206
5170.677	1.724	-0.206
5170.755	1.724	-0.206
5170.846	1.726	-0.204
5170.924	1.723	-0.200
5171.002	1.724	-0.196
5171.093	1.722	-0.192
5171.172	1.722	-0.188
5171.263	1.723	-0.183
5171.341	1.722	-0.179
5171.419	1.724	-0.175
5171.510	1.722	-0.171
5171.588	1.723	-0.170
5171.679	1.722	-0.170
5171.757	1.722	-0.170
5171.836	1.722	-0.167
5171.927	1.722	-0.165
5172.005	1.722	-0.161
5172.096	1.722	-0.160
5172.174	1.722	-0.160
5172.252	1.722	-0.165
5172.343	1.722	-0.166
5172.422	1.722	-0.169
5172.513	1.722	-0.171
5172.591	1.722	-0.175
5172.669	1.722	-0.180
5172.760	1.722	-0.180
5172.838	1.722	-0.177
5172.929	1.722	-0.180
5173.007	1.722	-0.181
5173.086	1.722	-0.181
5173.177	1.722	-0.183
5173.255	1.722	-0.186
5173.346	1.722	-0.188
5173.424	1.722	-0.191
5173.502	1.722	-0.191
5173.593	1.722	-0.191
5173.672	1.722	-0.191
5173.763	1.722	-0.189
5173.841	1.722	-0.186
5173.919	1.722	-0.187
5174.010	1.722	-0.191
5174.088	1.722	-0.192
5174.179	1.722	-0.191
5174.257	1.721	-0.192
5174.336	1.721	-0.196
5174.427	1.721	-0.198
5174.505	1.719	-0.201
5174.596	1.719	-0.202
5174.674	1.722	-0.205
5174.752	1.719	-0.207
5174.843	1.720	-0.211
5174.922	1.722	-0.213
5175.013	1.720	-0.218
5175.091	1.719	-0.221
5175.169	1.719	-0.221
5175.260	1.719	-0.221
5175.338	1.718	-0.221
5175.429	1.719	-0.224
5175.507	1.719	-0.222
5175.586	1.718	-0.221
5175.677	1.718	-0.219
5175.755	1.719	-0.212
5175.846	1.719	-0.206
5175.924	1.719	-0.199
5176.002	1.716	-0.192
5176.093	1.717	-0.188
5176.172	1.716	-0.186
5176.263	1.717	-0.186
5176.341	1.717	-0.184
5176.419	1.717	-0.181
5176.510	1.716	-0.181
5176.588	1.716	-0.181
5176.679	1.716	-0.176
5176.757	1.716	-0.175
5176.836	1.716	-0.177
5176.927	1.716	-0.180
5177.005	1.716	-0.181
5177.096	1.716	-0.184
5177.174	1.716	-0.186
5177.252	1.716	-0.191
5177.343	1.716	-0.192
5177.422	1.716	-0.195
5177.513	1.716	-0.196
5177.591	1.716	-0.198
5177.669	1.716	-0.201
5177.760	1.716	-0.201
5177.838	1.716	-0.201
5177.929	1.716	-0.203
5178.007	1.716	-0.206
5178.086	1.716	-0.208
5178.177	1.716	-0.211
5178.255	1.716	-0.211
5178.346	1.716	-0.210
5178.424	1.716	-0.209
5178.502	1.716	-0.204
5178.593	1.716	-0.200
5178.672	1.716	-0.195
5178.763	1.716	-0.192
5178.841	1.716	-0.191
5178.919	1.716	-0.189
5179.010	1.716	-0.186
5179.088	1.716	-0.187
5179.179	1.716	-0.191
5179.257	1.716	-0.191
5179.336	1.716	-0.196
5179.427	1.716	-0.195
5179.505	1.714	-0.198
5179.596	1.716	-0.196
5179.674	1.716	-0.196
5179.752	1.716	-0.198
5179.843	1.714	-0.200
5179.922	1.714	-0.201
5180.013	1.715	-0.201
5180.091	1.714	-0.201
5180.169	1.714	-0.201
5180.260	1.715	-0.197
5180.338	1.712	-0.196
5180.429	1.712	-0.192
5180.507	1.711	-0.188
5180.586	1.712	-0.184
5180.677	1.712	-0.179
5180.755	1.713	-0.174
5180.846	1.712	-0.169
5180.924	1.712	-0.165
5181.002	1.712	-0.165
5181.093	1.711	-0.169
5181.172	1.711	-0.178
5181.263	1.711	-0.183
5181.341	1.711	-0.190
5181.419	1.711	-0.198
5181.510	1.711	-0.203
5181.588	1.711	-0.208
5181.679	1.711	-0.215
5181.757	1.711	-0.220
5181.836	1.711	-0.221
5181.927	1.711	-0.224
5182.005	1.711	-0.226
5182.096	1.711	-0.226
5182.174	1.711	-0.222
5182.252	1.711	-0.221
5182.343	1.711	-0.221
5182.422	1.711	-0.224
5182.513	1.711	-0.226
5182.591	1.711	-0.229
5182.669	1.711	-0.231
5182.760	1.711	-0.226
5182.838	1.711	-0.226
5182.929	1.711	-0.226
5183.007	1.711	-0.226
5183.086	1.711	-0.226
5183.177	1.711	-0.226
5183.255	1.711	-0.226
5183.346	1.711	-0.226
5183.424	1.711	-0.224
5183.502	1.711	-0.220
5183.593	1.711	-0.213
5183.672	1.711	-0.206
5183.763	1.711	-0.201
5183.841	1.711	-0.201
5183.919	1.711	-0.196
5184.010	1.711	-0.196
5184.088	1.710	-0.198
5184.179	1.710	-0.201
5184.257	1.711	-0.201
5184.336	1.711	-0.203
5184.427	1.710	-0.202
5184.505	1.710	-0.201
5184.596	1.710	-0.202
5184.674	1.710	-0.204
5184.752	1.710	-0.207
5184.843	1.710	-0.209
5184.922	1.710	-0.211
5185.000	1.709	-0.209
5185.091	1.709	-0.205
5185.169	1.710	-0.201
5185.260	1.710	-0.200
5185.338	1.710	-0.197
5185.417	1.710	-0.196
5185.507	1.710	-0.198
5185.586	1.708	-0.200
5185.677	1.709	-0.201
5185.755	1.709	-0.201
5185.846	1.707	-0.201
5185.924	1.706	-0.202
5186.002	1.707	-0.206
5186.093	1.706	-0.209
5186.172	1.708	-0.215
5186.250	1.706	-0.218
5186.341	1.708	-0.223
5186.419	1.706	-0.226
5186.498	1.706	-0.226
5186.588	1.706	-0.231
5186.667	1.706	-0.232
5186.757	1.706	-0.232
5186.836	1.706	-0.236
5186.927	1.706	-0.234
5187.005	1.706	-0.232
5187.096	1.706	-0.233
5187.174	1.706	-0.237
5187.252	1.706	-0.239
5187.343	1.706	-0.242
5187.422	1.706	-0.241
5187.513	1.706	-0.241
5187.591	1.706	-0.241
5187.669	1.706	-0.238
5187.760	1.706	-0.237
5187.838	1.706	-0.235
5187.917	1.706	-0.232
5188.007	1.706	-0.226
5188.086	1.706	-0.226
5188.177	1.706	-0.226
5188.255	1.706	-0.226
5188.346	1.706	-0.226
5188.424	1.706	-0.226
5188.502	1.706	-0.230
5188.593	1.706	-0.232
5188.672	1.706	-0.232
5188.750	1.705	-0.228
5188.841	1.706	-0.226
5188.919	1.706	-0.222
5189.010	1.705	-0.218
5189.088	1.706	-0.216
5189.179	1.706	-0.216
5189.257	1.706	-0.215
5189.336	1.706	-0.212
5189.427	1.706	-0.210
5189.505	1.705	-0.211
5189.583	1.704	-0.211
5189.674	1.705	-0.211
5189.752	1.703	-0.209
5189.843	1.703	-0.206
5189.922	1.705	-0.205
5190.013	1.703	-0.203
5190.091	1.703	-0.203
5190.169	1.702	-0.206
5190.260	1.703	-0.206
5190.338	1.701	-0.206
5190.429	1.701	-0.206
5190.507	1.703	-0.206
5190.586	1.702	-0.206
5190.677	1.702	-0.203
5190.755	1.701	-0.199
5190.833	1.701	-0.195
5190.924	1.701	-0.191
5191.002	1.701	-0.187
5191.093	1.702	-0.182
5191.172	1.702	-0.180
5191.263	1.701	-0.179
5191.341	1.701	-0.175
5191.419	1.702	-0.175
5191.510	1.701	-0.171
5191.588	1.701	-0.170
5191.679	1.701	-0.168
5191.757	1.701	-0.165
5191.836	1.701	-0.162
5191.927	1.701	-0.160
5192.005	1.701	-0.160
5192.083	1.701	-0.157
5192.174	1.699	-0.155
5192.252	1.697	-0.157
5192.343	1.696	-0.161
5192.422	1.696	-0.165
5192.500	1.696	-0.171
5192.591	1.696	-0.180
5192.669	1.696	-0.190
5192.760	1.696	-0.199
5192.838	1.696	-0.205
5192.929	1.696	-0.211
5193.007	1.696	-0.215
5193.086	1.696	-0.221
5193.177	1.696	-0.226
5193.255	1.696	-0.226
5193.333	1.696	-0.226
5193.424	1.696	-0.222
5193.502	1.696	-0.220
5193.593	1.696	-0.219
5193.672	1.696	-0.215
5193.750	1.696	-0.212
5193.841	1.696	-0.210
5193.919	1.696	-0.206
5194.010	1.696	-0.201
5194.088	1.696	-0.196
5194.167	1.696	-0.187
5194.257	1.696	-0.180
5194.336	1.696	-0.173
5194.427	1.696	-0.162
5194.505	1.696	-0.157
5194.596	1.696	-0.153
5194.674	1.696	-0.151
5194.752	1.696	-0.147
5194.843	1.696	-0.145
5194.922	1.695	-0.145
5195.013	1.696	-0.145
5195.091	1.695	-0.147
5195.169	1.696	-0.147
5195.260	1.696	-0.150
5195.338	1.696	-0.153
5195.429	1.696	-0.155
5195.507	1.696	-0.155
5195.586	1.696	-0.159
5195.677	1.695	-0.160
5195.755	1.695	-0.160
5195.846	1.694	-0.162
5195.924	1.696	-0.164
5196.002	1.693	-0.163
5196.093	1.696	-0.164
5196.172	1.695	-0.164
5196.250	1.694	-0.164
5196.341	1.693	-0.165
5196.419	1.693	-0.168
5196.510	1.693	-0.171
5196.588	1.692	-0.175
5196.679	1.693	-0.181
5196.757	1.695	-0.185
5196.836	1.692	-0.187
5196.927	1.692	-0.192
5197.005	1.692	-0.198
5197.096	1.691	-0.201
5197.174	1.692	-0.203
5197.252	1.692	-0.205
5197.343	1.692	-0.206
5197.422	1.691	-0.206
5197.513	1.692	-0.210
5197.591	1.692	-0.215
5197.669	1.691	-0.223
5197.760	1.691	-0.232
5197.838	1.691	-0.241
5197.929	1.693	-0.245
5198.007	1.691	-0.247
5198.086	1.692	-0.247
5198.177	1.692	-0.247
5198.255	1.691	-0.247
5198.333	1.691	-0.248
5198.424	1.691	-0.251
5198.502	1.691	-0.252
5198.593	1.691	-0.252
5198.672	1.691	-0.252
5198.763	1.691	-0.252
5198.841	1.691	-0.247
5198.919	1.691	-0.243
5199.010	1.691	-0.238
5199.088	1.691	-0.236
5199.167	1.691	-0.232
5199.257	1.691	-0.227
5199.336	1.691	-0.226
5199.427	1.691	-0.226
5199.505	1.691	-0.226
5199.596	1.691	-0.226
5199.674	1.691	-0.226
5199.752	1.691	-0.226
5199.843	1.691	-0.226
5199.922	1.691	-0.226
5200.013	1.690	-0.226
5200.091	1.691	-0.226
5200.169	1.690	-0.226
5200.260	1.691	-0.229
5200.338	1.691	-0.230
5200.429	1.690	-0.226
5200.507	1.691	-0.226
5200.586	1.690	-0.221
5200.677	1.690	-0.220
5200.755	1.691	-0.219
5200.833	1.691	-0.215
5200.924	1.690	-0.209
5201.002	1.691	-0.205
5201.093	1.690	-0.201
5201.172	1.690	-0.198
5201.263	1.688	-0.196
5201.341	1.690	-0.192
5201.419	1.688	-0.191
5201.510	1.688	-0.189
5201.588	1.689	-0.184
5201.679	1.688	-0.181
5201.757	1.688	-0.176
5201.836	1.688	-0.172
5201.927	1.688	-0.169
5202.005	1.687	-0.165
5202.096	1.686	-0.160
5202.174	1.686	-0.160
5202.252	1.686	-0.160
5202.343	1.686	-0.160
5202.422	1.686	-0.160
5202.500	1.686	-0.164
5202.591	1.686	-0.166
5202.669	1.687	-0.170
5202.760	1.686	-0.171
5202.838	1.686	-0.175
5202.929	1.686	-0.176
5203.007	1.686	-0.180
5203.086	1.686	-0.181
5203.177	1.686	-0.178
5203.255	1.686	-0.175
5203.333	1.686	-0.172
5203.424	1.686	-0.167
5203.502	1.686	-0.163
5203.593	1.686	-0.160
5203.672	1.686	-0.156
5203.750	1.686	-0.153
5203.841	1.685	-0.151
5203.919	1.685	-0.154
5204.010	1.686	-0.153
5204.088	1.686	-0.153
5204.167	1.686	-0.154
5204.257	1.686	-0.155
5204.336	1.686	-0.159
5204.427	1.686	-0.160
5204.505	1.686	-0.160
5204.583	1.685	-0.158
5204.674	1.686	-0.157
5204.752	1.685	-0.153
5204.843	1.685	-0.150
5204.922	1.682	-0.147
5205.000	1.684	-0.146
5205.091	1.685	-0.148
5205.169	1.684	-0.150
5205.260	1.683	-0.152
5205.338	1.682	-0.152
5205.417	1.682	-0.150
5205.507	1.683	-0.150
5205.586	1.682	-0.146
5205.677	1.682	-0.143
5205.755	1.682	-0.141
5205.833	1.684	-0.137
5205.924	1.683	-0.134
5206.002	1.684	-0.130
5206.093	1.683	-0.130
5206.172	1.682	-0.130
5206.250	1.681	-0.130
5206.341	1.682	-0.130
5206.419	1.682	-0.133
5206.510	1.681	-0.134
5206.588	1.681	-0.135
5206.667	1.681	-0.136
5206.757	1.682	-0.135
5206.836	1.681	-0.133
5206.927	1.681	-0.130
5207.005	1.681	-0.130
5207.083	1.682	-0.128
5207.174	1.681	-0.124
5207.252	1.681	-0.119
5207.343	1.681	-0.119
5207.422	1.681	-0.120
5207.500	1.681	-0.119
5207.591	1.681	-0.119
5207.669	1.681	-0.119
5207.760	1.681	-0.119
5207.838	1.681	-0.119
5207.917	1.681	-0.120
5208.007	1.681	-0.121
5208.086	1.681	-0.123
5208.177	1.681	-0.124
5208.255	1.681	-0.128
5208.346	1.681	-0.130
5208.424	1.681	-0.129
5208.502	1.681	-0.130
5208.593	1.681	-0.130
5208.672	1.681	-0.127
5208.763	1.681	-0.121
5208.841	1.681	-0.113
5208.919	1.681	-0.107
5209.010	1.681	-0.105
5209.088	1.681	-0.100
5209.179	1.681	-0.099
5209.257	1.680	-0.096
5209.336	1.681	-0.094
5209.427	1.681	-0.094
5209.505	1.681	-0.094
5209.583	1.681	-0.089
5209.674	1.681	-0.088
5209.752	1.681	-0.085
5209.843	1.681	-0.082
5209.922	1.680	-0.078
5210.000	1.681	-0.073
5210.091	1.681	-0.069
5210.169	1.681	-0.066
5210.260	1.680	-0.063
5210.338	1.681	-0.063
5210.429	1.679	-0.063
5210.507	1.681	-0.067
5210.586	1.679	-0.068
5210.677	1.680	-0.070
5210.755	1.680	-0.074
5210.846	1.679	-0.076
5210.924	1.678	-0.079
5211.002	1.680	-0.082
5211.093	1.679	-0.084
5211.172	1.677	-0.084
5211.263	1.679	-0.087
5211.341	1.679	-0.089
5211.419	1.676	-0.091
5211.510	1.676	-0.094
5211.588	1.678	-0.096
5211.679	1.676	-0.099
5211.757	1.677	-0.099
5211.836	1.676	-0.102
5211.927	1.677	-0.104
5212.005	1.676	-0.107
5212.096	1.676	-0.109
5212.174	1.677	-0.109
5212.252	1.676	-0.109
5212.343	1.676	-0.113
5212.422	1.676	-0.113
5212.513	1.676	-0.111
5212.591	1.676	-0.108
5212.669	1.676	-0.104
5212.760	1.676	-0.099
5212.838	1.676	-0.096
5212.917	1.676	-0.094
5213.007	1.676	-0.098
5213.086	1.676	-0.099
5213.177	1.676	-0.096
5213.255	1.676	-0.096
5213.346	1.676	-0.099
5213.424	1.676	-0.101
5213.502	1.676	-0.107
5213.593	1.676	-0.112
5213.672	1.676	-0.119
5213.750	1.676	-0.124
5213.841	1.676	-0.130
5213.919	1.676	-0.132
5214.010	1.676	-0.137
5214.088	1.676	-0.141
5214.167	1.676	-0.145
5214.257	1.676	-0.148
5214.336	1.676	-0.155
5214.427	1.676	-0.158
5214.505	1.676	-0.160
5214.583	1.676	-0.160
5214.674	1.676	-0.156
5214.752	1.676	-0.155
5214.843	1.676	-0.152
5214.922	1.676	-0.148
5215.000	1.676	-0.145
5215.091	1.676	-0.141
5215.169	1.675	-0.140
5215.260	1.676	-0.136
5215.338	1.676	-0.139
5215.417	1.675	-0.141
5215.507	1.674	-0.144
5215.586	1.674	-0.146
5215.677	1.673	-0.150
5215.755	1.675	-0.153
5215.833	1.675	-0.155
5215.924	1.675	-0.155
5216.002	1.674	-0.155
5216.093	1.672	-0.157
5216.172	1.671	-0.156
5216.250	1.673	-0.155
5216.341	1.671	-0.154
5216.419	1.671	-0.150
5216.510	1.673	-0.150
5216.588	1.674	-0.152
5216.667	1.671	-0.154
5216.757	1.671	-0.158
5216.836	1.672	-0.160
5216.927	1.671	-0.165
5217.005	1.671	-0.169
5217.083	1.672	-0.171
5217.174	1.671	-0.171
5217.252	1.671	-0.169
5217.343	1.671	-0.166
5217.422	1.671	-0.160
5217.500	1.671	-0.158
5217.591	1.671	-0.153
5217.669	1.671	-0.150
5217.760	1.671	-0.149
5217.838	1.671	-0.150
5217.917	1.671	-0.149
5218.007	1.671	-0.147
5218.086	1.671	-0.144
5218.177	1.671	-0.140
5218.255	1.671	-0.134
5218.333	1.671	-0.129
5218.424	1.671	-0.124
5218.502	1.671	-0.122
5218.593	1.671	-0.117
5218.672	1.671	-0.114
5218.750	1.671	-0.110
5218.841	1.671	-0.109
5218.919	1.671	-0.113
5219.010	1.671	-0.114
5219.088	1.671	-0.114
5219.167	1.671	-0.113
5219.257	1.671	-0.112
5219.336	1.671	-0.108
5219.427	1.671	-0.104
5219.505	1.671	-0.100
5219.583	1.671	-0.099
5219.674	1.671	-0.099
5219.752	1.671	-0.098
5219.843	1.671	-0.094
5219.922	1.671	-0.089
5220.000	1.671	-0.088
5220.091	1.671	-0.085
5220.169	1.671	-0.085
5220.260	1.671	-0.085
5220.338	1.671	-0.085
5220.417	1.671	-0.085
5220.507	1.671	-0.084
5220.586	1.671	-0.079
5220.677	1.671	-0.079
5220.755	1.671	-0.079
5220.833	1.671	-0.081
5220.924	1.671	-0.082
5221.002	1.671	-0.084
5221.093	1.671	-0.084
5221.172	1.671	-0.084
5221.250	1.671	-0.083
5221.341	1.671	-0.079
5221.419	1.670	-0.075
5221.510	1.671	-0.070
5221.588	1.671	-0.065
5221.667	1.671	-0.062
5221.757	1.671	-0.058
5221.836	1.671	-0.054
5221.927	1.671	-0.049
5222.005	1.670	-0.048
5222.083	1.669	-0.048
5222.174	1.669	-0.048
5222.252	1.671	-0.047
5222.343	1.671	-0.045
5222.422	1.671	-0.042
5222.500	1.670	-0.041
5222.591	1.669	-0.042
5222.669	1.670	-0.043
5222.760	1.669	-0.049
5222.838	1.670	-0.052
5222.917	1.668	-0.055
5223.007	1.666	-0.057
5223.086	1.669	-0.054
5223.177	1.669	-0.055
5223.255	1.669	-0.058
5223.333	1.671	-0.059
5223.424	1.668	-0.059
5223.502	1.666	-0.060
5223.593	1.668	-0.062
5223.672	1.667	-0.063
5223.750	1.668	-0.066
5223.841	1.667	-0.069
5223.919	1.665	-0.074
5224.010	1.668	-0.079
5224.088	1.668	-0.079
5224.167	1.666	-0.079
5224.257	1.666	-0.078
5224.336	1.665	-0.073
5224.427	1.667	-0.071
5224.505	1.665	-0.072
5224.583	1.666	-0.072
5224.674	1.665	-0.073
5224.752	1.667	-0.073
5224.843	1.665	-0.074
5224.922	1.665	-0.073
5225.000	1.665	-0.074
5225.091	1.665	-0.079
5225.169	1.665	-0.079
5225.260	1.665	-0.084
5225.338	1.665	-0.083
5225.417	1.665	-0.084
5225.507	1.665	-0.089
5225.586	1.665	-0.093
5225.677	1.665	-0.096
5225.755	1.665	-0.100
5225.833	1.665	-0.104
5225.924	1.665	-0.111
5226.002	1.665	-0.114
5226.081	1.665	-0.117
5226.172	1.665	-0.119
5226.250	1.665	-0.120
5226.341	1.665	-0.121
5226.419	1.665	-0.120
5226.510	1.665	-0.118
5226.588	1.665	-0.113
5226.667	1.665	-0.106
5226.757	1.665	-0.100
5226.836	1.665	-0.096
5226.914	1.665	-0.090
5227.005	1.665	-0.084
5227.083	1.665	-0.079
5227.174	1.665	-0.076
5227.252	1.665	-0.073
5227.343	1.665	-0.073
5227.408	1.665	-0.075
5227.500	1.665	-0.076
5227.591	1.665	-0.077
5227.669	1.665	-0.075
5227.760	1.665	-0.079
5227.838	1.665	-0.082
5227.917	1.665	-0.086
5228.007	1.665	-0.089
5228.086	1.664	-0.093
5228.177	1.663	-0.100
5228.255	1.662	-0.105
5228.333	1.665	-0.109
5228.424	1.665	-0.109
5228.502	1.661	-0.113
5228.593	1.664	-0.115
5228.672	1.663	-0.119
5228.750	1.664	-0.119
5228.841	1.665	-0.121
5228.919	1.662	-0.124
5229.010	1.665	-0.124
5229.088	1.665	-0.125
5229.167	1.664	-0.125
5229.257	1.661	-0.125
5229.336	1.662	-0.129
5229.427	1.660	-0.130
5229.505	1.660	-0.134
5229.583	1.660	-0.139
5229.674	1.661	-0.141
5229.752	1.660	-0.147
5229.843	1.660	-0.150
5229.922	1.660	-0.150
5230.000	1.660	-0.150
5230.091	1.660	-0.148
5230.169	1.660	-0.142
5230.260	1.660	-0.136
5230.338	1.660	-0.129
5230.417	1.660	-0.119
5230.507	1.661	-0.111
5230.586	1.662	-0.101
5230.677	1.660	-0.088
5230.755	1.660	-0.078
5230.833	1.660	-0.069
5230.924	1.660	-0.062
5231.002	1.660	-0.055
5231.093	1.660	-0.047
5231.172	1.660	-0.043
5231.250	1.660	-0.040
5231.341	1.660	-0.034
5231.419	1.660	-0.026
5231.510	1.660	-0.017
5231.588	1.660	-0.010
5231.667	1.660	-0.003
5231.757	1.660	0.000
5231.836	1.660	0.003
5231.927	1.660	0.007
5232.005	1.660	0.009
5232.083	1.660	0.008
5232.174	1.660	0.008
5232.252	1.660	0.008
5232.343	1.660	0.008
5232.422	1.659	0.010
5232.500	1.659	0.011
5232.591	1.660	0.011
5232.669	1.660	0.011
5232.760	1.660	0.013
5232.838	1.660	0.013
5232.917	1.660	0.013
5233.007	1.660	0.012
5233.086	1.659	0.008
5233.177	1.659	0.008
5233.255	1.659	0.008
5233.333	1.659	0.011
5233.424	1.660	0.013
5233.502	1.660	0.017
5233.593	1.660	0.017
5233.672	1.660	0.018
5233.750	1.660	0.020
5233.841	1.660	0.021
5233.919	1.660	0.018
5234.010	1.659	0.013
5234.088	1.659	0.013
5234.167	1.659	0.009
5234.257	1.659	0.006
5234.336	1.659	0.002
5234.427	1.659	-0.000
5234.505	1.657	0.003
5234.583	1.658	0.003
5234.674	1.659	0.003
5234.752	1.659	0.003
5234.843	1.659	0.003
5234.922	1.658	0.005
5235.000	1.658	0.010
5235.091	1.658	0.018
5235.169	1.657	0.022
5235.260	1.657	0.024
5235.338	1.656	0.028
5235.417	1.657	0.028
5235.507	1.657	0.027
5235.586	1.656	0.033
5235.677	1.655	0.036
5235.755	1.657	0.039
5235.833	1.655	0.039
5235.924	1.656	0.043
5236.002	1.657	0.045
5236.093	1.656	0.047
5236.172	1.657	0.049
5236.250	1.656	0.048
5236.341	1.655	0.046
5236.419	1.655	0.044
5236.510	1.655	0.044
5236.588	1.655	0.040
5236.667	1.655	0.043
5236.757	1.655	0.040
5236.822	1.655	0.036
5236.927	1.655	0.033
5237.005	1.655	0.030
5237.083	1.655	0.025
5237.174	1.655	0.022
5237.252	1.656	0.020
5237.343	1.655	0.012
5237.422	1.655	0.006
5237.500	1.655	-0.000
5237.591	1.655	-0.009
5237.669	1.655	-0.017
5237.760	1.655	-0.023
5237.838	1.655	-0.033
5237.917	1.655	-0.040
5238.007	1.655	-0.051
5238.086	1.655	-0.057
5238.177	1.655	-0.059
5238.255	1.655	-0.064
5238.333	1.655	-0.071
5238.424	1.655	-0.074
5238.502	1.655	-0.079
5238.593	1.655	-0.079
5238.672	1.655	-0.081
5238.750	1.655	-0.084
5238.841	1.655	-0.083
5238.919	1.655	-0.084
5239.010	1.655	-0.083
5239.088	1.655	-0.082
5239.167	1.655	-0.084
5239.257	1.655	-0.085
5239.336	1.655	-0.091
5239.427	1.655	-0.096
5239.505	1.655	-0.099
5239.583	1.655	-0.099
5239.674	1.655	-0.100
5239.752	1.655	-0.100
5239.843	1.655	-0.104
5239.922	1.655	-0.108
5240.000	1.655	-0.109
5240.091	1.655	-0.114
5240.169	1.655	-0.119
5240.260	1.655	-0.119
5240.338	1.655	-0.121
5240.417	1.655	-0.124
5240.507	1.655	-0.123
5240.586	1.655	-0.122
5240.677	1.654	-0.124
5240.755	1.655	-0.124
5240.833	1.655	-0.129
5240.924	1.654	-0.132
5241.002	1.654	-0.139
5241.093	1.655	-0.140
5241.172	1.653	-0.140
5241.250	1.653	-0.140
5241.341	1.654	-0.140
5241.419	1.654	-0.140
5241.510	1.654	-0.136
5241.588	1.654	-0.135
5241.667	1.654	-0.136
5241.757	1.653	-0.131
5241.836	1.652	-0.130
5241.927	1.655	-0.129
5242.005	1.653	-0.128
5242.083	1.654	-0.128
5242.174	1.651	-0.130
5242.252	1.652	-0.130
5242.343	1.651	-0.130
5242.422	1.651	-0.126
5242.500	1.650	-0.122
5242.591	1.650	-0.119
5242.669	1.650	-0.112
5242.760	1.650	-0.103
5242.838	1.650	-0.095
5242.917	1.650	-0.086
5243.007	1.650	-0.079
5243.086	1.650	-0.071
5243.177	1.651	-0.065
5243.255	1.650	-0.057
5243.333	1.650	-0.047
5243.424	1.650	-0.038
5243.502	1.650	-0.031
5243.593	1.650	-0.023
5243.672	1.650	-0.016
5243.750	1.650	-0.010
5243.841	1.650	-0.005
5243.919	1.650	0.000
5244.010	1.650	0.006
5244.088	1.650	0.011
5244.167	1.650	0.014
5244.257	1.650	0.018
5244.336	1.652	0.019
5244.427	1.650	0.022
5244.505	1.650	0.027
5244.583	1.650	0.031
5244.674	1.650	0.033
5244.752	1.650	0.034
5244.843	1.650	0.037
5244.922	1.650	0.041
5245.000	1.650	0.044
5245.091	1.650	0.048
5245.169	1.650	0.051
5245.260	1.650	0.057
5245.338	1.650	0.061
5245.417	1.650	0.065
5245.507	1.650	0.069
5245.586	1.650	0.078
5245.677	1.650	0.084
5245.755	1.650	0.087
5245.833	1.650	0.092
5245.924	1.650	0.097
5246.002	1.650	0.102
5246.093	1.650	0.107
5246.172	1.650	0.114
5246.250	1.650	0.118
5246.341	1.650	0.122
5246.419	1.650	0.125
5246.510	1.650	0.125
5246.588	1.650	0.130
5246.667	1.650	0.132
5246.757	1.650	0.134
5246.836	1.650	0.136
5246.927	1.650	0.139
5247.005	1.650	0.141
5247.083	1.650	0.141
5247.174	1.650	0.141
5247.252	1.650	0.141
5247.343	1.650	0.141
5247.422	1.650	0.141
5247.500	1.650	0.141
5247.591	1.650	0.141
5247.669	1.650	0.139
5247.760	1.650	0.138
5247.838	1.650	0.135
5247.917	1.650	0.135
5248.007	1.650	0.135
5248.086	1.650	0.132
5248.177	1.650	0.134
5248.255	1.650	0.135
5248.333	1.650	0.137
5248.424	1.650	0.141
5248.502	1.650	0.140
5248.593	1.650	0.141
5248.672	1.650	0.140
5248.750	1.650	0.136
5248.841	1.650	0.135
5248.919	1.650	0.130
5249.010	1.650	0.127
5249.088	1.650	0.122
5249.167	1.650	0.117
5249.257	1.650	0.113
5249.336	1.650	0.110
5249.427	1.650	0.106
5249.505	1.650	0.104
5249.583	1.650	0.098
5249.674	1.650	0.096
5249.752	1.650	0.095
5249.843	1.650	0.098
5249.922	1.650	0.100
5250.000	1.650	0.100
5250.091	1.650	0.095
5250.169	1.650	0.093
5250.260	1.650	0.090
5250.338	1.650	0.085
5250.417	1.650	0.084
5250.507	1.650	0.080
5250.586	1.650	0.076
5250.677	1.650	0.071
5250.755	1.650	0.065
5250.833	1.650	0.059
5250.924	1.650	0.051
5251.002	1.648	0.046
5251.093	1.650	0.040
5251.158	1.650	0.035
5251.250	1.649	0.030
5251.341	1.650	0.024
5251.419	1.649	0.019
5251.498	1.649	0.018
5251.588	1.650	0.013
5251.667	1.648	0.010
5251.757	1.650	0.007
5251.836	1.648	0.003
5251.914	1.650	0.003
5252.005	1.649	0.003
5252.083	1.649	0.003
5252.174	1.649	0.003
5252.252	1.649	0.003
5252.331	1.648	0.008
5252.422	1.648	0.008
5252.500	1.648	0.008
5252.591	1.648	0.008
5252.669	1.650	0.008
5252.748	1.649	0.011
5252.838	1.648	0.011
5252.917	1.648	0.013
5253.007	1.649	0.013
5253.086	1.648	0.015
5253.177	1.647	0.018
5253.255	1.648	0.020
5253.333	1.648	0.023
5253.424	1.648	0.027
5253.502	1.649	0.028
5253.593	1.645	0.027
5253.672	1.646	0.023
5253.750	1.648	0.023
5253.841	1.648	0.020
5253.919	1.646	0.018
5254.010	1.647	0.017
5254.088	1.645	0.011
5254.167	1.647	0.003
5254.257	1.646	-0.004
5254.336	1.647	-0.011
5254.427	1.646	-0.017
5254.505	1.646	-0.022
5254.583	1.648	-0.028
5254.674	1.646	-0.034
5254.752	1.645	-0.038
5254.843	1.645	-0.042
5254.922	1.647	-0.049
5255.000	1.645	-0.053
5255.091	1.646	-0.059
5255.169	1.645	-0.063
5255.248	1.645	-0.067
5255.338	1.645	-0.071
5255.417	1.645	-0.075
5255.507	1.645	-0.076
5255.586	1.645	-0.079
5255.664	1.645	-0.085
5255.755	1.646	-0.090
5255.833	1.645	-0.094
5255.924	1.645	-0.095
5256.002	1.645	-0.096
5256.081	1.645	-0.097
5256.172	1.645	-0.096
5256.250	1.645	-0.094
5256.341	1.645	-0.092
5256.419	1.645	-0.090
5256.498	1.645	-0.089
5256.588	1.645	-0.089
5256.667	1.645	-0.089
5256.757	1.645	-0.090
5256.836	1.645	-0.089
5256.914	1.645	-0.088
5257.005	1.645	-0.085
5257.083	1.645	-0.080
5257.174	1.644	-0.077
5257.252	1.645	-0.074
5257.331	1.645	-0.070
5257.422	1.645	-0.065
5257.500	1.645	-0.058
5257.591	1.645	-0.051
5257.669	1.645	-0.045
5257.748	1.645	-0.040
5257.838	1.645	-0.034
5257.917	1.645	-0.028
5258.007	1.645	-0.018
5258.086	1.645	-0.010
5258.164	1.644	-0.003
5258.255	1.645	0.002
5258.333	1.644	0.012
5258.424	1.645	0.025
5258.502	1.644	0.037
5258.581	1.645	0.049
5258.672	1.644	0.060
5258.750	1.645	0.066
5258.841	1.645	0.071
5258.919	1.644	0.077
5258.998	1.644	0.082
5259.088	1.644	0.088
5259.167	1.645	0.098
5259.257	1.645	0.104
5259.336	1.645	0.112
5259.414	1.645	0.117
5259.505	1.645	0.125
5259.583	1.644	0.133
5259.674	1.645	0.141
5259.752	1.644	0.145
5259.831	1.645	0.145
5259.922	1.644	0.146
5260.000	1.644	0.146
5260.091	1.643	0.146
5260.169	1.645	0.148
5260.248	1.645	0.151
5260.338	1.645	0.157
5260.417	1.644	0.162
5260.507	1.645	0.169
5260.586	1.644	0.176
5260.664	1.644	0.183
5260.755	1.644	0.190
5260.833	1.644	0.197
5260.924	1.642	0.203
5261.002	1.644	0.207
5261.081	1.644	0.210
5261.172	1.645	0.214
5261.250	1.645	0.220
5261.341	1.643	0.226
5261.419	1.643	0.231
5261.498	1.644	0.237
5261.588	1.645	0.243
5261.667	1.644	0.250
5261.757	1.643	0.260
5261.836	1.640	0.265
5261.914	1.644	0.268
5262.005	1.645	0.268
5262.083	1.645	0.271
5262.174	1.644	0.272
5262.252	1.644	0.269
5262.331	1.643	0.266
5262.422	1.644	0.260
5262.500	1.645	0.257
5262.591	1.645	0.252
5262.669	1.645	0.248
5262.748	1.642	0.246
5262.838	1.644	0.243
5262.917	1.643	0.239
5263.007	1.643	0.237
5263.086	1.644	0.237
5263.164	1.643	0.236
5263.255	1.645	0.235
5263.333	1.643	0.236
5263.424	1.644	0.237
5263.502	1.644	0.235
5263.581	1.643	0.231
5263.672	1.644	0.227
5263.750	1.644	0.221
5263.841	1.644	0.218
5263.919	1.644	0.214
5263.998	1.645	0.212
5264.088	1.642	0.213
5264.167	1.642	0.212
5264.257	1.644	0.212
5264.336	1.642	0.212
5264.414	1.643	0.210
5264.505	1.642	0.207
5264.583	1.643	0.203
5264.674	1.643	0.202
5264.752	1.643	0.202
5264.831	1.643	0.201
5264.922	1.641	0.197
5265.000	1.643	0.196
5265.091	1.643	0.192
5265.169	1.642	0.184
5265.248	1.642	0.177
5265.338	1.643	0.169
5265.417	1.642	0.164
5265.507	1.640	0.156
5265.586	1.641	0.146
5265.664	1.640	0.136
5265.755	1.642	0.127
5265.833	1.640	0.116
5265.924	1.641	0.106
5266.002	1.640	0.098
5266.081	1.642	0.088
5266.172	1.641	0.083
5266.250	1.642	0.078
5266.341	1.642	0.070
5266.419	1.640	0.065
5266.498	1.641	0.056
5266.588	1.641	0.054
5266.667	1.640	0.049
5266.757	1.640	0.047
5266.836	1.640	0.042
5266.914	1.640	0.035
5267.005	1.640	0.030
5267.083	1.641	0.024
5267.174	1.640	0.017
5267.252	1.641	0.008
5267.331	1.640	0.001
5267.422	1.642	-0.006
5267.500	1.640	-0.013
5267.591	1.640	-0.019
5267.669	1.641	-0.025
5267.748	1.640	-0.030
5267.838	1.640	-0.034
5267.917	1.640	-0.038
5268.007	1.640	-0.042
5268.086	1.640	-0.048
5268.164	1.640	-0.052
5268.255	1.640	-0.062
5268.333	1.640	-0.071
5268.424	1.640	-0.078
5268.502	1.640	-0.086
5268.581	1.640	-0.097
5268.672	1.640	-0.107
5268.750	1.640	-0.115
5268.841	1.640	-0.123
5268.919	1.640	-0.129
5268.998	1.640	-0.136
5269.088	1.640	-0.141
5269.167	1.640	-0.147
5269.257	1.640	-0.152
5269.336	1.640	-0.155
5269.414	1.640	-0.160
5269.505	1.640	-0.163
5269.583	1.640	-0.166
5269.674	1.640	-0.170
5269.752	1.640	-0.175
5269.831	1.640	-0.180
5269.922	1.640	-0.181
5270.000	1.640	-0.186
5270.091	1.640	-0.190
5270.169	1.640	-0.192
5270.248	1.640	-0.192
5270.338	1.639	-0.191
5270.417	1.640	-0.187
5270.507	1.640	-0.186
5270.586	1.639	-0.182
5270.664	1.639	-0.179
5270.755	1.639	-0.171
5270.833	1.640	-0.166
5270.924	1.639	-0.159
5271.002	1.637	-0.155
5271.081	1.638	-0.147
5271.172	1.637	-0.141
5271.250	1.639	-0.132
5271.341	1.637	-0.125
5271.419	1.637	-0.118
5271.498	1.637	-0.110
5271.588	1.637	-0.100
5271.667	1.637	-0.086
5271.757	1.637	-0.075
5271.836	1.638	-0.062
5271.914	1.637	-0.048
5272.005	1.638	-0.037
5272.083	1.635	-0.029
5272.174	1.637	-0.024
5272.252	1.637	-0.023
5272.331	1.638	-0.018
5272.422	1.640	-0.015
5272.500	1.636	-0.008
5272.591	1.637	-0.002
5272.669	1.637	-0.001
5272.748	1.636	0.002
5272.838	1.637	0.008
5272.917	1.637	0.016
5273.007	1.637	0.025
5273.086	1.637	0.036
5273.164	1.636	0.046
5273.255	1.637	0.058
5273.333	1.636	0.070
5273.424	1.635	0.079
5273.502	1.638	0.085
5273.581	1.635	0.094
5273.672	1.635	0.105
5273.750	1.637	0.117
5273.841	1.637	0.127
5273.919	1.636	0.136
5273.998	1.637	0.146
5274.088	1.635	0.154
5274.167	1.636	0.162
5274.257	1.637	0.172
5274.336	1.637	0.180
5274.414	1.636	0.185
5274.505	1.637	0.193
5274.583	1.637	0.197
5274.674	1.638	0.204
5274.752	1.637	0.212
5274.831	1.636	0.220
5274.922	1.637	0.226
5275.000	1.637	0.231
5275.091	1.638	0.237
5275.169	1.635	0.244
5275.248	1.637	0.250
5275.338	1.639	0.258
5275.417	1.638	0.264
5275.507	1.637	0.269
5275.586	1.637	0.272
5275.664	1.637	0.276
5275.755	1.639	0.280
5275.833	1.638	0.287
5275.924	1.637	0.294
5276.002	1.639	0.303
5276.081	1.638	0.310
5276.172	1.637	0.319
5276.250	1.639	0.326
5276.341	1.637	0.331
5276.419	1.639	0.339
5276.498	1.639	0.347
5276.588	1.640	0.350
5276.667	1.640	0.355
5276.757	1.640	0.360
5276.836	1.639	0.361
5276.914	1.638	0.365
5277.005	1.640	0.364
5277.083	1.639	0.360
5277.174	1.637	0.361
5277.252	1.639	0.360
5277.331	1.639	0.360
5277.422	1.640	0.359
5277.500	1.640	0.356
5277.591	1.639	0.354
5277.669	1.640	0.351
5277.748	1.640	0.350
5277.838	1.640	0.350
5277.917	1.640	0.347
5278.007	1.640	0.345
5278.086	1.640	0.345
5278.164	1.640	0.350
5278.255	1.640	0.350
5278.333	1.640	0.348
5278.424	1.640	0.350
5278.502	1.640	0.350
5278.581	1.639	0.356
5278.672	1.639	0.357
5278.750	1.640	0.355
5278.841	1.640	0.350
5278.919	1.640	0.346
5278.998	1.640	0.341
5279.088	1.640	0.337
5279.167	1.640	0.333
5279.257	1.640	0.329
5279.336	1.640	0.325
5279.414	1.640	0.320
5279.505	1.640	0.311
5279.583	1.640	0.305
5279.674	1.640	0.296
5279.752	1.640	0.289
5279.831	1.640	0.281
5279.922	1.640	0.275
5280.000	1.639	0.269
5280.091	1.640	0.261
5280.169	1.639	0.254
5280.248	1.640	0.248
5280.338	1.640	0.239
5280.417	1.639	0.231
5280.507	1.640	0.225
5280.586	1.640	0.215
5280.664	1.639	0.204
5280.755	1.640	0.195
5280.833	1.640	0.182
5280.924	1.638	0.171
5281.002	1.637	0.158
5281.081	1.639	0.145
5281.172	1.638	0.134
5281.250	1.639	0.123
5281.341	1.637	0.113
5281.419	1.637	0.102
5281.498	1.639	0.092
5281.588	1.639	0.082
5281.667	1.637	0.072
5281.757	1.638	0.063
5281.836	1.635	0.053
5281.914	1.638	0.041
5282.005	1.637	0.034
5282.083	1.638	0.028
5282.174	1.637	0.023
5282.252	1.636	0.022
5282.331	1.637	0.020
5282.422	1.635	0.018
5282.500	1.635	0.012
5282.591	1.636	0.006
5282.669	1.635	-0.002
5282.748	1.635	-0.012
5282.838	1.635	-0.021
5282.917	1.635	-0.033
5283.007	1.636	-0.044
5283.072	1.635	-0.057
5283.164	1.635	-0.070
5283.255	1.636	-0.084
5283.333	1.635	-0.096
5283.424	1.635	-0.107
5283.502	1.635	-0.117
5283.581	1.635	-0.124
5283.672	1.635	-0.132
5283.750	1.636	-0.141
5283.841	1.635	-0.151
5283.919	1.635	-0.159
5283.998	1.635	-0.164
5284.088	1.635	-0.169
5284.167	1.635	-0.177
5284.257	1.636	-0.182
5284.336	1.635	-0.186
5284.414	1.635	-0.187
5284.505	1.635	-0.186
5284.583	1.635	-0.186
5284.674	1.635	-0.186
5284.752	1.635	-0.182
5284.831	1.635	-0.180
5284.922	1.635	-0.172
5285.000	1.635	-0.166
5285.091	1.635	-0.160
5285.169	1.635	-0.156
5285.248	1.635	-0.154
5285.338	1.635	-0.147
5285.417	1.635	-0.145
5285.507	1.635	-0.141
5285.586	1.635	-0.140
5285.664	1.635	-0.137
5285.755	1.635	-0.135
5285.833	1.635	-0.130
5285.924	1.635	-0.132
5286.002	1.635	-0.130
5286.081	1.635	-0.129
5286.172	1.635	-0.124
5286.250	1.635	-0.117
5286.341	1.635	-0.107
5286.419	1.635	-0.099
5286.498	1.635	-0.086
5286.588	1.635	-0.069
5286.667	1.635	-0.051
5286.757	1.634	-0.031
5286.836	1.635	-0.011
5286.914	1.635	0.009
5287.005	1.635	0.026
5287.083	1.635	0.041
5287.174	1.635	0.057
5287.252	1.635	0.073
5287.331	1.635	0.091
5287.422	1.635	0.111
5287.500	1.635	0.128
5287.591	1.635	0.144
5287.669	1.635	0.157
5287.748	1.635	0.169
5287.838	1.635	0.179
5287.917	1.635	0.188
5288.007	1.635	0.197
5288.086	1.635	0.209
5288.164	1.635	0.220
5288.255	1.635	0.226
5288.333	1.635	0.235
5288.424	1.635	0.246
5288.502	1.635	0.257
5288.581	1.635	0.265
5288.672	1.635	0.277
5288.750	1.635	0.284
5288.841	1.635	0.290
5288.919	1.635	0.295
5288.998	1.635	0.302
5289.088	1.635	0.310
5289.167	1.635	0.319
5289.257	1.635	0.329
5289.336	1.635	0.339
5289.414	1.635	0.345
5289.505	1.635	0.350
5289.583	1.635	0.356
5289.674	1.635	0.366
5289.752	1.635	0.378
5289.831	1.635	0.389
5289.922	1.635	0.401
5290.000	1.635	0.410
5290.091	1.635	0.419
5290.169	1.635	0.429
5290.248	1.635	0.438
5290.338	1.635	0.446
5290.417	1.635	0.452
5290.507	1.635	0.457
5290.586	1.635	0.461
5290.664	1.635	0.465
5290.755	1.635	0.471
5290.833	1.635	0.475
5290.924	1.635	0.484
5291.002	1.635	0.490
5291.081	1.635	0.494
5291.172	1.636	0.502
5291.250	1.636	0.508
5291.341	1.635	0.513
5291.419	1.635	0.513
5291.498	1.635	0.514
5291.588	1.637	0.518
5291.667	1.635	0.519
5291.757	1.635	0.514
5291.836	1.635	0.511
5291.914	1.637	0.504
5292.005	1.636	0.499
5292.083	1.636	0.497
5292.174	1.636	0.496
5292.252	1.637	0.497
5292.331	1.635	0.499
5292.422	1.635	0.502
5292.500	1.636	0.504
5292.591	1.639	0.507
5292.669	1.638	0.508
5292.748	1.637	0.508
5292.838	1.637	0.508
5292.917	1.637	0.508
5293.007	1.638	0.504
5293.086	1.637	0.502
5293.164	1.638	0.497
5293.255	1.637	0.492
5293.333	1.638	0.491
5293.411	1.637	0.488
5293.502	1.637	0.485
5293.581	1.640	0.480
5293.672	1.639	0.473
5293.750	1.639	0.466
5293.841	1.639	0.457
5293.919	1.637	0.449
5293.998	1.638	0.443
5294.088	1.640	0.440
5294.167	1.639	0.433
5294.244	1.639	0.427
5294.336	1.640	0.419
5294.414	1.640	0.415
5294.505	1.640	0.410
5294.583	1.640	0.404
5294.661	1.639	0.398
5294.752	1.638	0.390
5294.831	1.639	0.386
5294.922	1.639	0.378
5295.000	1.640	0.372
5295.078	1.639	0.366
5295.169	1.639	0.356
5295.248	1.637	0.345
5295.338	1.638	0.336
5295.417	1.639	0.327
5295.494	1.638	0.317
5295.586	1.638	0.306
5295.664	1.636	0.293
5295.755	1.636	0.282
5295.833	1.637	0.268
5295.911	1.639	0.257
5296.002	1.638	0.246
5296.081	1.637	0.235
5296.172	1.637	0.224
5296.250	1.637	0.213
5296.341	1.637	0.200
5296.419	1.637	0.187
5296.498	1.637	0.175
5296.588	1.637	0.164
5296.667	1.637	0.152
5296.757	1.637	0.141
5296.836	1.637	0.130
5296.914	1.635	0.123
5297.005	1.637	0.113
5297.083	1.639	0.103
5297.174	1.638	0.093
5297.252	1.637	0.081
5297.331	1.635	0.072
5297.422	1.637	0.062
5297.500	1.635	0.051
5297.591	1.636	0.035
5297.669	1.635	0.022
5297.748	1.636	0.007
5297.838	1.635	-0.008
5297.917	1.635	-0.023
5297.994	1.635	-0.037
5298.086	1.635	-0.052
5298.164	1.635	-0.068
5298.255	1.636	-0.084
5298.333	1.635	-0.099
5298.411	1.635	-0.114
5298.502	1.636	-0.126
5298.581	1.635	-0.136
5298.672	1.635	-0.146
5298.750	1.635	-0.154
5298.828	1.635	-0.163
5298.919	1.635	-0.169
5298.998	1.635	-0.174
5299.088	1.635	-0.179
5299.167	1.635	-0.184
5299.244	1.635	-0.186
5299.336	1.635	-0.191
5299.414	1.635	-0.196
5299.505	1.635	-0.201
5299.583	1.635	-0.207
5299.661	1.635	-0.210
5299.752	1.635	-0.212
5299.831	1.635	-0.215
5299.922	1.635	-0.216
5300.000	1.635	-0.216
5300.078	1.635	-0.215
5300.169	1.635	-0.216
5300.248	1.635	-0.214
5300.338	1.635	-0.214
5300.417	1.635	-0.214
5300.494	1.633	-0.216
5300.586	1.635	-0.216
5300.664	1.635	-0.215
5300.755	1.635	-0.212
5300.833	1.635	-0.208
5300.911	1.635	-0.203
5301.002	1.635	-0.196
5301.081	1.635	-0.186
5301.172	1.635	-0.178
5301.250	1.635	-0.168
5301.328	1.635	-0.159
5301.419	1.635	-0.147
5301.498	1.635	-0.134
5301.588	1.635	-0.121
5301.667	1.635	-0.110
5301.744	1.635	-0.101
5301.836	1.635	-0.092
5301.914	1.635	-0.079
5302.005	1.634	-0.066
5302.083	1.635	-0.051
5302.161	1.634	-0.038
5302.252	1.635	-0.023
5302.331	1.634	-0.012
5302.422	1.635	-0.001
5302.500	1.635	0.011
5302.578	1.634	0.025
5302.669	1.633	0.039
5302.748	1.634	0.056
5302.838	1.634	0.068
5302.917	1.635	0.084
5302.994	1.633	0.099
5303.086	1.635	0.113
5303.164	1.635	0.130
5303.255	1.635	0.148
5303.333	1.635	0.167
5303.411	1.635	0.186
5303.502	1.635	0.203
5303.581	1.634	0.223
5303.672	1.635	0.242
5303.750	1.635	0.256
5303.828	1.635	0.275
5303.919	1.635	0.288
5303.998	1.635	0.304
5304.088	1.635	0.316
5304.167	1.635	0.332
5304.244	1.635	0.346
5304.336	1.635	0.365
5304.414	1.635	0.382
5304.505	1.635	0.400
5304.583	1.635	0.418
5304.661	1.635	0.434
5304.752	1.635	0.449
5304.831	1.635	0.465
5304.922	1.635	0.481
5305.000	1.635	0.498
5305.078	1.635	0.515
5305.169	1.635	0.534
5305.248	1.635	0.554
5305.338	1.635	0.573
5305.417	1.635	0.593
5305.494	1.635	0.612
5305.586	1.635	0.629
5305.664	1.635	0.647
5305.755	1.635	0.661
5305.833	1.635	0.678
5305.911	1.635	0.696
5306.002	1.635	0.714
5306.081	1.636	0.732
5306.172	1.635	0.740
5306.250	1.636	0.752
5306.328	1.636	0.758
5306.419	1.636	0.762
5306.498	1.635	0.766
5306.588	1.635	0.768
5306.667	1.635	0.773
5306.744	1.635	0.777
5306.836	1.635	0.780
5306.914	1.635	0.783
5307.005	1.637	0.785
5307.083	1.636	0.786
5307.161	1.637	0.784
5307.252	1.638	0.785
5307.331	1.636	0.785
5307.422	1.636	0.787
5307.500	1.637	0.788
5307.578	1.638	0.787
5307.669	1.638	0.788
5307.748	1.638	0.790
5307.838	1.639	0.793
5307.917	1.640	0.794
5307.994	1.640	0.796
5308.086	1.640	0.793
5308.164	1.640	0.787
5308.255	1.639	0.779
5308.333	1.640	0.773
5308.411	1.637	0.762
5308.502	1.639	0.751
5308.581	1.638	0.742
5308.672	1.640	0.734
5308.750	1.640	0.724
5308.828	1.639	0.717
5308.919	1.640	0.705
5308.998	1.640	0.694
5309.088	1.640	0.681
5309.167	1.640	0.668
5309.244	1.640	0.658
5309.336	1.640	0.647
5309.414	1.640	0.634
5309.505	1.640	0.625
5309.583	1.640	0.612
5309.661	1.640	0.598
5309.752	1.640	0.582
5309.831	1.640	0.571
5309.922	1.640	0.561
5310.000	1.640	0.549
5310.078	1.640	0.539
5310.169	1.640	0.531
5310.248	1.640	0.521
5310.338	1.640	0.508
5310.417	1.640	0.497
5310.494	1.640	0.488
5310.586	1.640	0.475
5310.664	1.640	0.466
5310.755	1.640	0.455
5310.833	1.640	0.450
5310.911	1.640	0.442
5311.002	1.640	0.433
5311.081	1.640	0.423
5311.172	1.640	0.412
5311.250	1.640	0.401
5311.328	1.640	0.389
5311.419	1.640	0.377
5311.498	1.640	0.365
5311.588	1.640	0.354
5311.667	1.640	0.341
5311.744	1.640	0.329
5311.836	1.640	0.317
5311.914	1.640	0.302
5312.005	1.640	0.291
5312.083	1.640	0.277
5312.161	1.640	0.260
5312.252	1.640	0.247
5312.331	1.640	0.232
5312.422	1.640	0.221
5312.500	1.640	0.207
5312.578	1.640	0.190
5312.669	1.639	0.172
5312.748	1.640	0.156
5312.838	1.640	0.143
5312.917	1.638	0.129
5312.994	1.640	0.118
5313.086	1.640	0.105
5313.164	1.639	0.090
5313.255	1.637	0.073
5313.333	1.640	0.056
5313.411	1.637	0.039
5313.502	1.637	0.019
5313.581	1.637	0.003
5313.672	1.637	-0.013
5313.750	1.636	-0.029
5313.841	1.637	-0.040
5313.919	1.638	-0.045
5313.998	1.637	-0.048
5314.088	1.635	-0.052
5314.167	1.636	-0.057
5314.244	1.636	-0.062
5314.336	1.635	-0.065
5314.414	1.635	-0.074
5314.505	1.635	-0.085
5314.583	1.635	-0.099
5314.661	1.635	-0.111
5314.752	1.635	-0.120
5314.831	1.635	-0.135
5314.922	1.635	-0.147
5315.000	1.635	-0.160
5315.078	1.635	-0.172
5315.169	1.636	-0.183
5315.248	1.635	-0.196
5315.338	1.635	-0.203
5315.417	1.635	-0.213
5315.494	1.635	-0.218
5315.586	1.635	-0.219
5315.664	1.635	-0.218
5315.755	1.635	-0.214
5315.833	1.635	-0.210
5315.911	1.635	-0.203
5316.002	1.635	-0.201
5316.081	1.635	-0.197
5316.172	1.635	-0.195
5316.250	1.635	-0.190
5316.328	1.635	-0.183
5316.419	1.635	-0.178
5316.498	1.635	-0.171
5316.588	1.635	-0.168
5316.667	1.635	-0.164
5316.744	1.635	-0.153
5316.836	1.635	-0.141
5316.914	1.635	-0.129
5317.005	1.635	-0.118
5317.083	1.635	-0.106
5317.161	1.635	-0.096
5317.252	1.634	-0.085
5317.331	1.635	-0.072
5317.422	1.635	-0.058
5317.500	1.635	-0.044
5317.578	1.635	-0.028
5317.669	1.635	-0.008
5317.748	1.635	0.010
5317.838	1.635	0.030
5317.917	1.634	0.046
5317.994	1.635	0.063
5318.086	1.635	0.077
5318.164	1.635	0.091
5318.255	1.635	0.105
5318.333	1.635	0.120
5318.411	1.635	0.134
5318.502	1.635	0.150
5318.581	1.635	0.164
5318.672	1.635	0.180
5318.750	1.635	0.195
5318.828	1.635	0.209
5318.919	1.635	0.224
5318.998	1.635	0.242
5319.088	1.635	0.256
5319.167	1.635	0.267
5319.244	1.635	0.282
5319.336	1.635	0.293
5319.414	1.635	0.308
5319.505	1.635	0.320
5319.583	1.635	0.329
5319.661	1.635	0.342
5319.752	1.635	0.355
5319.831	1.635	0.369
5319.922	1.635	0.384
5320.000	1.635	0.400
5320.078	1.635	0.416
5320.169	1.635	0.431
5320.248	1.635	0.446
5320.338	1.635	0.462
5320.417	1.635	0.479
5320.494	1.635	0.495
5320.586	1.635	0.514
5320.664	1.635	0.534
5320.755	1.635	0.554
5320.833	1.635	0.575
5320.911	1.636	0.595
5321.002	1.635	0.614
5321.081	1.635	0.630
5321.172	1.636	0.643
5321.250	1.636	0.655
5321.328	1.635	0.668
5321.419	1.636	0.681
5321.498	1.636	0.694
5321.588	1.637	0.708
5321.667	1.637	0.722
5321.744	1.638	0.736
5321.836	1.637	0.750
5321.914	1.637	0.764
5322.005	1.636	0.778
5322.083	1.639	0.790
5322.161	1.640	0.801
5322.252	1.639	0.807
5322.331	1.640	0.814
5322.422	1.640	0.819
5322.500	1.640	0.826
5322.578	1.639	0.834
5322.669	1.639	0.840
5322.748	1.640	0.850
5322.838	1.640	0.860
5322.917	1.640	0.870
5322.994	1.640	0.877
5323.086	1.640	0.881
5323.164	1.640	0.887
5323.255	1.640	0.891
5323.333	1.640	0.896
5323.411	1.640	0.900
5323.502	1.640	0.905
5323.581	1.640	0.909
5323.672	1.640	0.910
5323.750	1.640	0.911
5323.828	1.640	0.915
5323.919	1.641	0.918
5323.998	1.641	0.916
5324.088	1.642	0.915
5324.167	1.642	0.915
5324.244	1.641	0.911
5324.336	1.641	0.910
5324.414	1.642	0.910
5324.505	1.642	0.910
5324.583	1.641	0.910
5324.661	1.644	0.909
5324.752	1.643	0.905
5324.831	1.644	0.901
5324.922	1.644	0.897
5325.000	1.644	0.893
5325.078	1.645	0.888
5325.169	1.645	0.885
5325.248	1.645	0.881
5325.338	1.644	0.880
5325.417	1.645	0.875
5325.494	1.643	0.873
5325.586	1.645	0.869
5325.664	1.645	0.866
5325.755	1.645	0.862
5325.833	1.645	0.855
5325.911	1.644	0.849
5326.002	1.645	0.841
5326.081	1.645	0.834
5326.172	1.645	0.825
5326.250	1.645	0.817
5326.328	1.645	0.809
5326.419	1.645	0.798
5326.498	1.645	0.786
5326.588	1.645	0.772
5326.667	1.645	0.756
5326.744	1.645	0.739
5326.836	1.645	0.721
5326.914	1.645	0.700
5327.005	1.645	0.678
5327.083	1.645	0.655
5327.161	1.645	0.634
5327.252	1.645	0.610
5327.331	1.645	0.590
5327.422	1.645	0.570
5327.500	1.645	0.550
5327.578	1.645	0.531
5327.669	1.645	0.508
5327.748	1.645	0.485
5327.838	1.645	0.462
5327.917	1.645	0.440
5327.994	1.645	0.418
5328.086	1.645	0.397
5328.164	1.645	0.378
5328.255	1.645	0.359
5328.333	1.645	0.340
5328.411	1.645	0.319
5328.502	1.645	0.294
5328.581	1.645	0.271
5328.672	1.645	0.248
5328.750	1.645	0.226
5328.828	1.645	0.209
5328.919	1.645	0.194
5328.998	1.645	0.175
5329.088	1.645	0.157
5329.167	1.645	0.138
5329.244	1.644	0.116
5329.336	1.643	0.096
5329.414	1.644	0.073
5329.505	1.645	0.051
5329.583	1.645	0.029
5329.661	1.645	0.009
5329.752	1.644	-0.009
5329.831	1.645	-0.026
5329.922	1.644	-0.040
5330.000	1.642	-0.051
5330.078	1.643	-0.061
5330.169	1.645	-0.070
5330.248	1.643	-0.082
5330.338	1.642	-0.098
5330.417	1.642	-0.114
5330.494	1.641	-0.130
5330.586	1.641	-0.145
5330.664	1.640	-0.158
5330.755	1.640	-0.169
5330.833	1.640	-0.184
5330.911	1.640	-0.197
5331.002	1.640	-0.210
5331.081	1.641	-0.223
5331.172	1.640	-0.234
5331.250	1.640	-0.243
5331.328	1.640	-0.249
5331.419	1.640	-0.257
5331.498	1.640	-0.265
5331.588	1.640	-0.271
5331.667	1.640	-0.279
5331.744	1.640	-0.282
5331.836	1.640	-0.285
5331.914	1.640	-0.287
5332.005	1.640	-0.283
5332.083	1.640	-0.282
5332.161	1.640	-0.278
5332.252	1.640	-0.275
5332.331	1.640	-0.271
5332.422	1.640	-0.267
5332.500	1.638	-0.261
5332.578	1.639	-0.256
5332.669	1.640	-0.250
5332.748	1.639	-0.247
5332.838	1.640	-0.245
5332.917	1.640	-0.243
5332.994	1.639	-0.242
5333.086	1.638	-0.242
5333.164	1.639	-0.238
5333.255	1.640	-0.230
5333.333	1.637	-0.220
5333.411	1.638	-0.209
5333.502	1.639	-0.194
5333.581	1.639	-0.173
5333.672	1.638	-0.156
5333.750	1.638	-0.136
5333.828	1.638	-0.119
5333.919	1.639	-0.102
5333.998	1.639	-0.092
5334.088	1.637	-0.082
5334.167	1.636	-0.071
5334.244	1.637	-0.062
5334.336	1.639	-0.052
5334.414	1.637	-0.041
5334.505	1.636	-0.030
5334.583	1.637	-0.012
5334.661	1.638	0.002
5334.752	1.637	0.016
5334.831	1.636	0.031
5334.922	1.637	0.046
5335.000	1.637	0.064
5335.078	1.637	0.082
5335.169	1.636	0.101
5335.248	1.637	0.118
5335.338	1.639	0.135
5335.417	1.639	0.155
5335.494	1.640	0.173
5335.586	1.640	0.196
5335.664	1.640	0.220
5335.755	1.640	0.244
5335.833	1.639	0.274
5335.911	1.640	0.299
5336.002	1.640	0.326
5336.081	1.640	0.352
5336.172	1.640	0.379
5336.250	1.640	0.407
5336.328	1.640	0.433
5336.419	1.640	0.455
5336.498	1.640	0.474
5336.588	1.640	0.490
5336.667	1.640	0.508
5336.744	1.640	0.522
5336.836	1.640	0.539
5336.914	1.640	0.554
5337.005	1.640	0.572
5337.083	1.640	0.592
5337.161	1.640	0.611
5337.252	1.640	0.632
5337.331	1.640	0.651
5337.422	1.640	0.669
5337.500	1.640	0.689
5337.578	1.640	0.709
5337.669	1.640	0.728
5337.748	1.641	0.749
5337.838	1.640	0.771
5337.917	1.642	0.790
5337.994	1.641	0.812
5338.086	1.640	0.830
5338.164	1.642	0.852
5338.255	1.645	0.875
5338.333	1.643	0.901
5338.411	1.645	0.923
5338.502	1.643	0.943
5338.581	1.644	0.965
5338.672	1.645	0.985
5338.750	1.645	1.005
5338.828	1.645	1.024
5338.919	1.645	1.040
5338.998	1.645	1.056
5339.075	1.645	1.069
5339.167	1.645	1.079
5339.244	1.645	1.089
5339.336	1.646	1.097
5339.414	1.646	1.106
5339.505	1.645	1.116
5339.583	1.647	1.124
5339.661	1.647	1.132
5339.752	1.647	1.136
5339.831	1.647	1.140
5339.922	1.648	1.144
5340.000	1.649	1.145
5340.078	1.650	1.145
5340.169	1.650	1.145
5340.248	1.650	1.146
5340.338	1.650	1.146
5340.417	1.650	1.146
5340.494	1.650	1.145
5340.586	1.650	1.141
5340.664	1.650	1.135
5340.755	1.649	1.130
5340.833	1.650	1.123
5340.911	1.650	1.117
5341.002	1.650	1.108
5341.081	1.650	1.102
5341.158	1.650	1.096
5341.250	1.650	1.093
5341.328	1.650	1.093
5341.419	1.650	1.094
5341.498	1.650	1.095
5341.588	1.650	1.097
5341.667	1.651	1.095
5341.744	1.651	1.091
5341.836	1.650	1.085
5341.914	1.650	1.078
5342.005	1.650	1.070
5342.083	1.650	1.061
5342.161	1.650	1.052
5342.252	1.650	1.040
5342.331	1.651	1.027
5342.408	1.652	1.016
5342.500	1.650	1.001
5342.578	1.651	0.985
5342.669	1.652	0.971
5342.748	1.651	0.956
5342.838	1.651	0.942
5342.917	1.652	0.926
5342.994	1.653	0.914
5343.086	1.652	0.903
5343.164	1.651	0.892
5343.255	1.650	0.879
5343.333	1.652	0.868
5343.411	1.654	0.854
5343.502	1.655	0.836
5343.581	1.654	0.820
5343.672	1.654	0.802
5343.750	1.655	0.789
5343.828	1.654	0.776
5343.919	1.654	0.758
5343.998	1.655	0.740
5344.075	1.655	0.720
5344.167	1.655	0.696
5344.244	1.655	0.675
5344.336	1.654	0.653
5344.414	1.654	0.632
5344.505	1.655	0.611
5344.583	1.654	0.591
5344.661	1.655	0.570
5344.752	1.655	0.549
5344.831	1.655	0.528
5344.908	1.654	0.508
5345.000	1.655	0.487
5345.078	1.653	0.466
5345.169	1.653	0.446
5345.248	1.655	0.420
5345.338	1.654	0.395
5345.417	1.655	0.369
5345.494	1.654	0.344
5345.586	1.654	0.320
5345.664	1.654	0.299
5345.755	1.653	0.276
5345.833	1.654	0.252
5345.911	1.654	0.229
5346.002	1.654	0.208
5346.081	1.653	0.187
5346.172	1.652	0.169
5346.250	1.654	0.153
5346.328	1.651	0.137
5346.419	1.651	0.122
5346.498	1.652	0.108
5346.575	1.653	0.093
5346.667	1.650	0.074
5346.744	1.650	0.056
5346.836	1.650	0.040
5346.914	1.650	0.022
5347.005	1.650	0.004
5347.083	1.650	-0.013
5347.161	1.650	-0.026
5347.252	1.650	-0.043
5347.331	1.650	-0.057
5347.408	1.650	-0.069
5347.500	1.650	-0.084
5347.578	1.650	-0.100
5347.669	1.650	-0.113
5347.748	1.650	-0.130
5347.825	1.650	-0.147
5347.917	1.650	-0.164
5347.994	1.650	-0.181
5348.086	1.650	-0.193
5348.164	1.650	-0.208
5348.242	1.650	-0.220
5348.333	1.650	-0.237
5348.411	1.649	-0.248
5348.502	1.650	-0.261
5348.581	1.649	-0.273
5348.672	1.650	-0.287
5348.750	1.650	-0.298
5348.828	1.648	-0.308
5348.919	1.650	-0.314
5348.998	1.649	-0.317
5349.088	1.649	-0.319
5349.167	1.648	-0.322
5349.244	1.650	-0.325
5349.336	1.649	-0.328
5349.414	1.647	-0.333
5349.505	1.648	-0.333
5349.583	1.648	-0.333
5349.661	1.648	-0.333
5349.752	1.646	-0.330
5349.831	1.649	-0.333
5349.922	1.648	-0.330
5350.000	1.648	-0.326
5350.078	1.646	-0.322
5350.169	1.645	-0.314
5350.248	1.647	-0.305
5350.338	1.645	-0.294
5350.417	1.645	-0.285
5350.494	1.646	-0.276
5350.586	1.645	-0.265
5350.664	1.646	-0.258
5350.755	1.645	-0.247
5350.833	1.645	-0.237
5350.911	1.645	-0.230
5351.002	1.645	-0.222
5351.081	1.645	-0.215
5351.172	1.646	-0.204
5351.250	1.645	-0.190
5351.328	1.645	-0.171
5351.419	1.645	-0.151
5351.498	1.645	-0.129
5351.588	1.645	-0.105
5351.667	1.645	-0.082
5351.744	1.645	-0.059
5351.836	1.645	-0.040
5351.914	1.646	-0.021
5352.005	1.646	-0.002
5352.083	1.645	0.015
5352.161	1.645	0.034
5352.252	1.645	0.051
5352.331	1.645	0.070
5352.422	1.645	0.089
5352.500	1.645	0.113
5352.578	1.645	0.137
5352.669	1.645	0.162
5352.748	1.646	0.187
5352.838	1.647	0.213
5352.917	1.648	0.238
5352.994	1.645	0.260
5353.086	1.646	0.285
5353.164	1.647	0.312
5353.255	1.648	0.337
5353.333	1.647	0.362
5353.411	1.649	0.389
5353.502	1.649	0.413
5353.581	1.649	0.439
5353.672	1.650	0.469
5353.750	1.650	0.496
5353.828	1.650	0.527
5353.919	1.650	0.559
5353.998	1.650	0.587
5354.075	1.649	0.617
5354.167	1.649	0.644
5354.244	1.650	0.669
5354.336	1.650	0.695
5354.414	1.650	0.723
5354.505	1.650	0.748
5354.583	1.650	0.773
5354.661	1.650	0.799
5354.752	1.650	0.822
5354.831	1.650	0.844
5354.922	1.650	0.868
5355.000	1.650	0.891
5355.078	1.650	0.911
5355.169	1.650	0.934
5355.248	1.650	0.955
5355.338	1.650	0.976
5355.417	1.650	0.999
5355.494	1.651	1.022
5355.586	1.651	1.043
5355.664	1.650	1.062
5355.755	1.651	1.083
5355.833	1.653	1.104
5355.911	1.651	1.124
5356.002	1.654	1.146
5356.081	1.654	1.165
5356.158	1.652	1.187
5356.250	1.655	1.208
5356.328	1.655	1.226
5356.419	1.655	1.242
5356.498	1.655	1.261
5356.575	1.655	1.279
5356.667	1.655	1.295
5356.744	1.654	1.309
5356.836	1.655	1.319
5356.914	1.655	1.329
5357.005	1.655	1.343
5357.083	1.655	1.356
5357.161	1.655	1.369
5357.252	1.655	1.379
5357.331	1.655	1.388
5357.408	1.655	1.400
5357.500	1.655	1.408
5357.578	1.655	1.416
5357.669	1.655	1.423
5357.748	1.655	1.432
5357.825	1.656	1.438
5357.917	1.657	1.446
5357.994	1.657	1.452
5358.086	1.656	1.459
5358.164	1.660	1.466
5358.242	1.659	1.470
5358.333	1.660	1.479
5358.411	1.660	1.481
5358.502	1.660	1.481
5358.581	1.660	1.482
5358.658	1.660	1.485
5358.750	1.661	1.487
5358.828	1.660	1.486
5358.919	1.661	1.486
5358.998	1.660	1.484
5359.075	1.661	1.480
5359.167	1.661	1.476
5359.244	1.663	1.472
5359.336	1.665	1.468
5359.414	1.663	1.464
5359.492	1.664	1.456
5359.583	1.663	1.446
5359.661	1.665	1.434
5359.752	1.665	1.423
5359.831	1.665	1.409
5359.908	1.665	1.394
5360.000	1.665	1.381
5360.078	1.665	1.368
5360.169	1.665	1.355
5360.248	1.665	1.342
5360.325	1.665	1.325
5360.417	1.665	1.308
5360.494	1.665	1.290
5360.586	1.665	1.271
5360.664	1.665	1.253
5360.742	1.665	1.240
5360.833	1.665	1.223
5360.911	1.665	1.200
5361.002	1.665	1.176
5361.081	1.665	1.153
5361.158	1.665	1.129
5361.250	1.665	1.103
5361.328	1.665	1.078
5361.419	1.665	1.057
5361.498	1.665	1.038
5361.575	1.665	1.020
5361.667	1.665	1.003
5361.744	1.665	0.984
5361.836	1.666	0.965
5361.914	1.665	0.946
5362.005	1.666	0.926
5362.083	1.666	0.904
5362.161	1.665	0.880
5362.252	1.665	0.856
5362.331	1.665	0.832
5362.408	1.665	0.811
5362.500	1.665	0.789
5362.578	1.665	0.766
5362.669	1.665	0.744
5362.748	1.665	0.719
5362.825	1.665	0.689
5362.917	1.665	0.664
5362.994	1.665	0.638
5363.086	1.665	0.610
5363.164	1.665	0.585
5363.242	1.665	0.554
5363.333	1.665	0.520
5363.411	1.665	0.491
5363.502	1.665	0.463
5363.581	1.665	0.437
5363.658	1.665	0.412
5363.750	1.665	0.390
5363.828	1.665	0.368
5363.919	1.665	0.346
5363.998	1.665	0.326
5364.075	1.665	0.305
5364.167	1.665	0.285
5364.244	1.665	0.262
5364.336	1.665	0.237
5364.414	1.665	0.215
5364.492	1.665	0.193
5364.583	1.665	0.170
5364.661	1.665	0.149
5364.752	1.665	0.124
5364.831	1.665	0.101
5364.908	1.665	0.079
5365.000	1.665	0.056
5365.078	1.665	0.034
5365.169	1.665	0.011
5365.248	1.665	-0.007
5365.325	1.665	-0.027
5365.417	1.665	-0.045
5365.494	1.665	-0.065
5365.586	1.665	-0.082
5365.664	1.665	-0.099
5365.742	1.665	-0.119
5365.833	1.664	-0.137
5365.911	1.665	-0.158
5366.002	1.664	-0.174
5366.081	1.663	-0.190
5366.158	1.661	-0.208
5366.250	1.662	-0.225
5366.328	1.661	-0.240
5366.419	1.661	-0.256
5366.498	1.660	-0.270
5366.575	1.660	-0.285
5366.667	1.661	-0.300
5366.744	1.660	-0.313
5366.836	1.660	-0.325
5366.914	1.660	-0.337
5366.992	1.660	-0.346
5367.083	1.660	-0.357
5367.161	1.661	-0.367
5367.252	1.662	-0.374
5367.331	1.660	-0.386
5367.408	1.660	-0.392
5367.500	1.659	-0.402
5367.578	1.660	-0.407
5367.669	1.660	-0.412
5367.748	1.660	-0.416
5367.825	1.660	-0.420
5367.917	1.660	-0.422
5367.994	1.660	-0.425
5368.086	1.660	-0.425
5368.164	1.659	-0.426
5368.242	1.659	-0.425
5368.333	1.659	-0.422
5368.411	1.658	-0.416
5368.502	1.658	-0.412
5368.581	1.656	-0.406
5368.658	1.658	-0.402
5368.750	1.656	-0.400
5368.828	1.656	-0.394
5368.919	1.657	-0.390
5368.998	1.656	-0.384
5369.075	1.658	-0.379
5369.167	1.656	-0.373
5369.244	1.657	-0.361
5369.336	1.656	-0.350
5369.414	1.658	-0.335
5369.492	1.656	-0.323
5369.583	1.656	-0.306
5369.661	1.656	-0.287
5369.752	1.655	-0.267
5369.831	1.656	-0.248
5369.908	1.655	-0.229
5370.000	1.655	-0.213
5370.078	1.656	-0.199
5370.169	1.655	-0.185
5370.248	1.655	-0.167
5370.325	1.655	-0.146
5370.417	1.655	-0.122
5370.494	1.655	-0.096
5370.586	1.655	-0.070
5370.664	1.656	-0.042
5370.742	1.655	-0.017
5370.833	1.655	0.009
5370.911	1.655	0.036
5371.002	1.655	0.062
5371.081	1.655	0.088
5371.158	1.655	0.117
5371.250	1.655	0.143
5371.328	1.655	0.172
5371.419	1.655	0.199
5371.498	1.656	0.231
5371.575	1.655	0.260
5371.667	1.656	0.292
5371.744	1.655	0.322
5371.836	1.656	0.351
5371.914	1.657	0.378
5371.992	1.658	0.403
5372.083	1.656	0.434
5372.161	1.657	0.460
5372.252	1.655	0.485
5372.331	1.658	0.508
5372.408	1.658	0.532
5372.500	1.656	0.555
5372.578	1.658	0.580
5372.669	1.659	0.603
5372.748	1.659	0.624
5372.825	1.660	0.646
5372.917	1.659	0.667
5372.994	1.660	0.692
5373.086	1.660	0.716
5373.164	1.660	0.743
5373.242	1.660	0.770
5373.333	1.660	0.801
5373.411	1.660	0.826
5373.502	1.660	0.852
5373.581	1.661	0.882
5373.658	1.661	0.911
5373.750	1.663	0.938
5373.828	1.665	0.969
5373.919	1.665	0.994
5373.998	1.665	1.026
5374.075	1.665	1.060
5374.167	1.665	1.094
5374.244	1.665	1.124
5374.336	1.665	1.152
5374.414	1.665	1.180
5374.492	1.665	1.208
5374.583	1.665	1.234
5374.661	1.665	1.259
5374.752	1.665	1.287
5374.831	1.666	1.312
5374.908	1.666	1.335
5375.000	1.668	1.360
5375.078	1.667	1.382
5375.169	1.668	1.405
5375.248	1.669	1.428
5375.325	1.669	1.448
5375.417	1.670	1.468
5375.494	1.670	1.485
5375.586	1.671	1.502
5375.664	1.671	1.516
5375.742	1.671	1.530
5375.833	1.671	1.541
5375.911	1.671	1.550
5376.002	1.671	1.556
5376.081	1.671	1.562
5376.158	1.671	1.568
5376.250	1.671	1.573
5376.328	1.671	1.575
5376.419	1.671	1.579
5376.498	1.671	1.583
5376.575	1.671	1.585
5376.667	1.671	1.586
5376.744	1.671	1.583
5376.836	1.672	1.583
5376.914	1.672	1.581
5376.992	1.672	1.575
5377.083	1.674	1.573
5377.161	1.674	1.573
5377.252	1.675	1.573
5377.331	1.675	1.573
5377.408	1.676	1.572
5377.500	1.676	1.569
5377.578	1.676	1.568
5377.656	1.676	1.568
5377.748	1.676	1.568
5377.825	1.676	1.571
5377.917	1.676	1.573
5377.994	1.676	1.576
5378.086	1.676	1.580
5378.164	1.676	1.583
5378.242	1.676	1.586
5378.333	1.676	1.587
5378.411	1.676	1.583
5378.502	1.677	1.576
5378.581	1.676	1.569
5378.658	1.677	1.560
5378.750	1.676	1.549
5378.828	1.680	1.537
5378.919	1.680	1.527
5378.998	1.681	1.513
5379.075	1.681	1.504
5379.167	1.681	1.494
5379.244	1.681	1.485
5379.322	1.681	1.473
5379.414	1.681	1.462
5379.492	1.681	1.450
5379.583	1.681	1.433
5379.661	1.681	1.417
5379.739	1.681	1.398
5379.831	1.681	1.375
5379.908	1.681	1.349
5380.000	1.681	1.324
5380.078	1.681	1.299
5380.156	1.681	1.270
5380.248	1.681	1.239
5380.325	1.682	1.213
5380.417	1.681	1.184
5380.494	1.681	1.157
5380.586	1.681	1.131
5380.664	1.681	1.106
5380.742	1.681	1.076
5380.833	1.681	1.045
5380.911	1.682	1.018
5380.989	1.681	0.989
5381.081	1.681	0.958
5381.158	1.682	0.924
5381.250	1.682	0.892
5381.328	1.682	0.861
5381.419	1.681	0.829
5381.498	1.681	0.798
5381.575	1.682	0.768
5381.667	1.682	0.734
5381.744	1.681	0.704
5381.836	1.681	0.676
5381.914	1.681	0.649
5381.992	1.681	0.622
5382.083	1.681	0.593
5382.161	1.681	0.567
5382.239	1.681	0.539
5382.331	1.681	0.510
5382.408	1.681	0.483
5382.500	1.681	0.456
5382.578	1.681	0.430
5382.669	1.681	0.402
5382.748	1.681	0.378
5382.825	1.681	0.355
5382.917	1.681	0.327
5382.994	1.681	0.301
5383.086	1.681	0.275
5383.164	1.681	0.246
5383.242	1.681	0.216
5383.333	1.681	0.187
5383.411	1.681	0.162
5383.502	1.681	0.136
5383.581	1.681	0.115
5383.658	1.681	0.089
5383.750	1.681	0.064
5383.828	1.681	0.039
5383.906	1.680	0.015
5383.998	1.681	-0.009
5384.075	1.681	-0.034
5384.167	1.681	-0.058
5384.244	1.681	-0.080
5384.336	1.680	-0.102
5384.414	1.681	-0.123
5384.492	1.679	-0.145
5384.583	1.678	-0.165
5384.661	1.678	-0.187
5384.739	1.676	-0.209
5384.831	1.678	-0.232
5384.908	1.676	-0.251
5385.000	1.676	-0.269
5385.078	1.676	-0.285
5385.169	1.676	-0.302
5385.248	1.676	-0.318
5385.325	1.676	-0.333
5385.417	1.676	-0.350
5385.494	1.676	-0.364
5385.586	1.676	-0.376
5385.664	1.676	-0.390
5385.742	1.676	-0.402
5385.833	1.676	-0.415
5385.911	1.676	-0.429
5386.002	1.676	-0.441
5386.081	1.676	-0.449
5386.158	1.676	-0.454
5386.250	1.676	-0.458
5386.328	1.676	-0.463
5386.406	1.676	-0.468
5386.498	1.676	-0.473
5386.575	1.676	-0.480
5386.667	1.675	-0.483
5386.744	1.675	-0.486
5386.822	1.676	-0.486
5386.914	1.674	-0.486
5386.992	1.674	-0.486
5387.083	1.672	-0.481
5387.161	1.673	-0.476
5387.252	1.675	-0.472
5387.331	1.675	-0.464
5387.408	1.673	-0.452
5387.500	1.674	-0.443
5387.578	1.672	-0.432
5387.669	1.671	-0.418
5387.748	1.673	-0.402
5387.825	1.675	-0.385
5387.917	1.675	-0.365
5387.994	1.671	-0.343
5388.072	1.675	-0.323
5388.164	1.672	-0.305
5388.242	1.672	-0.286
5388.333	1.672	-0.266
5388.411	1.671	-0.245
5388.489	1.671	-0.226
5388.581	1.671	-0.210
5388.658	1.671	-0.195
5388.750	1.671	-0.178
5388.828	1.671	-0.165
5388.906	1.671	-0.153
5388.998	1.671	-0.139
5389.075	1.671	-0.123
5389.167	1.671	-0.106
5389.244	1.671	-0.085
5389.322	1.671	-0.063
5389.414	1.671	-0.040
5389.492	1.671	-0.015
5389.583	1.671	0.016
5389.661	1.671	0.046
5389.739	1.674	0.074
5389.831	1.671	0.106
5389.908	1.671	0.135
5390.000	1.671	0.164
5390.078	1.672	0.189
5390.169	1.671	0.215
5390.248	1.673	0.241
5390.325	1.671	0.267
5390.417	1.672	0.296
5390.494	1.671	0.327
5390.572	1.673	0.361
5390.664	1.675	0.393
5390.742	1.675	0.423
5390.833	1.675	0.452
5390.911	1.675	0.480
5390.989	1.676	0.505
5391.081	1.676	0.536
5391.158	1.676	0.566
5391.250	1.676	0.597
5391.328	1.676	0.627
5391.406	1.676	0.658
5391.498	1.676	0.691
5391.575	1.676	0.725
5391.667	1.676	0.760
5391.744	1.676	0.791
5391.836	1.676	0.821
5391.914	1.676	0.852
5391.992	1.676	0.881
5392.083	1.676	0.908
5392.161	1.676	0.937
5392.239	1.676	0.960
5392.331	1.676	0.986
5392.408	1.676	1.015
5392.500	1.678	1.043
5392.578	1.679	1.075
5392.656	1.678	1.106
5392.748	1.678	1.143
5392.825	1.681	1.179
5392.917	1.681	1.218
5392.994	1.681	1.256
5393.072	1.681	1.293
5393.164	1.681	1.327
5393.242	1.681	1.358
5393.333	1.681	1.389
5393.411	1.681	1.416
5393.489	1.681	1.441
5393.581	1.681	1.461
5393.658	1.682	1.484
5393.750	1.682	1.504
5393.828	1.684	1.524
5393.919	1.685	1.542
5393.998	1.682	1.563
5394.075	1.685	1.581
5394.167	1.684	1.599
5394.244	1.686	1.617
5394.336	1.686	1.633
5394.414	1.686	1.649
5394.492	1.686	1.670
5394.583	1.686	1.689
5394.661	1.686	1.707
5394.739	1.687	1.722
5394.831	1.687	1.736
5394.908	1.687	1.753
5395.000	1.690	1.764
5395.078	1.689	1.778
5395.169	1.691	1.790
5395.248	1.691	1.805
5395.325	1.691	1.818
5395.417	1.691	1.829
5395.494	1.691	1.843
5395.572	1.691	1.855
5395.664	1.691	1.865
5395.742	1.692	1.874
5395.833	1.692	1.882
5395.911	1.692	1.888
5395.989	1.693	1.896
5396.081	1.694	1.901
5396.158	1.696	1.908
5396.250	1.696	1.914
5396.328	1.696	1.919
5396.406	1.696	1.924
5396.498	1.696	1.925
5396.575	1.696	1.922
5396.667	1.696	1.919
5396.744	1.696	1.915
5396.836	1.696	1.914
5396.914	1.696	1.911
5396.992	1.696	1.904
5397.083	1.696	1.896
5397.161	1.697	1.885
5397.239	1.697	1.873
5397.331	1.696	1.856
5397.408	1.698	1.838
5397.500	1.698	1.821
5397.578	1.699	1.803
5397.656	1.699	1.784
5397.748	1.700	1.767
5397.825	1.700	1.750
5397.917	1.699	1.730
5397.994	1.701	1.709
5398.072	1.700	1.691
5398.164	1.701	1.672
5398.242	1.701	1.654
5398.333	1.701	1.632
5398.411	1.699	1.612
5398.489	1.701	1.589
5398.581	1.701	1.564
5398.658	1.701	1.542
5398.750	1.701	1.515
5398.828	1.701	1.490
5398.906	1.701	1.465
5398.998	1.703	1.439
5399.075	1.701	1.417
5399.167	1.701	1.394
5399.244	1.703	1.371
5399.322	1.702	1.347
5399.414	1.701	1.321
5399.492	1.702	1.294
5399.583	1.703	1.267
5399.661	1.705	1.242
5399.739	1.704	1.219
5399.831	1.705	1.193
5399.908	1.706	1.165
5400.000	1.704	1.144
5400.078	1.703	1.120
5400.156	1.705	1.093
5400.260	1.704	1.067
5400.325	1.702	1.039
5400.417	1.706	1.013
5400.494	1.705	0.987
5400.572	1.705	0.960
5400.664	1.705	0.933
5400.742	1.706	0.903
5400.833	1.705	0.871
5400.911	1.705	0.837
5400.989	1.706	0.805
5401.081	1.705	0.768
5401.158	1.705	0.733
5401.250	1.705	0.697
5401.328	1.706	0.663
5401.419	1.705	0.630
5401.498	1.704	0.598
5401.575	1.705	0.570
5401.667	1.702	0.541
5401.744	1.703	0.512
5401.822	1.702	0.485
5401.914	1.702	0.457
5401.992	1.703	0.424
5402.083	1.705	0.393
5402.161	1.703	0.362
5402.239	1.702	0.328
5402.331	1.701	0.296
5402.408	1.702	0.265
5402.500	1.701	0.234
5402.578	1.701	0.206
5402.656	1.702	0.175
5402.748	1.701	0.146
5402.825	1.701	0.113
5402.917	1.701	0.084
5402.994	1.701	0.057
5403.072	1.701	0.033
5403.164	1.701	0.011
5403.242	1.701	-0.011
5403.333	1.701	-0.033
5403.411	1.701	-0.052
5403.489	1.701	-0.072
5403.581	1.699	-0.091
5403.658	1.701	-0.109
5403.750	1.701	-0.130
5403.828	1.701	-0.149
5403.906	1.698	-0.169
5403.998	1.698	-0.187
5404.075	1.696	-0.206
5404.167	1.698	-0.229
5404.244	1.696	-0.248
5404.336	1.696	-0.265
5404.414	1.697	-0.283
5404.492	1.696	-0.297
5404.583	1.696	-0.315
5404.661	1.696	-0.328
5404.739	1.696	-0.344
5404.831	1.696	-0.359
5404.908	1.696	-0.370
5405.000	1.696	-0.377
5405.078	1.696	-0.387
5405.169	1.696	-0.394
5405.248	1.696	-0.401
5405.325	1.696	-0.407
5405.417	1.696	-0.415
5405.494	1.696	-0.418
5405.572	1.696	-0.423
5405.664	1.696	-0.425
5405.742	1.696	-0.425
5405.833	1.696	-0.425
5405.911	1.696	-0.423
5405.989	1.696	-0.419
5406.081	1.696	-0.415
5406.158	1.696	-0.408
5406.250	1.696	-0.401
5406.328	1.695	-0.391
5406.406	1.696	-0.381
5406.498	1.696	-0.373
5406.575	1.696	-0.364
5406.667	1.696	-0.355
5406.744	1.696	-0.345
5406.822	1.695	-0.333
5406.914	1.693	-0.320
5406.992	1.694	-0.305
5407.083	1.694	-0.291
5407.161	1.694	-0.275
5407.239	1.695	-0.260
5407.331	1.693	-0.240
5407.408	1.694	-0.220
5407.500	1.693	-0.200
5407.578	1.692	-0.182
5407.656	1.691	-0.160
5407.748	1.692	-0.140
5407.825	1.694	-0.116
5407.917	1.691	-0.090
5407.994	1.693	-0.066
5408.086	1.692	-0.036
5408.164	1.694	-0.009
5408.242	1.694	0.021
5408.333	1.693	0.051
5408.411	1.692	0.087
5408.489	1.695	0.117
5408.581	1.693	0.153
5408.658	1.694	0.184
5408.750	1.693	0.214
5408.828	1.693	0.246
5408.919	1.695	0.279
5408.998	1.695	0.311
5409.075	1.694	0.342
5409.167	1.695	0.372
5409.244	1.696	0.403
5409.322	1.694	0.435
5409.414	1.695	0.469
5409.492	1.696	0.500
5409.583	1.696	0.533
5409.661	1.695	0.564
5409.739	1.696	0.595
5409.831	1.696	0.624
5409.908	1.696	0.652
5410.000	1.696	0.678
5410.078	1.696	0.709
5410.156	1.696	0.737
5410.248	1.696	0.766
5410.325	1.696	0.801
5410.417	1.696	0.832
5410.494	1.696	0.867
5410.572	1.696	0.901
5410.664	1.696	0.937
5410.742	1.696	0.970
5410.833	1.696	1.006
5410.911	1.697	1.040
5411.002	1.696	1.074
5411.081	1.697	1.109
5411.158	1.698	1.142
5411.250	1.699	1.175
5411.328	1.699	1.211
5411.406	1.700	1.245
5411.498	1.699	1.278
5411.575	1.701	1.310
5411.667	1.701	1.345
5411.744	1.701	1.381
5411.822	1.701	1.416
5411.914	1.701	1.455
5411.992	1.703	1.494
5412.083	1.703	1.530
5412.161	1.705	1.561
5412.239	1.705	1.596
5412.331	1.705	1.626
5412.408	1.706	1.657
5412.500	1.706	1.691
5412.578	1.706	1.727
5412.656	1.706	1.764
5412.748	1.706	1.795
5412.825	1.706	1.830
5412.917	1.706	1.865
5412.994	1.706	1.897
5413.072	1.706	1.927
5413.164	1.708	1.956
5413.242	1.710	1.980
5413.333	1.710	2.005
5413.411	1.711	2.032
5413.489	1.711	2.058
5413.581	1.711	2.083
5413.658	1.711	2.103
5413.750	1.711	2.125
5413.828	1.711	2.144
5413.906	1.711	2.162
5413.998	1.713	2.179
5414.075	1.712	2.194
5414.167	1.716	2.210
5414.244	1.716	2.223
5414.322	1.716	2.235
5414.414	1.716	2.246
5414.492	1.716	2.256
5414.583	1.716	2.267
5414.661	1.716	2.275
5414.739	1.716	2.284
5414.831	1.716	2.292
5414.908	1.716	2.301
5415.000	1.716	2.308
5415.078	1.716	2.312
5415.156	1.716	2.316
5415.248	1.716	2.317
5415.325	1.716	2.317
5415.417	1.717	2.314
5415.494	1.720	2.309
5415.572	1.722	2.300
5415.664	1.721	2.292
5415.742	1.722	2.285
5415.833	1.722	2.276
5415.911	1.722	2.268
5415.989	1.722	2.258
5416.081	1.722	2.245
5416.158	1.722	2.231
5416.250	1.722	2.218
5416.328	1.724	2.206
5416.406	1.722	2.194
5416.498	1.724	2.182
5416.575	1.724	2.171
5416.667	1.724	2.161
5416.744	1.724	2.151
5416.822	1.725	2.139
5416.914	1.726	2.126
5416.992	1.727	2.114
5417.083	1.727	2.099
5417.161	1.727	2.084
5417.239	1.727	2.070
5417.331	1.727	2.051
5417.408	1.727	2.033
5417.500	1.727	2.013
5417.578	1.727	1.992
5417.656	1.727	1.969
5417.748	1.729	1.944
5417.825	1.730	1.917
5417.917	1.731	1.889
5417.994	1.732	1.861
5418.072	1.731	1.830
5418.164	1.732	1.797
5418.242	1.732	1.764
5418.333	1.731	1.730
5418.411	1.732	1.697
5418.489	1.732	1.662
5418.581	1.732	1.626
5418.658	1.732	1.592
5418.750	1.732	1.557
5418.828	1.732	1.522
5418.906	1.732	1.487
5418.998	1.732	1.449
5419.075	1.732	1.413
5419.167	1.732	1.377
5419.244	1.732	1.342
5419.322	1.732	1.309
5419.414	1.732	1.271
5419.492	1.732	1.232
5419.583	1.732	1.191
5419.661	1.732	1.146
5419.739	1.732	1.101
5419.831	1.732	1.058
5419.908	1.732	1.015
5420.000	1.732	0.971
5420.078	1.732	0.931
5420.156	1.732	0.891
5420.248	1.732	0.856
5420.325	1.732	0.817
5420.417	1.732	0.780
5420.494	1.732	0.743
5420.572	1.732	0.708
5420.664	1.732	0.677
5420.742	1.732	0.649
5420.833	1.732	0.618
5420.911	1.732	0.590
5420.989	1.732	0.561
5421.081	1.732	0.531
5421.158	1.732	0.504
5421.250	1.732	0.474
5421.328	1.731	0.443
5421.406	1.731	0.409
5421.498	1.731	0.378
5421.575	1.732	0.347
5421.667	1.731	0.320
5421.744	1.732	0.290
5421.822	1.729	0.260
5421.914	1.730	0.230
5421.992	1.731	0.199
5422.083	1.728	0.169
5422.161	1.731	0.138
5422.239	1.730	0.107
5422.331	1.730	0.082
5422.408	1.729	0.051
5422.500	1.728	0.026
5422.578	1.727	-0.005
5422.656	1.727	-0.034
5422.748	1.729	-0.060
5422.825	1.727	-0.083
5422.917	1.728	-0.107
5422.994	1.727	-0.132
5423.072	1.727	-0.153
5423.164	1.727	-0.175
5423.242	1.727	-0.194
5423.333	1.727	-0.214
5423.411	1.727	-0.233
5423.489	1.727	-0.252
5423.581	1.727	-0.271
5423.658	1.727	-0.286
5423.750	1.727	-0.300
5423.828	1.727	-0.316
5423.906	1.726	-0.331
5423.998	1.726	-0.346
5424.075	1.726	-0.364
5424.167	1.726	-0.383
5424.244	1.727	-0.402
5424.322	1.725	-0.418
5424.414	1.724	-0.435
5424.492	1.723	-0.452
5424.583	1.722	-0.468
5424.661	1.722	-0.480
5424.739	1.723	-0.490
5424.831	1.722	-0.497
5424.908	1.724	-0.506
5425.000	1.722	-0.514
5425.078	1.722	-0.522
5425.156	1.722	-0.527
5425.248	1.722	-0.527
5425.325	1.722	-0.526
5425.417	1.722	-0.522
5425.494	1.722	-0.516
5425.572	1.722	-0.509
5425.664	1.722	-0.507
5425.742	1.722	-0.500
5425.833	1.722	-0.497
5425.911	1.722	-0.493
5425.989	1.722	-0.489
5426.081	1.722	-0.485
5426.158	1.722	-0.479
5426.250	1.722	-0.471
5426.328	1.722	-0.460
5426.406	1.722	-0.447
5426.498	1.722	-0.435
5426.575	1.722	-0.418
5426.667	1.721	-0.404
5426.744	1.722	-0.390
5426.822	1.720	-0.376
5426.914	1.721	-0.363
5426.992	1.722	-0.346
5427.083	1.722	-0.329
5427.161	1.717	-0.310
5427.239	1.721	-0.288
5427.331	1.721	-0.265
5427.408	1.719	-0.244
5427.500	1.721	-0.222
5427.578	1.721	-0.199
5427.656	1.719	-0.175
5427.748	1.719	-0.148
5427.825	1.720	-0.124
5427.917	1.719	-0.099
5427.994	1.720	-0.073
5428.072	1.719	-0.048
5428.164	1.721	-0.020
5428.242	1.721	0.011
5428.333	1.719	0.039
5428.411	1.720	0.067
5428.489	1.721	0.096
5428.581	1.719	0.123
5428.658	1.722	0.151
5428.750	1.722	0.178
5428.828	1.720	0.207
5428.906	1.722	0.237
5428.998	1.721	0.271
5429.075	1.722	0.302
5429.167	1.722	0.337
5429.244	1.722	0.372
5429.322	1.722	0.409
5429.414	1.722	0.448
5429.492	1.722	0.487
5429.583	1.722	0.527
5429.661	1.722	0.571
5429.739	1.722	0.619
5429.831	1.722	0.665
5429.908	1.722	0.710
5430.000	1.722	0.755
5430.078	1.722	0.796
5430.156	1.722	0.839
5430.248	1.722	0.879
5430.325	1.723	0.915
5430.417	1.725	0.954
5430.494	1.724	0.989
5430.572	1.724	1.028
5430.664	1.726	1.067
5430.742	1.725	1.103
5430.833	1.726	1.137
5430.911	1.726	1.169
5430.989	1.727	1.202
5431.081	1.727	1.230
5431.158	1.727	1.259
5431.250	1.727	1.291
5431.328	1.727	1.324
5431.406	1.728	1.357
5431.498	1.727	1.387
5431.575	1.727	1.417
5431.667	1.727	1.448
5431.744	1.730	1.479
5431.822	1.732	1.509
5431.914	1.732	1.544
5431.992	1.732	1.581
5432.083	1.732	1.618
5432.161	1.732	1.651
5432.239	1.732	1.688
5432.331	1.732	1.725
5432.408	1.733	1.761
5432.500	1.732	1.799
5432.578	1.732	1.835
5432.656	1.732	1.871
5432.748	1.735	1.902
5432.825	1.735	1.932
5432.917	1.736	1.964
5432.994	1.736	1.998
5433.072	1.737	2.032
5433.164	1.737	2.063
5433.242	1.737	2.090
5433.333	1.737	2.117
5433.411	1.737	2.139
5433.489	1.737	2.162
5433.581	1.737	2.180
5433.658	1.738	2.196
5433.750	1.739	2.211
5433.828	1.738	2.227
5433.906	1.738	2.241
5433.998	1.741	2.258
5434.075	1.742	2.275
5434.167	1.741	2.293
5434.244	1.742	2.310
5434.322	1.742	2.324
5434.414	1.744	2.338
5434.492	1.742	2.351
5434.583	1.745	2.362
5434.661	1.745	2.372
5434.739	1.746	2.382
5434.831	1.747	2.395
5434.908	1.747	2.410
5435.000	1.747	2.422
5435.078	1.747	2.431
5435.156	1.747	2.441
5435.248	1.747	2.444
5435.325	1.747	2.448
5435.417	1.747	2.450
5435.494	1.749	2.450
5435.572	1.747	2.450
5435.664	1.750	2.449
5435.742	1.751	2.450
5435.833	1.752	2.450
5435.911	1.752	2.455
5435.989	1.752	2.461
5436.081	1.752	2.465
5436.158	1.751	2.465
5436.250	1.752	2.466
5436.328	1.753	2.463
5436.406	1.752	2.460
5436.498	1.753	2.458
5436.575	1.754	2.455
5436.667	1.755	2.450
5436.744	1.756	2.450
5436.822	1.755	2.449
5436.914	1.755	2.444
5436.992	1.756	2.439
5437.070	1.757	2.431
5437.161	1.756	2.418
5437.239	1.757	2.406
5437.331	1.757	2.393
5437.408	1.757	2.380
5437.500	1.757	2.365
5437.578	1.757	2.348
5437.656	1.757	2.333
5437.748	1.757	2.319
5437.825	1.757	2.304
5437.917	1.758	2.286
5437.994	1.758	2.266
5438.072	1.758	2.246
5438.164	1.759	2.226
5438.242	1.761	2.207
5438.333	1.761	2.190
5438.411	1.761	2.168
5438.489	1.761	2.142
5438.581	1.762	2.116
5438.658	1.762	2.087
5438.750	1.762	2.056
5438.828	1.762	2.025
5438.906	1.762	1.993
5438.998	1.762	1.963
5439.075	1.762	1.929
5439.153	1.762	1.892
5439.244	1.762	1.854
5439.322	1.762	1.816
5439.414	1.762	1.775
5439.492	1.762	1.735
5439.583	1.763	1.694
5439.661	1.762	1.655
5439.739	1.762	1.617
5439.831	1.763	1.580
5439.908	1.763	1.542
5440.000	1.764	1.504
5440.078	1.763	1.466
5440.156	1.764	1.429
5440.248	1.765	1.391
5440.325	1.765	1.353
5440.417	1.765	1.313
5440.494	1.763	1.277
5440.572	1.765	1.241
5440.664	1.764	1.207
5440.742	1.764	1.172
5440.820	1.766	1.137
5440.911	1.763	1.102
5440.989	1.764	1.070
5441.081	1.765	1.035
5441.158	1.763	1.004
5441.250	1.765	0.973
5441.328	1.762	0.943
5441.406	1.763	0.909
5441.498	1.765	0.879
5441.575	1.766	0.847
5441.667	1.764	0.815
5441.744	1.763	0.782
5441.822	1.766	0.750
5441.914	1.763	0.719
5441.992	1.765	0.689
5442.083	1.763	0.660
5442.161	1.762	0.633
5442.239	1.763	0.602
5442.331	1.762	0.570
5442.408	1.762	0.533
5442.500	1.762	0.500
5442.578	1.762	0.468
5442.656	1.762	0.435
5442.748	1.762	0.401
5442.825	1.762	0.367
5442.917	1.762	0.332
5442.994	1.762	0.300
5443.072	1.762	0.264
5443.164	1.762	0.229
5443.242	1.762	0.199
5443.320	1.762	0.169
5443.411	1.762	0.141
5443.489	1.762	0.113
5443.581	1.762	0.087
5443.658	1.762	0.061
5443.750	1.762	0.034
5443.828	1.762	0.007
5443.906	1.761	-0.018
5443.998	1.761	-0.043
5444.075	1.761	-0.074
5444.167	1.761	-0.102
5444.244	1.762	-0.128
5444.322	1.761	-0.153
5444.414	1.761	-0.176
5444.492	1.761	-0.199
5444.583	1.761	-0.220
5444.661	1.760	-0.241
5444.739	1.758	-0.259
5444.831	1.760	-0.276
5444.908	1.758	-0.294
5445.000	1.760	-0.308
5445.078	1.757	-0.322
5445.156	1.758	-0.333
5445.248	1.757	-0.345
5445.325	1.757	-0.356
5445.417	1.757	-0.364
5445.494	1.757	-0.371
5445.572	1.757	-0.376
5445.664	1.757	-0.382
5445.742	1.757	-0.389
5445.833	1.757	-0.396
5445.911	1.757	-0.405
5445.989	1.757	-0.412
5446.081	1.757	-0.423
5446.158	1.757	-0.428
5446.250	1.757	-0.435
5446.328	1.757	-0.440
5446.406	1.757	-0.443
5446.498	1.757	-0.447
5446.575	1.757	-0.452
5446.667	1.757	-0.455
5446.744	1.757	-0.456
5446.822	1.756	-0.459
5446.914	1.757	-0.463
5446.992	1.757	-0.466
5447.083	1.757	-0.465
5447.161	1.757	-0.463
5447.239	1.757	-0.458
5447.331	1.757	-0.452
5447.408	1.755	-0.444
5447.500	1.755	-0.433
5447.578	1.756	-0.417
5447.656	1.754	-0.402
5447.748	1.757	-0.384
5447.825	1.755	-0.367
5447.917	1.755	-0.352
5447.994	1.756	-0.332
5448.072	1.755	-0.313
5448.164	1.755	-0.290
5448.242	1.753	-0.267
5448.320	1.753	-0.244
5448.411	1.754	-0.224
5448.489	1.753	-0.206
5448.581	1.755	-0.186
5448.658	1.752	-0.164
5448.750	1.753	-0.141
5448.828	1.753	-0.120
5448.906	1.752	-0.096
5448.998	1.753	-0.075
5449.075	1.753	-0.045
5449.167	1.752	-0.018
5449.244	1.752	0.011
5449.322	1.752	0.036
5449.414	1.754	0.067
5449.492	1.753	0.098
5449.583	1.755	0.133
5449.661	1.754	0.168
5449.739	1.755	0.201
5449.831	1.755	0.238
5449.908	1.756	0.273
5450.000	1.757	0.310
5450.078	1.755	0.345
5450.156	1.756	0.384
5450.248	1.757	0.422
5450.325	1.757	0.458
5450.403	1.757	0.494
5450.494	1.757	0.530
5450.572	1.757	0.565
5450.664	1.757	0.597
5450.742	1.757	0.632
5450.833	1.757	0.665
5450.911	1.757	0.700
5450.989	1.757	0.734
5451.081	1.757	0.769
5451.158	1.757	0.807
5451.237	1.757	0.847
5451.328	1.757	0.888
5451.406	1.757	0.930
5451.498	1.757	0.971
5451.575	1.757	1.013
5451.653	1.757	1.053
5451.744	1.757	1.094
5451.822	1.757	1.133
5451.914	1.757	1.174
5451.992	1.757	1.216
5452.070	1.758	1.254
5452.161	1.761	1.297
5452.239	1.761	1.338
5452.331	1.762	1.379
5452.408	1.762	1.422
5452.487	1.762	1.462
5452.578	1.762	1.500
5452.656	1.762	1.537
5452.748	1.762	1.578
5452.825	1.762	1.615
5452.903	1.762	1.652
5452.994	1.763	1.692
5453.072	1.765	1.730
5453.164	1.767	1.767
5453.242	1.767	1.803
5453.320	1.767	1.842
5453.411	1.767	1.881
5453.489	1.767	1.914
5453.581	1.767	1.947
5453.658	1.767	1.978
5453.737	1.767	2.010
5453.828	1.768	2.039
5453.906	1.768	2.066
5453.998	1.770	2.095
5454.075	1.772	2.124
5454.153	1.772	2.155
5454.244	1.772	2.186
5454.322	1.772	2.218
5454.414	1.772	2.248
5454.492	1.772	2.275
5454.570	1.772	2.297
5454.661	1.772	2.320
5454.739	1.772	2.341
5454.831	1.772	2.358
5454.908	1.772	2.375
5454.987	1.774	2.390
5455.078	1.777	2.405
5455.156	1.778	2.422
5455.248	1.778	2.438
5455.325	1.778	2.454
5455.403	1.778	2.469
5455.494	1.778	2.485
5455.572	1.778	2.502
5455.664	1.778	2.518
5455.742	1.778	2.534
5455.820	1.781	2.546
5455.911	1.782	2.557
5455.989	1.783	2.568
5456.081	1.783	2.576
5456.158	1.783	2.585
5456.237	1.783	2.593
5456.328	1.783	2.602
5456.406	1.784	2.608
5456.498	1.784	2.610
5456.575	1.786	2.614
5456.653	1.785	2.618
5456.744	1.787	2.618
5456.822	1.787	2.622
5456.914	1.788	2.622
5456.992	1.788	2.623
5457.070	1.788	2.621
5457.161	1.788	2.616
5457.239	1.788	2.610
5457.331	1.788	2.604
5457.408	1.789	2.594
5457.487	1.788	2.588
5457.578	1.790	2.580
5457.656	1.790	2.573
5457.748	1.792	2.572
5457.825	1.793	2.571
5457.903	1.793	2.568
5457.994	1.793	2.567
5458.072	1.793	2.566
5458.164	1.793	2.562
5458.242	1.793	2.553
5458.320	1.793	2.547
5458.411	1.794	2.536
5458.489	1.794	2.524
5458.581	1.795	2.510
5458.658	1.796	2.493
5458.737	1.797	2.476
5458.828	1.796	2.456
5458.906	1.798	2.439
5458.998	1.798	2.420
5459.075	1.798	2.395
5459.153	1.798	2.371
5459.244	1.798	2.345
5459.322	1.798	2.320
5459.414	1.798	2.295
5459.492	1.798	2.269
5459.570	1.798	2.238
5459.661	1.798	2.207
5459.739	1.798	2.174
5459.831	1.798	2.141
5459.908	1.798	2.111
5459.987	1.798	2.080
5460.078	1.798	2.049
5460.156	1.798	2.019
5460.248	1.798	1.988
5460.325	1.798	1.960
5460.403	1.798	1.929
5460.494	1.798	1.899
5460.572	1.798	1.869
5460.664	1.800	1.835
5460.742	1.798	1.805
5460.820	1.799	1.778
5460.911	1.800	1.749
5460.989	1.801	1.722
5461.081	1.801	1.694
5461.158	1.801	1.669
5461.237	1.801	1.643
5461.328	1.801	1.617
5461.406	1.801	1.589
5461.498	1.801	1.559
5461.575	1.803	1.529
5461.653	1.803	1.499
5461.744	1.802	1.468
5461.822	1.803	1.434
5461.914	1.803	1.397
5461.992	1.803	1.366
5462.070	1.803	1.331
5462.161	1.803	1.298
5462.239	1.803	1.264
5462.331	1.803	1.231
5462.408	1.803	1.194
5462.487	1.803	1.157
5462.578	1.802	1.119
5462.656	1.802	1.079
5462.748	1.803	1.040
5462.825	1.803	1.002
5462.903	1.802	0.963
5462.994	1.803	0.923
5463.072	1.802	0.884
5463.164	1.803	0.844
5463.242	1.803	0.807
5463.320	1.802	0.766
5463.411	1.802	0.722
5463.489	1.802	0.680
5463.581	1.803	0.642
5463.658	1.801	0.600
5463.737	1.802	0.564
5463.828	1.801	0.530
5463.906	1.802	0.495
5463.998	1.800	0.462
5464.075	1.799	0.427
5464.153	1.801	0.392
5464.244	1.798	0.357
5464.322	1.798	0.326
5464.414	1.800	0.296
5464.492	1.798	0.265
5464.570	1.798	0.239
5464.661	1.798	0.216
5464.739	1.799	0.195
5464.831	1.799	0.175
5464.908	1.798	0.155
5464.987	1.798	0.139
5465.078	1.798	0.120
5465.156	1.798	0.100
5465.248	1.798	0.078
5465.325	1.798	0.058
5465.403	1.798	0.036
5465.494	1.798	0.014
5465.572	1.798	-0.009
5465.664	1.798	-0.033
5465.742	1.798	-0.056
5465.820	1.798	-0.078
5465.911	1.798	-0.097
5465.989	1.798	-0.117
5466.081	1.798	-0.138
5466.158	1.798	-0.158
5466.237	1.798	-0.174
5466.328	1.798	-0.191
5466.406	1.798	-0.204
5466.498	1.798	-0.217
5466.575	1.798	-0.228
5466.653	1.798	-0.238
5466.744	1.798	-0.247
5466.822	1.798	-0.254
5466.914	1.798	-0.262
5466.992	1.798	-0.267
5467.070	1.798	-0.274
5467.161	1.798	-0.282
5467.239	1.798	-0.290
5467.331	1.798	-0.296
5467.408	1.798	-0.302
5467.487	1.798	-0.307
5467.578	1.798	-0.311
5467.656	1.797	-0.320
5467.748	1.796	-0.325
5467.825	1.798	-0.334
5467.903	1.798	-0.344
5467.994	1.798	-0.355
5468.072	1.798	-0.367
5468.164	1.796	-0.378
5468.242	1.797	-0.387
5468.320	1.795	-0.395
5468.411	1.796	-0.395
5468.489	1.795	-0.394
5468.581	1.794	-0.390
5468.658	1.793	-0.384
5468.737	1.793	-0.376
5468.828	1.793	-0.370
5468.906	1.794	-0.362
5468.998	1.794	-0.357
5469.075	1.793	-0.351
5469.153	1.794	-0.344
5469.244	1.793	-0.339
5469.322	1.793	-0.331
5469.414	1.793	-0.323
5469.492	1.793	-0.313
5469.570	1.793	-0.304
5469.661	1.793	-0.292
5469.739	1.793	-0.278
5469.831	1.793	-0.262
5469.908	1.793	-0.247
5469.987	1.793	-0.229
5470.078	1.793	-0.213
5470.156	1.793	-0.193
5470.248	1.793	-0.173
5470.325	1.793	-0.150
5470.403	1.793	-0.125
5470.494	1.793	-0.100
5470.572	1.793	-0.073
5470.664	1.793	-0.049
5470.742	1.793	-0.028
5470.820	1.793	-0.005
5470.911	1.793	0.018
5470.989	1.793	0.043
5471.081	1.793	0.068
5471.158	1.793	0.093
5471.237	1.793	0.122
5471.328	1.793	0.148
5471.406	1.793	0.179
5471.498	1.793	0.209
5471.575	1.793	0.240
5471.653	1.793	0.276
5471.744	1.794	0.308
5471.822	1.793	0.344
5471.914	1.793	0.380
5471.992	1.795	0.415
5472.070	1.794	0.449
5472.161	1.794	0.485
5472.239	1.793	0.520
5472.331	1.793	0.555
5472.408	1.793	0.588
5472.487	1.795	0.622
5472.578	1.793	0.652
5472.656	1.794	0.683
5472.748	1.795	0.710
5472.825	1.797	0.741
5472.903	1.795	0.771
5472.994	1.795	0.801
5473.072	1.797	0.832
5473.164	1.798	0.865
5473.242	1.798	0.897
5473.320	1.798	0.928
5473.411	1.798	0.959
5473.489	1.798	0.989
5473.581	1.798	1.021
5473.658	1.798	1.060
5473.737	1.798	1.097
5473.828	1.798	1.135
5473.906	1.798	1.170
5473.998	1.798	1.211
5474.075	1.798	1.251
5474.153	1.798	1.290
5474.244	1.798	1.327
5474.322	1.798	1.366
5474.414	1.799	1.401
5474.492	1.801	1.434
5474.570	1.798	1.463
5474.661	1.798	1.489
5474.739	1.801	1.514
5474.831	1.801	1.540
5474.908	1.802	1.564
5474.987	1.801	1.589
5475.078	1.803	1.614
5475.156	1.803	1.638
5475.248	1.803	1.669
5475.325	1.803	1.699
5475.403	1.803	1.728
5475.494	1.803	1.757
5475.572	1.803	1.784
5475.664	1.803	1.809
5475.742	1.804	1.833
5475.820	1.805	1.857
5475.911	1.806	1.883
5475.989	1.808	1.911
5476.081	1.808	1.938
5476.158	1.808	1.966
5476.237	1.808	1.995
5476.328	1.808	2.025
5476.406	1.808	2.055
5476.498	1.810	2.085
5476.575	1.810	2.116
5476.653	1.812	2.146
5476.744	1.813	2.177
5476.822	1.813	2.206
5476.914	1.813	2.233
5476.992	1.813	2.262
5477.070	1.813	2.285
5477.161	1.813	2.303
5477.239	1.813	2.324
5477.317	1.813	2.341
5477.408	1.813	2.358
5477.487	1.813	2.376
5477.578	1.815	2.395
5477.656	1.816	2.412
5477.748	1.816	2.430
5477.825	1.817	2.444
5477.903	1.817	2.460
5477.994	1.818	2.470
5478.072	1.818	2.484
5478.164	1.818	2.493
5478.242	1.818	2.503
5478.320	1.818	2.511
5478.411	1.818	2.516
5478.489	1.818	2.522
5478.581	1.818	2.526
5478.658	1.818	2.529
5478.737	1.819	2.531
5478.828	1.820	2.531
5478.906	1.823	2.534
5478.998	1.823	2.537
5479.075	1.823	2.543
5479.153	1.823	2.548
5479.244	1.823	2.554
5479.322	1.823	2.560
5479.401	1.823	2.568
5479.492	1.824	2.576
5479.570	1.824	2.582
5479.661	1.827	2.586
5479.739	1.826	2.591
5479.831	1.829	2.600
5479.908	1.829	2.607
5479.987	1.829	2.613
5480.078	1.829	2.617
5480.156	1.829	2.625
5480.248	1.829	2.628
5480.325	1.829	2.630
5480.403	1.829	2.630
5480.494	1.829	2.631
5480.572	1.829	2.628
5480.664	1.829	2.625
5480.742	1.831	2.618
5480.820	1.833	2.610
5480.911	1.832	2.601
5480.989	1.832	2.592
5481.081	1.834	2.581
5481.158	1.834	2.567
5481.237	1.834	2.554
5481.328	1.834	2.537
5481.406	1.834	2.518
5481.484	1.834	2.501
5481.575	1.834	2.487
5481.653	1.834	2.474
5481.744	1.834	2.462
5481.822	1.834	2.450
5481.901	1.835	2.435
5481.992	1.835	2.416
5482.070	1.834	2.396
5482.161	1.835	2.376
5482.239	1.835	2.355
5482.331	1.837	2.332
5482.396	1.835	2.309
5482.487	1.838	2.286
5482.578	1.839	2.264
5482.656	1.839	2.242
5482.748	1.839	2.224
5482.825	1.839	2.207
5482.903	1.839	2.191
5482.994	1.839	2.173
5483.072	1.839	2.158
5483.164	1.839	2.139
5483.242	1.839	2.123
5483.320	1.839	2.106
5483.411	1.839	2.089
5483.489	1.839	2.072
5483.581	1.839	2.051
5483.658	1.839	2.029
5483.737	1.840	2.005
5483.828	1.840	1.978
5483.906	1.840	1.948
5483.984	1.841	1.917
5484.075	1.844	1.885
5484.153	1.842	1.851
5484.244	1.843	1.813
5484.322	1.844	1.772
5484.414	1.844	1.728
5484.492	1.844	1.689
5484.570	1.844	1.648
5484.661	1.844	1.610
5484.739	1.843	1.570
5484.831	1.844	1.528
5484.908	1.844	1.486
5484.987	1.844	1.445
5485.078	1.843	1.403
5485.156	1.844	1.364
5485.248	1.844	1.326
5485.325	1.844	1.288
5485.403	1.844	1.254
5485.494	1.844	1.217
5485.572	1.844	1.185
5485.651	1.844	1.149
5485.742	1.844	1.115
5485.820	1.844	1.081
5485.911	1.844	1.046
5485.989	1.844	1.010
5486.081	1.844	0.978
5486.158	1.844	0.945
5486.237	1.843	0.911
5486.328	1.844	0.876
5486.406	1.844	0.844
5486.498	1.844	0.807
5486.575	1.844	0.779
5486.653	1.844	0.752
5486.744	1.844	0.732
5486.822	1.844	0.706
5486.914	1.843	0.686
5486.992	1.844	0.662
5487.070	1.844	0.641
5487.161	1.843	0.619
5487.239	1.844	0.597
5487.331	1.844	0.572
5487.408	1.844	0.551
5487.487	1.844	0.527
5487.578	1.843	0.506
5487.656	1.843	0.480
5487.748	1.844	0.455
5487.825	1.842	0.430
5487.903	1.844	0.406
5487.994	1.844	0.378
5488.072	1.842	0.353
5488.151	1.843	0.328
5488.242	1.843	0.305
5488.320	1.840	0.277
5488.411	1.841	0.251
5488.489	1.840	0.225
5488.581	1.839	0.202
5488.658	1.840	0.176
5488.737	1.839	0.151
5488.828	1.839	0.126
5488.906	1.839	0.102
5488.998	1.840	0.077
5489.075	1.839	0.053
5489.153	1.839	0.030
5489.244	1.839	0.006
5489.322	1.839	-0.016
5489.401	1.839	-0.035
5489.492	1.839	-0.055
5489.570	1.839	-0.070
5489.661	1.839	-0.086
5489.739	1.839	-0.098
5489.831	1.839	-0.112
5489.908	1.839	-0.125
5489.987	1.839	-0.137
5490.078	1.839	-0.147
5490.156	1.839	-0.154
5490.234	1.839	-0.158
5490.325	1.839	-0.161
5490.403	1.839	-0.162
5490.494	1.838	-0.165
5490.572	1.839	-0.165
5490.664	1.839	-0.165
5490.742	1.839	-0.165
5490.820	1.839	-0.166
5490.911	1.839	-0.165
5490.989	1.839	-0.165
5491.081	1.839	-0.165
5491.158	1.838	-0.165
5491.237	1.839	-0.165
5491.328	1.839	-0.165
5491.406	1.839	-0.165
5491.484	1.838	-0.165
5491.575	1.836	-0.166
5491.653	1.837	-0.163
5491.744	1.836	-0.160
5491.822	1.837	-0.160
5491.914	1.838	-0.160
5491.992	1.837	-0.160
5492.070	1.835	-0.160
5492.161	1.835	-0.156
5492.239	1.835	-0.156
5492.317	1.834	-0.155
5492.408	1.835	-0.156
5492.487	1.835	-0.153
5492.578	1.835	-0.148
5492.656	1.834	-0.139
5492.748	1.835	-0.130
5492.825	1.837	-0.123
5492.903	1.836	-0.114
5492.994	1.836	-0.106
5493.072	1.835	-0.098
5493.151	1.834	-0.088
5493.242	1.834	-0.078
5493.320	1.834	-0.065
5493.411	1.835	-0.050
5493.489	1.835	-0.034
5493.581	1.835	-0.018
5493.658	1.835	-0.002
5493.737	1.835	0.015
5493.828	1.835	0.032
5493.906	1.836	0.052
5493.984	1.835	0.077
5494.075	1.835	0.102
5494.153	1.835	0.130
5494.244	1.835	0.157
5494.322	1.835	0.184
5494.401	1.835	0.214
5494.492	1.835	0.245
5494.570	1.836	0.276
5494.661	1.835	0.303
5494.739	1.836	0.333
5494.817	1.837	0.366
5494.908	1.835	0.398
5494.987	1.835	0.431
5495.078	1.836	0.465
5495.156	1.839	0.495
5495.248	1.838	0.530
5495.325	1.839	0.564
5495.403	1.839	0.600
5495.494	1.839	0.637
5495.572	1.839	0.668
5495.651	1.839	0.702
5495.742	1.839	0.735
5495.820	1.839	0.768
5495.911	1.839	0.802
5495.989	1.839	0.835
5496.067	1.839	0.872
5496.158	1.839	0.905
5496.237	1.839	0.938
5496.328	1.839	0.969
5496.406	1.840	0.997
5496.484	1.839	1.030
5496.575	1.839	1.058
5496.653	1.840	1.090
5496.744	1.842	1.124
5496.822	1.844	1.152
5496.914	1.844	1.183
5496.992	1.844	1.213
5497.070	1.842	1.243
5497.161	1.844	1.275
5497.239	1.844	1.305
5497.317	1.844	1.330
5497.408	1.843	1.355
5497.487	1.844	1.377
5497.578	1.844	1.398
5497.656	1.844	1.421
5497.734	1.844	1.447
5497.825	1.844	1.475
5497.903	1.844	1.502
5497.994	1.845	1.531
5498.072	1.846	1.560
5498.151	1.845	1.588
5498.242	1.846	1.615
5498.320	1.847	1.639
5498.411	1.846	1.663
5498.489	1.849	1.692
5498.581	1.849	1.718
5498.658	1.849	1.744
5498.737	1.849	1.772
5498.828	1.849	1.795
5498.906	1.849	1.823
5498.984	1.849	1.849
5499.075	1.849	1.872
5499.153	1.850	1.893
5499.244	1.850	1.914
5499.322	1.852	1.934
5499.401	1.850	1.952
5499.492	1.852	1.968
5499.570	1.853	1.985
5499.661	1.854	2.003
5499.739	1.854	2.022
5499.831	1.854	2.042
5499.908	1.854	2.062
5499.987	1.854	2.081
5500.078	1.854	2.100
5500.156	1.855	2.120
5500.234	1.854	2.140
5500.325	1.856	2.161
5500.403	1.857	2.183
5500.494	1.858	2.204
5500.572	1.858	2.226
5500.664	1.859	2.249
5500.742	1.859	2.270
5500.820	1.859	2.289
5500.911	1.859	2.307
5500.989	1.859	2.322
5501.067	1.859	2.337
5501.158	1.859	2.352
5501.237	1.859	2.365
5501.328	1.859	2.377
5501.406	1.860	2.387
5501.484	1.861	2.393
5501.575	1.863	2.397
5501.653	1.863	2.403
5501.744	1.864	2.410
5501.822	1.864	2.416
5501.901	1.864	2.419
5501.992	1.864	2.422
5502.070	1.865	2.424
5502.161	1.865	2.424
5502.239	1.865	2.427
5502.331	1.866	2.429
5502.408	1.864	2.429
5502.487	1.869	2.429
5502.578	1.869	2.427
5502.656	1.869	2.424
5502.734	1.869	2.421
5502.825	1.869	2.419
5502.903	1.869	2.418
5502.994	1.869	2.414
5503.072	1.869	2.410
5503.151	1.869	2.405
5503.242	1.869	2.399
5503.320	1.870	2.390
5503.411	1.873	2.385
5503.489	1.872	2.376
5503.581	1.872	2.368
5503.658	1.874	2.355
5503.737	1.873	2.345
5503.828	1.874	2.334
5503.906	1.874	2.324
5503.984	1.874	2.315
5504.075	1.874	2.304
5504.153	1.874	2.294
5504.244	1.874	2.285
5504.322	1.874	2.275
5504.414	1.875	2.263
5504.492	1.876	2.252
5504.570	1.876	2.241
5504.661	1.876	2.228
5504.739	1.876	2.214
5504.817	1.880	2.196
5504.908	1.878	2.181
5504.987	1.880	2.164
5505.078	1.880	2.148
5505.156	1.880	2.128
5505.234	1.880	2.110
5505.325	1.880	2.091
5505.403	1.880	2.072
5505.494	1.880	2.051
5505.572	1.880	2.032
5505.651	1.880	2.010
5505.742	1.880	1.987
5505.820	1.880	1.964
5505.911	1.880	1.941
5505.989	1.880	1.915
5506.067	1.880	1.890
5506.158	1.880	1.869
5506.237	1.880	1.846
5506.328	1.880	1.822
5506.406	1.880	1.798
5506.484	1.880	1.772
5506.575	1.880	1.744
5506.653	1.883	1.716
5506.744	1.881	1.687
5506.822	1.883	1.659
5506.901	1.882	1.631
5506.992	1.883	1.609
5507.070	1.883	1.581
5507.161	1.884	1.557
5507.239	1.883	1.532
5507.317	1.885	1.506
5507.408	1.885	1.482
5507.487	1.884	1.460
5507.578	1.883	1.434
5507.656	1.885	1.410
5507.734	1.885	1.385
5507.825	1.885	1.363
5507.903	1.885	1.342
5507.994	1.885	1.321
5508.072	1.885	1.298
5508.164	1.885	1.276
5508.242	1.885	1.250
5508.320	1.885	1.226
5508.411	1.885	1.200
5508.489	1.885	1.174
5508.567	1.885	1.148
5508.658	1.885	1.122
5508.737	1.885	1.089
5508.828	1.885	1.056
5508.906	1.885	1.023
5508.984	1.885	0.994
5509.075	1.885	0.964
5509.153	1.885	0.937
5509.244	1.885	0.911
5509.322	1.885	0.886
5509.401	1.885	0.864
5509.492	1.885	0.839
5509.570	1.885	0.813
5509.661	1.885	0.791
5509.739	1.885	0.768
5509.817	1.885	0.743
5509.908	1.885	0.717
5509.987	1.885	0.692
5510.078	1.885	0.666
5510.156	1.885	0.643
5510.234	1.885	0.617
5510.325	1.885	0.589
5510.403	1.885	0.561
5510.494	1.885	0.532
5510.572	1.885	0.506
5510.651	1.884	0.480
5510.742	1.885	0.456
5510.820	1.884	0.432
5510.911	1.884	0.407
5510.989	1.885	0.384
5511.067	1.885	0.361
5511.158	1.885	0.339
5511.237	1.884	0.318
5511.328	1.885	0.296
5511.406	1.885	0.280
5511.484	1.884	0.263
5511.575	1.883	0.247
5511.653	1.885	0.231
5511.744	1.885	0.217
5511.822	1.884	0.202
5511.901	1.884	0.186
5511.992	1.884	0.172
5512.070	1.882	0.158
5512.161	1.885	0.142
5512.239	1.881	0.130
5512.317	1.880	0.118
5512.408	1.882	0.104
5512.487	1.882	0.089
5512.578	1.881	0.077
5512.656	1.880	0.063
5512.734	1.880	0.052
5512.825	1.880	0.042
5512.903	1.880	0.035
5512.994	1.880	0.025
5513.072	1.880	0.017
5513.151	1.880	0.008
5513.242	1.880	0.000
5513.320	1.880	-0.006
5513.411	1.880	-0.015
5513.489	1.880	-0.020
5513.567	1.880	-0.024
5513.658	1.880	-0.029
5513.737	1.880	-0.034
5513.828	1.880	-0.036
5513.906	1.880	-0.037
5513.984	1.880	-0.036
5514.075	1.880	-0.034
5514.153	1.880	-0.033
5514.244	1.880	-0.030
5514.322	1.880	-0.028
5514.401	1.880	-0.023
5514.492	1.880	-0.022
5514.570	1.880	-0.018
5514.661	1.880	-0.016
5514.739	1.880	-0.015
5514.817	1.880	-0.017
5514.908	1.880	-0.017
5514.987	1.880	-0.017
5515.078	1.880	-0.013
5515.156	1.880	-0.008
5515.234	1.880	-0.005
5515.325	1.880	0.004
5515.403	1.880	0.011
5515.494	1.880	0.020
5515.572	1.880	0.026
5515.651	1.880	0.033
5515.742	1.880	0.041
5515.820	1.880	0.050
5515.911	1.880	0.060
5515.989	1.880	0.069
5516.067	1.880	0.082
5516.158	1.880	0.094
5516.237	1.880	0.104
5516.328	1.880	0.117
5516.406	1.880	0.127
5516.484	1.880	0.137
5516.575	1.880	0.148
5516.653	1.880	0.158
5516.744	1.880	0.169
5516.822	1.880	0.181
5516.901	1.880	0.193
5516.992	1.880	0.209
5517.070	1.880	0.226
5517.161	1.880	0.243
5517.239	1.880	0.262
5517.317	1.880	0.278
5517.408	1.880	0.296
5517.487	1.880	0.316
5517.578	1.880	0.332
5517.656	1.880	0.350
5517.734	1.880	0.367
5517.825	1.880	0.387
5517.903	1.880	0.405
5517.994	1.880	0.423
5518.072	1.880	0.438
5518.151	1.880	0.458
5518.242	1.880	0.479
5518.320	1.880	0.497
5518.411	1.880	0.518
5518.489	1.880	0.537
5518.567	1.880	0.559
5518.658	1.880	0.579
5518.737	1.880	0.600
5518.828	1.880	0.621
5518.906	1.880	0.638
5518.984	1.880	0.658
5519.075	1.880	0.675
5519.153	1.880	0.693
5519.244	1.880	0.711
5519.322	1.880	0.731
5519.401	1.880	0.752
5519.492	1.880	0.773
5519.570	1.880	0.798
5519.661	1.880	0.823
5519.739	1.881	0.846
5519.817	1.880	0.869
5519.908	1.880	0.895
5519.987	1.881	0.917
5520.078	1.881	0.937
5520.156	1.881	0.956
5520.234	1.884	0.982
5520.325	1.885	1.003
5520.403	1.884	1.025
5520.494	1.883	1.048
5520.572	1.884	1.069
5520.651	1.885	1.088
5520.742	1.884	1.109
5520.820	1.885	1.128
5520.911	1.885	1.147
5520.989	1.885	1.166
5521.067	1.885	1.185
5521.158	1.886	1.206
5521.237	1.885	1.230
5521.328	1.885	1.256
5521.406	1.885	1.281
5521.484	1.888	1.303
5521.575	1.889	1.328
5521.653	1.889	1.355
5521.744	1.888	1.377
5521.822	1.890	1.400
5521.901	1.890	1.423
5521.992	1.889	1.444
5522.070	1.890	1.462
5522.161	1.890	1.482
5522.239	1.890	1.504
5522.317	1.890	1.524
5522.408	1.890	1.545
5522.487	1.890	1.564
5522.578	1.890	1.584
5522.656	1.891	1.601
5522.734	1.891	1.618
5522.825	1.890	1.636
5522.903	1.892	1.654
5522.994	1.892	1.669
5523.072	1.894	1.682
5523.151	1.893	1.694
5523.242	1.895	1.709
5523.320	1.895	1.722
5523.411	1.895	1.735
5523.489	1.895	1.748
5523.567	1.895	1.762
5523.658	1.895	1.779
5523.737	1.895	1.796
5523.828	1.895	1.809
5523.906	1.895	1.821
5523.984	1.895	1.831
5524.075	1.895	1.840
5524.153	1.895	1.852
5524.244	1.895	1.863
5524.322	1.895	1.878
5524.401	1.895	1.891
5524.492	1.897	1.903
5524.570	1.897	1.915
5524.661	1.897	1.927
5524.739	1.897	1.942
5524.817	1.897	1.957
5524.908	1.899	1.971
5524.987	1.900	1.984
5525.078	1.899	1.999
5525.156	1.900	2.013
5525.234	1.900	2.024
5525.325	1.900	2.036
5525.403	1.900	2.048
5525.494	1.900	2.061
5525.572	1.900	2.077
5525.651	1.901	2.089
5525.742	1.901	2.103
5525.820	1.901	2.115
5525.911	1.905	2.122
5525.989	1.904	2.128
5526.067	1.905	2.133
5526.158	1.904	2.136
5526.237	1.904	2.141
5526.328	1.905	2.144
5526.406	1.905	2.145
5526.484	1.906	2.145
5526.575	1.906	2.145
5526.653	1.907	2.146
5526.744	1.908	2.148
5526.822	1.910	2.149
5526.901	1.910	2.149
5526.992	1.909	2.148
5527.070	1.910	2.145
5527.161	1.910	2.144
5527.239	1.910	2.142
5527.317	1.910	2.138
5527.408	1.910	2.132
5527.487	1.910	2.125
5527.578	1.910	2.116
5527.656	1.910	2.102
5527.734	1.911	2.090
5527.825	1.911	2.075
5527.903	1.910	2.056
5527.981	1.910	2.038
5528.072	1.914	2.017
5528.151	1.913	1.994
5528.242	1.913	1.973
5528.320	1.913	1.953
5528.411	1.912	1.934
5528.489	1.914	1.918
5528.567	1.914	1.901
5528.658	1.915	1.883
5528.737	1.915	1.863
5528.828	1.915	1.842
5528.906	1.915	1.823
5528.984	1.914	1.804
5529.075	1.915	1.791
5529.153	1.915	1.777
5529.244	1.915	1.759
5529.322	1.915	1.744
5529.401	1.915	1.727
5529.492	1.915	1.713
5529.570	1.915	1.699
5529.648	1.915	1.685
5529.739	1.915	1.670
5529.817	1.915	1.652
5529.908	1.915	1.634
5529.987	1.915	1.614
5530.078	1.915	1.594
5530.156	1.915	1.575
5530.234	1.915	1.561
5530.325	1.915	1.547
5530.403	1.917	1.532
5530.481	1.917	1.520
5530.572	1.919	1.509
5530.651	1.919	1.496
5530.742	1.919	1.484
5530.820	1.919	1.468
5530.898	1.919	1.455
5530.989	1.919	1.439
5531.067	1.919	1.422
5531.158	1.920	1.405
5531.237	1.920	1.389
5531.328	1.920	1.370
5531.406	1.920	1.350
5531.484	1.919	1.328
5531.575	1.919	1.308
5531.653	1.919	1.287
5531.731	1.920	1.262
5531.822	1.920	1.241
5531.901	1.920	1.217
5531.992	1.920	1.194
5532.070	1.920	1.169
5532.148	1.920	1.142
5532.239	1.920	1.118
5532.317	1.920	1.096
5532.408	1.920	1.073
5532.487	1.920	1.053
5532.565	1.920	1.028
5532.656	1.920	1.006
5532.734	1.920	0.982
5532.825	1.920	0.960
5532.903	1.920	0.935
5532.994	1.920	0.909
5533.072	1.920	0.883
5533.151	1.920	0.861
5533.242	1.920	0.841
5533.320	1.920	0.820
5533.398	1.920	0.801
5533.489	1.920	0.779
5533.567	1.920	0.756
5533.658	1.920	0.729
5533.737	1.920	0.705
5533.815	1.920	0.683
5533.906	1.920	0.662
5533.984	1.920	0.643
5534.075	1.919	0.626
5534.153	1.920	0.609
5534.231	1.920	0.592
5534.322	1.920	0.575
5534.401	1.920	0.559
5534.492	1.920	0.544
5534.570	1.920	0.528
5534.648	1.920	0.510
5534.739	1.920	0.491
5534.817	1.920	0.472
5534.908	1.920	0.455
5534.987	1.920	0.435
5535.065	1.920	0.417
5535.156	1.920	0.401
5535.234	1.919	0.383
5535.325	1.919	0.364
5535.403	1.920	0.348
5535.481	1.920	0.331
5535.572	1.920	0.312
5535.651	1.919	0.294
5535.742	1.918	0.276
5535.820	1.919	0.256
5535.911	1.918	0.243
5535.989	1.917	0.226
5536.067	1.917	0.211
5536.158	1.916	0.193
5536.237	1.918	0.177
5536.315	1.920	0.164
5536.406	1.917	0.152
5536.484	1.919	0.141
5536.575	1.916	0.130
5536.653	1.917	0.119
5536.744	1.915	0.106
5536.822	1.915	0.092
5536.901	1.915	0.079
5536.992	1.915	0.066
5537.070	1.915	0.053
5537.148	1.915	0.039
5537.239	1.915	0.027
5537.317	1.915	0.016
5537.408	1.915	0.006
5537.487	1.915	-0.003
5537.578	1.915	-0.010
5537.656	1.915	-0.017
5537.734	1.915	-0.025
5537.825	1.915	-0.034
5537.903	1.915	-0.041
5537.981	1.915	-0.046
5538.072	1.915	-0.051
5538.151	1.915	-0.058
5538.242	1.915	-0.058
5538.320	1.915	-0.062
5538.398	1.915	-0.062
5538.489	1.915	-0.063
5538.567	1.915	-0.062
5538.658	1.915	-0.060
5538.737	1.915	-0.062
5538.815	1.914	-0.067
5538.906	1.914	-0.072
5538.984	1.914	-0.077
5539.075	1.915	-0.081
5539.153	1.914	-0.087
5539.231	1.914	-0.093
5539.322	1.915	-0.101
5539.401	1.914	-0.109
5539.492	1.914	-0.116
5539.570	1.914	-0.121
5539.661	1.912	-0.124
5539.739	1.915	-0.121
5539.817	1.914	-0.123
5539.908	1.915	-0.121
5539.987	1.915	-0.119
5540.065	1.914	-0.116
5540.156	1.913	-0.110
5540.234	1.913	-0.105
5540.325	1.913	-0.100
5540.403	1.911	-0.094
5540.494	1.910	-0.086
5540.572	1.910	-0.079
5540.651	1.910	-0.068
5540.742	1.911	-0.057
5540.820	1.910	-0.045
5540.911	1.910	-0.034
5540.989	1.914	-0.023
5541.067	1.912	-0.015
5541.158	1.912	-0.001
5541.237	1.911	0.006
5541.315	1.910	0.017
5541.406	1.911	0.028
5541.484	1.910	0.039
5541.575	1.910	0.051
5541.653	1.910	0.063
5541.731	1.911	0.078
5541.822	1.911	0.091
5541.901	1.911	0.105
5541.992	1.910	0.118
5542.070	1.910	0.132
5542.148	1.910	0.147
5542.239	1.910	0.162
5542.317	1.911	0.175
5542.408	1.910	0.188
5542.487	1.910	0.200
5542.578	1.911	0.213
5542.656	1.911	0.230
5542.734	1.911	0.244
5542.825	1.910	0.261
5542.903	1.911	0.277
5542.981	1.912	0.293
5543.072	1.911	0.312
5543.151	1.910	0.327
5543.242	1.910	0.346
5543.320	1.910	0.362
5543.398	1.910	0.379
5543.489	1.911	0.397
5543.567	1.913	0.411
5543.658	1.911	0.427
5543.737	1.910	0.447
5543.828	1.910	0.468
5543.906	1.911	0.490
5543.984	1.913	0.508
5544.075	1.911	0.527
5544.153	1.912	0.542
5544.231	1.912	0.557
5544.322	1.913	0.571
5544.401	1.912	0.584
5544.492	1.914	0.598
5544.570	1.912	0.613
5544.661	1.913	0.629
5544.739	1.914	0.647
5544.817	1.913	0.661
5544.908	1.913	0.678
5544.987	1.914	0.694
5545.065	1.913	0.711
5545.156	1.914	0.730
5545.234	1.915	0.748
5545.325	1.915	0.763
5545.403	1.913	0.778
5545.481	1.914	0.789
5545.572	1.915	0.800
5545.651	1.915	0.811
5545.742	1.915	0.824
5545.820	1.915	0.836
5545.898	1.915	0.849
5545.989	1.915	0.861
5546.067	1.915	0.875
5546.158	1.915	0.892
5546.237	1.915	0.907
5546.315	1.915	0.924
5546.406	1.915	0.941
5546.484	1.915	0.958
5546.575	1.915	0.974
5546.653	1.915	0.986
5546.731	1.916	0.998
5546.822	1.915	1.008
5546.901	1.915	1.020
5546.992	1.915	1.033
5547.070	1.915	1.043
5547.161	1.918	1.052
5547.239	1.916	1.067
5547.317	1.916	1.084
5547.408	1.919	1.096
5547.487	1.919	1.115
5547.578	1.919	1.133
5547.656	1.919	1.150
5547.734	1.919	1.164
5547.825	1.920	1.180
5547.903	1.919	1.193
5547.994	1.920	1.208
5548.072	1.919	1.221
5548.151	1.920	1.233
5548.242	1.920	1.249
5548.320	1.920	1.264
5548.398	1.920	1.281
5548.489	1.920	1.296
5548.567	1.920	1.309
5548.658	1.920	1.320
5548.737	1.920	1.333
5548.815	1.920	1.345
5548.906	1.920	1.357
5548.984	1.920	1.367
5549.075	1.920	1.379
5549.153	1.920	1.388
5549.231	1.920	1.400
5549.322	1.920	1.408
5549.401	1.920	1.420
5549.492	1.920	1.432
5549.570	1.920	1.439
5549.648	1.920	1.446
5549.739	1.920	1.451
5549.817	1.921	1.453
5549.908	1.922	1.461
5549.987	1.923	1.468
5550.065	1.924	1.473
5550.156	1.925	1.482
5550.234	1.925	1.488
5550.325	1.925	1.495
5550.403	1.925	1.503
5550.481	1.925	1.509
5550.572	1.925	1.516
5550.651	1.925	1.523
5550.742	1.925	1.530
5550.820	1.925	1.535
5550.898	1.925	1.539
5550.989	1.925	1.543
5551.067	1.925	1.547
5551.158	1.925	1.547
5551.237	1.925	1.546
5551.315	1.925	1.543
5551.406	1.927	1.542
5551.484	1.928	1.536
5551.562	1.930	1.533
5551.653	1.927	1.532
5551.731	1.930	1.531
5551.822	1.929	1.532
5551.901	1.931	1.530
5551.992	1.931	1.526
5552.070	1.931	1.520
5552.148	1.931	1.518
5552.239	1.931	1.517
5552.317	1.931	1.512
5552.408	1.931	1.512
5552.487	1.931	1.507
5552.565	1.931	1.507
5552.656	1.931	1.505
5552.734	1.931	1.502
5552.825	1.931	1.501
5552.903	1.931	1.501
5552.981	1.933	1.498
5553.072	1.931	1.496
5553.151	1.931	1.496
5553.242	1.932	1.496
5553.320	1.933	1.493
5553.398	1.936	1.487
5553.489	1.935	1.481
5553.567	1.935	1.476
5553.658	1.935	1.472
5553.737	1.935	1.471
5553.815	1.936	1.469
5553.906	1.936	1.467
5553.984	1.935	1.463
5554.075	1.936	1.456
5554.153	1.936	1.450
5554.231	1.936	1.442
5554.322	1.936	1.435
5554.401	1.936	1.430
5554.492	1.936	1.421
5554.570	1.936	1.410
5554.648	1.936	1.395
5554.739	1.936	1.381
5554.817	1.936	1.366
5554.908	1.936	1.350
5554.987	1.936	1.337
5555.065	1.936	1.321
5555.156	1.936	1.307
5555.234	1.936	1.293
5555.325	1.936	1.276
5555.403	1.936	1.264
5555.481	1.936	1.250
5555.572	1.936	1.236
5555.651	1.936	1.225
5555.742	1.936	1.211
5555.820	1.936	1.197
5555.898	1.936	1.185
5555.989	1.936	1.171
5556.067	1.936	1.155
5556.158	1.936	1.140
5556.237	1.937	1.125
5556.315	1.936	1.109
5556.406	1.936	1.096
5556.484	1.940	1.080
5556.575	1.937	1.065
5556.653	1.940	1.048
5556.731	1.940	1.035
5556.822	1.939	1.019
5556.901	1.938	1.005
5556.992	1.940	0.993
5557.070	1.938	0.978
5557.148	1.939	0.960
5557.239	1.940	0.943
5557.317	1.941	0.929
5557.408	1.939	0.912
5557.487	1.939	0.893
5557.578	1.940	0.871
5557.656	1.937	0.852
5557.734	1.940	0.834
5557.825	1.938	0.816
5557.903	1.937	0.793
5557.981	1.939	0.769
5558.072	1.940	0.743
5558.151	1.940	0.717
5558.242	1.940	0.692
5558.320	1.940	0.664
5558.398	1.939	0.642
5558.489	1.938	0.621
5558.567	1.938	0.599
5558.658	1.937	0.578
5558.737	1.937	0.561
5558.815	1.938	0.540
5558.906	1.936	0.520
5558.984	1.941	0.499
5559.075	1.939	0.480
5559.153	1.937	0.463
5559.231	1.938	0.445
5559.322	1.939	0.428
5559.401	1.938	0.412
5559.492	1.937	0.395
5559.570	1.938	0.377
5559.648	1.937	0.361
5559.739	1.939	0.343
5559.817	1.936	0.328
5559.908	1.936	0.316
5559.987	1.938	0.302
5560.065	1.936	0.290
5560.156	1.936	0.282
5560.234	1.936	0.269
5560.325	1.936	0.259
5560.403	1.936	0.249
5560.481	1.936	0.237
5560.572	1.936	0.226
5560.651	1.937	0.216
5560.742	1.936	0.206
5560.820	1.936	0.194
5560.898	1.936	0.182
5560.989	1.936	0.171
5561.067	1.936	0.162
5561.158	1.936	0.151
5561.237	1.936	0.137
5561.315	1.936	0.124
5561.406	1.936	0.109
5561.484	1.936	0.095
5561.575	1.936	0.081
5561.653	1.936	0.066
5561.731	1.936	0.049
5561.822	1.936	0.034
5561.901	1.935	0.020
5561.992	1.936	0.005
5562.070	1.935	-0.011
5562.148	1.934	-0.025
5562.239	1.935	-0.041
5562.317	1.933	-0.054
5562.408	1.935	-0.068
5562.487	1.936	-0.080
5562.565	1.934	-0.089
5562.656	1.934	-0.099
5562.734	1.933	-0.109
5562.825	1.931	-0.116
5562.903	1.931	-0.126
5562.981	1.931	-0.136
5563.072	1.931	-0.145
5563.151	1.931	-0.153
5563.242	1.931	-0.160
5563.320	1.931	-0.165
5563.398	1.931	-0.171
5563.489	1.931	-0.176
5563.567	1.931	-0.181
5563.658	1.931	-0.186
5563.737	1.931	-0.190
5563.815	1.931	-0.195
5563.906	1.931	-0.201
5563.984	1.931	-0.206
5564.075	1.929	-0.214
5564.153	1.930	-0.220
5564.244	1.931	-0.226
5564.322	1.929	-0.227
5564.401	1.930	-0.230
5564.492	1.930	-0.236
5564.570	1.930	-0.242
5564.648	1.929	-0.242
5564.739	1.927	-0.244
5564.817	1.925	-0.243
5564.908	1.926	-0.242
5564.987	1.926	-0.238
5565.065	1.925	-0.237
5565.156	1.926	-0.237
5565.234	1.925	-0.242
5565.325	1.926	-0.242
5565.403	1.926	-0.243
5565.481	1.925	-0.243
5565.572	1.925	-0.242
5565.651	1.925	-0.242
5565.742	1.925	-0.242
5565.820	1.925	-0.242
5565.898	1.925	-0.243
5565.989	1.925	-0.242
5566.067	1.925	-0.242
5566.158	1.925	-0.242
5566.237	1.925	-0.242
5566.315	1.925	-0.239
5566.406	1.925	-0.237
5566.484	1.925	-0.237
5566.575	1.925	-0.237
5566.653	1.925	-0.232
5566.731	1.925	-0.228
5566.822	1.925	-0.224
5566.901	1.925	-0.216
5566.992	1.925	-0.212
5567.070	1.924	-0.209
5567.148	1.923	-0.202
5567.239	1.925	-0.193
5567.317	1.925	-0.183
5567.408	1.925	-0.175
5567.487	1.924	-0.164
5567.565	1.924	-0.152
5567.656	1.925	-0.136
5567.734	1.925	-0.121
5567.825	1.925	-0.103
5567.903	1.925	-0.087
5567.981	1.922	-0.072
5568.072	1.923	-0.056
5568.151	1.925	-0.038
5568.242	1.923	-0.021
5568.320	1.925	-0.006
5568.398	1.920	0.007
5568.489	1.921	0.023
5568.567	1.923	0.038
5568.658	1.922	0.051
5568.737	1.921	0.066
5568.815	1.921	0.078
5568.906	1.920	0.085
5568.984	1.920	0.095
5569.075	1.922	0.105
5569.153	1.920	0.118
5569.231	1.920	0.131
5569.322	1.920	0.144
5569.401	1.920	0.154
5569.492	1.921	0.164
5569.570	1.922	0.177
5569.648	1.920	0.190
5569.739	1.920	0.198
5569.817	1.920	0.208
5569.908	1.920	0.220
5569.987	1.921	0.227
5570.065	1.920	0.235
5570.156	1.920	0.242
5570.234	1.920	0.251
5570.325	1.920	0.259
5570.403	1.920	0.265
5570.481	1.920	0.278
5570.572	1.920	0.288
5570.651	1.920	0.297
5570.742	1.920	0.305
5570.820	1.920	0.314
5570.898	1.920	0.325
5570.989	1.921	0.337
5571.067	1.920	0.349
5571.158	1.921	0.361
5571.237	1.922	0.372
5571.315	1.921	0.385
5571.406	1.924	0.396
5571.484	1.921	0.407
5571.575	1.923	0.416
5571.653	1.920	0.427
5571.731	1.920	0.439
5571.822	1.920	0.453
5571.901	1.921	0.466
5571.992	1.921	0.476
5572.070	1.920	0.485
5572.148	1.922	0.490
5572.239	1.921	0.492
5572.317	1.921	0.498
5572.408	1.921	0.505
5572.487	1.921	0.514
5572.565	1.921	0.526
5572.656	1.921	0.538
5572.734	1.920	0.553
5572.825	1.923	0.570
5572.903	1.921	0.586
5572.981	1.923	0.604
5573.072	1.924	0.619
5573.151	1.925	0.634
5573.242	1.922	0.648
5573.320	1.923	0.658
5573.398	1.924	0.671
5573.489	1.923	0.683
5573.567	1.925	0.691
5573.658	1.925	0.700
5573.737	1.925	0.712
5573.815	1.925	0.723
5573.906	1.925	0.734
5573.984	1.925	0.741
5574.075	1.925	0.751
5574.153	1.924	0.762
5574.231	1.925	0.772
5574.322	1.925	0.780
5574.401	1.925	0.790
5574.492	1.925	0.800
5574.570	1.925	0.811
5574.648	1.925	0.818
5574.739	1.925	0.825
5574.817	1.925	0.831
5574.908	1.925	0.834
5574.987	1.925	0.839
5575.065	1.925	0.844
5575.156	1.925	0.850
5575.234	1.925	0.856
5575.325	1.925	0.862
5575.403	1.925	0.869
5575.481	1.925	0.878
5575.572	1.925	0.880
5575.651	1.925	0.884
5575.742	1.925	0.885
5575.820	1.926	0.890
5575.898	1.925	0.894
5575.989	1.925	0.900
5576.067	1.926	0.908
5576.158	1.926	0.912
5576.237	1.926	0.917
5576.315	1.927	0.921
5576.406	1.927	0.926
5576.484	1.925	0.929
5576.575	1.927	0.931
5576.653	1.929	0.936
5576.731	1.926	0.940
5576.822	1.926	0.941
5576.901	1.927	0.945
5576.992	1.928	0.946
5577.070	1.926	0.946
5577.148	1.929	0.946
5577.239	1.930	0.946
5577.317	1.929	0.946
5577.408	1.929	0.946
5577.487	1.927	0.946
5577.565	1.927	0.943
5577.656	1.931	0.937
5577.734	1.930	0.933
5577.825	1.929	0.929
5577.903	1.930	0.924
5577.981	1.931	0.920
5578.072	1.931	0.916
5578.151	1.931	0.912
5578.242	1.931	0.909
5578.320	1.930	0.904
5578.398	1.931	0.900
5578.489	1.931	0.900
5578.567	1.931	0.899
5578.658	1.931	0.896
5578.737	1.931	0.892
5578.815	1.931	0.889
5578.906	1.931	0.885
5578.984	1.931	0.882
5579.075	1.931	0.880
5579.153	1.931	0.875
5579.231	1.931	0.868
5579.322	1.931	0.860
5579.401	1.931	0.854
5579.492	1.931	0.850
5579.570	1.931	0.841
5579.648	1.931	0.831
5579.739	1.931	0.822
5579.817	1.931	0.812
5579.908	1.931	0.803
5579.987	1.931	0.797
5580.065	1.931	0.790
5580.156	1.931	0.783
5580.234	1.931	0.776
5580.325	1.931	0.768
5580.403	1.931	0.758
5580.481	1.931	0.752
5580.572	1.931	0.745
5580.651	1.931	0.738
5580.742	1.931	0.729
5580.820	1.931	0.718
5580.898	1.931	0.708
5580.989	1.931	0.701
5581.067	1.931	0.694
5581.158	1.931	0.689
5581.237	1.931	0.683
5581.315	1.931	0.676
5581.406	1.931	0.669
5581.484	1.931	0.661
5581.575	1.931	0.655
5581.653	1.931	0.645
5581.731	1.931	0.639
5581.822	1.931	0.632
5581.901	1.931	0.622
5581.992	1.931	0.613
5582.070	1.931	0.602
5582.148	1.931	0.590
5582.239	1.931	0.577
5582.317	1.931	0.562
5582.408	1.931	0.547
5582.487	1.931	0.527
5582.565	1.931	0.507
5582.656	1.931	0.490
5582.734	1.931	0.470
5582.825	1.930	0.451
5582.903	1.931	0.431
5582.981	1.931	0.416
5583.072	1.931	0.401
5583.151	1.931	0.387
5583.242	1.931	0.374
5583.320	1.931	0.361
5583.398	1.930	0.348
5583.489	1.931	0.333
5583.567	1.931	0.317
5583.658	1.930	0.303
5583.737	1.929	0.287
5583.815	1.927	0.271
5583.906	1.927	0.255
5583.984	1.928	0.239
5584.075	1.926	0.220
5584.153	1.929	0.202
5584.231	1.929	0.185
5584.322	1.929	0.167
5584.401	1.927	0.149
5584.492	1.928	0.128
5584.570	1.927	0.109
5584.648	1.926	0.093
5584.739	1.925	0.078
5584.817	1.925	0.059
5584.908	1.925	0.039
5584.987	1.925	0.023
5585.065	1.926	0.006
5585.156	1.925	-0.011
5585.234	1.925	-0.031
5585.325	1.925	-0.047
5585.403	1.925	-0.062
5585.481	1.925	-0.076
5585.572	1.925	-0.088
5585.651	1.925	-0.102
5585.742	1.925	-0.119
5585.820	1.925	-0.136
5585.898	1.925	-0.154
5585.989	1.925	-0.167
5586.067	1.925	-0.182
5586.158	1.925	-0.197
5586.237	1.925	-0.213
5586.315	1.925	-0.229
5586.406	1.925	-0.247
5586.484	1.923	-0.263
5586.575	1.924	-0.277
5586.653	1.922	-0.287
5586.731	1.923	-0.299
5586.822	1.923	-0.305
5586.901	1.921	-0.313
5586.992	1.921	-0.319
5587.070	1.924	-0.323
5587.148	1.922	-0.331
5587.239	1.923	-0.338
5587.317	1.920	-0.345
5587.408	1.920	-0.351
5587.487	1.922	-0.358
5587.565	1.920	-0.363
5587.656	1.920	-0.370
5587.734	1.920	-0.378
5587.825	1.920	-0.388
5587.903	1.920	-0.397
5587.981	1.920	-0.410
5588.072	1.920	-0.423
5588.151	1.920	-0.432
5588.242	1.920	-0.441
5588.320	1.920	-0.452
5588.398	1.920	-0.464
5588.489	1.919	-0.479
5588.567	1.919	-0.491
5588.658	1.918	-0.505
5588.737	1.916	-0.519
5588.815	1.916	-0.533
5588.906	1.915	-0.550
5588.984	1.915	-0.565
5589.075	1.915	-0.575
5589.153	1.915	-0.587
5589.231	1.915	-0.596
5589.322	1.915	-0.605
5589.401	1.915	-0.614
5589.492	1.915	-0.622
5589.570	1.915	-0.632
5589.648	1.915	-0.636
5589.739	1.915	-0.639
5589.817	1.914	-0.640
5589.908	1.914	-0.642
5589.987	1.912	-0.644
5590.065	1.910	-0.644
5590.156	1.911	-0.646
5590.234	1.910	-0.648
5590.325	1.910	-0.644
5590.403	1.910	-0.644
5590.481	1.910	-0.644
5590.572	1.910	-0.639
5590.651	1.910	-0.641
5590.742	1.910	-0.644
5590.820	1.910	-0.648
5590.898	1.910	-0.649
5590.989	1.910	-0.649
5591.067	1.910	-0.649
5591.158	1.910	-0.652
5591.237	1.910	-0.654
5591.315	1.909	-0.655
5591.406	1.908	-0.658
5591.484	1.909	-0.661
5591.575	1.909	-0.660
5591.653	1.908	-0.660
5591.731	1.908	-0.661
5591.822	1.908	-0.659
5591.901	1.908	-0.660
5591.992	1.906	-0.661
5592.070	1.905	-0.663
5592.148	1.905	-0.666
5592.239	1.907	-0.670
5592.317	1.905	-0.667
5592.408	1.905	-0.666
5592.487	1.905	-0.663
5592.565	1.905	-0.661
5592.656	1.905	-0.659
5592.734	1.905	-0.655
5592.825	1.905	-0.655
5592.903	1.905	-0.652
5592.981	1.904	-0.654
5593.072	1.904	-0.655
5593.151	1.904	-0.654
5593.242	1.901	-0.649
5593.320	1.903	-0.649
5593.398	1.903	-0.645
5593.489	1.902	-0.644
5593.567	1.901	-0.638
5593.658	1.900	-0.634
5593.737	1.900	-0.634
5593.815	1.900	-0.629
5593.906	1.900	-0.626
5593.984	1.900	-0.619
5594.075	1.900	-0.615
5594.153	1.900	-0.609
5594.231	1.901	-0.600
5594.322	1.900	-0.591
5594.401	1.901	-0.582
5594.492	1.900	-0.567
5594.570	1.900	-0.547
5594.648	1.900	-0.525
5594.739	1.900	-0.504
5594.817	1.900	-0.487
5594.908	1.900	-0.473
5594.987	1.900	-0.461
5595.065	1.900	-0.448
5595.156	1.900	-0.435
5595.234	1.900	-0.422
5595.325	1.900	-0.409
5595.403	1.900	-0.398
5595.481	1.899	-0.385
5595.572	1.899	-0.375
5595.651	1.898	-0.364
5595.742	1.900	-0.356
5595.820	1.898	-0.350
5595.898	1.898	-0.343
5595.989	1.897	-0.337
5596.067	1.900	-0.333
5596.158	1.899	-0.331
5596.237	1.898	-0.330
5596.315	1.897	-0.323
5596.406	1.897	-0.320
5596.484	1.896	-0.312
5596.575	1.897	-0.305
5596.653	1.895	-0.299
5596.731	1.896	-0.290
5596.822	1.896	-0.281
5596.901	1.895	-0.270
5596.992	1.895	-0.264
5597.070	1.896	-0.261
5597.148	1.895	-0.255
5597.239	1.895	-0.249
5597.317	1.895	-0.243
5597.408	1.895	-0.237
5597.487	1.895	-0.227
5597.565	1.895	-0.219
5597.656	1.895	-0.209
5597.734	1.895	-0.201
5597.825	1.895	-0.193
5597.903	1.895	-0.182
5597.981	1.895	-0.174
5598.072	1.895	-0.164
5598.151	1.895	-0.155
5598.242	1.895	-0.143
5598.320	1.895	-0.130
5598.398	1.895	-0.117
5598.489	1.895	-0.102
5598.567	1.895	-0.082
5598.658	1.895	-0.066
5598.737	1.895	-0.051
5598.815	1.895	-0.035
5598.906	1.895	-0.019
5598.984	1.895	-0.005
5599.075	1.895	0.008
5599.153	1.895	0.022
5599.231	1.895	0.035
5599.322	1.895	0.048
5599.401	1.894	0.061
5599.492	1.895	0.074
5599.570	1.895	0.086
5599.648	1.895	0.099
5599.739	1.895	0.112
5599.817	1.894	0.124
5599.896	1.895	0.135
5599.987	1.895	0.144
5600.065	1.895	0.153
5600.156	1.894	0.161
5600.234	1.895	0.169
5600.325	1.894	0.175
5600.403	1.895	0.181
5600.481	1.895	0.188
5600.572	1.895	0.197
5600.651	1.895	0.208
5600.729	1.894	0.215
5600.820	1.894	0.223
5600.898	1.893	0.227
5600.989	1.894	0.235
5601.067	1.894	0.243
5601.158	1.894	0.248
5601.237	1.895	0.254
5601.315	1.894	0.262
5601.406	1.895	0.270
5601.484	1.894	0.277
5601.575	1.892	0.285
5601.653	1.895	0.289
5601.731	1.895	0.295
5601.822	1.895	0.303
5601.901	1.894	0.313
5601.992	1.894	0.321
5602.070	1.894	0.327
5602.148	1.895	0.337
5602.239	1.895	0.346
5602.317	1.893	0.355
5602.408	1.895	0.364
5602.487	1.894	0.375
5602.565	1.895	0.385
5602.656	1.894	0.394
5602.734	1.895	0.403
5602.825	1.895	0.416
5602.903	1.895	0.428
5602.981	1.894	0.438
5603.072	1.893	0.447
5603.151	1.894	0.454
5603.242	1.893	0.464
5603.320	1.891	0.470
5603.398	1.894	0.472
5603.489	1.892	0.476
5603.567	1.893	0.477
5603.658	1.893	0.481
5603.737	1.895	0.482
5603.815	1.894	0.482
5603.906	1.894	0.484
5603.984	1.893	0.486
5604.075	1.894	0.487
5604.153	1.895	0.492
5604.231	1.895	0.492
5604.322	1.895	0.492
5604.401	1.895	0.492
5604.492	1.895	0.489
5604.570	1.895	0.487
5604.648	1.894	0.487
5604.739	1.895	0.487
5604.817	1.895	0.486
5604.908	1.894	0.480
5604.987	1.893	0.474
5605.065	1.893	0.465
5605.156	1.894	0.455
5605.234	1.895	0.450
5605.325	1.895	0.445
5605.403	1.895	0.440
5605.481	1.893	0.437
5605.572	1.892	0.432
5605.651	1.892	0.428
5605.742	1.893	0.425
5605.820	1.893	0.421
5605.898	1.895	0.418
5605.989	1.893	0.412
5606.067	1.893	0.409
5606.158	1.892	0.404
5606.237	1.891	0.394
5606.315	1.892	0.384
5606.406	1.892	0.374
5606.484	1.890	0.364
5606.562	1.891	0.353
5606.653	1.890	0.343
5606.731	1.891	0.333
5606.822	1.891	0.322
5606.901	1.890	0.308
5606.979	1.890	0.297
5607.070	1.890	0.286
5607.148	1.890	0.271
5607.239	1.890	0.261
5607.317	1.890	0.250
5607.396	1.890	0.240
5607.487	1.890	0.231
5607.565	1.890	0.226
5607.656	1.891	0.215
5607.734	1.891	0.208
5607.812	1.890	0.198
5607.903	1.890	0.188
5607.981	1.890	0.179
5608.072	1.890	0.165
5608.151	1.890	0.155
5608.229	1.890	0.142
5608.320	1.890	0.125
5608.398	1.890	0.107
5608.489	1.890	0.090
5608.567	1.890	0.072
5608.646	1.890	0.054
5608.737	1.888	0.039
5608.815	1.890	0.023
5608.906	1.889	0.006
5608.984	1.888	-0.011
5609.062	1.888	-0.031
5609.153	1.888	-0.051
5609.231	1.889	-0.071
5609.322	1.888	-0.093
5609.401	1.887	-0.116
5609.479	1.886	-0.137
5609.570	1.886	-0.159
5609.648	1.887	-0.181
5609.739	1.886	-0.200
5609.817	1.886	-0.220
5609.896	1.885	-0.237
5609.987	1.885	-0.254
5610.065	1.885	-0.272
5610.156	1.885	-0.288
5610.234	1.885	-0.303
5610.312	1.885	-0.316
5610.403	1.885	-0.327
5610.481	1.885	-0.340
5610.572	1.885	-0.353
5610.651	1.885	-0.362
5610.729	1.885	-0.373
5610.820	1.885	-0.385
5610.898	1.884	-0.397
5610.989	1.885	-0.408
5611.067	1.884	-0.421
5611.146	1.882	-0.438
5611.237	1.882	-0.454
5611.315	1.881	-0.473
5611.406	1.880	-0.491
5611.484	1.880	-0.509
5611.562	1.880	-0.531
5611.653	1.880	-0.548
5611.731	1.880	-0.570
5611.822	1.880	-0.589
5611.901	1.880	-0.610
5611.979	1.880	-0.627
5612.070	1.880	-0.644
5612.148	1.880	-0.660
5612.239	1.880	-0.674
5612.317	1.880	-0.690
5612.396	1.879	-0.706
5612.487	1.880	-0.723
5612.565	1.880	-0.742
5612.656	1.879	-0.762
5612.734	1.880	-0.785
5612.812	1.878	-0.815
5612.903	1.878	-0.844
5612.981	1.876	-0.874
5613.072	1.875	-0.902
5613.151	1.875	-0.928
5613.229	1.874	-0.954
5613.320	1.874	-0.983
5613.398	1.874	-1.008
5613.489	1.874	-1.031
5613.567	1.874	-1.051
5613.658	1.872	-1.075
5613.737	1.873	-1.100
5613.815	1.871	-1.123
5613.906	1.870	-1.144
5613.984	1.870	-1.157
5614.062	1.871	-1.171
5614.153	1.869	-1.184
5614.231	1.869	-1.199
5614.322	1.869	-1.210
5614.401	1.869	-1.219
5614.479	1.869	-1.222
5614.570	1.869	-1.225
5614.648	1.869	-1.230
5614.739	1.869	-1.236
5614.817	1.869	-1.241
5614.896	1.869	-1.246
5614.987	1.869	-1.250
5615.065	1.868	-1.252
5615.156	1.866	-1.256
5615.234	1.864	-1.257
5615.312	1.864	-1.256
5615.403	1.864	-1.256
5615.481	1.864	-1.260
5615.572	1.863	-1.261
5615.651	1.860	-1.269
5615.729	1.860	-1.276
5615.820	1.859	-1.282
5615.898	1.860	-1.283
5615.989	1.859	-1.288
5616.067	1.859	-1.296
5616.146	1.859	-1.300
5616.237	1.859	-1.304
5616.315	1.859	-1.310
5616.406	1.859	-1.315
5616.484	1.859	-1.324
5616.562	1.858	-1.332
5616.653	1.859	-1.337
5616.731	1.859	-1.341
5616.822	1.859	-1.343
5616.901	1.858	-1.343
5616.979	1.859	-1.343
5617.070	1.855	-1.338
5617.148	1.855	-1.338
5617.239	1.854	-1.338
5617.317	1.854	-1.338
5617.396	1.854	-1.338
5617.487	1.854	-1.337
5617.565	1.854	-1.337
5617.656	1.854	-1.333
5617.734	1.854	-1.332
5617.812	1.854	-1.332
5617.903	1.852	-1.327
5617.981	1.852	-1.327
5618.072	1.851	-1.332
5618.151	1.850	-1.332
5618.229	1.851	-1.332
5618.320	1.851	-1.336
5618.398	1.849	-1.341
5618.489	1.851	-1.344
5618.567	1.849	-1.348
5618.646	1.849	-1.348
5618.737	1.849	-1.344
5618.815	1.849	-1.340
5618.906	1.849	-1.338
5618.984	1.848	-1.338
5619.062	1.849	-1.338
5619.153	1.849	-1.338
5619.231	1.848	-1.338
5619.322	1.848	-1.338
5619.401	1.847	-1.338
5619.479	1.844	-1.335
5619.570	1.844	-1.332
5619.648	1.844	-1.332
5619.739	1.844	-1.332
5619.817	1.844	-1.332
5619.896	1.844	-1.336
5619.987	1.844	-1.338
5620.065	1.841	-1.343
5620.156	1.844	-1.343
5620.234	1.841	-1.343
5620.312	1.841	-1.343
5620.403	1.840	-1.341
5620.481	1.840	-1.338
5620.572	1.839	-1.333
5620.651	1.839	-1.331
5620.729	1.839	-1.327
5620.820	1.839	-1.320
5620.898	1.839	-1.310
5620.989	1.839	-1.300
5621.067	1.839	-1.291
5621.146	1.839	-1.274
5621.237	1.838	-1.256
5621.315	1.839	-1.238
5621.406	1.838	-1.219
5621.484	1.838	-1.199
5621.562	1.838	-1.181
5621.653	1.836	-1.162
5621.731	1.835	-1.146
5621.822	1.835	-1.125
5621.901	1.835	-1.103
5621.979	1.834	-1.078
5622.070	1.834	-1.056
5622.148	1.835	-1.032
5622.239	1.834	-1.008
5622.317	1.834	-0.985
5622.396	1.834	-0.965
5622.487	1.834	-0.944
5622.565	1.834	-0.927
5622.656	1.834	-0.911
5622.734	1.834	-0.895
5622.812	1.834	-0.880
5622.903	1.834	-0.862
5622.981	1.834	-0.847
5623.072	1.834	-0.830
5623.151	1.834	-0.815
5623.229	1.834	-0.799
5623.320	1.834	-0.783
5623.398	1.834	-0.769
5623.489	1.833	-0.754
5623.567	1.834	-0.748
5623.646	1.833	-0.736
5623.737	1.834	-0.727
5623.815	1.832	-0.716
5623.906	1.833	-0.705
5623.984	1.829	-0.693
5624.062	1.829	-0.682
5624.153	1.829	-0.671
5624.231	1.829	-0.657
5624.322	1.829	-0.644
5624.401	1.829	-0.630
5624.479	1.829	-0.618
5624.570	1.829	-0.605
5624.648	1.829	-0.592
5624.739	1.829	-0.578
5624.817	1.829	-0.559
5624.896	1.829	-0.545
5624.987	1.829	-0.531
5625.065	1.829	-0.514
5625.156	1.829	-0.498
5625.234	1.829	-0.480
5625.312	1.829	-0.460
5625.403	1.829	-0.439
5625.481	1.828	-0.416
5625.572	1.829	-0.395
5625.651	1.829	-0.372
5625.729	1.829	-0.349
5625.820	1.829	-0.328
5625.898	1.829	-0.310
5625.989	1.829	-0.291
5626.067	1.828	-0.277
5626.146	1.829	-0.261
5626.237	1.829	-0.247
5626.315	1.827	-0.231
5626.406	1.828	-0.212
5626.484	1.827	-0.193
5626.562	1.829	-0.173
5626.653	1.826	-0.158
5626.731	1.827	-0.143
5626.822	1.829	-0.128
5626.901	1.828	-0.112
5626.979	1.827	-0.096
5627.070	1.828	-0.080
5627.148	1.828	-0.066
5627.239	1.828	-0.052
5627.317	1.827	-0.038
5627.396	1.827	-0.025
5627.487	1.826	-0.016
5627.565	1.827	-0.006
5627.656	1.828	0.003
5627.734	1.827	0.013
5627.812	1.825	0.026
5627.903	1.825	0.035
5627.981	1.823	0.046
5628.072	1.824	0.055
5628.151	1.825	0.064
5628.229	1.824	0.076
5628.320	1.825	0.085
5628.398	1.825	0.098
5628.489	1.826	0.110
5628.567	1.823	0.124
5628.646	1.824	0.137
5628.737	1.823	0.150
5628.815	1.823	0.163
5628.906	1.823	0.175
5628.984	1.824	0.188
5629.062	1.825	0.201
5629.153	1.823	0.211
5629.231	1.824	0.223
5629.322	1.823	0.234
5629.401	1.823	0.244
5629.479	1.823	0.249
5629.570	1.824	0.255
5629.648	1.823	0.263
5629.739	1.824	0.268
5629.817	1.823	0.275
5629.896	1.823	0.283
5629.987	1.823	0.289
5630.065	1.823	0.297
5630.156	1.823	0.302
5630.234	1.823	0.304
5630.312	1.823	0.306
5630.403	1.823	0.310
5630.481	1.823	0.315
5630.572	1.823	0.322
5630.651	1.823	0.325
5630.729	1.823	0.328
5630.820	1.823	0.330
5630.898	1.823	0.334
5630.989	1.823	0.336
5631.067	1.823	0.339
5631.146	1.823	0.339
5631.237	1.823	0.339
5631.315	1.823	0.334
5631.394	1.823	0.333
5631.484	1.823	0.329
5631.562	1.823	0.329
5631.653	1.823	0.328
5631.731	1.823	0.327
5631.822	1.823	0.324
5631.901	1.823	0.319
5631.979	1.823	0.311
5632.070	1.823	0.305
5632.148	1.823	0.294
5632.227	1.823	0.287
5632.317	1.823	0.277
5632.396	1.823	0.268
5632.487	1.823	0.260
5632.565	1.823	0.252
5632.656	1.823	0.246
5632.734	1.823	0.237
5632.812	1.823	0.227
5632.903	1.823	0.226
5632.981	1.823	0.220
5633.072	1.823	0.212
5633.151	1.822	0.206
5633.229	1.821	0.198
5633.320	1.823	0.189
5633.398	1.821	0.182
5633.489	1.822	0.175
5633.567	1.823	0.166
5633.646	1.822	0.158
5633.737	1.821	0.147
5633.815	1.820	0.136
5633.906	1.821	0.123
5633.984	1.818	0.109
5634.062	1.820	0.096
5634.153	1.818	0.085
5634.231	1.818	0.073
5634.322	1.818	0.059
5634.401	1.818	0.045
5634.479	1.818	0.033
5634.570	1.818	0.021
5634.648	1.818	0.006
5634.739	1.818	-0.007
5634.817	1.818	-0.023
5634.896	1.818	-0.040
5634.987	1.818	-0.060
5635.065	1.818	-0.078
5635.156	1.818	-0.096
5635.234	1.818	-0.116
5635.312	1.818	-0.137
5635.403	1.818	-0.159
5635.481	1.818	-0.182
5635.572	1.818	-0.202
5635.651	1.818	-0.223
5635.729	1.818	-0.243
5635.820	1.818	-0.265
5635.898	1.818	-0.286
5635.989	1.818	-0.307
5636.067	1.818	-0.327
5636.146	1.817	-0.344
5636.237	1.817	-0.367
5636.315	1.818	-0.387
5636.406	1.815	-0.407
5636.484	1.816	-0.426
5636.562	1.814	-0.444
5636.653	1.814	-0.464
5636.731	1.815	-0.483
5636.822	1.813	-0.501
5636.901	1.815	-0.517
5636.979	1.813	-0.532
5637.070	1.813	-0.547
5637.148	1.813	-0.565
5637.239	1.813	-0.581
5637.317	1.813	-0.593
5637.396	1.813	-0.609
5637.487	1.813	-0.624
5637.565	1.813	-0.643
5637.656	1.813	-0.661
5637.734	1.813	-0.678
5637.812	1.813	-0.699
5637.903	1.812	-0.718
5637.981	1.811	-0.740
5638.072	1.811	-0.765
5638.151	1.808	-0.790
5638.229	1.808	-0.814
5638.320	1.808	-0.841
5638.398	1.808	-0.871
5638.489	1.808	-0.898
5638.567	1.808	-0.927
5638.646	1.808	-0.958
5638.737	1.806	-0.984
5638.815	1.805	-1.014
5638.906	1.806	-1.041
5638.984	1.805	-1.069
5639.062	1.803	-1.094
5639.153	1.803	-1.118
5639.231	1.803	-1.138
5639.322	1.803	-1.158
5639.401	1.803	-1.179
5639.479	1.803	-1.197
5639.570	1.803	-1.219
5639.648	1.803	-1.241
5639.739	1.803	-1.262
5639.817	1.801	-1.283
5639.896	1.801	-1.302
5639.973	1.798	-1.319
5640.065	1.799	-1.336
5640.156	1.798	-1.352
5640.234	1.798	-1.368
5640.312	1.798	-1.382
5640.403	1.798	-1.394
5640.481	1.798	-1.407
5640.572	1.798	-1.423
5640.651	1.798	-1.437
5640.729	1.797	-1.454
5640.820	1.795	-1.473
5640.898	1.794	-1.496
5640.989	1.794	-1.516
5641.067	1.794	-1.537
5641.146	1.793	-1.558
5641.237	1.793	-1.579
5641.315	1.793	-1.598
5641.406	1.793	-1.618
5641.484	1.792	-1.634
5641.562	1.792	-1.651
5641.653	1.793	-1.665
5641.731	1.790	-1.677
5641.822	1.790	-1.692
5641.901	1.790	-1.705
5641.979	1.788	-1.716
5642.070	1.788	-1.724
5642.148	1.788	-1.733
5642.239	1.788	-1.746
5642.317	1.788	-1.753
5642.396	1.788	-1.761
5642.487	1.788	-1.770
5642.565	1.787	-1.778
5642.656	1.785	-1.785
5642.734	1.784	-1.793
5642.812	1.784	-1.802
5642.903	1.783	-1.814
5642.981	1.783	-1.825
5643.072	1.783	-1.831
5643.151	1.783	-1.839
5643.229	1.783	-1.851
5643.320	1.783	-1.860
5643.398	1.780	-1.870
5643.489	1.781	-1.879
5643.567	1.778	-1.888
5643.646	1.778	-1.893
5643.737	1.778	-1.897
5643.815	1.778	-1.900
5643.906	1.778	-1.903
5643.984	1.778	-1.908
5644.062	1.778	-1.912
5644.153	1.778	-1.916
5644.231	1.778	-1.919
5644.322	1.778	-1.919
5644.401	1.777	-1.924
5644.479	1.778	-1.924
5644.570	1.778	-1.924
5644.648	1.775	-1.924
5644.739	1.775	-1.923
5644.817	1.774	-1.919
5644.896	1.772	-1.919
5644.987	1.772	-1.919
5645.065	1.772	-1.919
5645.156	1.772	-1.919
5645.234	1.772	-1.915
5645.312	1.772	-1.914
5645.403	1.770	-1.914
5645.481	1.769	-1.917
5645.572	1.767	-1.919
5645.651	1.768	-1.919
5645.729	1.767	-1.920
5645.820	1.767	-1.925
5645.898	1.767	-1.928
5645.989	1.763	-1.930
5646.067	1.762	-1.931
5646.146	1.762	-1.934
5646.237	1.762	-1.934
5646.315	1.762	-1.929
5646.406	1.761	-1.926
5646.484	1.762	-1.924
5646.562	1.762	-1.917
5646.653	1.761	-1.910
5646.731	1.758	-1.898
5646.810	1.761	-1.886
5646.901	1.757	-1.869
5646.979	1.757	-1.853
5647.070	1.757	-1.835
5647.148	1.757	-1.819
5647.227	1.757	-1.806
5647.317	1.757	-1.792
5647.396	1.757	-1.776
5647.487	1.757	-1.761
5647.565	1.757	-1.751
5647.644	1.757	-1.738
5647.734	1.757	-1.722
5647.812	1.757	-1.705
5647.903	1.756	-1.691
5647.981	1.756	-1.675
5648.060	1.756	-1.663
5648.151	1.755	-1.650
5648.229	1.755	-1.636
5648.320	1.753	-1.622
5648.398	1.754	-1.608
5648.489	1.753	-1.596
5648.567	1.752	-1.582
5648.646	1.752	-1.568
5648.737	1.752	-1.553
5648.815	1.752	-1.537
5648.906	1.752	-1.519
5648.984	1.752	-1.502
5649.062	1.752	-1.489
5649.153	1.750	-1.473
5649.231	1.752	-1.460
5649.310	1.750	-1.445
5649.401	1.750	-1.432
5649.479	1.749	-1.423
5649.570	1.748	-1.412
5649.648	1.748	-1.404
5649.727	1.748	-1.394
5649.817	1.747	-1.383
5649.896	1.748	-1.374
5649.987	1.748	-1.363
5650.065	1.747	-1.352
5650.144	1.747	-1.341
5650.234	1.747	-1.330
5650.312	1.747	-1.322
5650.403	1.747	-1.314
5650.481	1.747	-1.307
5650.560	1.747	-1.301
5650.651	1.746	-1.294
5650.729	1.744	-1.285
5650.820	1.744	-1.279
5650.898	1.744	-1.271
5650.977	1.744	-1.261
5651.067	1.743	-1.248
5651.146	1.742	-1.233
5651.237	1.743	-1.215
5651.315	1.742	-1.197
5651.394	1.742	-1.178
5651.484	1.742	-1.157
5651.562	1.742	-1.137
5651.653	1.742	-1.114
5651.731	1.741	-1.089
5651.810	1.741	-1.062
5651.901	1.741	-1.037
5651.979	1.740	-1.010
5652.070	1.738	-0.982
5652.148	1.738	-0.958
5652.239	1.738	-0.932
5652.317	1.739	-0.908
5652.396	1.739	-0.883
5652.487	1.739	-0.858
5652.565	1.737	-0.834
5652.644	1.738	-0.809
5652.734	1.737	-0.783
5652.812	1.737	-0.759
5652.903	1.738	-0.735
5652.981	1.737	-0.710
5653.060	1.737	-0.686
5653.151	1.738	-0.661
5653.229	1.737	-0.637
5653.320	1.737	-0.611
5653.398	1.737	-0.586
5653.489	1.737	-0.563
5653.567	1.737	-0.542
5653.646	1.737	-0.523
5653.737	1.737	-0.504
5653.815	1.737	-0.483
5653.906	1.737	-0.465
5653.984	1.737	-0.446
5654.062	1.737	-0.424
5654.153	1.737	-0.408
5654.231	1.737	-0.389
5654.310	1.737	-0.369
5654.401	1.737	-0.350
5654.479	1.737	-0.331
5654.570	1.737	-0.315
5654.648	1.737	-0.298
5654.727	1.737	-0.282
5654.817	1.737	-0.267
5654.896	1.737	-0.250
5654.987	1.735	-0.233
5655.065	1.737	-0.215
5655.144	1.737	-0.199
5655.234	1.735	-0.184
5655.312	1.736	-0.169
5655.403	1.733	-0.155
5655.481	1.735	-0.140
5655.560	1.734	-0.123
5655.651	1.736	-0.107
5655.729	1.734	-0.090
5655.820	1.733	-0.079
5655.898	1.735	-0.067
5655.977	1.735	-0.051
5656.067	1.737	-0.038
5656.146	1.734	-0.023
5656.237	1.735	-0.011
5656.315	1.737	0.000
5656.406	1.733	0.013
5656.484	1.734	0.021
5656.562	1.732	0.031
5656.653	1.733	0.040
5656.731	1.734	0.048
5656.810	1.732	0.054
5656.901	1.733	0.058
5656.979	1.733	0.062
5657.070	1.732	0.070
5657.148	1.732	0.079
5657.227	1.733	0.088
5657.317	1.733	0.098
5657.396	1.733	0.106
5657.487	1.733	0.115
5657.565	1.733	0.125
5657.644	1.732	0.138
5657.734	1.733	0.148
5657.812	1.732	0.159
5657.903	1.732	0.167
5657.981	1.732	0.174
5658.060	1.732	0.182
5658.151	1.732	0.192
5658.229	1.732	0.201
5658.320	1.732	0.208
5658.398	1.732	0.211
5658.477	1.732	0.214
5658.567	1.732	0.216
5658.646	1.732	0.220
5658.737	1.732	0.222
5658.815	1.732	0.226
5658.894	1.733	0.227
5658.984	1.732	0.228
5659.062	1.732	0.227
5659.153	1.732	0.229
5659.231	1.732	0.231
5659.310	1.732	0.230
5659.401	1.732	0.230
5659.479	1.732	0.229
5659.570	1.732	0.227
5659.648	1.732	0.227
5659.727	1.732	0.225
5659.817	1.732	0.217
5659.896	1.732	0.209
5659.987	1.732	0.204
5660.065	1.732	0.197
5660.144	1.732	0.191
5660.234	1.732	0.183
5660.312	1.732	0.177
5660.403	1.732	0.169
5660.481	1.732	0.165
5660.560	1.732	0.158
5660.651	1.732	0.154
5660.729	1.732	0.146
5660.820	1.732	0.139
5660.898	1.732	0.134
5660.989	1.732	0.130
5661.067	1.732	0.124
5661.146	1.732	0.114
5661.237	1.732	0.106
5661.315	1.732	0.097
5661.406	1.732	0.087
5661.484	1.732	0.083
5661.562	1.732	0.079
5661.653	1.732	0.073
5661.731	1.730	0.064
5661.822	1.732	0.055
5661.901	1.731	0.044
5661.979	1.728	0.031
5662.070	1.730	0.017
5662.148	1.731	0.001
5662.239	1.730	-0.011
5662.317	1.728	-0.024
5662.396	1.728	-0.042
5662.487	1.731	-0.060
5662.565	1.729	-0.076
5662.644	1.727	-0.090
5662.734	1.730	-0.109
5662.812	1.727	-0.127
5662.903	1.728	-0.141
5662.981	1.727	-0.155
5663.060	1.728	-0.166
5663.151	1.727	-0.177
5663.229	1.727	-0.189
5663.320	1.727	-0.203
5663.398	1.727	-0.220
5663.477	1.727	-0.236
5663.567	1.727	-0.250
5663.646	1.727	-0.269
5663.737	1.727	-0.287
5663.815	1.727	-0.304
5663.894	1.726	-0.319
5663.984	1.727	-0.336
5664.062	1.725	-0.356
5664.153	1.726	-0.375
5664.231	1.725	-0.393
5664.310	1.725	-0.414
5664.401	1.722	-0.435
5664.479	1.722	-0.459
5664.570	1.722	-0.486
5664.648	1.722	-0.510
5664.727	1.722	-0.535
5664.817	1.722	-0.558
5664.896	1.722	-0.581
5664.987	1.722	-0.604
5665.065	1.722	-0.624
5665.144	1.722	-0.647
5665.234	1.722	-0.666
5665.312	1.721	-0.687
5665.403	1.720	-0.702
5665.481	1.721	-0.718
5665.560	1.717	-0.735
5665.651	1.717	-0.754
5665.729	1.716	-0.773
5665.820	1.717	-0.793
5665.898	1.716	-0.817
5665.977	1.716	-0.836
5666.067	1.716	-0.857
5666.146	1.716	-0.877
5666.237	1.716	-0.896
5666.315	1.716	-0.915
5666.394	1.716	-0.937
5666.484	1.716	-0.959
5666.562	1.716	-0.978
5666.653	1.714	-1.000
5666.731	1.714	-1.023
5666.810	1.711	-1.048
5666.901	1.711	-1.072
5666.979	1.711	-1.099
5667.070	1.711	-1.126
5667.148	1.711	-1.154
5667.227	1.711	-1.180
5667.317	1.711	-1.207
5667.396	1.711	-1.231
5667.487	1.711	-1.254
5667.565	1.710	-1.276
5667.644	1.711	-1.297
5667.734	1.711	-1.318
5667.812	1.711	-1.337
5667.903	1.710	-1.354
5667.981	1.709	-1.373
5668.060	1.706	-1.391
5668.151	1.706	-1.411
5668.229	1.706	-1.429
5668.320	1.706	-1.448
5668.398	1.706	-1.466
5668.477	1.706	-1.485
5668.567	1.705	-1.503
5668.646	1.706	-1.522
5668.737	1.703	-1.541
5668.815	1.703	-1.558
5668.894	1.701	-1.571
5668.984	1.701	-1.584
5669.062	1.701	-1.597
5669.153	1.701	-1.612
5669.231	1.701	-1.625
5669.310	1.701	-1.637
5669.401	1.700	-1.648
5669.479	1.699	-1.660
5669.570	1.699	-1.671
5669.648	1.696	-1.684
5669.727	1.696	-1.701
5669.817	1.696	-1.719
5669.896	1.696	-1.741
5669.987	1.696	-1.764
5670.065	1.696	-1.789
5670.144	1.695	-1.812
5670.234	1.693	-1.835
5670.312	1.693	-1.858
5670.403	1.692	-1.879
5670.481	1.691	-1.899
5670.560	1.691	-1.919
5670.651	1.691	-1.940
5670.729	1.691	-1.957
5670.820	1.691	-1.977
5670.898	1.691	-1.995
5670.977	1.691	-2.010
5671.067	1.690	-2.020
5671.146	1.688	-2.028
5671.237	1.688	-2.033
5671.315	1.687	-2.036
5671.394	1.687	-2.038
5671.484	1.686	-2.040
5671.562	1.686	-2.041
5671.653	1.686	-2.041
5671.731	1.684	-2.045
5671.810	1.681	-2.046
5671.901	1.682	-2.046
5671.979	1.681	-2.046
5672.070	1.681	-2.046
5672.148	1.681	-2.050
5672.227	1.681	-2.056
5672.304	1.680	-2.056
5672.396	1.678	-2.059
5672.487	1.677	-2.064
5672.565	1.677	-2.069
5672.644	1.677	-2.072
5672.734	1.676	-2.072
5672.812	1.676	-2.072
5672.903	1.676	-2.072
5672.981	1.676	-2.071
5673.060	1.676	-2.067
5673.151	1.676	-2.064
5673.229	1.675	-2.055
5673.320	1.674	-2.050
5673.398	1.671	-2.045
5673.477	1.671	-2.041
5673.567	1.671	-2.041
5673.646	1.671	-2.041
5673.737	1.671	-2.041
5673.815	1.671	-2.042
5673.894	1.671	-2.044
5673.984	1.670	-2.044
5674.062	1.671	-2.044
5674.153	1.671	-2.044
5674.231	1.671	-2.046
5674.310	1.669	-2.046
5674.401	1.671	-2.042
5674.479	1.670	-2.037
5674.570	1.670	-2.032
5674.648	1.671	-2.021
5674.727	1.670	-2.011
5674.817	1.669	-2.001
5674.896	1.668	-1.990
5674.987	1.665	-1.978
5675.065	1.666	-1.969
5675.144	1.665	-1.959
5675.234	1.665	-1.953
5675.312	1.665	-1.948
5675.403	1.665	-1.944
5675.481	1.664	-1.940
5675.560	1.662	-1.941
5675.651	1.662	-1.942
5675.729	1.660	-1.942
5675.820	1.660	-1.940
5675.898	1.660	-1.939
5675.977	1.660	-1.940
5676.067	1.659	-1.942
5676.146	1.659	-1.944
5676.237	1.656	-1.946
5676.315	1.655	-1.945
5676.394	1.655	-1.943
5676.484	1.655	-1.937
5676.562	1.655	-1.931
5676.653	1.655	-1.920
5676.731	1.655	-1.908
5676.810	1.655	-1.897
5676.901	1.655	-1.883
5676.979	1.654	-1.868
5677.070	1.652	-1.852
5677.148	1.652	-1.830
5677.227	1.650	-1.807
5677.317	1.650	-1.786
5677.396	1.650	-1.764
5677.487	1.650	-1.744
5677.565	1.650	-1.720
5677.644	1.650	-1.696
5677.734	1.650	-1.670
5677.812	1.650	-1.643
5677.903	1.650	-1.616
5677.981	1.650	-1.589
5678.060	1.650	-1.563
5678.151	1.650	-1.535
5678.229	1.650	-1.507
5678.320	1.649	-1.479
5678.398	1.649	-1.453
5678.477	1.646	-1.428
5678.567	1.645	-1.403
5678.646	1.646	-1.381
5678.737	1.645	-1.361
5678.815	1.645	-1.338
5678.894	1.645	-1.315
5678.984	1.645	-1.293
5679.062	1.645	-1.272
5679.153	1.645	-1.250
5679.231	1.645	-1.231
5679.310	1.644	-1.212
5679.401	1.645	-1.191
5679.479	1.645	-1.169
5679.570	1.644	-1.146
5679.648	1.645	-1.120
5679.739	1.645	-1.096
5679.817	1.644	-1.073
5679.896	1.645	-1.049
5679.987	1.644	-1.025
5680.065	1.645	-1.004
5680.144	1.642	-0.983
5680.234	1.643	-0.963
5680.312	1.642	-0.940
5680.403	1.642	-0.918
5680.481	1.641	-0.894
5680.560	1.640	-0.872
5680.651	1.640	-0.852
5680.729	1.640	-0.830
5680.820	1.640	-0.810
5680.898	1.640	-0.791
5680.977	1.640	-0.775
5681.067	1.640	-0.758
5681.146	1.640	-0.742
5681.237	1.640	-0.723
5681.315	1.640	-0.706
5681.394	1.640	-0.689
5681.484	1.640	-0.670
5681.562	1.640	-0.652
5681.653	1.640	-0.635
5681.731	1.640	-0.619
5681.810	1.638	-0.601
5681.901	1.640	-0.587
5681.979	1.640	-0.573
5682.070	1.640	-0.555
5682.148	1.640	-0.540
5682.227	1.639	-0.521
5682.317	1.637	-0.501
5682.396	1.638	-0.483
5682.487	1.638	-0.460
5682.565	1.637	-0.436
5682.644	1.637	-0.414
5682.734	1.637	-0.393
5682.812	1.637	-0.368
5682.903	1.636	-0.346
5682.981	1.637	-0.323
5683.060	1.636	-0.305
5683.151	1.636	-0.288
5683.229	1.637	-0.270
5683.320	1.636	-0.254
5683.398	1.636	-0.235
5683.477	1.637	-0.220
5683.567	1.635	-0.205
5683.646	1.635	-0.191
5683.737	1.635	-0.175
5683.815	1.635	-0.160
5683.894	1.636	-0.144
5683.984	1.635	-0.130
5684.062	1.636	-0.120
5684.153	1.635	-0.108
5684.231	1.635	-0.098
5684.310	1.635	-0.089
5684.401	1.635	-0.081
5684.479	1.635	-0.070
5684.570	1.635	-0.058
5684.648	1.635	-0.044
5684.727	1.635	-0.033
5684.817	1.635	-0.020
5684.896	1.635	-0.009
5684.973	1.635	0.000
5685.065	1.635	0.011
5685.144	1.635	0.023
5685.234	1.635	0.036
5685.312	1.635	0.047
5685.403	1.635	0.059
5685.481	1.635	0.069
5685.560	1.635	0.077
5685.651	1.635	0.086
5685.729	1.635	0.095
5685.807	1.635	0.102
5685.898	1.635	0.112
5685.977	1.635	0.118
5686.067	1.635	0.123
5686.146	1.635	0.129
5686.223	1.635	0.139
5686.315	1.635	0.147
5686.394	1.635	0.158
5686.484	1.635	0.164
5686.562	1.635	0.172
5686.640	1.635	0.178
5686.731	1.635	0.181
5686.810	1.635	0.181
5686.901	1.635	0.186
5686.979	1.635	0.186
5687.057	1.635	0.186
5687.148	1.635	0.186
5687.227	1.635	0.186
5687.317	1.635	0.184
5687.396	1.635	0.181
5687.473	1.635	0.177
5687.565	1.635	0.173
5687.644	1.635	0.169
5687.734	1.635	0.166
5687.812	1.635	0.166
5687.890	1.635	0.166
5687.981	1.635	0.164
5688.060	1.635	0.161
5688.151	1.635	0.161
5688.229	1.635	0.161
5688.307	1.634	0.158
5688.398	1.635	0.156
5688.477	1.635	0.151
5688.567	1.635	0.147
5688.646	1.635	0.146
5688.737	1.634	0.144
5688.815	1.635	0.139
5688.894	1.635	0.134
5688.984	1.635	0.129
5689.062	1.635	0.125
5689.140	1.634	0.120
5689.231	1.633	0.114
5689.310	1.634	0.104
5689.401	1.635	0.097
5689.479	1.633	0.086
5689.557	1.632	0.077
5689.648	1.632	0.065
5689.727	1.632	0.054
5689.817	1.632	0.040
5689.896	1.631	0.023
5689.987	1.630	0.003
5690.065	1.631	-0.013
5690.144	1.632	-0.031
5690.234	1.630	-0.049
5690.312	1.631	-0.065
5690.403	1.631	-0.083
5690.481	1.631	-0.098
5690.560	1.630	-0.115
5690.651	1.630	-0.131
5690.729	1.630	-0.147
5690.820	1.630	-0.163
5690.898	1.630	-0.176
5690.977	1.630	-0.191
5691.067	1.630	-0.204
5691.146	1.630	-0.219
5691.223	1.630	-0.234
5691.315	1.630	-0.252
5691.394	1.630	-0.266
5691.484	1.630	-0.279
5691.562	1.630	-0.294
5691.653	1.630	-0.311
5691.731	1.630	-0.324
5691.810	1.630	-0.339
5691.901	1.630	-0.350
5691.979	1.630	-0.364
5692.070	1.629	-0.376
5692.148	1.628	-0.391
5692.227	1.625	-0.408
5692.317	1.625	-0.429
5692.396	1.625	-0.450
5692.473	1.625	-0.474
5692.565	1.625	-0.496
5692.644	1.625	-0.515
5692.734	1.625	-0.536
5692.812	1.625	-0.558
5692.903	1.625	-0.577
5692.981	1.625	-0.595
5693.060	1.625	-0.612
5693.151	1.625	-0.628
5693.229	1.625	-0.642
5693.307	1.625	-0.652
5693.398	1.625	-0.665
5693.477	1.623	-0.677
5693.567	1.624	-0.696
5693.646	1.622	-0.713
5693.723	1.624	-0.730
5693.815	1.623	-0.747
5693.894	1.623	-0.765
5693.984	1.623	-0.779
5694.062	1.622	-0.796
5694.153	1.620	-0.813
5694.231	1.620	-0.830
5694.310	1.620	-0.846
5694.401	1.620	-0.864
5694.479	1.620	-0.881
5694.557	1.620	-0.898
5694.648	1.620	-0.919
5694.727	1.618	-0.939
5694.817	1.618	-0.962
5694.896	1.615	-0.985
5694.973	1.618	-1.012
5695.065	1.615	-1.037
5695.144	1.616	-1.058
5695.234	1.615	-1.080
5695.312	1.614	-1.101
5695.390	1.614	-1.122
5695.481	1.614	-1.145
5695.560	1.614	-1.167
5695.651	1.614	-1.189
5695.729	1.614	-1.214
5695.807	1.614	-1.236
5695.898	1.614	-1.261
5695.977	1.614	-1.286
5696.067	1.614	-1.309
5696.146	1.614	-1.333
5696.223	1.612	-1.353
5696.315	1.610	-1.370
5696.394	1.610	-1.389
5696.484	1.609	-1.406
5696.562	1.609	-1.424
5696.640	1.609	-1.444
5696.731	1.609	-1.460
5696.810	1.609	-1.473
5696.901	1.609	-1.486
5696.979	1.608	-1.501
5697.057	1.605	-1.513
5697.148	1.605	-1.528
5697.227	1.605	-1.543
5697.317	1.604	-1.560
5697.396	1.604	-1.577
5697.487	1.603	-1.595
5697.565	1.604	-1.614
5697.644	1.600	-1.633
5697.734	1.601	-1.657
5697.812	1.600	-1.682
5697.903	1.599	-1.705
5697.981	1.599	-1.727
5698.060	1.599	-1.749
5698.151	1.599	-1.768
5698.229	1.598	-1.788
5698.320	1.597	-1.804
5698.398	1.595	-1.819
5698.477	1.596	-1.836
5698.567	1.594	-1.847
5698.646	1.594	-1.858
5698.723	1.594	-1.874
5698.815	1.594	-1.884
5698.894	1.594	-1.891
5698.984	1.594	-1.896
5699.062	1.594	-1.902
5699.140	1.594	-1.903
5699.231	1.594	-1.903
5699.310	1.594	-1.902
5699.401	1.590	-1.899
5699.479	1.590	-1.900
5699.557	1.589	-1.903
5699.648	1.589	-1.908
5699.727	1.589	-1.910
5699.817	1.589	-1.914
5699.896	1.589	-1.919
5699.973	1.589	-1.925
5700.065	1.589	-1.932
5700.144	1.589	-1.938
5700.234	1.589	-1.946
5700.312	1.589	-1.950
5700.390	1.589	-1.954
5700.481	1.589	-1.954
5700.560	1.586	-1.954
5700.651	1.586	-1.955
5700.729	1.585	-1.959
5700.820	1.584	-1.959
5700.898	1.584	-1.965
5700.977	1.584	-1.974
5701.067	1.584	-1.977
5701.146	1.583	-1.983
5701.223	1.581	-1.992
5701.315	1.580	-2.001
5701.394	1.579	-2.011
5701.484	1.579	-2.022
5701.562	1.579	-2.035
5701.640	1.579	-2.049
5701.731	1.578	-2.061
5701.810	1.577	-2.074
5701.901	1.577	-2.083
5701.979	1.577	-2.094
5702.057	1.574	-2.099
5702.148	1.574	-2.102
5702.227	1.574	-2.102
5702.317	1.574	-2.103
5702.396	1.574	-2.102
5702.473	1.573	-2.102
5702.565	1.571	-2.100
5702.644	1.569	-2.098
5702.734	1.569	-2.096
5702.812	1.569	-2.093
5702.890	1.569	-2.092
5702.981	1.569	-2.090
5703.060	1.569	-2.090
5703.151	1.569	-2.092
5703.229	1.569	-2.093
5703.307	1.569	-2.089
5703.398	1.569	-2.083
5703.477	1.568	-2.077
5703.567	1.568	-2.067
5703.646	1.564	-2.054
5703.723	1.565	-2.038
5703.815	1.563	-2.021
5703.894	1.563	-2.003
5703.984	1.563	-1.987
5704.062	1.563	-1.965
5704.140	1.563	-1.944
5704.231	1.563	-1.920
5704.310	1.563	-1.897
5704.401	1.563	-1.874
5704.479	1.562	-1.851
5704.557	1.559	-1.828
5704.648	1.560	-1.803
5704.727	1.559	-1.784
5704.817	1.558	-1.761
5704.896	1.558	-1.741
5704.973	1.558	-1.722
5705.065	1.558	-1.706
5705.144	1.558	-1.691
5705.234	1.557	-1.674
5705.312	1.558	-1.657
5705.390	1.556	-1.642
5705.481	1.556	-1.626
5705.560	1.555	-1.609
5705.651	1.554	-1.592
5705.729	1.554	-1.575
5705.807	1.554	-1.556
5705.898	1.553	-1.540
5705.977	1.553	-1.524
5706.067	1.553	-1.504
5706.146	1.553	-1.485
5706.223	1.553	-1.466
5706.315	1.553	-1.445
5706.394	1.553	-1.424
5706.484	1.553	-1.403
5706.562	1.553	-1.382
5706.640	1.553	-1.362
5706.731	1.553	-1.340
5706.810	1.553	-1.319
5706.901	1.553	-1.298
5706.979	1.553	-1.280
5707.057	1.552	-1.259
5707.148	1.553	-1.236
5707.227	1.552	-1.212
5707.317	1.549	-1.191
5707.396	1.551	-1.171
5707.487	1.549	-1.152
5707.565	1.548	-1.133
5707.644	1.548	-1.116
5707.734	1.548	-1.097
5707.812	1.548	-1.074
5707.890	1.548	-1.055
5707.981	1.548	-1.035
5708.060	1.548	-1.016
5708.151	1.548	-0.998
5708.229	1.548	-0.977
5708.307	1.547	-0.956
5708.398	1.547	-0.937
5708.477	1.547	-0.917
5708.567	1.546	-0.898
5708.646	1.546	-0.876
5708.723	1.547	-0.857
5708.815	1.547	-0.836
5708.894	1.547	-0.819
5708.984	1.546	-0.797
5709.062	1.546	-0.778
5709.140	1.545	-0.758
5709.231	1.545	-0.736
5709.310	1.547	-0.714
5709.401	1.544	-0.693
5709.479	1.546	-0.666
5709.557	1.545	-0.644
5709.648	1.543	-0.621
5709.727	1.543	-0.599
5709.817	1.543	-0.576
5709.896	1.544	-0.552
5709.973	1.543	-0.531
5710.065	1.543	-0.513
5710.144	1.543	-0.493
5710.234	1.543	-0.477
5710.312	1.543	-0.463
5710.390	1.543	-0.446
5710.481	1.543	-0.430
5710.560	1.543	-0.419
5710.651	1.543	-0.406
5710.729	1.543	-0.395
5710.807	1.543	-0.384
5710.898	1.543	-0.373
5710.977	1.543	-0.366
5711.067	1.543	-0.357
5711.146	1.543	-0.346
5711.223	1.543	-0.338
5711.315	1.543	-0.325
5711.394	1.543	-0.316
5711.484	1.543	-0.305
5711.562	1.543	-0.292
5711.640	1.543	-0.279
5711.731	1.543	-0.264
5711.810	1.543	-0.251
5711.901	1.543	-0.238
5711.979	1.543	-0.226
5712.057	1.542	-0.215
5712.148	1.543	-0.202
5712.227	1.543	-0.191
5712.317	1.543	-0.178
5712.396	1.543	-0.167
5712.473	1.543	-0.156
5712.565	1.543	-0.144
5712.644	1.543	-0.131
5712.734	1.543	-0.120
5712.812	1.543	-0.107
5712.890	1.543	-0.092
5712.981	1.543	-0.081
5713.060	1.542	-0.068
5713.151	1.543	-0.053
5713.229	1.542	-0.041
5713.307	1.543	-0.028
5713.398	1.542	-0.014
5713.477	1.541	-0.001
5713.567	1.541	0.013
5713.646	1.541	0.024
5713.723	1.542	0.034
5713.815	1.542	0.045
5713.894	1.543	0.056
5713.984	1.541	0.069
5714.062	1.539	0.081
5714.140	1.541	0.092
5714.231	1.540	0.103
5714.310	1.540	0.116
5714.401	1.540	0.124
5714.479	1.540	0.132
5714.557	1.538	0.142
5714.648	1.540	0.150
5714.727	1.540	0.158
5714.817	1.541	0.164
5714.896	1.541	0.172
5714.973	1.539	0.179
5715.065	1.540	0.186
5715.144	1.538	0.193
5715.234	1.539	0.198
5715.312	1.541	0.203
5715.390	1.539	0.209
5715.481	1.540	0.216
5715.560	1.538	0.223
5715.651	1.542	0.227
5715.729	1.539	0.231
5715.807	1.539	0.238
5715.898	1.541	0.243
5715.977	1.541	0.246
5716.067	1.539	0.248
5716.146	1.541	0.253
5716.223	1.538	0.260
5716.315	1.540	0.266
5716.394	1.539	0.273
5716.484	1.538	0.278
5716.562	1.539	0.281
5716.640	1.539	0.282
5716.731	1.539	0.281
5716.810	1.539	0.280
5716.901	1.538	0.279
5716.979	1.538	0.277
5717.057	1.538	0.271
5717.148	1.538	0.265
5717.227	1.538	0.259
5717.317	1.538	0.251
5717.396	1.538	0.241
5717.473	1.538	0.230
5717.565	1.538	0.219
5717.644	1.538	0.208
5717.734	1.538	0.197
5717.812	1.538	0.186
5717.903	1.538	0.175
5717.981	1.538	0.163
5718.060	1.537	0.152
5718.151	1.538	0.141
5718.229	1.538	0.129
5718.307	1.538	0.118
5718.398	1.538	0.106
5718.477	1.538	0.095
5718.567	1.537	0.082
5718.646	1.538	0.070
5718.723	1.538	0.056
5718.815	1.536	0.039
5718.894	1.537	0.023
5718.984	1.537	0.005
5719.062	1.536	-0.010
5719.140	1.537	-0.025
5719.231	1.535	-0.042
5719.310	1.535	-0.058
5719.401	1.534	-0.075
5719.479	1.535	-0.089
5719.557	1.536	-0.103
5719.648	1.534	-0.118
5719.727	1.535	-0.136
5719.817	1.534	-0.153
5719.896	1.533	-0.167
5719.973	1.533	-0.180
5720.065	1.533	-0.195
5720.144	1.534	-0.209
5720.234	1.533	-0.222
5720.312	1.533	-0.237
5720.390	1.533	-0.248
5720.481	1.533	-0.260
5720.560	1.533	-0.274
5720.651	1.533	-0.288
5720.729	1.533	-0.300
5720.807	1.533	-0.314
5720.898	1.533	-0.325
5720.977	1.533	-0.339
5721.067	1.533	-0.355
5721.146	1.533	-0.368
5721.223	1.533	-0.383
5721.315	1.533	-0.395
5721.394	1.533	-0.407
5721.484	1.533	-0.419
5721.562	1.532	-0.431
5721.640	1.531	-0.443
5721.731	1.531	-0.457
5721.810	1.529	-0.469
5721.901	1.529	-0.480
5721.979	1.528	-0.491
5722.057	1.528	-0.505
5722.148	1.528	-0.519
5722.227	1.529	-0.533
5722.317	1.529	-0.548
5722.396	1.528	-0.561
5722.473	1.528	-0.576
5722.565	1.528	-0.589
5722.644	1.528	-0.603
5722.734	1.528	-0.615
5722.812	1.528	-0.631
5722.890	1.528	-0.647
5722.981	1.527	-0.662
5723.060	1.528	-0.679
5723.151	1.527	-0.698
5723.229	1.527	-0.717
5723.307	1.525	-0.736
5723.398	1.527	-0.754
5723.477	1.527	-0.772
5723.567	1.524	-0.787
5723.646	1.524	-0.804
5723.723	1.524	-0.818
5723.815	1.523	-0.832
5723.894	1.523	-0.850
5723.984	1.523	-0.869
5724.062	1.523	-0.881
5724.140	1.523	-0.894
5724.231	1.523	-0.908
5724.310	1.522	-0.928
5724.401	1.519	-0.948
5724.479	1.519	-0.971
5724.557	1.518	-0.991
5724.648	1.518	-1.012
5724.727	1.518	-1.033
5724.817	1.518	-1.053
5724.896	1.518	-1.076
5724.973	1.518	-1.101
5725.065	1.518	-1.126
5725.144	1.517	-1.151
5725.234	1.512	-1.174
5725.312	1.514	-1.197
5725.390	1.512	-1.220
5725.481	1.512	-1.242
5725.560	1.512	-1.265
5725.651	1.512	-1.287
5725.729	1.512	-1.308
5725.807	1.512	-1.326
5725.898	1.512	-1.344
5725.977	1.512	-1.361
5726.067	1.512	-1.376
5726.146	1.512	-1.390
5726.223	1.512	-1.401
5726.315	1.512	-1.412
5726.394	1.512	-1.422
5726.484	1.512	-1.429
5726.562	1.512	-1.438
5726.640	1.511	-1.449
5726.731	1.511	-1.461
5726.810	1.507	-1.472
5726.901	1.507	-1.484
5726.979	1.509	-1.496
5727.057	1.507	-1.511
5727.148	1.507	-1.529
5727.227	1.507	-1.547
5727.317	1.507	-1.567
5727.396	1.507	-1.592
5727.473	1.507	-1.616
5727.565	1.506	-1.640
5727.644	1.507	-1.662
5727.734	1.507	-1.686
5727.812	1.502	-1.708
5727.890	1.502	-1.729
5727.981	1.502	-1.749
5728.060	1.502	-1.767
5728.151	1.502	-1.783
5728.229	1.502	-1.799
5728.307	1.502	-1.812
5728.398	1.502	-1.822
5728.477	1.502	-1.829
5728.567	1.501	-1.835
5728.646	1.499	-1.840
5728.723	1.499	-1.849
5728.815	1.497	-1.854
5728.894	1.497	-1.859
5728.984	1.497	-1.868
5729.062	1.496	-1.876
5729.140	1.495	-1.884
5729.231	1.492	-1.885
5729.310	1.492	-1.891
5729.401	1.492	-1.893
5729.479	1.492	-1.898
5729.557	1.492	-1.904
5729.648	1.492	-1.911
5729.727	1.492	-1.916
5729.817	1.492	-1.920
5729.896	1.489	-1.924
5729.973	1.490	-1.927
5730.065	1.489	-1.931
5730.144	1.487	-1.934
5730.234	1.488	-1.934
5730.312	1.487	-1.934
5730.390	1.487	-1.934
5730.481	1.487	-1.933
5730.560	1.487	-1.929
5730.651	1.487	-1.928
5730.729	1.487	-1.925
5730.807	1.486	-1.920
5730.898	1.486	-1.917
5730.977	1.483	-1.914
5731.067	1.485	-1.909
5731.146	1.485	-1.905
5731.223	1.483	-1.899
5731.315	1.482	-1.895
5731.394	1.482	-1.890
5731.484	1.482	-1.885
5731.562	1.482	-1.878
5731.640	1.482	-1.871
5731.731	1.482	-1.863
5731.810	1.482	-1.852
5731.901	1.481	-1.838
5731.979	1.481	-1.829
5732.057	1.479	-1.819
5732.148	1.481	-1.812
5732.227	1.478	-1.806
5732.317	1.478	-1.799
5732.396	1.477	-1.793
5732.473	1.477	-1.788
5732.565	1.477	-1.780
5732.644	1.477	-1.778
5732.734	1.477	-1.771
5732.812	1.477	-1.769
5732.890	1.477	-1.764
5732.981	1.474	-1.761
5733.060	1.475	-1.761
5733.151	1.475	-1.757
5733.229	1.474	-1.756
5733.307	1.472	-1.756
5733.398	1.473	-1.756
5733.477	1.473	-1.755
5733.567	1.472	-1.754
5733.646	1.472	-1.750
5733.723	1.472	-1.748
5733.815	1.472	-1.745
5733.894	1.472	-1.742
5733.984	1.472	-1.739
5734.062	1.472	-1.735
5734.140	1.470	-1.728
5734.231	1.470	-1.719
5734.310	1.469	-1.710
5734.401	1.468	-1.699
5734.479	1.467	-1.684
5734.557	1.467	-1.672
5734.648	1.467	-1.660
5734.727	1.467	-1.648
5734.817	1.467	-1.636
5734.896	1.467	-1.620
5734.973	1.467	-1.606
5735.065	1.467	-1.587
5735.144	1.467	-1.569
5735.234	1.467	-1.554
5735.312	1.466	-1.534
5735.390	1.464	-1.511
5735.481	1.464	-1.489
5735.560	1.462	-1.466
5735.651	1.463	-1.445
5735.729	1.462	-1.426
5735.807	1.461	-1.404
5735.898	1.461	-1.379
5735.977	1.461	-1.353
5736.067	1.461	-1.331
5736.146	1.461	-1.306
5736.223	1.461	-1.286
5736.315	1.461	-1.262
5736.394	1.461	-1.238
5736.484	1.461	-1.216
5736.549	1.461	-1.189
5736.640	1.461	-1.165
5736.731	1.461	-1.142
5736.810	1.461	-1.116
5736.901	1.461	-1.090
5736.979	1.461	-1.067
5737.057	1.461	-1.043
5737.148	1.461	-1.015
5737.227	1.461	-0.988
5737.317	1.460	-0.965
5737.396	1.460	-0.938
5737.473	1.460	-0.910
5737.565	1.458	-0.889
5737.644	1.459	-0.864
5737.734	1.457	-0.841
5737.812	1.456	-0.822
5737.890	1.456	-0.807
5737.981	1.456	-0.793
5738.060	1.456	-0.780
5738.151	1.456	-0.769
5738.229	1.456	-0.761
5738.307	1.456	-0.753
5738.398	1.456	-0.745
5738.477	1.456	-0.736
5738.567	1.456	-0.728
5738.646	1.456	-0.718
5738.723	1.455	-0.709
5738.815	1.455	-0.701
5738.894	1.453	-0.694
5738.984	1.454	-0.688
5739.062	1.451	-0.674
5739.140	1.453	-0.661
5739.231	1.452	-0.649
5739.310	1.454	-0.636
5739.401	1.451	-0.619
5739.479	1.451	-0.604
5739.557	1.451	-0.587
5739.648	1.453	-0.570
5739.727	1.452	-0.551
5739.817	1.453	-0.531
5739.896	1.452	-0.509
5739.973	1.451	-0.488
5740.065	1.451	-0.469
5740.144	1.451	-0.449
5740.234	1.451	-0.425
5740.312	1.452	-0.403
5740.390	1.451	-0.383
5740.481	1.451	-0.363
5740.560	1.451	-0.344
5740.651	1.451	-0.326
5740.729	1.451	-0.310
5740.807	1.451	-0.294
5740.898	1.452	-0.276
5740.977	1.451	-0.257
5741.067	1.451	-0.239
5741.146	1.451	-0.222
5741.223	1.451	-0.205
5741.315	1.451	-0.188
5741.394	1.451	-0.174
5741.458	1.451	-0.161
5741.562	1.451	-0.147
5741.640	1.451	-0.132
5741.731	1.451	-0.119
5741.810	1.451	-0.107
5741.901	1.451	-0.096
5741.979	1.451	-0.090
5742.057	1.451	-0.085
5742.148	1.451	-0.079
5742.227	1.451	-0.072
5742.317	1.451	-0.064
5742.396	1.451	-0.057
5742.473	1.451	-0.051
5742.565	1.451	-0.045
5742.644	1.451	-0.038
5742.734	1.451	-0.029
5742.812	1.451	-0.021
5742.890	1.451	-0.012
5742.981	1.451	-0.000
5743.060	1.451	0.009
5743.138	1.451	0.022
5743.229	1.451	0.035
5743.307	1.451	0.042
5743.398	1.451	0.052
5743.477	1.451	0.062
5743.554	1.451	0.071
5743.646	1.451	0.076
5743.723	1.451	0.079
5743.815	1.451	0.086
5743.894	1.451	0.093
5743.971	1.451	0.095
5744.062	1.451	0.100
5744.140	1.451	0.100
5744.231	1.451	0.102
5744.310	1.451	0.106
5744.388	1.451	0.113
5744.479	1.451	0.115
5744.557	1.451	0.119
5744.648	1.451	0.119
5744.727	1.451	0.120
5744.804	1.451	0.121
5744.896	1.451	0.124
5744.973	1.451	0.125
5745.065	1.451	0.128
5745.144	1.451	0.130
5745.234	1.451	0.130
5745.312	1.451	0.135
5745.390	1.451	0.135
5745.481	1.451	0.135
5745.560	1.451	0.136
5745.651	1.450	0.138
5745.729	1.450	0.140
5745.807	1.451	0.137
5745.898	1.451	0.134
5745.977	1.451	0.130
5746.067	1.451	0.130
5746.146	1.450	0.128
5746.223	1.450	0.125
5746.315	1.451	0.124
5746.394	1.450	0.125
5746.484	1.450	0.119
5746.562	1.451	0.115
5746.640	1.451	0.108
5746.731	1.451	0.104
5746.810	1.451	0.098
5746.901	1.451	0.095
5746.979	1.449	0.089
5747.057	1.449	0.087
5747.148	1.450	0.085
5747.227	1.450	0.083
5747.317	1.449	0.079
5747.396	1.451	0.071
5747.473	1.449	0.063
5747.565	1.450	0.057
5747.644	1.450	0.051
5747.734	1.449	0.047
5747.812	1.448	0.040
5747.890	1.450	0.036
5747.981	1.450	0.031
5748.060	1.450	0.026
5748.138	1.449	0.023
5748.229	1.450	0.021
5748.307	1.448	0.018
5748.398	1.449	0.015
5748.477	1.447	0.012
5748.567	1.448	0.007
5748.646	1.446	0.003
5748.723	1.446	0.003
5748.815	1.448	0.001
5748.894	1.446	-0.002
5748.984	1.447	-0.006
5749.062	1.447	-0.012
5749.140	1.446	-0.023
5749.231	1.447	-0.032
5749.310	1.446	-0.040
5749.401	1.446	-0.047
5749.479	1.446	-0.056
5749.557	1.447	-0.062
5749.648	1.446	-0.068
5749.727	1.447	-0.076
5749.817	1.447	-0.085
5749.896	1.446	-0.095
5749.973	1.446	-0.102
5750.065	1.446	-0.111
5750.144	1.446	-0.118
5750.234	1.446	-0.125
5750.312	1.446	-0.135
5750.390	1.446	-0.143
5750.468	1.446	-0.153
5750.560	1.446	-0.164
5750.638	1.446	-0.175
5750.729	1.445	-0.186
5750.807	1.446	-0.198
5750.898	1.446	-0.211
5750.977	1.445	-0.226
5751.067	1.446	-0.243
5751.146	1.446	-0.258
5751.223	1.446	-0.277
5751.315	1.446	-0.295
5751.394	1.446	-0.312
5751.484	1.445	-0.326
5751.562	1.444	-0.339
5751.640	1.444	-0.352
5751.731	1.443	-0.363
5751.810	1.443	-0.378
5751.901	1.441	-0.392
5751.979	1.441	-0.409
5752.057	1.441	-0.426
5752.148	1.441	-0.445
5752.227	1.441	-0.463
5752.304	1.441	-0.482
5752.396	1.441	-0.493
5752.473	1.441	-0.508
5752.565	1.441	-0.520
5752.644	1.441	-0.536
5752.721	1.441	-0.553
5752.812	1.441	-0.568
5752.890	1.441	-0.582
5752.981	1.440	-0.593
5753.060	1.439	-0.606
5753.151	1.439	-0.615
5753.229	1.439	-0.623
5753.307	1.437	-0.633
5753.398	1.438	-0.646
5753.477	1.436	-0.657
5753.567	1.436	-0.669
5753.646	1.436	-0.681
5753.723	1.436	-0.694
5753.815	1.436	-0.706
5753.894	1.436	-0.722
5753.984	1.436	-0.736
5754.062	1.436	-0.753
5754.140	1.436	-0.769
5754.231	1.436	-0.786
5754.310	1.435	-0.805
5754.388	1.436	-0.821
5754.479	1.436	-0.839
5754.557	1.435	-0.855
5754.648	1.433	-0.870
5754.727	1.433	-0.883
5754.804	1.432	-0.896
5754.896	1.431	-0.909
5754.973	1.431	-0.925
5755.065	1.431	-0.943
5755.144	1.431	-0.964
5755.221	1.431	-0.985
5755.312	1.431	-1.007
5755.377	1.431	-1.026
5755.481	1.431	-1.044
5755.560	1.431	-1.060
5755.638	1.431	-1.073
5755.729	1.431	-1.089
5755.807	1.431	-1.106
5755.898	1.431	-1.125
5755.977	1.429	-1.141
5756.067	1.428	-1.157
5756.146	1.427	-1.174
5756.223	1.426	-1.192
5756.315	1.427	-1.214
5756.394	1.426	-1.233
5756.484	1.426	-1.253
5756.562	1.426	-1.277
5756.640	1.426	-1.301
5756.731	1.425	-1.327
5756.810	1.425	-1.351
5756.901	1.423	-1.374
5756.979	1.424	-1.394
5757.057	1.422	-1.412
5757.148	1.423	-1.429
5757.227	1.423	-1.445
5757.317	1.421	-1.461
5757.396	1.422	-1.473
5757.473	1.421	-1.486
5757.565	1.421	-1.501
5757.644	1.421	-1.514
5757.734	1.421	-1.530
5757.812	1.421	-1.545
5757.890	1.420	-1.561
5757.981	1.419	-1.579
5758.060	1.419	-1.595
5758.151	1.417	-1.611
5758.229	1.416	-1.626
5758.307	1.416	-1.645
5758.398	1.416	-1.665
5758.477	1.416	-1.686
5758.567	1.416	-1.706
5758.646	1.414	-1.724
5758.723	1.413	-1.739
5758.815	1.413	-1.754
5758.894	1.411	-1.766
5758.984	1.411	-1.777
5759.062	1.411	-1.786
5759.140	1.411	-1.797
5759.231	1.411	-1.807
5759.310	1.411	-1.814
5759.388	1.411	-1.825
5759.479	1.410	-1.833
5759.557	1.409	-1.842
5759.648	1.410	-1.852
5759.727	1.408	-1.860
5759.817	1.405	-1.868
5759.896	1.405	-1.878
5759.973	1.405	-1.889
5760.065	1.405	-1.900
5760.144	1.405	-1.909
5760.221	1.405	-1.918
5760.312	1.405	-1.924
5760.390	1.405	-1.930
5760.481	1.405	-1.934
5760.560	1.405	-1.935
5760.651	1.404	-1.940
5760.729	1.401	-1.942
5760.807	1.402	-1.946
5760.898	1.400	-1.949
5760.977	1.400	-1.953
5761.054	1.400	-1.955
5761.146	1.400	-1.959
5761.223	1.400	-1.965
5761.315	1.400	-1.968
5761.394	1.398	-1.970
5761.471	1.395	-1.971
5761.562	1.395	-1.972
5761.640	1.395	-1.973
5761.731	1.395	-1.972
5761.810	1.395	-1.970
5761.888	1.395	-1.970
5761.979	1.395	-1.968
5762.057	1.395	-1.965
5762.148	1.394	-1.965
5762.227	1.393	-1.959
5762.304	1.394	-1.959
5762.396	1.392	-1.954
5762.473	1.390	-1.954
5762.565	1.391	-1.948
5762.644	1.390	-1.942
5762.734	1.390	-1.937
5762.812	1.390	-1.931
5762.890	1.390	-1.926
5762.981	1.390	-1.922
5763.060	1.390	-1.916
5763.138	1.390	-1.910
5763.229	1.389	-1.901
5763.307	1.388	-1.891
5763.398	1.388	-1.883
5763.477	1.388	-1.875
5763.554	1.388	-1.870
5763.646	1.386	-1.860
5763.723	1.386	-1.852
5763.815	1.385	-1.844
5763.894	1.385	-1.835
5763.971	1.385	-1.829
5764.062	1.385	-1.822
5764.140	1.385	-1.812
5764.231	1.385	-1.804
5764.310	1.384	-1.793
5764.375	1.383	-1.784
5764.479	1.382	-1.773
5764.557	1.382	-1.764
5764.648	1.380	-1.756
5764.727	1.381	-1.749
5764.804	1.380	-1.743
5764.896	1.380	-1.732
5764.973	1.380	-1.720
5765.065	1.380	-1.709
5765.144	1.380	-1.696
5765.221	1.380	-1.687
5765.312	1.380	-1.677
5765.390	1.379	-1.670
5765.481	1.380	-1.658
5765.560	1.379	-1.647
5765.638	1.379	-1.633
5765.729	1.380	-1.621
5765.807	1.377	-1.611
5765.898	1.376	-1.595
5765.977	1.377	-1.580
5766.054	1.376	-1.566
5766.146	1.375	-1.551
5766.223	1.375	-1.536
5766.315	1.375	-1.524
5766.394	1.375	-1.512
5766.471	1.375	-1.496
5766.562	1.374	-1.483
5766.640	1.373	-1.470
5766.731	1.374	-1.458
5766.810	1.371	-1.446
5766.888	1.371	-1.436
5766.979	1.370	-1.427
5767.057	1.370	-1.416
5767.148	1.370	-1.403
5767.227	1.370	-1.390
5767.304	1.370	-1.375
5767.396	1.370	-1.360
5767.473	1.370	-1.346
5767.565	1.370	-1.332
5767.644	1.370	-1.315
5767.721	1.370	-1.300
5767.812	1.370	-1.284
5767.890	1.370	-1.264
5767.981	1.370	-1.242
5768.060	1.370	-1.223
5768.138	1.370	-1.202
5768.229	1.370	-1.185
5768.307	1.370	-1.168
5768.398	1.370	-1.152
5768.477	1.370	-1.140
5768.554	1.370	-1.124
5768.646	1.369	-1.110
5768.723	1.369	-1.096
5768.815	1.368	-1.083
5768.894	1.366	-1.073
5768.971	1.365	-1.063
5769.062	1.365	-1.056
5769.140	1.365	-1.050
5769.231	1.365	-1.039
5769.310	1.365	-1.026
5769.388	1.365	-1.011
5769.479	1.365	-0.999
5769.557	1.365	-0.988
5769.648	1.365	-0.977
5769.727	1.365	-0.965
5769.804	1.365	-0.952
5769.896	1.365	-0.941
5769.973	1.365	-0.930
5770.065	1.365	-0.918
5770.144	1.365	-0.904
5770.221	1.365	-0.892
5770.312	1.364	-0.879
5770.390	1.365	-0.864
5770.481	1.365	-0.847
5770.560	1.364	-0.828
5770.638	1.364	-0.813
5770.729	1.361	-0.795
5770.807	1.360	-0.781
5770.898	1.360	-0.766
5770.977	1.360	-0.750
5771.054	1.360	-0.735
5771.146	1.360	-0.726
5771.223	1.360	-0.714
5771.315	1.360	-0.704
5771.394	1.360	-0.693
5771.471	1.360	-0.684
5771.562	1.360	-0.672
5771.640	1.360	-0.661
5771.731	1.360	-0.648
5771.810	1.360	-0.632
5771.888	1.360	-0.615
5771.979	1.360	-0.602
5772.057	1.360	-0.587
5772.148	1.360	-0.576
5772.227	1.360	-0.563
5772.304	1.360	-0.550
5772.396	1.360	-0.538
5772.473	1.360	-0.528
5772.565	1.360	-0.516
5772.644	1.360	-0.505
5772.721	1.358	-0.494
5772.812	1.360	-0.482
5772.890	1.359	-0.468
5772.981	1.360	-0.455
5773.060	1.359	-0.444
5773.138	1.360	-0.431
5773.229	1.359	-0.423
5773.307	1.360	-0.412
5773.398	1.360	-0.404
5773.477	1.359	-0.393
5773.554	1.358	-0.382
5773.646	1.357	-0.373
5773.723	1.358	-0.367
5773.815	1.359	-0.360
5773.894	1.356	-0.351
5773.971	1.357	-0.344
5774.062	1.356	-0.340
5774.140	1.356	-0.333
5774.231	1.354	-0.326
5774.310	1.355	-0.321
5774.388	1.355	-0.316
5774.479	1.355	-0.310
5774.557	1.355	-0.307
5774.648	1.354	-0.303
5774.727	1.354	-0.297
5774.804	1.354	-0.290
5774.896	1.354	-0.282
5774.973	1.354	-0.277
5775.065	1.354	-0.273
5775.144	1.354	-0.267
5775.221	1.354	-0.265
5775.312	1.354	-0.261
5775.390	1.354	-0.256
5775.481	1.354	-0.252
5775.560	1.354	-0.251
5775.638	1.354	-0.248
5775.729	1.354	-0.243
5775.807	1.354	-0.242
5775.898	1.354	-0.242
5775.977	1.354	-0.237
5776.054	1.354	-0.237
5776.146	1.354	-0.232
5776.223	1.354	-0.230
5776.315	1.354	-0.227
5776.394	1.354	-0.226
5776.471	1.354	-0.227
5776.562	1.354	-0.226
5776.640	1.354	-0.226
5776.731	1.354	-0.227
5776.810	1.354	-0.232
5776.888	1.354	-0.234
5776.979	1.353	-0.237
5777.057	1.353	-0.240
5777.148	1.352	-0.242
5777.227	1.354	-0.242
5777.304	1.354	-0.248
5777.396	1.353	-0.254
5777.473	1.349	-0.261
5777.565	1.351	-0.266
5777.644	1.349	-0.275
5777.721	1.349	-0.283
5777.812	1.351	-0.290
5777.890	1.350	-0.298
5777.981	1.349	-0.305
5778.060	1.349	-0.313
5778.138	1.349	-0.320
5778.229	1.349	-0.323
5778.307	1.349	-0.323
5778.398	1.349	-0.324
5778.477	1.349	-0.329
5778.554	1.349	-0.329
5778.646	1.349	-0.332
5778.723	1.349	-0.333
5778.815	1.349	-0.333
5778.894	1.349	-0.334
5778.971	1.349	-0.336
5779.062	1.349	-0.338
5779.140	1.349	-0.339
5779.231	1.349	-0.340
5779.310	1.349	-0.344
5779.388	1.349	-0.340
5779.479	1.349	-0.343
5779.557	1.349	-0.343
5779.648	1.349	-0.339
5779.727	1.348	-0.341
5779.804	1.348	-0.343
5779.896	1.348	-0.346
5779.973	1.348	-0.356
5780.065	1.347	-0.367
5780.144	1.347	-0.379
5780.221	1.344	-0.395
5780.312	1.344	-0.409
5780.390	1.344	-0.424
5780.481	1.344	-0.438
5780.560	1.344	-0.451
5780.638	1.344	-0.462
5780.729	1.344	-0.474
5780.807	1.344	-0.484
5780.898	1.344	-0.493
5780.977	1.344	-0.502
5781.054	1.344	-0.513
5781.146	1.344	-0.524
5781.223	1.344	-0.534
5781.315	1.344	-0.544
5781.394	1.344	-0.553
5781.471	1.344	-0.564
5781.562	1.344	-0.571
5781.640	1.344	-0.581
5781.731	1.344	-0.588
5781.810	1.343	-0.593
5781.888	1.344	-0.598
5781.979	1.343	-0.607
5782.057	1.343	-0.614
5782.148	1.343	-0.620
5782.227	1.342	-0.627
5782.304	1.342	-0.632
5782.396	1.340	-0.641
5782.473	1.340	-0.649
5782.565	1.339	-0.660
5782.644	1.339	-0.672
5782.721	1.339	-0.685
5782.812	1.339	-0.699
5782.890	1.339	-0.715
5782.981	1.339	-0.731
5783.060	1.339	-0.749
5783.138	1.339	-0.765
5783.229	1.339	-0.785
5783.307	1.339	-0.802
5783.398	1.339	-0.819
5783.477	1.339	-0.841
5783.554	1.337	-0.860
5783.646	1.338	-0.879
5783.723	1.336	-0.899
5783.815	1.334	-0.920
5783.894	1.335	-0.941
5783.971	1.334	-0.963
5784.062	1.334	-0.982
5784.140	1.334	-1.005
5784.231	1.334	-1.027
5784.310	1.333	-1.050
5784.388	1.333	-1.071
5784.479	1.331	-1.090
5784.557	1.330	-1.110
5784.648	1.331	-1.131
5784.727	1.329	-1.151
5784.804	1.329	-1.167
5784.896	1.329	-1.184
5784.973	1.329	-1.198
5785.065	1.330	-1.213
5785.144	1.329	-1.225
5785.221	1.329	-1.236
5785.312	1.329	-1.245
5785.390	1.329	-1.253
5785.481	1.329	-1.260
5785.560	1.329	-1.268
5785.638	1.328	-1.274
5785.729	1.328	-1.282
5785.807	1.328	-1.291
5785.898	1.325	-1.300
5785.977	1.325	-1.310
5786.054	1.324	-1.322
5786.146	1.325	-1.335
5786.223	1.324	-1.350
5786.315	1.324	-1.369
5786.394	1.324	-1.387
5786.471	1.324	-1.406
5786.562	1.324	-1.426
5786.640	1.324	-1.446
5786.731	1.324	-1.466
5786.810	1.324	-1.484
5786.888	1.321	-1.503
5786.979	1.319	-1.524
5787.057	1.319	-1.550
5787.148	1.319	-1.571
5787.227	1.319	-1.593
5787.304	1.319	-1.612
5787.396	1.319	-1.628
5787.473	1.319	-1.643
5787.565	1.319	-1.655
5787.644	1.319	-1.670
5787.721	1.315	-1.686
5787.812	1.318	-1.699
5787.890	1.314	-1.710
5787.981	1.315	-1.722
5788.060	1.314	-1.730
5788.138	1.315	-1.735
5788.229	1.314	-1.740
5788.307	1.314	-1.744
5788.398	1.314	-1.749
5788.477	1.314	-1.756
5788.554	1.314	-1.766
5788.646	1.314	-1.776
5788.723	1.313	-1.784
5788.802	1.311	-1.794
5788.894	1.309	-1.805
5788.971	1.309	-1.815
5789.062	1.309	-1.829
5789.140	1.309	-1.842
5789.231	1.309	-1.854
5789.310	1.309	-1.869
5789.388	1.309	-1.884
5789.479	1.307	-1.902
5789.557	1.308	-1.921
5789.648	1.304	-1.942
5789.727	1.304	-1.962
5789.804	1.303	-1.981
5789.896	1.303	-1.997
5789.973	1.304	-2.010
5790.065	1.303	-2.023
5790.144	1.303	-2.034
5790.221	1.303	-2.047
5790.312	1.303	-2.056
5790.390	1.303	-2.064
5790.481	1.303	-2.076
5790.560	1.303	-2.085
5790.638	1.302	-2.095
5790.729	1.299	-2.102
5790.807	1.299	-2.106
5790.898	1.298	-2.108
5790.977	1.298	-2.111
5791.054	1.298	-2.117
5791.146	1.298	-2.123
5791.223	1.298	-2.130
5791.315	1.297	-2.136
5791.394	1.298	-2.142
5791.471	1.296	-2.149
5791.562	1.295	-2.152
5791.640	1.293	-2.153
5791.731	1.293	-2.156
5791.810	1.293	-2.158
5791.888	1.292	-2.158
5791.979	1.290	-2.158
5792.057	1.290	-2.162
5792.148	1.288	-2.161
5792.227	1.288	-2.163
5792.304	1.288	-2.167
5792.396	1.288	-2.169
5792.473	1.288	-2.173
5792.565	1.288	-2.178
5792.644	1.288	-2.179
5792.721	1.288	-2.179
5792.812	1.288	-2.179
5792.890	1.288	-2.176
5792.981	1.288	-2.170
5793.060	1.287	-2.162
5793.138	1.288	-2.155
5793.229	1.287	-2.144
5793.307	1.285	-2.134
5793.398	1.284	-2.125
5793.477	1.283	-2.116
5793.554	1.282	-2.105
5793.646	1.282	-2.100
5793.723	1.278	-2.093
5793.815	1.278	-2.089
5793.894	1.278	-2.087
5793.971	1.278	-2.087
5794.062	1.278	-2.087
5794.140	1.278	-2.087
5794.231	1.278	-2.090
5794.310	1.276	-2.092
5794.388	1.274	-2.094
5794.479	1.275	-2.096
5794.557	1.275	-2.097
5794.648	1.274	-2.097
5794.727	1.273	-2.093
5794.804	1.273	-2.085
5794.896	1.273	-2.078
5794.973	1.273	-2.067
5795.065	1.273	-2.055
5795.144	1.272	-2.041
5795.221	1.272	-2.027
5795.312	1.270	-2.012
5795.390	1.269	-2.000
5795.481	1.268	-1.987
5795.560	1.268	-1.974
5795.638	1.268	-1.964
5795.729	1.268	-1.953
5795.807	1.268	-1.941
5795.898	1.268	-1.929
5795.977	1.268	-1.915
5796.054	1.268	-1.901
5796.146	1.268	-1.888
5796.223	1.268	-1.874
5796.315	1.268	-1.858
5796.394	1.267	-1.844
5796.471	1.267	-1.828
5796.562	1.266	-1.811
5796.640	1.266	-1.794
5796.731	1.263	-1.777
5796.810	1.263	-1.758
5796.888	1.263	-1.739
5796.979	1.263	-1.723
5797.057	1.263	-1.710
5797.148	1.263	-1.693
5797.227	1.263	-1.675
5797.304	1.263	-1.660
5797.396	1.263	-1.647
5797.473	1.263	-1.634
5797.565	1.263	-1.624
5797.644	1.261	-1.614
5797.721	1.260	-1.602
5797.812	1.259	-1.592
5797.890	1.259	-1.582
5797.981	1.258	-1.572
5798.060	1.258	-1.564
5798.138	1.258	-1.552
5798.229	1.258	-1.545
5798.307	1.257	-1.536
5798.398	1.258	-1.528
5798.477	1.257	-1.517
5798.554	1.257	-1.508
5798.646	1.255	-1.501
5798.723	1.254	-1.491
5798.815	1.254	-1.480
5798.894	1.253	-1.470
5798.971	1.254	-1.460
5799.062	1.252	-1.447
5799.140	1.252	-1.435
5799.231	1.252	-1.422
5799.310	1.252	-1.406
5799.388	1.252	-1.387
5799.479	1.252	-1.370
5799.557	1.252	-1.353
5799.635	1.252	-1.336
5799.727	1.252	-1.317
5799.804	1.251	-1.298
5799.896	1.251	-1.276
5799.973	1.250	-1.252
5800.065	1.249	-1.230
5800.144	1.249	-1.208
5800.221	1.248	-1.186
5800.312	1.248	-1.164
5800.390	1.247	-1.141
5800.481	1.247	-1.122
5800.560	1.247	-1.098
5800.638	1.247	-1.073
5800.729	1.247	-1.052
5800.807	1.247	-1.027
5800.885	1.247	-1.005
5800.977	1.247	-0.986
5801.054	1.247	-0.968
5801.146	1.247	-0.951
5801.223	1.247	-0.935
5801.302	1.247	-0.919
5801.394	1.247	-0.902
5801.471	1.247	-0.885
5801.562	1.247	-0.865
5801.640	1.247	-0.847
5801.731	1.247	-0.828
5801.810	1.247	-0.810
5801.888	1.246	-0.795
5801.979	1.246	-0.779
5802.057	1.246	-0.765
5802.148	1.247	-0.751
5802.227	1.246	-0.738
5802.304	1.246	-0.728
5802.396	1.244	-0.718
5802.473	1.245	-0.709
5802.552	1.243	-0.700
5802.644	1.244	-0.690
5802.721	1.243	-0.679
5802.812	1.245	-0.669
5802.890	1.243	-0.655
5802.981	1.242	-0.645
5803.060	1.243	-0.635
5803.138	1.244	-0.627
5803.229	1.242	-0.616
5803.307	1.242	-0.609
5803.385	1.242	-0.600
5803.477	1.242	-0.592
5803.554	1.242	-0.588
5803.646	1.242	-0.582
5803.723	1.242	-0.578
5803.802	1.242	-0.572
5803.894	1.242	-0.568
5803.971	1.242	-0.565
5804.062	1.242	-0.558
5804.140	1.242	-0.553
5804.231	1.242	-0.549
5804.310	1.242	-0.545
5804.388	1.242	-0.538
5804.479	1.242	-0.532
5804.557	1.242	-0.526
5804.648	1.242	-0.519
5804.727	1.242	-0.509
5804.804	1.242	-0.505
5804.896	1.242	-0.502
5804.973	1.241	-0.497
5805.052	1.241	-0.497
5805.144	1.241	-0.492
5805.221	1.240	-0.488
5805.312	1.241	-0.486
5805.390	1.240	-0.486
5805.468	1.237	-0.485
5805.560	1.238	-0.486
5805.638	1.238	-0.486
5805.729	1.238	-0.491
5805.807	1.240	-0.491
5805.885	1.237	-0.497
5805.977	1.237	-0.498
5806.054	1.237	-0.498
5806.146	1.237	-0.494
5806.223	1.237	-0.489
5806.315	1.237	-0.484
5806.394	1.237	-0.477
5806.471	1.237	-0.472
5806.562	1.237	-0.466
5806.640	1.237	-0.458
5806.718	1.237	-0.456
5806.810	1.237	-0.451
5806.888	1.237	-0.448
5806.979	1.237	-0.446
5807.057	1.237	-0.438
5807.148	1.237	-0.434
5807.227	1.237	-0.427
5807.304	1.237	-0.419
5807.396	1.237	-0.413
5807.473	1.237	-0.409
5807.565	1.236	-0.405
5807.644	1.236	-0.405
5807.721	1.237	-0.405
5807.812	1.236	-0.405
5807.890	1.237	-0.405
5807.981	1.236	-0.405
5808.060	1.235	-0.405
5808.138	1.235	-0.407
5808.229	1.233	-0.407
5808.307	1.234	-0.405
5808.385	1.235	-0.405
5808.477	1.235	-0.405
5808.554	1.234	-0.405
5808.646	1.234	-0.405
5808.723	1.233	-0.406
5808.802	1.233	-0.407
5808.894	1.232	-0.407
5808.971	1.234	-0.409
5809.062	1.232	-0.408
5809.140	1.232	-0.405
5809.231	1.232	-0.405
5809.310	1.232	-0.405
5809.388	1.232	-0.407
5809.479	1.233	-0.409
5809.557	1.232	-0.410
5809.635	1.232	-0.410
5809.727	1.233	-0.413
5809.804	1.232	-0.417
5809.896	1.232	-0.422
5809.973	1.232	-0.425
5810.065	1.232	-0.429
5810.144	1.232	-0.432
5810.221	1.232	-0.436
5810.312	1.232	-0.440
5810.390	1.232	-0.445
5810.468	1.232	-0.450
5810.560	1.230	-0.457
5810.638	1.230	-0.469
5810.729	1.230	-0.478
5810.807	1.227	-0.486
5810.885	1.228	-0.493
5810.977	1.230	-0.503
5811.054	1.227	-0.512
5811.146	1.228	-0.521
5811.223	1.227	-0.527
5811.315	1.227	-0.534
5811.394	1.227	-0.542
5811.471	1.227	-0.551
5811.562	1.227	-0.562
5811.640	1.227	-0.571
5811.718	1.227	-0.580
5811.810	1.227	-0.587
5811.888	1.227	-0.596
5811.979	1.227	-0.606
5812.057	1.227	-0.615
5812.148	1.227	-0.622
5812.227	1.227	-0.632
5812.304	1.227	-0.640
5812.396	1.227	-0.649
5812.473	1.227	-0.659
5812.552	1.227	-0.667
5812.644	1.227	-0.671
5812.721	1.227	-0.676
5812.812	1.227	-0.680
5812.890	1.227	-0.687
5812.981	1.226	-0.690
5813.060	1.224	-0.694
5813.138	1.226	-0.695
5813.229	1.224	-0.698
5813.307	1.223	-0.700
5813.385	1.223	-0.702
5813.477	1.223	-0.710
5813.554	1.222	-0.719
5813.646	1.222	-0.733
5813.723	1.222	-0.751
5813.815	1.222	-0.772
5813.894	1.219	-0.797
5813.971	1.222	-0.817
5814.062	1.220	-0.841
5814.140	1.221	-0.865
5814.231	1.222	-0.890
5814.310	1.221	-0.909
5814.388	1.221	-0.930
5814.479	1.221	-0.948
5814.557	1.218	-0.967
5814.635	1.218	-0.982
5814.727	1.218	-0.997
5814.804	1.218	-1.011
5814.896	1.217	-1.019
5814.973	1.217	-1.027
5815.065	1.217	-1.036
5815.144	1.217	-1.043
5815.221	1.217	-1.047
5815.312	1.217	-1.050
5815.390	1.217	-1.056
5815.468	1.217	-1.060
5815.560	1.217	-1.067
5815.638	1.217	-1.078
5815.729	1.215	-1.088
5815.807	1.216	-1.101
5815.898	1.213	-1.112
5815.977	1.215	-1.124
5816.054	1.213	-1.138
5816.146	1.212	-1.149
5816.223	1.212	-1.162
5816.302	1.212	-1.175
5816.394	1.212	-1.188
5816.471	1.208	-1.202
5816.562	1.210	-1.214
5816.640	1.207	-1.229
5816.718	1.207	-1.243
5816.810	1.207	-1.259
5816.888	1.207	-1.274
5816.979	1.207	-1.290
5817.057	1.207	-1.306
5817.135	1.207	-1.321
5817.227	1.207	-1.334
5817.304	1.207	-1.347
5817.396	1.207	-1.359
5817.473	1.207	-1.372
5817.552	1.207	-1.383
5817.644	1.207	-1.392
5817.721	1.207	-1.401
5817.812	1.207	-1.406
5817.890	1.207	-1.414
5817.968	1.206	-1.425
5818.060	1.204	-1.435
5818.138	1.203	-1.446
5818.229	1.202	-1.452
5818.307	1.201	-1.459
5818.385	1.201	-1.468
5818.477	1.201	-1.479
5818.554	1.201	-1.496
5818.646	1.201	-1.515
5818.723	1.201	-1.534
5818.802	1.201	-1.550
5818.894	1.200	-1.570
5818.971	1.199	-1.590
5819.062	1.196	-1.607
5819.140	1.196	-1.624
5819.218	1.196	-1.641
5819.310	1.196	-1.656
5819.388	1.196	-1.674
5819.479	1.196	-1.690
5819.557	1.196	-1.705
5819.635	1.196	-1.718
5819.727	1.196	-1.731
5819.804	1.194	-1.741
5819.896	1.195	-1.752
5819.973	1.193	-1.761
5820.039	1.191	-1.775
5820.144	1.191	-1.785
5820.221	1.191	-1.797
5820.312	1.191	-1.806
5820.390	1.191	-1.815
5820.468	1.191	-1.823
5820.560	1.188	-1.831
5820.638	1.189	-1.839
5820.729	1.187	-1.847
5820.807	1.187	-1.856
5820.885	1.188	-1.865
5820.977	1.186	-1.876
5821.054	1.186	-1.886
5821.146	1.186	-1.897
5821.223	1.186	-1.908
5821.302	1.186	-1.918
5821.394	1.186	-1.926
5821.471	1.184	-1.937
5821.562	1.184	-1.946
5821.640	1.182	-1.953
5821.718	1.181	-1.955
5821.810	1.181	-1.959
5821.888	1.181	-1.962
5821.979	1.181	-1.971
5822.057	1.181	-1.976
5822.135	1.181	-1.981
5822.227	1.181	-1.985
5822.304	1.181	-1.989
5822.396	1.181	-1.990
5822.473	1.179	-1.988
5822.552	1.180	-1.987
5822.644	1.179	-1.983
5822.721	1.178	-1.980
5822.812	1.176	-1.976
5822.890	1.176	-1.975
5822.968	1.176	-1.975
5823.060	1.176	-1.973
5823.138	1.176	-1.972
5823.229	1.175	-1.975
5823.307	1.175	-1.975
5823.385	1.174	-1.978
5823.477	1.173	-1.983
5823.554	1.173	-1.989
5823.646	1.171	-1.995
5823.723	1.171	-2.000
5823.802	1.171	-2.004
5823.894	1.171	-2.010
5823.971	1.171	-2.011
5824.062	1.169	-2.015
5824.140	1.169	-2.015
5824.218	1.166	-2.015
5824.310	1.167	-2.015
5824.388	1.167	-2.015
5824.479	1.166	-2.015
5824.557	1.166	-2.015
5824.635	1.166	-2.014
5824.727	1.166	-2.010
5824.804	1.166	-2.005
5824.896	1.166	-1.999
5824.973	1.165	-1.995
5825.052	1.163	-1.993
5825.144	1.162	-1.990
5825.221	1.162	-1.983
5825.312	1.162	-1.978
5825.390	1.161	-1.976
5825.468	1.161	-1.975
5825.560	1.161	-1.972
5825.638	1.161	-1.971
5825.729	1.161	-1.972
5825.807	1.161	-1.972
5825.885	1.161	-1.969
5825.977	1.161	-1.965
5826.054	1.161	-1.959
5826.146	1.161	-1.953
5826.223	1.159	-1.945
5826.302	1.157	-1.936
5826.394	1.156	-1.931
5826.471	1.156	-1.923
5826.562	1.156	-1.916
5826.640	1.156	-1.909
5826.718	1.156	-1.897
5826.810	1.156	-1.886
5826.888	1.156	-1.878
5826.979	1.156	-1.868
5827.057	1.155	-1.857
5827.135	1.154	-1.846
5827.227	1.154	-1.836
5827.304	1.152	-1.827
5827.396	1.151	-1.812
5827.473	1.151	-1.801
5827.552	1.150	-1.789
5827.644	1.150	-1.774
5827.721	1.150	-1.761
5827.812	1.150	-1.746
5827.890	1.148	-1.733
5827.968	1.148	-1.719
5828.060	1.147	-1.705
5828.138	1.149	-1.692
5828.229	1.146	-1.677
5828.307	1.147	-1.667
5828.385	1.145	-1.654
5828.477	1.145	-1.644
5828.554	1.145	-1.633
5828.646	1.145	-1.622
5828.723	1.145	-1.609
5828.802	1.145	-1.592
5828.894	1.145	-1.575
5828.971	1.145	-1.557
5829.062	1.145	-1.538
5829.140	1.145	-1.520
5829.218	1.145	-1.504
5829.310	1.145	-1.485
5829.388	1.145	-1.469
5829.479	1.145	-1.450
5829.557	1.145	-1.430
5829.635	1.145	-1.412
5829.727	1.145	-1.396
5829.804	1.145	-1.380
5829.896	1.144	-1.364
5829.973	1.144	-1.348
5830.052	1.145	-1.332
5830.144	1.141	-1.317
5830.221	1.144	-1.304
5830.312	1.141	-1.293
5830.390	1.141	-1.281
5830.468	1.140	-1.270
5830.560	1.140	-1.261
5830.638	1.140	-1.251
5830.729	1.140	-1.242
5830.807	1.140	-1.232
5830.885	1.139	-1.221
5830.977	1.140	-1.208
5831.054	1.140	-1.193
5831.146	1.140	-1.179
5831.223	1.139	-1.167
5831.302	1.139	-1.155
5831.394	1.137	-1.143
5831.471	1.136	-1.134
5831.562	1.135	-1.123
5831.640	1.135	-1.115
5831.718	1.135	-1.106
5831.810	1.135	-1.094
5831.888	1.135	-1.081
5831.979	1.135	-1.070
5832.057	1.135	-1.058
5832.135	1.135	-1.044
5832.227	1.135	-1.027
5832.304	1.135	-1.011
5832.396	1.135	-0.995
5832.473	1.135	-0.978
5832.552	1.135	-0.961
5832.644	1.135	-0.945
5832.721	1.135	-0.927
5832.812	1.135	-0.908
5832.890	1.135	-0.892
5832.968	1.135	-0.872
5833.060	1.135	-0.856
5833.138	1.135	-0.837
5833.229	1.134	-0.821
5833.307	1.135	-0.806
5833.385	1.134	-0.792
5833.477	1.133	-0.779
5833.554	1.133	-0.768
5833.646	1.133	-0.754
5833.723	1.132	-0.744
5833.802	1.132	-0.735
5833.894	1.132	-0.728
5833.971	1.131	-0.716
5834.062	1.130	-0.705
5834.140	1.131	-0.695
5834.218	1.133	-0.689
5834.310	1.131	-0.681
5834.375	1.130	-0.672
5834.479	1.130	-0.667
5834.557	1.130	-0.661
5834.635	1.130	-0.654
5834.727	1.130	-0.649
5834.804	1.130	-0.643
5834.896	1.130	-0.638
5834.973	1.130	-0.632
5835.052	1.130	-0.627
5835.144	1.130	-0.621
5835.221	1.129	-0.619
5835.312	1.130	-0.619
5835.390	1.130	-0.619
5835.468	1.130	-0.617
5835.560	1.130	-0.613
5835.638	1.129	-0.609
5835.729	1.128	-0.604
5835.807	1.128	-0.598
5835.885	1.128	-0.595
5835.977	1.125	-0.592
5836.054	1.125	-0.588
5836.146	1.126	-0.588
5836.223	1.125	-0.583
5836.302	1.126	-0.579
5836.394	1.127	-0.578
5836.471	1.125	-0.575
5836.562	1.126	-0.570
5836.640	1.125	-0.566
5836.718	1.125	-0.561
5836.810	1.125	-0.555
5836.888	1.125	-0.552
5836.979	1.125	-0.548
5837.057	1.125	-0.542
5837.135	1.125	-0.536
5837.227	1.125	-0.535
5837.304	1.125	-0.530
5837.396	1.125	-0.527
5837.473	1.125	-0.527
5837.552	1.125	-0.525
5837.644	1.125	-0.523
5837.721	1.125	-0.522
5837.812	1.125	-0.520
5837.890	1.125	-0.520
5837.968	1.125	-0.522
5838.060	1.125	-0.523
5838.138	1.125	-0.522
5838.229	1.125	-0.523
5838.307	1.125	-0.522
5838.385	1.124	-0.522
5838.477	1.125	-0.519
5838.554	1.125	-0.514
5838.646	1.125	-0.511
5838.723	1.124	-0.506
5838.802	1.125	-0.502
5838.894	1.122	-0.497
5838.971	1.125	-0.497
5839.062	1.123	-0.493
5839.140	1.123	-0.487
5839.218	1.125	-0.483
5839.310	1.121	-0.478
5839.388	1.122	-0.476
5839.479	1.121	-0.474
5839.557	1.122	-0.475
5839.635	1.122	-0.480
5839.727	1.121	-0.482
5839.804	1.120	-0.485
5839.896	1.120	-0.488
5839.973	1.120	-0.491
5840.052	1.120	-0.491
5840.144	1.120	-0.495
5840.221	1.120	-0.497
5840.312	1.120	-0.501
5840.390	1.120	-0.502
5840.468	1.120	-0.503
5840.560	1.120	-0.507
5840.638	1.120	-0.511
5840.729	1.120	-0.518
5840.807	1.120	-0.525
5840.885	1.120	-0.527
5840.977	1.120	-0.532
5841.054	1.119	-0.534
5841.146	1.120	-0.533
5841.223	1.120	-0.535
5841.302	1.119	-0.538
5841.394	1.119	-0.542
5841.471	1.118	-0.542
5841.562	1.120	-0.545
5841.640	1.118	-0.547
5841.718	1.117	-0.548
5841.810	1.117	-0.550
5841.888	1.115	-0.554
5841.979	1.115	-0.560
5842.057	1.115	-0.565
5842.135	1.116	-0.569
5842.227	1.115	-0.573
5842.304	1.115	-0.575
5842.382	1.115	-0.578
5842.473	1.115	-0.583
5842.552	1.116	-0.587
5842.644	1.115	-0.588
5842.721	1.115	-0.594
5842.799	1.115	-0.598
5842.890	1.115	-0.603
5842.968	1.115	-0.602
5843.060	1.115	-0.604
5843.138	1.115	-0.604
5843.216	1.115	-0.604
5843.307	1.115	-0.604
5843.385	1.115	-0.604
5843.477	1.115	-0.608
5843.554	1.113	-0.611
5843.646	1.112	-0.614
5843.723	1.113	-0.620
5843.802	1.112	-0.627
5843.894	1.111	-0.634
5843.971	1.111	-0.643
5844.062	1.110	-0.649
5844.140	1.110	-0.654
5844.218	1.110	-0.661
5844.310	1.110	-0.668
5844.388	1.110	-0.673
5844.466	1.110	-0.681
5844.557	1.110	-0.688
5844.635	1.110	-0.694
5844.727	1.110	-0.700
5844.804	1.110	-0.700
5844.882	1.110	-0.707
5844.973	1.110	-0.711
5845.052	1.110	-0.713
5845.144	1.110	-0.716
5845.221	1.110	-0.716
5845.299	1.110	-0.716
5845.390	1.110	-0.716
5845.468	1.110	-0.720
5845.560	1.109	-0.723
5845.638	1.109	-0.727
5845.716	1.109	-0.732
5845.807	1.107	-0.738
5845.885	1.105	-0.742
5845.977	1.106	-0.749
5846.054	1.105	-0.757
5846.132	1.105	-0.768
5846.223	1.105	-0.778
5846.302	1.105	-0.792
5846.394	1.105	-0.803
5846.471	1.105	-0.812
5846.562	1.105	-0.821
5846.640	1.105	-0.833
5846.718	1.105	-0.842
5846.810	1.105	-0.852
5846.888	1.105	-0.858
5846.966	1.105	-0.867
5847.057	1.105	-0.875
5847.135	1.105	-0.883
5847.227	1.104	-0.893
5847.304	1.104	-0.904
5847.396	1.100	-0.915
5847.473	1.104	-0.925
5847.552	1.102	-0.937
5847.644	1.101	-0.949
5847.721	1.100	-0.962
5847.812	1.099	-0.976
5847.890	1.099	-0.987
5847.968	1.099	-0.999
5848.060	1.099	-1.011
5848.138	1.099	-1.022
5848.216	1.099	-1.033
5848.307	1.099	-1.046
5848.385	1.099	-1.057
5848.477	1.099	-1.066
5848.554	1.099	-1.077
5848.646	1.099	-1.088
5848.723	1.099	-1.098
5848.802	1.099	-1.110
5848.894	1.099	-1.122
5848.971	1.097	-1.135
5849.062	1.099	-1.146
5849.140	1.095	-1.157
5849.218	1.096	-1.171
5849.310	1.096	-1.185
5849.388	1.094	-1.198
5849.479	1.094	-1.210
5849.557	1.094	-1.221
5849.635	1.094	-1.231
5849.727	1.094	-1.241
5849.804	1.094	-1.253
5849.882	1.094	-1.265
5849.973	1.094	-1.277
5850.052	1.093	-1.289
5850.144	1.094	-1.303
5850.221	1.094	-1.314
5850.299	1.094	-1.324
5850.390	1.091	-1.333
5850.468	1.089	-1.345
5850.560	1.091	-1.354
5850.638	1.089	-1.365
5850.716	1.089	-1.374
5850.807	1.088	-1.384
5850.885	1.088	-1.396
5850.977	1.088	-1.408
5851.054	1.088	-1.421
5851.146	1.085	-1.433
5851.223	1.086	-1.447
5851.302	1.085	-1.461
5851.394	1.084	-1.472
5851.471	1.084	-1.485
5851.562	1.084	-1.500
5851.640	1.084	-1.511
5851.718	1.084	-1.524
5851.810	1.084	-1.534
5851.888	1.084	-1.544
5851.979	1.083	-1.553
5852.057	1.083	-1.563
5852.135	1.082	-1.573
5852.227	1.081	-1.581
5852.304	1.081	-1.589
5852.369	1.081	-1.599
5852.473	1.081	-1.608
5852.552	1.080	-1.615
5852.644	1.079	-1.620
5852.721	1.079	-1.628
5852.799	1.079	-1.637
5852.890	1.079	-1.643
5852.968	1.079	-1.650
5853.060	1.079	-1.654
5853.138	1.079	-1.662
5853.216	1.077	-1.666
5853.307	1.077	-1.670
5853.385	1.076	-1.674
5853.477	1.076	-1.677
5853.554	1.076	-1.682
5853.632	1.074	-1.687
5853.723	1.074	-1.689
5853.802	1.074	-1.691
5853.894	1.074	-1.694
5853.971	1.074	-1.698
5854.049	1.074	-1.702
5854.140	1.072	-1.709
5854.218	1.073	-1.716
5854.310	1.073	-1.723
5854.388	1.071	-1.730
5854.466	1.070	-1.739
5854.557	1.069	-1.747
5854.635	1.069	-1.755
5854.727	1.069	-1.762
5854.804	1.069	-1.771
5854.896	1.069	-1.777
5854.973	1.066	-1.783
5855.052	1.067	-1.788
5855.144	1.069	-1.792
5855.221	1.066	-1.796
5855.299	1.066	-1.796
5855.390	1.067	-1.800
5855.468	1.065	-1.801
5855.560	1.064	-1.800
5855.638	1.064	-1.796
5855.729	1.064	-1.796
5855.807	1.064	-1.792
5855.885	1.064	-1.791
5855.977	1.064	-1.791
5856.054	1.064	-1.791
5856.146	1.064	-1.790
5856.223	1.064	-1.791
5856.302	1.064	-1.790
5856.394	1.064	-1.786
5856.471	1.064	-1.784
5856.549	1.063	-1.779
5856.640	1.063	-1.776
5856.718	1.061	-1.776
5856.810	1.060	-1.776
5856.888	1.059	-1.777
5856.966	1.059	-1.779
5857.057	1.059	-1.782
5857.135	1.059	-1.787
5857.227	1.059	-1.793
5857.304	1.055	-1.796
5857.382	1.054	-1.800
5857.473	1.054	-1.805
5857.552	1.054	-1.812
5857.644	1.054	-1.815
5857.721	1.054	-1.817
5857.799	1.054	-1.815
5857.890	1.054	-1.812
5857.968	1.054	-1.804
5858.060	1.054	-1.795
5858.138	1.054	-1.789
5858.216	1.054	-1.781
5858.307	1.054	-1.773
5858.385	1.054	-1.766
5858.477	1.053	-1.755
5858.554	1.053	-1.742
5858.632	1.053	-1.729
5858.723	1.053	-1.715
5858.802	1.050	-1.703
5858.894	1.049	-1.688
5858.971	1.049	-1.671
5859.049	1.049	-1.660
5859.140	1.049	-1.649
5859.218	1.049	-1.636
5859.310	1.049	-1.626
5859.388	1.048	-1.618
5859.466	1.049	-1.610
5859.557	1.049	-1.603
5859.635	1.048	-1.595
5859.727	1.047	-1.589
5859.804	1.047	-1.581
5859.882	1.044	-1.574
5859.973	1.045	-1.569
5860.052	1.045	-1.558
5860.144	1.044	-1.551
5860.221	1.045	-1.540
5860.299	1.044	-1.528
5860.390	1.043	-1.517
5860.468	1.043	-1.503
5860.560	1.043	-1.490
5860.638	1.043	-1.476
5860.716	1.043	-1.464
5860.807	1.043	-1.457
5860.885	1.043	-1.448
5860.977	1.043	-1.442
5861.054	1.043	-1.434
5861.132	1.042	-1.426
5861.223	1.043	-1.417
5861.302	1.042	-1.407
5861.394	1.042	-1.400
5861.471	1.042	-1.389
5861.549	1.038	-1.379
5861.640	1.038	-1.370
5861.718	1.038	-1.359
5861.810	1.038	-1.347
5861.888	1.038	-1.334
5861.966	1.038	-1.322
5862.057	1.038	-1.308
5862.135	1.038	-1.298
5862.227	1.038	-1.287
5862.304	1.037	-1.275
5862.382	1.037	-1.262
5862.473	1.037	-1.248
5862.552	1.037	-1.234
5862.644	1.037	-1.221
5862.721	1.035	-1.208
5862.812	1.034	-1.198
5862.890	1.034	-1.185
5862.968	1.034	-1.174
5863.060	1.035	-1.159
5863.138	1.034	-1.144
5863.216	1.033	-1.134
5863.307	1.034	-1.121
5863.385	1.033	-1.110
5863.477	1.033	-1.098
5863.554	1.033	-1.085
5863.646	1.033	-1.073
5863.723	1.033	-1.061
5863.802	1.032	-1.049
5863.894	1.033	-1.035
5863.971	1.033	-1.024
5864.049	1.032	-1.016
5864.140	1.031	-1.008
5864.218	1.032	-0.999
5864.310	1.031	-0.990
5864.388	1.029	-0.982
5864.466	1.030	-0.976
5864.557	1.029	-0.968
5864.635	1.029	-0.961
5864.727	1.028	-0.950
5864.804	1.028	-0.938
5864.882	1.028	-0.927
5864.973	1.029	-0.914
5865.052	1.028	-0.902
5865.144	1.028	-0.893
5865.221	1.028	-0.883
5865.299	1.028	-0.872
5865.390	1.028	-0.861
5865.468	1.028	-0.850
5865.560	1.028	-0.838
5865.638	1.028	-0.828
5865.716	1.028	-0.818
5865.807	1.028	-0.805
5865.885	1.028	-0.796
5865.977	1.028	-0.786
5866.054	1.028	-0.774
5866.132	1.028	-0.764
5866.223	1.028	-0.753
5866.302	1.027	-0.740
5866.394	1.027	-0.734
5866.471	1.028	-0.726
5866.562	1.028	-0.716
5866.640	1.025	-0.704
5866.718	1.027	-0.693
5866.810	1.027	-0.683
5866.888	1.026	-0.673
5866.966	1.026	-0.668
5867.057	1.026	-0.660
5867.135	1.026	-0.651
5867.227	1.025	-0.644
5867.304	1.026	-0.635
5867.382	1.025	-0.626
5867.473	1.023	-0.615
5867.552	1.023	-0.607
5867.644	1.023	-0.599
5867.721	1.023	-0.595
5867.799	1.023	-0.591
5867.890	1.023	-0.587
5867.968	1.023	-0.582
5868.060	1.023	-0.576
5868.138	1.023	-0.570
5868.216	1.023	-0.565
5868.307	1.023	-0.562
5868.385	1.023	-0.556
5868.477	1.023	-0.550
5868.554	1.023	-0.545
5868.632	1.023	-0.538
5868.723	1.023	-0.531
5868.802	1.023	-0.525
5868.894	1.023	-0.519
5868.971	1.023	-0.512
5869.049	1.023	-0.506
5869.140	1.023	-0.497
5869.218	1.023	-0.492
5869.310	1.023	-0.488
5869.388	1.023	-0.486
5869.466	1.023	-0.479
5869.557	1.022	-0.470
5869.635	1.023	-0.462
5869.727	1.023	-0.452
5869.804	1.022	-0.446
5869.882	1.023	-0.439
5869.973	1.023	-0.433
5870.052	1.022	-0.427
5870.144	1.022	-0.423
5870.221	1.020	-0.418
5870.299	1.021	-0.416
5870.390	1.020	-0.415
5870.468	1.020	-0.416
5870.560	1.020	-0.420
5870.638	1.020	-0.421
5870.716	1.019	-0.425
5870.807	1.018	-0.425
5870.885	1.019	-0.430
5870.977	1.019	-0.431
5871.054	1.018	-0.432
5871.132	1.018	-0.435
5871.223	1.018	-0.436
5871.302	1.018	-0.440
5871.394	1.018	-0.440
5871.471	1.018	-0.437
5871.549	1.018	-0.434
5871.640	1.018	-0.429
5871.718	1.019	-0.425
5871.810	1.019	-0.420
5871.888	1.018	-0.415
5871.966	1.018	-0.411
5872.057	1.018	-0.407
5872.135	1.018	-0.403
5872.227	1.018	-0.400
5872.304	1.018	-0.396
5872.382	1.018	-0.394
5872.473	1.018	-0.390
5872.552	1.018	-0.390
5872.644	1.018	-0.389
5872.721	1.018	-0.384
5872.799	1.018	-0.384
5872.890	1.018	-0.383
5872.968	1.018	-0.378
5873.060	1.018	-0.374
5873.138	1.018	-0.374
5873.216	1.018	-0.380
5873.307	1.018	-0.388
5873.385	1.017	-0.393
5873.477	1.017	-0.401
5873.554	1.017	-0.407
5873.632	1.016	-0.418
5873.723	1.017	-0.426
5873.802	1.016	-0.432
5873.894	1.017	-0.440
5873.971	1.016	-0.440
5874.049	1.016	-0.444
5874.140	1.017	-0.446
5874.218	1.015	-0.446
5874.310	1.015	-0.446
5874.388	1.016	-0.448
5874.466	1.015	-0.451
5874.557	1.013	-0.451
5874.635	1.013	-0.447
5874.727	1.013	-0.446
5874.804	1.014	-0.446
5874.882	1.013	-0.447
5874.973	1.013	-0.448
5875.052	1.013	-0.451
5875.144	1.013	-0.451
5875.221	1.013	-0.451
5875.299	1.013	-0.452
5875.390	1.013	-0.454
5875.468	1.013	-0.456
5875.560	1.013	-0.458
5875.638	1.013	-0.464
5875.716	1.013	-0.469
5875.807	1.013	-0.474
5875.885	1.013	-0.480
5875.977	1.013	-0.486
5876.054	1.013	-0.487
5876.132	1.013	-0.491
5876.223	1.012	-0.491
5876.302	1.013	-0.492
5876.394	1.013	-0.492
5876.471	1.013	-0.491
5876.549	1.012	-0.490
5876.640	1.013	-0.491
5876.718	1.012	-0.491
5876.810	1.011	-0.497
5876.888	1.010	-0.502
5876.966	1.013	-0.506
5877.057	1.009	-0.507
5877.135	1.010	-0.512
5877.227	1.010	-0.513
5877.304	1.010	-0.513
5877.382	1.008	-0.512
5877.473	1.008	-0.514
5877.552	1.008	-0.512
5877.644	1.008	-0.512
5877.721	1.008	-0.511
5877.799	1.009	-0.514
5877.890	1.008	-0.516
5877.968	1.008	-0.519
5878.060	1.008	-0.522
5878.138	1.008	-0.526
5878.216	1.008	-0.529
5878.307	1.008	-0.535
5878.385	1.008	-0.538
5878.477	1.008	-0.542
5878.554	1.008	-0.545
5878.632	1.008	-0.551
5878.723	1.007	-0.556
5878.802	1.008	-0.564
5878.894	1.007	-0.571
5878.971	1.008	-0.576
5879.049	1.007	-0.578
5879.140	1.006	-0.579
5879.218	1.003	-0.578
5879.310	1.006	-0.579
5879.388	1.003	-0.580
5879.466	1.003	-0.582
5879.557	1.004	-0.586
5879.635	1.003	-0.588
5879.727	1.003	-0.590
5879.804	1.003	-0.598
5879.882	1.003	-0.608
5879.973	1.003	-0.616
5880.052	1.003	-0.628
5880.144	1.003	-0.643
5880.221	1.003	-0.655
5880.299	1.003	-0.668
5880.390	1.003	-0.680
5880.468	1.003	-0.691
5880.560	1.003	-0.700
5880.638	1.003	-0.711
5880.716	1.003	-0.722
5880.807	1.003	-0.731
5880.885	1.003	-0.737
5880.977	1.003	-0.745
5881.054	1.002	-0.751
5881.132	1.003	-0.751
5881.223	1.002	-0.756
5881.302	1.003	-0.757
5881.394	1.002	-0.762
5881.471	1.003	-0.763
5881.549	1.002	-0.767
5881.640	0.999	-0.772
5881.718	0.999	-0.773
5881.810	0.999	-0.778
5881.888	0.999	-0.783
5881.966	1.001	-0.790
5882.057	0.999	-0.795
5882.135	0.998	-0.798
5882.227	0.998	-0.803
5882.304	0.998	-0.810
5882.382	0.998	-0.817
5882.473	0.998	-0.824
5882.552	0.998	-0.834
5882.644	0.998	-0.841
5882.721	0.998	-0.851
5882.799	0.998	-0.858
5882.890	0.998	-0.865
5882.968	0.998	-0.875
5883.060	0.998	-0.882
5883.138	0.998	-0.893
5883.216	0.998	-0.904
5883.307	0.997	-0.915
5883.385	0.997	-0.926
5883.477	0.995	-0.937
5883.554	0.995	-0.948
5883.632	0.996	-0.960
5883.723	0.995	-0.971
5883.802	0.993	-0.981
5883.894	0.992	-0.994
5883.971	0.992	-1.004
5884.049	0.992	-1.015
5884.140	0.992	-1.025
5884.218	0.992	-1.038
5884.310	0.992	-1.049
5884.388	0.992	-1.061
5884.466	0.992	-1.073
5884.557	0.992	-1.082
5884.635	0.992	-1.091
5884.727	0.990	-1.101
5884.804	0.989	-1.108
5884.882	0.988	-1.118
5884.973	0.988	-1.127
5885.052	0.987	-1.135
5885.144	0.987	-1.140
5885.221	0.987	-1.144
5885.299	0.987	-1.149
5885.390	0.987	-1.152
5885.468	0.987	-1.157
5885.560	0.987	-1.161
5885.638	0.987	-1.166
5885.716	0.987	-1.172
5885.807	0.987	-1.175
5885.885	0.987	-1.174
5885.977	0.987	-1.174
5886.054	0.987	-1.168
5886.132	0.986	-1.164
5886.223	0.985	-1.162
5886.302	0.984	-1.159
5886.394	0.983	-1.160
5886.471	0.982	-1.163
5886.549	0.982	-1.169
5886.640	0.982	-1.175
5886.718	0.982	-1.180
5886.810	0.982	-1.186
5886.888	0.982	-1.196
5886.966	0.982	-1.206
5887.057	0.982	-1.217
5887.135	0.982	-1.225
5887.227	0.982	-1.232
5887.304	0.982	-1.239
5887.382	0.982	-1.248
5887.473	0.982	-1.253
5887.552	0.982	-1.259
5887.644	0.982	-1.265
5887.721	0.982	-1.271
5887.799	0.981	-1.278
5887.890	0.981	-1.285
5887.968	0.981	-1.294
5888.060	0.977	-1.303
5888.138	0.978	-1.315
5888.216	0.978	-1.324
5888.307	0.977	-1.333
5888.385	0.977	-1.343
5888.477	0.977	-1.351
5888.554	0.977	-1.361
5888.632	0.976	-1.367
5888.723	0.977	-1.377
5888.802	0.975	-1.385
5888.894	0.973	-1.393
5888.971	0.973	-1.400
5889.049	0.973	-1.406
5889.140	0.972	-1.415
5889.218	0.972	-1.420
5889.310	0.972	-1.424
5889.388	0.972	-1.429
5889.466	0.972	-1.434
5889.557	0.972	-1.435
5889.623	0.972	-1.440
5889.727	0.972	-1.440
5889.804	0.971	-1.441
5889.882	0.972	-1.439
5889.973	0.972	-1.434
5890.052	0.970	-1.427
5890.144	0.969	-1.424
5890.221	0.968	-1.417
5890.299	0.968	-1.411
5890.390	0.967	-1.404
5890.468	0.967	-1.398
5890.560	0.967	-1.394
5890.638	0.967	-1.389
5890.716	0.967	-1.383
5890.807	0.967	-1.377
5890.885	0.967	-1.372
5890.977	0.965	-1.363
5891.054	0.964	-1.355
5891.132	0.964	-1.348
5891.223	0.964	-1.339
5891.302	0.964	-1.329
5891.394	0.963	-1.320
5891.471	0.964	-1.308
5891.549	0.963	-1.299
5891.640	0.962	-1.287
5891.718	0.962	-1.279
5891.810	0.962	-1.268
5891.888	0.962	-1.261
5891.966	0.962	-1.255
5892.057	0.962	-1.249
5892.135	0.962	-1.244
5892.227	0.962	-1.241
5892.304	0.962	-1.233
5892.382	0.962	-1.228
5892.473	0.962	-1.221
5892.552	0.962	-1.215
5892.644	0.962	-1.208
5892.721	0.962	-1.197
5892.799	0.962	-1.187
5892.890	0.959	-1.178
5892.968	0.960	-1.169
5893.060	0.958	-1.160
5893.138	0.958	-1.151
5893.216	0.958	-1.144
5893.307	0.958	-1.135
5893.385	0.958	-1.124
5893.477	0.957	-1.115
5893.554	0.958	-1.104
5893.632	0.958	-1.094
5893.723	0.957	-1.080
5893.802	0.957	-1.067
5893.894	0.958	-1.056
5893.971	0.957	-1.044
5894.049	0.957	-1.036
5894.140	0.957	-1.027
5894.218	0.957	-1.022
5894.310	0.957	-1.014
5894.388	0.957	-1.005
5894.466	0.957	-0.998
5894.557	0.957	-0.991
5894.635	0.955	-0.983
5894.727	0.956	-0.977
5894.804	0.954	-0.973
5894.882	0.955	-0.964
5894.973	0.956	-0.955
5895.052	0.954	-0.941
5895.144	0.952	-0.932
5895.221	0.953	-0.923
5895.299	0.953	-0.915
5895.390	0.953	-0.906
5895.468	0.952	-0.899
5895.560	0.952	-0.892
5895.638	0.952	-0.884
5895.716	0.952	-0.877
5895.807	0.952	-0.870
5895.885	0.952	-0.863
5895.977	0.952	-0.855
5896.054	0.952	-0.847
5896.132	0.952	-0.838
5896.223	0.952	-0.827
5896.302	0.952	-0.817
5896.394	0.952	-0.808
5896.471	0.952	-0.792
5896.549	0.952	-0.775
5896.640	0.952	-0.758
5896.718	0.952	-0.739
5896.810	0.952	-0.723
5896.888	0.951	-0.708
5896.966	0.952	-0.694
5897.057	0.950	-0.680
5897.135	0.948	-0.669
5897.227	0.949	-0.655
5897.304	0.950	-0.644
5897.382	0.947	-0.633
5897.473	0.949	-0.623
5897.552	0.948	-0.609
5897.644	0.947	-0.598
5897.721	0.949	-0.587
5897.799	0.947	-0.572
5897.890	0.947	-0.561
5897.968	0.947	-0.549
5898.060	0.947	-0.536
5898.138	0.947	-0.525
5898.216	0.947	-0.514
5898.307	0.947	-0.502
5898.385	0.947	-0.490
5898.463	0.947	-0.481
5898.554	0.947	-0.471
5898.632	0.947	-0.461
5898.723	0.947	-0.452
5898.802	0.947	-0.441
5898.894	0.947	-0.429
5898.971	0.947	-0.416
5899.049	0.947	-0.406
5899.140	0.947	-0.393
5899.218	0.947	-0.384
5899.297	0.947	-0.373
5899.388	0.947	-0.366
5899.466	0.947	-0.357
5899.557	0.947	-0.347
5899.635	0.947	-0.337
5899.727	0.947	-0.326
5899.804	0.947	-0.316
5899.882	0.947	-0.305
5899.973	0.947	-0.296
5900.052	0.947	-0.287
5900.144	0.947	-0.278
5900.221	0.947	-0.272
5900.299	0.947	-0.265
5900.390	0.947	-0.257
5900.468	0.947	-0.249
5900.560	0.947	-0.243
5900.638	0.947	-0.237
5900.716	0.947	-0.229
5900.807	0.947	-0.224
5900.885	0.947	-0.219
5900.977	0.947	-0.211
5901.054	0.947	-0.203
5901.132	0.947	-0.194
5901.223	0.947	-0.181
5901.302	0.947	-0.169
5901.394	0.947	-0.159
5901.471	0.947	-0.149
5901.549	0.947	-0.142
5901.640	0.947	-0.134
5901.718	0.946	-0.127
5901.810	0.945	-0.122
5901.888	0.947	-0.119
5901.966	0.947	-0.115
5902.057	0.947	-0.112
5902.135	0.947	-0.109
5902.227	0.946	-0.107
5902.304	0.946	-0.104
5902.382	0.947	-0.099
5902.473	0.947	-0.097
5902.552	0.947	-0.091
5902.630	0.947	-0.088
5902.721	0.947	-0.085
5902.799	0.946	-0.084
5902.890	0.945	-0.089
5902.968	0.947	-0.089
5903.060	0.946	-0.089
5903.138	0.947	-0.088
5903.216	0.947	-0.085
5903.307	0.947	-0.084
5903.385	0.945	-0.084
5903.477	0.946	-0.079
5903.554	0.946	-0.079
5903.632	0.946	-0.075
5903.723	0.945	-0.073
5903.802	0.946	-0.071
5903.894	0.946	-0.069
5903.971	0.946	-0.068
5904.049	0.945	-0.064
5904.140	0.945	-0.062
5904.218	0.945	-0.058
5904.310	0.945	-0.058
5904.388	0.943	-0.052
5904.466	0.945	-0.049
5904.557	0.946	-0.042
5904.635	0.943	-0.035
5904.727	0.943	-0.031
5904.804	0.943	-0.024
5904.882	0.945	-0.022
5904.973	0.945	-0.018
5905.052	0.943	-0.019
5905.144	0.944	-0.019
5905.221	0.944	-0.022
5905.299	0.945	-0.026
5905.390	0.945	-0.028
5905.468	0.945	-0.032
5905.547	0.943	-0.036
5905.638	0.942	-0.038
5905.716	0.944	-0.039
5905.807	0.944	-0.043
5905.885	0.944	-0.044
5905.963	0.943	-0.047
5906.054	0.943	-0.049
5906.132	0.942	-0.051
5906.223	0.945	-0.049
5906.302	0.942	-0.048
5906.394	0.942	-0.044
5906.471	0.942	-0.046
5906.549	0.943	-0.045
5906.640	0.942	-0.045
5906.718	0.941	-0.045
5906.810	0.941	-0.048
5906.888	0.944	-0.048
5906.966	0.941	-0.048
5907.057	0.941	-0.048
5907.135	0.941	-0.048
5907.213	0.941	-0.047
5907.304	0.941	-0.048
5907.382	0.941	-0.047
5907.473	0.941	-0.045
5907.552	0.941	-0.044
5907.644	0.942	-0.045
5907.721	0.941	-0.044
5907.799	0.941	-0.043
5907.890	0.941	-0.043
5907.968	0.941	-0.043
5908.033	0.942	-0.043
5908.138	0.942	-0.043
5908.216	0.942	-0.048
5908.307	0.941	-0.050
5908.385	0.941	-0.054
5908.463	0.941	-0.057
5908.554	0.941	-0.058
5908.632	0.941	-0.061
5908.723	0.941	-0.062
5908.802	0.941	-0.058
5908.894	0.941	-0.057
5908.971	0.941	-0.056
5909.049	0.941	-0.055
5909.140	0.941	-0.054
5909.218	0.941	-0.055
5909.310	0.941	-0.057
5909.388	0.941	-0.058
5909.466	0.941	-0.058
5909.557	0.941	-0.058
5909.635	0.941	-0.058
5909.727	0.941	-0.056
5909.804	0.941	-0.053
5909.882	0.941	-0.052
5909.973	0.941	-0.053
5910.052	0.941	-0.050
5910.144	0.941	-0.051
5910.221	0.941	-0.052
5910.299	0.941	-0.055
5910.390	0.941	-0.057
5910.468	0.941	-0.058
5910.547	0.941	-0.059
5910.638	0.941	-0.061
5910.716	0.941	-0.063
5910.807	0.941	-0.063
5910.885	0.941	-0.063
5910.977	0.941	-0.067
5911.054	0.941	-0.068
5911.132	0.941	-0.068
5911.223	0.941	-0.068
5911.302	0.941	-0.069
5911.380	0.941	-0.072
5911.471	0.941	-0.073
5911.549	0.941	-0.076
5911.640	0.941	-0.079
5911.718	0.941	-0.081
5911.810	0.941	-0.084
5911.888	0.941	-0.084
5911.966	0.941	-0.084
5912.057	0.941	-0.084
5912.135	0.941	-0.084
5912.213	0.941	-0.084
5912.304	0.941	-0.087
5912.382	0.941	-0.088
5912.473	0.941	-0.090
5912.552	0.941	-0.095
5912.644	0.941	-0.099
5912.721	0.941	-0.102
5912.799	0.941	-0.106
5912.890	0.941	-0.111
5912.968	0.941	-0.118
5913.060	0.941	-0.123
5913.138	0.941	-0.128
5913.216	0.941	-0.133
5913.307	0.941	-0.139
5913.385	0.941	-0.147
5913.477	0.941	-0.154
5913.554	0.941	-0.159
5913.632	0.941	-0.162
5913.723	0.941	-0.167
5913.802	0.941	-0.170
5913.894	0.941	-0.176
5913.971	0.941	-0.180
5914.049	0.941	-0.181
5914.140	0.941	-0.185
5914.218	0.941	-0.187
5914.310	0.940	-0.192
5914.388	0.941	-0.198
5914.466	0.941	-0.203
5914.557	0.941	-0.210
5914.635	0.941	-0.218
5914.713	0.941	-0.225
5914.804	0.941	-0.230
5914.882	0.941	-0.235
5914.973	0.940	-0.239
5915.052	0.939	-0.243
5915.144	0.937	-0.248
5915.221	0.937	-0.253
5915.299	0.939	-0.260
5915.390	0.939	-0.266
5915.468	0.936	-0.275
5915.560	0.936	-0.281
5915.638	0.939	-0.289
5915.716	0.937	-0.299
5915.807	0.937	-0.310
5915.885	0.937	-0.321
5915.977	0.936	-0.329
5916.054	0.936	-0.339
5916.132	0.936	-0.348
5916.223	0.936	-0.358
5916.302	0.936	-0.367
5916.380	0.936	-0.376
5916.471	0.936	-0.383
5916.549	0.936	-0.387
5916.640	0.936	-0.392
5916.718	0.936	-0.400
5916.810	0.936	-0.405
5916.888	0.936	-0.409
5916.966	0.936	-0.412
5917.057	0.936	-0.415
5917.135	0.936	-0.418
5917.227	0.936	-0.424
5917.304	0.936	-0.429
5917.382	0.936	-0.434
5917.473	0.936	-0.440
5917.552	0.935	-0.446
5917.644	0.936	-0.449
5917.721	0.936	-0.452
5917.799	0.935	-0.459
5917.890	0.935	-0.467
5917.968	0.935	-0.475
5918.047	0.935	-0.483
5918.138	0.933	-0.493
5918.216	0.934	-0.503
5918.307	0.934	-0.512
5918.385	0.934	-0.524
5918.463	0.933	-0.530
5918.554	0.932	-0.538
5918.632	0.931	-0.547
5918.723	0.932	-0.558
5918.802	0.931	-0.566
5918.894	0.931	-0.576
5918.971	0.931	-0.585
5919.049	0.931	-0.592
5919.140	0.931	-0.599
5919.218	0.931	-0.605
5919.310	0.931	-0.609
5919.388	0.931	-0.615
5919.466	0.931	-0.621
5919.557	0.931	-0.627
5919.635	0.931	-0.636
5919.727	0.931	-0.643
5919.804	0.931	-0.649
5919.882	0.931	-0.657
5919.973	0.931	-0.666
5920.052	0.931	-0.670
5920.144	0.931	-0.673
5920.221	0.931	-0.675
5920.299	0.931	-0.680
5920.390	0.931	-0.680
5920.468	0.930	-0.680
5920.547	0.931	-0.680
5920.638	0.931	-0.677
5920.716	0.931	-0.679
5920.807	0.931	-0.678
5920.885	0.930	-0.676
5920.963	0.928	-0.679
5921.054	0.928	-0.680
5921.132	0.927	-0.685
5921.223	0.927	-0.687
5921.302	0.926	-0.690
5921.380	0.927	-0.690
5921.471	0.926	-0.690
5921.549	0.926	-0.691
5921.640	0.926	-0.694
5921.718	0.926	-0.694
5921.797	0.926	-0.698
5921.888	0.926	-0.700
5921.966	0.926	-0.704
5922.057	0.926	-0.706
5922.135	0.926	-0.711
5922.213	0.925	-0.714
5922.304	0.926	-0.717
5922.382	0.925	-0.723
5922.473	0.925	-0.726
5922.552	0.924	-0.727
5922.630	0.923	-0.728
5922.721	0.924	-0.728
5922.799	0.922	-0.731
5922.890	0.923	-0.731
5922.968	0.924	-0.730
5923.047	0.923	-0.727
5923.138	0.922	-0.726
5923.216	0.923	-0.725
5923.307	0.923	-0.723
5923.385	0.921	-0.717
5923.463	0.922	-0.711
5923.554	0.921	-0.708
5923.632	0.921	-0.700
5923.723	0.921	-0.695
5923.802	0.921	-0.689
5923.880	0.921	-0.682
5923.971	0.921	-0.674
5924.049	0.921	-0.670
5924.140	0.921	-0.666
5924.218	0.921	-0.661
5924.297	0.921	-0.653
5924.388	0.921	-0.649
5924.466	0.921	-0.643
5924.557	0.921	-0.636
5924.635	0.921	-0.629
5924.713	0.921	-0.623
5924.804	0.921	-0.616
5924.882	0.921	-0.609
5924.973	0.921	-0.605
5925.052	0.920	-0.598
5925.130	0.921	-0.594
5925.221	0.921	-0.590
5925.299	0.921	-0.587
5925.390	0.921	-0.579
5925.468	0.921	-0.576
5925.547	0.921	-0.571
5925.638	0.921	-0.566
5925.716	0.919	-0.559
5925.807	0.921	-0.554
5925.885	0.920	-0.547
5925.963	0.920	-0.541
5926.054	0.920	-0.535
5926.132	0.920	-0.530
5926.223	0.920	-0.525
5926.302	0.919	-0.520
5926.380	0.918	-0.511
5926.471	0.920	-0.504
5926.549	0.920	-0.497
5926.640	0.920	-0.489
5926.718	0.918	-0.481
5926.797	0.918	-0.473
5926.888	0.918	-0.463
5926.966	0.917	-0.452
5927.057	0.918	-0.440
5927.135	0.918	-0.423
5927.213	0.918	-0.410
5927.304	0.917	-0.395
5927.382	0.917	-0.380
5927.473	0.918	-0.367
5927.552	0.917	-0.352
5927.630	0.917	-0.338
5927.721	0.917	-0.325
5927.799	0.917	-0.316
5927.890	0.917	-0.306
5927.968	0.917	-0.298
5928.047	0.918	-0.288
5928.138	0.918	-0.283
5928.216	0.917	-0.277
5928.307	0.916	-0.266
5928.385	0.916	-0.257
5928.463	0.916	-0.245
5928.554	0.917	-0.236
5928.632	0.916	-0.227
5928.723	0.917	-0.219
5928.802	0.917	-0.209
5928.880	0.917	-0.203
5928.971	0.916	-0.194
5929.049	0.917	-0.184
5929.140	0.916	-0.169
5929.218	0.916	-0.155
5929.297	0.916	-0.141
5929.388	0.918	-0.129
5929.466	0.916	-0.119
5929.557	0.917	-0.107
5929.635	0.916	-0.097
5929.713	0.916	-0.087
5929.804	0.916	-0.077
5929.882	0.916	-0.066
5929.973	0.916	-0.055
5930.052	0.916	-0.043
5930.130	0.916	-0.034
5930.221	0.918	-0.023
5930.299	0.917	-0.011
5930.390	0.917	-0.001
5930.468	0.917	0.006
5930.547	0.918	0.014
5930.638	0.917	0.022
5930.716	0.917	0.032
5930.807	0.917	0.044
5930.885	0.916	0.056
5930.963	0.916	0.068
5931.054	0.916	0.079
5931.132	0.916	0.093
5931.223	0.916	0.104
5931.302	0.917	0.113
5931.380	0.918	0.121
5931.471	0.918	0.127
5931.549	0.919	0.137
5931.640	0.916	0.147
5931.718	0.919	0.155
5931.797	0.916	0.164
5931.888	0.917	0.171
5931.966	0.918	0.180
5932.057	0.918	0.186
5932.135	0.917	0.191
5932.213	0.919	0.195
5932.304	0.918	0.197
5932.382	0.919	0.201
5932.473	0.920	0.205
5932.552	0.919	0.211
5932.630	0.920	0.216
5932.721	0.919	0.226
5932.799	0.919	0.231
5932.890	0.920	0.242
5932.968	0.918	0.250
5933.047	0.918	0.255
5933.138	0.920	0.262
5933.216	0.921	0.269
5933.307	0.921	0.277
5933.385	0.920	0.283
5933.463	0.920	0.290
5933.554	0.921	0.295
5933.632	0.921	0.302
5933.723	0.921	0.309
5933.802	0.921	0.319
5933.880	0.921	0.327
5933.971	0.921	0.333
5934.049	0.921	0.340
5934.140	0.921	0.346
5934.218	0.921	0.353
5934.297	0.921	0.359
5934.388	0.921	0.362
5934.466	0.921	0.366
5934.557	0.921	0.370
5934.635	0.921	0.374
5934.713	0.921	0.378
5934.804	0.921	0.380
5934.882	0.921	0.385
5934.973	0.921	0.389
5935.052	0.921	0.393
5935.130	0.921	0.401
5935.221	0.921	0.408
5935.299	0.921	0.416
5935.390	0.921	0.422
5935.468	0.921	0.426
5935.547	0.921	0.430
5935.638	0.921	0.433
5935.716	0.921	0.436
5935.807	0.921	0.440
5935.885	0.921	0.442
5935.963	0.921	0.446
5936.054	0.921	0.452
5936.132	0.921	0.452
5936.223	0.922	0.452
5936.302	0.921	0.452
5936.380	0.921	0.452
5936.471	0.921	0.452
5936.549	0.921	0.452
5936.640	0.922	0.454
5936.718	0.922	0.456
5936.797	0.921	0.454
5936.888	0.921	0.450
5936.966	0.924	0.446
5937.057	0.922	0.441
5937.135	0.923	0.441
5937.213	0.924	0.437
5937.304	0.921	0.436
5937.382	0.924	0.436
5937.473	0.924	0.436
5937.552	0.926	0.435
5937.630	0.924	0.436
5937.721	0.924	0.436
5937.799	0.925	0.438
5937.890	0.926	0.439
5937.968	0.926	0.440
5938.047	0.926	0.440
5938.138	0.924	0.441
5938.216	0.925	0.441
5938.307	0.926	0.441
5938.385	0.926	0.440
5938.463	0.926	0.436
5938.554	0.925	0.434
5938.632	0.925	0.431
5938.723	0.926	0.431
5938.802	0.926	0.431
5938.880	0.926	0.436
5938.971	0.926	0.440
5939.049	0.926	0.445
5939.140	0.926	0.451
5939.218	0.926	0.456
5939.297	0.926	0.461
5939.388	0.926	0.464
5939.466	0.926	0.467
5939.557	0.926	0.467
5939.635	0.926	0.467
5939.713	0.926	0.467
5939.804	0.926	0.467
5939.882	0.926	0.470
5939.973	0.926	0.468
5940.052	0.927	0.468
5940.130	0.927	0.470
5940.221	0.928	0.469
5940.299	0.926	0.471
5940.390	0.926	0.472
5940.468	0.926	0.472
5940.547	0.926	0.477
5940.638	0.926	0.479
5940.716	0.926	0.481
5940.807	0.926	0.486
5940.885	0.926	0.490
5940.963	0.927	0.493
5941.054	0.928	0.497
5941.132	0.929	0.502
5941.223	0.929	0.508
5941.302	0.930	0.513
5941.380	0.930	0.519
5941.471	0.928	0.523
5941.549	0.930	0.528
5941.640	0.930	0.529
5941.718	0.930	0.533
5941.797	0.930	0.536
5941.888	0.929	0.538
5941.966	0.931	0.539
5942.057	0.931	0.543
5942.135	0.931	0.543
5942.213	0.931	0.542
5942.304	0.930	0.536
5942.382	0.931	0.530
5942.473	0.931	0.523
5942.552	0.931	0.515
5942.630	0.931	0.513
5942.721	0.931	0.509
5942.799	0.931	0.508
5942.890	0.931	0.506
5942.968	0.931	0.503
5943.047	0.931	0.499
5943.138	0.931	0.497
5943.216	0.931	0.495
5943.307	0.931	0.492
5943.385	0.931	0.491
5943.463	0.931	0.491
5943.554	0.931	0.486
5943.632	0.931	0.483
5943.723	0.931	0.482
5943.802	0.931	0.480
5943.880	0.931	0.474
5943.971	0.931	0.472
5944.049	0.931	0.470
5944.140	0.931	0.468
5944.218	0.931	0.469
5944.297	0.931	0.468
5944.388	0.931	0.468
5944.466	0.931	0.468
5944.557	0.931	0.469
5944.635	0.931	0.464
5944.713	0.931	0.461
5944.804	0.931	0.457
5944.882	0.931	0.452
5944.973	0.931	0.448
5945.052	0.931	0.446
5945.130	0.931	0.440
5945.221	0.931	0.437
5945.299	0.931	0.431
5945.390	0.932	0.429
5945.468	0.931	0.426
5945.547	0.931	0.421
5945.638	0.931	0.414
5945.716	0.931	0.409
5945.807	0.931	0.403
5945.885	0.931	0.395
5945.963	0.931	0.389
5946.054	0.931	0.382
5946.132	0.931	0.375
5946.223	0.931	0.370
5946.302	0.931	0.368
5946.380	0.931	0.366
5946.471	0.932	0.364
5946.549	0.931	0.361
5946.640	0.931	0.356
5946.718	0.931	0.351
5946.797	0.931	0.346
5946.888	0.931	0.344
5946.966	0.931	0.339
5947.057	0.933	0.337
5947.135	0.932	0.333
5947.213	0.932	0.329
5947.304	0.932	0.327
5947.382	0.931	0.322
5947.473	0.931	0.316
5947.552	0.932	0.313
5947.630	0.931	0.309
5947.721	0.933	0.302
5947.799	0.932	0.292
5947.890	0.932	0.286
5947.968	0.933	0.277
5948.047	0.931	0.269
5948.138	0.935	0.263
5948.216	0.932	0.261
5948.307	0.932	0.255
5948.385	0.935	0.250
5948.463	0.933	0.248
5948.554	0.933	0.243
5948.632	0.932	0.239
5948.723	0.933	0.235
5948.802	0.932	0.229
5948.880	0.932	0.226
5948.971	0.933	0.222
5949.049	0.934	0.219
5949.140	0.931	0.217
5949.218	0.932	0.216
5949.297	0.934	0.215
5949.375	0.932	0.212
5949.466	0.933	0.208
5949.557	0.932	0.203
5949.635	0.934	0.201
5949.713	0.932	0.194
5949.804	0.935	0.187
5949.882	0.934	0.180
5949.973	0.933	0.171
5950.052	0.934	0.164
5950.130	0.933	0.158
5950.221	0.931	0.149
5950.299	0.935	0.143
5950.390	0.934	0.136
5950.468	0.933	0.127
5950.547	0.935	0.121
5950.638	0.935	0.114
5950.716	0.934	0.110
5950.807	0.935	0.106
5950.885	0.935	0.102
5950.963	0.933	0.096
5951.054	0.934	0.088
5951.132	0.933	0.082
5951.223	0.934	0.076
5951.302	0.933	0.070
5951.380	0.934	0.064
5951.471	0.935	0.061
5951.549	0.934	0.055
5951.640	0.935	0.046
5951.718	0.934	0.043
5951.797	0.934	0.039
5951.888	0.935	0.037
5951.966	0.933	0.034
5952.057	0.933	0.030
5952.135	0.934	0.025
5952.213	0.933	0.020
5952.304	0.933	0.017
5952.382	0.935	0.010
5952.473	0.932	0.005
5952.552	0.932	0.001
5952.630	0.934	-0.001
5952.721	0.931	-0.006
5952.799	0.932	-0.011
5952.890	0.933	-0.017
5952.968	0.932	-0.024
5953.047	0.931	-0.032
5953.138	0.932	-0.040
5953.216	0.932	-0.049
5953.307	0.933	-0.058
5953.385	0.931	-0.068
5953.463	0.931	-0.076
5953.554	0.932	-0.088
5953.632	0.932	-0.096
5953.723	0.931	-0.105
5953.802	0.931	-0.116
5953.880	0.931	-0.125
5953.971	0.931	-0.136
5954.049	0.932	-0.146
5954.127	0.931	-0.156
5954.218	0.931	-0.163
5954.297	0.931	-0.170
5954.388	0.931	-0.178
5954.466	0.931	-0.182
5954.544	0.931	-0.189
5954.635	0.931	-0.198
5954.713	0.931	-0.203
5954.804	0.931	-0.209
5954.882	0.932	-0.217
5954.973	0.931	-0.221
5955.052	0.931	-0.226
5955.130	0.931	-0.230
5955.221	0.931	-0.235
5955.299	0.931	-0.241
5955.377	0.931	-0.246
5955.468	0.931	-0.248
5955.547	0.931	-0.251
5955.638	0.931	-0.252
5955.716	0.931	-0.253
5955.794	0.931	-0.257
5955.885	0.931	-0.260
5955.963	0.931	-0.262
5956.054	0.931	-0.265
5956.132	0.931	-0.269
5956.211	0.931	-0.275
5956.302	0.931	-0.277
5956.380	0.931	-0.278
5956.471	0.931	-0.279
5956.549	0.931	-0.278
5956.627	0.931	-0.277
5956.718	0.931	-0.277
5956.797	0.931	-0.279
5956.888	0.931	-0.280
5956.966	0.931	-0.280
5957.044	0.931	-0.281
5957.135	0.931	-0.280
5957.213	0.931	-0.277
5957.304	0.930	-0.273
5957.382	0.931	-0.269
5957.461	0.930	-0.262
5957.552	0.931	-0.259
5957.630	0.931	-0.254
5957.721	0.931	-0.253
5957.799	0.931	-0.251
5957.890	0.931	-0.252
5957.968	0.931	-0.251
5958.047	0.931	-0.252
5958.138	0.931	-0.252
5958.216	0.930	-0.247
5958.307	0.931	-0.246
5958.385	0.930	-0.242
5958.463	0.931	-0.242
5958.554	0.931	-0.241
5958.632	0.931	-0.237
5958.711	0.931	-0.233
5958.802	0.930	-0.232
5958.880	0.930	-0.232
5958.971	0.930	-0.226
5959.049	0.930	-0.221
5959.127	0.930	-0.218
5959.218	0.930	-0.213
5959.297	0.930	-0.208
5959.388	0.931	-0.201
5959.466	0.930	-0.193
5959.544	0.930	-0.184
5959.635	0.929	-0.174
5959.713	0.931	-0.167
5959.804	0.930	-0.161
5959.882	0.930	-0.153
5959.973	0.928	-0.147
5960.052	0.930	-0.143
5960.130	0.930	-0.141
5960.221	0.928	-0.140
5960.299	0.927	-0.136
5960.377	0.930	-0.131
5960.468	0.930	-0.125
5960.547	0.930	-0.120
5960.638	0.929	-0.119
5960.716	0.930	-0.116
5960.807	0.930	-0.114
5960.885	0.929	-0.112
5960.963	0.928	-0.109
5961.054	0.929	-0.107
5961.132	0.928	-0.103
5961.223	0.930	-0.098
5961.302	0.930	-0.094
5961.380	0.930	-0.090
5961.471	0.930	-0.088
5961.549	0.930	-0.083
5961.627	0.926	-0.078
5961.718	0.930	-0.072
5961.797	0.929	-0.060
5961.888	0.930	-0.051
5961.966	0.930	-0.041
5962.044	0.928	-0.028
5962.135	0.927	-0.019
5962.213	0.926	-0.007
5962.304	0.929	0.003
5962.382	0.928	0.012
5962.473	0.930	0.022
5962.552	0.930	0.033
5962.630	0.927	0.042
5962.721	0.930	0.049
5962.799	0.929	0.056
5962.877	0.930	0.061
5962.968	0.928	0.068
5963.047	0.928	0.075
5963.138	0.927	0.081
5963.216	0.929	0.092
5963.307	0.930	0.102
5963.385	0.930	0.110
5963.463	0.931	0.118
5963.554	0.930	0.124
5963.632	0.931	0.133
5963.697	0.930	0.143
5963.802	0.930	0.152
5963.880	0.930	0.156
5963.971	0.930	0.161
5964.049	0.930	0.165
5964.140	0.931	0.169
5964.218	0.930	0.175
5964.297	0.931	0.184
5964.388	0.930	0.192
5964.466	0.931	0.200
5964.557	0.929	0.208
5964.635	0.930	0.214
5964.713	0.930	0.224
5964.804	0.931	0.231
5964.882	0.931	0.240
5964.961	0.931	0.248
5965.052	0.931	0.256
5965.130	0.931	0.264
5965.221	0.931	0.269
5965.299	0.930	0.279
5965.390	0.931	0.287
5965.468	0.931	0.297
5965.547	0.931	0.305
5965.638	0.931	0.315
5965.716	0.931	0.323
5965.794	0.931	0.331
5965.885	0.931	0.339
5965.963	0.931	0.344
5966.054	0.931	0.354
5966.132	0.931	0.362
5966.223	0.931	0.367
5966.302	0.931	0.377
5966.380	0.931	0.384
5966.471	0.931	0.391
5966.549	0.931	0.399
5966.627	0.931	0.407
5966.718	0.931	0.416
5966.797	0.931	0.423
5966.888	0.931	0.431
5966.966	0.932	0.439
5967.044	0.931	0.451
5967.135	0.931	0.457
5967.213	0.931	0.467
5967.304	0.931	0.477
5967.382	0.931	0.485
5967.461	0.931	0.493
5967.552	0.932	0.500
5967.630	0.933	0.505
5967.721	0.932	0.510
5967.799	0.933	0.516
5967.890	0.933	0.525
5967.968	0.933	0.531
5968.047	0.934	0.538
5968.138	0.935	0.548
5968.216	0.935	0.558
5968.307	0.935	0.566
5968.385	0.936	0.572
5968.463	0.935	0.579
5968.554	0.935	0.586
5968.632	0.935	0.592
5968.711	0.936	0.597
5968.802	0.935	0.599
5968.880	0.936	0.601
5968.971	0.935	0.599
5969.049	0.936	0.599
5969.127	0.936	0.596
5969.218	0.936	0.594
5969.297	0.936	0.594
5969.388	0.936	0.593
5969.466	0.936	0.590
5969.557	0.936	0.588
5969.635	0.936	0.588
5969.713	0.936	0.587
5969.804	0.936	0.587
5969.882	0.936	0.589
5969.961	0.936	0.588
5970.052	0.936	0.589
5970.130	0.936	0.590
5970.221	0.936	0.593
5970.299	0.936	0.598
5970.377	0.936	0.604
5970.468	0.936	0.605
5970.547	0.937	0.605
5970.638	0.936	0.604
5970.716	0.936	0.604
5970.807	0.936	0.605
5970.885	0.937	0.607
5970.963	0.938	0.609
5971.054	0.936	0.610
5971.132	0.937	0.615
5971.211	0.938	0.618
5971.302	0.936	0.621
5971.380	0.937	0.623
5971.471	0.940	0.626
5971.549	0.937	0.630
5971.627	0.940	0.630
5971.718	0.941	0.632
5971.797	0.941	0.634
5971.888	0.940	0.635
5971.966	0.941	0.635
5972.044	0.939	0.638
5972.135	0.941	0.639
5972.213	0.941	0.640
5972.304	0.941	0.638
5972.382	0.941	0.637
5972.461	0.941	0.635
5972.552	0.941	0.635
5972.630	0.941	0.635
5972.721	0.941	0.635
5972.799	0.941	0.636
5972.877	0.941	0.636
5972.968	0.941	0.640
5973.047	0.941	0.645
5973.138	0.941	0.649
5973.216	0.941	0.654
5973.294	0.941	0.658
5973.385	0.941	0.666
5973.463	0.941	0.672
5973.554	0.941	0.676
5973.632	0.941	0.677
5973.711	0.941	0.681
5973.802	0.941	0.681
5973.880	0.941	0.680
5973.971	0.941	0.676
5974.049	0.941	0.671
5974.140	0.941	0.665
5974.218	0.941	0.658
5974.297	0.941	0.655
5974.388	0.941	0.655
5974.466	0.941	0.654
5974.544	0.941	0.651
5974.635	0.941	0.650
5974.713	0.941	0.648
5974.804	0.942	0.650
5974.882	0.943	0.650
5974.973	0.941	0.649
5975.052	0.941	0.645
5975.130	0.941	0.645
5975.221	0.942	0.643
5975.299	0.942	0.640
5975.377	0.943	0.640
5975.468	0.943	0.638
5975.547	0.944	0.635
5975.638	0.944	0.635
5975.716	0.941	0.633
5975.794	0.944	0.631
5975.885	0.944	0.627
5975.963	0.945	0.622
5976.054	0.943	0.620
5976.132	0.946	0.615
5976.211	0.946	0.614
5976.302	0.947	0.610
5976.380	0.946	0.610
5976.471	0.946	0.609
5976.549	0.946	0.606
5976.627	0.947	0.604
5976.718	0.947	0.600
5976.797	0.947	0.594
5976.888	0.947	0.590
5976.966	0.947	0.587
5977.044	0.947	0.584
5977.135	0.947	0.580
5977.213	0.947	0.579
5977.304	0.947	0.576
5977.382	0.947	0.574
5977.461	0.947	0.574
5977.552	0.947	0.572
5977.630	0.947	0.568
5977.721	0.947	0.566
5977.799	0.947	0.563
5977.877	0.947	0.558
5977.968	0.947	0.553
5978.047	0.947	0.550
5978.138	0.947	0.545
5978.216	0.947	0.538
5978.294	0.947	0.533
5978.385	0.947	0.530
5978.463	0.947	0.528
5978.554	0.947	0.523
5978.632	0.947	0.519
5978.711	0.947	0.516
5978.802	0.947	0.513
5978.880	0.947	0.509
5978.971	0.948	0.508
5979.049	0.947	0.506
5979.127	0.947	0.502
5979.218	0.949	0.498
5979.297	0.950	0.497
5979.388	0.950	0.497
5979.466	0.952	0.498
5979.544	0.951	0.497
5979.635	0.950	0.497
5979.713	0.948	0.492
5979.804	0.952	0.492
5979.882	0.952	0.492
5979.973	0.952	0.490
5980.052	0.951	0.485
5980.130	0.951	0.483
5980.221	0.952	0.482
5980.299	0.952	0.479
5980.377	0.952	0.477
5980.468	0.952	0.477
5980.547	0.952	0.477
5980.638	0.952	0.476
5980.716	0.952	0.475
5980.794	0.951	0.472
5980.885	0.952	0.472
5980.963	0.952	0.474
5981.054	0.952	0.474
5981.132	0.952	0.476
5981.211	0.952	0.477
5981.302	0.952	0.474
5981.380	0.952	0.472
5981.471	0.952	0.472
5981.549	0.952	0.469
5981.627	0.952	0.463
5981.718	0.952	0.457
5981.797	0.952	0.451
5981.888	0.952	0.445
5981.966	0.952	0.440
5982.044	0.952	0.432
5982.135	0.952	0.426
5982.213	0.952	0.420
5982.304	0.952	0.412
5982.382	0.952	0.407
5982.461	0.952	0.400
5982.552	0.952	0.391
5982.630	0.952	0.384
5982.721	0.952	0.379
5982.799	0.952	0.374
5982.877	0.952	0.370
5982.968	0.952	0.365
5983.047	0.952	0.360
5983.138	0.952	0.352
5983.216	0.952	0.346
5983.294	0.952	0.344
5983.385	0.952	0.341
5983.463	0.952	0.339
5983.554	0.952	0.339
5983.632	0.952	0.339
5983.711	0.952	0.337
5983.802	0.952	0.334
5983.880	0.952	0.331
5983.971	0.952	0.329
5984.049	0.952	0.329
5984.127	0.953	0.325
5984.218	0.952	0.327
5984.297	0.952	0.326
5984.388	0.952	0.324
5984.466	0.952	0.324
5984.544	0.952	0.322
5984.635	0.953	0.314
5984.713	0.952	0.306
5984.804	0.953	0.300
5984.882	0.953	0.294
5984.973	0.953	0.289
5985.052	0.952	0.288
5985.130	0.955	0.283
5985.221	0.955	0.283
5985.299	0.956	0.280
5985.377	0.953	0.278
5985.468	0.954	0.278
5985.547	0.952	0.277
5985.638	0.955	0.273
5985.716	0.955	0.266
5985.794	0.952	0.260
5985.885	0.953	0.252
5985.963	0.956	0.247
5986.054	0.953	0.241
5986.132	0.955	0.237
5986.223	0.952	0.231
5986.302	0.953	0.226
5986.380	0.952	0.220
5986.471	0.953	0.215
5986.549	0.953	0.209
5986.627	0.953	0.204
5986.718	0.953	0.201
5986.797	0.955	0.192
5986.888	0.955	0.183
5986.966	0.954	0.176
5987.044	0.956	0.168
5987.135	0.954	0.160
5987.213	0.952	0.152
5987.304	0.954	0.141
5987.382	0.952	0.130
5987.461	0.955	0.124
5987.552	0.954	0.115
5987.630	0.954	0.106
5987.721	0.955	0.102
5987.799	0.952	0.100
5987.877	0.952	0.093
5987.968	0.952	0.085
5988.047	0.952	0.076
5988.138	0.952	0.065
5988.216	0.952	0.056
5988.294	0.952	0.046
5988.385	0.952	0.036
5988.463	0.952	0.024
5988.554	0.953	0.016
5988.632	0.955	0.007
5988.711	0.953	-0.000
5988.802	0.952	-0.006
5988.880	0.952	-0.011
5988.971	0.952	-0.020
5989.049	0.952	-0.027
5989.127	0.953	-0.035
5989.218	0.952	-0.041
5989.297	0.952	-0.049
5989.388	0.952	-0.058
5989.466	0.952	-0.063
5989.544	0.952	-0.069
5989.635	0.952	-0.073
5989.713	0.952	-0.079
5989.804	0.952	-0.081
5989.882	0.952	-0.085
5989.961	0.952	-0.090
5990.052	0.952	-0.095
5990.130	0.952	-0.098
5990.221	0.952	-0.102
5990.299	0.952	-0.108
5990.377	0.952	-0.115
5990.468	0.952	-0.120
5990.547	0.952	-0.124
5990.638	0.952	-0.128
5990.716	0.952	-0.130
5990.794	0.952	-0.130
5990.885	0.952	-0.135
5990.963	0.952	-0.140
5991.054	0.952	-0.141
5991.132	0.952	-0.145
5991.211	0.952	-0.149
5991.302	0.952	-0.153
5991.380	0.952	-0.155
5991.471	0.952	-0.155
5991.549	0.952	-0.155
5991.627	0.952	-0.155
5991.718	0.952	-0.155
5991.797	0.952	-0.155
5991.888	0.952	-0.155
5991.966	0.952	-0.155
5992.044	0.952	-0.153
5992.135	0.952	-0.152
5992.213	0.952	-0.150
5992.304	0.952	-0.151
5992.382	0.952	-0.150
5992.461	0.952	-0.150
5992.552	0.952	-0.150
5992.630	0.951	-0.146
5992.721	0.952	-0.145
5992.799	0.952	-0.145
5992.877	0.952	-0.146
5992.968	0.952	-0.146
5993.047	0.952	-0.149
5993.138	0.952	-0.150
5993.216	0.952	-0.147
5993.294	0.952	-0.147
5993.385	0.952	-0.147
5993.463	0.952	-0.147
5993.554	0.952	-0.145
5993.632	0.951	-0.145
5993.711	0.951	-0.145
5993.802	0.952	-0.147
5993.880	0.952	-0.150
5993.971	0.951	-0.153
5994.049	0.951	-0.155
5994.127	0.950	-0.158
5994.218	0.950	-0.160
5994.297	0.950	-0.160
5994.388	0.948	-0.159
5994.466	0.951	-0.154
5994.544	0.952	-0.151
5994.635	0.950	-0.149
5994.713	0.951	-0.145
5994.804	0.951	-0.147
5994.882	0.949	-0.147
5994.961	0.951	-0.146
5995.052	0.951	-0.145
5995.130	0.951	-0.145
5995.221	0.947	-0.141
5995.299	0.949	-0.140
5995.377	0.950	-0.136
5995.468	0.951	-0.130
5995.547	0.950	-0.126
5995.638	0.949	-0.121
5995.716	0.951	-0.113
5995.794	0.951	-0.103
5995.885	0.949	-0.099
5995.963	0.949	-0.096
5996.054	0.949	-0.090
5996.132	0.950	-0.087
5996.211	0.950	-0.081
5996.302	0.949	-0.077
5996.380	0.948	-0.071
5996.471	0.948	-0.067
5996.549	0.949	-0.062
5996.627	0.949	-0.058
5996.718	0.950	-0.053
5996.797	0.949	-0.048
5996.888	0.951	-0.041
5996.966	0.950	-0.035
5997.044	0.950	-0.026
5997.135	0.948	-0.017
5997.213	0.949	-0.009
5997.304	0.950	0.000
5997.382	0.950	0.007
5997.461	0.951	0.013
5997.552	0.950	0.019
5997.630	0.950	0.025
5997.721	0.951	0.034
5997.799	0.948	0.036
5997.877	0.949	0.039
5997.968	0.949	0.045
5998.047	0.948	0.051
5998.138	0.947	0.057
5998.216	0.950	0.062
5998.294	0.950	0.071
5998.385	0.950	0.079
5998.463	0.950	0.089
5998.554	0.947	0.097
5998.632	0.949	0.101
5998.711	0.948	0.107
5998.802	0.947	0.110
5998.880	0.950	0.115
5998.971	0.950	0.118
5999.049	0.951	0.123
5999.127	0.950	0.124
5999.218	0.949	0.125
5999.297	0.949	0.126
5999.388	0.949	0.128
5999.466	0.951	0.130
5999.544	0.951	0.135
5999.635	0.952	0.136
5999.713	0.951	0.142
5999.804	0.952	0.147
5999.882	0.952	0.154
5999.961	0.952	0.161
6000.052	0.951	0.168
6000.130	0.952	0.175
6000.221	0.952	0.183
6000.299	0.952	0.188
6000.377	0.952	0.193
6000.468	0.952	0.197
6000.547	0.952	0.202
6000.625	0.952	0.207
6000.716	0.951	0.212
6000.794	0.952	0.216
6000.885	0.952	0.220
6000.963	0.952	0.222
6001.054	0.952	0.226
6001.132	0.952	0.227
6001.211	0.952	0.231
6001.302	0.952	0.236
6001.380	0.952	0.243
6001.471	0.952	0.247
6001.549	0.952	0.253
6001.627	0.952	0.260
6001.718	0.952	0.265
6001.797	0.952	0.269
6001.875	0.952	0.276
6001.966	0.952	0.280
6002.044	0.952	0.283
6002.135	0.952	0.284
6002.213	0.952	0.286
6002.292	0.952	0.288
6002.382	0.952	0.293
6002.461	0.952	0.298
6002.552	0.952	0.303
6002.630	0.952	0.307
6002.721	0.952	0.309
6002.799	0.952	0.316
6002.877	0.952	0.322
6002.968	0.952	0.327
6003.047	0.952	0.335
6003.138	0.952	0.342
6003.216	0.952	0.348
6003.294	0.952	0.355
6003.385	0.953	0.362
6003.463	0.952	0.368
6003.542	0.952	0.374
6003.632	0.952	0.377
6003.711	0.952	0.382
6003.802	0.952	0.388
6003.880	0.953	0.390
6003.958	0.952	0.392
6004.049	0.954	0.397
6004.127	0.952	0.402
6004.218	0.956	0.408
6004.297	0.956	0.417
6004.388	0.954	0.427
6004.466	0.954	0.437
6004.544	0.955	0.444
6004.635	0.955	0.447
6004.713	0.954	0.450
6004.804	0.954	0.452
6004.882	0.954	0.452
6004.961	0.956	0.452
6005.052	0.956	0.452
6005.130	0.956	0.452
6005.221	0.957	0.454
6005.299	0.957	0.457
6005.377	0.957	0.459
6005.468	0.957	0.463
6005.547	0.956	0.469
6005.638	0.957	0.474
6005.716	0.957	0.477
6005.794	0.957	0.482
6005.885	0.957	0.482
6005.963	0.957	0.482
6006.054	0.957	0.482
6006.132	0.957	0.488
6006.211	0.957	0.487
6006.302	0.957	0.487
6006.380	0.957	0.487
6006.471	0.957	0.484
6006.549	0.957	0.482
6006.627	0.957	0.478
6006.718	0.957	0.473
6006.797	0.957	0.469
6006.888	0.957	0.463
6006.966	0.957	0.457
6007.044	0.957	0.452
6007.135	0.957	0.446
6007.213	0.957	0.442
6007.304	0.957	0.438
6007.382	0.957	0.432
6007.461	0.958	0.429
6007.552	0.957	0.426
6007.630	0.957	0.425
6007.721	0.957	0.420
6007.799	0.958	0.420
6007.877	0.957	0.418
6007.968	0.957	0.418
6008.047	0.957	0.416
6008.138	0.957	0.416
6008.216	0.957	0.416
6008.294	0.957	0.411
6008.385	0.957	0.409
6008.463	0.957	0.406
6008.542	0.957	0.405
6008.632	0.957	0.401
6008.711	0.958	0.401
6008.802	0.957	0.400
6008.880	0.957	0.397
6008.958	0.958	0.393
6009.049	0.958	0.390
6009.127	0.957	0.390
6009.218	0.957	0.387
6009.297	0.958	0.384
6009.375	0.957	0.380
6009.466	0.960	0.375
6009.544	0.958	0.371
6009.635	0.960	0.368
6009.713	0.960	0.367
6009.792	0.959	0.365
6009.882	0.958	0.365
6009.961	0.958	0.365
6010.052	0.958	0.361
6010.130	0.959	0.360
6010.208	0.960	0.357
6010.299	0.958	0.355
6010.377	0.960	0.353
6010.468	0.961	0.349
6010.547	0.960	0.344
6010.625	0.961	0.344
6010.716	0.962	0.340
6010.794	0.961	0.339
6010.885	0.959	0.339
6010.963	0.962	0.339
6011.042	0.961	0.339
6011.132	0.959	0.335
6011.211	0.962	0.334
6011.302	0.962	0.333
6011.380	0.962	0.330
6011.458	0.962	0.329
6011.549	0.962	0.327
6011.627	0.962	0.326
6011.718	0.961	0.323
6011.797	0.962	0.320
6011.875	0.961	0.316
6011.966	0.962	0.310
6012.044	0.962	0.308
6012.135	0.962	0.305
6012.213	0.962	0.302
6012.292	0.961	0.298
6012.382	0.962	0.296
6012.461	0.961	0.293
6012.552	0.961	0.292
6012.630	0.961	0.288
6012.708	0.962	0.285
6012.799	0.962	0.282
6012.877	0.962	0.276
6012.968	0.961	0.273
6013.047	0.962	0.268
6013.125	0.962	0.268
6013.216	0.962	0.264
6013.294	0.962	0.260
6013.385	0.962	0.258
6013.463	0.962	0.258
6013.542	0.962	0.258
6013.632	0.962	0.257
6013.711	0.962	0.255
6013.802	0.962	0.253
6013.880	0.962	0.252
6013.958	0.962	0.248
6014.049	0.962	0.248
6014.127	0.962	0.248
6014.218	0.962	0.244
6014.297	0.962	0.243
6014.375	0.962	0.238
6014.466	0.961	0.237
6014.544	0.962	0.235
6014.635	0.962	0.229
6014.713	0.962	0.225
6014.792	0.962	0.219
6014.882	0.962	0.213
6014.961	0.962	0.204
6015.052	0.961	0.197
6015.130	0.962	0.190
6015.208	0.962	0.183
6015.299	0.962	0.175
6015.377	0.962	0.166
6015.468	0.962	0.159
6015.547	0.962	0.152
6015.625	0.962	0.144
6015.716	0.962	0.135
6015.794	0.962	0.129
6015.885	0.962	0.124
6015.963	0.962	0.119
6016.042	0.962	0.113
6016.132	0.962	0.107
6016.211	0.962	0.102
6016.302	0.962	0.098
6016.380	0.962	0.093
6016.458	0.962	0.090
6016.549	0.962	0.085
6016.627	0.961	0.083
6016.718	0.962	0.081
6016.797	0.962	0.080
6016.875	0.962	0.079
6016.966	0.962	0.078
6017.044	0.962	0.074
6017.135	0.962	0.073
6017.213	0.962	0.069
6017.292	0.962	0.069
6017.382	0.962	0.068
6017.461	0.962	0.065
6017.552	0.961	0.062
6017.630	0.962	0.057
6017.721	0.962	0.053
6017.799	0.962	0.049
6017.877	0.962	0.044
6017.968	0.962	0.038
6018.047	0.962	0.034
6018.125	0.961	0.027
6018.216	0.962	0.024
6018.294	0.962	0.017
6018.385	0.962	0.013
6018.463	0.961	0.007
6018.542	0.962	0.002
6018.632	0.962	-0.004
6018.711	0.962	-0.011
6018.802	0.962	-0.016
6018.880	0.962	-0.019
6018.958	0.962	-0.023
6019.049	0.962	-0.030
6019.127	0.960	-0.036
6019.218	0.962	-0.040
6019.297	0.960	-0.049
6019.375	0.962	-0.055
6019.466	0.962	-0.058
6019.544	0.960	-0.062
6019.635	0.960	-0.065
6019.713	0.962	-0.068
6019.792	0.960	-0.073
6019.882	0.962	-0.073
6019.961	0.962	-0.073
6020.052	0.960	-0.074
6020.130	0.961	-0.079
6020.208	0.958	-0.083
6020.299	0.958	-0.089
6020.377	0.958	-0.093
6020.468	0.959	-0.100
6020.547	0.960	-0.107
6020.625	0.958	-0.114
6020.716	0.960	-0.122
6020.794	0.958	-0.130
6020.885	0.957	-0.137
6020.963	0.959	-0.145
6021.042	0.958	-0.154
6021.132	0.958	-0.161
6021.211	0.958	-0.169
6021.302	0.957	-0.178
6021.380	0.957	-0.187
6021.458	0.958	-0.196
6021.549	0.958	-0.203
6021.627	0.957	-0.213
6021.718	0.957	-0.222
6021.797	0.958	-0.232
6021.875	0.957	-0.241
6021.966	0.957	-0.250
6022.044	0.957	-0.258
6022.135	0.957	-0.265
6022.213	0.957	-0.271
6022.292	0.957	-0.279
6022.382	0.957	-0.285
6022.461	0.957	-0.292
6022.552	0.957	-0.298
6022.630	0.957	-0.303
6022.708	0.957	-0.308
6022.799	0.957	-0.314
6022.877	0.957	-0.318
6022.968	0.955	-0.323
6023.047	0.957	-0.327
6023.125	0.957	-0.335
6023.216	0.957	-0.342
6023.294	0.957	-0.349
6023.385	0.956	-0.354
6023.463	0.957	-0.359
6023.542	0.957	-0.361
6023.632	0.955	-0.366
6023.711	0.957	-0.371
6023.802	0.956	-0.376
6023.880	0.955	-0.379
6023.958	0.957	-0.384
6024.049	0.956	-0.391
6024.127	0.955	-0.396
6024.218	0.955	-0.404
6024.297	0.952	-0.407
6024.375	0.952	-0.416
6024.466	0.952	-0.423
6024.544	0.952	-0.431
6024.635	0.953	-0.440
6024.713	0.953	-0.447
6024.792	0.952	-0.454
6024.882	0.952	-0.460
6024.961	0.952	-0.469
6025.052	0.952	-0.478
6025.130	0.952	-0.487
6025.208	0.952	-0.497
6025.299	0.952	-0.503
6025.377	0.952	-0.512
6025.468	0.952	-0.518
6025.547	0.952	-0.524
6025.625	0.952	-0.527
6025.716	0.952	-0.532
6025.794	0.952	-0.535
6025.885	0.952	-0.536
6025.963	0.952	-0.537
6026.042	0.952	-0.537
6026.132	0.952	-0.537
6026.211	0.952	-0.536
6026.302	0.951	-0.532
6026.380	0.951	-0.531
6026.458	0.951	-0.527
6026.549	0.950	-0.527
6026.627	0.949	-0.528
6026.718	0.950	-0.533
6026.797	0.949	-0.539
6026.875	0.949	-0.542
6026.966	0.949	-0.548
6027.044	0.947	-0.552
6027.135	0.948	-0.555
6027.213	0.947	-0.561
6027.292	0.947	-0.563
6027.382	0.947	-0.565
6027.461	0.947	-0.568
6027.552	0.947	-0.568
6027.630	0.947	-0.568
6027.708	0.947	-0.570
6027.799	0.947	-0.573
6027.877	0.947	-0.575
6027.968	0.947	-0.578
6028.047	0.947	-0.580
6028.125	0.947	-0.587
6028.216	0.947	-0.588
6028.294	0.947	-0.594
6028.385	0.946	-0.598
6028.463	0.947	-0.603
6028.542	0.947	-0.604
6028.632	0.947	-0.610
6028.711	0.946	-0.613
6028.802	0.947	-0.614
6028.880	0.946	-0.614
6028.958	0.947	-0.612
6029.049	0.947	-0.612
6029.127	0.943	-0.609
6029.218	0.943	-0.609
6029.297	0.945	-0.604
6029.375	0.944	-0.604
6029.466	0.944	-0.604
6029.544	0.942	-0.604
6029.635	0.946	-0.604
6029.713	0.941	-0.604
6029.792	0.942	-0.604
6029.882	0.941	-0.604
6029.961	0.942	-0.604
6030.052	0.941	-0.604
6030.130	0.942	-0.603
6030.208	0.941	-0.598
6030.299	0.942	-0.597
6030.377	0.941	-0.593
6030.468	0.941	-0.593
6030.547	0.941	-0.593
6030.625	0.941	-0.589
6030.716	0.941	-0.588
6030.794	0.941	-0.585
6030.885	0.941	-0.580
6030.963	0.941	-0.574
6031.042	0.941	-0.570
6031.132	0.941	-0.564
6031.211	0.941	-0.561
6031.302	0.941	-0.556
6031.380	0.941	-0.552
6031.458	0.941	-0.546
6031.549	0.941	-0.539
6031.627	0.941	-0.534
6031.718	0.941	-0.529
6031.797	0.941	-0.526
6031.875	0.941	-0.522
6031.966	0.941	-0.517
6032.044	0.941	-0.514
6032.135	0.941	-0.508
6032.213	0.939	-0.507
6032.292	0.941	-0.503
6032.382	0.941	-0.502
6032.461	0.941	-0.502
6032.552	0.941	-0.498
6032.630	0.941	-0.501
6032.708	0.941	-0.497
6032.799	0.940	-0.490
6032.877	0.941	-0.485
6032.968	0.938	-0.479
6033.047	0.938	-0.473
6033.125	0.938	-0.463
6033.216	0.939	-0.452
6033.294	0.939	-0.447
6033.385	0.939	-0.439
6033.463	0.938	-0.430
6033.542	0.937	-0.422
6033.632	0.937	-0.412
6033.711	0.937	-0.403
6033.802	0.937	-0.396
6033.880	0.938	-0.390
6033.958	0.936	-0.381
6034.049	0.938	-0.374
6034.127	0.936	-0.367
6034.218	0.936	-0.364
6034.297	0.936	-0.360
6034.375	0.936	-0.358
6034.466	0.936	-0.353
6034.544	0.936	-0.347
6034.635	0.936	-0.343
6034.713	0.936	-0.340
6034.792	0.936	-0.337
6034.882	0.936	-0.333
6034.961	0.936	-0.333
6035.052	0.936	-0.333
6035.130	0.936	-0.328
6035.208	0.936	-0.324
6035.299	0.936	-0.324
6035.377	0.936	-0.323
6035.468	0.936	-0.317
6035.547	0.936	-0.311
6035.625	0.936	-0.305
6035.716	0.936	-0.300
6035.794	0.936	-0.293
6035.885	0.936	-0.289
6035.963	0.936	-0.288
6036.042	0.936	-0.286
6036.132	0.935	-0.282
6036.211	0.936	-0.282
6036.302	0.935	-0.282
6036.380	0.936	-0.280
6036.458	0.936	-0.277
6036.549	0.936	-0.277
6036.627	0.936	-0.275
6036.718	0.936	-0.277
6036.797	0.935	-0.277
6036.875	0.935	-0.277
6036.966	0.933	-0.271
6037.044	0.935	-0.270
6037.135	0.934	-0.267
6037.213	0.935	-0.267
6037.292	0.933	-0.264
6037.382	0.935	-0.262
6037.461	0.935	-0.263
6037.552	0.934	-0.262
6037.630	0.936	-0.262
6037.708	0.932	-0.262
6037.799	0.935	-0.262
6037.877	0.932	-0.259
6037.968	0.934	-0.257
6038.047	0.935	-0.257
6038.125	0.931	-0.254
6038.216	0.934	-0.253
6038.294	0.932	-0.252
6038.385	0.931	-0.253
6038.463	0.934	-0.252
6038.542	0.931	-0.249
6038.632	0.932	-0.247
6038.711	0.932	-0.242
6038.802	0.931	-0.238
6038.880	0.931	-0.233
6038.958	0.931	-0.232
6039.049	0.931	-0.229
6039.127	0.932	-0.228
6039.218	0.931	-0.229
6039.297	0.931	-0.228
6039.375	0.931	-0.227
6039.466	0.931	-0.226
6039.544	0.931	-0.226
6039.635	0.931	-0.226
6039.713	0.931	-0.227
6039.792	0.931	-0.232
6039.882	0.931	-0.237
6039.961	0.931	-0.237
6040.052	0.931	-0.237
6040.130	0.931	-0.234
6040.208	0.931	-0.232
6040.299	0.931	-0.226
6040.377	0.931	-0.226
6040.468	0.931	-0.226
6040.547	0.931	-0.226
6040.625	0.931	-0.222
6040.716	0.931	-0.221
6040.794	0.931	-0.220
6040.885	0.931	-0.220
6040.963	0.931	-0.221
6041.042	0.931	-0.221
6041.132	0.931	-0.221
6041.211	0.931	-0.221
6041.302	0.931	-0.221
6041.380	0.931	-0.221
6041.458	0.931	-0.221
6041.549	0.931	-0.221
6041.627	0.931	-0.221
6041.718	0.931	-0.221
6041.797	0.931	-0.226
6041.875	0.931	-0.226
6041.966	0.931	-0.227
6042.044	0.930	-0.231
6042.135	0.930	-0.233
6042.213	0.931	-0.237
6042.292	0.931	-0.238
6042.382	0.931	-0.242
6042.461	0.930	-0.245
6042.552	0.931	-0.247
6042.630	0.930	-0.246
6042.708	0.930	-0.247
6042.799	0.930	-0.247
6042.877	0.930	-0.247
6042.968	0.930	-0.247
6043.047	0.930	-0.246
6043.125	0.928	-0.242
6043.216	0.927	-0.242
6043.294	0.927	-0.242
6043.385	0.929	-0.242
6043.463	0.930	-0.243
6043.542	0.927	-0.247
6043.632	0.927	-0.252
6043.711	0.928	-0.255
6043.802	0.926	-0.261
6043.880	0.927	-0.262
6043.958	0.928	-0.263
6044.049	0.926	-0.267
6044.127	0.926	-0.269
6044.218	0.926	-0.273
6044.297	0.926	-0.277
6044.375	0.926	-0.282
6044.466	0.926	-0.286
6044.544	0.926	-0.291
6044.635	0.926	-0.296
6044.713	0.926	-0.303
6044.792	0.926	-0.303
6044.882	0.926	-0.306
6044.961	0.926	-0.308
6045.052	0.926	-0.308
6045.130	0.926	-0.308
6045.208	0.926	-0.308
6045.299	0.926	-0.311
6045.377	0.926	-0.315
6045.468	0.926	-0.317
6045.547	0.926	-0.316
6045.625	0.924	-0.316
6045.716	0.926	-0.318
6045.794	0.925	-0.319
6045.885	0.926	-0.323
6045.963	0.925	-0.327
6046.042	0.925	-0.330
6046.132	0.926	-0.333
6046.211	0.925	-0.336
6046.302	0.924	-0.339
6046.380	0.924	-0.339
6046.458	0.924	-0.339
6046.549	0.924	-0.338
6046.627	0.921	-0.336
6046.718	0.922	-0.334
6046.797	0.923	-0.336
6046.875	0.923	-0.339
6046.966	0.923	-0.344
6047.044	0.921	-0.344
6047.135	0.921	-0.344
6047.213	0.921	-0.348
6047.292	0.921	-0.355
6047.382	0.922	-0.361
6047.461	0.921	-0.364
6047.552	0.921	-0.368
6047.630	0.921	-0.373
6047.708	0.921	-0.374
6047.799	0.921	-0.375
6047.877	0.921	-0.378
6047.968	0.921	-0.383
6048.047	0.921	-0.384
6048.125	0.921	-0.384
6048.216	0.921	-0.388
6048.294	0.921	-0.390
6048.385	0.921	-0.390
6048.463	0.921	-0.390
6048.542	0.921	-0.393
6048.632	0.921	-0.395
6048.711	0.921	-0.398
6048.802	0.921	-0.401
6048.880	0.921	-0.405
6048.958	0.921	-0.409
6049.049	0.921	-0.412
6049.127	0.921	-0.415
6049.218	0.921	-0.418
6049.297	0.921	-0.422
6049.375	0.921	-0.425
6049.466	0.921	-0.426
6049.544	0.920	-0.432
6049.623	0.921	-0.437
6049.713	0.921	-0.440
6049.792	0.920	-0.446
6049.882	0.920	-0.446
6049.961	0.917	-0.446
6050.052	0.917	-0.451
6050.130	0.918	-0.452
6050.208	0.918	-0.456
6050.299	0.917	-0.464
6050.377	0.916	-0.469
6050.456	0.918	-0.474
6050.547	0.918	-0.479
6050.625	0.916	-0.483
6050.716	0.917	-0.486
6050.794	0.917	-0.487
6050.885	0.917	-0.491
6050.963	0.916	-0.494
6051.042	0.917	-0.497
6051.132	0.916	-0.497
6051.211	0.916	-0.502
6051.302	0.916	-0.498
6051.380	0.916	-0.497
6051.458	0.916	-0.495
6051.549	0.916	-0.492
6051.627	0.916	-0.493
6051.706	0.916	-0.497
6051.797	0.916	-0.497
6051.875	0.916	-0.498
6051.966	0.916	-0.501
6052.044	0.916	-0.506
6052.135	0.916	-0.508
6052.213	0.916	-0.513
6052.292	0.916	-0.517
6052.382	0.916	-0.520
6052.461	0.916	-0.525
6052.552	0.916	-0.530
6052.630	0.916	-0.538
6052.708	0.916	-0.547
6052.799	0.916	-0.552
6052.877	0.916	-0.557
6052.968	0.915	-0.563
6053.047	0.916	-0.568
6053.125	0.914	-0.570
6053.216	0.916	-0.576
6053.294	0.913	-0.579
6053.385	0.913	-0.582
6053.463	0.914	-0.583
6053.542	0.913	-0.583
6053.632	0.911	-0.584
6053.711	0.911	-0.586
6053.802	0.912	-0.587
6053.880	0.913	-0.588
6053.958	0.912	-0.588
6054.049	0.912	-0.588
6054.127	0.911	-0.588
6054.206	0.911	-0.590
6054.297	0.911	-0.593
6054.375	0.911	-0.594
6054.466	0.911	-0.595
6054.544	0.911	-0.598
6054.623	0.911	-0.598
6054.713	0.911	-0.594
6054.792	0.911	-0.593
6054.882	0.911	-0.594
6054.961	0.910	-0.598
6055.052	0.911	-0.606
6055.130	0.911	-0.612
6055.208	0.911	-0.617
6055.299	0.911	-0.623
6055.377	0.911	-0.627
6055.468	0.910	-0.629
6055.547	0.911	-0.632
6055.625	0.908	-0.636
6055.716	0.910	-0.638
6055.794	0.910	-0.641
6055.885	0.907	-0.644
6055.963	0.907	-0.644
6056.042	0.906	-0.647
6056.132	0.907	-0.651
6056.211	0.907	-0.659
6056.289	0.906	-0.672
6056.380	0.906	-0.681
6056.458	0.906	-0.692
6056.549	0.906	-0.700
6056.627	0.906	-0.710
6056.706	0.906	-0.717
6056.797	0.906	-0.725
6056.875	0.906	-0.730
6056.966	0.906	-0.734
6057.044	0.905	-0.740
6057.135	0.905	-0.748
6057.213	0.906	-0.751
6057.292	0.905	-0.751
6057.382	0.904	-0.751
6057.461	0.904	-0.751
6057.552	0.903	-0.753
6057.630	0.905	-0.756
6057.708	0.903	-0.753
6057.799	0.902	-0.756
6057.877	0.902	-0.757
6057.968	0.901	-0.758
6058.047	0.902	-0.762
6058.125	0.901	-0.764
6058.216	0.901	-0.768
6058.294	0.901	-0.772
6058.373	0.901	-0.776
6058.463	0.901	-0.781
6058.542	0.901	-0.788
6058.632	0.901	-0.792
6058.711	0.901	-0.799
6058.789	0.901	-0.807
6058.880	0.901	-0.814
6058.958	0.901	-0.824
6059.049	0.901	-0.832
6059.127	0.901	-0.841
6059.218	0.901	-0.847
6059.297	0.901	-0.853
6059.375	0.901	-0.859
6059.466	0.900	-0.864
6059.544	0.901	-0.869
6059.635	0.900	-0.872
6059.713	0.900	-0.874
6059.792	0.898	-0.874
6059.882	0.897	-0.874
6059.961	0.898	-0.874
6060.052	0.897	-0.874
6060.130	0.897	-0.874
6060.208	0.898	-0.876
6060.299	0.896	-0.879
6060.377	0.897	-0.879
6060.468	0.896	-0.880
6060.547	0.896	-0.884
6060.625	0.896	-0.886
6060.716	0.896	-0.890
6060.794	0.896	-0.893
6060.885	0.896	-0.898
6060.963	0.896	-0.902
6061.042	0.896	-0.909
6061.132	0.895	-0.915
6061.211	0.896	-0.919
6061.302	0.896	-0.926
6061.380	0.895	-0.933
6061.458	0.892	-0.938
6061.549	0.892	-0.944
6061.627	0.893	-0.954
6061.706	0.891	-0.963
6061.797	0.890	-0.973
6061.875	0.890	-0.982
6061.966	0.890	-0.990
6062.044	0.890	-0.999
6062.123	0.890	-1.007
6062.213	0.890	-1.016
6062.292	0.890	-1.024
6062.382	0.890	-1.031
6062.461	0.890	-1.039
6062.552	0.890	-1.045
6062.630	0.890	-1.052
6062.708	0.890	-1.056
6062.799	0.888	-1.058
6062.877	0.889	-1.062
6062.968	0.889	-1.062
6063.047	0.890	-1.062
6063.125	0.887	-1.062
6063.216	0.887	-1.063
6063.294	0.887	-1.067
6063.385	0.885	-1.067
6063.463	0.887	-1.065
6063.542	0.885	-1.063
6063.632	0.887	-1.062
6063.711	0.885	-1.058
6063.802	0.885	-1.056
6063.880	0.885	-1.050
6063.958	0.885	-1.044
6064.049	0.885	-1.039
6064.127	0.885	-1.033
6064.218	0.885	-1.027
6064.297	0.885	-1.022
6064.375	0.884	-1.016
6064.466	0.882	-1.016
6064.544	0.884	-1.016
6064.635	0.882	-1.016
6064.713	0.880	-1.016
6064.792	0.881	-1.019
6064.882	0.880	-1.023
6064.961	0.880	-1.028
6065.052	0.880	-1.037
6065.130	0.880	-1.043
6065.208	0.880	-1.054
6065.299	0.880	-1.060
6065.377	0.880	-1.067
6065.456	0.880	-1.074
6065.547	0.880	-1.078
6065.625	0.880	-1.083
6065.716	0.880	-1.088
6065.794	0.880	-1.092
6065.873	0.880	-1.096
6065.963	0.880	-1.098
6066.042	0.879	-1.103
6066.132	0.880	-1.107
6066.211	0.879	-1.108
6066.302	0.878	-1.105
6066.380	0.879	-1.103
6066.458	0.877	-1.102
6066.549	0.876	-1.101
6066.627	0.875	-1.098
6066.718	0.875	-1.098
6066.797	0.876	-1.098
6066.875	0.875	-1.098
6066.966	0.875	-1.098
6067.044	0.875	-1.098
6067.135	0.875	-1.098
6067.213	0.875	-1.097
6067.292	0.875	-1.093
6067.382	0.875	-1.093
6067.461	0.875	-1.090
6067.539	0.875	-1.087
6067.630	0.875	-1.083
6067.708	0.874	-1.078
6067.799	0.873	-1.078
6067.877	0.873	-1.073
6067.968	0.872	-1.073
6068.047	0.872	-1.072
6068.125	0.872	-1.068
6068.216	0.872	-1.067
6068.294	0.870	-1.062
6068.373	0.870	-1.057
6068.463	0.870	-1.057
6068.542	0.870	-1.057
6068.632	0.870	-1.054
6068.711	0.870	-1.053
6068.789	0.870	-1.052
6068.880	0.870	-1.048
6068.958	0.870	-1.043
6069.049	0.870	-1.038
6069.127	0.869	-1.035
6069.206	0.869	-1.033
6069.297	0.870	-1.033
6069.375	0.869	-1.032
6069.466	0.866	-1.032
6069.544	0.867	-1.032
6069.623	0.867	-1.035
6069.713	0.868	-1.037
6069.792	0.865	-1.037
6069.882	0.865	-1.032
6069.961	0.866	-1.027
6070.052	0.865	-1.022
6070.130	0.865	-1.015
6070.208	0.865	-1.008
6070.299	0.865	-0.998
6070.377	0.865	-0.990
6070.456	0.865	-0.980
6070.547	0.865	-0.971
6070.625	0.865	-0.960
6070.716	0.864	-0.952
6070.794	0.862	-0.940
6070.873	0.865	-0.930
6070.963	0.865	-0.921
6071.042	0.864	-0.915
6071.132	0.863	-0.906
6071.211	0.862	-0.900
6071.289	0.861	-0.895
6071.380	0.861	-0.890
6071.458	0.861	-0.886
6071.549	0.860	-0.880
6071.627	0.860	-0.879
6071.706	0.860	-0.879
6071.797	0.860	-0.875
6071.875	0.861	-0.872
6071.966	0.860	-0.868
6072.044	0.860	-0.863
6072.123	0.860	-0.858
6072.213	0.860	-0.855
6072.292	0.860	-0.853
6072.382	0.860	-0.851
6072.461	0.860	-0.848
6072.552	0.860	-0.847
6072.630	0.860	-0.841
6072.708	0.860	-0.837
6072.799	0.860	-0.833
6072.877	0.860	-0.824
6072.956	0.860	-0.816
6073.047	0.859	-0.810
6073.125	0.859	-0.804
6073.216	0.860	-0.796
6073.294	0.860	-0.791
6073.385	0.860	-0.785
6073.463	0.860	-0.782
6073.542	0.859	-0.777
6073.632	0.859	-0.777
6073.711	0.859	-0.775
6073.789	0.858	-0.773
6073.880	0.857	-0.772
6073.958	0.855	-0.770
6074.049	0.856	-0.771
6074.127	0.855	-0.772
6074.206	0.856	-0.775
6074.297	0.856	-0.779
6074.375	0.856	-0.785
6074.466	0.855	-0.790
6074.544	0.855	-0.794
6074.623	0.855	-0.797
6074.713	0.855	-0.801
6074.792	0.855	-0.804
6074.882	0.855	-0.807
6074.961	0.855	-0.807
6075.039	0.855	-0.807
6075.130	0.855	-0.811
6075.208	0.855	-0.813
6075.299	0.855	-0.814
6075.377	0.855	-0.814
6075.456	0.855	-0.816
6075.547	0.855	-0.815
6075.625	0.855	-0.813
6075.716	0.855	-0.813
6075.794	0.855	-0.813
6075.873	0.855	-0.809
6075.963	0.853	-0.807
6076.042	0.852	-0.803
6076.132	0.855	-0.798
6076.211	0.851	-0.793
6076.289	0.852	-0.787
6076.380	0.851	-0.782
6076.458	0.851	-0.779
6076.549	0.850	-0.777
6076.627	0.851	-0.776
6076.718	0.850	-0.777
6076.797	0.850	-0.777
6076.875	0.850	-0.775
6076.966	0.850	-0.774
6077.044	0.850	-0.775
6077.123	0.850	-0.776
6077.213	0.850	-0.777
6077.292	0.850	-0.777
6077.382	0.850	-0.777
6077.461	0.850	-0.775
6077.552	0.850	-0.772
6077.630	0.850	-0.772
6077.708	0.850	-0.772
6077.799	0.850	-0.772
6077.877	0.849	-0.772
6077.956	0.850	-0.773
6078.047	0.848	-0.772
6078.125	0.849	-0.772
6078.216	0.850	-0.768
6078.294	0.849	-0.767
6078.373	0.848	-0.762
6078.463	0.846	-0.760
6078.542	0.846	-0.757
6078.632	0.845	-0.757
6078.711	0.845	-0.752
6078.789	0.845	-0.751
6078.880	0.845	-0.749
6078.958	0.845	-0.743
6079.049	0.845	-0.741
6079.127	0.845	-0.737
6079.206	0.844	-0.736
6079.297	0.844	-0.734
6079.375	0.844	-0.731
6079.466	0.845	-0.731
6079.544	0.844	-0.731
6079.623	0.845	-0.731
6079.713	0.843	-0.731
6079.792	0.844	-0.732
6079.882	0.842	-0.736
6079.961	0.840	-0.736
6080.039	0.841	-0.739
6080.130	0.840	-0.741
6080.208	0.840	-0.745
6080.299	0.840	-0.750
6080.377	0.840	-0.751
6080.456	0.839	-0.757
6080.547	0.839	-0.757
6080.625	0.839	-0.762
6080.716	0.839	-0.765
6080.794	0.839	-0.771
6080.873	0.839	-0.773
6080.963	0.839	-0.776
6081.042	0.839	-0.776
6081.132	0.839	-0.775
6081.211	0.839	-0.772
6081.289	0.839	-0.773
6081.380	0.839	-0.776
6081.458	0.839	-0.777
6081.549	0.839	-0.779
6081.627	0.839	-0.782
6081.706	0.839	-0.780
6081.797	0.839	-0.782
6081.875	0.839	-0.782
6081.966	0.838	-0.782
6082.044	0.836	-0.782
6082.123	0.839	-0.782
6082.213	0.834	-0.785
6082.292	0.834	-0.789
6082.382	0.836	-0.792
6082.461	0.834	-0.796
6082.539	0.834	-0.797
6082.630	0.835	-0.801
6082.708	0.834	-0.807
6082.799	0.834	-0.811
6082.877	0.834	-0.813
6082.956	0.834	-0.818
6083.047	0.834	-0.821
6083.125	0.834	-0.824
6083.216	0.834	-0.828
6083.294	0.834	-0.828
6083.373	0.834	-0.830
6083.463	0.834	-0.833
6083.542	0.834	-0.831
6083.632	0.834	-0.833
6083.711	0.834	-0.833
6083.789	0.833	-0.833
6083.880	0.834	-0.833
6083.958	0.834	-0.833
6084.049	0.833	-0.833
6084.127	0.832	-0.830
6084.206	0.834	-0.824
6084.297	0.832	-0.821
6084.375	0.830	-0.818
6084.466	0.829	-0.818
6084.544	0.829	-0.813
6084.623	0.829	-0.813
6084.713	0.829	-0.809
6084.792	0.829	-0.807
6084.882	0.829	-0.807
6084.961	0.830	-0.804
6085.039	0.829	-0.802
6085.130	0.829	-0.802
6085.208	0.829	-0.803
6085.299	0.829	-0.807
6085.377	0.828	-0.813
6085.456	0.828	-0.814
6085.547	0.828	-0.818
6085.625	0.826	-0.820
6085.716	0.826	-0.823
6085.794	0.825	-0.823
6085.873	0.826	-0.823
6085.963	0.824	-0.823
6086.042	0.824	-0.824
6086.132	0.824	-0.824
6086.211	0.824	-0.824
6086.289	0.824	-0.827
6086.380	0.824	-0.828
6086.458	0.824	-0.832
6086.549	0.824	-0.833
6086.627	0.824	-0.833
6086.706	0.824	-0.834
6086.797	0.824	-0.836
6086.875	0.824	-0.838
6086.966	0.824	-0.838
6087.044	0.824	-0.838
6087.123	0.824	-0.839
6087.213	0.824	-0.841
6087.292	0.823	-0.841
6087.382	0.822	-0.843
6087.461	0.823	-0.842
6087.539	0.822	-0.841
6087.630	0.822	-0.839
6087.708	0.821	-0.837
6087.799	0.820	-0.833
6087.877	0.820	-0.833
6087.956	0.819	-0.828
6088.047	0.819	-0.824
6088.125	0.819	-0.823
6088.216	0.819	-0.824
6088.294	0.819	-0.830
6088.373	0.819	-0.836
6088.463	0.819	-0.842
6088.542	0.819	-0.847
6088.632	0.819	-0.851
6088.711	0.819	-0.853
6088.789	0.819	-0.854
6088.880	0.819	-0.858
6088.958	0.819	-0.864
6089.049	0.819	-0.872
6089.127	0.819	-0.876
6089.206	0.819	-0.879
6089.297	0.818	-0.884
6089.375	0.817	-0.885
6089.466	0.817	-0.891
6089.544	0.816	-0.898
6089.623	0.816	-0.903
6089.713	0.817	-0.909
6089.792	0.815	-0.914
6089.882	0.816	-0.916
6089.961	0.815	-0.920
6090.039	0.814	-0.925
6090.130	0.814	-0.927
6090.208	0.814	-0.930
6090.299	0.814	-0.930
6090.377	0.814	-0.925
6090.456	0.814	-0.924
6090.547	0.814	-0.919
6090.625	0.814	-0.915
6090.703	0.814	-0.912
6090.794	0.814	-0.911
6090.873	0.814	-0.911
6090.963	0.814	-0.912
6091.042	0.814	-0.912
6091.132	0.814	-0.909
6091.211	0.814	-0.910
6091.289	0.813	-0.907
6091.380	0.814	-0.905
6091.458	0.811	-0.904
6091.549	0.812	-0.908
6091.627	0.810	-0.909
6091.706	0.810	-0.912
6091.797	0.809	-0.915
6091.875	0.809	-0.921
6091.966	0.809	-0.926
6092.044	0.809	-0.931
6092.123	0.809	-0.937
6092.213	0.809	-0.943
6092.292	0.809	-0.951
6092.382	0.809	-0.961
6092.461	0.809	-0.971
6092.539	0.809	-0.977
6092.617	0.809	-0.982
6092.708	0.809	-0.988
6092.799	0.809	-0.995
6092.877	0.808	-1.000
6092.956	0.806	-1.007
6093.033	0.809	-1.011
6093.125	0.808	-1.011
6093.203	0.804	-1.015
6093.294	0.805	-1.016
6093.373	0.804	-1.019
6093.463	0.804	-1.022
6093.542	0.804	-1.023
6093.632	0.804	-1.022
6093.711	0.804	-1.021
6093.789	0.804	-1.019
6093.880	0.804	-1.016
6093.958	0.804	-1.016
6094.049	0.804	-1.016
6094.127	0.804	-1.013
6094.206	0.803	-1.011
6094.297	0.802	-1.011
6094.375	0.802	-1.011
6094.466	0.800	-1.011
6094.544	0.800	-1.015
6094.623	0.800	-1.017
6094.713	0.799	-1.022
6094.792	0.799	-1.027
6094.882	0.799	-1.033
6094.961	0.799	-1.037
6095.039	0.799	-1.039
6095.130	0.799	-1.044
6095.208	0.799	-1.051
6095.299	0.799	-1.056
6095.377	0.799	-1.057
6095.456	0.799	-1.061
6095.547	0.799	-1.066
6095.625	0.799	-1.072
6095.716	0.799	-1.078
6095.794	0.799	-1.078
6095.873	0.799	-1.083
6095.963	0.798	-1.083
6096.042	0.797	-1.083
6096.132	0.796	-1.085
6096.211	0.795	-1.084
6096.289	0.794	-1.088
6096.380	0.794	-1.092
6096.458	0.794	-1.095
6096.536	0.794	-1.098
6096.627	0.794	-1.101
6096.706	0.794	-1.103
6096.797	0.794	-1.103
6096.875	0.794	-1.103
6096.966	0.794	-1.108
6097.044	0.794	-1.110
6097.109	0.793	-1.112
6097.213	0.794	-1.113
6097.292	0.794	-1.112
6097.382	0.794	-1.110
6097.461	0.793	-1.110
6097.539	0.793	-1.112
6097.630	0.792	-1.112
6097.708	0.789	-1.111
6097.799	0.792	-1.109
6097.877	0.789	-1.111
6097.956	0.788	-1.113
6098.047	0.789	-1.114
6098.125	0.788	-1.118
6098.203	0.788	-1.121
6098.294	0.788	-1.127
6098.373	0.788	-1.130
6098.463	0.788	-1.135
6098.542	0.787	-1.138
6098.619	0.788	-1.143
6098.711	0.788	-1.146
6098.789	0.787	-1.149
6098.880	0.785	-1.152
6098.958	0.784	-1.155
6099.049	0.786	-1.158
6099.127	0.784	-1.159
6099.206	0.783	-1.159
6099.297	0.783	-1.159
6099.375	0.783	-1.159
6099.466	0.783	-1.159
6099.544	0.783	-1.159
6099.623	0.783	-1.161
6099.713	0.783	-1.164
6099.792	0.783	-1.169
6099.869	0.783	-1.171
6099.961	0.783	-1.176
6100.039	0.783	-1.180
6100.130	0.783	-1.186
6100.208	0.783	-1.190
6100.286	0.781	-1.191
6100.377	0.781	-1.193
6100.456	0.779	-1.191
6100.547	0.778	-1.191
6100.625	0.778	-1.190
6100.716	0.778	-1.190
6100.794	0.779	-1.187
6100.873	0.778	-1.187
6100.963	0.778	-1.182
6101.042	0.778	-1.179
6101.132	0.778	-1.176
6101.211	0.778	-1.174
6101.289	0.778	-1.174
6101.380	0.778	-1.174
6101.458	0.778	-1.174
6101.549	0.778	-1.174
6101.627	0.778	-1.174
6101.706	0.778	-1.174
6101.797	0.777	-1.175
6101.875	0.775	-1.174
6101.966	0.776	-1.174
6102.044	0.775	-1.170
6102.123	0.774	-1.169
6102.213	0.773	-1.165
6102.292	0.774	-1.164
6102.382	0.773	-1.163
6102.461	0.773	-1.164
6102.539	0.773	-1.162
6102.630	0.773	-1.159
6102.708	0.773	-1.160
6102.799	0.773	-1.159
6102.877	0.773	-1.156
6102.956	0.772	-1.157
6103.047	0.772	-1.154
6103.125	0.771	-1.153
6103.203	0.771	-1.154
6103.294	0.771	-1.153
6103.373	0.770	-1.154
6103.463	0.772	-1.154
6103.542	0.770	-1.156
6103.632	0.769	-1.154
6103.711	0.769	-1.154
6103.789	0.768	-1.151
6103.880	0.768	-1.148
6103.958	0.768	-1.144
6104.049	0.768	-1.140
6104.127	0.768	-1.139
6104.206	0.768	-1.135
6104.297	0.768	-1.134
6104.375	0.767	-1.134
6104.466	0.767	-1.130
6104.544	0.767	-1.129
6104.623	0.768	-1.125
6104.713	0.767	-1.123
6104.792	0.766	-1.118
6104.882	0.764	-1.113
6104.961	0.763	-1.112
6105.039	0.763	-1.112
6105.130	0.763	-1.112
6105.208	0.763	-1.113
6105.299	0.763	-1.113
6105.377	0.763	-1.112
6105.456	0.763	-1.112
6105.547	0.762	-1.112
6105.625	0.763	-1.113
6105.703	0.763	-1.113
6105.794	0.763	-1.111
6105.873	0.762	-1.109
6105.963	0.763	-1.105
6106.042	0.761	-1.101
6106.132	0.760	-1.095
6106.211	0.760	-1.090
6106.289	0.759	-1.082
6106.380	0.759	-1.076
6106.458	0.760	-1.069
6106.523	0.758	-1.064
6106.627	0.758	-1.057
6106.706	0.758	-1.053
6106.797	0.758	-1.050
6106.875	0.758	-1.047
6106.966	0.758	-1.046
6107.044	0.758	-1.047
6107.123	0.758	-1.047
6107.213	0.758	-1.047
6107.292	0.758	-1.046
6107.369	0.758	-1.046
6107.461	0.758	-1.047
6107.539	0.758	-1.047
6107.630	0.756	-1.046
6107.708	0.755	-1.048
6107.799	0.757	-1.047
6107.877	0.754	-1.043
6107.956	0.757	-1.041
6108.047	0.754	-1.037
6108.125	0.753	-1.034
6108.203	0.753	-1.031
6108.294	0.753	-1.028
6108.373	0.753	-1.027
6108.463	0.753	-1.027
6108.542	0.753	-1.023
6108.619	0.753	-1.022
6108.711	0.753	-1.022
6108.789	0.753	-1.021
6108.880	0.753	-1.016
6108.958	0.753	-1.016
6109.049	0.753	-1.013
6109.127	0.753	-1.011
6109.206	0.752	-1.006
6109.297	0.751	-1.002
6109.375	0.750	-0.998
6109.453	0.753	-0.994
6109.544	0.753	-0.988
6109.623	0.751	-0.981
6109.713	0.750	-0.977
6109.792	0.750	-0.971
6109.882	0.749	-0.967
6109.961	0.749	-0.964
6110.039	0.749	-0.960
6110.130	0.749	-0.956
6110.208	0.748	-0.955
6110.286	0.748	-0.949
6110.377	0.748	-0.943
6110.456	0.748	-0.937
6110.547	0.748	-0.932
6110.625	0.748	-0.925
6110.703	0.748	-0.920
6110.794	0.748	-0.917
6110.873	0.747	-0.914
6110.963	0.748	-0.910
6111.042	0.748	-0.909
6111.119	0.748	-0.903
6111.211	0.748	-0.899
6111.289	0.747	-0.895
6111.380	0.746	-0.891
6111.458	0.745	-0.887
6111.549	0.748	-0.884
6111.627	0.745	-0.882
6111.706	0.743	-0.879
6111.797	0.744	-0.878
6111.875	0.743	-0.875
6111.953	0.743	-0.874
6112.044	0.743	-0.874
6112.123	0.743	-0.874
6112.213	0.743	-0.870
6112.292	0.743	-0.869
6112.369	0.743	-0.874
6112.461	0.743	-0.875
6112.539	0.743	-0.880
6112.630	0.743	-0.883
6112.708	0.743	-0.885
6112.786	0.743	-0.887
6112.877	0.742	-0.889
6112.956	0.743	-0.892
6113.047	0.741	-0.893
6113.125	0.741	-0.894
6113.216	0.739	-0.896
6113.294	0.739	-0.899
6113.373	0.738	-0.898
6113.463	0.738	-0.899
6113.542	0.738	-0.899
6113.619	0.738	-0.899
6113.711	0.738	-0.898
6113.789	0.738	-0.895
6113.880	0.738	-0.892
6113.958	0.738	-0.886
6114.036	0.738	-0.884
6114.127	0.738	-0.883
6114.206	0.738	-0.880
6114.297	0.738	-0.879
6114.375	0.738	-0.875
6114.453	0.738	-0.876
6114.544	0.738	-0.879
6114.623	0.738	-0.876
6114.713	0.738	-0.879
6114.792	0.738	-0.878
6114.869	0.737	-0.879
6114.961	0.738	-0.879
6115.039	0.736	-0.879
6115.130	0.735	-0.878
6115.208	0.737	-0.875
6115.299	0.737	-0.874
6115.377	0.733	-0.874
6115.456	0.733	-0.871
6115.547	0.734	-0.869
6115.625	0.734	-0.869
6115.703	0.732	-0.869
6115.794	0.733	-0.873
6115.873	0.732	-0.870
6115.963	0.732	-0.869
6116.042	0.732	-0.864
6116.119	0.732	-0.858
6116.211	0.732	-0.853
6116.289	0.732	-0.849
6116.380	0.732	-0.848
6116.458	0.732	-0.845
6116.536	0.732	-0.843
6116.627	0.732	-0.843
6116.706	0.732	-0.839
6116.797	0.732	-0.842
6116.875	0.732	-0.842
6116.953	0.732	-0.844
6117.044	0.732	-0.848
6117.123	0.731	-0.846
6117.213	0.731	-0.848
6117.292	0.730	-0.851
6117.369	0.728	-0.853
6117.461	0.731	-0.853
6117.539	0.728	-0.854
6117.630	0.727	-0.858
6117.708	0.729	-0.863
6117.786	0.728	-0.866
6117.877	0.728	-0.871
6117.956	0.727	-0.874
6118.047	0.727	-0.875
6118.125	0.727	-0.879
6118.216	0.727	-0.879
6118.294	0.727	-0.879
6118.373	0.727	-0.879
6118.463	0.727	-0.879
6118.542	0.727	-0.879
6118.619	0.727	-0.879
6118.711	0.726	-0.879
6118.789	0.727	-0.879
6118.880	0.726	-0.884
6118.958	0.726	-0.884
6119.036	0.726	-0.884
6119.127	0.722	-0.886
6119.206	0.725	-0.889
6119.297	0.722	-0.889
6119.375	0.722	-0.889
6119.466	0.722	-0.889
6119.544	0.722	-0.894
6119.623	0.722	-0.894
6119.713	0.721	-0.894
6119.792	0.722	-0.895
6119.882	0.722	-0.895
6119.961	0.722	-0.894
6120.039	0.722	-0.894
6120.130	0.722	-0.894
6120.208	0.722	-0.888
6120.286	0.722	-0.882
6120.377	0.721	-0.877
6120.456	0.722	-0.872
6120.547	0.722	-0.867
6120.625	0.721	-0.864
6120.716	0.720	-0.860
6120.794	0.720	-0.856
6120.873	0.718	-0.852
6120.963	0.717	-0.846
6121.042	0.717	-0.840
6121.119	0.717	-0.834
6121.211	0.717	-0.831
6121.289	0.717	-0.828
6121.380	0.717	-0.828
6121.458	0.717	-0.827
6121.536	0.717	-0.831
6121.627	0.717	-0.833
6121.706	0.717	-0.837
6121.797	0.717	-0.841
6121.875	0.717	-0.847
6121.953	0.717	-0.850
6122.044	0.717	-0.853
6122.123	0.717	-0.858
6122.213	0.717	-0.858
6122.292	0.717	-0.860
6122.369	0.716	-0.864
6122.461	0.717	-0.870
6122.539	0.717	-0.876
6122.630	0.715	-0.883
6122.708	0.715	-0.889
6122.786	0.713	-0.894
6122.877	0.715	-0.895
6122.956	0.714	-0.898
6123.047	0.714	-0.899
6123.125	0.713	-0.899
6123.216	0.714	-0.899
6123.294	0.712	-0.899
6123.373	0.713	-0.896
6123.463	0.712	-0.894
6123.542	0.712	-0.893
6123.632	0.712	-0.889
6123.711	0.712	-0.888
6123.789	0.712	-0.885
6123.880	0.712	-0.884
6123.958	0.712	-0.881
6124.036	0.712	-0.879
6124.127	0.712	-0.879
6124.206	0.710	-0.880
6124.297	0.712	-0.881
6124.375	0.711	-0.884
6124.453	0.709	-0.884
6124.544	0.709	-0.884
6124.623	0.709	-0.884
6124.713	0.708	-0.884
6124.792	0.708	-0.884
6124.869	0.707	-0.886
6124.961	0.707	-0.889
6125.039	0.707	-0.889
6125.130	0.707	-0.891
6125.208	0.707	-0.893
6125.286	0.707	-0.895
6125.377	0.706	-0.898
6125.456	0.706	-0.902
6125.547	0.706	-0.904
6125.625	0.705	-0.904
6125.703	0.706	-0.904
6125.794	0.706	-0.904
6125.873	0.704	-0.907
6125.963	0.705	-0.910
6126.042	0.704	-0.912
6126.119	0.704	-0.915
6126.211	0.702	-0.917
6126.289	0.703	-0.920
6126.380	0.702	-0.925
6126.458	0.702	-0.925
6126.536	0.702	-0.924
6126.627	0.702	-0.920
6126.706	0.702	-0.918
6126.797	0.702	-0.915
6126.875	0.702	-0.915
6126.953	0.702	-0.915
6127.044	0.701	-0.914
6127.123	0.702	-0.914
6127.213	0.702	-0.914
6127.292	0.701	-0.913
6127.369	0.702	-0.909
6127.461	0.701	-0.909
6127.539	0.701	-0.910
6127.630	0.699	-0.914
6127.708	0.698	-0.915
6127.786	0.698	-0.915
6127.877	0.698	-0.915
6127.956	0.697	-0.915
6128.047	0.697	-0.914
6128.125	0.697	-0.911
6128.203	0.697	-0.909
6128.294	0.697	-0.905
6128.373	0.697	-0.904
6128.463	0.697	-0.906
6128.542	0.697	-0.909
6128.619	0.697	-0.914
6128.711	0.697	-0.915
6128.789	0.697	-0.915
6128.880	0.697	-0.920
6128.958	0.697	-0.925
6129.036	0.696	-0.930
6129.127	0.695	-0.935
6129.206	0.696	-0.937
6129.297	0.696	-0.940
6129.375	0.694	-0.940
6129.453	0.695	-0.940
6129.544	0.693	-0.942
6129.623	0.693	-0.942
6129.713	0.692	-0.940
6129.792	0.692	-0.940
6129.869	0.692	-0.940
6129.961	0.692	-0.940
6130.039	0.692	-0.940
6130.130	0.692	-0.940
6130.208	0.692	-0.940
6130.286	0.692	-0.940
6130.377	0.692	-0.942
6130.456	0.692	-0.947
6130.547	0.692	-0.953
6130.625	0.692	-0.959
6130.703	0.692	-0.963
6130.794	0.692	-0.970
6130.873	0.692	-0.975
6130.963	0.692	-0.979
6131.042	0.690	-0.981
6131.119	0.691	-0.983
6131.211	0.689	-0.986
6131.289	0.691	-0.986
6131.380	0.689	-0.988
6131.458	0.687	-0.989
6131.536	0.687	-0.988
6131.627	0.687	-0.988
6131.706	0.688	-0.985
6131.797	0.687	-0.982
6131.875	0.687	-0.981
6131.953	0.687	-0.980
6132.044	0.687	-0.977
6132.123	0.687	-0.976
6132.213	0.687	-0.977
6132.292	0.687	-0.977
6132.369	0.687	-0.976
6132.461	0.687	-0.975
6132.539	0.687	-0.971
6132.630	0.686	-0.971
6132.708	0.686	-0.969
6132.786	0.686	-0.970
6132.877	0.687	-0.970
6132.956	0.685	-0.974
6133.047	0.685	-0.977
6133.125	0.684	-0.982
6133.203	0.682	-0.988
6133.294	0.682	-0.994
6133.373	0.682	-0.996
6133.463	0.682	-0.996
6133.542	0.681	-0.996
6133.619	0.681	-0.996
6133.711	0.681	-0.996
6133.789	0.681	-0.998
6133.880	0.680	-1.002
6133.958	0.680	-1.006
6134.036	0.679	-1.011
6134.127	0.679	-1.014
6134.206	0.678	-1.016
6134.297	0.676	-1.016
6134.375	0.677	-1.020
6134.453	0.677	-1.022
6134.544	0.676	-1.027
6134.623	0.676	-1.031
6134.713	0.676	-1.033
6134.792	0.676	-1.036
6134.869	0.676	-1.035
6134.961	0.676	-1.033
6135.039	0.676	-1.033
6135.130	0.676	-1.033
6135.208	0.676	-1.034
6135.286	0.676	-1.033
6135.377	0.676	-1.032
6135.456	0.676	-1.032
6135.547	0.676	-1.027
6135.625	0.676	-1.026
6135.703	0.675	-1.022
6135.794	0.675	-1.021
6135.873	0.675	-1.021
6135.963	0.673	-1.024
6136.042	0.671	-1.027
6136.119	0.673	-1.027
6136.211	0.672	-1.028
6136.289	0.672	-1.034
6136.380	0.671	-1.037
6136.458	0.671	-1.039
6136.536	0.671	-1.042
6136.627	0.671	-1.043
6136.706	0.671	-1.047
6136.797	0.671	-1.047
6136.875	0.671	-1.047
6136.953	0.671	-1.052
6137.044	0.671	-1.055
6137.123	0.671	-1.057
6137.213	0.671	-1.057
6137.292	0.670	-1.062
6137.369	0.668	-1.065
6137.461	0.667	-1.070
6137.539	0.668	-1.076
6137.630	0.666	-1.078
6137.708	0.667	-1.084
6137.786	0.666	-1.087
6137.877	0.666	-1.092
6137.956	0.667	-1.093
6138.047	0.666	-1.096
6138.125	0.666	-1.098
6138.203	0.666	-1.098
6138.294	0.666	-1.098
6138.373	0.666	-1.098
6138.463	0.666	-1.094
6138.542	0.666	-1.092
6138.619	0.665	-1.088
6138.711	0.666	-1.088
6138.789	0.666	-1.081
6138.880	0.664	-1.078
6138.958	0.663	-1.072
6139.036	0.664	-1.067
6139.127	0.663	-1.064
6139.206	0.661	-1.057
6139.297	0.662	-1.050
6139.375	0.661	-1.045
6139.453	0.661	-1.039
6139.544	0.661	-1.034
6139.623	0.661	-1.032
6139.713	0.661	-1.029
6139.792	0.661	-1.032
6139.869	0.661	-1.033
6139.961	0.661	-1.037
6140.039	0.661	-1.039
6140.130	0.661	-1.040
6140.208	0.661	-1.039
6140.286	0.660	-1.037
6140.377	0.659	-1.035
6140.456	0.659	-1.032
6140.547	0.659	-1.027
6140.625	0.658	-1.031
6140.703	0.657	-1.032
6140.794	0.657	-1.032
6140.873	0.656	-1.032
6140.963	0.656	-1.032
6141.042	0.656	-1.028
6141.119	0.656	-1.027
6141.211	0.656	-1.027
6141.289	0.656	-1.027
6141.380	0.656	-1.027
6141.458	0.656	-1.027
6141.536	0.656	-1.027
6141.627	0.656	-1.027
6141.706	0.656	-1.027
6141.797	0.656	-1.027
6141.875	0.656	-1.027
6141.953	0.656	-1.027
6142.044	0.656	-1.023
6142.123	0.656	-1.019
6142.213	0.656	-1.015
6142.292	0.656	-1.009
6142.369	0.656	-1.002
6142.461	0.656	-0.997
6142.539	0.656	-0.996
6142.630	0.656	-0.993
6142.708	0.656	-0.990
6142.786	0.656	-0.986
6142.877	0.656	-0.981
6142.956	0.655	-0.978
6143.047	0.655	-0.976
6143.125	0.653	-0.971
6143.203	0.653	-0.971
6143.294	0.651	-0.971
6143.373	0.651	-0.971
6143.463	0.652	-0.971
6143.542	0.651	-0.971
6143.619	0.651	-0.968
6143.711	0.651	-0.967
6143.789	0.651	-0.966
6143.880	0.651	-0.964
6143.958	0.651	-0.960
6144.036	0.651	-0.958
6144.127	0.651	-0.956
6144.192	0.651	-0.953
6144.297	0.651	-0.950
6144.375	0.651	-0.947
6144.453	0.651	-0.945
6144.544	0.651	-0.945
6144.623	0.648	-0.945
6144.713	0.647	-0.944
6144.792	0.647	-0.943
6144.869	0.646	-0.941
6144.961	0.646	-0.940
6145.039	0.646	-0.940
6145.130	0.646	-0.935
6145.208	0.646	-0.932
6145.286	0.646	-0.930
6145.377	0.646	-0.927
6145.456	0.646	-0.925
6145.547	0.646	-0.922
6145.625	0.646	-0.917
6145.703	0.646	-0.910
6145.794	0.646	-0.903
6145.873	0.646	-0.895
6145.963	0.646	-0.887
6146.042	0.646	-0.881
6146.119	0.646	-0.873
6146.211	0.646	-0.865
6146.289	0.646	-0.861
6146.380	0.645	-0.858
6146.458	0.645	-0.853
6146.536	0.646	-0.850
6146.627	0.645	-0.848
6146.706	0.644	-0.845
6146.797	0.644	-0.844
6146.875	0.643	-0.838
6146.953	0.641	-0.838
6147.044	0.641	-0.838
6147.123	0.641	-0.838
6147.213	0.641	-0.836
6147.292	0.641	-0.833
6147.369	0.641	-0.833
6147.461	0.641	-0.832
6147.539	0.641	-0.829
6147.630	0.641	-0.826
6147.708	0.641	-0.828
6147.786	0.641	-0.829
6147.877	0.641	-0.829
6147.956	0.641	-0.831
6148.047	0.641	-0.833
6148.125	0.641	-0.833
6148.203	0.639	-0.834
6148.281	0.640	-0.833
6148.373	0.640	-0.833
6148.463	0.639	-0.833
6148.542	0.637	-0.829
6148.619	0.636	-0.828
6148.711	0.636	-0.825
6148.789	0.636	-0.823
6148.880	0.636	-0.819
6148.958	0.636	-0.818
6149.036	0.636	-0.818
6149.127	0.636	-0.818
6149.206	0.636	-0.822
6149.297	0.636	-0.823
6149.375	0.636	-0.823
6149.453	0.636	-0.823
6149.544	0.636	-0.826
6149.623	0.636	-0.830
6149.713	0.636	-0.833
6149.792	0.636	-0.833
6149.869	0.636	-0.833
6149.961	0.635	-0.833
6150.039	0.636	-0.833
6150.130	0.636	-0.832
6150.208	0.636	-0.828
6150.286	0.636	-0.828
6150.377	0.636	-0.828
6150.456	0.635	-0.828
6150.547	0.636	-0.828
6150.625	0.636	-0.826
6150.703	0.636	-0.825
6150.794	0.635	-0.824
6150.873	0.632	-0.823
6150.963	0.631	-0.824
6151.042	0.631	-0.824
6151.119	0.632	-0.824
6151.211	0.631	-0.826
6151.289	0.630	-0.828
6151.380	0.630	-0.830
6151.458	0.630	-0.833
6151.536	0.630	-0.833
6151.627	0.630	-0.833
6151.706	0.630	-0.833
6151.797	0.630	-0.833
6151.875	0.630	-0.833
6151.953	0.630	-0.830
6152.044	0.630	-0.829
6152.123	0.630	-0.826
6152.213	0.630	-0.823
6152.292	0.630	-0.821
6152.369	0.630	-0.818
6152.461	0.630	-0.816
6152.539	0.629	-0.813
6152.630	0.629	-0.813
6152.708	0.629	-0.813
6152.786	0.627	-0.813
6152.877	0.629	-0.810
6152.956	0.630	-0.807
6153.047	0.628	-0.803
6153.125	0.626	-0.802
6153.203	0.625	-0.799
6153.294	0.626	-0.797
6153.373	0.625	-0.797
6153.463	0.625	-0.794
6153.542	0.625	-0.793
6153.619	0.625	-0.792
6153.711	0.626	-0.787
6153.789	0.625	-0.784
6153.880	0.625	-0.780
6153.958	0.625	-0.778
6154.036	0.625	-0.777
6154.127	0.625	-0.775
6154.206	0.625	-0.772
6154.297	0.625	-0.773
6154.375	0.625	-0.772
6154.453	0.624	-0.772
6154.544	0.624	-0.774
6154.623	0.624	-0.777
6154.713	0.622	-0.778
6154.792	0.622	-0.779
6154.869	0.623	-0.782
6154.961	0.621	-0.784
6155.039	0.622	-0.787
6155.130	0.620	-0.791
6155.208	0.623	-0.792
6155.286	0.621	-0.796
6155.377	0.620	-0.796
6155.456	0.620	-0.797
6155.547	0.620	-0.797
6155.625	0.620	-0.797
6155.703	0.620	-0.797
6155.794	0.620	-0.796
6155.873	0.620	-0.793
6155.963	0.620	-0.796
6156.042	0.620	-0.797
6156.119	0.620	-0.797
6156.211	0.620	-0.795
6156.289	0.620	-0.792
6156.380	0.620	-0.792
6156.458	0.620	-0.791
6156.536	0.619	-0.787
6156.627	0.620	-0.787
6156.706	0.619	-0.786
6156.797	0.619	-0.782
6156.875	0.619	-0.780
6156.953	0.617	-0.777
6157.044	0.616	-0.777
6157.123	0.616	-0.777
6157.200	0.615	-0.777
6157.292	0.617	-0.777
6157.369	0.616	-0.779
6157.461	0.615	-0.780
6157.539	0.615	-0.779
6157.630	0.615	-0.779
6157.708	0.615	-0.778
6157.786	0.615	-0.778
6157.877	0.615	-0.777
6157.956	0.615	-0.775
6158.047	0.615	-0.777
6158.125	0.615	-0.774
6158.203	0.615	-0.773
6158.294	0.615	-0.772
6158.373	0.615	-0.772
6158.463	0.615	-0.768
6158.542	0.615	-0.767
6158.619	0.614	-0.767
6158.711	0.615	-0.767
6158.789	0.614	-0.766
6158.867	0.615	-0.767
6158.958	0.615	-0.768
6159.036	0.615	-0.772
6159.127	0.615	-0.772
6159.206	0.614	-0.772
6159.297	0.615	-0.772
6159.375	0.612	-0.772
6159.453	0.613	-0.772
6159.544	0.614	-0.773
6159.623	0.614	-0.776
6159.713	0.611	-0.776
6159.792	0.612	-0.777
6159.869	0.610	-0.777
6159.961	0.611	-0.777
6160.039	0.610	-0.777
6160.117	0.610	-0.773
6160.208	0.610	-0.773
6160.286	0.610	-0.773
6160.377	0.610	-0.777
6160.456	0.610	-0.779
6160.533	0.610	-0.784
6160.625	0.610	-0.787
6160.703	0.610	-0.792
6160.794	0.609	-0.796
6160.873	0.609	-0.797
6160.963	0.610	-0.797
6161.042	0.608	-0.802
6161.119	0.607	-0.803
6161.211	0.606	-0.807
6161.289	0.608	-0.807
6161.380	0.606	-0.807
6161.458	0.606	-0.812
6161.536	0.606	-0.813
6161.627	0.605	-0.813
6161.706	0.605	-0.815
6161.783	0.605	-0.817
6161.875	0.605	-0.817
6161.953	0.605	-0.814
6162.044	0.605	-0.813
6162.123	0.605	-0.813
6162.200	0.605	-0.813
6162.292	0.605	-0.813
6162.369	0.605	-0.813
6162.461	0.605	-0.813
6162.539	0.605	-0.813
6162.630	0.605	-0.808
6162.708	0.605	-0.807
6162.786	0.605	-0.803
6162.877	0.604	-0.802
6162.956	0.605	-0.799
6163.033	0.605	-0.797
6163.125	0.605	-0.800
6163.203	0.602	-0.802
6163.294	0.603	-0.800
6163.373	0.603	-0.802
6163.463	0.601	-0.806
6163.542	0.600	-0.807
6163.619	0.601	-0.807
6163.711	0.600	-0.807
6163.789	0.600	-0.805
6163.867	0.600	-0.801
6163.958	0.600	-0.800
6164.036	0.600	-0.802
6164.127	0.600	-0.802
6164.206	0.600	-0.805
6164.283	0.600	-0.807
6164.375	0.599	-0.813
6164.453	0.600	-0.814
6164.544	0.600	-0.820
6164.623	0.599	-0.823
6164.700	0.597	-0.824
6164.792	0.599	-0.829
6164.869	0.596	-0.830
6164.961	0.596	-0.833
6165.039	0.596	-0.833
6165.117	0.596	-0.833
6165.208	0.596	-0.836
6165.286	0.596	-0.838
6165.377	0.595	-0.838
6165.456	0.595	-0.836
6165.547	0.595	-0.838
6165.625	0.596	-0.838
6165.703	0.595	-0.840
6165.794	0.595	-0.843
6165.873	0.595	-0.844
6165.950	0.595	-0.847
6166.042	0.595	-0.845
6166.119	0.595	-0.847
6166.211	0.595	-0.847
6166.289	0.595	-0.848
6166.367	0.595	-0.849
6166.458	0.595	-0.852
6166.536	0.595	-0.853
6166.627	0.595	-0.853
6166.706	0.594	-0.853
6166.783	0.595	-0.853
6166.875	0.593	-0.853
6166.953	0.592	-0.853
6167.044	0.593	-0.853
6167.123	0.591	-0.856
6167.200	0.591	-0.858
6167.292	0.590	-0.859
6167.369	0.590	-0.863
6167.461	0.590	-0.864
6167.539	0.590	-0.867
6167.617	0.590	-0.869
6167.708	0.590	-0.874
6167.786	0.590	-0.877
6167.877	0.590	-0.881
6167.956	0.590	-0.886
6168.033	0.590	-0.891
6168.125	0.590	-0.895
6168.203	0.590	-0.899
6168.294	0.590	-0.899
6168.373	0.590	-0.899
6168.450	0.590	-0.899
6168.542	0.590	-0.899
6168.619	0.590	-0.901
6168.711	0.589	-0.903
6168.789	0.589	-0.904
6168.867	0.590	-0.904
6168.958	0.587	-0.904
6169.036	0.589	-0.903
6169.127	0.587	-0.903
6169.206	0.587	-0.900
6169.283	0.587	-0.899
6169.375	0.586	-0.899
6169.453	0.585	-0.898
6169.544	0.585	-0.895
6169.623	0.585	-0.893
6169.713	0.585	-0.889
6169.792	0.585	-0.884
6169.869	0.585	-0.883
6169.961	0.585	-0.881
6170.039	0.585	-0.882
6170.117	0.585	-0.881
6170.208	0.585	-0.879
6170.286	0.585	-0.876
6170.377	0.585	-0.874
6170.456	0.585	-0.874
6170.533	0.585	-0.869
6170.625	0.585	-0.869
6170.703	0.585	-0.869
6170.794	0.584	-0.873
6170.873	0.583	-0.874
6170.950	0.582	-0.874
6171.042	0.580	-0.874
6171.119	0.582	-0.874
6171.211	0.580	-0.873
6171.289	0.580	-0.874
6171.367	0.579	-0.874
6171.458	0.579	-0.874
6171.536	0.579	-0.878
6171.627	0.579	-0.879
6171.706	0.579	-0.881
6171.783	0.579	-0.880
6171.875	0.579	-0.879
6171.953	0.579	-0.879
6172.044	0.579	-0.878
6172.123	0.579	-0.879
6172.200	0.579	-0.877
6172.292	0.579	-0.879
6172.369	0.579	-0.879
6172.461	0.577	-0.880
6172.539	0.578	-0.881
6172.617	0.575	-0.886
6172.708	0.579	-0.888
6172.786	0.577	-0.889
6172.877	0.576	-0.890
6172.956	0.575	-0.893
6173.047	0.574	-0.894
6173.125	0.574	-0.895
6173.203	0.574	-0.894
6173.294	0.575	-0.895
6173.373	0.574	-0.894
6173.450	0.574	-0.894
6173.542	0.574	-0.892
6173.619	0.574	-0.889
6173.711	0.574	-0.884
6173.789	0.574	-0.884
6173.880	0.574	-0.883
6173.958	0.574	-0.883
6174.036	0.574	-0.884
6174.127	0.574	-0.885
6174.206	0.574	-0.886
6174.283	0.574	-0.889
6174.375	0.574	-0.893
6174.453	0.574	-0.898
6174.544	0.574	-0.902
6174.623	0.574	-0.905
6174.700	0.574	-0.911
6174.792	0.573	-0.914
6174.869	0.570	-0.915
6174.961	0.573	-0.918
6175.039	0.573	-0.919
6175.117	0.570	-0.920
6175.208	0.569	-0.920
6175.286	0.570	-0.920
6175.377	0.570	-0.920
6175.456	0.569	-0.920
6175.533	0.569	-0.920
6175.625	0.569	-0.920
6175.703	0.569	-0.924
6175.794	0.569	-0.925
6175.873	0.569	-0.928
6175.950	0.569	-0.930
6176.042	0.569	-0.926
6176.119	0.568	-0.925
6176.211	0.569	-0.920
6176.289	0.569	-0.916
6176.367	0.567	-0.915
6176.458	0.567	-0.915
6176.536	0.568	-0.909
6176.627	0.565	-0.911
6176.706	0.566	-0.911
6176.783	0.564	-0.909
6176.875	0.567	-0.905
6176.953	0.566	-0.903
6177.044	0.564	-0.897
6177.123	0.564	-0.894
6177.200	0.564	-0.891
6177.292	0.564	-0.887
6177.369	0.564	-0.884
6177.461	0.564	-0.883
6177.539	0.564	-0.881
6177.617	0.564	-0.879
6177.708	0.564	-0.879
6177.786	0.564	-0.875
6177.877	0.564	-0.874
6177.956	0.564	-0.871
6178.033	0.564	-0.868
6178.125	0.564	-0.868
6178.203	0.564	-0.869
6178.294	0.564	-0.869
6178.373	0.562	-0.867
6178.450	0.563	-0.868
6178.542	0.562	-0.870
6178.619	0.562	-0.874
6178.711	0.563	-0.875
6178.789	0.563	-0.879
6178.867	0.562	-0.883
6178.958	0.560	-0.884
6179.036	0.560	-0.887
6179.127	0.560	-0.889
6179.206	0.559	-0.890
6179.283	0.559	-0.894
6179.375	0.559	-0.896
6179.453	0.559	-0.900
6179.544	0.559	-0.903
6179.623	0.559	-0.905
6179.713	0.559	-0.910
6179.792	0.559	-0.913
6179.869	0.559	-0.911
6179.961	0.559	-0.911
6180.039	0.558	-0.909
6180.117	0.558	-0.908
6180.208	0.557	-0.904
6180.286	0.557	-0.904
6180.377	0.557	-0.903
6180.456	0.557	-0.899
6180.533	0.556	-0.898
6180.625	0.554	-0.894
6180.703	0.554	-0.893
6180.794	0.554	-0.887
6180.873	0.554	-0.884
6180.950	0.554	-0.881
6181.042	0.554	-0.879
6181.119	0.554	-0.875
6181.211	0.554	-0.874
6181.289	0.554	-0.874
6181.367	0.554	-0.874
6181.458	0.554	-0.874
6181.536	0.554	-0.871
6181.627	0.554	-0.869
6181.706	0.554	-0.865
6181.783	0.554	-0.864
6181.875	0.554	-0.861
6181.953	0.554	-0.858
6182.044	0.554	-0.854
6182.123	0.554	-0.853
6182.200	0.553	-0.850
6182.292	0.553	-0.848
6182.369	0.554	-0.847
6182.461	0.552	-0.847
6182.539	0.552	-0.844
6182.617	0.551	-0.843
6182.708	0.551	-0.840
6182.786	0.551	-0.836
6182.877	0.551	-0.833
6182.956	0.550	-0.827
6183.033	0.549	-0.823
6183.125	0.550	-0.818
6183.203	0.549	-0.814
6183.294	0.549	-0.813
6183.373	0.549	-0.808
6183.450	0.549	-0.807
6183.542	0.549	-0.806
6183.619	0.549	-0.802
6183.711	0.549	-0.802
6183.789	0.549	-0.801
6183.867	0.549	-0.799
6183.958	0.549	-0.797
6184.036	0.549	-0.796
6184.127	0.549	-0.792
6184.206	0.548	-0.794
6184.283	0.548	-0.794
6184.375	0.546	-0.794
6184.453	0.546	-0.797
6184.544	0.546	-0.797
6184.623	0.544	-0.797
6184.700	0.547	-0.796
6184.792	0.545	-0.797
6184.869	0.544	-0.797
6184.961	0.545	-0.797
6185.039	0.544	-0.797
6185.117	0.544	-0.798
6185.208	0.545	-0.800
6185.286	0.544	-0.800
6185.377	0.544	-0.802
6185.456	0.544	-0.802
6185.533	0.544	-0.802
6185.625	0.544	-0.800
6185.703	0.544	-0.797
6185.794	0.543	-0.796
6185.873	0.544	-0.792
6185.950	0.543	-0.788
6186.042	0.541	-0.787
6186.119	0.543	-0.784
6186.211	0.540	-0.782
6186.289	0.540	-0.782
6186.367	0.540	-0.781
6186.458	0.539	-0.781
6186.536	0.539	-0.778
6186.627	0.540	-0.777
6186.706	0.539	-0.773
6186.783	0.539	-0.771
6186.875	0.539	-0.766
6186.953	0.539	-0.762
6187.044	0.539	-0.756
6187.123	0.539	-0.752
6187.200	0.539	-0.751
6187.292	0.539	-0.746
6187.369	0.539	-0.741
6187.461	0.539	-0.740
6187.539	0.539	-0.736
6187.617	0.539	-0.734
6187.708	0.539	-0.731
6187.786	0.537	-0.729
6187.864	0.538	-0.726
6187.956	0.538	-0.726
6188.033	0.537	-0.729
6188.125	0.535	-0.731
6188.203	0.538	-0.731
6188.294	0.535	-0.732
6188.373	0.538	-0.736
6188.450	0.534	-0.737
6188.542	0.534	-0.739
6188.619	0.535	-0.740
6188.711	0.534	-0.740
6188.789	0.534	-0.737
6188.867	0.534	-0.736
6188.958	0.534	-0.736
6189.036	0.534	-0.736
6189.127	0.534	-0.736
6189.206	0.534	-0.738
6189.283	0.534	-0.741
6189.375	0.534	-0.741
6189.453	0.534	-0.741
6189.544	0.534	-0.741
6189.623	0.534	-0.738
6189.700	0.534	-0.736
6189.792	0.534	-0.738
6189.869	0.534	-0.740
6189.961	0.534	-0.745
6190.039	0.534	-0.750
6190.117	0.534	-0.752
6190.208	0.533	-0.757
6190.286	0.533	-0.760
6190.377	0.534	-0.761
6190.456	0.534	-0.761
6190.533	0.533	-0.762
6190.625	0.533	-0.762
6190.703	0.531	-0.762
6190.794	0.532	-0.761
6190.873	0.528	-0.756
6190.950	0.530	-0.751
6191.042	0.529	-0.750
6191.119	0.530	-0.746
6191.211	0.528	-0.746
6191.289	0.528	-0.746
6191.367	0.528	-0.750
6191.458	0.528	-0.751
6191.536	0.528	-0.747
6191.614	0.528	-0.746
6191.706	0.528	-0.744
6191.783	0.528	-0.744
6191.875	0.528	-0.743
6191.953	0.528	-0.741
6192.044	0.528	-0.740
6192.123	0.528	-0.737
6192.200	0.528	-0.736
6192.292	0.528	-0.734
6192.369	0.528	-0.731
6192.461	0.528	-0.728
6192.539	0.528	-0.726
6192.617	0.528	-0.721
6192.708	0.528	-0.721
6192.786	0.525	-0.721
6192.864	0.527	-0.722
6192.956	0.526	-0.723
6193.033	0.528	-0.721
6193.125	0.526	-0.720
6193.203	0.525	-0.716
6193.294	0.527	-0.712
6193.373	0.526	-0.709
6193.450	0.524	-0.706
6193.542	0.523	-0.703
6193.619	0.524	-0.700
6193.697	0.523	-0.700
6193.789	0.523	-0.700
6193.867	0.523	-0.698
6193.958	0.523	-0.697
6194.036	0.523	-0.696
6194.114	0.523	-0.697
6194.206	0.523	-0.697
6194.283	0.523	-0.699
6194.375	0.523	-0.700
6194.453	0.523	-0.700
6194.544	0.523	-0.700
6194.623	0.523	-0.699
6194.700	0.523	-0.700
6194.792	0.523	-0.700
6194.869	0.523	-0.700
6194.947	0.523	-0.697
6195.039	0.522	-0.695
6195.117	0.523	-0.694
6195.208	0.521	-0.692
6195.286	0.521	-0.693
6195.377	0.519	-0.694
6195.456	0.521	-0.694
6195.533	0.521	-0.698
6195.625	0.520	-0.700
6195.703	0.520	-0.705
6195.794	0.519	-0.705
6195.873	0.519	-0.704
6195.950	0.518	-0.706
6196.042	0.518	-0.706
6196.119	0.518	-0.706
6196.197	0.518	-0.705
6196.289	0.518	-0.706
6196.367	0.518	-0.706
6196.458	0.518	-0.706
6196.536	0.518	-0.706
6196.614	0.518	-0.709
6196.706	0.518	-0.711
6196.783	0.516	-0.711
6196.875	0.517	-0.711
6196.953	0.514	-0.711
6197.044	0.515	-0.711
6197.123	0.514	-0.711
6197.200	0.513	-0.711
6197.292	0.513	-0.711
6197.369	0.513	-0.711
6197.447	0.514	-0.713
6197.539	0.514	-0.716
6197.617	0.513	-0.716
6197.708	0.514	-0.715
6197.786	0.513	-0.713
6197.877	0.513	-0.711
6197.956	0.513	-0.711
6198.033	0.513	-0.711
6198.125	0.513	-0.711
6198.203	0.513	-0.711
6198.281	0.513	-0.711
6198.373	0.513	-0.711
6198.450	0.513	-0.711
6198.542	0.513	-0.711
6198.619	0.513	-0.711
6198.711	0.513	-0.716
6198.789	0.513	-0.718
6198.867	0.512	-0.723
6198.958	0.511	-0.728
6199.036	0.511	-0.732
6199.114	0.509	-0.737
6199.206	0.509	-0.744
6199.283	0.508	-0.750
6199.375	0.510	-0.755
6199.453	0.510	-0.757
6199.531	0.509	-0.760
6199.623	0.509	-0.758
6199.700	0.509	-0.757
6199.792	0.508	-0.755
6199.869	0.508	-0.751
6199.961	0.510	-0.750
6200.039	0.508	-0.745
6200.117	0.508	-0.740
6200.208	0.510	-0.736
6200.286	0.508	-0.731
6200.364	0.508	-0.725
6200.456	0.508	-0.720
6200.533	0.508	-0.716
6200.625	0.508	-0.715
6200.703	0.508	-0.711
6200.794	0.508	-0.706
6200.873	0.508	-0.700
6200.950	0.508	-0.697
6201.042	0.508	-0.695
6201.119	0.508	-0.694
6201.211	0.508	-0.694
6201.289	0.508	-0.695
6201.367	0.507	-0.695
6201.458	0.507	-0.695
6201.536	0.506	-0.695
6201.627	0.504	-0.696
6201.706	0.506	-0.700
6201.783	0.504	-0.705
6201.875	0.503	-0.713
6201.953	0.503	-0.717
6202.044	0.504	-0.722
6202.123	0.503	-0.727
6202.200	0.503	-0.730
6202.292	0.504	-0.731
6202.369	0.503	-0.731
6202.461	0.503	-0.731
6202.539	0.503	-0.731
6202.617	0.503	-0.731
6202.708	0.503	-0.728
6202.786	0.503	-0.726
6202.864	0.503	-0.726
6202.956	0.503	-0.721
6203.033	0.503	-0.721
6203.125	0.502	-0.722
6203.203	0.503	-0.721
6203.294	0.502	-0.721
6203.373	0.503	-0.722
6203.450	0.500	-0.724
6203.542	0.502	-0.726
6203.619	0.500	-0.726
6203.711	0.498	-0.726
6203.789	0.500	-0.726
6203.867	0.498	-0.727
6203.958	0.498	-0.726
6204.036	0.499	-0.726
6204.114	0.499	-0.726
6204.206	0.498	-0.727
6204.283	0.498	-0.726
6204.375	0.498	-0.726
6204.453	0.498	-0.726
6204.531	0.498	-0.726
6204.623	0.499	-0.725
6204.700	0.498	-0.722
6204.792	0.498	-0.717
6204.869	0.498	-0.716
6204.947	0.498	-0.716
6205.039	0.498	-0.714
6205.117	0.498	-0.711
6205.208	0.498	-0.707
6205.286	0.498	-0.704
6205.364	0.498	-0.701
6205.456	0.496	-0.700
6205.533	0.498	-0.700
6205.625	0.496	-0.700
6205.703	0.498	-0.700
6205.781	0.495	-0.700
6205.873	0.494	-0.700
6205.950	0.494	-0.700
6206.042	0.493	-0.701
6206.119	0.494	-0.706
6206.197	0.494	-0.711
6206.289	0.494	-0.711
6206.367	0.493	-0.715
6206.458	0.493	-0.716
6206.536	0.493	-0.716
6206.614	0.493	-0.716
6206.706	0.493	-0.716
6206.783	0.493	-0.716
6206.875	0.493	-0.718
6206.953	0.493	-0.721
6207.031	0.493	-0.723
6207.123	0.493	-0.726
6207.200	0.493	-0.728
6207.292	0.493	-0.732
6207.369	0.493	-0.736
6207.447	0.493	-0.740
6207.539	0.493	-0.743
6207.617	0.493	-0.749
6207.708	0.493	-0.751
6207.786	0.492	-0.753
6207.864	0.493	-0.757
6207.956	0.492	-0.762
6208.033	0.492	-0.766
6208.125	0.492	-0.767
6208.203	0.492	-0.767
6208.294	0.488	-0.767
6208.373	0.490	-0.767
6208.450	0.489	-0.768
6208.542	0.488	-0.767
6208.619	0.489	-0.765
6208.697	0.489	-0.762
6208.789	0.489	-0.757
6208.867	0.488	-0.755
6208.958	0.488	-0.754
6209.036	0.488	-0.753
6209.114	0.488	-0.756
6209.206	0.488	-0.754
6209.283	0.488	-0.752
6209.375	0.488	-0.751
6209.453	0.488	-0.751
6209.531	0.488	-0.750
6209.623	0.488	-0.749
6209.700	0.487	-0.747
6209.792	0.488	-0.745
6209.869	0.487	-0.745
6209.947	0.488	-0.745
6210.039	0.486	-0.744
6210.117	0.487	-0.744
6210.208	0.484	-0.746
6210.286	0.484	-0.749
6210.364	0.484	-0.751
6210.456	0.483	-0.751
6210.533	0.483	-0.751
6210.625	0.483	-0.750
6210.703	0.483	-0.748
6210.781	0.483	-0.751
6210.873	0.483	-0.751
6210.950	0.483	-0.752
6211.042	0.483	-0.756
6211.119	0.483	-0.757
6211.197	0.483	-0.757
6211.289	0.483	-0.757
6211.367	0.483	-0.757
6211.458	0.482	-0.757
6211.536	0.483	-0.757
6211.614	0.483	-0.757
6211.706	0.483	-0.757
6211.783	0.483	-0.757
6211.875	0.483	-0.758
6211.953	0.482	-0.759
6212.031	0.483	-0.757
6212.123	0.483	-0.757
6212.200	0.481	-0.757
6212.292	0.483	-0.757
6212.369	0.482	-0.751
6212.447	0.480	-0.751
6212.539	0.479	-0.747
6212.617	0.480	-0.746
6212.708	0.480	-0.746
6212.786	0.477	-0.746
6212.864	0.478	-0.746
6212.956	0.478	-0.746
6213.033	0.477	-0.746
6213.125	0.477	-0.746
6213.203	0.477	-0.751
6213.281	0.478	-0.751
6213.373	0.477	-0.751
6213.450	0.477	-0.751
6213.542	0.477	-0.751
6213.619	0.477	-0.751
6213.697	0.477	-0.751
6213.789	0.477	-0.751
6213.867	0.477	-0.751
6213.958	0.477	-0.751
6214.036	0.475	-0.752
6214.114	0.474	-0.754
6214.206	0.475	-0.757
6214.283	0.473	-0.757
6214.375	0.472	-0.757
6214.453	0.472	-0.757
6214.531	0.473	-0.757
6214.623	0.472	-0.760
6214.700	0.473	-0.762
6214.792	0.472	-0.766
6214.869	0.472	-0.767
6214.961	0.472	-0.768
6215.039	0.472	-0.768
6215.117	0.472	-0.768
6215.208	0.472	-0.767
6215.286	0.472	-0.767
6215.364	0.472	-0.762
6215.456	0.472	-0.759
6215.533	0.472	-0.757
6215.625	0.472	-0.752
6215.703	0.472	-0.751
6215.781	0.472	-0.747
6215.873	0.472	-0.746
6215.950	0.472	-0.742
6216.042	0.472	-0.741
6216.119	0.472	-0.742
6216.197	0.472	-0.741
6216.289	0.472	-0.745
6216.367	0.472	-0.748
6216.458	0.472	-0.751
6216.536	0.472	-0.751
6216.614	0.470	-0.751
6216.706	0.472	-0.751
6216.783	0.471	-0.751
6216.875	0.471	-0.750
6216.953	0.472	-0.751
6217.044	0.468	-0.750
6217.123	0.467	-0.751
6217.200	0.468	-0.751
6217.292	0.467	-0.746
6217.369	0.467	-0.742
6217.447	0.467	-0.741
6217.539	0.467	-0.741
6217.617	0.467	-0.740
6217.708	0.467	-0.736
6217.786	0.467	-0.736
6217.877	0.467	-0.735
6217.956	0.467	-0.732
6218.033	0.467	-0.736
6218.125	0.467	-0.736
6218.203	0.467	-0.739
6218.281	0.467	-0.740
6218.373	0.466	-0.736
6218.450	0.467	-0.739
6218.542	0.466	-0.740
6218.619	0.467	-0.741
6218.697	0.467	-0.739
6218.789	0.466	-0.737
6218.867	0.466	-0.736
6218.958	0.466	-0.736
6219.036	0.464	-0.734
6219.114	0.465	-0.733
6219.206	0.464	-0.731
6219.283	0.463	-0.728
6219.375	0.462	-0.727
6219.453	0.463	-0.726
6219.531	0.462	-0.726
6219.623	0.463	-0.725
6219.700	0.462	-0.723
6219.792	0.462	-0.721
6219.869	0.462	-0.721
6219.947	0.462	-0.718
6220.039	0.462	-0.720
6220.117	0.462	-0.721
6220.208	0.462	-0.723
6220.286	0.462	-0.726
6220.364	0.462	-0.726
6220.456	0.462	-0.730
6220.533	0.461	-0.730
6220.625	0.461	-0.731
6220.703	0.461	-0.731
6220.781	0.461	-0.731
6220.873	0.461	-0.729
6220.950	0.460	-0.728
6221.042	0.458	-0.726
6221.119	0.460	-0.726
6221.197	0.457	-0.726
6221.289	0.460	-0.725
6221.367	0.458	-0.722
6221.458	0.458	-0.722
6221.536	0.457	-0.717
6221.614	0.457	-0.716
6221.706	0.457	-0.716
6221.783	0.457	-0.714
6221.875	0.457	-0.711
6221.953	0.457	-0.711
6222.031	0.457	-0.711
6222.123	0.457	-0.711
6222.200	0.457	-0.711
6222.292	0.457	-0.715
6222.369	0.457	-0.713
6222.447	0.457	-0.711
6222.539	0.457	-0.711
6222.617	0.457	-0.706
6222.708	0.457	-0.700
6222.786	0.456	-0.700
6222.864	0.457	-0.695
6222.956	0.456	-0.695
6223.033	0.456	-0.695
6223.125	0.456	-0.695
6223.203	0.455	-0.694
6223.281	0.456	-0.691
6223.373	0.455	-0.690
6223.450	0.454	-0.689
6223.542	0.454	-0.688
6223.619	0.454	-0.689
6223.697	0.454	-0.685
6223.789	0.452	-0.685
6223.867	0.452	-0.685
6223.958	0.452	-0.687
6224.036	0.452	-0.687
6224.114	0.452	-0.689
6224.206	0.452	-0.690
6224.283	0.452	-0.692
6224.375	0.452	-0.695
6224.453	0.452	-0.697
6224.531	0.452	-0.700
6224.623	0.452	-0.695
6224.700	0.452	-0.697
6224.792	0.452	-0.696
6224.869	0.452	-0.695
6224.947	0.452	-0.695
6225.039	0.452	-0.694
6225.117	0.452	-0.690
6225.208	0.452	-0.690
6225.286	0.452	-0.687
6225.364	0.452	-0.684
6225.456	0.452	-0.681
6225.533	0.452	-0.679
6225.625	0.452	-0.675
6225.703	0.452	-0.672
6225.781	0.452	-0.669
6225.873	0.452	-0.666
6225.950	0.452	-0.661
6226.042	0.452	-0.657
6226.119	0.451	-0.654
6226.197	0.450	-0.651
6226.289	0.450	-0.649
6226.367	0.451	-0.649
6226.458	0.449	-0.649
6226.536	0.449	-0.649
6226.614	0.449	-0.649
6226.706	0.449	-0.649
6226.783	0.448	-0.649
6226.875	0.447	-0.651
6226.953	0.447	-0.655
6227.031	0.447	-0.655
6227.123	0.448	-0.655
6227.200	0.447	-0.655
6227.265	0.447	-0.657
6227.369	0.447	-0.660
6227.447	0.447	-0.661
6227.539	0.447	-0.664
6227.617	0.447	-0.664
6227.708	0.447	-0.663
6227.786	0.447	-0.663
6227.864	0.447	-0.662
6227.956	0.447	-0.660
6228.033	0.447	-0.660
6228.125	0.447	-0.659
6228.203	0.447	-0.655
6228.281	0.446	-0.654
6228.373	0.445	-0.651
6228.450	0.446	-0.649
6228.542	0.446	-0.649
6228.619	0.444	-0.649
6228.697	0.445	-0.649
6228.789	0.443	-0.649
6228.867	0.443	-0.649
6228.958	0.443	-0.649
6229.036	0.443	-0.654
6229.114	0.443	-0.657
6229.206	0.442	-0.661
6229.283	0.442	-0.662
6229.375	0.442	-0.665
6229.453	0.442	-0.666
6229.531	0.442	-0.666
6229.623	0.442	-0.665
6229.700	0.443	-0.665
6229.792	0.442	-0.665
6229.869	0.442	-0.665
6229.947	0.442	-0.661
6230.039	0.442	-0.660
6230.117	0.442	-0.660
6230.208	0.442	-0.660
6230.286	0.442	-0.657
6230.377	0.442	-0.655
6230.456	0.442	-0.652
6230.533	0.442	-0.649
6230.625	0.442	-0.649
6230.703	0.442	-0.649
6230.781	0.441	-0.649
6230.873	0.442	-0.649
6230.950	0.442	-0.649
6231.042	0.442	-0.649
6231.119	0.442	-0.649
6231.211	0.441	-0.649
6231.289	0.441	-0.649
6231.367	0.441	-0.649
6231.458	0.438	-0.649
6231.536	0.441	-0.649
6231.627	0.440	-0.649
6231.706	0.438	-0.649
6231.783	0.438	-0.647
6231.875	0.437	-0.644
6231.953	0.438	-0.643
6232.044	0.437	-0.640
6232.123	0.437	-0.639
6232.187	0.438	-0.639
6232.292	0.437	-0.638
6232.369	0.437	-0.635
6232.447	0.437	-0.634
6232.539	0.437	-0.632
6232.617	0.437	-0.629
6232.708	0.437	-0.626
6232.786	0.437	-0.621
6232.864	0.437	-0.619
6232.956	0.437	-0.618
6233.033	0.437	-0.619
6233.125	0.436	-0.619
6233.203	0.435	-0.618
6233.281	0.435	-0.615
6233.373	0.434	-0.614
6233.450	0.432	-0.614
6233.542	0.432	-0.614
6233.619	0.435	-0.613
6233.697	0.432	-0.610
6233.789	0.432	-0.609
6233.867	0.432	-0.606
6233.958	0.432	-0.604
6234.036	0.432	-0.604
6234.127	0.433	-0.599
6234.206	0.432	-0.598
6234.283	0.432	-0.593
6234.375	0.432	-0.588
6234.453	0.432	-0.587
6234.531	0.432	-0.583
6234.623	0.432	-0.579
6234.700	0.432	-0.580
6234.792	0.432	-0.580
6234.869	0.432	-0.583
6234.961	0.432	-0.586
6235.039	0.432	-0.588
6235.117	0.432	-0.588
6235.208	0.432	-0.593
6235.286	0.432	-0.598
6235.364	0.432	-0.604
6235.456	0.432	-0.608
6235.533	0.432	-0.612
6235.625	0.432	-0.614
6235.703	0.430	-0.616
6235.781	0.430	-0.620
6235.873	0.428	-0.624
6235.950	0.431	-0.629
6236.042	0.430	-0.631
6236.119	0.428	-0.630
6236.197	0.429	-0.629
6236.289	0.429	-0.629
6236.367	0.428	-0.629
6236.458	0.428	-0.629
6236.536	0.428	-0.629
6236.614	0.427	-0.627
6236.706	0.426	-0.624
6236.783	0.426	-0.624
6236.875	0.426	-0.621
6236.953	0.426	-0.621
6237.031	0.426	-0.619
6237.123	0.426	-0.619
6237.200	0.426	-0.618
6237.292	0.426	-0.615
6237.369	0.426	-0.614
6237.447	0.427	-0.614
6237.539	0.426	-0.612
6237.617	0.426	-0.610
6237.708	0.426	-0.609
6237.786	0.426	-0.609
6237.864	0.426	-0.609
6237.956	0.426	-0.609
6238.033	0.426	-0.606
6238.125	0.426	-0.604
6238.203	0.426	-0.604
6238.281	0.426	-0.604
6238.373	0.426	-0.605
6238.450	0.426	-0.609
6238.542	0.426	-0.609
6238.619	0.426	-0.609
6238.697	0.426	-0.613
6238.789	0.426	-0.616
6238.867	0.426	-0.620
6238.958	0.425	-0.624
6239.036	0.426	-0.630
6239.114	0.423	-0.634
6239.206	0.422	-0.634
6239.283	0.424	-0.639
6239.375	0.422	-0.642
6239.453	0.423	-0.646
6239.531	0.422	-0.649
6239.623	0.421	-0.649
6239.700	0.421	-0.647
6239.792	0.421	-0.645
6239.869	0.422	-0.644
6239.947	0.421	-0.644
6240.039	0.421	-0.644
6240.117	0.421	-0.644
6240.208	0.421	-0.644
6240.286	0.421	-0.644
6240.364	0.421	-0.644
6240.456	0.421	-0.644
6240.533	0.421	-0.644
6240.625	0.421	-0.644
6240.703	0.421	-0.644
6240.781	0.420	-0.644
6240.873	0.417	-0.645
6240.950	0.420	-0.644
6241.042	0.420	-0.644
6241.119	0.420	-0.644
6241.197	0.419	-0.644
6241.289	0.420	-0.642
6241.367	0.419	-0.640
6241.458	0.418	-0.639
6241.536	0.416	-0.639
6241.614	0.416	-0.639
6241.706	0.416	-0.639
6241.783	0.416	-0.638
6241.875	0.417	-0.637
6241.953	0.417	-0.634
6242.031	0.416	-0.633
6242.123	0.417	-0.630
6242.200	0.416	-0.627
6242.292	0.416	-0.621
6242.369	0.416	-0.619
6242.447	0.416	-0.616
6242.539	0.416	-0.614
6242.617	0.416	-0.613
6242.708	0.416	-0.613
6242.786	0.416	-0.613
6242.864	0.415	-0.614
6242.956	0.415	-0.615
6243.033	0.416	-0.617
6243.125	0.415	-0.619
6243.203	0.415	-0.619
6243.281	0.416	-0.619
6243.373	0.414	-0.619
6243.450	0.412	-0.619
6243.542	0.415	-0.619
6243.619	0.415	-0.619
6243.697	0.412	-0.619
6243.789	0.412	-0.618
6243.867	0.413	-0.616
6243.945	0.412	-0.615
6244.036	0.411	-0.614
6244.114	0.413	-0.614
6244.206	0.412	-0.614
6244.283	0.411	-0.615
6244.375	0.411	-0.615
6244.453	0.411	-0.619
6244.531	0.411	-0.619
6244.623	0.411	-0.619
6244.700	0.412	-0.622
6244.792	0.411	-0.625
6244.869	0.411	-0.627
6244.947	0.411	-0.630
6245.039	0.411	-0.634
6245.117	0.411	-0.635
6245.208	0.411	-0.638
6245.286	0.411	-0.639
6245.364	0.411	-0.639
6245.456	0.411	-0.639
6245.533	0.411	-0.639
6245.625	0.411	-0.635
6245.703	0.410	-0.634
6245.781	0.411	-0.635
6245.873	0.410	-0.636
6245.950	0.410	-0.634
6246.042	0.411	-0.634
6246.119	0.410	-0.636
6246.197	0.410	-0.639
6246.289	0.408	-0.641
6246.367	0.409	-0.645
6246.458	0.409	-0.649
6246.536	0.408	-0.649
6246.614	0.409	-0.649
6246.706	0.408	-0.649
6246.783	0.407	-0.649
6246.875	0.407	-0.649
6246.953	0.406	-0.649
6247.031	0.406	-0.649
6247.123	0.406	-0.649
6247.200	0.406	-0.649
6247.292	0.406	-0.649
6247.369	0.406	-0.649
6247.447	0.406	-0.649
6247.539	0.406	-0.649
6247.617	0.406	-0.649
6247.695	0.406	-0.649
6247.786	0.406	-0.649
6247.864	0.406	-0.649
6247.956	0.406	-0.649
6248.033	0.406	-0.649
6248.125	0.406	-0.649
6248.203	0.406	-0.650
6248.281	0.406	-0.655
6248.373	0.406	-0.659
6248.450	0.406	-0.660
6248.528	0.406	-0.663
6248.619	0.406	-0.665
6248.697	0.406	-0.666
6248.789	0.406	-0.670
6248.867	0.406	-0.673
6248.945	0.403	-0.678
6249.036	0.403	-0.684
6249.114	0.404	-0.686
6249.206	0.402	-0.688
6249.283	0.403	-0.685
6249.375	0.401	-0.685
6249.453	0.402	-0.685
6249.531	0.401	-0.684
6249.623	0.401	-0.685
6249.700	0.401	-0.685
6249.778	0.401	-0.687
6249.869	0.401	-0.688
6249.947	0.401	-0.688
6250.039	0.401	-0.685
6250.117	0.401	-0.682
6250.208	0.401	-0.677
6250.299	0.401	-0.672
6250.364	0.401	-0.667
6250.456	0.401	-0.662
6250.533	0.401	-0.660
6250.612	0.401	-0.659
6250.703	0.401	-0.655
6250.781	0.401	-0.655
6250.873	0.401	-0.653
6250.950	0.401	-0.650
6251.042	0.401	-0.649
6251.119	0.401	-0.649
6251.197	0.400	-0.649
6251.289	0.400	-0.649
6251.367	0.400	-0.647
6251.458	0.398	-0.644
6251.536	0.398	-0.644
6251.614	0.398	-0.644
6251.706	0.398	-0.640
6251.783	0.399	-0.639
6251.875	0.398	-0.639
6251.953	0.398	-0.639
6252.031	0.398	-0.637
6252.123	0.397	-0.634
6252.200	0.398	-0.634
6252.292	0.396	-0.634
6252.369	0.397	-0.633
6252.447	0.396	-0.632
6252.539	0.396	-0.629
6252.617	0.396	-0.632
6252.695	0.396	-0.632
6252.786	0.396	-0.633
6252.864	0.396	-0.634
6252.956	0.396	-0.634
6253.033	0.395	-0.636
6253.112	0.396	-0.638
6253.203	0.395	-0.639
6253.281	0.395	-0.639
6253.373	0.395	-0.642
6253.450	0.396	-0.644
6253.528	0.393	-0.644
6253.619	0.394	-0.644
6253.697	0.394	-0.644
6253.789	0.393	-0.644
6253.867	0.392	-0.644
6253.958	0.393	-0.644
6254.036	0.393	-0.639
6254.114	0.391	-0.639
6254.206	0.393	-0.638
6254.283	0.391	-0.639
6254.375	0.391	-0.639
6254.453	0.391	-0.639
6254.531	0.391	-0.639
6254.623	0.391	-0.636
6254.700	0.391	-0.635
6254.792	0.391	-0.638
6254.869	0.391	-0.636
6254.947	0.391	-0.638
6255.039	0.391	-0.639
6255.117	0.391	-0.640
6255.208	0.391	-0.641
6255.286	0.391	-0.640
6255.364	0.391	-0.639
6255.456	0.391	-0.639
6255.533	0.391	-0.639
6255.625	0.391	-0.639
6255.703	0.391	-0.639
6255.781	0.391	-0.639
6255.873	0.391	-0.638
6255.950	0.391	-0.639
6256.042	0.391	-0.638
6256.119	0.391	-0.639
6256.197	0.391	-0.639
6256.289	0.391	-0.639
6256.367	0.391	-0.642
6256.458	0.391	-0.640
6256.536	0.391	-0.643
6256.614	0.389	-0.644
6256.706	0.389	-0.644
6256.783	0.390	-0.644
6256.875	0.389	-0.644
6256.953	0.387	-0.648
6257.031	0.388	-0.649
6257.123	0.386	-0.649
6257.200	0.389	-0.649
6257.292	0.386	-0.649
6257.369	0.388	-0.649
6257.447	0.388	-0.653
6257.539	0.387	-0.655
6257.617	0.387	-0.655
6257.708	0.386	-0.654
6257.786	0.386	-0.650
6257.864	0.386	-0.649
6257.956	0.386	-0.649
6258.033	0.386	-0.649
6258.125	0.386	-0.646
6258.203	0.386	-0.646
6258.281	0.386	-0.649
6258.373	0.386	-0.649
6258.450	0.386	-0.649
6258.542	0.386	-0.649
6258.619	0.386	-0.649
6258.697	0.386	-0.649
6258.789	0.386	-0.649
6258.867	0.386	-0.652
6258.958	0.386	-0.655
6259.036	0.386	-0.654
6259.114	0.385	-0.652
6259.206	0.384	-0.651
6259.283	0.386	-0.649
6259.375	0.384	-0.649
6259.453	0.385	-0.645
6259.531	0.384	-0.644
6259.623	0.381	-0.639
6259.700	0.383	-0.634
6259.792	0.381	-0.632
6259.869	0.383	-0.630
6259.947	0.381	-0.628
6260.039	0.381	-0.624
6260.117	0.381	-0.624
6260.208	0.381	-0.622
6260.286	0.381	-0.621
6260.364	0.381	-0.621
6260.456	0.381	-0.621
6260.533	0.381	-0.619
6260.625	0.381	-0.618
6260.703	0.381	-0.615
6260.781	0.381	-0.614
6260.873	0.381	-0.609
6260.950	0.381	-0.605
6261.028	0.381	-0.602
6261.119	0.381	-0.598
6261.197	0.381	-0.593
6261.289	0.381	-0.593
6261.367	0.380	-0.588
6261.445	0.381	-0.588
6261.536	0.381	-0.588
6261.614	0.381	-0.585
6261.706	0.381	-0.587
6261.783	0.380	-0.588
6261.862	0.377	-0.588
6261.953	0.381	-0.588
6262.031	0.379	-0.588
6262.123	0.381	-0.588
6262.200	0.379	-0.588
6262.292	0.377	-0.590
6262.369	0.377	-0.592
6262.447	0.376	-0.593
6262.539	0.376	-0.593
6262.617	0.376	-0.593
6262.708	0.376	-0.593
6262.786	0.376	-0.593
6262.864	0.376	-0.595
6262.956	0.376	-0.599
6263.033	0.376	-0.604
6263.112	0.376	-0.607
6263.203	0.376	-0.609
6263.281	0.376	-0.611
6263.373	0.376	-0.611
6263.450	0.376	-0.614
6263.542	0.376	-0.614
6263.619	0.376	-0.614
6263.697	0.376	-0.614
6263.789	0.375	-0.613
6263.867	0.376	-0.610
6263.945	0.376	-0.609
6264.036	0.376	-0.609
6264.114	0.375	-0.608
6264.206	0.376	-0.604
6264.283	0.374	-0.604
6264.362	0.374	-0.603
6264.453	0.375	-0.600
6264.531	0.372	-0.597
6264.623	0.375	-0.593
6264.700	0.373	-0.593
6264.778	0.373	-0.588
6264.869	0.372	-0.588
6264.947	0.373	-0.587
6265.039	0.373	-0.586
6265.117	0.371	-0.580
6265.195	0.371	-0.576
6265.286	0.371	-0.571
6265.364	0.370	-0.570
6265.456	0.370	-0.568
6265.533	0.370	-0.568
6265.625	0.370	-0.568
6265.703	0.370	-0.568
6265.781	0.370	-0.568
6265.873	0.370	-0.568
6265.950	0.370	-0.568
6266.042	0.370	-0.568
6266.119	0.370	-0.570
6266.197	0.370	-0.573
6266.289	0.370	-0.573
6266.367	0.370	-0.575
6266.458	0.370	-0.576
6266.536	0.370	-0.576
6266.614	0.370	-0.573
6266.706	0.370	-0.573
6266.783	0.370	-0.573
6266.875	0.370	-0.573
6266.953	0.370	-0.570
6267.031	0.370	-0.565
6267.123	0.370	-0.562
6267.200	0.370	-0.559
6267.292	0.370	-0.557
6267.369	0.370	-0.553
6267.447	0.370	-0.553
6267.539	0.370	-0.553
6267.617	0.370	-0.553
6267.695	0.370	-0.550
6267.786	0.370	-0.548
6267.864	0.367	-0.552
6267.956	0.370	-0.553
6268.033	0.367	-0.553
6268.125	0.367	-0.553
6268.203	0.369	-0.553
6268.281	0.368	-0.553
6268.373	0.365	-0.553
6268.450	0.366	-0.553
6268.528	0.365	-0.553
6268.619	0.366	-0.553
6268.697	0.366	-0.553
6268.789	0.366	-0.553
6268.867	0.365	-0.553
6268.945	0.365	-0.558
6269.036	0.365	-0.558
6269.114	0.365	-0.560
6269.206	0.365	-0.564
6269.283	0.365	-0.568
6269.375	0.365	-0.569
6269.453	0.365	-0.569
6269.531	0.365	-0.570
6269.623	0.365	-0.570
6269.700	0.365	-0.570
6269.778	0.365	-0.570
6269.869	0.365	-0.571
6269.947	0.365	-0.568
6270.039	0.365	-0.568
6270.117	0.365	-0.568
6270.195	0.365	-0.568
6270.286	0.365	-0.568
6270.364	0.365	-0.567
6270.456	0.365	-0.568
6270.533	0.365	-0.570
6270.612	0.365	-0.570
6270.703	0.365	-0.573
6270.781	0.365	-0.573
6270.873	0.364	-0.576
6270.950	0.364	-0.578
6271.028	0.365	-0.579
6271.119	0.364	-0.583
6271.197	0.362	-0.586
6271.289	0.364	-0.588
6271.367	0.363	-0.588
6271.445	0.364	-0.589
6271.536	0.364	-0.588
6271.614	0.361	-0.591
6271.706	0.361	-0.588
6271.783	0.360	-0.588
6271.862	0.361	-0.588
6271.953	0.361	-0.586
6272.031	0.360	-0.583
6272.123	0.360	-0.583
6272.200	0.360	-0.583
6272.278	0.360	-0.581
6272.369	0.360	-0.578
6272.447	0.360	-0.578
6272.539	0.360	-0.579
6272.617	0.360	-0.578
6272.695	0.360	-0.579
6272.786	0.360	-0.578
6272.864	0.360	-0.579
6272.956	0.360	-0.582
6273.033	0.360	-0.583
6273.112	0.360	-0.584
6273.203	0.360	-0.586
6273.281	0.360	-0.586
6273.373	0.360	-0.583
6273.450	0.360	-0.582
6273.528	0.360	-0.581
6273.619	0.360	-0.579
6273.697	0.360	-0.578
6273.789	0.359	-0.578
6273.867	0.358	-0.576
6273.945	0.358	-0.574
6274.036	0.359	-0.571
6274.114	0.360	-0.567
6274.206	0.359	-0.564
6274.283	0.360	-0.563
6274.362	0.359	-0.562
6274.453	0.357	-0.560
6274.531	0.357	-0.559
6274.623	0.357	-0.558
6274.700	0.356	-0.559
6274.778	0.356	-0.563
6274.869	0.356	-0.563
6274.947	0.355	-0.563
6275.039	0.355	-0.563
6275.117	0.355	-0.563
6275.195	0.355	-0.561
6275.286	0.355	-0.562
6275.364	0.355	-0.563
6275.456	0.355	-0.563
6275.533	0.355	-0.567
6275.612	0.355	-0.569
6275.703	0.355	-0.573
6275.781	0.355	-0.573
6275.873	0.354	-0.575
6275.950	0.355	-0.573
6276.042	0.354	-0.573
6276.119	0.354	-0.573
6276.197	0.353	-0.570
6276.289	0.353	-0.569
6276.367	0.353	-0.568
6276.445	0.353	-0.568
6276.536	0.351	-0.568
6276.614	0.351	-0.565
6276.706	0.352	-0.563
6276.783	0.352	-0.563
6276.875	0.352	-0.561
6276.953	0.352	-0.555
6277.031	0.352	-0.553
6277.123	0.350	-0.553
6277.200	0.351	-0.549
6277.292	0.350	-0.548
6277.369	0.351	-0.548
6277.447	0.350	-0.548
6277.539	0.350	-0.548
6277.617	0.351	-0.548
6277.708	0.350	-0.548
6277.786	0.350	-0.548
6277.864	0.350	-0.548
6277.956	0.350	-0.548
6278.033	0.350	-0.548
6278.112	0.350	-0.548
6278.203	0.350	-0.548
6278.281	0.350	-0.548
6278.373	0.350	-0.548
6278.450	0.350	-0.548
6278.528	0.350	-0.550
6278.619	0.350	-0.550
6278.697	0.350	-0.549
6278.789	0.350	-0.548
6278.867	0.350	-0.548
6278.945	0.350	-0.548
6279.036	0.350	-0.548
6279.114	0.350	-0.548
6279.206	0.348	-0.548
6279.283	0.350	-0.548
6279.362	0.350	-0.548
6279.453	0.348	-0.548
6279.531	0.348	-0.548
6279.623	0.349	-0.548
6279.700	0.347	-0.551
6279.778	0.347	-0.553
6279.869	0.345	-0.553
6279.947	0.345	-0.555
6280.039	0.346	-0.556
6280.117	0.345	-0.558
6280.195	0.346	-0.558
6280.286	0.345	-0.558
6280.364	0.345	-0.559
6280.456	0.345	-0.561
6280.533	0.345	-0.560
6280.612	0.345	-0.561
6280.703	0.346	-0.561
6280.781	0.345	-0.558
6280.873	0.345	-0.554
6280.950	0.345	-0.553
6281.028	0.345	-0.548
6281.119	0.345	-0.544
6281.197	0.345	-0.541
6281.289	0.345	-0.537
6281.367	0.345	-0.537
6281.445	0.345	-0.537
6281.536	0.345	-0.537
6281.614	0.345	-0.537
6281.706	0.345	-0.536
6281.783	0.345	-0.537
6281.862	0.345	-0.534
6281.953	0.345	-0.533
6282.031	0.345	-0.532
6282.123	0.345	-0.531
6282.200	0.345	-0.528
6282.278	0.345	-0.528
6282.369	0.345	-0.527
6282.447	0.345	-0.527
6282.539	0.344	-0.527
6282.617	0.344	-0.527
6282.695	0.344	-0.529
6282.786	0.342	-0.532
6282.864	0.342	-0.536
6282.956	0.343	-0.538
6283.033	0.342	-0.542
6283.112	0.343	-0.544
6283.203	0.342	-0.548
6283.281	0.342	-0.553
6283.373	0.340	-0.557
6283.450	0.342	-0.559
6283.528	0.342	-0.563
6283.619	0.340	-0.566
6283.697	0.341	-0.568
6283.789	0.341	-0.568
6283.867	0.340	-0.571
6283.945	0.340	-0.573
6284.036	0.340	-0.573
6284.114	0.340	-0.573
6284.206	0.340	-0.573
6284.283	0.340	-0.573
6284.362	0.340	-0.573
6284.453	0.340	-0.573
6284.531	0.340	-0.569
6284.623	0.340	-0.568
6284.700	0.340	-0.568
6284.778	0.340	-0.568
6284.869	0.340	-0.568
6284.947	0.340	-0.568
6285.039	0.340	-0.568
6285.117	0.337	-0.569
6285.195	0.338	-0.573
6285.286	0.337	-0.575
6285.364	0.338	-0.577
6285.456	0.336	-0.578
6285.533	0.336	-0.578
6285.612	0.338	-0.581
6285.703	0.336	-0.582
6285.781	0.336	-0.582
6285.873	0.335	-0.583
6285.950	0.335	-0.583
6286.028	0.335	-0.582
6286.119	0.335	-0.581
6286.197	0.335	-0.579
6286.289	0.335	-0.578
6286.367	0.335	-0.578
6286.445	0.335	-0.578
6286.536	0.335	-0.573
6286.614	0.335	-0.573
6286.706	0.335	-0.570
6286.783	0.335	-0.568
6286.862	0.335	-0.568
6286.953	0.335	-0.568
6287.019	0.335	-0.568
6287.123	0.335	-0.568
6287.200	0.335	-0.568
6287.278	0.335	-0.572
6287.369	0.335	-0.573
6287.447	0.335	-0.572
6287.539	0.335	-0.573
6287.617	0.335	-0.573
6287.695	0.334	-0.573
6287.786	0.334	-0.574
6287.864	0.333	-0.576
6287.956	0.334	-0.577
6288.033	0.332	-0.577
6288.112	0.332	-0.578
6288.203	0.333	-0.578
6288.281	0.333	-0.578
6288.373	0.330	-0.578
6288.450	0.330	-0.578
6288.528	0.330	-0.579
6288.619	0.330	-0.579
6288.697	0.332	-0.579
6288.789	0.330	-0.583
6288.867	0.330	-0.586
6288.945	0.330	-0.585
6289.036	0.330	-0.584
6289.114	0.330	-0.585
6289.206	0.330	-0.583
6289.283	0.330	-0.582
6289.362	0.330	-0.582
6289.453	0.330	-0.582
6289.531	0.330	-0.584
6289.623	0.330	-0.586
6289.700	0.330	-0.587
6289.778	0.330	-0.588
6289.869	0.330	-0.587
6289.947	0.330	-0.588
6290.039	0.330	-0.588
6290.117	0.330	-0.588
6290.195	0.330	-0.588
6290.286	0.330	-0.588
6290.364	0.330	-0.588
6290.456	0.330	-0.588
6290.533	0.330	-0.587
6290.612	0.330	-0.588
6290.703	0.330	-0.587
6290.781	0.330	-0.583
6290.873	0.330	-0.583
6290.950	0.330	-0.580
6291.028	0.329	-0.578
6291.119	0.330	-0.576
6291.197	0.330	-0.574
6291.289	0.330	-0.573
6291.367	0.330	-0.568
6291.445	0.329	-0.568
6291.536	0.328	-0.563
6291.614	0.327	-0.563
6291.706	0.328	-0.563
6291.783	0.326	-0.563
6291.862	0.325	-0.563
6291.953	0.327	-0.563
6292.031	0.327	-0.563
6292.123	0.327	-0.565
6292.200	0.325	-0.566
6292.278	0.325	-0.567
6292.369	0.326	-0.568
6292.447	0.325	-0.568
6292.539	0.325	-0.568
6292.617	0.325	-0.568
6292.695	0.325	-0.568
6292.786	0.325	-0.568
6292.864	0.325	-0.568
6292.956	0.325	-0.567
6293.033	0.325	-0.567
6293.112	0.325	-0.568
6293.203	0.325	-0.568
6293.281	0.325	-0.568
6293.373	0.325	-0.568
6293.450	0.325	-0.569
6293.528	0.325	-0.568
6293.619	0.325	-0.568
6293.697	0.325	-0.568
6293.789	0.325	-0.571
6293.867	0.325	-0.572
6293.945	0.325	-0.573
6294.036	0.324	-0.573
6294.114	0.325	-0.573
6294.206	0.324	-0.575
6294.283	0.325	-0.575
6294.362	0.325	-0.578
6294.453	0.324	-0.578
6294.531	0.325	-0.578
6294.623	0.325	-0.578
6294.700	0.322	-0.575
6294.778	0.323	-0.573
6294.869	0.324	-0.572
6294.947	0.322	-0.570
6295.039	0.322	-0.569
6295.117	0.323	-0.568
6295.195	0.319	-0.569
6295.286	0.320	-0.567
6295.364	0.321	-0.567
6295.456	0.320	-0.565
6295.533	0.319	-0.565
6295.612	0.320	-0.568
6295.703	0.320	-0.568
6295.781	0.319	-0.568
6295.873	0.319	-0.569
6295.950	0.319	-0.571
6296.028	0.319	-0.573
6296.119	0.319	-0.573
6296.197	0.319	-0.573
6296.289	0.319	-0.576
6296.367	0.319	-0.576
6296.445	0.319	-0.577
6296.536	0.319	-0.576
6296.614	0.319	-0.573
6296.706	0.319	-0.572
6296.783	0.319	-0.568
6296.862	0.319	-0.568
6296.953	0.319	-0.565
6297.031	0.319	-0.563
6297.123	0.319	-0.561
6297.200	0.319	-0.557
6297.278	0.319	-0.553
6297.369	0.319	-0.549
6297.447	0.317	-0.548
6297.539	0.319	-0.544
6297.617	0.319	-0.539
6297.695	0.319	-0.536
6297.786	0.318	-0.533
6297.864	0.318	-0.530
6297.956	0.318	-0.527
6298.033	0.317	-0.527
6298.112	0.315	-0.527
6298.203	0.316	-0.527
6298.281	0.316	-0.527
6298.373	0.314	-0.527
6298.450	0.315	-0.527
6298.528	0.314	-0.527
6298.619	0.315	-0.527
6298.697	0.314	-0.527
6298.789	0.314	-0.527
6298.867	0.314	-0.527
6298.945	0.314	-0.527
6299.036	0.314	-0.527
6299.114	0.314	-0.527
6299.206	0.314	-0.527
6299.283	0.314	-0.527
6299.362	0.314	-0.527
6299.453	0.313	-0.527
6299.531	0.314	-0.525
6299.623	0.313	-0.524
6299.700	0.313	-0.522
6299.778	0.313	-0.522
6299.869	0.313	-0.522
6299.947	0.313	-0.522
6300.039	0.312	-0.519
6300.117	0.311	-0.517
6300.195	0.312	-0.515
6300.286	0.310	-0.515
6300.364	0.311	-0.513
6300.456	0.312	-0.512
6300.533	0.310	-0.513
6300.612	0.309	-0.516
6300.703	0.310	-0.517
6300.781	0.311	-0.519
6300.873	0.311	-0.522
6300.950	0.310	-0.524
6301.028	0.309	-0.525
6301.119	0.309	-0.526
6301.197	0.309	-0.527
6301.289	0.309	-0.527
6301.367	0.309	-0.527
6301.445	0.309	-0.528
6301.536	0.309	-0.531
6301.614	0.309	-0.531
6301.706	0.309	-0.531
6301.783	0.309	-0.532
6301.862	0.309	-0.533
6301.953	0.309	-0.537
6302.031	0.309	-0.537
6302.123	0.309	-0.537
6302.200	0.309	-0.538
6302.278	0.309	-0.541
6302.369	0.309	-0.540
6302.447	0.309	-0.542
6302.539	0.309	-0.541
6302.617	0.309	-0.538
6302.695	0.309	-0.537
6302.786	0.309	-0.533
6302.864	0.309	-0.532
6302.956	0.309	-0.530
6303.033	0.309	-0.527
6303.112	0.309	-0.527
6303.203	0.309	-0.527
6303.281	0.309	-0.527
6303.373	0.309	-0.526
6303.450	0.309	-0.525
6303.528	0.309	-0.524
6303.619	0.309	-0.522
6303.697	0.309	-0.522
6303.789	0.308	-0.522
6303.867	0.308	-0.522
6303.945	0.307	-0.525
6304.036	0.307	-0.526
6304.114	0.307	-0.527
6304.206	0.306	-0.527
6304.283	0.305	-0.527
6304.362	0.307	-0.527
6304.453	0.305	-0.527
6304.531	0.304	-0.527
6304.623	0.306	-0.531
6304.700	0.304	-0.535
6304.778	0.304	-0.538
6304.869	0.304	-0.542
6304.947	0.304	-0.546
6305.039	0.304	-0.548
6305.117	0.304	-0.548
6305.195	0.304	-0.552
6305.286	0.304	-0.553
6305.364	0.304	-0.553
6305.456	0.304	-0.556
6305.533	0.304	-0.558
6305.612	0.304	-0.557
6305.703	0.304	-0.555
6305.781	0.304	-0.553
6305.873	0.304	-0.553
6305.950	0.304	-0.553
6306.028	0.304	-0.553
6306.119	0.304	-0.551
6306.197	0.303	-0.548
6306.289	0.304	-0.547
6306.367	0.304	-0.543
6306.445	0.303	-0.538
6306.536	0.302	-0.537
6306.614	0.302	-0.535
6306.706	0.302	-0.530
6306.783	0.302	-0.527
6306.862	0.302	-0.526
6306.953	0.302	-0.525
6307.031	0.301	-0.523
6307.123	0.302	-0.522
6307.200	0.301	-0.522
6307.278	0.302	-0.519
6307.369	0.300	-0.518
6307.447	0.301	-0.512
6307.539	0.299	-0.508
6307.617	0.299	-0.507
6307.695	0.299	-0.507
6307.786	0.299	-0.507
6307.864	0.299	-0.507
6307.956	0.299	-0.503
6308.033	0.299	-0.504
6308.112	0.299	-0.506
6308.203	0.299	-0.507
6308.281	0.299	-0.507
6308.373	0.299	-0.506
6308.450	0.299	-0.505
6308.528	0.299	-0.502
6308.619	0.299	-0.498
6308.697	0.299	-0.497
6308.789	0.299	-0.497
6308.867	0.299	-0.495
6308.945	0.299	-0.496
6309.036	0.299	-0.493
6309.114	0.298	-0.493
6309.206	0.298	-0.491
6309.283	0.298	-0.494
6309.362	0.297	-0.495
6309.453	0.298	-0.497
6309.531	0.299	-0.497
6309.623	0.296	-0.497
6309.700	0.299	-0.497
6309.778	0.298	-0.497
6309.869	0.297	-0.497
6309.947	0.296	-0.497
6310.039	0.295	-0.497
6310.117	0.295	-0.497
6310.195	0.294	-0.500
6310.286	0.294	-0.502
6310.364	0.294	-0.502
6310.456	0.294	-0.502
6310.533	0.294	-0.503
6310.612	0.294	-0.502
6310.703	0.294	-0.502
6310.781	0.294	-0.503
6310.873	0.294	-0.504
6310.950	0.294	-0.507
6311.028	0.294	-0.507
6311.119	0.294	-0.507
6311.197	0.294	-0.508
6311.289	0.294	-0.508
6311.367	0.294	-0.507
6311.445	0.294	-0.506
6311.536	0.293	-0.503
6311.614	0.294	-0.501
6311.706	0.294	-0.500
6311.783	0.294	-0.497
6311.862	0.294	-0.494
6311.953	0.294	-0.491
6312.031	0.294	-0.490
6312.123	0.293	-0.486
6312.200	0.293	-0.486
6312.278	0.293	-0.483
6312.369	0.292	-0.481
6312.447	0.290	-0.477
6312.539	0.291	-0.476
6312.617	0.291	-0.472
6312.695	0.291	-0.471
6312.786	0.290	-0.471
6312.864	0.290	-0.471
6312.956	0.291	-0.474
6313.033	0.290	-0.474
6313.112	0.289	-0.474
6313.203	0.289	-0.474
6313.281	0.291	-0.471
6313.373	0.289	-0.474
6313.450	0.289	-0.475
6313.528	0.289	-0.476
6313.619	0.289	-0.480
6313.697	0.289	-0.482
6313.776	0.289	-0.486
6313.867	0.289	-0.490
6313.945	0.289	-0.491
6314.036	0.289	-0.494
6314.114	0.289	-0.497
6314.206	0.289	-0.499
6314.283	0.289	-0.502
6314.362	0.289	-0.503
6314.453	0.289	-0.507
6314.531	0.289	-0.507
6314.609	0.289	-0.507
6314.700	0.289	-0.507
6314.778	0.289	-0.507
6314.869	0.289	-0.506
6314.947	0.289	-0.503
6315.026	0.289	-0.502
6315.117	0.289	-0.501
6315.195	0.289	-0.501
6315.286	0.289	-0.499
6315.364	0.289	-0.497
6315.456	0.289	-0.497
6315.533	0.289	-0.497
6315.612	0.289	-0.497
6315.703	0.289	-0.497
6315.781	0.289	-0.497
6315.873	0.289	-0.497
6315.950	0.289	-0.497
6316.028	0.289	-0.497
6316.119	0.288	-0.500
6316.197	0.289	-0.502
6316.289	0.287	-0.506
6316.367	0.286	-0.507
6316.445	0.288	-0.507
6316.536	0.287	-0.507
6316.614	0.287	-0.508
6316.706	0.285	-0.512
6316.783	0.285	-0.512
6316.862	0.284	-0.512
6316.953	0.284	-0.511
6317.031	0.284	-0.510
6317.123	0.284	-0.508
6317.200	0.284	-0.508
6317.278	0.284	-0.507
6317.369	0.284	-0.507
6317.447	0.285	-0.507
6317.526	0.284	-0.507
6317.617	0.284	-0.506
6317.695	0.284	-0.503
6317.786	0.284	-0.501
6317.864	0.284	-0.497
6317.942	0.284	-0.494
6318.033	0.284	-0.491
6318.112	0.284	-0.489
6318.203	0.284	-0.486
6318.281	0.284	-0.485
6318.359	0.284	-0.481
6318.450	0.284	-0.480
6318.528	0.284	-0.476
6318.619	0.284	-0.474
6318.697	0.284	-0.472
6318.776	0.284	-0.470
6318.867	0.283	-0.466
6318.945	0.284	-0.466
6319.036	0.282	-0.466
6319.114	0.282	-0.466
6319.192	0.281	-0.466
6319.283	0.279	-0.466
6319.362	0.282	-0.466
6319.453	0.281	-0.466
6319.531	0.280	-0.466
6319.609	0.279	-0.467
6319.700	0.281	-0.466
6319.778	0.280	-0.466
6319.869	0.279	-0.466
6319.947	0.280	-0.466
6320.026	0.279	-0.467
6320.117	0.279	-0.470
6320.195	0.280	-0.470
6320.286	0.280	-0.471
6320.364	0.279	-0.471
6320.442	0.279	-0.471
6320.533	0.279	-0.471
6320.612	0.279	-0.469
6320.703	0.279	-0.468
6320.781	0.279	-0.466
6320.859	0.279	-0.467
6320.950	0.279	-0.466
6321.028	0.279	-0.468
6321.119	0.279	-0.469
6321.197	0.279	-0.471
6321.276	0.279	-0.468
6321.367	0.279	-0.468
6321.445	0.279	-0.467
6321.536	0.279	-0.468
6321.614	0.279	-0.466
6321.692	0.279	-0.467
6321.783	0.279	-0.469
6321.862	0.279	-0.470
6321.953	0.279	-0.471
6322.031	0.279	-0.473
6322.109	0.279	-0.474
6322.200	0.279	-0.475
6322.278	0.277	-0.478
6322.369	0.279	-0.480
6322.447	0.277	-0.485
6322.526	0.277	-0.487
6322.617	0.278	-0.488
6322.695	0.277	-0.491
6322.786	0.278	-0.491
6322.864	0.276	-0.493
6322.942	0.275	-0.497
6323.033	0.277	-0.497
6323.112	0.276	-0.501
6323.203	0.277	-0.502
6323.281	0.274	-0.506
6323.373	0.274	-0.506
6323.450	0.274	-0.507
6323.528	0.274	-0.507
6323.619	0.274	-0.507
6323.697	0.274	-0.507
6323.776	0.274	-0.507
6323.867	0.274	-0.507
6323.945	0.274	-0.505
6324.036	0.274	-0.501
6324.114	0.274	-0.498
6324.192	0.274	-0.494
6324.283	0.274	-0.490
6324.362	0.274	-0.486
6324.453	0.274	-0.485
6324.531	0.274	-0.481
6324.609	0.274	-0.481
6324.700	0.274	-0.479
6324.778	0.274	-0.477
6324.869	0.274	-0.476
6324.947	0.274	-0.476
6325.026	0.273	-0.476
6325.117	0.274	-0.476
6325.195	0.272	-0.480
6325.286	0.272	-0.481
6325.364	0.273	-0.482
6325.442	0.273	-0.486
6325.533	0.273	-0.486
6325.612	0.271	-0.490
6325.703	0.272	-0.491
6325.781	0.270	-0.491
6325.873	0.270	-0.491
6325.950	0.270	-0.491
6326.028	0.270	-0.491
6326.119	0.268	-0.496
6326.197	0.268	-0.497
6326.276	0.268	-0.497
6326.367	0.269	-0.494
6326.445	0.269	-0.492
6326.536	0.269	-0.491
6326.614	0.268	-0.491
6326.692	0.268	-0.488
6326.783	0.268	-0.486
6326.862	0.268	-0.486
6326.953	0.268	-0.486
6327.031	0.268	-0.484
6327.109	0.268	-0.483
6327.200	0.268	-0.481
6327.278	0.268	-0.481
6327.369	0.268	-0.480
6327.447	0.268	-0.477
6327.526	0.268	-0.477
6327.617	0.268	-0.476
6327.695	0.268	-0.472
6327.786	0.268	-0.471
6327.864	0.268	-0.471
6327.942	0.268	-0.471
6328.033	0.268	-0.470
6328.112	0.268	-0.468
6328.203	0.268	-0.466
6328.281	0.268	-0.466
6328.359	0.268	-0.464
6328.450	0.268	-0.462
6328.528	0.268	-0.463
6328.619	0.268	-0.466
6328.697	0.268	-0.466
6328.776	0.268	-0.466
6328.867	0.266	-0.468
6328.945	0.268	-0.471
6329.036	0.264	-0.471
6329.114	0.267	-0.475
6329.192	0.265	-0.476
6329.283	0.267	-0.480
6329.362	0.268	-0.481
6329.453	0.265	-0.482
6329.531	0.263	-0.481
6329.609	0.263	-0.481
6329.700	0.263	-0.481
6329.778	0.264	-0.481
6329.869	0.263	-0.479
6329.947	0.264	-0.477
6330.039	0.263	-0.476
6330.117	0.263	-0.478
6330.195	0.263	-0.480
6330.286	0.263	-0.481
6330.364	0.263	-0.481
6330.442	0.263	-0.482
6330.533	0.263	-0.481
6330.612	0.263	-0.482
6330.703	0.263	-0.481
6330.781	0.263	-0.481
6330.859	0.263	-0.481
6330.950	0.263	-0.483
6331.028	0.263	-0.484
6331.119	0.263	-0.486
6331.197	0.263	-0.486
6331.276	0.263	-0.486
6331.367	0.263	-0.486
6331.445	0.263	-0.484
6331.536	0.263	-0.481
6331.614	0.263	-0.481
6331.692	0.263	-0.481
6331.783	0.263	-0.479
6331.862	0.263	-0.476
6331.953	0.263	-0.477
6332.031	0.263	-0.476
6332.109	0.263	-0.476
6332.200	0.263	-0.476
6332.278	0.263	-0.476
6332.369	0.262	-0.478
6332.447	0.263	-0.479
6332.526	0.263	-0.480
6332.617	0.262	-0.480
6332.695	0.262	-0.480
6332.786	0.262	-0.479
6332.864	0.263	-0.480
6332.942	0.260	-0.481
6333.033	0.262	-0.482
6333.112	0.259	-0.484
6333.203	0.260	-0.486
6333.281	0.260	-0.486
6333.359	0.259	-0.486
6333.450	0.259	-0.488
6333.528	0.259	-0.486
6333.619	0.258	-0.487
6333.697	0.258	-0.486
6333.776	0.258	-0.486
6333.867	0.258	-0.486
6333.945	0.258	-0.486
6334.036	0.258	-0.486
6334.114	0.258	-0.486
6334.192	0.258	-0.486
6334.283	0.258	-0.485
6334.362	0.258	-0.481
6334.453	0.258	-0.478
6334.531	0.258	-0.476
6334.609	0.258	-0.474
6334.700	0.258	-0.471
6334.778	0.258	-0.471
6334.869	0.258	-0.470
6334.947	0.258	-0.471
6335.026	0.258	-0.469
6335.117	0.258	-0.470
6335.195	0.258	-0.470
6335.286	0.258	-0.471
6335.364	0.258	-0.471
6335.442	0.258	-0.474
6335.533	0.258	-0.474
6335.612	0.257	-0.474
6335.703	0.257	-0.476
6335.781	0.257	-0.476
6335.859	0.257	-0.476
6335.950	0.255	-0.476
6336.028	0.257	-0.478
6336.119	0.256	-0.478
6336.197	0.256	-0.478
6336.276	0.257	-0.476
6336.367	0.257	-0.475
6336.445	0.257	-0.471
6336.536	0.256	-0.471
6336.614	0.254	-0.468
6336.692	0.254	-0.469
6336.783	0.256	-0.466
6336.862	0.253	-0.466
6336.953	0.254	-0.466
6337.031	0.253	-0.465
6337.109	0.253	-0.461
6337.200	0.253	-0.463
6337.278	0.253	-0.465
6337.369	0.253	-0.466
6337.447	0.253	-0.467
6337.526	0.253	-0.470
6337.617	0.253	-0.471
6337.695	0.253	-0.476
6337.786	0.253	-0.476
6337.864	0.253	-0.479
6337.942	0.253	-0.481
6338.033	0.253	-0.484
6338.112	0.253	-0.486
6338.203	0.253	-0.486
6338.281	0.253	-0.487
6338.359	0.253	-0.490
6338.450	0.253	-0.490
6338.528	0.253	-0.491
6338.619	0.253	-0.491
6338.697	0.252	-0.491
6338.776	0.252	-0.491
6338.867	0.251	-0.491
6338.945	0.253	-0.486
6339.036	0.252	-0.486
6339.114	0.252	-0.486
6339.192	0.251	-0.484
6339.283	0.252	-0.479
6339.362	0.251	-0.476
6339.453	0.251	-0.471
6339.531	0.251	-0.469
6339.609	0.251	-0.466
6339.700	0.250	-0.466
6339.778	0.250	-0.464
6339.869	0.248	-0.466
6339.947	0.250	-0.466
6340.026	0.249	-0.466
6340.117	0.248	-0.465
6340.195	0.249	-0.465
6340.286	0.248	-0.464
6340.364	0.248	-0.466
6340.442	0.250	-0.466
6340.533	0.248	-0.466
6340.612	0.248	-0.469
6340.703	0.248	-0.469
6340.781	0.250	-0.466
6340.859	0.248	-0.468
6340.950	0.248	-0.467
6341.028	0.248	-0.470
6341.119	0.248	-0.471
6341.197	0.248	-0.471
6341.276	0.248	-0.471
6341.367	0.248	-0.472
6341.445	0.248	-0.471
6341.536	0.248	-0.471
6341.614	0.248	-0.471
6341.692	0.248	-0.470
6341.783	0.248	-0.467
6341.862	0.248	-0.466
6341.953	0.248	-0.466
6342.031	0.248	-0.465
6342.109	0.248	-0.464
6342.200	0.248	-0.466
6342.278	0.248	-0.466
6342.369	0.248	-0.467
6342.447	0.248	-0.469
6342.526	0.248	-0.471
6342.617	0.248	-0.471
6342.695	0.248	-0.471
6342.786	0.248	-0.474
6342.864	0.248	-0.476
6342.942	0.248	-0.477
6343.033	0.248	-0.476
6343.112	0.247	-0.475
6343.203	0.247	-0.475
6343.281	0.248	-0.473
6343.359	0.247	-0.471
6343.450	0.248	-0.471
6343.528	0.247	-0.471
6343.619	0.247	-0.466
6343.697	0.247	-0.466
6343.776	0.245	-0.466
6343.867	0.245	-0.463
6343.945	0.245	-0.461
6344.036	0.243	-0.458
6344.114	0.245	-0.456
6344.192	0.244	-0.453
6344.283	0.246	-0.451
6344.362	0.243	-0.446
6344.453	0.243	-0.443
6344.531	0.244	-0.440
6344.609	0.245	-0.435
6344.700	0.243	-0.432
6344.778	0.243	-0.431
6344.869	0.243	-0.425
6344.947	0.243	-0.426
6345.026	0.243	-0.425
6345.117	0.243	-0.425
6345.195	0.243	-0.425
6345.286	0.243	-0.425
6345.364	0.243	-0.425
6345.442	0.243	-0.425
6345.533	0.243	-0.425
6345.612	0.243	-0.425
6345.703	0.243	-0.425
6345.781	0.243	-0.425
6345.859	0.243	-0.425
6345.950	0.243	-0.425
6346.028	0.243	-0.425
6346.119	0.243	-0.425
6346.197	0.243	-0.425
6346.276	0.243	-0.425
6346.367	0.243	-0.426
6346.445	0.243	-0.427
6346.536	0.243	-0.430
6346.614	0.243	-0.430
6346.692	0.243	-0.435
6346.783	0.243	-0.438
6346.862	0.242	-0.441
6346.953	0.243	-0.446
6347.031	0.242	-0.446
6347.109	0.240	-0.446
6347.200	0.240	-0.446
6347.278	0.241	-0.448
6347.369	0.241	-0.449
6347.447	0.241	-0.446
6347.526	0.240	-0.446
6347.617	0.241	-0.445
6347.695	0.242	-0.444
6347.786	0.240	-0.440
6347.864	0.240	-0.440
6347.942	0.238	-0.440
6348.033	0.239	-0.440
6348.112	0.240	-0.440
6348.203	0.239	-0.438
6348.281	0.239	-0.436
6348.359	0.238	-0.435
6348.450	0.238	-0.434
6348.528	0.239	-0.431
6348.619	0.238	-0.430
6348.697	0.238	-0.430
6348.776	0.238	-0.430
6348.867	0.238	-0.430
6348.945	0.238	-0.430
6349.036	0.238	-0.430
6349.114	0.238	-0.431
6349.192	0.238	-0.435
6349.283	0.238	-0.435
6349.362	0.238	-0.435
6349.453	0.238	-0.436
6349.531	0.238	-0.435
6349.609	0.238	-0.435
6349.700	0.238	-0.435
6349.778	0.238	-0.438
6349.869	0.238	-0.440
6349.947	0.238	-0.441
6350.026	0.238	-0.446
6350.117	0.238	-0.446
6350.195	0.238	-0.446
6350.286	0.238	-0.446
6350.364	0.238	-0.446
6350.442	0.238	-0.446
6350.533	0.238	-0.441
6350.612	0.237	-0.440
6350.703	0.237	-0.440
6350.781	0.236	-0.436
6350.859	0.238	-0.435
6350.950	0.237	-0.434
6351.028	0.235	-0.435
6351.119	0.237	-0.433
6351.197	0.235	-0.430
6351.276	0.237	-0.430
6351.367	0.235	-0.429
6351.445	0.234	-0.425
6351.536	0.235	-0.425
6351.614	0.234	-0.425
6351.692	0.233	-0.424
6351.783	0.234	-0.423
6351.862	0.234	-0.421
6351.953	0.234	-0.420
6352.031	0.233	-0.420
6352.109	0.233	-0.423
6352.200	0.234	-0.424
6352.278	0.233	-0.425
6352.369	0.233	-0.425
6352.447	0.233	-0.425
6352.526	0.233	-0.425
6352.617	0.233	-0.425
6352.695	0.233	-0.425
6352.786	0.233	-0.425
6352.864	0.233	-0.428
6352.942	0.233	-0.429
6353.033	0.233	-0.431
6353.112	0.233	-0.430
6353.203	0.233	-0.431
6353.281	0.233	-0.432
6353.359	0.233	-0.435
6353.450	0.233	-0.435
6353.528	0.233	-0.435
6353.619	0.232	-0.435
6353.697	0.232	-0.435
6353.776	0.233	-0.435
6353.867	0.233	-0.436
6353.945	0.233	-0.440
6354.036	0.232	-0.440
6354.114	0.232	-0.444
6354.192	0.231	-0.443
6354.283	0.230	-0.440
6354.362	0.230	-0.440
6354.453	0.231	-0.440
6354.531	0.229	-0.440
6354.609	0.228	-0.440
6354.700	0.229	-0.444
6354.778	0.229	-0.445
6354.869	0.228	-0.446
6354.947	0.229	-0.450
6355.026	0.228	-0.451
6355.117	0.229	-0.452
6355.195	0.228	-0.452
6355.286	0.229	-0.452
6355.364	0.228	-0.451
6355.442	0.228	-0.453
6355.533	0.228	-0.450
6355.612	0.228	-0.446
6355.703	0.228	-0.446
6355.781	0.228	-0.441
6355.859	0.228	-0.440
6355.950	0.228	-0.437
6356.028	0.228	-0.432
6356.119	0.228	-0.430
6356.197	0.228	-0.430
6356.276	0.228	-0.427
6356.367	0.228	-0.425
6356.445	0.228	-0.425
6356.536	0.228	-0.425
6356.614	0.228	-0.425
6356.692	0.228	-0.422
6356.783	0.228	-0.418
6356.862	0.228	-0.417
6356.953	0.228	-0.415
6357.031	0.228	-0.415
6357.109	0.228	-0.415
6357.200	0.228	-0.414
6357.278	0.228	-0.414
6357.369	0.228	-0.411
6357.447	0.228	-0.411
6357.526	0.228	-0.409
6357.617	0.228	-0.407
6357.695	0.228	-0.408
6357.786	0.228	-0.407
6357.864	0.228	-0.408
6357.942	0.228	-0.405
6358.033	0.228	-0.405
6358.112	0.228	-0.405
6358.203	0.228	-0.403
6358.281	0.228	-0.400
6358.359	0.228	-0.400
6358.450	0.228	-0.398
6358.528	0.228	-0.398
6358.619	0.228	-0.400
6358.697	0.226	-0.398
6358.776	0.226	-0.398
6358.867	0.227	-0.398
6358.945	0.223	-0.400
6359.036	0.225	-0.403
6359.114	0.225	-0.405
6359.192	0.226	-0.405
6359.283	0.225	-0.407
6359.362	0.225	-0.410
6359.453	0.223	-0.410
6359.531	0.225	-0.411
6359.609	0.223	-0.411
6359.700	0.224	-0.412
6359.778	0.223	-0.415
6359.869	0.224	-0.410
6359.947	0.223	-0.411
6360.026	0.223	-0.410
6360.117	0.223	-0.409
6360.195	0.223	-0.408
6360.286	0.223	-0.406
6360.364	0.223	-0.405
6360.442	0.223	-0.405
6360.533	0.223	-0.405
6360.612	0.223	-0.405
6360.703	0.223	-0.405
6360.781	0.223	-0.405
6360.859	0.223	-0.406
6360.950	0.223	-0.405
6361.028	0.223	-0.405
6361.119	0.223	-0.405
6361.197	0.223	-0.406
6361.276	0.223	-0.407
6361.367	0.223	-0.410
6361.445	0.223	-0.410
6361.523	0.223	-0.410
6361.614	0.223	-0.410
6361.692	0.223	-0.412
6361.783	0.223	-0.413
6361.862	0.223	-0.415
6361.953	0.220	-0.416
6362.031	0.223	-0.417
6362.109	0.223	-0.420
6362.200	0.222	-0.422
6362.278	0.222	-0.424
6362.369	0.223	-0.425
6362.447	0.223	-0.427
6362.526	0.221	-0.429
6362.617	0.222	-0.433
6362.695	0.221	-0.435
6362.773	0.219	-0.438
6362.864	0.219	-0.440
6362.942	0.219	-0.440
6363.033	0.218	-0.440
6363.112	0.218	-0.440
6363.203	0.218	-0.440
6363.281	0.219	-0.440
6363.359	0.220	-0.439
6363.450	0.218	-0.436
6363.528	0.217	-0.435
6363.606	0.218	-0.435
6363.697	0.218	-0.430
6363.776	0.218	-0.430
6363.867	0.218	-0.426
6363.945	0.217	-0.423
6364.036	0.217	-0.420
6364.114	0.217	-0.416
6364.192	0.217	-0.415
6364.283	0.217	-0.415
6364.362	0.217	-0.412
6364.440	0.217	-0.412
6364.531	0.217	-0.414
6364.609	0.217	-0.415
6364.700	0.217	-0.415
6364.778	0.217	-0.416
6364.856	0.217	-0.418
6364.947	0.217	-0.418
6365.026	0.217	-0.418
6365.117	0.217	-0.420
6365.195	0.217	-0.420
6365.273	0.217	-0.420
6365.364	0.217	-0.420
6365.442	0.217	-0.420
6365.533	0.217	-0.418
6365.612	0.217	-0.416
6365.703	0.216	-0.415
6365.781	0.217	-0.412
6365.859	0.217	-0.413
6365.950	0.215	-0.414
6366.028	0.217	-0.414
6366.119	0.215	-0.414
6366.197	0.214	-0.415
6366.276	0.214	-0.416
6366.367	0.214	-0.416
6366.445	0.215	-0.415
6366.523	0.213	-0.418
6366.614	0.215	-0.420
6366.692	0.214	-0.425
6366.783	0.212	-0.425
6366.862	0.212	-0.426
6366.953	0.214	-0.427
6367.031	0.213	-0.430
6367.109	0.213	-0.429
6367.200	0.212	-0.426
6367.278	0.213	-0.425
6367.369	0.212	-0.425
6367.447	0.212	-0.425
6367.526	0.212	-0.424
6367.617	0.212	-0.424
6367.695	0.212	-0.423
6367.786	0.212	-0.420
6367.864	0.212	-0.421
6367.942	0.212	-0.420
6368.033	0.212	-0.420
6368.112	0.212	-0.416
6368.203	0.212	-0.414
6368.281	0.212	-0.412
6368.359	0.212	-0.410
6368.450	0.212	-0.410
6368.528	0.212	-0.407
6368.606	0.212	-0.405
6368.697	0.212	-0.404
6368.776	0.212	-0.401
6368.867	0.212	-0.397
6368.945	0.212	-0.395
6369.036	0.212	-0.391
6369.114	0.212	-0.390
6369.192	0.212	-0.390
6369.283	0.212	-0.387
6369.362	0.211	-0.388
6369.453	0.211	-0.389
6369.531	0.209	-0.390
6369.609	0.210	-0.390
6369.700	0.210	-0.390
6369.778	0.211	-0.390
6369.869	0.211	-0.390
6369.947	0.209	-0.390
6370.026	0.209	-0.393
6370.117	0.210	-0.395
6370.195	0.207	-0.395
6370.286	0.207	-0.395
6370.364	0.207	-0.400
6370.442	0.208	-0.400
6370.507	0.208	-0.403
6370.612	0.208	-0.405
6370.690	0.207	-0.405
6370.781	0.207	-0.405
6370.859	0.207	-0.406
6370.950	0.207	-0.408
6371.028	0.207	-0.411
6371.119	0.207	-0.414
6371.197	0.207	-0.415
6371.276	0.208	-0.416
6371.367	0.207	-0.420
6371.445	0.207	-0.420
6371.523	0.207	-0.421
6371.614	0.207	-0.421
6371.692	0.208	-0.420
6371.783	0.207	-0.420
6371.862	0.207	-0.421
6371.953	0.207	-0.420
6372.031	0.207	-0.419
6372.109	0.207	-0.419
6372.200	0.207	-0.421
6372.278	0.207	-0.424
6372.369	0.207	-0.425
6372.447	0.207	-0.425
6372.526	0.207	-0.429
6372.617	0.207	-0.431
6372.695	0.207	-0.435
6372.773	0.207	-0.436
6372.864	0.207	-0.438
6372.942	0.207	-0.440
6373.033	0.206	-0.441
6373.112	0.207	-0.446
6373.203	0.207	-0.446
6373.281	0.207	-0.446
6373.359	0.207	-0.450
6373.450	0.207	-0.451
6373.528	0.206	-0.451
6373.619	0.206	-0.451
6373.697	0.206	-0.450
6373.776	0.206	-0.451
6373.867	0.207	-0.451
6373.945	0.206	-0.451
6374.036	0.206	-0.450
6374.114	0.205	-0.451
6374.192	0.205	-0.451
6374.283	0.203	-0.451
6374.362	0.204	-0.451
6374.453	0.205	-0.451
6374.531	0.205	-0.446
6374.609	0.204	-0.446
6374.700	0.204	-0.445
6374.778	0.204	-0.440
6374.869	0.202	-0.440
6374.947	0.204	-0.438
6375.026	0.202	-0.435
6375.117	0.202	-0.433
6375.195	0.202	-0.429
6375.273	0.202	-0.425
6375.364	0.202	-0.418
6375.442	0.202	-0.412
6375.533	0.203	-0.407
6375.612	0.202	-0.405
6375.690	0.202	-0.405
6375.781	0.202	-0.401
6375.859	0.202	-0.400
6375.950	0.202	-0.399
6376.028	0.202	-0.395
6376.106	0.202	-0.395
6376.197	0.202	-0.394
6376.276	0.202	-0.394
6376.367	0.202	-0.394
6376.445	0.202	-0.395
6376.536	0.202	-0.395
6376.614	0.202	-0.396
6376.692	0.202	-0.395
6376.783	0.202	-0.397
6376.862	0.202	-0.400
6376.940	0.202	-0.400
6377.031	0.202	-0.400
6377.109	0.202	-0.401
6377.200	0.202	-0.405
6377.278	0.202	-0.405
6377.356	0.202	-0.405
6377.447	0.202	-0.405
6377.526	0.202	-0.407
6377.617	0.200	-0.405
6377.695	0.201	-0.409
6377.773	0.201	-0.409
6377.864	0.200	-0.410
6377.942	0.201	-0.410
6378.033	0.200	-0.415
6378.112	0.200	-0.415
6378.190	0.200	-0.415
6378.281	0.200	-0.415
6378.359	0.198	-0.415
6378.450	0.198	-0.415
6378.528	0.198	-0.415
6378.619	0.200	-0.415
6378.697	0.198	-0.415
6378.776	0.198	-0.414
6378.867	0.198	-0.415
6378.945	0.198	-0.415
6379.023	0.197	-0.415
6379.114	0.198	-0.417
6379.192	0.197	-0.417
6379.283	0.197	-0.416
6379.362	0.197	-0.416
6379.453	0.198	-0.415
6379.531	0.197	-0.415
6379.609	0.198	-0.411
6379.700	0.197	-0.410
6379.778	0.198	-0.408
6379.856	0.197	-0.405
6379.947	0.197	-0.405
6380.026	0.197	-0.401
6380.117	0.197	-0.400
6380.195	0.197	-0.400
6380.286	0.197	-0.401
6380.364	0.197	-0.401
6380.442	0.197	-0.401
6380.533	0.197	-0.404
6380.612	0.197	-0.405
6380.690	0.197	-0.404
6380.781	0.197	-0.405
6380.859	0.197	-0.405
6380.950	0.197	-0.405
6381.028	0.197	-0.405
6381.106	0.197	-0.405
6381.197	0.197	-0.405
6381.276	0.197	-0.407
6381.367	0.197	-0.409
6381.445	0.197	-0.410
6381.523	0.197	-0.412
6381.614	0.197	-0.414
6381.692	0.197	-0.415
6381.783	0.197	-0.415
6381.862	0.197	-0.415
6381.940	0.197	-0.415
6382.031	0.196	-0.415
6382.109	0.195	-0.415
6382.200	0.195	-0.415
6382.278	0.197	-0.415
6382.369	0.197	-0.413
6382.447	0.196	-0.412
6382.526	0.197	-0.410
6382.617	0.196	-0.410
6382.695	0.196	-0.409
6382.773	0.197	-0.405
6382.864	0.194	-0.405
6382.942	0.194	-0.404
6383.033	0.195	-0.402
6383.112	0.195	-0.401
6383.203	0.194	-0.401
6383.281	0.194	-0.401
6383.359	0.194	-0.400
6383.450	0.194	-0.398
6383.528	0.193	-0.395
6383.606	0.193	-0.391
6383.697	0.195	-0.390
6383.776	0.192	-0.384
6383.867	0.192	-0.384
6383.945	0.192	-0.380
6384.023	0.192	-0.379
6384.114	0.192	-0.377
6384.192	0.192	-0.374
6384.283	0.192	-0.374
6384.362	0.192	-0.370
6384.440	0.192	-0.370
6384.531	0.192	-0.369
6384.609	0.192	-0.369
6384.700	0.192	-0.368
6384.778	0.192	-0.369
6384.869	0.192	-0.371
6384.947	0.192	-0.373
6385.026	0.192	-0.373
6385.117	0.192	-0.374
6385.195	0.191	-0.374
6385.273	0.192	-0.374
6385.364	0.192	-0.374
6385.442	0.190	-0.374
6385.533	0.192	-0.373
6385.612	0.191	-0.369
6385.690	0.191	-0.369
6385.781	0.190	-0.369
6385.859	0.192	-0.368
6385.950	0.190	-0.367
6386.028	0.189	-0.367
6386.119	0.190	-0.366
6386.197	0.190	-0.368
6386.276	0.190	-0.369
6386.367	0.189	-0.372
6386.445	0.189	-0.370
6386.523	0.189	-0.373
6386.614	0.189	-0.371
6386.692	0.187	-0.369
6386.783	0.187	-0.369
6386.862	0.188	-0.372
6386.940	0.187	-0.370
6387.031	0.188	-0.373
6387.109	0.187	-0.371
6387.200	0.188	-0.370
6387.278	0.187	-0.368
6387.356	0.187	-0.364
6387.447	0.187	-0.364
6387.526	0.188	-0.363
6387.617	0.188	-0.360
6387.695	0.187	-0.359
6387.786	0.187	-0.358
6387.864	0.187	-0.356
6387.942	0.187	-0.354
6388.033	0.187	-0.354
6388.112	0.187	-0.354
6388.190	0.187	-0.357
6388.281	0.187	-0.358
6388.359	0.187	-0.359
6388.450	0.187	-0.359
6388.528	0.187	-0.361
6388.619	0.187	-0.364
6388.697	0.187	-0.364
6388.776	0.187	-0.366
6388.867	0.187	-0.370
6388.945	0.187	-0.373
6389.023	0.187	-0.376
6389.114	0.187	-0.379
6389.192	0.187	-0.384
6389.283	0.187	-0.384
6389.362	0.187	-0.387
6389.440	0.187	-0.390
6389.531	0.187	-0.390
6389.609	0.187	-0.393
6389.700	0.187	-0.395
6389.778	0.187	-0.395
6389.869	0.187	-0.395
6389.947	0.187	-0.395
6390.026	0.187	-0.395
6390.117	0.187	-0.395
6390.195	0.185	-0.395
6390.273	0.185	-0.395
6390.364	0.184	-0.395
6390.442	0.184	-0.393
6390.533	0.186	-0.394
6390.612	0.184	-0.394
6390.690	0.182	-0.393
6390.781	0.184	-0.393
6390.859	0.184	-0.392
6390.950	0.183	-0.390
6391.028	0.184	-0.390
6391.119	0.184	-0.388
6391.197	0.183	-0.389
6391.276	0.183	-0.386
6391.367	0.183	-0.384
6391.445	0.183	-0.384
6391.523	0.182	-0.384
6391.614	0.183	-0.381
6391.692	0.182	-0.377
6391.783	0.182	-0.375
6391.862	0.182	-0.374
6391.953	0.182	-0.373
6392.031	0.183	-0.370
6392.109	0.182	-0.369
6392.200	0.182	-0.369
6392.278	0.182	-0.368
6392.356	0.182	-0.369
6392.447	0.182	-0.369
6392.526	0.182	-0.369
6392.617	0.182	-0.370
6392.695	0.182	-0.373
6392.773	0.182	-0.374
6392.864	0.182	-0.373
6392.942	0.182	-0.374
6393.033	0.182	-0.374
6393.112	0.182	-0.374
6393.190	0.182	-0.374
6393.281	0.182	-0.375
6393.359	0.182	-0.375
6393.450	0.182	-0.378
6393.528	0.182	-0.379
6393.606	0.182	-0.383
6393.697	0.182	-0.384
6393.776	0.182	-0.385
6393.867	0.182	-0.385
6393.945	0.182	-0.384
6394.023	0.182	-0.383
6394.114	0.182	-0.378
6394.192	0.182	-0.375
6394.283	0.182	-0.374
6394.362	0.182	-0.373
6394.440	0.182	-0.371
6394.531	0.182	-0.369
6394.609	0.181	-0.369
6394.700	0.182	-0.369
6394.778	0.181	-0.369
6394.856	0.182	-0.370
6394.947	0.181	-0.370
6395.026	0.181	-0.373
6395.117	0.181	-0.373
6395.195	0.180	-0.373
6395.273	0.182	-0.369
6395.364	0.179	-0.369
6395.442	0.178	-0.370
6395.533	0.178	-0.369
6395.612	0.179	-0.373
6395.690	0.179	-0.374
6395.781	0.179	-0.374
6395.859	0.178	-0.374
6395.950	0.178	-0.377
6396.028	0.177	-0.378
6396.106	0.177	-0.379
6396.197	0.178	-0.379
6396.276	0.178	-0.382
6396.367	0.177	-0.384
6396.445	0.177	-0.384
6396.523	0.177	-0.384
6396.614	0.177	-0.384
6396.692	0.177	-0.384
6396.783	0.177	-0.384
6396.862	0.177	-0.384
6396.940	0.177	-0.384
6397.031	0.177	-0.384
6397.109	0.177	-0.384
6397.200	0.177	-0.383
6397.278	0.177	-0.380
6397.356	0.177	-0.379
6397.447	0.177	-0.378
6397.526	0.177	-0.379
6397.617	0.177	-0.376
6397.695	0.177	-0.374
6397.773	0.177	-0.374
6397.864	0.177	-0.372
6397.942	0.177	-0.369
6398.033	0.177	-0.367
6398.112	0.177	-0.364
6398.190	0.177	-0.364
6398.281	0.176	-0.364
6398.359	0.177	-0.363
6398.450	0.176	-0.363
6398.528	0.177	-0.361
6398.606	0.176	-0.361
6398.697	0.176	-0.364
6398.776	0.176	-0.363
6398.867	0.176	-0.362
6398.945	0.176	-0.360
6399.023	0.176	-0.359
6399.114	0.176	-0.359
6399.192	0.173	-0.361
6399.283	0.175	-0.361
6399.362	0.172	-0.361
6399.440	0.175	-0.361
6399.531	0.172	-0.363
6399.609	0.173	-0.364
6399.700	0.172	-0.364
6399.778	0.172	-0.367
6399.856	0.172	-0.370
6399.947	0.172	-0.373
6400.026	0.172	-0.378
6400.117	0.172	-0.381
6400.195	0.172	-0.384
6400.273	0.172	-0.384
6400.364	0.172	-0.388
6400.442	0.172	-0.390
6400.533	0.172	-0.391
6400.612	0.172	-0.393
6400.690	0.172	-0.395
6400.781	0.172	-0.395
6400.859	0.172	-0.394
6400.950	0.172	-0.390
6401.028	0.172	-0.390
6401.106	0.172	-0.387
6401.197	0.172	-0.384
6401.276	0.172	-0.384
6401.367	0.172	-0.384
6401.445	0.172	-0.384
6401.523	0.172	-0.384
6401.614	0.172	-0.384
6401.692	0.172	-0.384
6401.783	0.172	-0.379
6401.862	0.172	-0.379
6401.940	0.172	-0.379
6402.031	0.172	-0.375
6402.109	0.172	-0.374
6402.200	0.172	-0.374
6402.278	0.171	-0.373
6402.356	0.172	-0.371
6402.447	0.171	-0.369
6402.526	0.172	-0.369
6402.617	0.171	-0.369
6402.695	0.171	-0.369
6402.773	0.171	-0.369
6402.864	0.169	-0.369
6402.942	0.170	-0.369
6403.033	0.172	-0.369
6403.112	0.170	-0.369
6403.190	0.171	-0.369
6403.281	0.167	-0.371
6403.359	0.170	-0.373
6403.450	0.167	-0.374
6403.528	0.169	-0.375
6403.606	0.167	-0.378
6403.697	0.168	-0.379
6403.776	0.169	-0.381
6403.867	0.168	-0.380
6403.945	0.167	-0.380
6404.023	0.169	-0.380
6404.114	0.168	-0.380
6404.192	0.166	-0.380
6404.283	0.167	-0.381
6404.362	0.168	-0.382
6404.440	0.166	-0.381
6404.531	0.166	-0.379
6404.609	0.166	-0.379
6404.700	0.166	-0.379
6404.778	0.168	-0.379
6404.856	0.167	-0.379
6404.947	0.166	-0.383
6405.026	0.166	-0.380
6405.117	0.166	-0.380
6405.195	0.166	-0.379
6405.273	0.166	-0.380
6405.364	0.166	-0.379
6405.442	0.166	-0.378
6405.533	0.166	-0.376
6405.612	0.166	-0.378
6405.690	0.166	-0.379
6405.781	0.166	-0.379
6405.859	0.166	-0.381
6405.950	0.166	-0.384
6406.028	0.166	-0.384
6406.106	0.166	-0.384
6406.197	0.166	-0.384
6406.276	0.166	-0.384
6406.354	0.166	-0.389
6406.445	0.166	-0.390
6406.523	0.166	-0.390
6406.614	0.166	-0.390
6406.692	0.166	-0.390
6406.783	0.166	-0.390
6406.862	0.166	-0.390
6406.940	0.166	-0.387
6407.031	0.166	-0.385
6407.109	0.166	-0.383
6407.200	0.166	-0.379
6407.278	0.166	-0.378
6407.356	0.166	-0.376
6407.447	0.166	-0.374
6407.526	0.166	-0.372
6407.617	0.166	-0.369
6407.695	0.166	-0.365
6407.773	0.166	-0.364
6407.864	0.165	-0.364
6407.942	0.165	-0.359
6408.033	0.164	-0.359
6408.112	0.165	-0.355
6408.190	0.163	-0.354
6408.281	0.164	-0.353
6408.359	0.165	-0.353
6408.450	0.163	-0.354
6408.528	0.163	-0.353
6408.606	0.161	-0.351
6408.697	0.164	-0.349
6408.776	0.162	-0.350
6408.867	0.162	-0.349
6408.945	0.161	-0.350
6409.023	0.163	-0.350
6409.114	0.163	-0.350
6409.192	0.161	-0.349
6409.283	0.161	-0.349
6409.362	0.161	-0.349
6409.440	0.162	-0.349
6409.531	0.161	-0.349
6409.609	0.161	-0.349
6409.700	0.161	-0.349
6409.778	0.161	-0.349
6409.856	0.161	-0.349
6409.947	0.161	-0.350
6410.026	0.161	-0.353
6410.117	0.161	-0.354
6410.195	0.161	-0.355
6410.273	0.161	-0.357
6410.364	0.161	-0.359
6410.442	0.161	-0.359
6410.521	0.161	-0.359
6410.612	0.161	-0.358
6410.690	0.161	-0.359
6410.781	0.161	-0.361
6410.859	0.161	-0.364
6410.950	0.161	-0.364
6411.028	0.161	-0.368
6411.106	0.161	-0.369
6411.197	0.161	-0.371
6411.276	0.161	-0.371
6411.367	0.161	-0.373
6411.445	0.161	-0.371
6411.523	0.161	-0.370
6411.614	0.161	-0.369
6411.692	0.161	-0.369
6411.783	0.161	-0.370
6411.862	0.161	-0.369
6411.940	0.161	-0.369
6412.031	0.161	-0.369
6412.109	0.161	-0.369
6412.200	0.161	-0.367
6412.278	0.161	-0.364
6412.356	0.161	-0.362
6412.447	0.161	-0.359
6412.526	0.159	-0.356
6412.617	0.160	-0.354
6412.695	0.160	-0.350
6412.773	0.160	-0.349
6412.864	0.161	-0.348
6412.942	0.160	-0.344
6413.033	0.160	-0.344
6413.112	0.158	-0.344
6413.190	0.159	-0.344
6413.281	0.159	-0.347
6413.359	0.156	-0.349
6413.450	0.156	-0.349
6413.528	0.156	-0.349
6413.606	0.156	-0.351
6413.697	0.158	-0.353
6413.776	0.157	-0.356
6413.867	0.157	-0.359
6413.945	0.157	-0.360
6414.023	0.156	-0.361
6414.114	0.156	-0.364
6414.192	0.156	-0.364
6414.283	0.156	-0.364
6414.362	0.157	-0.364
6414.440	0.158	-0.364
6414.531	0.156	-0.364
6414.609	0.156	-0.361
6414.700	0.156	-0.359
6414.778	0.156	-0.356
6414.856	0.156	-0.354
6414.947	0.156	-0.351
6415.026	0.156	-0.349
6415.117	0.156	-0.349
6415.195	0.156	-0.349
6415.273	0.156	-0.346
6415.364	0.156	-0.344
6415.442	0.156	-0.344
6415.521	0.156	-0.344
6415.612	0.156	-0.344
6415.690	0.156	-0.344
6415.781	0.156	-0.347
6415.859	0.156	-0.350
6415.937	0.156	-0.354
6416.028	0.156	-0.357
6416.106	0.156	-0.361
6416.197	0.156	-0.364
6416.276	0.156	-0.364
6416.367	0.156	-0.366
6416.445	0.156	-0.368
6416.523	0.156	-0.370
6416.614	0.156	-0.371
6416.692	0.156	-0.370
6416.771	0.156	-0.373
6416.862	0.155	-0.371
6416.940	0.156	-0.373
6417.031	0.155	-0.374
6417.109	0.156	-0.374
6417.200	0.155	-0.374
6417.278	0.155	-0.374
6417.356	0.155	-0.374
6417.447	0.156	-0.374
6417.526	0.155	-0.371
6417.617	0.155	-0.368
6417.695	0.155	-0.366
6417.773	0.155	-0.364
6417.864	0.155	-0.361
6417.942	0.154	-0.359
6418.021	0.153	-0.356
6418.112	0.155	-0.354
6418.190	0.155	-0.354
6418.281	0.152	-0.351
6418.359	0.153	-0.349
6418.450	0.151	-0.346
6418.528	0.153	-0.344
6418.606	0.152	-0.344
6418.697	0.153	-0.343
6418.776	0.152	-0.344
6418.867	0.151	-0.344
6418.945	0.151	-0.344
6419.023	0.151	-0.344
6419.114	0.152	-0.344
6419.192	0.151	-0.346
6419.271	0.151	-0.350
6419.362	0.151	-0.355
6419.440	0.151	-0.357
6419.531	0.151	-0.361
6419.609	0.151	-0.364
6419.700	0.151	-0.364
6419.778	0.151	-0.367
6419.856	0.151	-0.367
6419.947	0.151	-0.367
6420.026	0.151	-0.366
6420.104	0.151	-0.364
6420.195	0.151	-0.364
6420.273	0.151	-0.364
6420.364	0.150	-0.364
6420.442	0.151	-0.361
6420.533	0.151	-0.359
6420.612	0.151	-0.358
6420.690	0.151	-0.355
6420.781	0.151	-0.354
6420.859	0.151	-0.352
6420.950	0.151	-0.350
6421.028	0.149	-0.349
6421.106	0.149	-0.349
6421.197	0.151	-0.344
6421.276	0.150	-0.344
6421.367	0.149	-0.344
6421.445	0.149	-0.340
6421.523	0.149	-0.339
6421.614	0.149	-0.334
6421.692	0.147	-0.333
6421.771	0.149	-0.333
6421.862	0.148	-0.333
6421.940	0.148	-0.333
6422.031	0.148	-0.333
6422.109	0.148	-0.333
6422.200	0.148	-0.333
6422.278	0.147	-0.337
6422.356	0.147	-0.338
6422.447	0.147	-0.339
6422.526	0.146	-0.344
6422.604	0.147	-0.344
6422.695	0.146	-0.344
6422.773	0.146	-0.344
6422.864	0.147	-0.344
6422.942	0.146	-0.344
6423.033	0.146	-0.344
6423.112	0.146	-0.342
6423.190	0.146	-0.339
6423.281	0.146	-0.337
6423.359	0.146	-0.334
6423.450	0.146	-0.336
6423.528	0.146	-0.334
6423.606	0.146	-0.333
6423.697	0.146	-0.334
6423.776	0.146	-0.335
6423.854	0.146	-0.337
6423.945	0.146	-0.339
6424.023	0.146	-0.339
6424.114	0.146	-0.343
6424.192	0.146	-0.344
6424.283	0.146	-0.344
6424.362	0.146	-0.344
6424.440	0.146	-0.344
6424.531	0.146	-0.344
6424.609	0.146	-0.344
6424.700	0.146	-0.344
6424.778	0.146	-0.342
6424.856	0.146	-0.339
6424.947	0.146	-0.338
6425.026	0.146	-0.335
6425.104	0.146	-0.333
6425.195	0.146	-0.331
6425.273	0.146	-0.328
6425.364	0.146	-0.327
6425.442	0.146	-0.323
6425.521	0.146	-0.323
6425.612	0.146	-0.323
6425.690	0.146	-0.323
6425.781	0.146	-0.323
6425.859	0.146	-0.323
6425.950	0.146	-0.322
6426.028	0.146	-0.323
6426.106	0.146	-0.321
6426.197	0.146	-0.321
6426.276	0.146	-0.319
6426.367	0.146	-0.318
6426.445	0.146	-0.318
6426.523	0.146	-0.318
6426.614	0.145	-0.319
6426.692	0.145	-0.323
6426.771	0.144	-0.323
6426.862	0.144	-0.324
6426.940	0.146	-0.328
6427.031	0.145	-0.328
6427.109	0.144	-0.328
6427.187	0.144	-0.328
6427.278	0.144	-0.328
6427.356	0.145	-0.329
6427.447	0.143	-0.330
6427.526	0.143	-0.331
6427.617	0.142	-0.333
6427.695	0.142	-0.332
6427.773	0.143	-0.333
6427.864	0.142	-0.333
6427.942	0.143	-0.333
6428.021	0.142	-0.332
6428.112	0.144	-0.329
6428.190	0.141	-0.329
6428.281	0.141	-0.328
6428.359	0.143	-0.328
6428.450	0.144	-0.330
6428.528	0.141	-0.329
6428.606	0.141	-0.328
6428.697	0.141	-0.325
6428.776	0.141	-0.323
6428.854	0.141	-0.322
6428.945	0.141	-0.322
6429.023	0.141	-0.322
6429.114	0.141	-0.321
6429.192	0.142	-0.321
6429.283	0.141	-0.320
6429.362	0.141	-0.322
6429.440	0.141	-0.322
6429.531	0.141	-0.323
6429.609	0.141	-0.323
6429.687	0.141	-0.323
6429.778	0.141	-0.323
6429.856	0.141	-0.324
6429.947	0.141	-0.323
6430.026	0.141	-0.323
6430.117	0.141	-0.323
6430.195	0.141	-0.323
6430.273	0.141	-0.323
6430.364	0.141	-0.326
6430.442	0.141	-0.323
6430.533	0.140	-0.323
6430.612	0.140	-0.324
6430.690	0.141	-0.324
6430.781	0.141	-0.324
6430.859	0.140	-0.327
6430.950	0.139	-0.328
6431.028	0.141	-0.328
6431.106	0.140	-0.328
6431.197	0.140	-0.328
6431.276	0.139	-0.328
6431.354	0.140	-0.328
6431.445	0.139	-0.328
6431.523	0.141	-0.328
6431.614	0.140	-0.328
6431.692	0.138	-0.328
6431.783	0.138	-0.328
6431.862	0.138	-0.326
6431.940	0.139	-0.323
6432.031	0.139	-0.323
6432.109	0.138	-0.323
6432.187	0.138	-0.322
6432.278	0.137	-0.320
6432.356	0.138	-0.318
6432.447	0.137	-0.318
6432.526	0.138	-0.318
6432.604	0.136	-0.322
6432.695	0.137	-0.323
6432.773	0.137	-0.324
6432.864	0.136	-0.328
6432.942	0.136	-0.328
6433.021	0.137	-0.328
6433.112	0.137	-0.329
6433.190	0.136	-0.329
6433.281	0.136	-0.333
6433.359	0.137	-0.333
6433.437	0.137	-0.333
6433.528	0.136	-0.333
6433.606	0.136	-0.333
6433.697	0.136	-0.331
6433.776	0.136	-0.329
6433.854	0.136	-0.327
6433.945	0.136	-0.323
6434.023	0.136	-0.323
6434.114	0.136	-0.322
6434.192	0.136	-0.318
6434.271	0.136	-0.317
6434.362	0.136	-0.314
6434.440	0.136	-0.313
6434.531	0.136	-0.313
6434.609	0.136	-0.313
6434.687	0.136	-0.313
6434.778	0.136	-0.314
6434.856	0.136	-0.317
6434.947	0.136	-0.318
6435.026	0.136	-0.319
6435.104	0.136	-0.319
6435.195	0.136	-0.319
6435.273	0.136	-0.322
6435.364	0.136	-0.323
6435.442	0.136	-0.323
6435.521	0.136	-0.323
6435.612	0.135	-0.323
6435.690	0.132	-0.322
6435.781	0.134	-0.323
6435.859	0.136	-0.323
6435.937	0.135	-0.323
6436.028	0.133	-0.323
6436.106	0.134	-0.324
6436.197	0.136	-0.323
6436.276	0.134	-0.323
6436.354	0.133	-0.323
6436.445	0.134	-0.323
6436.523	0.132	-0.323
6436.614	0.132	-0.323
6436.692	0.131	-0.323
6436.771	0.133	-0.323
6436.862	0.131	-0.323
6436.940	0.131	-0.323
6437.031	0.132	-0.323
6437.109	0.132	-0.323
6437.187	0.131	-0.323
6437.278	0.132	-0.323
6437.356	0.131	-0.323
6437.447	0.132	-0.323
6437.526	0.131	-0.323
6437.604	0.131	-0.323
6437.695	0.131	-0.323
6437.773	0.131	-0.323
6437.864	0.131	-0.323
6437.942	0.131	-0.323
6438.021	0.131	-0.323
6438.112	0.131	-0.324
6438.190	0.131	-0.327
6438.281	0.131	-0.328
6438.359	0.131	-0.328
6438.437	0.131	-0.328
6438.528	0.131	-0.328
6438.606	0.131	-0.328
6438.697	0.131	-0.325
6438.776	0.131	-0.323
6438.854	0.131	-0.323
6438.945	0.131	-0.322
6439.023	0.131	-0.318
6439.114	0.131	-0.318
6439.192	0.131	-0.316
6439.271	0.131	-0.315
6439.362	0.131	-0.313
6439.440	0.130	-0.313
6439.531	0.131	-0.313
6439.609	0.131	-0.313
6439.687	0.131	-0.313
6439.778	0.131	-0.313
6439.856	0.131	-0.313
6439.947	0.131	-0.313
6440.026	0.131	-0.313
6440.104	0.131	-0.314
6440.195	0.131	-0.315
6440.273	0.131	-0.316
6440.364	0.131	-0.316
6440.442	0.131	-0.318
6440.521	0.130	-0.316
6440.612	0.131	-0.317
6440.690	0.131	-0.319
6440.781	0.130	-0.321
6440.859	0.130	-0.323
6440.937	0.128	-0.323
6441.028	0.130	-0.324
6441.106	0.131	-0.324
6441.197	0.128	-0.323
6441.276	0.130	-0.324
6441.354	0.128	-0.323
6441.445	0.129	-0.323
6441.523	0.127	-0.323
6441.614	0.127	-0.323
6441.692	0.128	-0.321
6441.771	0.127	-0.321
6441.862	0.126	-0.318
6441.940	0.127	-0.318
6442.031	0.127	-0.322
6442.109	0.127	-0.323
6442.200	0.128	-0.323
6442.278	0.127	-0.323
6442.356	0.127	-0.323
6442.447	0.127	-0.323
6442.526	0.127	-0.323
6442.604	0.126	-0.323
6442.695	0.127	-0.323
6442.773	0.127	-0.323
6442.864	0.126	-0.323
6442.942	0.126	-0.321
6443.021	0.126	-0.319
6443.112	0.126	-0.317
6443.190	0.126	-0.316
6443.281	0.126	-0.313
6443.359	0.126	-0.313
6443.437	0.127	-0.313
6443.528	0.126	-0.312
6443.606	0.126	-0.311
6443.697	0.126	-0.311
6443.776	0.126	-0.308
6443.854	0.126	-0.308
6443.945	0.126	-0.308
6444.023	0.126	-0.306
6444.114	0.126	-0.308
6444.192	0.126	-0.308
6444.271	0.126	-0.308
6444.362	0.126	-0.309
6444.440	0.126	-0.309
6444.531	0.126	-0.309
6444.609	0.126	-0.309
6444.687	0.126	-0.310
6444.778	0.126	-0.311
6444.856	0.126	-0.311
6444.947	0.126	-0.309
6445.026	0.126	-0.308
6445.104	0.126	-0.308
6445.195	0.126	-0.307
6445.273	0.126	-0.307
6445.364	0.126	-0.304
6445.442	0.126	-0.303
6445.521	0.126	-0.303
6445.612	0.126	-0.303
6445.690	0.126	-0.303
6445.781	0.126	-0.304
6445.859	0.126	-0.305
6445.937	0.126	-0.305
6446.028	0.126	-0.308
6446.106	0.126	-0.308
6446.197	0.126	-0.308
6446.276	0.126	-0.308
6446.354	0.126	-0.306
6446.445	0.124	-0.303
6446.523	0.125	-0.303
6446.614	0.126	-0.302
6446.692	0.126	-0.300
6446.771	0.126	-0.299
6446.862	0.126	-0.298
6446.940	0.126	-0.299
6447.031	0.126	-0.299
6447.109	0.126	-0.302
6447.187	0.126	-0.303
6447.278	0.124	-0.303
6447.356	0.126	-0.303
6447.447	0.126	-0.305
6447.526	0.124	-0.307
6447.604	0.125	-0.307
6447.695	0.125	-0.308
6447.773	0.125	-0.304
6447.864	0.123	-0.303
6447.942	0.122	-0.306
6448.021	0.121	-0.308
6448.112	0.122	-0.308
6448.190	0.121	-0.311
6448.281	0.124	-0.313
6448.359	0.123	-0.317
6448.437	0.121	-0.318
6448.528	0.121	-0.320
6448.606	0.121	-0.323
6448.697	0.122	-0.323
6448.776	0.121	-0.323
6448.854	0.122	-0.327
6448.945	0.121	-0.325
6449.023	0.121	-0.323
6449.114	0.121	-0.323
6449.192	0.121	-0.323
6449.271	0.121	-0.322
6449.362	0.121	-0.319
6449.440	0.121	-0.320
6449.531	0.121	-0.318
6449.609	0.121	-0.318
6449.687	0.121	-0.318
6449.778	0.121	-0.318
6449.856	0.121	-0.318
6449.947	0.121	-0.318
6450.026	0.121	-0.318
6450.104	0.121	-0.316
6450.195	0.121	-0.314
6450.273	0.121	-0.313
6450.364	0.121	-0.313
6450.442	0.121	-0.311
6450.521	0.121	-0.310
6450.612	0.121	-0.308
6450.690	0.121	-0.308
6450.781	0.121	-0.306
6450.859	0.121	-0.305
6450.937	0.121	-0.303
6451.028	0.121	-0.301
6451.106	0.121	-0.298
6451.197	0.121	-0.298
6451.276	0.121	-0.294
6451.354	0.121	-0.293
6451.445	0.121	-0.293
6451.523	0.121	-0.293
6451.614	0.121	-0.292
6451.692	0.121	-0.290
6451.771	0.120	-0.288
6451.862	0.121	-0.288
6451.940	0.121	-0.288
6452.031	0.121	-0.288
6452.109	0.121	-0.288
6452.187	0.120	-0.288
6452.278	0.120	-0.288
6452.356	0.121	-0.291
6452.447	0.121	-0.290
6452.526	0.121	-0.291
6452.604	0.119	-0.293
6452.695	0.121	-0.294
6452.773	0.120	-0.295
6452.864	0.117	-0.300
6452.942	0.117	-0.303
6453.021	0.117	-0.306
6453.112	0.118	-0.308
6453.190	0.117	-0.308
6453.281	0.116	-0.308
6453.359	0.119	-0.310
6453.437	0.118	-0.309
6453.528	0.115	-0.309
6453.606	0.116	-0.310
6453.697	0.115	-0.310
6453.776	0.118	-0.311
6453.854	0.117	-0.313
6453.945	0.115	-0.313
6454.023	0.115	-0.313
6454.114	0.115	-0.313
6454.192	0.116	-0.313
6454.271	0.115	-0.313
6454.362	0.115	-0.313
6454.440	0.115	-0.311
6454.531	0.115	-0.309
6454.609	0.115	-0.308
6454.687	0.115	-0.308
6454.778	0.115	-0.308
6454.856	0.115	-0.308
6454.947	0.115	-0.304
6455.026	0.115	-0.303
6455.104	0.115	-0.303
6455.195	0.115	-0.303
6455.273	0.115	-0.301
6455.364	0.115	-0.299
6455.442	0.115	-0.299
6455.521	0.115	-0.298
6455.612	0.115	-0.297
6455.690	0.115	-0.293
6455.781	0.115	-0.293
6455.859	0.115	-0.291
6455.937	0.115	-0.291
6456.028	0.115	-0.288
6456.106	0.115	-0.288
6456.197	0.115	-0.288
6456.276	0.115	-0.288
6456.354	0.115	-0.288
6456.445	0.115	-0.288
6456.523	0.115	-0.287
6456.614	0.115	-0.288
6456.692	0.115	-0.288
6456.771	0.115	-0.288
6456.862	0.115	-0.289
6456.940	0.115	-0.293
6457.031	0.115	-0.293
6457.109	0.115	-0.293
6457.187	0.115	-0.293
6457.278	0.115	-0.293
6457.356	0.115	-0.294
6457.447	0.115	-0.296
6457.526	0.115	-0.297
6457.604	0.113	-0.298
6457.695	0.115	-0.298
6457.773	0.115	-0.298
6457.864	0.115	-0.295
6457.942	0.115	-0.294
6458.021	0.114	-0.293
6458.112	0.114	-0.294
6458.190	0.114	-0.295
6458.281	0.112	-0.297
6458.359	0.115	-0.297
6458.437	0.114	-0.298
6458.528	0.112	-0.298
6458.606	0.113	-0.298
6458.697	0.115	-0.299
6458.776	0.115	-0.301
6458.854	0.115	-0.303
6458.945	0.113	-0.303
6459.023	0.111	-0.305
6459.114	0.111	-0.307
6459.192	0.111	-0.307
6459.271	0.113	-0.308
6459.362	0.112	-0.308
6459.440	0.112	-0.309
6459.531	0.110	-0.308
6459.609	0.112	-0.308
6459.687	0.110	-0.308
6459.778	0.110	-0.308
6459.856	0.110	-0.308
6459.947	0.110	-0.308
6460.026	0.111	-0.308
6460.104	0.110	-0.307
6460.195	0.110	-0.305
6460.273	0.110	-0.305
6460.364	0.110	-0.304
6460.442	0.111	-0.303
6460.521	0.110	-0.303
6460.612	0.110	-0.303
6460.690	0.110	-0.303
6460.781	0.110	-0.303
6460.859	0.110	-0.299
6460.937	0.111	-0.298
6461.028	0.110	-0.297
6461.106	0.110	-0.294
6461.197	0.110	-0.293
6461.276	0.110	-0.293
6461.354	0.110	-0.293
6461.445	0.110	-0.293
6461.523	0.110	-0.293
6461.614	0.110	-0.294
6461.692	0.110	-0.294
6461.771	0.110	-0.293
6461.862	0.110	-0.296
6461.940	0.110	-0.297
6462.031	0.110	-0.299
6462.109	0.110	-0.303
6462.187	0.110	-0.305
6462.278	0.110	-0.307
6462.356	0.109	-0.308
6462.447	0.110	-0.308
6462.526	0.110	-0.308
6462.604	0.110	-0.308
6462.695	0.108	-0.308
6462.773	0.110	-0.308
6462.864	0.109	-0.309
6462.942	0.106	-0.309
6463.021	0.108	-0.308
6463.112	0.110	-0.308
6463.190	0.106	-0.308
6463.281	0.108	-0.308
6463.359	0.108	-0.308
6463.437	0.106	-0.308
6463.528	0.109	-0.308
6463.606	0.107	-0.305
6463.697	0.107	-0.304
6463.776	0.106	-0.304
6463.854	0.105	-0.304
6463.945	0.105	-0.303
6464.023	0.107	-0.303
6464.114	0.106	-0.302
6464.192	0.105	-0.300
6464.271	0.105	-0.298
6464.362	0.106	-0.295
6464.440	0.105	-0.293
6464.531	0.105	-0.290
6464.609	0.105	-0.288
6464.687	0.105	-0.288
6464.778	0.105	-0.285
6464.856	0.105	-0.282
6464.935	0.105	-0.282
6465.026	0.105	-0.277
6465.104	0.105	-0.277
6465.195	0.105	-0.272
6465.273	0.105	-0.272
6465.364	0.105	-0.271
6465.442	0.105	-0.268
6465.521	0.105	-0.267
6465.612	0.105	-0.265
6465.690	0.105	-0.265
6465.781	0.105	-0.264
6465.859	0.105	-0.267
6465.937	0.105	-0.267
6466.028	0.105	-0.267
6466.106	0.105	-0.267
6466.197	0.105	-0.268
6466.276	0.105	-0.267
6466.354	0.105	-0.270
6466.445	0.105	-0.271
6466.523	0.105	-0.270
6466.614	0.105	-0.272
6466.692	0.105	-0.271
6466.771	0.105	-0.271
6466.862	0.105	-0.272
6466.940	0.105	-0.272
6467.031	0.105	-0.272
6467.109	0.105	-0.272
6467.187	0.105	-0.274
6467.278	0.105	-0.277
6467.356	0.105	-0.277
6467.447	0.105	-0.280
6467.526	0.105	-0.282
6467.604	0.105	-0.284
6467.695	0.105	-0.286
6467.773	0.105	-0.288
6467.864	0.104	-0.288
6467.942	0.104	-0.292
6468.021	0.104	-0.293
6468.112	0.104	-0.294
6468.190	0.105	-0.296
6468.281	0.105	-0.296
6468.359	0.104	-0.294
6468.437	0.105	-0.293
6468.528	0.104	-0.293
6468.606	0.104	-0.292
6468.697	0.104	-0.290
6468.776	0.104	-0.288
6468.854	0.103	-0.288
6468.945	0.104	-0.285
6469.023	0.103	-0.282
6469.114	0.101	-0.281
6469.192	0.103	-0.276
6469.271	0.101	-0.272
6469.362	0.104	-0.271
6469.440	0.101	-0.269
6469.531	0.103	-0.267
6469.609	0.101	-0.264
6469.687	0.101	-0.262
6469.778	0.102	-0.262
6469.856	0.102	-0.262
6469.947	0.102	-0.264
6470.026	0.101	-0.267
6470.104	0.101	-0.268
6470.195	0.101	-0.271
6470.273	0.100	-0.273
6470.364	0.101	-0.275
6470.442	0.100	-0.276
6470.521	0.100	-0.277
6470.612	0.100	-0.277
6470.690	0.101	-0.278
6470.781	0.100	-0.280
6470.859	0.100	-0.281
6470.937	0.100	-0.279
6471.028	0.100	-0.281
6471.106	0.100	-0.282
6471.185	0.100	-0.282
6471.276	0.100	-0.282
6471.354	0.100	-0.282
6471.445	0.100	-0.280
6471.523	0.100	-0.278
6471.602	0.100	-0.277
6471.692	0.100	-0.277
6471.771	0.100	-0.277
6471.862	0.100	-0.277
6471.940	0.100	-0.275
6472.031	0.100	-0.273
6472.109	0.100	-0.273
6472.187	0.100	-0.272
6472.278	0.100	-0.271
6472.356	0.100	-0.270
6472.435	0.100	-0.268
6472.526	0.100	-0.267
6472.604	0.100	-0.266
6472.695	0.100	-0.266
6472.773	0.100	-0.262
6472.852	0.100	-0.262
6472.942	0.100	-0.262
6473.021	0.100	-0.263
6473.112	0.100	-0.266
6473.190	0.100	-0.268
6473.269	0.100	-0.272
6473.359	0.100	-0.274
6473.437	0.100	-0.277
6473.528	0.100	-0.281
6473.606	0.100	-0.282
6473.697	0.100	-0.284
6473.776	0.100	-0.288
6473.854	0.100	-0.293
6473.945	0.100	-0.295
6474.023	0.100	-0.299
6474.102	0.100	-0.301
6474.192	0.100	-0.303
6474.271	0.100	-0.302
6474.362	0.099	-0.303
6474.440	0.100	-0.303
6474.519	0.100	-0.301
6474.609	0.099	-0.300
6474.687	0.099	-0.298
6474.778	0.100	-0.295
6474.856	0.100	-0.294
6474.947	0.100	-0.293
6475.026	0.100	-0.293
6475.104	0.099	-0.293
6475.195	0.099	-0.293
6475.273	0.099	-0.293
6475.352	0.098	-0.293
6475.442	0.099	-0.293
6475.521	0.098	-0.293
6475.612	0.098	-0.293
6475.690	0.100	-0.289
6475.781	0.099	-0.288
6475.859	0.098	-0.283
6475.937	0.098	-0.282
6476.028	0.098	-0.278
6476.106	0.095	-0.277
6476.185	0.100	-0.272
6476.276	0.098	-0.269
6476.354	0.097	-0.267
6476.445	0.098	-0.263
6476.523	0.098	-0.262
6476.614	0.096	-0.261
6476.692	0.096	-0.259
6476.771	0.096	-0.256
6476.862	0.095	-0.255
6476.940	0.096	-0.256
6477.019	0.096	-0.256
6477.109	0.096	-0.256
6477.187	0.096	-0.257
6477.278	0.096	-0.260
6477.356	0.095	-0.262
6477.447	0.097	-0.264
6477.526	0.096	-0.267
6477.604	0.096	-0.268
6477.695	0.095	-0.271
6477.773	0.095	-0.273
6477.864	0.095	-0.275
6477.942	0.095	-0.277
6478.021	0.095	-0.277
6478.112	0.095	-0.277
6478.190	0.095	-0.277
6478.269	0.095	-0.277
6478.359	0.095	-0.277
6478.437	0.095	-0.277
6478.528	0.095	-0.277
6478.606	0.095	-0.279
6478.685	0.095	-0.282
6478.776	0.095	-0.282
6478.854	0.095	-0.282
6478.945	0.095	-0.282
6479.023	0.095	-0.282
6479.102	0.095	-0.282
6479.192	0.095	-0.283
6479.271	0.095	-0.287
6479.362	0.094	-0.288
6479.440	0.095	-0.287
6479.531	0.095	-0.286
6479.609	0.095	-0.288
6479.687	0.093	-0.288
6479.778	0.095	-0.288
6479.856	0.095	-0.288
6479.935	0.095	-0.288
6480.026	0.095	-0.288
6480.104	0.095	-0.288
6480.195	0.094	-0.293
6480.273	0.095	-0.292
6480.352	0.093	-0.289
6480.442	0.094	-0.290
6480.521	0.094	-0.288
6480.612	0.095	-0.288
6480.690	0.094	-0.285
6480.769	0.093	-0.283
6480.859	0.093	-0.282
6480.937	0.093	-0.281
6481.028	0.094	-0.277
6481.106	0.093	-0.277
6481.197	0.093	-0.273
6481.276	0.094	-0.272
6481.354	0.091	-0.268
6481.445	0.093	-0.267
6481.523	0.092	-0.264
6481.614	0.090	-0.262
6481.692	0.091	-0.262
6481.771	0.091	-0.262
6481.862	0.090	-0.262
6481.940	0.091	-0.262
6482.019	0.092	-0.260
6482.109	0.090	-0.262
6482.187	0.091	-0.262
6482.278	0.090	-0.262
6482.356	0.090	-0.265
6482.435	0.090	-0.267
6482.526	0.090	-0.267
6482.604	0.090	-0.271
6482.695	0.090	-0.271
6482.773	0.091	-0.272
6482.852	0.090	-0.277
6482.942	0.090	-0.279
6483.021	0.090	-0.278
6483.112	0.090	-0.281
6483.190	0.090	-0.279
6483.269	0.090	-0.277
6483.359	0.090	-0.277
6483.437	0.090	-0.277
6483.528	0.090	-0.277
6483.606	0.090	-0.277
6483.685	0.090	-0.276
6483.776	0.090	-0.276
6483.854	0.090	-0.272
6483.945	0.090	-0.272
6484.023	0.090	-0.270
6484.114	0.090	-0.267
6484.192	0.090	-0.266
6484.271	0.090	-0.265
6484.362	0.090	-0.265
6484.440	0.090	-0.262
6484.519	0.090	-0.262
6484.609	0.090	-0.262
6484.687	0.090	-0.262
6484.778	0.090	-0.262
6484.856	0.090	-0.262
6484.935	0.090	-0.262
6485.026	0.090	-0.262
6485.104	0.090	-0.262
6485.195	0.090	-0.262
6485.273	0.090	-0.262
6485.352	0.090	-0.265
6485.442	0.090	-0.267
6485.521	0.090	-0.267
6485.612	0.090	-0.267
6485.690	0.089	-0.270
6485.769	0.090	-0.271
6485.859	0.089	-0.272
6485.937	0.090	-0.272
6486.028	0.089	-0.273
6486.106	0.090	-0.275
6486.197	0.089	-0.277
6486.276	0.088	-0.277
6486.354	0.089	-0.277
6486.445	0.088	-0.277
6486.523	0.089	-0.277
6486.614	0.087	-0.275
6486.692	0.088	-0.273
6486.771	0.087	-0.272
6486.862	0.085	-0.272
6486.940	0.087	-0.268
6487.019	0.087	-0.267
6487.109	0.086	-0.267
6487.187	0.087	-0.267
6487.278	0.085	-0.265
6487.356	0.085	-0.265
6487.435	0.087	-0.265
6487.526	0.086	-0.267
6487.604	0.086	-0.267
6487.695	0.086	-0.270
6487.773	0.086	-0.270
6487.864	0.085	-0.271
6487.942	0.086	-0.271
6488.021	0.085	-0.271
6488.112	0.085	-0.270
6488.190	0.086	-0.270
6488.269	0.085	-0.271
6488.359	0.086	-0.268
6488.437	0.086	-0.267
6488.528	0.085	-0.267
6488.606	0.086	-0.267
6488.685	0.085	-0.267
6488.776	0.086	-0.265
6488.854	0.085	-0.263
6488.945	0.086	-0.263
6489.023	0.085	-0.264
6489.114	0.085	-0.262
6489.192	0.085	-0.262
6489.271	0.085	-0.262
6489.362	0.085	-0.265
6489.440	0.085	-0.266
6489.519	0.085	-0.267
6489.609	0.085	-0.267
6489.687	0.085	-0.271
6489.778	0.085	-0.272
6489.856	0.085	-0.276
6489.935	0.085	-0.277
6490.026	0.085	-0.278
6490.104	0.085	-0.282
6490.195	0.085	-0.282
6490.273	0.085	-0.282
6490.352	0.084	-0.282
6490.442	0.085	-0.282
6490.521	0.085	-0.279
6490.612	0.085	-0.277
6490.690	0.085	-0.277
6490.769	0.085	-0.277
6490.859	0.085	-0.277
6490.937	0.085	-0.277
6491.028	0.085	-0.277
6491.106	0.085	-0.272
6491.185	0.085	-0.272
6491.276	0.085	-0.269
6491.354	0.085	-0.269
6491.445	0.085	-0.268
6491.523	0.085	-0.272
6491.602	0.085	-0.268
6491.692	0.085	-0.268
6491.771	0.085	-0.267
6491.862	0.085	-0.267
6491.940	0.085	-0.266
6492.019	0.084	-0.265
6492.109	0.084	-0.262
6492.187	0.083	-0.262
6492.278	0.085	-0.261
6492.356	0.085	-0.258
6492.435	0.085	-0.254
6492.526	0.084	-0.252
6492.604	0.084	-0.252
6492.695	0.084	-0.252
6492.773	0.084	-0.251
6492.852	0.085	-0.247
6492.942	0.081	-0.247
6493.021	0.083	-0.247
6493.112	0.082	-0.247
6493.190	0.083	-0.248
6493.269	0.083	-0.251
6493.359	0.081	-0.252
6493.437	0.084	-0.252
6493.528	0.083	-0.252
6493.606	0.081	-0.252
6493.685	0.081	-0.252
6493.776	0.081	-0.252
6493.854	0.082	-0.248
6493.945	0.082	-0.249
6494.023	0.081	-0.251
6494.102	0.081	-0.248
6494.192	0.081	-0.247
6494.271	0.081	-0.247
6494.362	0.082	-0.247
6494.440	0.080	-0.247
6494.519	0.080	-0.247
6494.609	0.081	-0.247
6494.687	0.081	-0.245
6494.778	0.081	-0.243
6494.856	0.080	-0.242
6494.935	0.080	-0.242
6495.026	0.081	-0.242
6495.104	0.080	-0.242
6495.195	0.080	-0.242
6495.273	0.080	-0.242
6495.352	0.080	-0.242
6495.442	0.080	-0.242
6495.521	0.080	-0.242
6495.612	0.080	-0.242
6495.690	0.080	-0.243
6495.769	0.080	-0.244
6495.859	0.080	-0.246
6495.937	0.080	-0.247
6496.028	0.080	-0.247
6496.106	0.080	-0.248
6496.185	0.080	-0.251
6496.276	0.080	-0.252
6496.354	0.080	-0.252
6496.445	0.080	-0.251
6496.523	0.080	-0.252
6496.602	0.080	-0.252
6496.692	0.080	-0.252
6496.771	0.080	-0.251
6496.862	0.080	-0.251
6496.940	0.080	-0.251
6497.019	0.080	-0.251
6497.109	0.080	-0.252
6497.187	0.080	-0.252
6497.278	0.080	-0.252
6497.356	0.080	-0.252
6497.435	0.080	-0.252
6497.526	0.080	-0.251
6497.604	0.080	-0.248
6497.695	0.080	-0.247
6497.773	0.080	-0.247
6497.852	0.080	-0.247
6497.942	0.080	-0.247
6498.021	0.080	-0.247
6498.112	0.080	-0.247
6498.190	0.080	-0.247
6498.269	0.080	-0.247
6498.359	0.080	-0.247
6498.437	0.080	-0.247
6498.528	0.080	-0.246
6498.606	0.080	-0.245
6498.685	0.080	-0.245
6498.776	0.080	-0.246
6498.854	0.080	-0.247
6498.945	0.080	-0.243
6499.023	0.079	-0.242
6499.102	0.080	-0.242
6499.192	0.080	-0.242
6499.271	0.080	-0.242
6499.362	0.080	-0.241
6499.440	0.078	-0.241
6499.519	0.078	-0.242
6499.609	0.080	-0.241
6499.687	0.078	-0.242
6499.778	0.079	-0.242
6499.856	0.079	-0.242
6499.935	0.079	-0.244
6500.026	0.080	-0.245
6500.104	0.078	-0.247
6500.195	0.077	-0.247
6500.286	0.078	-0.251
6500.352	0.077	-0.252
6500.442	0.078	-0.253
6500.521	0.076	-0.253
6500.612	0.076	-0.257
6500.690	0.077	-0.257
6500.769	0.076	-0.257
6500.859	0.076	-0.257
6500.937	0.075	-0.257
6501.028	0.076	-0.257
6501.106	0.076	-0.257
6501.185	0.076	-0.257
6501.276	0.076	-0.257
6501.354	0.076	-0.255
6501.445	0.076	-0.254
6501.523	0.075	-0.252
6501.602	0.075	-0.250
6501.692	0.075	-0.247
6501.771	0.075	-0.247
6501.862	0.075	-0.247
6501.940	0.076	-0.244
6502.019	0.075	-0.243
6502.109	0.075	-0.242
6502.187	0.075	-0.242
6502.278	0.075	-0.241
6502.356	0.075	-0.237
6502.435	0.075	-0.235
6502.526	0.075	-0.232
6502.604	0.075	-0.230
6502.695	0.075	-0.227
6502.773	0.075	-0.226
6502.852	0.075	-0.226
6502.942	0.075	-0.227
6503.021	0.075	-0.226
6503.112	0.075	-0.226
6503.190	0.075	-0.226
6503.269	0.075	-0.222
6503.359	0.075	-0.224
6503.437	0.075	-0.224
6503.528	0.075	-0.226
6503.606	0.075	-0.226
6503.685	0.075	-0.226
6503.776	0.075	-0.226
6503.854	0.075	-0.226
6503.945	0.075	-0.227
6504.023	0.075	-0.231
6504.102	0.075	-0.232
6504.192	0.075	-0.232
6504.271	0.075	-0.232
6504.362	0.075	-0.235
6504.440	0.075	-0.235
6504.519	0.075	-0.237
6504.609	0.075	-0.238
6504.687	0.075	-0.242
6504.778	0.075	-0.242
6504.856	0.075	-0.242
6504.935	0.074	-0.245
6505.026	0.075	-0.246
6505.104	0.075	-0.247
6505.195	0.075	-0.247
6505.273	0.075	-0.247
6505.352	0.075	-0.249
6505.442	0.074	-0.248
6505.521	0.075	-0.248
6505.612	0.075	-0.249
6505.690	0.074	-0.248
6505.769	0.073	-0.248
6505.859	0.075	-0.248
6505.937	0.075	-0.248
6506.028	0.075	-0.248
6506.106	0.073	-0.248
6506.185	0.075	-0.247
6506.276	0.075	-0.247
6506.354	0.072	-0.247
6506.445	0.074	-0.248
6506.523	0.074	-0.250
6506.602	0.073	-0.251
6506.692	0.073	-0.252
6506.771	0.073	-0.252
6506.862	0.072	-0.252
6506.940	0.073	-0.252
6507.019	0.073	-0.253
6507.109	0.071	-0.252
6507.187	0.070	-0.252
6507.278	0.071	-0.252
6507.356	0.070	-0.252
6507.435	0.070	-0.252
6507.526	0.071	-0.250
6507.604	0.070	-0.247
6507.695	0.071	-0.247
6507.773	0.070	-0.244
6507.852	0.070	-0.242
6507.942	0.070	-0.240
6508.021	0.070	-0.237
6508.112	0.070	-0.237
6508.190	0.070	-0.234
6508.269	0.070	-0.232
6508.359	0.070	-0.232
6508.437	0.070	-0.231
6508.528	0.070	-0.228
6508.606	0.070	-0.226
6508.685	0.070	-0.226
6508.776	0.070	-0.226
6508.854	0.070	-0.226
6508.945	0.070	-0.227
6509.023	0.070	-0.227
6509.102	0.070	-0.228
6509.192	0.070	-0.229
6509.271	0.070	-0.231
6509.362	0.070	-0.230
6509.440	0.070	-0.230
6509.519	0.070	-0.232
6509.609	0.070	-0.232
6509.687	0.070	-0.232
6509.778	0.069	-0.232
6509.856	0.070	-0.237
6509.935	0.070	-0.237
6510.026	0.070	-0.237
6510.104	0.070	-0.237
6510.195	0.070	-0.240
6510.273	0.070	-0.242
6510.352	0.069	-0.242
6510.442	0.070	-0.242
6510.521	0.069	-0.242
6510.612	0.069	-0.242
6510.690	0.070	-0.242
6510.769	0.070	-0.242
6510.859	0.070	-0.242
6510.937	0.069	-0.242
6511.028	0.069	-0.242
6511.106	0.069	-0.242
6511.185	0.070	-0.242
6511.276	0.068	-0.242
6511.354	0.070	-0.242
6511.445	0.068	-0.242
6511.523	0.068	-0.242
6511.602	0.070	-0.242
6511.692	0.068	-0.242
6511.771	0.068	-0.242
6511.862	0.067	-0.242
6511.940	0.066	-0.242
6512.019	0.067	-0.242
6512.109	0.065	-0.242
6512.187	0.068	-0.242
6512.278	0.068	-0.240
6512.356	0.065	-0.237
6512.435	0.066	-0.237
6512.526	0.066	-0.237
6512.604	0.066	-0.237
6512.695	0.067	-0.238
6512.773	0.065	-0.237
6512.852	0.066	-0.237
6512.942	0.065	-0.242
6513.021	0.065	-0.241
6513.112	0.066	-0.242
6513.190	0.065	-0.243
6513.269	0.065	-0.245
6513.359	0.065	-0.247
6513.437	0.065	-0.248
6513.528	0.065	-0.250
6513.606	0.065	-0.250
6513.685	0.065	-0.247
6513.776	0.065	-0.247
6513.854	0.065	-0.247
6513.945	0.065	-0.246
6514.023	0.065	-0.245
6514.102	0.065	-0.243
6514.167	0.065	-0.243
6514.271	0.065	-0.242
6514.348	0.065	-0.242
6514.440	0.065	-0.242
6514.519	0.065	-0.242
6514.609	0.065	-0.241
6514.687	0.065	-0.240
6514.778	0.065	-0.238
6514.856	0.065	-0.237
6514.935	0.065	-0.238
6515.026	0.065	-0.237
6515.104	0.065	-0.237
6515.182	0.065	-0.237
6515.273	0.065	-0.237
6515.352	0.065	-0.237
6515.442	0.065	-0.237
6515.521	0.065	-0.235
6515.612	0.065	-0.235
6515.690	0.065	-0.235
6515.769	0.065	-0.235
6515.859	0.065	-0.232
6515.937	0.065	-0.232
6516.028	0.065	-0.230
6516.106	0.065	-0.226
6516.185	0.065	-0.226
6516.276	0.065	-0.226
6516.354	0.065	-0.226
6516.445	0.065	-0.226
6516.523	0.065	-0.226
6516.602	0.065	-0.226
6516.692	0.065	-0.226
6516.771	0.065	-0.226
6516.848	0.065	-0.226
6516.940	0.065	-0.226
6517.019	0.065	-0.226
6517.109	0.065	-0.225
6517.187	0.065	-0.223
6517.278	0.065	-0.222
6517.356	0.065	-0.221
6517.435	0.065	-0.223
6517.526	0.065	-0.226
6517.604	0.065	-0.226
6517.695	0.065	-0.226
6517.773	0.065	-0.226
6517.852	0.065	-0.224
6517.942	0.065	-0.223
6518.021	0.065	-0.222
6518.112	0.065	-0.223
6518.190	0.065	-0.223
6518.269	0.065	-0.226
6518.359	0.065	-0.224
6518.437	0.065	-0.223
6518.528	0.065	-0.223
6518.606	0.065	-0.221
6518.685	0.065	-0.221
6518.776	0.064	-0.221
6518.854	0.065	-0.221
6518.945	0.065	-0.220
6519.023	0.065	-0.221
6519.102	0.065	-0.221
6519.192	0.064	-0.221
6519.271	0.065	-0.223
6519.362	0.065	-0.226
6519.440	0.064	-0.226
6519.519	0.065	-0.226
6519.609	0.064	-0.226
6519.687	0.064	-0.227
6519.778	0.064	-0.228
6519.856	0.065	-0.232
6519.935	0.064	-0.231
6520.026	0.064	-0.232
6520.104	0.064	-0.232
6520.182	0.064	-0.231
6520.273	0.064	-0.229
6520.352	0.061	-0.229
6520.442	0.064	-0.227
6520.521	0.063	-0.227
6520.612	0.062	-0.226
6520.690	0.065	-0.226
6520.769	0.063	-0.226
6520.859	0.063	-0.225
6520.937	0.063	-0.225
6521.028	0.062	-0.226
6521.106	0.062	-0.226
6521.185	0.061	-0.226
6521.276	0.060	-0.226
6521.354	0.060	-0.226
6521.445	0.063	-0.226
6521.523	0.062	-0.226
6521.602	0.059	-0.229
6521.692	0.061	-0.232
6521.771	0.060	-0.232
6521.862	0.059	-0.232
6521.940	0.060	-0.232
6522.019	0.059	-0.232
6522.109	0.059	-0.229
6522.187	0.061	-0.228
6522.265	0.059	-0.226
6522.356	0.059	-0.226
6522.435	0.059	-0.221
6522.526	0.061	-0.220
6522.604	0.060	-0.218
6522.695	0.059	-0.216
6522.773	0.059	-0.217
6522.852	0.060	-0.216
6522.942	0.059	-0.216
6523.021	0.059	-0.219
6523.112	0.059	-0.221
6523.190	0.059	-0.221
6523.269	0.059	-0.221
6523.359	0.059	-0.221
6523.437	0.059	-0.226
6523.528	0.059	-0.226
6523.606	0.059	-0.227
6523.685	0.059	-0.231
6523.776	0.059	-0.230
6523.854	0.059	-0.232
6523.945	0.059	-0.229
6524.023	0.059	-0.227
6524.102	0.059	-0.226
6524.192	0.059	-0.227
6524.271	0.059	-0.226
6524.362	0.059	-0.226
6524.440	0.059	-0.226
6524.519	0.059	-0.226
6524.609	0.059	-0.226
6524.687	0.059	-0.226
6524.778	0.059	-0.226
6524.856	0.059	-0.226
6524.935	0.059	-0.226
6525.026	0.059	-0.226
6525.104	0.059	-0.226
6525.195	0.059	-0.226
6525.273	0.059	-0.226
6525.352	0.059	-0.226
6525.442	0.059	-0.226
6525.521	0.059	-0.226
6525.612	0.059	-0.226
6525.690	0.059	-0.221
6525.769	0.059	-0.221
6525.859	0.059	-0.221
6525.937	0.059	-0.221
6526.028	0.059	-0.221
6526.106	0.059	-0.221
6526.185	0.059	-0.218
6526.276	0.059	-0.216
6526.354	0.059	-0.214
6526.445	0.059	-0.212
6526.523	0.058	-0.211
6526.602	0.058	-0.211
6526.692	0.059	-0.211
6526.771	0.059	-0.211
6526.862	0.058	-0.211
6526.940	0.057	-0.211
6527.019	0.059	-0.211
6527.109	0.059	-0.213
6527.187	0.058	-0.213
6527.278	0.057	-0.214
6527.356	0.055	-0.215
6527.435	0.055	-0.215
6527.526	0.057	-0.212
6527.604	0.058	-0.214
6527.695	0.057	-0.212
6527.773	0.059	-0.213
6527.852	0.056	-0.215
6527.942	0.056	-0.212
6528.021	0.055	-0.214
6528.112	0.057	-0.211
6528.190	0.055	-0.213
6528.269	0.054	-0.211
6528.359	0.057	-0.211
6528.437	0.055	-0.211
6528.528	0.056	-0.213
6528.606	0.056	-0.213
6528.685	0.055	-0.214
6528.776	0.054	-0.213
6528.854	0.054	-0.213
6528.945	0.056	-0.212
6529.023	0.054	-0.211
6529.102	0.055	-0.211
6529.192	0.054	-0.209
6529.271	0.054	-0.206
6529.362	0.054	-0.203
6529.440	0.054	-0.201
6529.519	0.054	-0.201
6529.609	0.054	-0.201
6529.687	0.055	-0.200
6529.778	0.054	-0.198
6529.856	0.054	-0.198
6529.935	0.055	-0.198
6530.026	0.054	-0.199
6530.104	0.054	-0.201
6530.195	0.054	-0.201
6530.273	0.054	-0.201
6530.352	0.054	-0.201
6530.442	0.054	-0.203
6530.521	0.054	-0.203
6530.612	0.054	-0.206
6530.690	0.054	-0.206
6530.769	0.054	-0.206
6530.859	0.054	-0.206
6530.937	0.054	-0.204
6531.028	0.054	-0.202
6531.106	0.054	-0.201
6531.185	0.054	-0.201
6531.276	0.054	-0.198
6531.354	0.054	-0.196
6531.432	0.054	-0.196
6531.523	0.054	-0.196
6531.602	0.054	-0.195
6531.692	0.054	-0.193
6531.771	0.054	-0.192
6531.848	0.054	-0.195
6531.940	0.053	-0.192
6532.019	0.054	-0.192
6532.109	0.054	-0.192
6532.187	0.054	-0.192
6532.265	0.053	-0.191
6532.356	0.054	-0.191
6532.435	0.053	-0.191
6532.526	0.054	-0.191
6532.604	0.054	-0.191
6532.695	0.053	-0.191
6532.773	0.054	-0.191
6532.852	0.053	-0.191
6532.942	0.053	-0.191
6533.021	0.054	-0.190
6533.098	0.053	-0.189
6533.190	0.053	-0.191
6533.269	0.053	-0.191
6533.359	0.054	-0.191
6533.437	0.053	-0.191
6533.528	0.052	-0.191
6533.606	0.053	-0.193
6533.685	0.054	-0.194
6533.776	0.052	-0.196
6533.854	0.053	-0.196
6533.932	0.051	-0.198
6534.023	0.053	-0.199
6534.102	0.049	-0.201
6534.192	0.053	-0.201
6534.271	0.052	-0.202
6534.348	0.051	-0.205
6534.440	0.053	-0.206
6534.519	0.051	-0.206
6534.609	0.051	-0.209
6534.687	0.049	-0.210
6534.765	0.050	-0.211
6534.856	0.050	-0.211
6534.935	0.052	-0.212
6535.026	0.051	-0.215
6535.104	0.050	-0.216
6535.182	0.049	-0.217
6535.273	0.051	-0.216
6535.352	0.050	-0.217
6535.442	0.049	-0.216
6535.521	0.050	-0.216
6535.598	0.051	-0.217
6535.690	0.050	-0.216
6535.769	0.050	-0.216
6535.859	0.049	-0.216
6535.937	0.049	-0.216
6536.028	0.050	-0.216
6536.106	0.049	-0.216
6536.185	0.049	-0.220
6536.276	0.049	-0.221
6536.354	0.049	-0.221
6536.445	0.049	-0.221
6536.523	0.049	-0.221
6536.602	0.049	-0.221
6536.692	0.049	-0.221
6536.771	0.049	-0.221
6536.862	0.049	-0.221
6536.940	0.049	-0.221
6537.019	0.049	-0.223
6537.109	0.049	-0.223
6537.187	0.049	-0.223
6537.265	0.049	-0.221
6537.356	0.049	-0.221
6537.435	0.049	-0.221
6537.526	0.049	-0.221
6537.604	0.049	-0.221
6537.695	0.049	-0.221
6537.773	0.049	-0.221
6537.852	0.049	-0.220
6537.942	0.049	-0.217
6538.021	0.049	-0.216
6538.098	0.049	-0.216
6538.190	0.049	-0.215
6538.269	0.049	-0.215
6538.359	0.049	-0.213
6538.437	0.049	-0.212
6538.528	0.049	-0.213
6538.606	0.049	-0.212
6538.685	0.049	-0.213
6538.776	0.049	-0.212
6538.854	0.048	-0.211
6538.945	0.049	-0.211
6539.023	0.049	-0.211
6539.102	0.049	-0.211
6539.192	0.049	-0.211
6539.271	0.049	-0.211
6539.362	0.048	-0.211
6539.440	0.049	-0.211
6539.519	0.049	-0.209
6539.609	0.049	-0.209
6539.687	0.048	-0.209
6539.765	0.048	-0.209
6539.856	0.049	-0.209
6539.935	0.049	-0.210
6540.026	0.049	-0.211
6540.104	0.047	-0.211
6540.195	0.048	-0.211
6540.273	0.048	-0.212
6540.352	0.048	-0.213
6540.442	0.046	-0.215
6540.521	0.048	-0.213
6540.598	0.049	-0.213
6540.690	0.048	-0.212
6540.769	0.048	-0.211
6540.859	0.048	-0.211
6540.937	0.049	-0.211
6541.015	0.047	-0.211
6541.106	0.047	-0.211
6541.185	0.047	-0.210
6541.276	0.047	-0.209
6541.354	0.044	-0.210
6541.432	0.048	-0.206
6541.523	0.046	-0.206
6541.602	0.046	-0.206
6541.692	0.045	-0.206
6541.771	0.048	-0.204
6541.848	0.045	-0.202
6541.940	0.045	-0.201
6542.019	0.046	-0.201
6542.109	0.045	-0.201
6542.187	0.047	-0.201
6542.265	0.044	-0.201
6542.356	0.044	-0.199
6542.435	0.045	-0.198
6542.526	0.045	-0.196
6542.604	0.045	-0.195
6542.695	0.044	-0.194
6542.773	0.044	-0.191
6542.852	0.044	-0.191
6542.942	0.044	-0.189
6543.021	0.044	-0.189
6543.112	0.045	-0.186
6543.190	0.044	-0.186
6543.269	0.044	-0.186
6543.359	0.044	-0.184
6543.437	0.045	-0.186
6543.515	0.044	-0.186
6543.606	0.044	-0.186
6543.685	0.044	-0.186
6543.776	0.044	-0.186
6543.854	0.044	-0.186
6543.945	0.044	-0.189
6544.023	0.044	-0.190
6544.102	0.044	-0.192
6544.192	0.044	-0.193
6544.271	0.044	-0.196
6544.362	0.044	-0.200
6544.440	0.044	-0.201
6544.519	0.044	-0.206
6544.609	0.044	-0.207
6544.687	0.044	-0.210
6544.765	0.044	-0.211
6544.856	0.044	-0.211
6544.935	0.044	-0.212
6545.026	0.044	-0.211
6545.104	0.044	-0.211
6545.195	0.044	-0.211
6545.273	0.044	-0.211
6545.352	0.044	-0.211
6545.442	0.044	-0.210
6545.521	0.044	-0.209
6545.612	0.044	-0.208
6545.690	0.044	-0.206
6545.769	0.044	-0.206
6545.859	0.044	-0.205
6545.937	0.044	-0.203
6546.028	0.044	-0.206
6546.106	0.044	-0.206
6546.185	0.044	-0.206
6546.276	0.044	-0.206
6546.354	0.044	-0.207
6546.432	0.044	-0.208
6546.523	0.044	-0.209
6546.602	0.044	-0.206
6546.692	0.044	-0.206
6546.771	0.044	-0.206
6546.848	0.044	-0.207
6546.940	0.044	-0.207
6547.019	0.044	-0.207
6547.109	0.044	-0.207
6547.187	0.044	-0.207
6547.265	0.044	-0.206
6547.356	0.044	-0.207
6547.435	0.044	-0.206
6547.526	0.044	-0.206
6547.604	0.043	-0.206
6547.682	0.044	-0.206
6547.773	0.043	-0.206
6547.852	0.044	-0.206
6547.942	0.044	-0.208
6548.021	0.044	-0.207
6548.098	0.043	-0.206
6548.190	0.043	-0.206
6548.269	0.043	-0.206
6548.359	0.044	-0.204
6548.437	0.043	-0.202
6548.515	0.043	-0.201
6548.606	0.044	-0.201
6548.685	0.042	-0.201
6548.776	0.043	-0.201
6548.854	0.044	-0.201
6548.932	0.042	-0.201
6549.023	0.043	-0.201
6549.102	0.043	-0.201
6549.192	0.042	-0.200
6549.271	0.043	-0.199
6549.348	0.042	-0.198
6549.440	0.042	-0.196
6549.519	0.042	-0.196
6549.609	0.042	-0.196
6549.687	0.041	-0.196
6549.765	0.042	-0.194
6549.856	0.043	-0.191
6549.935	0.042	-0.191
6550.026	0.040	-0.191
6550.104	0.042	-0.191
6550.182	0.042	-0.190
6550.273	0.041	-0.191
6550.352	0.040	-0.189
6550.442	0.039	-0.186
6550.521	0.041	-0.186
6550.598	0.042	-0.186
6550.690	0.041	-0.186
6550.769	0.041	-0.183
6550.859	0.041	-0.181
6550.937	0.040	-0.181
6551.015	0.040	-0.181
6551.106	0.040	-0.181
6551.185	0.039	-0.180
6551.276	0.039	-0.179
6551.354	0.040	-0.181
6551.432	0.039	-0.180
6551.523	0.039	-0.180
6551.602	0.039	-0.180
6551.692	0.039	-0.179
6551.771	0.039	-0.180
6551.848	0.039	-0.179
6551.940	0.039	-0.179
6552.019	0.039	-0.181
6552.109	0.039	-0.181
6552.187	0.039	-0.181
6552.265	0.039	-0.181
6552.356	0.039	-0.181
6552.435	0.039	-0.177
6552.526	0.039	-0.176
6552.604	0.039	-0.176
6552.682	0.039	-0.181
6552.773	0.039	-0.180
6552.852	0.039	-0.180
6552.942	0.039	-0.180
6553.021	0.039	-0.181
6553.098	0.039	-0.176
6553.190	0.039	-0.175
6553.269	0.039	-0.177
6553.359	0.039	-0.175
6553.437	0.039	-0.180
6553.515	0.039	-0.180
6553.606	0.039	-0.181
6553.685	0.039	-0.181
6553.776	0.039	-0.181
6553.854	0.039	-0.181
6553.932	0.039	-0.181
6554.023	0.039	-0.181
6554.102	0.039	-0.181
6554.192	0.039	-0.181
6554.271	0.039	-0.181
6554.348	0.039	-0.181
6554.440	0.039	-0.186
6554.519	0.039	-0.186
6554.609	0.039	-0.186
6554.687	0.039	-0.186
6554.765	0.039	-0.188
6554.856	0.039	-0.188
6554.935	0.039	-0.190
6555.026	0.039	-0.188
6555.104	0.039	-0.190
6555.182	0.039	-0.188
6555.273	0.039	-0.186
6555.352	0.039	-0.186
6555.442	0.039	-0.186
6555.521	0.039	-0.186
6555.598	0.039	-0.186
6555.690	0.039	-0.184
6555.769	0.039	-0.186
6555.859	0.039	-0.184
6555.937	0.039	-0.186
6556.015	0.039	-0.186
6556.106	0.038	-0.185
6556.185	0.039	-0.186
6556.276	0.039	-0.186
6556.354	0.039	-0.186
6556.432	0.039	-0.186
6556.523	0.039	-0.189
6556.602	0.039	-0.189
6556.692	0.039	-0.189
6556.771	0.039	-0.191
6556.848	0.039	-0.191
6556.940	0.039	-0.191
6557.019	0.039	-0.191
6557.109	0.039	-0.191
6557.187	0.039	-0.186
6557.265	0.038	-0.186
6557.356	0.039	-0.185
6557.435	0.039	-0.185
6557.526	0.039	-0.184
6557.604	0.038	-0.183
6557.682	0.037	-0.186
6557.773	0.037	-0.186
6557.852	0.037	-0.186
6557.942	0.037	-0.186
6558.021	0.037	-0.186
6558.098	0.038	-0.186
6558.190	0.037	-0.187
6558.269	0.039	-0.190
6558.359	0.036	-0.191
6558.437	0.037	-0.191
6558.515	0.037	-0.191
6558.606	0.036	-0.188
6558.685	0.036	-0.189
6558.776	0.036	-0.186
6558.854	0.036	-0.186
6558.932	0.037	-0.186
6559.023	0.037	-0.186
6559.102	0.037	-0.186
6559.192	0.037	-0.185
6559.271	0.037	-0.183
6559.348	0.035	-0.184
6559.440	0.038	-0.184
6559.519	0.035	-0.186
6559.609	0.036	-0.186
6559.687	0.034	-0.186
6559.765	0.034	-0.187
6559.856	0.035	-0.191
6559.935	0.036	-0.191
6560.026	0.035	-0.193
6560.104	0.035	-0.192
6560.182	0.034	-0.193
6560.273	0.036	-0.193
6560.352	0.035	-0.191
6560.442	0.034	-0.192
6560.521	0.034	-0.191
6560.598	0.037	-0.191
6560.690	0.036	-0.190
6560.769	0.034	-0.189
6560.859	0.035	-0.186
6560.937	0.034	-0.186
6561.015	0.034	-0.186
6561.106	0.034	-0.186
6561.185	0.034	-0.186
6561.276	0.034	-0.186
6561.354	0.035	-0.186
6561.432	0.034	-0.186
6561.523	0.035	-0.187
6561.602	0.035	-0.189
6561.692	0.034	-0.191
6561.771	0.034	-0.191
6561.848	0.034	-0.192
6561.940	0.034	-0.191
6562.019	0.034	-0.192
6562.109	0.034	-0.191
6562.187	0.034	-0.191
6562.265	0.034	-0.191
6562.356	0.034	-0.192
6562.435	0.034	-0.196
6562.526	0.034	-0.196
6562.604	0.034	-0.196
6562.682	0.034	-0.196
6562.773	0.034	-0.196
6562.852	0.034	-0.196
6562.942	0.034	-0.197
6563.021	0.034	-0.200
6563.098	0.034	-0.201
6563.190	0.034	-0.202
6563.269	0.034	-0.206
6563.359	0.034	-0.204
6563.437	0.034	-0.205
6563.515	0.034	-0.205
6563.606	0.034	-0.206
6563.685	0.034	-0.206
6563.776	0.034	-0.206
6563.854	0.034	-0.206
6563.932	0.034	-0.206
6564.023	0.034	-0.205
6564.102	0.034	-0.206
6564.192	0.034	-0.203
6564.271	0.034	-0.202
6564.348	0.034	-0.201
6564.440	0.034	-0.201
6564.519	0.034	-0.201
6564.609	0.034	-0.198
6564.687	0.034	-0.198
6564.765	0.034	-0.197
6564.856	0.034	-0.200
6564.935	0.034	-0.198
6565.026	0.034	-0.197
6565.104	0.034	-0.197
6565.182	0.034	-0.197
6565.273	0.033	-0.197
6565.352	0.034	-0.196
6565.442	0.034	-0.195
6565.521	0.034	-0.191
6565.598	0.034	-0.191
6565.690	0.034	-0.186
6565.769	0.034	-0.185
6565.859	0.034	-0.181
6565.937	0.034	-0.181
6566.015	0.034	-0.180
6566.106	0.033	-0.176
6566.185	0.034	-0.175
6566.276	0.034	-0.171
6566.354	0.034	-0.170
6566.432	0.034	-0.170
6566.523	0.034	-0.170
6566.602	0.034	-0.170
6566.692	0.033	-0.169
6566.771	0.033	-0.170
6566.848	0.034	-0.170
6566.940	0.034	-0.170
6567.019	0.032	-0.170
6567.109	0.033	-0.175
6567.187	0.034	-0.175
6567.265	0.033	-0.175
6567.356	0.032	-0.175
6567.435	0.031	-0.175
6567.526	0.031	-0.173
6567.604	0.032	-0.170
6567.682	0.032	-0.170
6567.773	0.032	-0.170
6567.852	0.032	-0.170
6567.942	0.032	-0.168
6568.021	0.033	-0.167
6568.098	0.032	-0.167
6568.190	0.033	-0.165
6568.269	0.032	-0.165
6568.359	0.031	-0.165
6568.437	0.033	-0.165
6568.515	0.033	-0.165
6568.606	0.031	-0.165
6568.685	0.031	-0.165
6568.763	0.030	-0.165
6568.854	0.032	-0.165
6568.932	0.029	-0.165
6569.023	0.032	-0.165
6569.102	0.029	-0.165
6569.179	0.030	-0.165
6569.271	0.031	-0.165
6569.348	0.031	-0.165
6569.440	0.030	-0.165
6569.519	0.029	-0.165
6569.596	0.031	-0.165
6569.687	0.029	-0.166
6569.765	0.030	-0.169
6569.856	0.031	-0.170
6569.935	0.030	-0.170
6570.026	0.029	-0.170
6570.104	0.029	-0.170
6570.182	0.029	-0.170
6570.273	0.029	-0.170
6570.352	0.030	-0.170
6570.429	0.029	-0.170
6570.521	0.030	-0.170
6570.598	0.029	-0.170
6570.690	0.029	-0.170
6570.769	0.029	-0.170
6570.859	0.030	-0.170
6570.937	0.029	-0.173
6571.015	0.029	-0.175
6571.106	0.029	-0.175
6571.185	0.029	-0.175
6571.263	0.029	-0.176
6571.354	0.029	-0.175
6571.432	0.029	-0.175
6571.523	0.030	-0.175
6571.602	0.029	-0.173
6571.679	0.029	-0.172
6571.771	0.029	-0.170
6571.848	0.029	-0.171
6571.940	0.029	-0.170
6572.019	0.029	-0.171
6572.096	0.029	-0.173
6572.187	0.029	-0.175
6572.265	0.029	-0.176
6572.356	0.029	-0.178
6572.435	0.029	-0.176
6572.526	0.029	-0.175
6572.604	0.029	-0.175
6572.682	0.029	-0.175
6572.773	0.029	-0.173
6572.852	0.029	-0.170
6572.929	0.029	-0.169
6573.021	0.029	-0.165
6573.098	0.029	-0.165
6573.190	0.029	-0.165
6573.269	0.027	-0.165
6573.346	0.028	-0.165
6573.437	0.029	-0.165
6573.515	0.028	-0.166
6573.606	0.028	-0.169
6573.685	0.029	-0.168
6573.763	0.029	-0.167
6573.854	0.028	-0.170
6573.932	0.026	-0.170
6574.023	0.028	-0.170
6574.102	0.027	-0.173
6574.179	0.027	-0.175
6574.271	0.028	-0.176
6574.348	0.028	-0.175
6574.440	0.028	-0.178
6574.519	0.028	-0.179
6574.609	0.029	-0.181
6574.687	0.028	-0.181
6574.765	0.027	-0.181
6574.856	0.029	-0.181
6574.935	0.028	-0.181
6575.013	0.027	-0.181
6575.104	0.027	-0.181
6575.182	0.025	-0.181
6575.273	0.028	-0.181
6575.352	0.029	-0.181
6575.429	0.026	-0.180
6575.521	0.028	-0.178
6575.598	0.027	-0.176
6575.690	0.025	-0.175
6575.769	0.026	-0.175
6575.846	0.026	-0.175
6575.937	0.026	-0.175
6576.015	0.025	-0.175
6576.106	0.027	-0.175
6576.185	0.024	-0.175
6576.263	0.024	-0.175
6576.354	0.025	-0.175
6576.432	0.025	-0.177
6576.523	0.024	-0.181
6576.602	0.024	-0.181
6576.679	0.025	-0.181
6576.771	0.025	-0.181
6576.848	0.024	-0.180
6576.940	0.025	-0.177
6577.019	0.024	-0.175
6577.096	0.024	-0.175
6577.187	0.025	-0.175
6577.265	0.024	-0.171
6577.356	0.024	-0.171
6577.435	0.024	-0.170
6577.526	0.024	-0.170
6577.604	0.024	-0.170
6577.682	0.024	-0.170
6577.773	0.025	-0.170
6577.852	0.024	-0.170
6577.942	0.024	-0.170
6578.021	0.024	-0.171
6578.098	0.024	-0.170
6578.190	0.024	-0.170
6578.269	0.024	-0.171
6578.346	0.024	-0.173
6578.437	0.024	-0.175
6578.515	0.024	-0.175
6578.606	0.024	-0.175
6578.685	0.024	-0.176
6578.763	0.024	-0.176
6578.854	0.025	-0.177
6578.932	0.024	-0.177
6579.023	0.024	-0.176
6579.102	0.024	-0.176
6579.192	0.024	-0.177
6579.271	0.024	-0.175
6579.348	0.024	-0.175
6579.440	0.024	-0.175
6579.519	0.024	-0.175
6579.609	0.024	-0.175
6579.687	0.024	-0.176
6579.765	0.024	-0.175
6579.856	0.024	-0.176
6579.935	0.024	-0.176
6580.013	0.024	-0.177
6580.104	0.024	-0.181
6580.182	0.024	-0.181
6580.273	0.024	-0.181
6580.352	0.024	-0.181
6580.429	0.024	-0.181
6580.521	0.024	-0.181
6580.598	0.024	-0.181
6580.690	0.024	-0.182
6580.769	0.024	-0.185
6580.846	0.024	-0.186
6580.937	0.024	-0.182
6581.015	0.024	-0.182
6581.106	0.024	-0.181
6581.185	0.024	-0.181
6581.276	0.024	-0.181
6581.354	0.024	-0.181
6581.432	0.024	-0.181
6581.523	0.024	-0.179
6581.602	0.024	-0.176
6581.692	0.024	-0.175
6581.771	0.024	-0.170
6581.848	0.024	-0.170
6581.940	0.024	-0.170
6582.019	0.024	-0.167
6582.096	0.024	-0.166
6582.187	0.024	-0.165
6582.265	0.024	-0.165
6582.356	0.024	-0.164
6582.435	0.024	-0.164
6582.513	0.024	-0.161
6582.604	0.024	-0.160
6582.682	0.024	-0.160
6582.773	0.024	-0.160
6582.852	0.024	-0.159
6582.929	0.024	-0.158
6583.021	0.024	-0.158
6583.098	0.024	-0.159
6583.190	0.024	-0.158
6583.269	0.023	-0.157
6583.359	0.024	-0.157
6583.437	0.022	-0.158
6583.515	0.024	-0.156
6583.606	0.024	-0.157
6583.685	0.023	-0.156
6583.763	0.024	-0.158
6583.854	0.023	-0.158
6583.932	0.023	-0.160
6584.023	0.023	-0.160
6584.102	0.021	-0.160
6584.192	0.023	-0.160
6584.271	0.024	-0.160
6584.348	0.023	-0.160
6584.440	0.023	-0.159
6584.519	0.023	-0.160
6584.609	0.021	-0.160
6584.687	0.022	-0.160
6584.765	0.022	-0.160
6584.856	0.024	-0.160
6584.935	0.023	-0.160
6585.013	0.021	-0.160
6585.104	0.020	-0.163
6585.182	0.022	-0.163
6585.273	0.020	-0.164
6585.352	0.019	-0.163
6585.429	0.021	-0.164
6585.521	0.020	-0.165
6585.598	0.020	-0.165
6585.690	0.021	-0.165
6585.769	0.019	-0.165
6585.859	0.021	-0.165
6585.937	0.019	-0.165
6586.015	0.021	-0.165
6586.106	0.019	-0.163
6586.185	0.019	-0.160
6586.263	0.020	-0.160
6586.354	0.019	-0.160
6586.432	0.019	-0.160
6586.523	0.019	-0.160
6586.602	0.019	-0.156
6586.679	0.019	-0.156
6586.771	0.019	-0.155
6586.848	0.019	-0.155
6586.940	0.019	-0.155
6587.019	0.020	-0.153
6587.096	0.019	-0.152
6587.187	0.019	-0.153
6587.265	0.019	-0.151
6587.356	0.019	-0.153
6587.435	0.019	-0.155
6587.513	0.019	-0.155
6587.604	0.019	-0.155
6587.682	0.019	-0.155
6587.773	0.019	-0.155
6587.852	0.019	-0.154
6587.929	0.019	-0.155
6588.021	0.019	-0.155
6588.098	0.019	-0.155
6588.190	0.019	-0.155
6588.269	0.019	-0.155
6588.346	0.019	-0.155
6588.437	0.019	-0.155
6588.515	0.019	-0.155
6588.606	0.019	-0.155
6588.685	0.019	-0.156
6588.763	0.019	-0.155
6588.854	0.019	-0.156
6588.932	0.019	-0.155
6589.023	0.019	-0.155
6589.102	0.019	-0.157
6589.179	0.019	-0.158
6589.271	0.019	-0.156
6589.348	0.019	-0.160
6589.440	0.019	-0.160
6589.519	0.019	-0.160
6589.596	0.019	-0.160
6589.687	0.019	-0.162
6589.765	0.019	-0.163
6589.856	0.019	-0.164
6589.935	0.019	-0.165
6590.013	0.019	-0.165
6590.104	0.019	-0.165
6590.182	0.019	-0.163
6590.273	0.019	-0.161
6590.352	0.019	-0.162
6590.429	0.019	-0.163
6590.521	0.019	-0.161
6590.598	0.019	-0.163
6590.690	0.019	-0.160
6590.769	0.019	-0.160
6590.846	0.019	-0.160
6590.937	0.019	-0.159
6591.015	0.019	-0.155
6591.106	0.019	-0.155
6591.185	0.019	-0.153
6591.263	0.019	-0.151
6591.354	0.019	-0.150
6591.432	0.019	-0.149
6591.523	0.019	-0.148
6591.602	0.019	-0.147
6591.679	0.019	-0.147
6591.771	0.019	-0.147
6591.848	0.019	-0.146
6591.940	0.019	-0.145
6592.019	0.019	-0.145
6592.096	0.019	-0.145
6592.187	0.019	-0.145
6592.265	0.019	-0.146
6592.356	0.019	-0.147
6592.435	0.019	-0.149
6592.513	0.019	-0.150
6592.604	0.019	-0.150
6592.682	0.019	-0.154
6592.773	0.019	-0.154
6592.852	0.019	-0.155
6592.929	0.019	-0.158
6593.021	0.019	-0.159
6593.098	0.019	-0.159
6593.164	0.019	-0.160
6593.269	0.019	-0.160
6593.346	0.019	-0.160
6593.437	0.019	-0.160
6593.515	0.019	-0.161
6593.606	0.017	-0.161
6593.685	0.019	-0.160
6593.763	0.018	-0.161
6593.854	0.019	-0.160
6593.932	0.018	-0.160
6594.023	0.018	-0.160
6594.102	0.018	-0.160
6594.179	0.019	-0.160
6594.271	0.019	-0.160
6594.348	0.018	-0.160
6594.440	0.019	-0.160
6594.519	0.018	-0.160
6594.596	0.018	-0.160
6594.687	0.019	-0.160
6594.765	0.018	-0.160
6594.856	0.014	-0.160
6594.935	0.018	-0.160
6595.026	0.017	-0.160
6595.104	0.017	-0.157
6595.182	0.018	-0.155
6595.273	0.018	-0.155
6595.352	0.015	-0.155
6595.429	0.016	-0.155
6595.521	0.016	-0.156
6595.598	0.015	-0.158
6595.690	0.014	-0.160
6595.769	0.015	-0.160
6595.846	0.018	-0.160
6595.937	0.016	-0.160
6596.015	0.014	-0.160
6596.106	0.015	-0.161
6596.185	0.016	-0.161
6596.263	0.014	-0.162
6596.354	0.014	-0.163
6596.432	0.014	-0.164
6596.523	0.014	-0.165
6596.602	0.015	-0.165
6596.679	0.014	-0.165
6596.771	0.015	-0.164
6596.848	0.014	-0.165
6596.940	0.014	-0.165
6597.019	0.014	-0.164
6597.109	0.014	-0.165
6597.187	0.015	-0.165
6597.265	0.014	-0.166
6597.356	0.014	-0.165
6597.435	0.014	-0.165
6597.513	0.014	-0.165
6597.604	0.015	-0.165
6597.682	0.014	-0.164
6597.773	0.014	-0.164
6597.852	0.014	-0.161
6597.929	0.014	-0.160
6598.021	0.014	-0.160
6598.098	0.014	-0.161
6598.190	0.014	-0.164
6598.269	0.014	-0.165
6598.346	0.014	-0.165
6598.437	0.014	-0.167
6598.515	0.014	-0.168
6598.606	0.014	-0.169
6598.685	0.014	-0.170
6598.763	0.014	-0.170
6598.854	0.014	-0.170
6598.932	0.014	-0.167
6599.023	0.014	-0.166
6599.102	0.014	-0.165
6599.179	0.014	-0.164
6599.271	0.014	-0.160
6599.348	0.014	-0.160
6599.440	0.014	-0.160
6599.519	0.014	-0.160
6599.596	0.014	-0.160
6599.687	0.014	-0.158
6599.765	0.014	-0.156
6599.856	0.014	-0.155
6599.935	0.014	-0.155
6600.013	0.014	-0.155
6600.104	0.014	-0.156
6600.182	0.014	-0.155
6600.273	0.014	-0.155
6600.352	0.014	-0.155
6600.429	0.014	-0.155
6600.521	0.014	-0.155
6600.598	0.014	-0.153
6600.690	0.014	-0.153
6600.769	0.014	-0.153
6600.846	0.014	-0.153
6600.937	0.014	-0.153
6601.015	0.014	-0.150
6601.106	0.014	-0.150
6601.185	0.014	-0.150
6601.263	0.014	-0.150
6601.354	0.013	-0.150
6601.432	0.014	-0.150
6601.523	0.014	-0.151
6601.602	0.011	-0.150
6601.692	0.014	-0.150
6601.771	0.014	-0.151
6601.848	0.014	-0.150
6601.940	0.014	-0.153
6602.019	0.014	-0.151
6602.096	0.014	-0.152
6602.187	0.013	-0.150
6602.265	0.013	-0.150
6602.356	0.014	-0.147
6602.435	0.014	-0.147
6602.513	0.012	-0.145
6602.578	0.014	-0.145
6602.682	0.014	-0.145
6602.773	0.013	-0.145
6602.852	0.013	-0.145
6602.929	0.013	-0.145
6603.021	0.013	-0.145
6603.098	0.014	-0.145
6603.190	0.011	-0.145
6603.269	0.011	-0.145
6603.346	0.013	-0.146
6603.437	0.012	-0.145
6603.515	0.013	-0.145
6603.606	0.012	-0.145
6603.685	0.011	-0.145
6603.776	0.012	-0.145
6603.854	0.012	-0.145
6603.932	0.013	-0.145
6604.023	0.013	-0.144
6604.102	0.012	-0.143
6604.179	0.014	-0.141
6604.271	0.013	-0.141
6604.348	0.012	-0.144
6604.440	0.011	-0.141
6604.519	0.011	-0.142
6604.596	0.011	-0.145
6604.687	0.012	-0.145
6604.765	0.012	-0.145
6604.856	0.010	-0.145
6604.935	0.010	-0.145
6605.013	0.009	-0.145
6605.104	0.012	-0.145
6605.182	0.009	-0.145
6605.273	0.009	-0.145
6605.352	0.012	-0.145
6605.429	0.008	-0.145
6605.521	0.008	-0.145
6605.598	0.009	-0.144
6605.690	0.011	-0.142
6605.769	0.009	-0.141
6605.846	0.010	-0.140
6605.937	0.008	-0.140
6606.015	0.009	-0.140
6606.106	0.008	-0.138
6606.185	0.010	-0.137
6606.263	0.009	-0.137
6606.354	0.008	-0.137
6606.432	0.010	-0.137
6606.523	0.009	-0.136
6606.602	0.010	-0.135
6606.679	0.010	-0.136
6606.771	0.008	-0.139
6606.848	0.008	-0.140
6606.940	0.008	-0.140
6607.019	0.009	-0.140
6607.096	0.008	-0.140
6607.187	0.008	-0.140
6607.265	0.008	-0.141
6607.356	0.008	-0.141
6607.435	0.008	-0.141
6607.513	0.008	-0.143
6607.604	0.008	-0.143
6607.682	0.008	-0.145
6607.773	0.008	-0.145
6607.852	0.008	-0.145
6607.929	0.008	-0.145
6608.021	0.008	-0.143
6608.098	0.008	-0.144
6608.190	0.008	-0.141
6608.269	0.008	-0.141
6608.346	0.008	-0.140
6608.437	0.008	-0.140
6608.515	0.008	-0.140
6608.606	0.008	-0.141
6608.685	0.008	-0.142
6608.763	0.008	-0.141
6608.854	0.008	-0.142
6608.932	0.008	-0.141
6609.023	0.008	-0.140
6609.102	0.008	-0.140
6609.179	0.008	-0.140
6609.271	0.008	-0.140
6609.348	0.008	-0.140
6609.440	0.008	-0.140
6609.519	0.008	-0.137
6609.596	0.008	-0.135
6609.687	0.008	-0.135
6609.765	0.008	-0.131
6609.856	0.008	-0.130
6609.935	0.008	-0.130
6610.013	0.008	-0.130
6610.104	0.008	-0.130
6610.182	0.008	-0.131
6610.273	0.008	-0.132
6610.352	0.008	-0.133
6610.429	0.008	-0.135
6610.521	0.008	-0.136
6610.598	0.008	-0.138
6610.690	0.008	-0.139
6610.769	0.008	-0.140
6610.846	0.008	-0.140
6610.937	0.008	-0.141
6611.015	0.008	-0.141
6611.106	0.008	-0.144
6611.185	0.008	-0.145
6611.263	0.008	-0.145
6611.354	0.008	-0.146
6611.432	0.008	-0.147
6611.523	0.008	-0.146
6611.602	0.008	-0.147
6611.679	0.008	-0.147
6611.771	0.008	-0.145
6611.848	0.008	-0.145
6611.940	0.008	-0.145
6612.019	0.007	-0.145
6612.096	0.007	-0.145
6612.187	0.008	-0.145
6612.265	0.008	-0.145
6612.356	0.008	-0.145
6612.435	0.007	-0.145
6612.513	0.008	-0.145
6612.604	0.008	-0.145
6612.682	0.008	-0.145
6612.773	0.008	-0.145
6612.852	0.008	-0.147
6612.929	0.008	-0.146
6613.021	0.008	-0.145
6613.098	0.008	-0.145
6613.190	0.008	-0.145
6613.269	0.008	-0.145
6613.346	0.008	-0.145
6613.437	0.007	-0.145
6613.515	0.006	-0.145
6613.606	0.007	-0.145
6613.685	0.007	-0.145
6613.763	0.006	-0.145
6613.854	0.007	-0.145
6613.932	0.007	-0.144
6614.023	0.008	-0.144
6614.102	0.004	-0.143
6614.179	0.006	-0.144
6614.271	0.004	-0.144
6614.348	0.006	-0.145
6614.440	0.005	-0.145
6614.519	0.007	-0.145
6614.596	0.006	-0.145
6614.687	0.006	-0.145
6614.765	0.005	-0.141
6614.856	0.007	-0.141
6614.935	0.007	-0.140
6615.013	0.004	-0.140
6615.104	0.004	-0.140
6615.182	0.003	-0.140
6615.273	0.006	-0.140
6615.352	0.004	-0.140
6615.429	0.005	-0.140
6615.521	0.004	-0.140
6615.598	0.003	-0.140
6615.690	0.003	-0.140
6615.769	0.004	-0.141
6615.846	0.003	-0.145
6615.937	0.003	-0.145
6616.015	0.004	-0.143
6616.106	0.003	-0.141
6616.185	0.004	-0.140
6616.263	0.003	-0.141
6616.354	0.004	-0.140
6616.432	0.003	-0.140
6616.523	0.003	-0.140
6616.602	0.003	-0.140
6616.679	0.004	-0.140
6616.771	0.004	-0.140
6616.848	0.005	-0.139
6616.940	0.003	-0.139
6617.019	0.004	-0.139
6617.096	0.003	-0.139
6617.187	0.003	-0.136
6617.265	0.003	-0.136
6617.356	0.003	-0.136
6617.435	0.003	-0.137
6617.513	0.003	-0.140
6617.604	0.003	-0.140
6617.682	0.003	-0.142
6617.773	0.003	-0.145
6617.852	0.003	-0.145
6617.929	0.003	-0.145
6618.021	0.003	-0.145
6618.098	0.003	-0.145
6618.190	0.003	-0.146
6618.269	0.003	-0.145
6618.346	0.003	-0.146
6618.437	0.003	-0.145
6618.515	0.003	-0.145
6618.606	0.003	-0.145
6618.685	0.003	-0.144
6618.763	0.003	-0.143
6618.854	0.003	-0.140
6618.932	0.003	-0.141
6619.023	0.003	-0.141
6619.102	0.003	-0.142
6619.179	0.003	-0.144
6619.271	0.003	-0.144
6619.348	0.003	-0.145
6619.440	0.003	-0.145
6619.519	0.003	-0.145
6619.596	0.003	-0.146
6619.687	0.003	-0.147
6619.765	0.003	-0.148
6619.856	0.003	-0.150
6619.935	0.003	-0.150
6620.013	0.003	-0.149
6620.104	0.003	-0.145
6620.182	0.003	-0.145
6620.273	0.003	-0.144
6620.352	0.003	-0.140
6620.429	0.003	-0.140
6620.521	0.003	-0.139
6620.598	0.003	-0.137
6620.690	0.003	-0.135
6620.769	0.003	-0.135
6620.846	0.003	-0.133
6620.937	0.003	-0.130
6621.015	0.003	-0.130
6621.106	0.003	-0.130
6621.185	0.003	-0.130
6621.263	0.003	-0.130
6621.354	0.003	-0.130
6621.432	0.003	-0.130
6621.523	0.003	-0.131
6621.602	0.003	-0.132
6621.679	0.003	-0.134
6621.771	0.003	-0.134
6621.848	0.003	-0.135
6621.940	0.003	-0.135
6622.019	0.003	-0.135
6622.096	0.003	-0.136
6622.187	0.003	-0.136
6622.265	0.003	-0.139
6622.356	0.003	-0.135
6622.435	0.003	-0.138
6622.513	0.003	-0.137
6622.604	0.003	-0.136
6622.682	0.003	-0.136
6622.773	0.003	-0.135
6622.852	0.003	-0.131
6622.929	0.003	-0.130
6623.021	0.003	-0.130
6623.098	0.003	-0.130
6623.190	0.003	-0.130
6623.269	0.003	-0.130
6623.346	0.003	-0.130
6623.437	0.003	-0.130
6623.515	0.003	-0.130
6623.606	0.003	-0.130
6623.685	0.003	-0.133
6623.763	0.003	-0.134
6623.854	0.003	-0.133
6623.932	0.003	-0.136
6624.023	0.002	-0.136
6624.102	0.002	-0.139
6624.179	0.003	-0.140
6624.271	0.003	-0.140
6624.348	0.003	-0.142
6624.440	0.003	-0.143
6624.519	0.003	-0.145
6624.596	0.003	-0.145
6624.687	0.003	-0.145
6624.765	0.003	-0.145
6624.856	0.003	-0.145
6624.935	0.003	-0.145
6625.013	0.003	-0.145
6625.104	0.002	-0.145
6625.182	0.003	-0.145
6625.273	0.003	-0.145
6625.352	0.003	-0.145
6625.429	0.003	-0.145
6625.521	0.003	-0.144
6625.598	0.003	-0.141
6625.690	0.003	-0.140
6625.769	0.003	-0.140
6625.846	0.001	-0.138
6625.937	0.003	-0.136
6626.015	0.002	-0.135
6626.106	0.003	-0.134
6626.185	0.003	-0.131
6626.263	0.002	-0.130
6626.354	0.003	-0.130
6626.432	0.003	-0.130
6626.523	0.003	-0.129
6626.602	0.002	-0.130
6626.679	0.003	-0.130
6626.771	0.002	-0.130
6626.848	0.003	-0.130
6626.940	0.001	-0.130
6627.019	0.002	-0.130
6627.096	0.003	-0.130
6627.187	0.001	-0.130
6627.265	0.002	-0.134
6627.356	0.002	-0.135
6627.435	0.002	-0.135
6627.513	0.002	-0.135
6627.604	0.002	-0.135
6627.682	0.001	-0.135
6627.773	0.002	-0.135
6627.852	0.000	-0.136
6627.929	0.001	-0.138
6628.021	0.001	-0.139
6628.098	-0.001	-0.140
6628.190	0.001	-0.140
6628.269	0.001	-0.141
6628.346	0.000	-0.143
6628.437	0.000	-0.145
6628.515	-0.001	-0.145
6628.593	0.000	-0.145
6628.685	0.000	-0.145
6628.763	0.001	-0.144
6628.854	0.001	-0.143
6628.932	-0.002	-0.143
6629.010	-0.001	-0.140
6629.102	-0.002	-0.140
6629.179	-0.002	-0.140
6629.271	0.001	-0.140
6629.348	-0.002	-0.135
6629.427	0.001	-0.133
6629.519	-0.001	-0.130
6629.596	-0.001	-0.130
6629.687	-0.001	-0.130
6629.765	-0.001	-0.130
6629.843	-0.001	-0.130
6629.935	-0.002	-0.130
6630.013	-0.002	-0.130
6630.104	-0.002	-0.130
6630.182	-0.002	-0.130
6630.273	-0.002	-0.130
6630.352	-0.001	-0.130
6630.429	-0.002	-0.130
6630.521	-0.002	-0.133
6630.598	-0.002	-0.135
6630.677	0.000	-0.135
6630.769	-0.002	-0.135
6630.846	-0.001	-0.134
6630.937	-0.001	-0.135
6631.015	-0.002	-0.134
6631.093	-0.002	-0.133
6631.185	-0.001	-0.135
6631.263	-0.001	-0.132
6631.354	-0.002	-0.130
6631.432	-0.002	-0.130
6631.523	-0.002	-0.130
6631.602	-0.002	-0.130
6631.679	-0.002	-0.129
6631.771	-0.002	-0.129
6631.848	-0.002	-0.127
6631.927	-0.002	-0.125
6632.019	-0.002	-0.124
6632.096	-0.002	-0.124
6632.187	-0.002	-0.124
6632.265	-0.002	-0.124
6632.343	-0.002	-0.124
6632.435	-0.002	-0.124
6632.513	-0.002	-0.124
6632.604	-0.002	-0.124
6632.682	-0.002	-0.126
6632.760	-0.002	-0.125
6632.852	-0.002	-0.125
6632.929	-0.002	-0.125
6633.021	-0.002	-0.126
6633.098	-0.002	-0.128
6633.177	-0.002	-0.129
6633.269	-0.002	-0.130
6633.346	-0.002	-0.130
6633.437	-0.002	-0.130
6633.515	-0.002	-0.130
6633.593	-0.002	-0.135
6633.685	-0.001	-0.134
6633.763	-0.002	-0.135
6633.854	-0.002	-0.135
6633.932	-0.002	-0.133
6634.010	-0.002	-0.135
6634.102	-0.002	-0.135
6634.179	-0.002	-0.135
6634.271	-0.002	-0.135
6634.348	-0.002	-0.135
6634.427	-0.002	-0.135
6634.519	-0.002	-0.136
6634.596	-0.002	-0.136
6634.687	-0.002	-0.137
6634.765	-0.002	-0.140
6634.843	-0.002	-0.140
6634.935	-0.002	-0.140
6635.013	-0.002	-0.140
6635.104	-0.002	-0.142
6635.182	-0.002	-0.142
6635.260	-0.002	-0.144
6635.352	-0.002	-0.142
6635.429	-0.002	-0.143
6635.521	-0.002	-0.141
6635.598	-0.002	-0.140
6635.690	-0.002	-0.140
6635.769	-0.002	-0.140
6635.846	-0.002	-0.140
6635.937	-0.002	-0.140
6636.015	-0.002	-0.136
6636.106	-0.002	-0.135
6636.185	-0.002	-0.133
6636.263	-0.002	-0.130
6636.354	-0.002	-0.130
6636.432	-0.002	-0.130
6636.510	-0.003	-0.130
6636.602	-0.003	-0.130
6636.679	-0.002	-0.126
6636.771	-0.002	-0.126
6636.848	-0.002	-0.128
6636.927	-0.002	-0.130
6637.019	-0.002	-0.130
6637.096	-0.002	-0.130
6637.187	-0.003	-0.130
6637.265	-0.002	-0.130
6637.356	-0.002	-0.130
6637.435	-0.002	-0.130
6637.513	-0.002	-0.130
6637.604	-0.002	-0.130
6637.682	-0.002	-0.130
6637.760	-0.002	-0.130
6637.852	-0.002	-0.130
6637.929	-0.002	-0.128
6638.021	-0.002	-0.124
6638.098	-0.002	-0.124
6638.177	-0.003	-0.124
6638.269	-0.002	-0.124
6638.346	-0.003	-0.124
6638.437	-0.002	-0.124
6638.515	-0.002	-0.124
6638.606	-0.003	-0.124
6638.685	-0.004	-0.124
6638.763	-0.003	-0.124
6638.854	-0.003	-0.124
6638.932	-0.002	-0.128
6639.023	-0.004	-0.130
6639.102	-0.003	-0.130
6639.179	-0.002	-0.130
6639.271	-0.003	-0.128
6639.348	-0.004	-0.129
6639.427	-0.003	-0.126
6639.519	-0.003	-0.129
6639.596	-0.003	-0.130
6639.687	-0.003	-0.130
6639.765	-0.005	-0.130
6639.856	-0.005	-0.130
6639.935	-0.005	-0.130
6640.013	-0.005	-0.129
6640.104	-0.004	-0.130
6640.182	-0.003	-0.129
6640.260	-0.006	-0.129
6640.352	-0.005	-0.130
6640.429	-0.005	-0.130
6640.521	-0.006	-0.130
6640.598	-0.004	-0.130
6640.677	-0.003	-0.129
6640.769	-0.005	-0.129
6640.846	-0.005	-0.124
6640.937	-0.003	-0.124
6641.015	-0.004	-0.124
6641.093	-0.006	-0.124
6641.185	-0.005	-0.123
6641.263	-0.005	-0.124
6641.354	-0.004	-0.122
6641.432	-0.007	-0.123
6641.510	-0.006	-0.121
6641.602	-0.006	-0.120
6641.679	-0.006	-0.119
6641.771	-0.007	-0.123
6641.848	-0.007	-0.122
6641.927	-0.007	-0.122
6642.019	-0.006	-0.124
6642.096	-0.007	-0.124
6642.187	-0.005	-0.124
6642.265	-0.007	-0.124
6642.343	-0.006	-0.124
6642.435	-0.007	-0.124
6642.513	-0.007	-0.124
6642.604	-0.007	-0.124
6642.682	-0.006	-0.124
6642.773	-0.007	-0.124
6642.852	-0.007	-0.124
6642.929	-0.007	-0.124
6643.021	-0.006	-0.122
6643.098	-0.007	-0.119
6643.177	-0.007	-0.119
6643.269	-0.007	-0.117
6643.346	-0.007	-0.114
6643.437	-0.007	-0.113
6643.502	-0.007	-0.110
6643.593	-0.007	-0.110
6643.685	-0.006	-0.109
6643.763	-0.007	-0.109
6643.854	-0.007	-0.108
6643.932	-0.007	-0.108
6644.010	-0.007	-0.105
6644.102	-0.007	-0.105
6644.179	-0.007	-0.104
6644.271	-0.007	-0.104
6644.348	-0.007	-0.104
6644.427	-0.007	-0.104
6644.519	-0.007	-0.104
6644.596	-0.007	-0.104
6644.687	-0.007	-0.105
6644.765	-0.007	-0.105
6644.843	-0.007	-0.107
6644.935	-0.007	-0.109
6645.013	-0.007	-0.111
6645.104	-0.007	-0.113
6645.182	-0.007	-0.114
6645.260	-0.007	-0.119
6645.352	-0.007	-0.119
6645.429	-0.007	-0.119
6645.521	-0.007	-0.119
6645.598	-0.007	-0.120
6645.677	-0.007	-0.121
6645.769	-0.007	-0.124
6645.846	-0.007	-0.124
6645.937	-0.007	-0.124
6646.015	-0.007	-0.124
6646.093	-0.007	-0.124
6646.185	-0.007	-0.124
6646.263	-0.007	-0.124
6646.354	-0.007	-0.124
6646.432	-0.007	-0.124
6646.510	-0.007	-0.124
6646.602	-0.007	-0.124
6646.679	-0.007	-0.124
6646.771	-0.007	-0.124
6646.848	-0.007	-0.121
6646.927	-0.007	-0.120
6647.019	-0.007	-0.119
6647.096	-0.007	-0.119
6647.187	-0.007	-0.118
6647.265	-0.007	-0.115
6647.343	-0.007	-0.114
6647.435	-0.007	-0.115
6647.513	-0.007	-0.116
6647.604	-0.007	-0.114
6647.682	-0.007	-0.114
6647.760	-0.007	-0.116
6647.852	-0.007	-0.117
6647.929	-0.007	-0.119
6647.994	-0.007	-0.119
6648.098	-0.007	-0.119
6648.177	-0.007	-0.119
6648.269	-0.007	-0.124
6648.346	-0.007	-0.124
6648.411	-0.007	-0.124
6648.515	-0.007	-0.124
6648.593	-0.007	-0.126
6648.685	-0.007	-0.126
6648.763	-0.007	-0.127
6648.854	-0.007	-0.126
6648.932	-0.007	-0.128
6649.010	-0.007	-0.129
6649.102	-0.007	-0.130
6649.179	-0.007	-0.130
6649.271	-0.007	-0.130
6649.348	-0.007	-0.129
6649.427	-0.007	-0.125
6649.519	-0.007	-0.125
6649.596	-0.007	-0.124
6649.687	-0.007	-0.124
6649.765	-0.007	-0.124
6649.843	-0.007	-0.124
6649.935	-0.007	-0.124
6650.013	-0.007	-0.124
6650.104	-0.007	-0.124
6650.182	-0.007	-0.124
6650.260	-0.007	-0.124
6650.352	-0.007	-0.124
6650.429	-0.007	-0.124
6650.521	-0.007	-0.124
6650.598	-0.007	-0.124
6650.677	-0.007	-0.120
6650.769	-0.007	-0.119
6650.846	-0.007	-0.119
6650.937	-0.008	-0.117
6651.015	-0.007	-0.114
6651.093	-0.007	-0.113
6651.185	-0.007	-0.110
6651.263	-0.007	-0.109
6651.354	-0.007	-0.109
6651.432	-0.007	-0.109
6651.510	-0.007	-0.109
6651.602	-0.007	-0.110
6651.679	-0.008	-0.111
6651.771	-0.007	-0.113
6651.848	-0.009	-0.111
6651.927	-0.009	-0.111
6652.019	-0.007	-0.113
6652.096	-0.008	-0.113
6652.187	-0.009	-0.114
6652.265	-0.007	-0.114
6652.343	-0.008	-0.113
6652.435	-0.009	-0.114
6652.513	-0.007	-0.113
6652.604	-0.008	-0.113
6652.682	-0.008	-0.113
6652.760	-0.009	-0.110
6652.852	-0.009	-0.109
6652.917	-0.009	-0.109
6653.021	-0.009	-0.109
6653.098	-0.009	-0.109
6653.177	-0.008	-0.109
6653.269	-0.008	-0.109
6653.346	-0.009	-0.109
6653.437	-0.008	-0.110
6653.515	-0.009	-0.112
6653.593	-0.010	-0.111
6653.685	-0.008	-0.113
6653.763	-0.008	-0.114
6653.854	-0.009	-0.113
6653.932	-0.010	-0.114
6654.010	-0.009	-0.114
6654.102	-0.010	-0.114
6654.179	-0.009	-0.113
6654.271	-0.008	-0.113
6654.348	-0.009	-0.113
6654.427	-0.011	-0.113
6654.519	-0.009	-0.114
6654.596	-0.010	-0.114
6654.687	-0.012	-0.115
6654.765	-0.010	-0.118
6654.843	-0.011	-0.119
6654.935	-0.009	-0.119
6655.013	-0.010	-0.119
6655.104	-0.012	-0.120
6655.182	-0.012	-0.123
6655.260	-0.011	-0.123
6655.352	-0.010	-0.123
6655.429	-0.010	-0.124
6655.521	-0.012	-0.124
6655.598	-0.011	-0.124
6655.677	-0.011	-0.124
6655.769	-0.009	-0.124
6655.846	-0.011	-0.124
6655.937	-0.012	-0.124
6656.015	-0.011	-0.124
6656.093	-0.012	-0.121
6656.185	-0.012	-0.123
6656.263	-0.010	-0.119
6656.354	-0.010	-0.119
6656.432	-0.012	-0.119
6656.510	-0.011	-0.119
6656.602	-0.012	-0.119
6656.679	-0.012	-0.119
6656.771	-0.012	-0.119
6656.848	-0.011	-0.119
6656.927	-0.012	-0.119
6657.019	-0.011	-0.119
6657.096	-0.012	-0.119
6657.187	-0.011	-0.119
6657.265	-0.010	-0.118
6657.343	-0.011	-0.116
6657.435	-0.012	-0.114
6657.513	-0.012	-0.114
6657.604	-0.012	-0.114
6657.682	-0.012	-0.114
6657.760	-0.012	-0.114
6657.852	-0.012	-0.113
6657.929	-0.012	-0.109
6658.021	-0.012	-0.110
6658.098	-0.012	-0.109
6658.177	-0.012	-0.109
6658.269	-0.012	-0.109
6658.346	-0.012	-0.110
6658.437	-0.012	-0.109
6658.515	-0.012	-0.109
6658.593	-0.012	-0.112
6658.685	-0.012	-0.112
6658.763	-0.012	-0.113
6658.854	-0.012	-0.112
6658.932	-0.012	-0.112
6659.010	-0.012	-0.110
6659.102	-0.012	-0.109
6659.179	-0.012	-0.109
6659.271	-0.012	-0.109
6659.348	-0.012	-0.109
6659.427	-0.012	-0.109
6659.519	-0.012	-0.109
6659.596	-0.012	-0.109
6659.687	-0.012	-0.109
6659.765	-0.012	-0.109
6659.843	-0.012	-0.109
6659.935	-0.012	-0.109
6660.013	-0.012	-0.109
6660.104	-0.012	-0.109
6660.182	-0.012	-0.111
6660.260	-0.012	-0.113
6660.352	-0.012	-0.113
6660.429	-0.012	-0.113
6660.521	-0.012	-0.113
6660.598	-0.012	-0.114
6660.677	-0.012	-0.113
6660.769	-0.012	-0.114
6660.846	-0.012	-0.114
6660.937	-0.012	-0.112
6661.015	-0.012	-0.110
6661.093	-0.012	-0.112
6661.185	-0.012	-0.110
6661.263	-0.012	-0.109
6661.354	-0.012	-0.110
6661.432	-0.012	-0.110
6661.510	-0.012	-0.109
6661.602	-0.012	-0.110
6661.679	-0.012	-0.113
6661.771	-0.012	-0.114
6661.848	-0.012	-0.115
6661.927	-0.013	-0.116
6662.019	-0.012	-0.119
6662.096	-0.012	-0.119
6662.187	-0.012	-0.117
6662.265	-0.012	-0.115
6662.343	-0.012	-0.114
6662.435	-0.012	-0.114
6662.513	-0.012	-0.114
6662.604	-0.013	-0.114
6662.682	-0.012	-0.114
6662.760	-0.012	-0.114
6662.852	-0.012	-0.111
6662.929	-0.012	-0.110
6663.021	-0.012	-0.109
6663.098	-0.013	-0.109
6663.177	-0.012	-0.109
6663.269	-0.012	-0.109
6663.346	-0.013	-0.109
6663.437	-0.012	-0.110
6663.515	-0.012	-0.109
6663.593	-0.012	-0.109
6663.685	-0.012	-0.109
6663.763	-0.012	-0.109
6663.854	-0.012	-0.109
6663.932	-0.013	-0.109
6664.010	-0.013	-0.109
6664.102	-0.014	-0.108
6664.179	-0.014	-0.109
6664.271	-0.015	-0.109
6664.348	-0.014	-0.109
6664.427	-0.015	-0.109
6664.519	-0.013	-0.109
6664.596	-0.015	-0.107
6664.687	-0.014	-0.106
6664.765	-0.015	-0.104
6664.843	-0.015	-0.104
6664.935	-0.013	-0.104
6665.013	-0.013	-0.106
6665.104	-0.015	-0.104
6665.182	-0.015	-0.103
6665.260	-0.013	-0.100
6665.352	-0.015	-0.099
6665.429	-0.015	-0.099
6665.521	-0.013	-0.099
6665.598	-0.013	-0.096
6665.677	-0.015	-0.096
6665.769	-0.013	-0.096
6665.846	-0.015	-0.096
6665.937	-0.016	-0.097
6666.015	-0.014	-0.098
6666.093	-0.015	-0.099
6666.185	-0.015	-0.099
6666.263	-0.013	-0.099
6666.354	-0.015	-0.099
6666.432	-0.015	-0.102
6666.510	-0.015	-0.104
6666.602	-0.016	-0.104
6666.679	-0.015	-0.104
6666.771	-0.014	-0.106
6666.848	-0.015	-0.104
6666.927	-0.017	-0.108
6667.019	-0.014	-0.108
6667.096	-0.015	-0.107
6667.187	-0.015	-0.106
6667.265	-0.015	-0.107
6667.343	-0.016	-0.104
6667.435	-0.017	-0.104
6667.513	-0.015	-0.102
6667.604	-0.017	-0.100
6667.682	-0.016	-0.099
6667.760	-0.016	-0.099
6667.852	-0.017	-0.099
6667.929	-0.017	-0.099
6668.021	-0.016	-0.097
6668.098	-0.015	-0.099
6668.177	-0.017	-0.097
6668.269	-0.015	-0.099
6668.346	-0.017	-0.099
6668.437	-0.016	-0.099
6668.515	-0.016	-0.101
6668.593	-0.016	-0.103
6668.685	-0.016	-0.104
6668.763	-0.017	-0.104
6668.854	-0.016	-0.107
6668.932	-0.017	-0.108
6669.010	-0.017	-0.109
6669.102	-0.016	-0.109
6669.179	-0.017	-0.109
6669.271	-0.017	-0.109
6669.348	-0.016	-0.109
6669.427	-0.017	-0.109
6669.519	-0.017	-0.109
6669.596	-0.017	-0.109
6669.687	-0.017	-0.109
6669.765	-0.017	-0.109
6669.843	-0.016	-0.109
6669.935	-0.017	-0.109
6670.013	-0.017	-0.109
6670.104	-0.017	-0.109
6670.182	-0.017	-0.109
6670.260	-0.016	-0.109
6670.352	-0.017	-0.109
6670.429	-0.017	-0.107
6670.521	-0.017	-0.106
6670.598	-0.017	-0.106
6670.677	-0.016	-0.105
6670.769	-0.017	-0.104
6670.846	-0.017	-0.103
6670.937	-0.017	-0.103
6671.015	-0.017	-0.102
6671.093	-0.017	-0.102
6671.185	-0.017	-0.102
6671.263	-0.017	-0.101
6671.341	-0.017	-0.100
6671.432	-0.017	-0.102
6671.510	-0.017	-0.104
6671.602	-0.017	-0.102
6671.679	-0.017	-0.103
6671.771	-0.017	-0.104
6671.848	-0.017	-0.104
6671.927	-0.017	-0.104
6672.019	-0.017	-0.104
6672.096	-0.017	-0.104
6672.187	-0.017	-0.104
6672.265	-0.017	-0.105
6672.343	-0.017	-0.104
6672.435	-0.017	-0.104
6672.513	-0.017	-0.104
6672.591	-0.017	-0.104
6672.682	-0.017	-0.104
6672.760	-0.017	-0.104
6672.852	-0.017	-0.104
6672.929	-0.017	-0.104
6673.021	-0.017	-0.105
6673.098	-0.017	-0.105
6673.177	-0.017	-0.105
6673.269	-0.017	-0.104
6673.346	-0.017	-0.105
6673.437	-0.017	-0.106
6673.515	-0.017	-0.107
6673.593	-0.017	-0.107
6673.685	-0.017	-0.107
6673.763	-0.017	-0.106
6673.854	-0.017	-0.107
6673.932	-0.017	-0.107
6674.010	-0.017	-0.109
6674.102	-0.017	-0.107
6674.179	-0.017	-0.109
6674.271	-0.017	-0.107
6674.348	-0.017	-0.107
6674.427	-0.017	-0.107
6674.519	-0.017	-0.106
6674.596	-0.017	-0.104
6674.687	-0.017	-0.106
6674.765	-0.017	-0.107
6674.843	-0.017	-0.105
6674.935	-0.017	-0.106
6675.013	-0.017	-0.108
6675.104	-0.017	-0.107
6675.182	-0.017	-0.108
6675.260	-0.017	-0.109
6675.352	-0.017	-0.112
6675.429	-0.017	-0.114
6675.507	-0.017	-0.114
6675.598	-0.017	-0.115
6675.677	-0.017	-0.114
6675.769	-0.017	-0.114
6675.833	-0.017	-0.114
6675.937	-0.017	-0.114
6676.015	-0.017	-0.114
6676.093	-0.017	-0.112
6676.185	-0.017	-0.109
6676.263	-0.017	-0.109
6676.354	-0.017	-0.109
6676.432	-0.017	-0.108
6676.510	-0.017	-0.109
6676.602	-0.017	-0.109
6676.679	-0.017	-0.108
6676.771	-0.017	-0.107
6676.848	-0.017	-0.104
6676.927	-0.017	-0.104
6677.019	-0.017	-0.104
6677.096	-0.017	-0.104
6677.187	-0.017	-0.104
6677.265	-0.017	-0.104
6677.343	-0.017	-0.104
6677.435	-0.017	-0.104
6677.513	-0.017	-0.104
6677.604	-0.017	-0.102
6677.682	-0.017	-0.102
6677.760	-0.017	-0.102
6677.852	-0.017	-0.102
6677.929	-0.017	-0.100
6678.021	-0.017	-0.099
6678.098	-0.017	-0.099
6678.177	-0.017	-0.099
6678.269	-0.017	-0.099
6678.346	-0.017	-0.097
6678.437	-0.017	-0.097
6678.515	-0.017	-0.095
6678.593	-0.017	-0.096
6678.685	-0.017	-0.094
6678.763	-0.017	-0.095
6678.854	-0.017	-0.094
6678.932	-0.017	-0.094
6679.010	-0.017	-0.094
6679.102	-0.017	-0.095
6679.179	-0.017	-0.094
6679.271	-0.017	-0.094
6679.348	-0.017	-0.093
6679.427	-0.017	-0.094
6679.519	-0.018	-0.091
6679.596	-0.017	-0.091
6679.687	-0.017	-0.091
6679.765	-0.017	-0.094
6679.843	-0.017	-0.094
6679.935	-0.017	-0.096
6680.013	-0.017	-0.099
6680.104	-0.017	-0.099
6680.182	-0.017	-0.099
6680.260	-0.017	-0.099
6680.352	-0.018	-0.100
6680.429	-0.017	-0.101
6680.521	-0.017	-0.101
6680.598	-0.017	-0.103
6680.677	-0.017	-0.102
6680.769	-0.017	-0.101
6680.846	-0.017	-0.101
6680.937	-0.017	-0.100
6681.015	-0.017	-0.099
6681.093	-0.017	-0.100
6681.185	-0.018	-0.099
6681.263	-0.018	-0.099
6681.354	-0.017	-0.099
6681.432	-0.019	-0.098
6681.510	-0.018	-0.099
6681.602	-0.017	-0.099
6681.679	-0.019	-0.099
6681.771	-0.017	-0.099
6681.848	-0.018	-0.099
6681.927	-0.017	-0.101
6682.019	-0.017	-0.104
6682.096	-0.019	-0.103
6682.187	-0.020	-0.104
6682.265	-0.017	-0.104
6682.343	-0.019	-0.104
6682.435	-0.017	-0.104
6682.513	-0.017	-0.104
6682.604	-0.017	-0.103
6682.682	-0.019	-0.103
6682.760	-0.018	-0.104
6682.852	-0.018	-0.104
6682.929	-0.019	-0.103
6683.007	-0.017	-0.100
6683.098	-0.020	-0.099
6683.177	-0.018	-0.099
6683.269	-0.017	-0.099
6683.346	-0.019	-0.099
6683.424	-0.017	-0.099
6683.515	-0.017	-0.099
6683.593	-0.017	-0.099
6683.685	-0.018	-0.098
6683.763	-0.018	-0.098
6683.854	-0.019	-0.099
6683.932	-0.018	-0.097
6684.010	-0.018	-0.097
6684.102	-0.019	-0.097
6684.179	-0.018	-0.098
6684.257	-0.019	-0.096
6684.348	-0.018	-0.094
6684.427	-0.020	-0.094
6684.519	-0.020	-0.094
6684.596	-0.019	-0.094
6684.687	-0.020	-0.094
6684.765	-0.020	-0.095
6684.843	-0.021	-0.094
6684.935	-0.018	-0.094
6685.013	-0.019	-0.094
6685.104	-0.020	-0.094
6685.182	-0.018	-0.097
6685.260	-0.022	-0.098
6685.352	-0.019	-0.098
6685.429	-0.020	-0.098
6685.521	-0.021	-0.099
6685.598	-0.020	-0.099
6685.677	-0.021	-0.099
6685.769	-0.020	-0.099
6685.846	-0.020	-0.099
6685.937	-0.020	-0.099
6686.015	-0.020	-0.099
6686.093	-0.020	-0.100
6686.185	-0.020	-0.099
6686.263	-0.019	-0.099
6686.341	-0.022	-0.099
6686.432	-0.020	-0.099
6686.510	-0.020	-0.099
6686.602	-0.021	-0.099
6686.679	-0.021	-0.100
6686.757	-0.022	-0.099
6686.848	-0.021	-0.099
6686.927	-0.021	-0.099
6687.019	-0.021	-0.099
6687.096	-0.020	-0.099
6687.174	-0.021	-0.099
6687.265	-0.021	-0.099
6687.343	-0.022	-0.099
6687.435	-0.021	-0.099
6687.513	-0.022	-0.099
6687.591	-0.021	-0.097
6687.682	-0.022	-0.099
6687.760	-0.021	-0.099
6687.852	-0.022	-0.098
6687.929	-0.022	-0.095
6688.007	-0.021	-0.095
6688.098	-0.022	-0.094
6688.177	-0.022	-0.093
6688.269	-0.021	-0.090
6688.346	-0.022	-0.092
6688.424	-0.022	-0.093
6688.515	-0.022	-0.091
6688.593	-0.022	-0.089
6688.685	-0.022	-0.090
6688.763	-0.022	-0.089
6688.841	-0.022	-0.089
6688.932	-0.021	-0.088
6689.010	-0.022	-0.089
6689.102	-0.022	-0.089
6689.179	-0.022	-0.089
6689.271	-0.022	-0.089
6689.348	-0.022	-0.089
6689.427	-0.022	-0.088
6689.519	-0.022	-0.089
6689.596	-0.022	-0.089
6689.674	-0.022	-0.089
6689.765	-0.022	-0.089
6689.843	-0.022	-0.091
6689.935	-0.021	-0.092
6690.013	-0.022	-0.094
6690.104	-0.022	-0.094
6690.182	-0.022	-0.095
6690.260	-0.022	-0.096
6690.352	-0.022	-0.096
6690.429	-0.022	-0.096
6690.507	-0.022	-0.098
6690.598	-0.022	-0.096
6690.677	-0.022	-0.096
6690.769	-0.022	-0.095
6690.846	-0.022	-0.094
6690.924	-0.022	-0.094
6691.015	-0.022	-0.093
6691.093	-0.022	-0.090
6691.185	-0.022	-0.089
6691.263	-0.022	-0.089
6691.341	-0.022	-0.089
6691.432	-0.022	-0.089
6691.510	-0.022	-0.089
6691.602	-0.022	-0.089
6691.679	-0.022	-0.090
6691.757	-0.022	-0.089
6691.848	-0.022	-0.089
6691.927	-0.022	-0.090
6692.019	-0.022	-0.089
6692.096	-0.022	-0.090
6692.187	-0.022	-0.089
6692.265	-0.022	-0.089
6692.343	-0.022	-0.090
6692.435	-0.022	-0.089
6692.513	-0.022	-0.089
6692.591	-0.022	-0.089
6692.682	-0.022	-0.089
6692.760	-0.022	-0.089
6692.852	-0.022	-0.089
6692.929	-0.022	-0.090
6693.007	-0.022	-0.091
6693.098	-0.022	-0.092
6693.177	-0.022	-0.094
6693.269	-0.022	-0.094
6693.346	-0.022	-0.094
6693.437	-0.022	-0.092
6693.515	-0.022	-0.093
6693.593	-0.022	-0.094
6693.685	-0.022	-0.092
6693.763	-0.022	-0.089
6693.841	-0.022	-0.089
6693.932	-0.022	-0.088
6694.010	-0.022	-0.087
6694.102	-0.022	-0.086
6694.179	-0.022	-0.084
6694.271	-0.022	-0.084
6694.348	-0.022	-0.084
6694.427	-0.022	-0.085
6694.519	-0.022	-0.085
6694.596	-0.022	-0.088
6694.674	-0.023	-0.088
6694.765	-0.022	-0.089
6694.843	-0.022	-0.089
6694.935	-0.022	-0.089
6695.013	-0.022	-0.089
6695.091	-0.022	-0.089
6695.182	-0.022	-0.089
6695.260	-0.023	-0.088
6695.352	-0.022	-0.088
6695.429	-0.022	-0.088
6695.507	-0.022	-0.088
6695.598	-0.022	-0.086
6695.677	-0.022	-0.087
6695.769	-0.022	-0.087
6695.846	-0.022	-0.087
6695.937	-0.022	-0.089
6696.015	-0.022	-0.089
6696.093	-0.022	-0.089
6696.185	-0.022	-0.089
6696.263	-0.022	-0.089
6696.341	-0.022	-0.089
6696.432	-0.022	-0.089
6696.510	-0.023	-0.087
6696.602	-0.022	-0.088
6696.679	-0.022	-0.088
6696.771	-0.022	-0.086
6696.848	-0.022	-0.085
6696.927	-0.022	-0.084
6697.019	-0.023	-0.084
6697.096	-0.022	-0.084
6697.187	-0.024	-0.084
6697.265	-0.022	-0.084
6697.343	-0.022	-0.084
6697.435	-0.022	-0.085
6697.513	-0.023	-0.085
6697.604	-0.022	-0.085
6697.682	-0.023	-0.084
6697.760	-0.023	-0.084
6697.852	-0.023	-0.086
6697.929	-0.022	-0.085
6698.007	-0.022	-0.087
6698.098	-0.022	-0.088
6698.177	-0.022	-0.085
6698.269	-0.022	-0.085
6698.346	-0.026	-0.085
6698.424	-0.024	-0.085
6698.515	-0.023	-0.084
6698.593	-0.023	-0.084
6698.685	-0.022	-0.084
6698.763	-0.023	-0.084
6698.854	-0.024	-0.084
6698.932	-0.023	-0.082
6699.010	-0.022	-0.082
6699.102	-0.023	-0.082
6699.179	-0.024	-0.081
6699.271	-0.023	-0.084
6699.348	-0.024	-0.082
6699.427	-0.025	-0.084
6699.519	-0.026	-0.083
6699.596	-0.024	-0.084
6699.674	-0.023	-0.084
6699.765	-0.024	-0.084
6699.843	-0.026	-0.085
6699.935	-0.024	-0.084
6700.013	-0.023	-0.085
6700.091	-0.026	-0.084
6700.182	-0.026	-0.085
6700.260	-0.023	-0.086
6700.352	-0.026	-0.088
6700.429	-0.024	-0.085
6700.521	-0.026	-0.084
6700.598	-0.024	-0.085
6700.677	-0.024	-0.084
6700.769	-0.026	-0.085
6700.846	-0.026	-0.084
6700.924	-0.023	-0.084
6701.015	-0.024	-0.084
6701.093	-0.025	-0.084
6701.185	-0.026	-0.084
6701.263	-0.026	-0.084
6701.341	-0.026	-0.084
6701.432	-0.024	-0.085
6701.510	-0.024	-0.085
6701.602	-0.027	-0.087
6701.679	-0.026	-0.087
6701.757	-0.025	-0.088
6701.848	-0.026	-0.089
6701.927	-0.024	-0.089
6702.019	-0.023	-0.089
6702.096	-0.026	-0.089
6702.174	-0.026	-0.089
6702.265	-0.026	-0.089
6702.343	-0.026	-0.089
6702.435	-0.026	-0.088
6702.513	-0.026	-0.086
6702.591	-0.026	-0.088
6702.682	-0.027	-0.084
6702.760	-0.027	-0.085
6702.852	-0.027	-0.084
6702.929	-0.026	-0.084
6703.007	-0.027	-0.087
6703.098	-0.027	-0.087
6703.177	-0.027	-0.089
6703.269	-0.026	-0.088
6703.346	-0.027	-0.087
6703.424	-0.026	-0.087
6703.515	-0.027	-0.086
6703.593	-0.027	-0.088
6703.685	-0.026	-0.089
6703.763	-0.027	-0.088
6703.841	-0.027	-0.085
6703.932	-0.027	-0.085
6704.010	-0.027	-0.084
6704.102	-0.027	-0.083
6704.179	-0.027	-0.083
6704.257	-0.027	-0.083
6704.348	-0.027	-0.079
6704.427	-0.027	-0.079
6704.519	-0.027	-0.079
6704.596	-0.026	-0.081
6704.674	-0.027	-0.080
6704.765	-0.027	-0.079
6704.843	-0.027	-0.079
6704.935	-0.027	-0.079
6705.013	-0.027	-0.079
6705.091	-0.027	-0.079
6705.182	-0.026	-0.079
6705.260	-0.027	-0.080
6705.352	-0.027	-0.080
6705.429	-0.027	-0.081
6705.507	-0.027	-0.082
6705.598	-0.027	-0.084
6705.677	-0.026	-0.084
6705.769	-0.027	-0.084
6705.846	-0.027	-0.084
6705.924	-0.027	-0.084
6706.015	-0.027	-0.084
6706.093	-0.027	-0.084
6706.185	-0.027	-0.084
6706.263	-0.027	-0.084
6706.341	-0.027	-0.084
6706.432	-0.027	-0.084
6706.510	-0.027	-0.084
6706.602	-0.026	-0.084
6706.679	-0.027	-0.084
6706.757	-0.027	-0.084
6706.848	-0.027	-0.084
6706.927	-0.027	-0.084
6707.019	-0.027	-0.084
6707.096	-0.027	-0.084
6707.174	-0.027	-0.084
6707.265	-0.027	-0.084
6707.343	-0.027	-0.084
6707.435	-0.027	-0.085
6707.513	-0.027	-0.085
6707.591	-0.027	-0.085
6707.682	-0.027	-0.084
6707.760	-0.027	-0.085
6707.852	-0.027	-0.085
6707.929	-0.027	-0.085
6708.007	-0.027	-0.084
6708.098	-0.027	-0.085
6708.177	-0.027	-0.084
6708.269	-0.027	-0.084
6708.346	-0.027	-0.084
6708.424	-0.027	-0.084
6708.515	-0.027	-0.084
6708.593	-0.027	-0.084
6708.685	-0.027	-0.083
6708.763	-0.027	-0.084
6708.841	-0.027	-0.084
6708.932	-0.027	-0.084
6709.010	-0.027	-0.084
6709.102	-0.027	-0.084
6709.179	-0.027	-0.084
6709.257	-0.027	-0.082
6709.348	-0.027	-0.083
6709.427	-0.027	-0.082
6709.519	-0.027	-0.083
6709.596	-0.027	-0.079
6709.674	-0.027	-0.079
6709.765	-0.027	-0.079
6709.843	-0.027	-0.079
6709.935	-0.027	-0.079
6710.013	-0.027	-0.079
6710.091	-0.027	-0.079
6710.182	-0.027	-0.079
6710.260	-0.027	-0.079
6710.352	-0.027	-0.079
6710.429	-0.028	-0.079
6710.507	-0.027	-0.079
6710.598	-0.027	-0.079
6710.677	-0.027	-0.081
6710.769	-0.028	-0.082
6710.846	-0.027	-0.084
6710.924	-0.027	-0.084
6711.015	-0.027	-0.083
6711.093	-0.027	-0.084
6711.185	-0.028	-0.084
6711.263	-0.027	-0.084
6711.341	-0.027	-0.084
6711.432	-0.027	-0.085
6711.510	-0.027	-0.084
6711.602	-0.027	-0.085
6711.679	-0.027	-0.085
6711.757	-0.027	-0.084
6711.848	-0.027	-0.085
6711.927	-0.027	-0.085
6712.019	-0.027	-0.085
6712.096	-0.027	-0.086
6712.174	-0.027	-0.085
6712.265	-0.027	-0.085
6712.343	-0.027	-0.087
6712.435	-0.027	-0.087
6712.513	-0.027	-0.087
6712.591	-0.027	-0.088
6712.682	-0.027	-0.088
6712.760	-0.027	-0.089
6712.852	-0.028	-0.089
6712.929	-0.027	-0.089
6713.007	-0.027	-0.089
6713.098	-0.027	-0.089
6713.177	-0.027	-0.089
6713.269	-0.027	-0.090
6713.346	-0.027	-0.090
6713.424	-0.027	-0.090
6713.515	-0.027	-0.091
6713.593	-0.027	-0.091
6713.685	-0.027	-0.092
6713.763	-0.027	-0.091
6713.841	-0.027	-0.092
6713.932	-0.028	-0.090
6714.010	-0.027	-0.090
6714.102	-0.029	-0.089
6714.179	-0.027	-0.089
6714.257	-0.029	-0.089
6714.348	-0.028	-0.089
6714.427	-0.027	-0.089
6714.519	-0.029	-0.085
6714.596	-0.027	-0.084
6714.674	-0.027	-0.084
6714.765	-0.028	-0.084
6714.843	-0.029	-0.084
6714.935	-0.028	-0.084
6715.013	-0.028	-0.084
6715.091	-0.027	-0.085
6715.182	-0.028	-0.084
6715.260	-0.028	-0.084
6715.352	-0.028	-0.084
6715.429	-0.027	-0.084
6715.507	-0.028	-0.084
6715.598	-0.028	-0.084
6715.677	-0.029	-0.082
6715.769	-0.029	-0.084
6715.846	-0.028	-0.079
6715.924	-0.029	-0.079
6716.015	-0.029	-0.079
6716.093	-0.028	-0.080
6716.185	-0.029	-0.084
6716.263	-0.031	-0.084
6716.341	-0.028	-0.084
6716.432	-0.030	-0.084
6716.510	-0.028	-0.083
6716.602	-0.031	-0.084
6716.679	-0.032	-0.083
6716.757	-0.029	-0.082
6716.848	-0.030	-0.082
6716.927	-0.030	-0.079
6717.019	-0.029	-0.080
6717.096	-0.030	-0.079
6717.174	-0.030	-0.079
6717.265	-0.031	-0.079
6717.343	-0.030	-0.078
6717.435	-0.029	-0.077
6717.513	-0.030	-0.078
6717.591	-0.031	-0.079
6717.682	-0.031	-0.079
6717.760	-0.032	-0.079
6717.852	-0.031	-0.079
6717.929	-0.032	-0.079
6718.007	-0.030	-0.079
6718.098	-0.031	-0.079
6718.177	-0.030	-0.081
6718.269	-0.031	-0.082
6718.346	-0.030	-0.080
6718.424	-0.031	-0.081
6718.515	-0.028	-0.082
6718.593	-0.032	-0.079
6718.685	-0.030	-0.080
6718.763	-0.032	-0.079
6718.841	-0.030	-0.079
6718.932	-0.031	-0.079
6719.010	-0.028	-0.079
6719.102	-0.032	-0.078
6719.179	-0.031	-0.078
6719.257	-0.032	-0.074
6719.348	-0.032	-0.073
6719.427	-0.032	-0.073
6719.519	-0.032	-0.073
6719.596	-0.032	-0.073
6719.674	-0.031	-0.073
6719.765	-0.032	-0.073
6719.843	-0.031	-0.073
6719.935	-0.031	-0.073
6720.013	-0.032	-0.078
6720.091	-0.031	-0.079
6720.182	-0.032	-0.079
6720.260	-0.032	-0.080
6720.352	-0.032	-0.080
6720.429	-0.032	-0.083
6720.507	-0.032	-0.083
6720.598	-0.032	-0.084
6720.677	-0.032	-0.084
6720.769	-0.032	-0.084
6720.846	-0.032	-0.084
6720.924	-0.031	-0.084
6721.015	-0.032	-0.084
6721.093	-0.032	-0.085
6721.185	-0.031	-0.084
6721.263	-0.032	-0.084
6721.341	-0.032	-0.084
6721.432	-0.032	-0.084
6721.510	-0.032	-0.084
6721.602	-0.032	-0.084
6721.679	-0.032	-0.084
6721.757	-0.032	-0.084
6721.848	-0.032	-0.084
6721.927	-0.032	-0.084
6722.019	-0.032	-0.084
6722.096	-0.032	-0.084
6722.174	-0.032	-0.084
6722.265	-0.032	-0.081
6722.343	-0.031	-0.079
6722.422	-0.032	-0.079
6722.513	-0.032	-0.079
6722.591	-0.032	-0.079
6722.682	-0.032	-0.079
6722.760	-0.032	-0.078
6722.852	-0.032	-0.079
6722.929	-0.032	-0.075
6723.007	-0.032	-0.073
6723.098	-0.032	-0.073
6723.177	-0.032	-0.073
6723.255	-0.032	-0.073
6723.346	-0.032	-0.073
6723.424	-0.032	-0.073
6723.515	-0.032	-0.075
6723.593	-0.032	-0.074
6723.672	-0.032	-0.076
6723.763	-0.032	-0.079
6723.841	-0.032	-0.079
6723.932	-0.032	-0.079
6724.010	-0.032	-0.079
6724.088	-0.032	-0.079
6724.179	-0.032	-0.079
6724.257	-0.032	-0.078
6724.348	-0.032	-0.078
6724.427	-0.032	-0.079
6724.505	-0.032	-0.079
6724.596	-0.032	-0.079
6724.674	-0.032	-0.079
6724.765	-0.032	-0.079
6724.843	-0.032	-0.079
6724.922	-0.032	-0.079
6725.013	-0.032	-0.079
6725.091	-0.032	-0.079
6725.182	-0.032	-0.079
6725.260	-0.032	-0.079
6725.352	-0.032	-0.082
6725.429	-0.032	-0.081
6725.507	-0.032	-0.079
6725.598	-0.032	-0.079
6725.677	-0.032	-0.079
6725.755	-0.032	-0.079
6725.846	-0.032	-0.079
6725.924	-0.032	-0.079
6726.015	-0.032	-0.079
6726.093	-0.032	-0.079
6726.185	-0.032	-0.076
6726.263	-0.032	-0.074
6726.341	-0.032	-0.073
6726.432	-0.032	-0.073
6726.510	-0.032	-0.073
6726.588	-0.032	-0.073
6726.679	-0.032	-0.073
6726.757	-0.032	-0.073
6726.848	-0.032	-0.073
6726.927	-0.032	-0.073
6727.019	-0.032	-0.073
6727.096	-0.032	-0.073
6727.174	-0.032	-0.073
6727.265	-0.032	-0.073
6727.343	-0.032	-0.069
6727.435	-0.032	-0.069
6727.513	-0.032	-0.068
6727.591	-0.032	-0.068
6727.682	-0.032	-0.068
6727.760	-0.032	-0.068
6727.838	-0.032	-0.066
6727.929	-0.032	-0.068
6728.007	-0.032	-0.068
6728.098	-0.032	-0.068
6728.177	-0.032	-0.068
6728.255	-0.032	-0.068
6728.346	-0.032	-0.068
6728.424	-0.032	-0.067
6728.515	-0.032	-0.068
6728.593	-0.032	-0.068
6728.672	-0.032	-0.068
6728.763	-0.032	-0.068
6728.841	-0.032	-0.068
6728.932	-0.032	-0.070
6729.010	-0.032	-0.069
6729.102	-0.032	-0.070
6729.179	-0.032	-0.069
6729.257	-0.032	-0.068
6729.348	-0.032	-0.069
6729.427	-0.032	-0.068
6729.519	-0.032	-0.068
6729.596	-0.032	-0.068
6729.674	-0.032	-0.068
6729.765	-0.032	-0.067
6729.843	-0.032	-0.066
6729.935	-0.032	-0.065
6730.013	-0.032	-0.065
6730.091	-0.032	-0.063
6730.182	-0.032	-0.063
6730.260	-0.033	-0.063
6730.352	-0.032	-0.063
6730.429	-0.032	-0.063
6730.507	-0.032	-0.063
6730.598	-0.033	-0.063
6730.677	-0.032	-0.064
6730.755	-0.032	-0.064
6730.846	-0.032	-0.065
6730.924	-0.032	-0.068
6731.015	-0.033	-0.068
6731.093	-0.032	-0.068
6731.185	-0.032	-0.068
6731.263	-0.032	-0.068
6731.341	-0.032	-0.070
6731.432	-0.032	-0.073
6731.510	-0.032	-0.073
6731.588	-0.032	-0.074
6731.679	-0.032	-0.075
6731.757	-0.032	-0.074
6731.848	-0.032	-0.076
6731.927	-0.033	-0.078
6732.019	-0.032	-0.079
6732.096	-0.032	-0.079
6732.174	-0.033	-0.079
6732.265	-0.033	-0.079
6732.343	-0.032	-0.079
6732.435	-0.033	-0.079
6732.513	-0.035	-0.079
6732.591	-0.032	-0.075
6732.682	-0.033	-0.076
6732.760	-0.033	-0.073
6732.838	-0.034	-0.077
6732.929	-0.032	-0.074
6733.007	-0.032	-0.076
6733.098	-0.033	-0.074
6733.177	-0.032	-0.075
6733.255	-0.033	-0.073
6733.346	-0.033	-0.074
6733.424	-0.033	-0.074
6733.515	-0.034	-0.073
6733.593	-0.034	-0.073
6733.672	-0.034	-0.073
6733.763	-0.034	-0.073
6733.841	-0.032	-0.073
6733.932	-0.036	-0.073
6734.010	-0.032	-0.073
6734.102	-0.035	-0.073
6734.179	-0.034	-0.073
6734.257	-0.034	-0.073
6734.348	-0.033	-0.073
6734.427	-0.034	-0.073
6734.519	-0.032	-0.076
6734.596	-0.034	-0.076
6734.674	-0.032	-0.078
6734.765	-0.034	-0.079
6734.843	-0.036	-0.076
6734.935	-0.034	-0.074
6735.013	-0.035	-0.073
6735.091	-0.036	-0.073
6735.182	-0.035	-0.073
6735.260	-0.037	-0.070
6735.352	-0.036	-0.068
6735.429	-0.035	-0.067
6735.507	-0.033	-0.064
6735.598	-0.035	-0.063
6735.677	-0.034	-0.063
6735.755	-0.034	-0.063
6735.846	-0.035	-0.063
6735.924	-0.035	-0.062
6736.015	-0.033	-0.059
6736.093	-0.034	-0.059
6736.185	-0.033	-0.058
6736.263	-0.034	-0.058
6736.341	-0.036	-0.058
6736.432	-0.037	-0.058
6736.510	-0.037	-0.058
6736.602	-0.036	-0.058
6736.679	-0.037	-0.058
6736.757	-0.035	-0.058
6736.848	-0.036	-0.058
6736.927	-0.035	-0.058
6737.005	-0.035	-0.059
6737.096	-0.034	-0.059
6737.174	-0.035	-0.058
6737.265	-0.035	-0.062
6737.343	-0.034	-0.063
6737.435	-0.036	-0.062
6737.513	-0.036	-0.063
6737.591	-0.037	-0.063
6737.682	-0.035	-0.063
6737.760	-0.035	-0.063
6737.852	-0.037	-0.063
6737.929	-0.037	-0.063
6738.007	-0.037	-0.063
6738.098	-0.035	-0.063
6738.177	-0.037	-0.063
6738.255	-0.033	-0.063
6738.346	-0.037	-0.063
6738.424	-0.036	-0.064
6738.515	-0.035	-0.065
6738.593	-0.034	-0.065
6738.685	-0.037	-0.063
6738.763	-0.036	-0.063
6738.841	-0.033	-0.063
6738.932	-0.032	-0.063
6739.010	-0.037	-0.064
6739.102	-0.037	-0.064
6739.179	-0.036	-0.063
6739.257	-0.037	-0.063
6739.348	-0.037	-0.064
6739.427	-0.036	-0.063
6739.519	-0.037	-0.063
6739.596	-0.036	-0.063
6739.674	-0.036	-0.063
6739.765	-0.037	-0.066
6739.843	-0.037	-0.068
6739.935	-0.036	-0.068
6740.013	-0.037	-0.069
6740.091	-0.037	-0.070
6740.182	-0.037	-0.070
6740.260	-0.036	-0.073
6740.338	-0.037	-0.073
6740.429	-0.037	-0.073
6740.507	-0.037	-0.073
6740.598	-0.037	-0.073
6740.677	-0.037	-0.073
6740.755	-0.037	-0.073
6740.846	-0.037	-0.073
6740.924	-0.037	-0.073
6741.015	-0.037	-0.073
6741.093	-0.036	-0.074
6741.172	-0.037	-0.073
6741.263	-0.037	-0.073
6741.341	-0.037	-0.073
6741.432	-0.037	-0.073
6741.510	-0.037	-0.073
6741.588	-0.037	-0.073
6741.679	-0.037	-0.073
6741.757	-0.036	-0.073
6741.848	-0.037	-0.073
6741.927	-0.037	-0.073
6742.005	-0.037	-0.073
6742.096	-0.037	-0.072
6742.174	-0.037	-0.073
6742.265	-0.037	-0.072
6742.343	-0.037	-0.069
6742.422	-0.037	-0.069
6742.513	-0.037	-0.068
6742.591	-0.037	-0.068
6742.682	-0.037	-0.068
6742.760	-0.037	-0.068
6742.838	-0.037	-0.068
6742.929	-0.037	-0.068
6743.007	-0.037	-0.064
6743.098	-0.037	-0.063
6743.177	-0.037	-0.063
6743.255	-0.037	-0.063
6743.346	-0.037	-0.063
6743.424	-0.037	-0.063
6743.515	-0.037	-0.063
6743.593	-0.037	-0.063
6743.672	-0.037	-0.063
6743.763	-0.037	-0.063
6743.841	-0.037	-0.063
6743.932	-0.037	-0.064
6744.010	-0.037	-0.063
6744.088	-0.037	-0.067
6744.179	-0.037	-0.068
6744.257	-0.037	-0.068
6744.348	-0.037	-0.068
6744.427	-0.037	-0.066
6744.505	-0.037	-0.064
6744.596	-0.037	-0.063
6744.674	-0.037	-0.063
6744.765	-0.037	-0.063
6744.843	-0.037	-0.063
6744.922	-0.037	-0.063
6745.013	-0.037	-0.062
6745.091	-0.037	-0.062
6745.182	-0.036	-0.062
6745.260	-0.037	-0.062
6745.338	-0.037	-0.061
6745.429	-0.037	-0.061
6745.507	-0.037	-0.063
6745.598	-0.037	-0.063
6745.677	-0.037	-0.063
6745.755	-0.037	-0.063
6745.846	-0.037	-0.063
6745.924	-0.037	-0.063
6746.015	-0.037	-0.063
6746.093	-0.037	-0.063
6746.172	-0.037	-0.065
6746.263	-0.037	-0.063
6746.341	-0.037	-0.064
6746.432	-0.037	-0.065
6746.510	-0.037	-0.068
6746.588	-0.037	-0.068
6746.679	-0.037	-0.068
6746.757	-0.037	-0.068
6746.848	-0.037	-0.068
6746.927	-0.037	-0.068
6747.005	-0.037	-0.068
6747.096	-0.037	-0.069
6747.174	-0.037	-0.068
6747.265	-0.037	-0.069
6747.343	-0.037	-0.068
6747.422	-0.037	-0.068
6747.513	-0.037	-0.064
6747.591	-0.037	-0.065
6747.682	-0.037	-0.063
6747.760	-0.037	-0.063
6747.838	-0.037	-0.062
6747.929	-0.037	-0.062
6748.007	-0.037	-0.059
6748.098	-0.037	-0.060
6748.177	-0.037	-0.059
6748.255	-0.037	-0.058
6748.346	-0.037	-0.058
6748.424	-0.037	-0.058
6748.515	-0.037	-0.058
6748.593	-0.037	-0.058
6748.672	-0.037	-0.058
6748.763	-0.037	-0.058
6748.841	-0.037	-0.058
6748.932	-0.037	-0.058
6749.010	-0.037	-0.058
6749.088	-0.037	-0.061
6749.179	-0.037	-0.058
6749.257	-0.037	-0.059
6749.348	-0.037	-0.060
6749.427	-0.037	-0.060
6749.505	-0.037	-0.059
6749.596	-0.037	-0.060
6749.674	-0.037	-0.058
6749.765	-0.037	-0.062
6749.843	-0.037	-0.063
6749.922	-0.037	-0.063
6750.013	-0.037	-0.063
6750.091	-0.037	-0.063
6750.182	-0.037	-0.063
6750.260	-0.037	-0.063
6750.338	-0.037	-0.063
6750.429	-0.037	-0.063
6750.507	-0.037	-0.062
6750.598	-0.037	-0.059
6750.677	-0.037	-0.058
6750.755	-0.037	-0.058
6750.846	-0.037	-0.058
6750.924	-0.037	-0.058
6751.015	-0.037	-0.058
6751.093	-0.037	-0.058
6751.172	-0.037	-0.058
6751.263	-0.037	-0.058
6751.341	-0.037	-0.058
6751.432	-0.037	-0.058
6751.510	-0.037	-0.058
6751.588	-0.037	-0.058
6751.679	-0.037	-0.058
6751.757	-0.037	-0.059
6751.848	-0.037	-0.058
6751.927	-0.037	-0.059
6752.005	-0.037	-0.060
6752.096	-0.037	-0.060
6752.174	-0.037	-0.062
6752.265	-0.037	-0.063
6752.343	-0.037	-0.061
6752.422	-0.037	-0.058
6752.513	-0.037	-0.058
6752.591	-0.037	-0.058
6752.682	-0.037	-0.058
6752.760	-0.037	-0.058
6752.838	-0.037	-0.058
6752.929	-0.037	-0.058
6753.007	-0.037	-0.058
6753.098	-0.037	-0.058
6753.177	-0.037	-0.058
6753.255	-0.037	-0.058
6753.346	-0.037	-0.058
6753.424	-0.037	-0.058
6753.515	-0.037	-0.059
6753.593	-0.037	-0.062
6753.672	-0.037	-0.063
6753.763	-0.037	-0.063
6753.841	-0.037	-0.063
6753.932	-0.037	-0.063
6754.010	-0.037	-0.066
6754.088	-0.037	-0.068
6754.179	-0.037	-0.068
6754.257	-0.037	-0.068
6754.348	-0.037	-0.068
6754.427	-0.037	-0.068
6754.505	-0.037	-0.068
6754.596	-0.037	-0.068
6754.674	-0.037	-0.068
6754.765	-0.037	-0.068
6754.843	-0.037	-0.068
6754.922	-0.037	-0.068
6755.013	-0.037	-0.068
6755.091	-0.037	-0.068
6755.182	-0.037	-0.068
6755.260	-0.037	-0.068
6755.352	-0.037	-0.068
6755.429	-0.037	-0.068
6755.507	-0.037	-0.067
6755.598	-0.037	-0.068
6755.677	-0.037	-0.066
6755.755	-0.037	-0.066
6755.846	-0.037	-0.065
6755.924	-0.037	-0.067
6756.015	-0.037	-0.067
6756.093	-0.037	-0.066
6756.172	-0.037	-0.068
6756.263	-0.037	-0.068
6756.341	-0.037	-0.068
6756.432	-0.037	-0.068
6756.510	-0.037	-0.071
6756.588	-0.037	-0.071
6756.679	-0.037	-0.068
6756.757	-0.037	-0.072
6756.848	-0.037	-0.073
6756.927	-0.037	-0.073
6757.005	-0.037	-0.073
6757.096	-0.037	-0.073
6757.174	-0.037	-0.073
6757.265	-0.037	-0.073
6757.343	-0.037	-0.073
6757.422	-0.037	-0.073
6757.513	-0.037	-0.073
6757.591	-0.037	-0.073
6757.682	-0.037	-0.071
6757.760	-0.037	-0.072
6757.838	-0.037	-0.073
6757.929	-0.037	-0.073
6758.007	-0.037	-0.072
6758.098	-0.038	-0.071
6758.177	-0.038	-0.071
6758.255	-0.037	-0.071
6758.346	-0.037	-0.068
6758.424	-0.037	-0.068
6758.515	-0.037	-0.069
6758.593	-0.037	-0.068
6758.672	-0.037	-0.068
6758.763	-0.037	-0.068
6758.841	-0.037	-0.068
6758.932	-0.038	-0.069
6759.010	-0.037	-0.068
6759.088	-0.037	-0.072
6759.179	-0.037	-0.070
6759.257	-0.037	-0.070
6759.348	-0.037	-0.072
6759.427	-0.038	-0.073
6759.505	-0.037	-0.071
6759.596	-0.037	-0.073
6759.674	-0.038	-0.071
6759.765	-0.037	-0.071
6759.843	-0.038	-0.071
6759.922	-0.037	-0.070
6760.013	-0.037	-0.068
6760.091	-0.037	-0.068
6760.182	-0.038	-0.068
6760.260	-0.037	-0.067
6760.338	-0.038	-0.067
6760.429	-0.038	-0.063
6760.507	-0.037	-0.063
6760.598	-0.038	-0.063
6760.677	-0.039	-0.062
6760.755	-0.037	-0.060
6760.846	-0.037	-0.060
6760.924	-0.039	-0.061
6761.015	-0.039	-0.061
6761.093	-0.038	-0.062
6761.172	-0.037	-0.061
6761.263	-0.037	-0.063
6761.341	-0.037	-0.063
6761.432	-0.037	-0.063
6761.510	-0.038	-0.063
6761.588	-0.037	-0.063
6761.679	-0.039	-0.063
6761.757	-0.038	-0.063
6761.848	-0.039	-0.062
6761.927	-0.040	-0.063
6762.005	-0.038	-0.061
6762.096	-0.040	-0.062
6762.174	-0.037	-0.058
6762.265	-0.037	-0.059
6762.343	-0.040	-0.058
6762.422	-0.037	-0.058
6762.513	-0.037	-0.058
6762.591	-0.040	-0.058
6762.682	-0.041	-0.058
6762.760	-0.039	-0.058
6762.838	-0.037	-0.058
6762.929	-0.040	-0.058
6763.007	-0.039	-0.057
6763.098	-0.037	-0.057
6763.177	-0.038	-0.053
6763.255	-0.039	-0.053
6763.346	-0.039	-0.053
6763.424	-0.039	-0.053
6763.515	-0.041	-0.053
6763.593	-0.039	-0.053
6763.672	-0.039	-0.052
6763.763	-0.038	-0.053
6763.841	-0.039	-0.053
6763.932	-0.039	-0.051
6764.010	-0.042	-0.053
6764.088	-0.038	-0.053
6764.179	-0.038	-0.052
6764.257	-0.041	-0.052
6764.348	-0.042	-0.053
6764.427	-0.038	-0.051
6764.505	-0.039	-0.051
6764.596	-0.037	-0.053
6764.674	-0.040	-0.053
6764.765	-0.040	-0.053
6764.843	-0.038	-0.054
6764.922	-0.041	-0.055
6765.013	-0.040	-0.056
6765.091	-0.040	-0.058
6765.182	-0.041	-0.057
6765.260	-0.039	-0.058
6765.338	-0.043	-0.057
6765.429	-0.039	-0.058
6765.507	-0.040	-0.058
6765.598	-0.041	-0.058
6765.677	-0.041	-0.058
6765.755	-0.041	-0.058
6765.846	-0.043	-0.059
6765.924	-0.041	-0.061
6766.015	-0.041	-0.059
6766.093	-0.040	-0.058
6766.172	-0.041	-0.059
6766.263	-0.041	-0.058
6766.341	-0.041	-0.058
6766.432	-0.041	-0.058
6766.510	-0.040	-0.058
6766.588	-0.039	-0.058
6766.679	-0.040	-0.057
6766.757	-0.042	-0.055
6766.848	-0.041	-0.055
6766.927	-0.040	-0.053
6767.005	-0.039	-0.054
6767.096	-0.042	-0.053
6767.174	-0.040	-0.053
6767.265	-0.043	-0.051
6767.343	-0.041	-0.051
6767.422	-0.042	-0.050
6767.513	-0.041	-0.051
6767.591	-0.041	-0.051
6767.682	-0.042	-0.053
6767.760	-0.041	-0.053
6767.838	-0.042	-0.054
6767.929	-0.042	-0.056
6768.007	-0.042	-0.056
6768.098	-0.042	-0.057
6768.177	-0.041	-0.057
6768.255	-0.042	-0.055
6768.346	-0.043	-0.057
6768.424	-0.043	-0.057
6768.515	-0.041	-0.057
6768.593	-0.041	-0.058
6768.672	-0.041	-0.057
6768.763	-0.041	-0.055
6768.841	-0.043	-0.057
6768.932	-0.042	-0.058
6769.010	-0.042	-0.057
6769.088	-0.043	-0.058
6769.179	-0.042	-0.058
6769.257	-0.043	-0.058
6769.348	-0.043	-0.057
6769.427	-0.043	-0.058
6769.505	-0.043	-0.057
6769.596	-0.042	-0.058
6769.674	-0.043	-0.057
6769.765	-0.043	-0.055
6769.843	-0.041	-0.057
6769.922	-0.041	-0.053
6770.013	-0.042	-0.053
6770.091	-0.042	-0.053
6770.182	-0.043	-0.053
6770.260	-0.043	-0.053
6770.338	-0.042	-0.053
6770.429	-0.043	-0.053
6770.507	-0.043	-0.054
6770.598	-0.042	-0.053
6770.677	-0.043	-0.054
6770.755	-0.043	-0.056
6770.846	-0.043	-0.055
6770.924	-0.043	-0.058
6771.015	-0.042	-0.058
6771.093	-0.043	-0.058
6771.172	-0.043	-0.058
6771.263	-0.043	-0.057
6771.341	-0.043	-0.058
6771.432	-0.043	-0.058
6771.510	-0.042	-0.058
6771.588	-0.043	-0.058
6771.679	-0.043	-0.057
6771.757	-0.043	-0.058
6771.848	-0.043	-0.055
6771.927	-0.043	-0.054
6772.005	-0.043	-0.055
6772.096	-0.043	-0.053
6772.174	-0.043	-0.053
6772.265	-0.042	-0.053
6772.343	-0.043	-0.053
6772.422	-0.043	-0.053
6772.513	-0.043	-0.053
6772.591	-0.043	-0.053
6772.682	-0.043	-0.053
6772.760	-0.042	-0.054
6772.838	-0.043	-0.053
6772.929	-0.043	-0.053
6773.007	-0.043	-0.053
6773.098	-0.043	-0.053
6773.177	-0.043	-0.053
6773.255	-0.043	-0.053
6773.346	-0.043	-0.052
6773.424	-0.042	-0.048
6773.515	-0.043	-0.048
6773.593	-0.043	-0.048
6773.672	-0.043	-0.048
6773.763	-0.043	-0.048
6773.841	-0.043	-0.048
6773.932	-0.043	-0.048
6774.010	-0.043	-0.046
6774.088	-0.043	-0.047
6774.179	-0.043	-0.048
6774.257	-0.043	-0.045
6774.348	-0.043	-0.045
6774.427	-0.043	-0.045
6774.505	-0.043	-0.044
6774.596	-0.043	-0.043
6774.674	-0.043	-0.043
6774.765	-0.043	-0.043
6774.843	-0.043	-0.043
6774.922	-0.043	-0.044
6775.013	-0.043	-0.043
6775.091	-0.043	-0.043
6775.182	-0.043	-0.043
6775.260	-0.043	-0.043
6775.338	-0.043	-0.045
6775.429	-0.043	-0.043
6775.507	-0.043	-0.043
6775.598	-0.043	-0.043
6775.677	-0.043	-0.044
6775.755	-0.043	-0.043
6775.846	-0.043	-0.044
6775.924	-0.043	-0.044
6776.015	-0.043	-0.043
6776.093	-0.043	-0.044
6776.172	-0.043	-0.045
6776.263	-0.043	-0.048
6776.341	-0.043	-0.048
6776.432	-0.043	-0.049
6776.510	-0.043	-0.048
6776.588	-0.043	-0.051
6776.679	-0.043	-0.051
6776.757	-0.043	-0.051
6776.848	-0.043	-0.053
6776.927	-0.043	-0.053
6777.005	-0.043	-0.053
6777.096	-0.043	-0.053
6777.174	-0.043	-0.053
6777.265	-0.043	-0.053
6777.343	-0.043	-0.055
6777.422	-0.043	-0.057
6777.513	-0.043	-0.058
6777.591	-0.043	-0.058
6777.682	-0.043	-0.058
6777.760	-0.043	-0.058
6777.838	-0.043	-0.058
6777.929	-0.043	-0.058
6778.007	-0.043	-0.058
6778.098	-0.043	-0.058
6778.177	-0.043	-0.058
6778.255	-0.043	-0.058
6778.346	-0.043	-0.058
6778.424	-0.043	-0.055
6778.502	-0.043	-0.055
6778.593	-0.043	-0.053
6778.672	-0.043	-0.053
6778.763	-0.043	-0.053
6778.841	-0.043	-0.052
6778.932	-0.043	-0.051
6779.010	-0.043	-0.051
6779.088	-0.043	-0.048
6779.179	-0.043	-0.048
6779.257	-0.043	-0.049
6779.348	-0.043	-0.048
6779.427	-0.043	-0.048
6779.505	-0.043	-0.049
6779.596	-0.043	-0.048
6779.674	-0.043	-0.049
6779.765	-0.043	-0.048
6779.843	-0.043	-0.051
6779.922	-0.043	-0.053
6780.013	-0.043	-0.055
6780.091	-0.043	-0.056
6780.169	-0.043	-0.057
6780.260	-0.043	-0.057
6780.338	-0.043	-0.058
6780.429	-0.043	-0.058
6780.507	-0.043	-0.058
6780.598	-0.043	-0.058
6780.677	-0.043	-0.058
6780.755	-0.043	-0.058
6780.846	-0.043	-0.058
6780.924	-0.043	-0.057
6781.002	-0.043	-0.055
6781.093	-0.043	-0.053
6781.172	-0.043	-0.052
6781.263	-0.043	-0.050
6781.341	-0.043	-0.048
6781.432	-0.043	-0.049
6781.510	-0.043	-0.048
6781.588	-0.043	-0.048
6781.679	-0.043	-0.048
6781.757	-0.043	-0.048
6781.836	-0.043	-0.050
6781.927	-0.043	-0.048
6782.005	-0.043	-0.050
6782.096	-0.043	-0.051
6782.174	-0.043	-0.051
6782.265	-0.043	-0.050
6782.343	-0.043	-0.049
6782.422	-0.043	-0.048
6782.513	-0.043	-0.048
6782.591	-0.043	-0.048
6782.656	-0.043	-0.048
6782.760	-0.043	-0.048
6782.838	-0.043	-0.048
6782.929	-0.043	-0.048
6783.007	-0.043	-0.050
6783.098	-0.043	-0.051
6783.177	-0.043	-0.050
6783.255	-0.043	-0.053
6783.346	-0.043	-0.053
6783.424	-0.043	-0.053
6783.502	-0.043	-0.054
6783.593	-0.043	-0.053
6783.672	-0.043	-0.053
6783.763	-0.043	-0.053
6783.841	-0.043	-0.053
6783.919	-0.043	-0.053
6784.010	-0.043	-0.053
6784.088	-0.043	-0.053
6784.179	-0.043	-0.053
6784.257	-0.044	-0.054
6784.348	-0.043	-0.053
6784.427	-0.043	-0.055
6784.505	-0.043	-0.056
6784.596	-0.043	-0.056
6784.674	-0.043	-0.058
6784.752	-0.043	-0.057
6784.843	-0.043	-0.056
6784.922	-0.043	-0.054
6785.013	-0.043	-0.056
6785.091	-0.043	-0.054
6785.182	-0.043	-0.055
6785.260	-0.043	-0.054
6785.338	-0.043	-0.054
6785.429	-0.043	-0.055
6785.507	-0.043	-0.055
6785.586	-0.044	-0.054
6785.677	-0.043	-0.054
6785.755	-0.043	-0.053
6785.846	-0.043	-0.052
6785.924	-0.043	-0.053
6786.002	-0.043	-0.053
6786.093	-0.043	-0.053
6786.172	-0.043	-0.053
6786.263	-0.043	-0.053
6786.341	-0.043	-0.053
6786.419	-0.043	-0.052
6786.510	-0.043	-0.053
6786.588	-0.043	-0.051
6786.679	-0.043	-0.053
6786.757	-0.043	-0.051
6786.836	-0.043	-0.051
6786.927	-0.043	-0.052
6787.005	-0.043	-0.051
6787.096	-0.043	-0.051
6787.174	-0.043	-0.048
6787.252	-0.043	-0.048
6787.343	-0.044	-0.048
6787.422	-0.044	-0.048
6787.513	-0.044	-0.045
6787.591	-0.043	-0.043
6787.669	-0.044	-0.042
6787.760	-0.043	-0.041
6787.838	-0.044	-0.040
6787.929	-0.043	-0.039
6788.007	-0.043	-0.040
6788.098	-0.043	-0.039
6788.177	-0.043	-0.040
6788.255	-0.043	-0.038
6788.346	-0.043	-0.040
6788.424	-0.043	-0.040
6788.515	-0.043	-0.039
6788.593	-0.044	-0.041
6788.672	-0.044	-0.041
6788.763	-0.043	-0.043
6788.841	-0.044	-0.038
6788.919	-0.043	-0.040
6789.010	-0.046	-0.038
6789.088	-0.044	-0.038
6789.179	-0.044	-0.038
6789.257	-0.046	-0.038
6789.336	-0.044	-0.038
6789.427	-0.043	-0.038
6789.505	-0.044	-0.038
6789.596	-0.045	-0.038
6789.674	-0.045	-0.038
6789.752	-0.045	-0.040
6789.843	-0.044	-0.041
6789.922	-0.043	-0.043
6790.013	-0.045	-0.043
6790.091	-0.045	-0.042
6790.169	-0.043	-0.043
6790.260	-0.044	-0.043
6790.338	-0.045	-0.043
6790.429	-0.043	-0.043
6790.507	-0.044	-0.043
6790.598	-0.043	-0.043
6790.677	-0.044	-0.040
6790.755	-0.044	-0.038
6790.846	-0.044	-0.038
6790.924	-0.046	-0.038
6791.002	-0.047	-0.038
6791.093	-0.044	-0.038
6791.172	-0.045	-0.038
6791.263	-0.045	-0.038
6791.341	-0.044	-0.038
6791.419	-0.047	-0.038
6791.510	-0.045	-0.038
6791.588	-0.045	-0.038
6791.679	-0.046	-0.038
6791.757	-0.044	-0.038
6791.836	-0.044	-0.038
6791.927	-0.048	-0.038
6792.005	-0.045	-0.038
6792.096	-0.045	-0.038
6792.174	-0.045	-0.038
6792.252	-0.044	-0.038
6792.343	-0.044	-0.038
6792.422	-0.045	-0.038
6792.513	-0.043	-0.039
6792.591	-0.045	-0.038
6792.682	-0.045	-0.038
6792.760	-0.048	-0.038
6792.838	-0.046	-0.039
6792.929	-0.046	-0.041
6793.007	-0.047	-0.042
6793.086	-0.047	-0.043
6793.177	-0.046	-0.043
6793.255	-0.048	-0.043
6793.346	-0.047	-0.043
6793.424	-0.045	-0.043
6793.502	-0.047	-0.044
6793.593	-0.045	-0.044
6793.672	-0.047	-0.045
6793.763	-0.046	-0.048
6793.841	-0.044	-0.048
6793.919	-0.047	-0.048
6794.010	-0.044	-0.048
6794.088	-0.046	-0.048
6794.179	-0.046	-0.048
6794.257	-0.047	-0.048
6794.336	-0.047	-0.048
6794.427	-0.046	-0.048
6794.505	-0.046	-0.048
6794.596	-0.047	-0.048
6794.674	-0.044	-0.048
6794.752	-0.047	-0.048
6794.843	-0.047	-0.048
6794.922	-0.047	-0.048
6795.013	-0.048	-0.047
6795.091	-0.045	-0.048
6795.182	-0.045	-0.044
6795.260	-0.048	-0.044
6795.338	-0.046	-0.043
6795.429	-0.046	-0.043
6795.507	-0.048	-0.042
6795.586	-0.046	-0.043
6795.677	-0.046	-0.042
6795.755	-0.046	-0.041
6795.846	-0.047	-0.039
6795.924	-0.048	-0.039
6796.002	-0.048	-0.038
6796.093	-0.046	-0.040
6796.172	-0.047	-0.041
6796.263	-0.045	-0.040
6796.341	-0.046	-0.038
6796.419	-0.046	-0.040
6796.510	-0.047	-0.040
6796.588	-0.048	-0.040
6796.679	-0.047	-0.040
6796.757	-0.048	-0.040
6796.848	-0.047	-0.038
6796.927	-0.047	-0.038
6797.005	-0.047	-0.038
6797.096	-0.048	-0.038
6797.174	-0.048	-0.038
6797.252	-0.047	-0.038
6797.343	-0.048	-0.040
6797.422	-0.047	-0.040
6797.513	-0.048	-0.040
6797.591	-0.045	-0.039
6797.669	-0.047	-0.039
6797.760	-0.048	-0.038
6797.838	-0.048	-0.039
6797.929	-0.047	-0.038
6798.007	-0.048	-0.040
6798.086	-0.048	-0.040
6798.177	-0.048	-0.040
6798.255	-0.046	-0.042
6798.346	-0.048	-0.042
6798.424	-0.048	-0.042
6798.502	-0.047	-0.043
6798.593	-0.047	-0.043
6798.672	-0.048	-0.043
6798.763	-0.048	-0.043
6798.841	-0.048	-0.042
6798.919	-0.048	-0.043
6799.010	-0.048	-0.043
6799.088	-0.048	-0.043
6799.179	-0.047	-0.043
6799.257	-0.047	-0.043
6799.336	-0.048	-0.043
6799.427	-0.048	-0.043
6799.505	-0.048	-0.043
6799.596	-0.048	-0.043
6799.674	-0.048	-0.043
6799.752	-0.048	-0.043
6799.843	-0.048	-0.043
6799.922	-0.048	-0.043
6800.013	-0.048	-0.043
6800.091	-0.048	-0.040
6800.169	-0.048	-0.040
6800.260	-0.045	-0.038
6800.338	-0.048	-0.038
6800.429	-0.047	-0.038
6800.507	-0.047	-0.038
6800.586	-0.048	-0.036
6800.677	-0.048	-0.035
6800.755	-0.048	-0.034
6800.846	-0.048	-0.035
6800.924	-0.048	-0.038
6801.002	-0.048	-0.038
6801.093	-0.048	-0.038
6801.172	-0.048	-0.038
6801.263	-0.048	-0.038
6801.341	-0.048	-0.038
6801.419	-0.048	-0.038
6801.510	-0.048	-0.038
6801.588	-0.048	-0.038
6801.679	-0.047	-0.038
6801.757	-0.048	-0.040
6801.836	-0.048	-0.040
6801.927	-0.048	-0.042
6802.005	-0.048	-0.042
6802.096	-0.048	-0.043
6802.174	-0.048	-0.043
6802.252	-0.048	-0.045
6802.343	-0.048	-0.043
6802.422	-0.048	-0.043
6802.513	-0.048	-0.043
6802.591	-0.048	-0.043
6802.669	-0.048	-0.043
6802.760	-0.048	-0.043
6802.838	-0.047	-0.043
6802.929	-0.048	-0.043
6803.007	-0.048	-0.043
6803.086	-0.048	-0.043
6803.177	-0.048	-0.043
6803.255	-0.048	-0.043
6803.346	-0.048	-0.043
6803.424	-0.048	-0.043
6803.502	-0.048	-0.043
6803.593	-0.048	-0.044
6803.672	-0.048	-0.043
6803.763	-0.048	-0.043
6803.841	-0.048	-0.043
6803.919	-0.048	-0.043
6804.010	-0.048	-0.043
6804.088	-0.048	-0.043
6804.179	-0.048	-0.043
6804.257	-0.048	-0.043
6804.336	-0.048	-0.043
6804.427	-0.048	-0.043
6804.505	-0.048	-0.043
6804.596	-0.048	-0.043
6804.674	-0.048	-0.043
6804.752	-0.048	-0.043
6804.843	-0.048	-0.044
6804.922	-0.048	-0.043
6805.013	-0.048	-0.044
6805.091	-0.048	-0.045
6805.169	-0.048	-0.046
6805.260	-0.048	-0.048
6805.338	-0.048	-0.047
6805.429	-0.048	-0.047
6805.507	-0.048	-0.046
6805.586	-0.048	-0.046
6805.677	-0.048	-0.046
6805.755	-0.048	-0.046
6805.846	-0.048	-0.047
6805.924	-0.048	-0.046
6806.002	-0.048	-0.048
6806.093	-0.048	-0.048
6806.172	-0.048	-0.047
6806.263	-0.048	-0.044
6806.341	-0.048	-0.045
6806.419	-0.048	-0.043
6806.510	-0.048	-0.043
6806.588	-0.048	-0.043
6806.679	-0.048	-0.043
6806.757	-0.048	-0.043
6806.836	-0.048	-0.043
6806.927	-0.048	-0.042
6807.005	-0.048	-0.040
6807.096	-0.048	-0.038
6807.174	-0.048	-0.040
6807.252	-0.048	-0.040
6807.343	-0.048	-0.039
6807.422	-0.048	-0.038
6807.513	-0.048	-0.038
6807.591	-0.048	-0.038
6807.669	-0.048	-0.038
6807.760	-0.048	-0.038
6807.838	-0.048	-0.038
6807.929	-0.048	-0.039
6808.007	-0.048	-0.038
6808.086	-0.048	-0.039
6808.177	-0.048	-0.038
6808.255	-0.048	-0.040
6808.346	-0.048	-0.039
6808.424	-0.048	-0.040
6808.502	-0.048	-0.039
6808.593	-0.048	-0.039
6808.672	-0.048	-0.038
6808.763	-0.048	-0.038
6808.841	-0.048	-0.038
6808.919	-0.048	-0.038
6809.010	-0.048	-0.038
6809.088	-0.048	-0.035
6809.179	-0.048	-0.035
6809.257	-0.048	-0.035
6809.336	-0.048	-0.034
6809.427	-0.048	-0.034
6809.505	-0.048	-0.034
6809.596	-0.048	-0.034
6809.674	-0.048	-0.036
6809.752	-0.048	-0.035
6809.843	-0.048	-0.035
6809.922	-0.048	-0.034
6810.013	-0.048	-0.034
6810.091	-0.048	-0.036
6810.169	-0.048	-0.036
6810.260	-0.048	-0.038
6810.338	-0.048	-0.038
6810.429	-0.048	-0.038
6810.507	-0.048	-0.038
6810.586	-0.048	-0.038
6810.677	-0.048	-0.038
6810.755	-0.048	-0.038
6810.846	-0.048	-0.038
6810.924	-0.048	-0.038
6811.002	-0.048	-0.038
6811.093	-0.048	-0.038
6811.172	-0.048	-0.038
6811.263	-0.048	-0.038
6811.341	-0.048	-0.040
6811.419	-0.048	-0.043
6811.510	-0.048	-0.043
6811.588	-0.048	-0.043
6811.679	-0.048	-0.044
6811.757	-0.048	-0.044
6811.836	-0.048	-0.046
6811.927	-0.048	-0.048
6812.005	-0.048	-0.048
6812.096	-0.048	-0.048
6812.174	-0.048	-0.048
6812.252	-0.048	-0.048
6812.343	-0.048	-0.048
6812.422	-0.048	-0.047
6812.513	-0.048	-0.047
6812.591	-0.048	-0.047
6812.669	-0.048	-0.048
6812.760	-0.048	-0.048
6812.838	-0.048	-0.048
6812.929	-0.048	-0.048
6813.007	-0.048	-0.048
6813.086	-0.048	-0.048
6813.177	-0.048	-0.048
6813.255	-0.048	-0.048
6813.346	-0.048	-0.048
6813.424	-0.048	-0.048
6813.502	-0.048	-0.049
6813.593	-0.048	-0.050
6813.672	-0.048	-0.049
6813.763	-0.048	-0.049
6813.841	-0.048	-0.048
6813.919	-0.048	-0.048
6814.010	-0.048	-0.048
6814.088	-0.048	-0.048
6814.179	-0.049	-0.046
6814.257	-0.049	-0.045
6814.336	-0.048	-0.044
6814.427	-0.048	-0.044
6814.505	-0.048	-0.044
6814.570	-0.048	-0.043
6814.674	-0.048	-0.044
6814.752	-0.048	-0.043
6814.843	-0.048	-0.043
6814.922	-0.048	-0.043
6815.013	-0.048	-0.042
6815.091	-0.048	-0.043
6815.169	-0.048	-0.043
6815.260	-0.048	-0.043
6815.338	-0.048	-0.043
6815.429	-0.048	-0.043
6815.507	-0.048	-0.043
6815.586	-0.049	-0.043
6815.677	-0.048	-0.044
6815.755	-0.048	-0.043
6815.846	-0.048	-0.043
6815.924	-0.049	-0.043
6816.002	-0.048	-0.043
6816.093	-0.048	-0.043
6816.172	-0.048	-0.043
6816.263	-0.048	-0.043
6816.341	-0.048	-0.043
6816.419	-0.048	-0.043
6816.510	-0.048	-0.043
6816.588	-0.048	-0.043
6816.679	-0.048	-0.043
6816.757	-0.048	-0.041
6816.836	-0.049	-0.042
6816.927	-0.048	-0.038
6817.005	-0.049	-0.038
6817.096	-0.048	-0.038
6817.174	-0.049	-0.038
6817.252	-0.048	-0.038
6817.343	-0.048	-0.038
6817.422	-0.048	-0.038
6817.513	-0.048	-0.038
6817.591	-0.048	-0.038
6817.669	-0.048	-0.038
6817.760	-0.049	-0.038
6817.838	-0.049	-0.038
6817.929	-0.048	-0.038
6818.007	-0.048	-0.038
6818.086	-0.048	-0.038
6818.177	-0.048	-0.038
6818.255	-0.049	-0.038
6818.346	-0.048	-0.038
6818.424	-0.048	-0.038
6818.502	-0.048	-0.038
6818.593	-0.048	-0.038
6818.672	-0.048	-0.037
6818.763	-0.048	-0.038
6818.841	-0.049	-0.035
6818.919	-0.049	-0.034
6819.010	-0.048	-0.033
6819.088	-0.048	-0.033
6819.179	-0.048	-0.033
6819.257	-0.049	-0.033
6819.336	-0.048	-0.030
6819.427	-0.049	-0.033
6819.505	-0.048	-0.033
6819.596	-0.048	-0.032
6819.674	-0.049	-0.033
6819.752	-0.048	-0.033
6819.843	-0.049	-0.034
6819.922	-0.048	-0.037
6820.013	-0.048	-0.037
6820.091	-0.048	-0.038
6820.169	-0.049	-0.038
6820.260	-0.049	-0.038
6820.338	-0.048	-0.038
6820.429	-0.049	-0.038
6820.507	-0.049	-0.038
6820.586	-0.049	-0.038
6820.677	-0.049	-0.038
6820.755	-0.048	-0.038
6820.846	-0.049	-0.038
6820.924	-0.049	-0.038
6821.002	-0.048	-0.038
6821.093	-0.048	-0.038
6821.172	-0.048	-0.038
6821.263	-0.048	-0.036
6821.341	-0.049	-0.037
6821.419	-0.048	-0.038
6821.510	-0.049	-0.038
6821.588	-0.049	-0.038
6821.679	-0.049	-0.038
6821.757	-0.049	-0.038
6821.836	-0.048	-0.038
6821.927	-0.049	-0.038
6822.005	-0.048	-0.038
6822.096	-0.049	-0.038
6822.174	-0.049	-0.038
6822.252	-0.048	-0.038
6822.343	-0.049	-0.038
6822.422	-0.049	-0.038
6822.513	-0.049	-0.038
6822.591	-0.049	-0.039
6822.669	-0.049	-0.040
6822.760	-0.049	-0.040
6822.838	-0.049	-0.043
6822.929	-0.048	-0.043
6823.007	-0.051	-0.043
6823.086	-0.048	-0.043
6823.177	-0.049	-0.043
6823.255	-0.050	-0.043
6823.346	-0.049	-0.043
6823.424	-0.049	-0.042
6823.502	-0.051	-0.041
6823.593	-0.049	-0.039
6823.672	-0.050	-0.038
6823.750	-0.049	-0.038
6823.841	-0.049	-0.038
6823.919	-0.050	-0.037
6824.010	-0.049	-0.035
6824.088	-0.049	-0.033
6824.179	-0.049	-0.033
6824.257	-0.048	-0.033
6824.336	-0.051	-0.033
6824.427	-0.049	-0.033
6824.505	-0.049	-0.033
6824.596	-0.052	-0.033
6824.674	-0.050	-0.033
6824.752	-0.049	-0.033
6824.843	-0.049	-0.034
6824.922	-0.051	-0.034
6825.013	-0.049	-0.034
6825.091	-0.049	-0.034
6825.169	-0.051	-0.033
6825.260	-0.050	-0.036
6825.338	-0.048	-0.035
6825.417	-0.050	-0.036
6825.507	-0.049	-0.034
6825.586	-0.050	-0.036
6825.677	-0.051	-0.037
6825.755	-0.050	-0.036
6825.846	-0.050	-0.034
6825.924	-0.050	-0.034
6826.002	-0.051	-0.034
6826.093	-0.051	-0.033
6826.172	-0.051	-0.033
6826.263	-0.052	-0.033
6826.341	-0.051	-0.034
6826.419	-0.050	-0.036
6826.510	-0.051	-0.033
6826.588	-0.049	-0.034
6826.679	-0.050	-0.035
6826.757	-0.051	-0.034
6826.836	-0.053	-0.035
6826.927	-0.049	-0.035
6827.005	-0.051	-0.035
6827.096	-0.051	-0.037
6827.174	-0.050	-0.038
6827.252	-0.052	-0.038
6827.343	-0.049	-0.038
6827.422	-0.051	-0.038
6827.513	-0.051	-0.038
6827.591	-0.052	-0.038
6827.669	-0.050	-0.038
6827.760	-0.050	-0.038
6827.838	-0.051	-0.038
6827.929	-0.050	-0.038
6828.007	-0.052	-0.038
6828.086	-0.050	-0.038
6828.177	-0.049	-0.038
6828.255	-0.051	-0.038
6828.346	-0.051	-0.039
6828.424	-0.049	-0.038
6828.502	-0.051	-0.039
6828.593	-0.052	-0.038
6828.672	-0.051	-0.038
6828.763	-0.050	-0.038
6828.841	-0.050	-0.038
6828.919	-0.051	-0.038
6829.010	-0.051	-0.038
6829.088	-0.051	-0.039
6829.179	-0.050	-0.040
6829.257	-0.052	-0.038
6829.336	-0.051	-0.041
6829.427	-0.051	-0.042
6829.505	-0.051	-0.042
6829.596	-0.053	-0.043
6829.674	-0.052	-0.043
6829.752	-0.052	-0.040
6829.843	-0.051	-0.043
6829.922	-0.051	-0.043
6830.013	-0.052	-0.043
6830.091	-0.053	-0.043
6830.169	-0.051	-0.043
6830.260	-0.052	-0.043
6830.338	-0.052	-0.043
6830.429	-0.052	-0.043
6830.507	-0.052	-0.043
6830.586	-0.049	-0.043
6830.677	-0.053	-0.042
6830.755	-0.051	-0.038
6830.846	-0.053	-0.038
6830.924	-0.052	-0.038
6831.002	-0.052	-0.038
6831.093	-0.050	-0.037
6831.172	-0.051	-0.038
6831.263	-0.052	-0.038
6831.341	-0.051	-0.038
6831.419	-0.053	-0.038
6831.510	-0.052	-0.038
6831.588	-0.053	-0.038
6831.679	-0.053	-0.038
6831.757	-0.053	-0.038
6831.836	-0.052	-0.038
6831.927	-0.053	-0.038
6832.005	-0.053	-0.038
6832.096	-0.053	-0.038
6832.174	-0.052	-0.038
6832.252	-0.053	-0.038
6832.343	-0.053	-0.038
6832.422	-0.053	-0.038
6832.513	-0.053	-0.038
6832.591	-0.053	-0.037
6832.669	-0.053	-0.034
6832.760	-0.051	-0.033
6832.838	-0.052	-0.033
6832.929	-0.053	-0.032
6833.007	-0.052	-0.028
6833.086	-0.051	-0.028
6833.177	-0.053	-0.028
6833.255	-0.053	-0.027
6833.346	-0.053	-0.027
6833.424	-0.053	-0.026
6833.502	-0.053	-0.026
6833.593	-0.053	-0.028
6833.672	-0.053	-0.028
6833.763	-0.052	-0.028
6833.841	-0.053	-0.028
6833.919	-0.053	-0.028
6834.010	-0.051	-0.028
6834.088	-0.053	-0.029
6834.179	-0.052	-0.030
6834.257	-0.053	-0.032
6834.336	-0.053	-0.032
6834.427	-0.050	-0.033
6834.505	-0.053	-0.032
6834.596	-0.053	-0.033
6834.674	-0.052	-0.033
6834.752	-0.052	-0.033
6834.843	-0.053	-0.033
6834.922	-0.053	-0.033
6835.013	-0.052	-0.033
6835.091	-0.053	-0.033
6835.169	-0.053	-0.033
6835.260	-0.053	-0.032
6835.338	-0.053	-0.033
6835.429	-0.052	-0.034
6835.507	-0.052	-0.033
6835.586	-0.053	-0.033
6835.677	-0.053	-0.033
6835.755	-0.053	-0.033
6835.846	-0.053	-0.033
6835.924	-0.053	-0.033
6836.002	-0.053	-0.033
6836.093	-0.053	-0.034
6836.172	-0.052	-0.034
6836.263	-0.052	-0.033
6836.341	-0.053	-0.035
6836.419	-0.052	-0.034
6836.510	-0.052	-0.034
6836.588	-0.053	-0.034
6836.679	-0.053	-0.033
6836.757	-0.053	-0.033
6836.836	-0.052	-0.034
6836.927	-0.051	-0.033
6837.005	-0.053	-0.033
6837.083	-0.053	-0.033
6837.174	-0.053	-0.033
6837.252	-0.053	-0.033
6837.343	-0.053	-0.032
6837.422	-0.053	-0.032
6837.513	-0.053	-0.031
6837.591	-0.053	-0.029
6837.669	-0.053	-0.028
6837.760	-0.053	-0.028
6837.838	-0.053	-0.028
6837.929	-0.053	-0.028
6838.007	-0.053	-0.028
6838.086	-0.053	-0.028
6838.177	-0.053	-0.027
6838.255	-0.053	-0.028
6838.333	-0.053	-0.028
6838.424	-0.053	-0.028
6838.502	-0.053	-0.028
6838.593	-0.053	-0.028
6838.672	-0.053	-0.029
6838.750	-0.053	-0.031
6838.841	-0.052	-0.031
6838.919	-0.053	-0.032
6839.010	-0.053	-0.033
6839.088	-0.053	-0.033
6839.167	-0.053	-0.033
6839.257	-0.053	-0.033
6839.336	-0.053	-0.033
6839.427	-0.053	-0.033
6839.505	-0.053	-0.032
6839.596	-0.053	-0.029
6839.674	-0.053	-0.030
6839.752	-0.053	-0.030
6839.843	-0.053	-0.029
6839.922	-0.053	-0.029
6840.013	-0.053	-0.028
6840.091	-0.053	-0.028
6840.169	-0.053	-0.028
6840.260	-0.053	-0.028
6840.338	-0.053	-0.032
6840.429	-0.053	-0.030
6840.507	-0.053	-0.030
6840.586	-0.053	-0.029
6840.677	-0.053	-0.031
6840.755	-0.053	-0.028
6840.833	-0.053	-0.028
6840.924	-0.053	-0.028
6841.002	-0.053	-0.028
6841.093	-0.053	-0.028
6841.172	-0.053	-0.028
6841.250	-0.053	-0.028
6841.341	-0.053	-0.028
6841.419	-0.053	-0.028
6841.510	-0.053	-0.028
6841.588	-0.053	-0.028
6841.667	-0.053	-0.028
6841.757	-0.053	-0.028
6841.836	-0.053	-0.028
6841.927	-0.053	-0.028
6842.005	-0.053	-0.028
6842.083	-0.053	-0.028
6842.174	-0.053	-0.028
6842.252	-0.053	-0.028
6842.343	-0.053	-0.029
6842.422	-0.053	-0.028
6842.513	-0.053	-0.028
6842.591	-0.053	-0.028
6842.669	-0.053	-0.028
6842.760	-0.053	-0.029
6842.838	-0.053	-0.032
6842.929	-0.053	-0.033
6843.007	-0.053	-0.033
6843.086	-0.053	-0.033
6843.177	-0.053	-0.033
6843.255	-0.053	-0.033
6843.333	-0.053	-0.033
6843.424	-0.053	-0.034
6843.502	-0.053	-0.037
6843.593	-0.053	-0.034
6843.672	-0.053	-0.034
6843.750	-0.054	-0.035
6843.841	-0.053	-0.034
6843.919	-0.053	-0.034
6844.010	-0.053	-0.036
6844.088	-0.053	-0.037
6844.179	-0.053	-0.038
6844.257	-0.053	-0.037
6844.336	-0.053	-0.037
6844.427	-0.053	-0.038
6844.505	-0.053	-0.038
6844.583	-0.053	-0.038
6844.674	-0.053	-0.038
6844.752	-0.053	-0.038
6844.843	-0.053	-0.038
6844.922	-0.053	-0.038
6845.000	-0.053	-0.038
6845.091	-0.053	-0.038
6845.169	-0.053	-0.038
6845.260	-0.053	-0.038
6845.338	-0.053	-0.038
6845.429	-0.053	-0.038
6845.507	-0.053	-0.038
6845.586	-0.053	-0.038
6845.677	-0.053	-0.038
6845.755	-0.053	-0.038
6845.846	-0.053	-0.038
6845.924	-0.053	-0.038
6846.002	-0.053	-0.039
6846.093	-0.053	-0.039
6846.172	-0.053	-0.038
6846.250	-0.054	-0.040
6846.341	-0.053	-0.039
6846.419	-0.053	-0.038
6846.510	-0.053	-0.038
6846.588	-0.053	-0.038
6846.667	-0.053	-0.038
6846.757	-0.053	-0.038
6846.836	-0.054	-0.038
6846.927	-0.053	-0.038
6847.005	-0.053	-0.038
6847.083	-0.053	-0.038
6847.174	-0.053	-0.038
6847.252	-0.053	-0.038
6847.317	-0.053	-0.038
6847.422	-0.054	-0.038
6847.500	-0.053	-0.038
6847.591	-0.053	-0.038
6847.669	-0.053	-0.038
6847.760	-0.053	-0.038
6847.838	-0.053	-0.039
6847.917	-0.053	-0.038
6848.007	-0.053	-0.038
6848.086	-0.053	-0.038
6848.177	-0.053	-0.037
6848.255	-0.053	-0.037
6848.346	-0.054	-0.034
6848.424	-0.053	-0.034
6848.502	-0.053	-0.034
6848.593	-0.053	-0.034
6848.672	-0.053	-0.033
6848.763	-0.054	-0.033
6848.841	-0.055	-0.033
6848.919	-0.053	-0.033
6849.010	-0.053	-0.033
6849.088	-0.053	-0.033
6849.179	-0.053	-0.033
6849.257	-0.053	-0.035
6849.336	-0.053	-0.034
6849.427	-0.053	-0.033
6849.505	-0.053	-0.033
6849.583	-0.054	-0.033
6849.674	-0.054	-0.033
6849.752	-0.054	-0.033
6849.843	-0.053	-0.030
6849.922	-0.053	-0.031
6850.000	-0.053	-0.032
6850.091	-0.053	-0.029
6850.169	-0.053	-0.029
6850.260	-0.053	-0.028
6850.338	-0.053	-0.028
6850.417	-0.053	-0.028
6850.507	-0.053	-0.028
6850.586	-0.053	-0.028
6850.677	-0.053	-0.028
6850.755	-0.053	-0.028
6850.833	-0.053	-0.028
6850.924	-0.054	-0.028
6851.002	-0.053	-0.028
6851.093	-0.054	-0.027
6851.172	-0.054	-0.024
6851.250	-0.054	-0.023
6851.341	-0.054	-0.023
6851.419	-0.053	-0.023
6851.510	-0.053	-0.023
6851.588	-0.054	-0.022
6851.667	-0.054	-0.023
6851.757	-0.053	-0.022
6851.836	-0.053	-0.023
6851.927	-0.053	-0.023
6852.005	-0.053	-0.023
6852.096	-0.054	-0.023
6852.174	-0.054	-0.026
6852.239	-0.053	-0.027
6852.343	-0.054	-0.028
6852.422	-0.053	-0.028
6852.500	-0.054	-0.027
6852.591	-0.053	-0.028
6852.669	-0.054	-0.028
6852.760	-0.053	-0.028
6852.838	-0.054	-0.028
6852.917	-0.054	-0.028
6853.007	-0.054	-0.028
6853.086	-0.054	-0.027
6853.177	-0.054	-0.028
6853.255	-0.053	-0.028
6853.333	-0.053	-0.028
6853.424	-0.054	-0.028
6853.502	-0.054	-0.029
6853.593	-0.054	-0.029
6853.672	-0.054	-0.031
6853.763	-0.053	-0.033
6853.841	-0.055	-0.033
6853.919	-0.053	-0.033
6854.010	-0.054	-0.033
6854.088	-0.053	-0.033
6854.179	-0.054	-0.033
6854.257	-0.054	-0.033
6854.336	-0.053	-0.033
6854.427	-0.054	-0.033
6854.505	-0.053	-0.030
6854.583	-0.053	-0.033
6854.674	-0.053	-0.033
6854.752	-0.053	-0.029
6854.843	-0.053	-0.031
6854.922	-0.053	-0.031
6855.000	-0.055	-0.028
6855.091	-0.054	-0.030
6855.169	-0.054	-0.028
6855.260	-0.054	-0.028
6855.338	-0.053	-0.028
6855.417	-0.053	-0.028
6855.507	-0.053	-0.029
6855.586	-0.053	-0.028
6855.677	-0.056	-0.028
6855.755	-0.054	-0.028
6855.833	-0.054	-0.028
6855.924	-0.054	-0.028
6856.002	-0.056	-0.028
6856.093	-0.053	-0.028
6856.172	-0.055	-0.028
6856.250	-0.054	-0.028
6856.341	-0.055	-0.028
6856.419	-0.055	-0.027
6856.510	-0.054	-0.028
6856.588	-0.054	-0.028
6856.667	-0.053	-0.028
6856.731	-0.054	-0.027
6856.836	-0.055	-0.027
6856.927	-0.056	-0.028
6857.005	-0.055	-0.028
6857.083	-0.054	-0.028
6857.174	-0.054	-0.032
6857.252	-0.054	-0.031
6857.343	-0.056	-0.033
6857.422	-0.054	-0.032
6857.500	-0.054	-0.033
6857.591	-0.055	-0.033
6857.669	-0.054	-0.033
6857.760	-0.054	-0.033
6857.838	-0.054	-0.033
6857.917	-0.056	-0.033
6858.007	-0.054	-0.033
6858.086	-0.054	-0.033
6858.177	-0.054	-0.031
6858.255	-0.055	-0.030
6858.333	-0.053	-0.030
6858.424	-0.055	-0.031
6858.502	-0.054	-0.028
6858.593	-0.054	-0.028
6858.672	-0.054	-0.028
6858.750	-0.054	-0.028
6858.841	-0.055	-0.028
6858.919	-0.054	-0.028
6859.010	-0.054	-0.028
6859.088	-0.053	-0.028
6859.167	-0.054	-0.028
6859.257	-0.054	-0.027
6859.336	-0.056	-0.028
6859.427	-0.054	-0.028
6859.505	-0.054	-0.028
6859.583	-0.055	-0.028
6859.674	-0.054	-0.028
6859.752	-0.055	-0.024
6859.843	-0.055	-0.024
6859.922	-0.056	-0.023
6860.000	-0.056	-0.026
6860.091	-0.054	-0.028
6860.169	-0.056	-0.027
6860.260	-0.055	-0.027
6860.338	-0.055	-0.024
6860.417	-0.054	-0.025
6860.507	-0.055	-0.024
6860.586	-0.054	-0.026
6860.677	-0.055	-0.023
6860.755	-0.055	-0.023
6860.833	-0.055	-0.023
6860.924	-0.057	-0.023
6861.002	-0.054	-0.023
6861.093	-0.056	-0.023
6861.172	-0.055	-0.022
6861.250	-0.055	-0.021
6861.341	-0.054	-0.020
6861.419	-0.056	-0.019
6861.510	-0.054	-0.018
6861.588	-0.055	-0.019
6861.667	-0.054	-0.019
6861.757	-0.056	-0.021
6861.836	-0.055	-0.020
6861.927	-0.058	-0.021
6862.005	-0.056	-0.023
6862.083	-0.055	-0.023
6862.174	-0.054	-0.023
6862.252	-0.055	-0.023
6862.343	-0.054	-0.023
6862.422	-0.054	-0.023
6862.500	-0.056	-0.023
6862.591	-0.057	-0.023
6862.669	-0.057	-0.023
6862.760	-0.054	-0.023
6862.838	-0.055	-0.023
6862.917	-0.056	-0.022
6863.007	-0.054	-0.019
6863.086	-0.057	-0.022
6863.177	-0.057	-0.020
6863.255	-0.054	-0.019
6863.333	-0.054	-0.023
6863.424	-0.058	-0.023
6863.502	-0.054	-0.023
6863.593	-0.056	-0.023
6863.672	-0.055	-0.023
6863.750	-0.058	-0.025
6863.841	-0.056	-0.028
6863.919	-0.058	-0.028
6864.010	-0.056	-0.028
6864.088	-0.055	-0.028
6864.167	-0.055	-0.028
6864.257	-0.056	-0.028
6864.336	-0.056	-0.028
6864.427	-0.057	-0.028
6864.505	-0.057	-0.028
6864.583	-0.056	-0.027
6864.674	-0.055	-0.025
6864.752	-0.055	-0.023
6864.843	-0.055	-0.023
6864.922	-0.056	-0.023
6865.000	-0.058	-0.023
6865.091	-0.058	-0.022
6865.169	-0.056	-0.022
6865.260	-0.055	-0.019
6865.338	-0.057	-0.019
6865.417	-0.056	-0.018
6865.507	-0.057	-0.020
6865.586	-0.058	-0.022
6865.677	-0.057	-0.023
6865.755	-0.056	-0.023
6865.833	-0.055	-0.023
6865.924	-0.058	-0.023
6866.002	-0.055	-0.023
6866.093	-0.058	-0.026
6866.172	-0.057	-0.028
6866.250	-0.057	-0.028
6866.341	-0.057	-0.028
6866.419	-0.058	-0.029
6866.510	-0.058	-0.028
6866.588	-0.057	-0.028
6866.667	-0.056	-0.028
6866.757	-0.057	-0.028
6866.836	-0.058	-0.028
6866.927	-0.057	-0.028
6867.005	-0.056	-0.028
6867.083	-0.056	-0.028
6867.174	-0.058	-0.028
6867.252	-0.057	-0.028
6867.343	-0.058	-0.028
6867.422	-0.058	-0.028
6867.500	-0.057	-0.027
6867.591	-0.058	-0.027
6867.669	-0.058	-0.027
6867.760	-0.056	-0.023
6867.838	-0.057	-0.025
6867.917	-0.058	-0.023
6868.007	-0.057	-0.023
6868.086	-0.056	-0.026
6868.177	-0.057	-0.026
6868.255	-0.058	-0.024
6868.333	-0.057	-0.023
6868.424	-0.055	-0.023
6868.502	-0.057	-0.023
6868.593	-0.058	-0.023
6868.672	-0.056	-0.023
6868.750	-0.058	-0.023
6868.841	-0.058	-0.023
6868.919	-0.057	-0.023
6869.010	-0.057	-0.023
6869.088	-0.056	-0.023
6869.167	-0.058	-0.023
6869.257	-0.057	-0.023
6869.336	-0.058	-0.023
6869.427	-0.058	-0.022
6869.505	-0.058	-0.018
6869.583	-0.058	-0.018
6869.674	-0.058	-0.017
6869.752	-0.058	-0.017
6869.843	-0.058	-0.017
6869.922	-0.058	-0.017
6870.000	-0.057	-0.017
6870.091	-0.058	-0.017
6870.169	-0.058	-0.014
6870.260	-0.058	-0.015
6870.338	-0.058	-0.017
6870.417	-0.057	-0.017
6870.507	-0.058	-0.017
6870.586	-0.057	-0.017
6870.677	-0.057	-0.017
6870.755	-0.058	-0.017
6870.833	-0.057	-0.017
6870.924	-0.058	-0.017
6871.002	-0.058	-0.017
6871.081	-0.057	-0.017
6871.172	-0.057	-0.018
6871.250	-0.058	-0.018
6871.341	-0.058	-0.017
6871.419	-0.057	-0.017
6871.510	-0.057	-0.017
6871.588	-0.058	-0.017
6871.667	-0.058	-0.017
6871.757	-0.056	-0.018
6871.836	-0.058	-0.022
6871.927	-0.058	-0.023
6872.005	-0.058	-0.023
6872.083	-0.058	-0.023
6872.174	-0.057	-0.023
6872.252	-0.058	-0.023
6872.343	-0.058	-0.023
6872.422	-0.058	-0.025
6872.500	-0.057	-0.024
6872.591	-0.058	-0.025
6872.669	-0.058	-0.025
6872.760	-0.058	-0.025
6872.838	-0.057	-0.027
6872.917	-0.058	-0.028
6873.007	-0.058	-0.028
6873.086	-0.058	-0.028
6873.164	-0.058	-0.028
6873.255	-0.058	-0.028
6873.333	-0.058	-0.028
6873.424	-0.057	-0.028
6873.502	-0.057	-0.032
6873.581	-0.058	-0.031
6873.672	-0.058	-0.031
6873.750	-0.058	-0.030
6873.841	-0.058	-0.028
6873.919	-0.058	-0.028
6874.010	-0.058	-0.028
6874.088	-0.058	-0.026
6874.167	-0.058	-0.025
6874.257	-0.057	-0.023
6874.336	-0.058	-0.023
6874.414	-0.058	-0.023
6874.505	-0.057	-0.023
6874.583	-0.058	-0.023
6874.674	-0.058	-0.022
6874.752	-0.058	-0.023
6874.843	-0.058	-0.023
6874.922	-0.058	-0.022
6875.000	-0.056	-0.023
6875.091	-0.058	-0.023
6875.169	-0.058	-0.023
6875.248	-0.058	-0.023
6875.338	-0.058	-0.023
6875.417	-0.058	-0.026
6875.507	-0.058	-0.028
6875.586	-0.058	-0.028
6875.664	-0.058	-0.026
6875.755	-0.058	-0.027
6875.833	-0.058	-0.026
6875.924	-0.058	-0.025
6876.002	-0.058	-0.025
6876.081	-0.058	-0.026
6876.172	-0.058	-0.027
6876.250	-0.058	-0.026
6876.341	-0.058	-0.027
6876.419	-0.058	-0.026
6876.498	-0.058	-0.026
6876.588	-0.057	-0.024
6876.667	-0.058	-0.023
6876.757	-0.058	-0.023
6876.836	-0.058	-0.023
6876.927	-0.058	-0.023
6877.005	-0.057	-0.023
6877.083	-0.058	-0.024
6877.174	-0.058	-0.026
6877.252	-0.058	-0.026
6877.331	-0.058	-0.027
6877.422	-0.057	-0.028
6877.500	-0.058	-0.028
6877.591	-0.058	-0.028
6877.669	-0.058	-0.028
6877.748	-0.058	-0.028
6877.838	-0.058	-0.028
6877.917	-0.058	-0.028
6878.007	-0.058	-0.028
6878.086	-0.058	-0.028
6878.164	-0.058	-0.028
6878.255	-0.058	-0.030
6878.333	-0.058	-0.028
6878.424	-0.058	-0.028
6878.502	-0.058	-0.028
6878.581	-0.058	-0.029
6878.672	-0.058	-0.032
6878.750	-0.057	-0.032
6878.841	-0.058	-0.031
6878.919	-0.058	-0.030
6878.998	-0.058	-0.033
6879.088	-0.058	-0.033
6879.167	-0.058	-0.034
6879.257	-0.058	-0.033
6879.336	-0.058	-0.033
6879.414	-0.058	-0.033
6879.505	-0.058	-0.033
6879.583	-0.058	-0.033
6879.674	-0.058	-0.033
6879.752	-0.058	-0.031
6879.831	-0.057	-0.029
6879.922	-0.058	-0.028
6880.000	-0.058	-0.028
6880.091	-0.058	-0.026
6880.169	-0.058	-0.025
6880.248	-0.058	-0.023
6880.338	-0.058	-0.023
6880.417	-0.058	-0.023
6880.507	-0.058	-0.024
6880.586	-0.058	-0.023
6880.664	-0.058	-0.023
6880.755	-0.058	-0.023
6880.833	-0.058	-0.023
6880.924	-0.058	-0.023
6881.002	-0.058	-0.023
6881.081	-0.058	-0.023
6881.172	-0.058	-0.023
6881.250	-0.058	-0.023
6881.341	-0.058	-0.023
6881.419	-0.058	-0.022
6881.498	-0.058	-0.022
6881.588	-0.058	-0.019
6881.667	-0.058	-0.021
6881.757	-0.058	-0.018
6881.836	-0.058	-0.019
6881.914	-0.058	-0.017
6882.005	-0.058	-0.019
6882.083	-0.058	-0.019
6882.174	-0.058	-0.018
6882.252	-0.058	-0.022
6882.331	-0.058	-0.023
6882.422	-0.058	-0.023
6882.500	-0.058	-0.023
6882.591	-0.058	-0.023
6882.669	-0.058	-0.023
6882.748	-0.058	-0.023
6882.838	-0.058	-0.024
6882.917	-0.058	-0.026
6883.007	-0.058	-0.028
6883.086	-0.058	-0.025
6883.164	-0.058	-0.023
6883.255	-0.058	-0.023
6883.333	-0.058	-0.024
6883.424	-0.058	-0.023
6883.502	-0.058	-0.023
6883.581	-0.058	-0.024
6883.672	-0.058	-0.024
6883.750	-0.058	-0.023
6883.841	-0.058	-0.023
6883.919	-0.058	-0.023
6883.998	-0.058	-0.023
6884.088	-0.058	-0.022
6884.167	-0.058	-0.022
6884.257	-0.058	-0.020
6884.336	-0.058	-0.019
6884.414	-0.058	-0.019
6884.505	-0.058	-0.019
6884.583	-0.058	-0.018
6884.674	-0.058	-0.021
6884.752	-0.058	-0.018
6884.831	-0.058	-0.022
6884.922	-0.058	-0.023
6885.000	-0.058	-0.023
6885.091	-0.058	-0.023
6885.169	-0.058	-0.023
6885.248	-0.058	-0.023
6885.338	-0.058	-0.023
6885.417	-0.058	-0.023
6885.507	-0.058	-0.023
6885.586	-0.058	-0.023
6885.664	-0.058	-0.023
6885.755	-0.058	-0.023
6885.833	-0.058	-0.023
6885.924	-0.058	-0.022
6886.002	-0.058	-0.023
6886.081	-0.058	-0.023
6886.172	-0.058	-0.022
6886.250	-0.058	-0.022
6886.341	-0.058	-0.021
6886.419	-0.058	-0.021
6886.498	-0.058	-0.019
6886.588	-0.058	-0.018
6886.667	-0.058	-0.019
6886.757	-0.058	-0.017
6886.836	-0.058	-0.017
6886.914	-0.058	-0.017
6887.005	-0.058	-0.017
6887.083	-0.058	-0.018
6887.174	-0.058	-0.019
6887.252	-0.058	-0.023
6887.331	-0.058	-0.022
6887.422	-0.058	-0.023
6887.500	-0.058	-0.023
6887.591	-0.058	-0.023
6887.669	-0.058	-0.023
6887.748	-0.058	-0.023
6887.838	-0.058	-0.023
6887.917	-0.058	-0.023
6888.007	-0.058	-0.023
6888.086	-0.058	-0.023
6888.164	-0.058	-0.023
6888.255	-0.058	-0.023
6888.333	-0.058	-0.023
6888.424	-0.058	-0.022
6888.502	-0.058	-0.022
6888.581	-0.058	-0.019
6888.672	-0.058	-0.017
6888.750	-0.058	-0.017
6888.841	-0.058	-0.017
6888.919	-0.058	-0.017
6888.998	-0.058	-0.017
6889.088	-0.058	-0.017
6889.167	-0.058	-0.017
6889.257	-0.058	-0.017
6889.336	-0.058	-0.017
6889.414	-0.058	-0.017
6889.505	-0.058	-0.017
6889.583	-0.058	-0.017
6889.674	-0.058	-0.017
6889.752	-0.058	-0.017
6889.831	-0.058	-0.017
6889.922	-0.058	-0.017
6890.000	-0.058	-0.017
6890.091	-0.058	-0.017
6890.169	-0.058	-0.017
6890.248	-0.058	-0.017
6890.338	-0.058	-0.017
6890.417	-0.058	-0.015
6890.507	-0.058	-0.016
6890.586	-0.058	-0.016
6890.664	-0.058	-0.017
6890.755	-0.058	-0.015
6890.833	-0.058	-0.017
6890.924	-0.058	-0.016
6891.002	-0.058	-0.013
6891.081	-0.058	-0.016
6891.172	-0.058	-0.016
6891.250	-0.058	-0.017
6891.341	-0.058	-0.017
6891.419	-0.058	-0.017
6891.498	-0.058	-0.017
6891.588	-0.058	-0.017
6891.667	-0.058	-0.017
6891.757	-0.058	-0.017
6891.836	-0.058	-0.017
6891.914	-0.058	-0.017
6892.005	-0.058	-0.017
6892.083	-0.058	-0.017
6892.174	-0.058	-0.017
6892.252	-0.058	-0.017
6892.331	-0.058	-0.017
6892.422	-0.058	-0.017
6892.500	-0.058	-0.017
6892.591	-0.058	-0.017
6892.669	-0.058	-0.017
6892.748	-0.058	-0.017
6892.838	-0.058	-0.019
6892.917	-0.058	-0.018
6893.007	-0.058	-0.022
6893.086	-0.058	-0.021
6893.164	-0.058	-0.023
6893.255	-0.058	-0.023
6893.333	-0.058	-0.022
6893.424	-0.058	-0.021
6893.502	-0.058	-0.022
6893.581	-0.058	-0.020
6893.672	-0.058	-0.018
6893.750	-0.058	-0.021
6893.841	-0.058	-0.023
6893.919	-0.058	-0.023
6893.998	-0.058	-0.022
6894.088	-0.058	-0.023
6894.167	-0.058	-0.023
6894.257	-0.058	-0.023
6894.336	-0.058	-0.023
6894.414	-0.058	-0.026
6894.505	-0.058	-0.027
6894.583	-0.058	-0.028
6894.674	-0.058	-0.028
6894.752	-0.058	-0.028
6894.831	-0.058	-0.027
6894.922	-0.058	-0.026
6895.000	-0.058	-0.026
6895.091	-0.058	-0.025
6895.169	-0.058	-0.025
6895.248	-0.058	-0.023
6895.338	-0.058	-0.023
6895.417	-0.058	-0.023
6895.507	-0.058	-0.023
6895.586	-0.058	-0.021
6895.664	-0.058	-0.019
6895.755	-0.058	-0.019
6895.833	-0.058	-0.020
6895.924	-0.058	-0.021
6896.002	-0.058	-0.023
6896.081	-0.058	-0.021
6896.172	-0.058	-0.018
6896.250	-0.058	-0.020
6896.341	-0.058	-0.020
6896.419	-0.058	-0.017
6896.498	-0.058	-0.018
6896.588	-0.058	-0.017
6896.667	-0.058	-0.017
6896.757	-0.058	-0.017
6896.836	-0.058	-0.017
6896.914	-0.058	-0.017
6897.005	-0.058	-0.017
6897.083	-0.058	-0.016
6897.174	-0.058	-0.014
6897.252	-0.058	-0.013
6897.331	-0.058	-0.012
6897.422	-0.058	-0.013
6897.500	-0.058	-0.012
6897.591	-0.058	-0.016
6897.669	-0.058	-0.015
6897.748	-0.058	-0.017
6897.838	-0.058	-0.015
6897.917	-0.058	-0.014
6898.007	-0.058	-0.016
6898.086	-0.058	-0.017
6898.164	-0.058	-0.017
6898.255	-0.058	-0.017
6898.333	-0.058	-0.017
6898.424	-0.058	-0.017
6898.502	-0.058	-0.017
6898.581	-0.058	-0.017
6898.672	-0.058	-0.017
6898.750	-0.058	-0.017
6898.841	-0.058	-0.017
6898.919	-0.058	-0.017
6898.998	-0.058	-0.017
6899.088	-0.058	-0.017
6899.167	-0.058	-0.017
6899.257	-0.058	-0.017
6899.336	-0.058	-0.017
6899.414	-0.058	-0.017
6899.505	-0.058	-0.017
6899.583	-0.058	-0.017
6899.674	-0.058	-0.017
6899.752	-0.058	-0.017
6899.831	-0.058	-0.017
6899.922	-0.058	-0.017
6900.000	-0.058	-0.017
6900.091	-0.058	-0.017
6900.169	-0.058	-0.017
6900.248	-0.058	-0.019
6900.338	-0.058	-0.020
6900.417	-0.058	-0.020
6900.507	-0.058	-0.020
6900.586	-0.058	-0.023
6900.664	-0.058	-0.023
6900.755	-0.058	-0.023
6900.833	-0.058	-0.023
6900.924	-0.058	-0.023
6901.002	-0.058	-0.023
6901.081	-0.058	-0.024
6901.172	-0.058	-0.026
6901.250	-0.058	-0.027
6901.341	-0.058	-0.028
6901.419	-0.058	-0.028
6901.498	-0.058	-0.028
6901.588	-0.058	-0.028
6901.667	-0.058	-0.027
6901.757	-0.058	-0.026
6901.836	-0.058	-0.028
6901.914	-0.058	-0.027
6902.005	-0.058	-0.023
6902.083	-0.058	-0.023
6902.174	-0.058	-0.023
6902.252	-0.058	-0.023
6902.331	-0.058	-0.023
6902.422	-0.058	-0.022
6902.500	-0.058	-0.022
6902.591	-0.058	-0.020
6902.669	-0.058	-0.018
6902.748	-0.058	-0.017
6902.838	-0.059	-0.017
6902.917	-0.058	-0.017
6903.007	-0.059	-0.017
6903.086	-0.058	-0.017
6903.164	-0.058	-0.017
6903.255	-0.058	-0.017
6903.333	-0.058	-0.017
6903.424	-0.058	-0.017
6903.502	-0.058	-0.017
6903.581	-0.058	-0.017
6903.672	-0.058	-0.017
6903.750	-0.058	-0.019
6903.841	-0.058	-0.019
6903.919	-0.058	-0.022
6903.998	-0.058	-0.023
6904.088	-0.058	-0.023
6904.167	-0.058	-0.023
6904.257	-0.058	-0.023
6904.336	-0.058	-0.023
6904.414	-0.058	-0.023
6904.505	-0.058	-0.023
6904.583	-0.058	-0.022
6904.674	-0.058	-0.022
6904.752	-0.058	-0.018
6904.831	-0.058	-0.018
6904.922	-0.058	-0.017
6905.000	-0.058	-0.018
6905.091	-0.058	-0.017
6905.169	-0.058	-0.017
6905.248	-0.058	-0.017
6905.338	-0.058	-0.017
6905.417	-0.058	-0.017
6905.507	-0.058	-0.017
6905.586	-0.058	-0.017
6905.664	-0.059	-0.017
6905.755	-0.058	-0.017
6905.833	-0.058	-0.017
6905.924	-0.058	-0.017
6906.002	-0.058	-0.018
6906.081	-0.058	-0.019
6906.172	-0.058	-0.022
6906.250	-0.059	-0.021
6906.341	-0.059	-0.022
6906.419	-0.058	-0.022
6906.498	-0.058	-0.022
6906.588	-0.059	-0.023
6906.667	-0.058	-0.023
6906.757	-0.058	-0.021
6906.836	-0.059	-0.022
6906.914	-0.058	-0.022
6907.005	-0.058	-0.018
6907.070	-0.058	-0.017
6907.174	-0.059	-0.017
6907.252	-0.059	-0.018
6907.331	-0.058	-0.017
6907.422	-0.058	-0.017
6907.500	-0.058	-0.017
6907.591	-0.059	-0.017
6907.669	-0.058	-0.017
6907.748	-0.059	-0.017
6907.838	-0.058	-0.017
6907.917	-0.058	-0.017
6908.007	-0.058	-0.017
6908.086	-0.058	-0.017
6908.164	-0.058	-0.017
6908.255	-0.059	-0.017
6908.333	-0.059	-0.017
6908.424	-0.060	-0.017
6908.502	-0.058	-0.017
6908.581	-0.059	-0.017
6908.672	-0.059	-0.017
6908.750	-0.058	-0.017
6908.841	-0.058	-0.017
6908.919	-0.059	-0.017
6908.998	-0.058	-0.016
6909.088	-0.058	-0.014
6909.167	-0.058	-0.014
6909.257	-0.059	-0.014
6909.336	-0.058	-0.016
6909.414	-0.058	-0.014
6909.505	-0.059	-0.013
6909.583	-0.058	-0.013
6909.674	-0.059	-0.014
6909.752	-0.059	-0.016
6909.831	-0.058	-0.017
6909.922	-0.059	-0.016
6910.000	-0.059	-0.017
6910.091	-0.058	-0.017
6910.169	-0.058	-0.017
6910.248	-0.060	-0.017
6910.338	-0.059	-0.017
6910.417	-0.059	-0.017
6910.507	-0.058	-0.018
6910.586	-0.058	-0.017
6910.664	-0.058	-0.019
6910.755	-0.058	-0.019
6910.833	-0.058	-0.020
6910.924	-0.058	-0.022
6911.002	-0.059	-0.023
6911.081	-0.058	-0.023
6911.172	-0.059	-0.023
6911.250	-0.059	-0.023
6911.341	-0.060	-0.023
6911.419	-0.058	-0.025
6911.498	-0.058	-0.023
6911.588	-0.058	-0.023
6911.667	-0.058	-0.023
6911.757	-0.058	-0.023
6911.836	-0.058	-0.023
6911.914	-0.058	-0.023
6912.005	-0.058	-0.023
6912.083	-0.059	-0.023
6912.174	-0.059	-0.023
6912.252	-0.058	-0.022
6912.331	-0.058	-0.022
6912.422	-0.058	-0.020
6912.500	-0.059	-0.019
6912.591	-0.058	-0.018
6912.669	-0.059	-0.019
6912.748	-0.058	-0.017
6912.838	-0.059	-0.017
6912.917	-0.059	-0.017
6913.007	-0.058	-0.017
6913.086	-0.058	-0.017
6913.164	-0.061	-0.017
6913.255	-0.059	-0.017
6913.333	-0.060	-0.017
6913.424	-0.058	-0.017
6913.502	-0.058	-0.017
6913.581	-0.059	-0.017
6913.672	-0.058	-0.017
6913.750	-0.059	-0.017
6913.841	-0.060	-0.017
6913.919	-0.059	-0.014
6913.998	-0.060	-0.012
6914.088	-0.058	-0.012
6914.167	-0.060	-0.013
6914.257	-0.059	-0.013
6914.336	-0.058	-0.012
6914.414	-0.058	-0.012
6914.505	-0.060	-0.012
6914.583	-0.058	-0.012
6914.674	-0.060	-0.013
6914.752	-0.059	-0.015
6914.831	-0.058	-0.017
6914.922	-0.059	-0.017
6915.000	-0.059	-0.017
6915.091	-0.060	-0.017
6915.169	-0.060	-0.017
6915.248	-0.059	-0.017
6915.338	-0.058	-0.017
6915.417	-0.058	-0.017
6915.507	-0.059	-0.017
6915.586	-0.058	-0.014
6915.664	-0.059	-0.013
6915.755	-0.059	-0.012
6915.833	-0.060	-0.012
6915.924	-0.060	-0.012
6916.002	-0.059	-0.012
6916.081	-0.058	-0.012
6916.172	-0.059	-0.010
6916.250	-0.060	-0.011
6916.341	-0.058	-0.011
6916.419	-0.059	-0.009
6916.498	-0.059	-0.011
6916.588	-0.058	-0.008
6916.667	-0.060	-0.011
6916.757	-0.059	-0.011
6916.836	-0.058	-0.008
6916.914	-0.058	-0.009
6917.005	-0.060	-0.011
6917.083	-0.060	-0.011
6917.174	-0.060	-0.012
6917.252	-0.060	-0.012
6917.331	-0.059	-0.011
6917.422	-0.058	-0.011
6917.500	-0.060	-0.007
6917.591	-0.059	-0.007
6917.669	-0.059	-0.007
6917.748	-0.058	-0.007
6917.838	-0.058	-0.007
6917.917	-0.060	-0.007
6918.007	-0.060	-0.007
6918.086	-0.060	-0.007
6918.164	-0.060	-0.007
6918.255	-0.058	-0.007
6918.333	-0.058	-0.007
6918.424	-0.060	-0.008
6918.502	-0.058	-0.009
6918.581	-0.060	-0.010
6918.672	-0.059	-0.011
6918.750	-0.059	-0.010
6918.841	-0.059	-0.011
6918.919	-0.058	-0.007
6918.998	-0.058	-0.007
6919.088	-0.060	-0.008
6919.167	-0.059	-0.009
6919.257	-0.059	-0.010
6919.336	-0.060	-0.008
6919.414	-0.060	-0.009
6919.505	-0.059	-0.011
6919.583	-0.059	-0.012
6919.674	-0.060	-0.012
6919.752	-0.059	-0.012
6919.831	-0.059	-0.012
6919.922	-0.060	-0.014
6920.000	-0.060	-0.012
6920.091	-0.059	-0.013
6920.169	-0.060	-0.012
6920.248	-0.060	-0.012
6920.338	-0.059	-0.011
6920.417	-0.059	-0.012
6920.507	-0.059	-0.010
6920.586	-0.059	-0.011
6920.664	-0.060	-0.008
6920.755	-0.059	-0.011
6920.833	-0.060	-0.011
6920.924	-0.061	-0.010
6921.002	-0.062	-0.012
6921.081	-0.061	-0.011
6921.172	-0.060	-0.011
6921.250	-0.060	-0.011
6921.341	-0.060	-0.011
6921.419	-0.060	-0.012
6921.498	-0.062	-0.013
6921.588	-0.060	-0.013
6921.667	-0.058	-0.016
6921.757	-0.060	-0.017
6921.836	-0.060	-0.017
6921.914	-0.060	-0.017
6922.005	-0.060	-0.017
6922.083	-0.060	-0.017
6922.174	-0.061	-0.017
6922.252	-0.059	-0.017
6922.331	-0.060	-0.017
6922.422	-0.060	-0.017
6922.500	-0.059	-0.017
6922.591	-0.060	-0.017
6922.669	-0.060	-0.017
6922.748	-0.060	-0.017
6922.838	-0.060	-0.017
6922.917	-0.060	-0.017
6923.007	-0.061	-0.017
6923.086	-0.060	-0.017
6923.164	-0.060	-0.017
6923.255	-0.060	-0.017
6923.333	-0.058	-0.017
6923.424	-0.060	-0.017
6923.502	-0.060	-0.017
6923.581	-0.059	-0.016
6923.672	-0.060	-0.017
6923.750	-0.060	-0.017
6923.841	-0.060	-0.017
6923.919	-0.063	-0.017
6923.998	-0.060	-0.017
6924.088	-0.060	-0.017
6924.167	-0.061	-0.017
6924.257	-0.061	-0.017
6924.336	-0.062	-0.017
6924.414	-0.058	-0.017
6924.505	-0.062	-0.015
6924.583	-0.060	-0.015
6924.674	-0.061	-0.015
6924.752	-0.059	-0.013
6924.843	-0.061	-0.012
6924.922	-0.061	-0.012
6925.000	-0.060	-0.010
6925.091	-0.060	-0.007
6925.169	-0.061	-0.008
6925.248	-0.061	-0.007
6925.338	-0.060	-0.007
6925.417	-0.061	-0.007
6925.507	-0.060	-0.006
6925.586	-0.060	-0.002
6925.664	-0.062	-0.003
6925.755	-0.060	-0.004
6925.833	-0.060	-0.005
6925.924	-0.059	-0.007
6926.002	-0.060	-0.006
6926.081	-0.060	-0.007
6926.172	-0.060	-0.007
6926.250	-0.060	-0.006
6926.341	-0.059	-0.007
6926.419	-0.063	-0.007
6926.498	-0.061	-0.007
6926.588	-0.059	-0.009
6926.667	-0.059	-0.009
6926.757	-0.060	-0.010
6926.836	-0.060	-0.012
6926.914	-0.061	-0.010
6927.005	-0.060	-0.009
6927.083	-0.059	-0.009
6927.174	-0.062	-0.007
6927.252	-0.060	-0.008
6927.331	-0.061	-0.007
6927.422	-0.062	-0.007
6927.500	-0.061	-0.007
6927.591	-0.061	-0.007
6927.669	-0.061	-0.007
6927.748	-0.060	-0.007
6927.838	-0.060	-0.007
6927.917	-0.060	-0.007
6928.007	-0.061	-0.007
6928.086	-0.060	-0.007
6928.164	-0.062	-0.007
6928.255	-0.060	-0.007
6928.333	-0.061	-0.006
6928.424	-0.060	-0.007
6928.502	-0.060	-0.007
6928.581	-0.060	-0.006
6928.672	-0.060	-0.007
6928.750	-0.060	-0.005
6928.841	-0.061	-0.006
6928.919	-0.061	-0.004
6928.998	-0.060	-0.002
6929.088	-0.061	-0.004
6929.167	-0.062	-0.006
6929.257	-0.060	-0.006
6929.336	-0.060	-0.005
6929.414	-0.060	-0.005
6929.505	-0.059	-0.006
6929.583	-0.061	-0.007
6929.674	-0.060	-0.006
6929.752	-0.060	-0.007
6929.831	-0.060	-0.007
6929.922	-0.062	-0.007
6930.000	-0.061	-0.007
6930.091	-0.061	-0.007
6930.169	-0.062	-0.007
6930.248	-0.061	-0.007
6930.338	-0.060	-0.007
6930.417	-0.061	-0.007
6930.507	-0.060	-0.007
6930.586	-0.060	-0.007
6930.664	-0.061	-0.008
6930.755	-0.061	-0.009
6930.833	-0.061	-0.012
6930.924	-0.061	-0.012
6931.002	-0.060	-0.013
6931.081	-0.061	-0.013
6931.172	-0.062	-0.014
6931.250	-0.060	-0.017
6931.341	-0.062	-0.017
6931.419	-0.062	-0.017
6931.498	-0.063	-0.017
6931.588	-0.060	-0.017
6931.667	-0.062	-0.017
6931.757	-0.062	-0.016
6931.836	-0.062	-0.016
6931.914	-0.062	-0.013
6932.005	-0.060	-0.012
6932.083	-0.062	-0.011
6932.174	-0.062	-0.009
6932.252	-0.062	-0.008
6932.331	-0.061	-0.007
6932.422	-0.063	-0.007
6932.500	-0.062	-0.007
6932.591	-0.060	-0.006
6932.669	-0.060	-0.005
6932.748	-0.063	-0.006
6932.838	-0.063	-0.006
6932.917	-0.061	-0.004
6933.007	-0.063	-0.005
6933.086	-0.063	-0.007
6933.164	-0.062	-0.007
6933.255	-0.062	-0.007
6933.333	-0.062	-0.009
6933.424	-0.061	-0.012
6933.502	-0.063	-0.012
6933.581	-0.062	-0.013
6933.672	-0.062	-0.012
6933.750	-0.063	-0.012
6933.841	-0.062	-0.012
6933.919	-0.062	-0.012
6933.998	-0.060	-0.013
6934.088	-0.063	-0.014
6934.167	-0.062	-0.016
6934.257	-0.062	-0.014
6934.336	-0.062	-0.015
6934.414	-0.060	-0.015
6934.505	-0.062	-0.017
6934.583	-0.062	-0.017
6934.674	-0.062	-0.017
6934.752	-0.063	-0.017
6934.831	-0.061	-0.017
6934.922	-0.062	-0.017
6935.000	-0.063	-0.017
6935.091	-0.062	-0.017
6935.169	-0.062	-0.017
6935.248	-0.063	-0.017
6935.338	-0.061	-0.017
6935.417	-0.062	-0.017
6935.507	-0.062	-0.017
6935.586	-0.061	-0.017
6935.664	-0.062	-0.017
6935.755	-0.062	-0.017
6935.833	-0.061	-0.017
6935.924	-0.063	-0.017
6936.002	-0.062	-0.017
6936.081	-0.061	-0.017
6936.172	-0.062	-0.017
6936.250	-0.063	-0.017
6936.341	-0.062	-0.019
6936.419	-0.063	-0.021
6936.498	-0.061	-0.019
6936.588	-0.062	-0.018
6936.667	-0.062	-0.018
6936.757	-0.062	-0.017
6936.836	-0.061	-0.017
6936.914	-0.063	-0.017
6937.005	-0.061	-0.017
6937.083	-0.061	-0.017
6937.174	-0.061	-0.016
6937.252	-0.060	-0.013
6937.331	-0.063	-0.012
6937.422	-0.062	-0.012
6937.500	-0.063	-0.012
6937.591	-0.062	-0.013
6937.669	-0.063	-0.013
6937.748	-0.063	-0.014
6937.838	-0.063	-0.016
6937.917	-0.063	-0.016
6938.007	-0.061	-0.017
6938.086	-0.063	-0.017
6938.164	-0.062	-0.017
6938.255	-0.062	-0.017
6938.333	-0.062	-0.017
6938.424	-0.063	-0.017
6938.502	-0.063	-0.017
6938.581	-0.063	-0.017
6938.672	-0.062	-0.017
6938.750	-0.063	-0.017
6938.841	-0.062	-0.017
6938.919	-0.063	-0.017
6938.998	-0.063	-0.017
6939.088	-0.063	-0.017
6939.167	-0.063	-0.017
6939.257	-0.063	-0.017
6939.336	-0.063	-0.017
6939.414	-0.063	-0.017
6939.505	-0.063	-0.017
6939.583	-0.062	-0.017
6939.674	-0.061	-0.017
6939.752	-0.063	-0.017
6939.831	-0.063	-0.017
6939.922	-0.063	-0.017
6940.000	-0.062	-0.017
6940.091	-0.061	-0.017
6940.169	-0.063	-0.017
6940.248	-0.063	-0.017
6940.338	-0.062	-0.017
6940.417	-0.061	-0.017
6940.507	-0.063	-0.017
6940.586	-0.063	-0.017
6940.664	-0.063	-0.017
6940.755	-0.062	-0.017
6940.833	-0.063	-0.017
6940.924	-0.063	-0.017
6941.002	-0.062	-0.017
6941.081	-0.062	-0.017
6941.172	-0.063	-0.017
6941.250	-0.063	-0.017
6941.341	-0.063	-0.017
6941.419	-0.063	-0.017
6941.498	-0.063	-0.017
6941.588	-0.063	-0.017
6941.667	-0.063	-0.017
6941.757	-0.063	-0.017
6941.836	-0.062	-0.014
6941.914	-0.062	-0.014
6942.005	-0.063	-0.012
6942.083	-0.063	-0.012
6942.174	-0.063	-0.012
6942.252	-0.061	-0.012
6942.331	-0.062	-0.012
6942.422	-0.062	-0.011
6942.500	-0.063	-0.011
6942.591	-0.063	-0.010
6942.669	-0.063	-0.011
6942.748	-0.063	-0.011
6942.838	-0.063	-0.012
6942.917	-0.063	-0.012
6943.007	-0.063	-0.012
6943.086	-0.063	-0.015
6943.164	-0.062	-0.015
6943.255	-0.062	-0.016
6943.333	-0.063	-0.017
6943.424	-0.063	-0.017
6943.502	-0.063	-0.017
6943.581	-0.063	-0.017
6943.672	-0.062	-0.017
6943.750	-0.062	-0.017
6943.841	-0.063	-0.017
6943.919	-0.063	-0.015
6943.998	-0.063	-0.017
6944.088	-0.063	-0.015
6944.167	-0.063	-0.013
6944.244	-0.063	-0.015
6944.336	-0.063	-0.015
6944.414	-0.062	-0.015
6944.505	-0.063	-0.015
6944.583	-0.063	-0.015
6944.674	-0.063	-0.013
6944.752	-0.063	-0.014
6944.831	-0.063	-0.014
6944.922	-0.063	-0.014
6945.000	-0.063	-0.013
6945.091	-0.063	-0.014
6945.169	-0.063	-0.015
6945.248	-0.063	-0.016
6945.338	-0.062	-0.017
6945.417	-0.063	-0.017
6945.494	-0.062	-0.017
6945.586	-0.063	-0.017
6945.664	-0.063	-0.014
6945.755	-0.063	-0.013
6945.833	-0.062	-0.013
6945.911	-0.063	-0.012
6946.002	-0.063	-0.012
6946.081	-0.063	-0.012
6946.172	-0.062	-0.011
6946.250	-0.062	-0.012
6946.328	-0.063	-0.011
6946.419	-0.062	-0.012
6946.498	-0.062	-0.012
6946.588	-0.063	-0.012
6946.667	-0.063	-0.012
6946.757	-0.063	-0.012
6946.836	-0.063	-0.012
6946.914	-0.063	-0.012
6947.005	-0.063	-0.012
6947.083	-0.063	-0.012
6947.161	-0.063	-0.012
6947.252	-0.063	-0.012
6947.331	-0.063	-0.012
6947.422	-0.063	-0.012
6947.500	-0.063	-0.012
6947.591	-0.063	-0.012
6947.669	-0.063	-0.012
6947.748	-0.063	-0.012
6947.838	-0.063	-0.012
6947.917	-0.062	-0.012
6948.007	-0.063	-0.012
6948.086	-0.063	-0.010
6948.164	-0.063	-0.007
6948.255	-0.063	-0.007
6948.333	-0.063	-0.008
6948.411	-0.063	-0.007
6948.502	-0.063	-0.007
6948.581	-0.063	-0.008
6948.672	-0.063	-0.008
6948.750	-0.062	-0.007
6948.841	-0.063	-0.007
6948.919	-0.063	-0.007
6948.998	-0.063	-0.007
6949.088	-0.063	-0.007
6949.167	-0.063	-0.007
6949.244	-0.063	-0.007
6949.336	-0.063	-0.007
6949.414	-0.063	-0.011
6949.505	-0.063	-0.012
6949.583	-0.063	-0.012
6949.661	-0.063	-0.013
6949.752	-0.063	-0.012
6949.831	-0.062	-0.013
6949.922	-0.062	-0.012
6950.000	-0.063	-0.013
6950.078	-0.063	-0.013
6950.169	-0.063	-0.012
6950.248	-0.063	-0.011
6950.338	-0.062	-0.012
6950.417	-0.063	-0.012
6950.507	-0.063	-0.012
6950.586	-0.063	-0.012
6950.664	-0.063	-0.011
6950.755	-0.063	-0.011
6950.833	-0.063	-0.008
6950.911	-0.063	-0.009
6951.002	-0.062	-0.007
6951.081	-0.063	-0.007
6951.172	-0.063	-0.007
6951.250	-0.063	-0.007
6951.328	-0.063	-0.007
6951.419	-0.063	-0.007
6951.498	-0.063	-0.007
6951.588	-0.063	-0.007
6951.667	-0.063	-0.007
6951.744	-0.063	-0.007
6951.836	-0.063	-0.007
6951.914	-0.063	-0.007
6952.005	-0.062	-0.007
6952.083	-0.063	-0.007
6952.161	-0.063	-0.008
6952.252	-0.063	-0.007
6952.331	-0.063	-0.007
6952.422	-0.063	-0.009
6952.500	-0.063	-0.007
6952.578	-0.062	-0.009
6952.669	-0.063	-0.007
6952.748	-0.063	-0.008
6952.838	-0.063	-0.008
6952.917	-0.063	-0.007
6952.994	-0.063	-0.007
6953.086	-0.062	-0.007
6953.164	-0.063	-0.007
6953.255	-0.063	-0.007
6953.333	-0.063	-0.006
6953.411	-0.062	-0.006
6953.502	-0.063	-0.007
6953.581	-0.063	-0.007
6953.672	-0.063	-0.007
6953.750	-0.063	-0.007
6953.828	-0.063	-0.007
6953.919	-0.063	-0.008
6953.998	-0.063	-0.010
6954.088	-0.063	-0.011
6954.153	-0.063	-0.012
6954.244	-0.063	-0.012
6954.336	-0.063	-0.012
6954.414	-0.063	-0.014
6954.505	-0.063	-0.013
6954.583	-0.063	-0.013
6954.661	-0.063	-0.012
6954.752	-0.063	-0.012
6954.831	-0.063	-0.011
6954.922	-0.063	-0.010
6955.000	-0.063	-0.011
6955.078	-0.063	-0.011
6955.169	-0.063	-0.011
6955.248	-0.063	-0.008
6955.338	-0.063	-0.008
6955.417	-0.063	-0.007
6955.494	-0.063	-0.007
6955.586	-0.062	-0.008
6955.664	-0.063	-0.008
6955.755	-0.063	-0.011
6955.833	-0.063	-0.011
6955.911	-0.063	-0.012
6956.002	-0.063	-0.012
6956.081	-0.063	-0.012
6956.172	-0.063	-0.014
6956.250	-0.063	-0.017
6956.328	-0.063	-0.017
6956.419	-0.063	-0.017
6956.498	-0.063	-0.017
6956.588	-0.063	-0.017
6956.667	-0.063	-0.017
6956.744	-0.063	-0.017
6956.836	-0.063	-0.017
6956.914	-0.063	-0.017
6957.005	-0.063	-0.017
6957.083	-0.063	-0.017
6957.161	-0.063	-0.017
6957.252	-0.063	-0.017
6957.331	-0.063	-0.017
6957.422	-0.063	-0.017
6957.500	-0.063	-0.017
6957.578	-0.063	-0.017
6957.669	-0.063	-0.017
6957.748	-0.063	-0.015
6957.838	-0.063	-0.016
6957.917	-0.063	-0.015
6957.994	-0.063	-0.015
6958.086	-0.063	-0.016
6958.164	-0.063	-0.014
6958.255	-0.063	-0.015
6958.333	-0.063	-0.014
6958.411	-0.063	-0.013
6958.502	-0.063	-0.012
6958.581	-0.063	-0.012
6958.672	-0.063	-0.014
6958.750	-0.063	-0.012
6958.828	-0.062	-0.012
6958.919	-0.063	-0.012
6958.998	-0.063	-0.012
6959.088	-0.063	-0.010
6959.167	-0.063	-0.010
6959.244	-0.063	-0.007
6959.336	-0.063	-0.007
6959.414	-0.063	-0.007
6959.505	-0.063	-0.007
6959.583	-0.063	-0.007
6959.661	-0.063	-0.006
6959.752	-0.063	-0.003
6959.831	-0.063	-0.002
6959.922	-0.063	-0.003
6960.000	-0.063	-0.002
6960.078	-0.063	-0.002
6960.169	-0.063	-0.002
6960.248	-0.063	-0.002
6960.338	-0.063	-0.002
6960.417	-0.063	-0.002
6960.494	-0.063	-0.005
6960.586	-0.063	-0.003
6960.664	-0.063	-0.004
6960.755	-0.063	-0.007
6960.833	-0.063	-0.007
6960.911	-0.063	-0.007
6961.002	-0.063	-0.007
6961.081	-0.063	-0.007
6961.172	-0.063	-0.007
6961.250	-0.063	-0.007
6961.328	-0.063	-0.007
6961.419	-0.063	-0.007
6961.498	-0.063	-0.006
6961.588	-0.063	-0.006
6961.667	-0.063	-0.005
6961.744	-0.063	-0.007
6961.836	-0.063	-0.006
6961.914	-0.063	-0.004
6962.005	-0.063	-0.003
6962.083	-0.063	-0.004
6962.161	-0.063	-0.005
6962.252	-0.063	-0.005
6962.331	-0.063	-0.006
6962.422	-0.063	-0.006
6962.500	-0.063	-0.007
6962.578	-0.063	-0.007
6962.669	-0.063	-0.007
6962.748	-0.063	-0.007
6962.838	-0.063	-0.008
6962.917	-0.063	-0.010
6962.994	-0.063	-0.011
6963.086	-0.063	-0.012
6963.164	-0.063	-0.011
6963.255	-0.063	-0.011
6963.333	-0.063	-0.009
6963.411	-0.063	-0.007
6963.502	-0.063	-0.007
6963.581	-0.063	-0.007
6963.672	-0.063	-0.007
6963.750	-0.063	-0.007
6963.828	-0.063	-0.007
6963.919	-0.063	-0.007
6963.998	-0.063	-0.007
6964.088	-0.063	-0.007
6964.167	-0.063	-0.006
6964.244	-0.063	-0.007
6964.336	-0.063	-0.007
6964.414	-0.063	-0.007
6964.505	-0.063	-0.007
6964.583	-0.063	-0.007
6964.661	-0.063	-0.007
6964.752	-0.063	-0.007
6964.831	-0.063	-0.007
6964.922	-0.063	-0.007
6965.000	-0.063	-0.007
6965.078	-0.063	-0.007
6965.169	-0.063	-0.007
6965.248	-0.063	-0.007
6965.338	-0.063	-0.007
6965.417	-0.063	-0.007
6965.494	-0.063	-0.007
6965.586	-0.063	-0.007
6965.664	-0.063	-0.007
6965.755	-0.063	-0.007
6965.833	-0.063	-0.007
6965.911	-0.063	-0.007
6966.002	-0.063	-0.007
6966.081	-0.063	-0.007
6966.172	-0.063	-0.007
6966.250	-0.063	-0.008
6966.328	-0.063	-0.007
6966.419	-0.063	-0.008
6966.498	-0.063	-0.009
6966.588	-0.063	-0.011
6966.667	-0.063	-0.010
6966.757	-0.063	-0.010
6966.836	-0.063	-0.010
6966.914	-0.063	-0.008
6967.005	-0.063	-0.007
6967.083	-0.063	-0.007
6967.161	-0.063	-0.007
6967.252	-0.063	-0.007
6967.331	-0.063	-0.007
6967.422	-0.063	-0.007
6967.500	-0.063	-0.007
6967.578	-0.063	-0.007
6967.669	-0.063	-0.007
6967.748	-0.063	-0.007
6967.838	-0.063	-0.007
6967.917	-0.063	-0.007
6967.994	-0.063	-0.007
6968.086	-0.063	-0.007
6968.164	-0.063	-0.007
6968.255	-0.063	-0.007
6968.333	-0.063	-0.007
6968.411	-0.063	-0.007
6968.502	-0.063	-0.007
6968.581	-0.063	-0.008
6968.672	-0.063	-0.007
6968.750	-0.063	-0.007
6968.828	-0.063	-0.007
6968.919	-0.063	-0.007
6968.998	-0.063	-0.007
6969.088	-0.063	-0.007
6969.167	-0.063	-0.007
6969.244	-0.063	-0.007
6969.336	-0.063	-0.007
6969.414	-0.063	-0.007
6969.505	-0.063	-0.006
6969.583	-0.063	-0.007
6969.661	-0.063	-0.007
6969.752	-0.063	-0.007
6969.831	-0.063	-0.007
6969.922	-0.063	-0.007
6970.000	-0.063	-0.007
6970.078	-0.063	-0.006
6970.169	-0.063	-0.007
6970.248	-0.063	-0.006
6970.338	-0.063	-0.005
6970.417	-0.063	-0.003
6970.494	-0.063	-0.003
6970.586	-0.063	-0.002
6970.664	-0.063	-0.002
6970.755	-0.063	-0.002
6970.833	-0.063	-0.002
6970.911	-0.063	-0.002
6971.002	-0.063	-0.002
6971.081	-0.063	-0.003
6971.172	-0.063	-0.004
6971.250	-0.063	-0.005
6971.328	-0.063	-0.005
6971.419	-0.063	-0.006
6971.498	-0.063	-0.007
6971.588	-0.063	-0.007
6971.667	-0.063	-0.006
6971.744	-0.063	-0.006
6971.836	-0.063	-0.007
6971.914	-0.063	-0.006
6972.005	-0.063	-0.006
6972.083	-0.063	-0.006
6972.161	-0.063	-0.006
6972.252	-0.063	-0.005
6972.331	-0.063	-0.002
6972.422	-0.063	-0.002
6972.500	-0.063	-0.002
6972.578	-0.063	-0.002
6972.669	-0.063	-0.002
6972.748	-0.063	-0.002
6972.838	-0.063	-0.002
6972.917	-0.063	-0.002
6972.994	-0.063	-0.002
6973.086	-0.063	-0.002
6973.164	-0.063	-0.002
6973.255	-0.063	-0.002
6973.333	-0.063	-0.002
6973.411	-0.063	-0.002
6973.502	-0.063	-0.002
6973.581	-0.063	-0.002
6973.672	-0.063	-0.004
6973.750	-0.063	-0.002
6973.828	-0.063	-0.002
6973.919	-0.063	-0.003
6973.998	-0.063	-0.003
6974.088	-0.063	-0.003
6974.167	-0.063	-0.002
6974.244	-0.063	-0.002
6974.336	-0.063	-0.002
6974.414	-0.063	-0.002
6974.505	-0.063	-0.001
6974.583	-0.063	-0.001
6974.661	-0.063	-0.000
6974.752	-0.063	-0.001
6974.831	-0.063	0.000
6974.922	-0.063	-0.001
6975.000	-0.063	-0.000
6975.078	-0.063	0.001
6975.169	-0.063	0.001
6975.248	-0.063	0.002
6975.338	-0.063	0.002
6975.417	-0.063	0.002
6975.494	-0.063	0.002
6975.586	-0.063	0.003
6975.664	-0.063	0.002
6975.755	-0.063	0.003
6975.833	-0.063	0.003
6975.911	-0.063	0.003
6976.002	-0.063	0.003
6976.081	-0.063	0.000
6976.172	-0.063	0.002
6976.250	-0.063	0.003
6976.328	-0.063	0.002
6976.419	-0.063	0.003
6976.498	-0.063	0.002
6976.588	-0.063	0.003
6976.667	-0.063	0.003
6976.744	-0.063	0.003
6976.836	-0.063	0.003
6976.914	-0.063	0.003
6977.005	-0.063	0.003
6977.070	-0.063	0.003
6977.161	-0.063	0.003
6977.252	-0.063	0.003
6977.331	-0.063	0.003
6977.422	-0.063	0.003
6977.500	-0.063	0.003
6977.578	-0.063	0.003
6977.669	-0.063	0.003
6977.748	-0.063	0.003
6977.838	-0.063	0.003
6977.917	-0.063	0.003
6977.994	-0.063	0.003
6978.086	-0.063	0.003
6978.164	-0.063	0.003
6978.255	-0.063	0.002
6978.333	-0.063	0.000
6978.411	-0.063	-0.001
6978.502	-0.063	-0.002
6978.581	-0.063	-0.002
6978.672	-0.063	-0.002
6978.750	-0.063	-0.002
6978.828	-0.063	-0.002
6978.919	-0.063	-0.002
6978.998	-0.063	-0.002
6979.088	-0.063	-0.001
6979.167	-0.063	-0.002
6979.244	-0.063	-0.001
6979.336	-0.063	-0.001
6979.414	-0.063	-0.001
6979.505	-0.063	-0.001
6979.583	-0.063	-0.002
6979.661	-0.063	0.000
6979.752	-0.063	-0.002
6979.831	-0.063	-0.000
6979.922	-0.063	-0.002
6980.000	-0.063	-0.002
6980.078	-0.063	-0.002
6980.169	-0.063	-0.001
6980.248	-0.063	-0.000
6980.338	-0.063	0.000
6980.417	-0.063	0.002
6980.494	-0.063	0.003
6980.586	-0.063	0.003
6980.664	-0.063	0.003
6980.755	-0.063	0.003
6980.833	-0.063	0.003
6980.911	-0.063	0.007
6981.002	-0.063	0.007
6981.081	-0.063	0.008
6981.172	-0.063	0.008
6981.250	-0.063	0.008
6981.328	-0.063	0.009
6981.419	-0.063	0.008
6981.498	-0.063	0.008
6981.588	-0.063	0.008
6981.667	-0.063	0.008
6981.744	-0.063	0.008
6981.836	-0.063	0.008
6981.914	-0.063	0.008
6982.005	-0.063	0.008
6982.083	-0.063	0.008
6982.161	-0.063	0.008
6982.252	-0.063	0.008
6982.331	-0.063	0.007
6982.422	-0.063	0.007
6982.500	-0.063	0.007
6982.578	-0.063	0.006
6982.669	-0.063	0.003
6982.748	-0.063	0.003
6982.838	-0.063	0.003
6982.917	-0.063	0.003
6982.994	-0.063	0.003
6983.086	-0.063	0.003
6983.164	-0.063	0.003
6983.255	-0.063	0.003
6983.333	-0.063	0.003
6983.411	-0.063	0.002
6983.502	-0.063	-0.000
6983.581	-0.063	-0.001
6983.672	-0.063	-0.001
6983.750	-0.063	-0.002
6983.828	-0.063	-0.002
6983.919	-0.063	-0.002
6983.998	-0.063	-0.003
6984.088	-0.063	-0.003
6984.167	-0.063	-0.002
6984.244	-0.063	-0.003
6984.336	-0.063	-0.002
6984.414	-0.063	-0.003
6984.505	-0.063	-0.002
6984.583	-0.063	-0.002
6984.661	-0.063	-0.002
6984.752	-0.063	-0.002
6984.831	-0.063	-0.002
6984.922	-0.063	-0.003
6985.000	-0.063	-0.003
6985.078	-0.063	-0.002
6985.169	-0.063	-0.003
6985.248	-0.063	-0.002
6985.338	-0.063	-0.002
6985.417	-0.063	-0.002
6985.494	-0.063	-0.002
6985.586	-0.063	-0.002
6985.664	-0.063	-0.002
6985.755	-0.063	0.000
6985.833	-0.063	0.002
6985.911	-0.063	0.001
6986.002	-0.063	0.003
6986.081	-0.063	0.003
6986.172	-0.063	0.003
6986.250	-0.063	0.003
6986.328	-0.063	0.004
6986.419	-0.063	0.003
6986.484	-0.063	0.003
6986.588	-0.063	0.006
6986.667	-0.063	0.003
6986.744	-0.063	0.003
6986.836	-0.063	0.003
6986.914	-0.063	0.003
6987.005	-0.063	0.003
6987.083	-0.063	0.003
6987.161	-0.063	0.003
6987.252	-0.063	0.003
6987.331	-0.063	0.003
6987.422	-0.064	0.001
6987.500	-0.063	0.002
6987.578	-0.063	-0.000
6987.669	-0.063	0.000
6987.748	-0.063	-0.000
6987.838	-0.063	-0.002
6987.917	-0.063	-0.001
6987.994	-0.063	-0.000
6988.086	-0.063	-0.002
6988.164	-0.063	-0.000
6988.255	-0.063	-0.000
6988.333	-0.063	-0.002
6988.411	-0.063	-0.002
6988.502	-0.063	-0.001
6988.581	-0.063	-0.002
6988.672	-0.063	-0.002
6988.750	-0.063	-0.002
6988.828	-0.063	-0.002
6988.919	-0.063	-0.002
6988.998	-0.063	-0.002
6989.088	-0.063	0.001
6989.167	-0.063	0.000
6989.244	-0.063	0.000
6989.336	-0.063	0.001
6989.414	-0.063	0.003
6989.505	-0.063	0.003
6989.583	-0.063	0.002
6989.661	-0.063	0.002
6989.752	-0.063	0.003
6989.831	-0.063	0.003
6989.922	-0.063	0.003
6990.000	-0.063	0.003
6990.078	-0.063	0.003
6990.169	-0.063	0.002
6990.248	-0.063	0.000
6990.338	-0.063	-0.000
6990.417	-0.063	0.000
6990.494	-0.063	-0.002
6990.586	-0.063	-0.002
6990.664	-0.063	-0.002
6990.755	-0.063	-0.002
6990.833	-0.063	-0.002
6990.911	-0.063	-0.004
6991.002	-0.063	-0.005
6991.081	-0.063	-0.007
6991.172	-0.063	-0.007
6991.250	-0.063	-0.007
6991.328	-0.063	-0.007
6991.419	-0.063	-0.007
6991.498	-0.063	-0.007
6991.588	-0.063	-0.007
6991.667	-0.063	-0.007
6991.744	-0.063	-0.008
6991.836	-0.063	-0.007
6991.914	-0.063	-0.007
6991.992	-0.063	-0.008
6992.083	-0.063	-0.008
6992.161	-0.063	-0.007
6992.252	-0.063	-0.008
6992.331	-0.063	-0.007
6992.422	-0.063	-0.009
6992.500	-0.063	-0.007
6992.578	-0.063	-0.007
6992.669	-0.063	-0.007
6992.748	-0.063	-0.007
6992.838	-0.063	-0.006
6992.917	-0.063	-0.006
6992.994	-0.063	-0.006
6993.086	-0.063	-0.006
6993.164	-0.063	-0.003
6993.242	-0.063	-0.006
6993.333	-0.063	-0.002
6993.411	-0.063	-0.007
6993.502	-0.063	-0.006
6993.581	-0.064	-0.007
6993.672	-0.063	-0.007
6993.750	-0.063	-0.007
6993.828	-0.063	-0.007
6993.919	-0.063	-0.007
6993.998	-0.063	-0.007
6994.075	-0.063	-0.007
6994.167	-0.063	-0.007
6994.244	-0.063	-0.007
6994.336	-0.064	-0.007
6994.414	-0.063	-0.007
6994.505	-0.063	-0.007
6994.583	-0.063	-0.007
6994.661	-0.063	-0.007
6994.752	-0.063	-0.007
6994.831	-0.063	-0.007
6994.908	-0.063	-0.007
6995.000	-0.063	-0.007
6995.078	-0.063	-0.006
6995.169	-0.063	-0.007
6995.248	-0.063	-0.007
6995.338	-0.063	-0.007
6995.417	-0.063	-0.007
6995.494	-0.063	-0.007
6995.586	-0.063	-0.007
6995.664	-0.063	-0.007
6995.742	-0.063	-0.008
6995.833	-0.063	-0.008
6995.911	-0.063	-0.007
6996.002	-0.063	-0.010
6996.081	-0.063	-0.009
6996.172	-0.063	-0.007
6996.250	-0.063	-0.008
6996.328	-0.063	-0.007
6996.419	-0.063	-0.007
6996.498	-0.063	-0.007
6996.575	-0.064	-0.007
6996.667	-0.063	-0.007
6996.744	-0.063	-0.007
6996.836	-0.063	-0.007
6996.914	-0.063	-0.007
6997.005	-0.063	-0.007
6997.083	-0.063	-0.007
6997.161	-0.063	-0.007
6997.252	-0.063	-0.007
6997.331	-0.063	-0.007
6997.408	-0.063	-0.007
6997.500	-0.063	-0.007
6997.578	-0.063	-0.007
6997.669	-0.063	-0.007
6997.748	-0.063	-0.007
6997.825	-0.063	-0.007
6997.917	-0.063	-0.007
6997.994	-0.064	-0.007
6998.086	-0.063	-0.007
6998.164	-0.063	-0.007
6998.255	-0.063	-0.007
6998.333	-0.063	-0.007
6998.411	-0.063	-0.007
6998.502	-0.063	-0.007
6998.581	-0.063	-0.006
6998.658	-0.063	-0.007
6998.750	-0.063	-0.007
6998.828	-0.063	-0.007
6998.919	-0.063	-0.007
6998.998	-0.063	-0.007
6999.088	-0.063	-0.010
6999.167	-0.063	-0.010
6999.244	-0.063	-0.009
6999.336	-0.063	-0.008
6999.414	-0.063	-0.008
6999.492	-0.063	-0.007
6999.583	-0.064	-0.007
6999.661	-0.063	-0.007
6999.752	-0.063	-0.006
6999.831	-0.063	-0.006
6999.908	-0.064	-0.003
7000.000	-0.063	-0.002
7000.078	-0.063	-0.002
