3500.000	-0.088
3500.417	-0.088
3500.598	-0.088
3500.780	-0.088
3500.937	-0.088
3501.093	-0.088
3501.250	-0.088
3501.432	-0.088
3501.588	-0.088
3501.770	-0.088
3501.927	-0.088
3502.083	-0.088
3502.265	-0.088
3502.422	-0.088
3502.603	-0.088
3502.760	-0.088
3502.917	-0.088
3503.098	-0.088
3503.255	-0.088
3503.437	-0.088
3503.593	-0.088
3503.750	-0.088
3503.932	-0.088
3504.088	-0.088
3504.270	-0.088
3504.427	-0.088
3504.583	-0.088
3504.765	-0.088
3504.922	-0.088
3505.103	-0.088
3505.260	-0.088
3505.417	-0.088
3505.598	-0.088
3505.755	-0.088
3505.937	-0.088
3506.093	-0.088
3506.250	-0.088
3506.432	-0.088
3506.588	-0.088
3506.745	-0.088
3506.927	-0.088
3507.083	-0.088
3507.265	-0.088
3507.422	-0.088
3507.603	-0.088
3507.760	-0.088
3507.917	-0.088
3508.098	-0.088
3508.255	-0.088
3508.437	-0.088
3508.593	-0.088
3508.750	-0.088
3508.932	-0.088
3509.088	-0.088
3509.270	-0.088
3509.427	-0.088
3509.583	-0.088
3509.765	-0.088
3509.922	-0.088
3510.103	-0.088
3510.260	-0.088
3510.417	-0.087
3510.598	-0.088
3510.755	-0.088
3510.937	-0.088
3511.093	-0.087
3511.250	-0.088
3511.432	-0.087
3511.588	-0.088
3511.770	-0.088
3511.927	-0.087
3512.083	-0.085
3512.265	-0.083
3512.422	-0.086
3512.603	-0.084
3512.760	-0.086
3512.917	-0.084
3513.098	-0.083
3513.255	-0.083
3513.437	-0.083
3513.593	-0.083
3513.750	-0.083
3513.932	-0.083
3514.088	-0.083
3514.270	-0.083
3514.427	-0.083
3514.583	-0.083
3514.765	-0.083
3514.922	-0.083
3515.103	-0.083
3515.260	-0.083
3515.417	-0.083
3515.598	-0.082
3515.755	-0.082
3515.937	-0.083
3516.093	-0.083
3516.250	-0.083
3516.432	-0.082
3516.588	-0.082
3516.770	-0.081
3516.927	-0.082
3517.083	-0.079
3517.265	-0.079
3517.422	-0.081
3517.578	-0.082
3517.760	-0.078
3517.917	-0.080
3518.098	-0.080
3518.255	-0.082
3518.437	-0.080
3518.593	-0.081
3518.750	-0.081
3518.932	-0.081
3519.088	-0.083
3519.270	-0.083
3519.427	-0.081
3519.583	-0.081
3519.765	-0.080
3519.922	-0.083
3520.103	-0.083
3520.260	-0.083
3520.417	-0.083
3520.598	-0.083
3520.755	-0.082
3520.937	-0.083
3521.093	-0.083
3521.250	-0.083
3521.432	-0.083
3521.588	-0.083
3521.745	-0.083
3521.927	-0.083
3522.083	-0.083
3522.265	-0.083
3522.422	-0.083
3522.603	-0.083
3522.760	-0.083
3522.917	-0.083
3523.098	-0.083
3523.255	-0.083
3523.412	-0.084
3523.593	-0.084
3523.750	-0.083
3523.932	-0.083
3524.088	-0.084
3524.270	-0.085
3524.427	-0.086
3524.583	-0.084
3524.765	-0.086
3524.922	-0.086
3525.078	-0.088
3525.260	-0.088
3525.417	-0.088
3525.598	-0.088
3525.755	-0.088
3525.912	-0.088
3526.093	-0.088
3526.250	-0.088
3526.432	-0.088
3526.588	-0.088
3526.745	-0.088
3526.927	-0.088
3527.083	-0.088
3527.265	-0.088
3527.422	-0.088
3527.578	-0.088
3527.760	-0.088
3527.917	-0.088
3528.098	-0.088
3528.255	-0.088
3528.412	-0.088
3528.593	-0.088
3528.750	-0.088
3528.932	-0.088
3529.088	-0.088
3529.245	-0.088
3529.427	-0.088
3529.583	-0.088
3529.765	-0.088
3529.922	-0.088
3530.078	-0.088
3530.260	-0.088
3530.417	-0.088
3530.598	-0.088
3530.755	-0.088
3530.912	-0.088
3531.093	-0.088
3531.250	-0.088
3531.432	-0.088
3531.588	-0.088
3531.745	-0.088
3531.927	-0.088
3532.083	-0.088
3532.265	-0.088
3532.422	-0.088
3532.578	-0.088
3532.760	-0.088
3532.917	-0.088
3533.098	-0.088
3533.255	-0.088
3533.412	-0.088
3533.593	-0.088
3533.750	-0.088
3533.932	-0.088
3534.088	-0.088
3534.245	-0.088
3534.427	-0.088
3534.583	-0.088
3534.765	-0.088
3534.922	-0.088
3535.078	-0.088
3535.260	-0.088
3535.417	-0.088
3535.598	-0.088
3535.755	-0.088
3535.912	-0.088
3536.093	-0.088
3536.250	-0.088
3536.432	-0.088
3536.588	-0.088
3536.745	-0.088
3536.927	-0.088
3537.083	-0.088
3537.265	-0.088
3537.422	-0.088
3537.578	-0.088
3537.760	-0.088
3537.917	-0.088
3538.098	-0.088
3538.255	-0.088
3538.412	-0.088
3538.593	-0.088
3538.750	-0.088
3538.932	-0.088
3539.088	-0.088
3539.245	-0.088
3539.427	-0.088
3539.583	-0.088
3539.765	-0.088
3539.922	-0.088
3540.078	-0.088
3540.260	-0.088
3540.417	-0.088
3540.598	-0.088
3540.755	-0.088
3540.912	-0.088
3541.093	-0.088
3541.250	-0.088
3541.432	-0.088
3541.588	-0.088
3541.745	-0.088
3541.927	-0.088
3542.083	-0.088
3542.265	-0.088
3542.422	-0.088
3542.578	-0.088
3542.760	-0.088
3542.917	-0.088
3543.098	-0.088
3543.255	-0.088
3543.412	-0.088
3543.593	-0.088
3543.750	-0.088
3543.932	-0.088
3544.088	-0.088
3544.245	-0.088
3544.427	-0.088
3544.583	-0.088
3544.765	-0.088
3544.922	-0.088
3545.078	-0.088
3545.260	-0.088
3545.417	-0.088
3545.598	-0.088
3545.755	-0.088
3545.937	-0.088
3546.093	-0.088
3546.250	-0.088
3546.432	-0.088
3546.588	-0.088
3546.770	-0.088
3546.927	-0.088
3547.083	-0.088
3547.265	-0.088
3547.422	-0.088
3547.603	-0.088
3547.760	-0.088
3547.917	-0.088
3548.098	-0.088
3548.255	-0.088
3548.437	-0.088
3548.593	-0.088
3548.750	-0.088
3548.932	-0.088
3549.088	-0.088
3549.270	-0.088
3549.427	-0.088
3549.583	-0.088
3549.765	-0.088
3549.922	-0.088
3550.103	-0.088
3550.260	-0.088
3550.417	-0.088
3550.598	-0.088
3550.755	-0.088
3550.912	-0.088
3551.093	-0.088
3551.250	-0.088
3551.432	-0.088
3551.588	-0.088
3551.745	-0.088
3551.927	-0.088
3552.083	-0.088
3552.265	-0.088
3552.422	-0.088
3552.578	-0.088
3552.760	-0.088
3552.917	-0.088
3553.098	-0.088
3553.255	-0.088
3553.412	-0.088
3553.593	-0.088
3553.750	-0.088
3553.932	-0.088
3554.088	-0.088
3554.245	-0.088
3554.427	-0.088
3554.583	-0.088
3554.765	-0.088
3554.922	-0.088
3555.078	-0.088
3555.260	-0.088
3555.417	-0.088
3555.598	-0.088
3555.755	-0.088
3555.912	-0.088
3556.093	-0.088
3556.250	-0.088
3556.432	-0.088
3556.588	-0.088
3556.745	-0.088
3556.927	-0.088
3557.083	-0.088
3557.265	-0.088
3557.422	-0.088
3557.578	-0.088
3557.760	-0.088
3557.917	-0.088
3558.098	-0.088
3558.255	-0.088
3558.412	-0.088
3558.593	-0.088
3558.750	-0.088
3558.932	-0.088
3559.088	-0.088
3559.245	-0.088
3559.427	-0.088
3559.583	-0.088
3559.765	-0.088
3559.922	-0.088
3560.078	-0.088
3560.260	-0.088
3560.417	-0.088
3560.598	-0.088
3560.755	-0.088
3560.912	-0.088
3561.093	-0.088
3561.250	-0.088
3561.432	-0.088
3561.588	-0.088
3561.745	-0.088
3561.927	-0.088
3562.083	-0.088
3562.265	-0.088
3562.422	-0.088
3562.578	-0.088
3562.760	-0.088
3562.917	-0.088
3563.098	-0.088
3563.255	-0.088
3563.412	-0.088
3563.593	-0.088
3563.750	-0.088
3563.932	-0.088
3564.088	-0.088
3564.245	-0.088
3564.427	-0.088
3564.583	-0.088
3564.765	-0.088
3564.922	-0.088
3565.078	-0.088
3565.260	-0.088
3565.417	-0.088
3565.598	-0.088
3565.755	-0.088
3565.912	-0.088
3566.093	-0.088
3566.250	-0.088
3566.432	-0.088
3566.588	-0.088
3566.745	-0.088
3566.927	-0.088
3567.083	-0.088
3567.265	-0.088
3567.422	-0.088
3567.578	-0.088
3567.760	-0.088
3567.917	-0.088
3568.098	-0.088
3568.255	-0.088
3568.412	-0.088
3568.593	-0.088
3568.750	-0.088
3568.932	-0.088
3569.088	-0.088
3569.245	-0.088
3569.427	-0.088
3569.583	-0.088
3569.765	-0.088
3569.922	-0.088
3570.078	-0.088
3570.260	-0.088
3570.417	-0.088
3570.598	-0.088
3570.755	-0.088
3570.912	-0.088
3571.093	-0.088
3571.250	-0.088
3571.432	-0.088
3571.588	-0.088
3571.745	-0.088
3571.927	-0.088
3572.083	-0.088
3572.265	-0.088
3572.422	-0.088
3572.578	-0.088
3572.760	-0.088
3572.917	-0.088
3573.098	-0.088
3573.255	-0.088
3573.412	-0.088
3573.593	-0.088
3573.750	-0.088
3573.932	-0.088
3574.088	-0.088
3574.245	-0.088
3574.427	-0.088
3574.583	-0.088
3574.765	-0.088
3574.922	-0.088
3575.078	-0.088
3575.260	-0.088
3575.417	-0.088
3575.598	-0.088
3575.755	-0.088
3575.912	-0.088
3576.093	-0.088
3576.250	-0.088
3576.432	-0.088
3576.588	-0.088
3576.745	-0.088
3576.927	-0.088
3577.083	-0.088
3577.265	-0.088
3577.422	-0.088
3577.578	-0.088
3577.760	-0.088
3577.917	-0.088
3578.098	-0.088
3578.255	-0.088
3578.412	-0.088
3578.593	-0.088
3578.750	-0.088
3578.932	-0.088
3579.088	-0.088
3579.245	-0.088
3579.427	-0.088
3579.583	-0.088
3579.765	-0.088
3579.922	-0.088
3580.078	-0.089
3580.260	-0.088
3580.417	-0.088
3580.598	-0.088
3580.755	-0.088
3580.912	-0.088
3581.093	-0.088
3581.250	-0.088
3581.432	-0.088
3581.588	-0.088
3581.745	-0.088
3581.927	-0.088
3582.083	-0.088
3582.265	-0.088
3582.422	-0.088
3582.578	-0.088
3582.760	-0.088
3582.917	-0.088
3583.098	-0.088
3583.255	-0.088
3583.412	-0.088
3583.593	-0.088
3583.750	-0.088
3583.932	-0.088
3584.088	-0.088
3584.245	-0.088
3584.427	-0.088
3584.583	-0.088
3584.765	-0.088
3584.922	-0.088
3585.078	-0.088
3585.260	-0.088
3585.417	-0.088
3585.598	-0.088
3585.755	-0.088
3585.912	-0.088
3586.093	-0.088
3586.250	-0.088
3586.432	-0.088
3586.588	-0.088
3586.745	-0.088
3586.927	-0.088
3587.083	-0.088
3587.265	-0.088
3587.422	-0.088
3587.578	-0.088
3587.760	-0.088
3587.917	-0.088
3588.098	-0.088
3588.255	-0.088
3588.412	-0.088
3588.593	-0.088
3588.750	-0.088
3588.932	-0.088
3589.088	-0.088
3589.245	-0.088
3589.427	-0.088
3589.583	-0.088
3589.765	-0.088
3589.922	-0.088
3590.078	-0.088
3590.260	-0.088
3590.417	-0.088
3590.598	-0.088
3590.755	-0.088
3590.912	-0.088
3591.093	-0.088
3591.250	-0.088
3591.432	-0.088
3591.588	-0.088
3591.745	-0.088
3591.927	-0.088
3592.083	-0.088
3592.265	-0.088
3592.422	-0.088
3592.578	-0.088
3592.760	-0.088
3592.917	-0.088
3593.098	-0.088
3593.255	-0.088
3593.412	-0.088
3593.593	-0.088
3593.750	-0.088
3593.932	-0.088
3594.088	-0.088
3594.245	-0.088
3594.427	-0.088
3594.583	-0.088
3594.765	-0.088
3594.922	-0.088
3595.078	-0.088
3595.260	-0.088
3595.417	-0.088
3595.598	-0.088
3595.755	-0.088
3595.912	-0.088
3596.093	-0.088
3596.250	-0.088
3596.432	-0.088
3596.588	-0.088
3596.745	-0.088
3596.927	-0.088
3597.083	-0.088
3597.265	-0.088
3597.422	-0.088
3597.578	-0.088
3597.760	-0.088
3597.917	-0.088
3598.098	-0.088
3598.255	-0.088
3598.412	-0.088
3598.593	-0.088
3598.750	-0.088
3598.932	-0.088
3599.088	-0.088
3599.245	-0.088
3599.427	-0.088
3599.583	-0.088
3599.765	-0.088
3599.922	-0.088
3600.078	-0.088
3600.260	-0.088
3600.417	-0.088
3600.598	-0.088
3600.755	-0.088
3600.912	-0.088
3601.093	-0.088
3601.250	-0.088
3601.432	-0.088
3601.588	-0.088
3601.745	-0.088
3601.927	-0.088
3602.083	-0.088
3602.265	-0.088
3602.422	-0.088
3602.578	-0.088
3602.760	-0.088
3602.917	-0.088
3603.098	-0.088
3603.255	-0.088
3603.412	-0.088
3603.593	-0.088
3603.750	-0.088
3603.932	-0.088
3604.088	-0.088
3604.245	-0.088
3604.427	-0.088
3604.583	-0.088
3604.765	-0.088
3604.922	-0.088
3605.078	-0.088
3605.260	-0.088
3605.417	-0.088
3605.598	-0.088
3605.755	-0.088
3605.912	-0.088
3606.093	-0.088
3606.250	-0.088
3606.432	-0.088
3606.588	-0.088
3606.745	-0.088
3606.927	-0.088
3607.083	-0.088
3607.265	-0.088
3607.422	-0.088
3607.578	-0.088
3607.760	-0.088
3607.917	-0.088
3608.098	-0.088
3608.255	-0.088
3608.412	-0.088
3608.593	-0.088
3608.750	-0.088
3608.932	-0.088
3609.088	-0.088
3609.245	-0.088
3609.427	-0.088
3609.583	-0.088
3609.765	-0.088
3609.922	-0.088
3610.078	-0.088
3610.260	-0.088
3610.417	-0.088
3610.598	-0.088
3610.755	-0.088
3610.912	-0.088
3611.093	-0.088
3611.250	-0.088
3611.432	-0.088
3611.588	-0.088
3611.745	-0.088
3611.927	-0.088
3612.083	-0.088
3612.265	-0.088
3612.422	-0.088
3612.578	-0.088
3612.760	-0.088
3612.917	-0.088
3613.098	-0.088
3613.255	-0.088
3613.412	-0.088
3613.593	-0.088
3613.750	-0.088
3613.932	-0.088
3614.088	-0.088
3614.245	-0.088
3614.427	-0.088
3614.583	-0.088
3614.765	-0.088
3614.922	-0.088
3615.078	-0.088
3615.260	-0.088
3615.417	-0.088
3615.598	-0.088
3615.755	-0.088
3615.912	-0.088
3616.093	-0.088
3616.250	-0.088
3616.432	-0.088
3616.588	-0.088
3616.745	-0.088
3616.927	-0.088
3617.083	-0.088
3617.265	-0.088
3617.422	-0.088
3617.578	-0.088
3617.760	-0.088
3617.917	-0.088
3618.098	-0.088
3618.255	-0.088
3618.412	-0.088
3618.593	-0.088
3618.750	-0.088
3618.932	-0.088
3619.088	-0.088
3619.245	-0.088
3619.427	-0.088
3619.583	-0.088
3619.765	-0.088
3619.922	-0.088
3620.078	-0.088
3620.260	-0.088
3620.417	-0.088
3620.598	-0.088
3620.755	-0.088
3620.912	-0.088
3621.093	-0.088
3621.250	-0.088
3621.405	-0.088
3621.588	-0.088
3621.745	-0.088
3621.927	-0.088
3622.083	-0.088
3622.238	-0.088
3622.422	-0.088
3622.578	-0.088
3622.760	-0.088
3622.917	-0.088
3623.072	-0.088
3623.255	-0.088
3623.412	-0.088
3623.593	-0.088
3623.750	-0.088
3623.905	-0.088
3624.088	-0.088
3624.245	-0.088
3624.427	-0.088
3624.583	-0.088
3624.738	-0.088
3624.922	-0.088
3625.078	-0.088
3625.260	-0.088
3625.417	-0.088
3625.572	-0.088
3625.755	-0.088
3625.912	-0.088
3626.093	-0.088
3626.250	-0.088
3626.405	-0.088
3626.588	-0.088
3626.745	-0.088
3626.927	-0.088
3627.083	-0.088
3627.238	-0.088
3627.422	-0.088
3627.578	-0.088
3627.760	-0.088
3627.917	-0.088
3628.072	-0.088
3628.255	-0.088
3628.412	-0.088
3628.593	-0.088
3628.750	-0.088
3628.905	-0.088
3629.088	-0.088
3629.245	-0.088
3629.427	-0.088
3629.583	-0.088
3629.738	-0.088
3629.922	-0.088
3630.078	-0.088
3630.260	-0.088
3630.417	-0.088
3630.572	-0.088
3630.755	-0.088
3630.912	-0.088
3631.093	-0.088
3631.250	-0.088
3631.405	-0.088
3631.588	-0.088
3631.745	-0.088
3631.927	-0.088
3632.083	-0.088
3632.265	-0.088
3632.422	-0.088
3632.578	-0.088
3632.760	-0.088
3632.917	-0.088
3633.072	-0.088
3633.255	-0.088
3633.412	-0.088
3633.593	-0.088
3633.750	-0.088
3633.905	-0.088
3634.088	-0.088
3634.245	-0.088
3634.427	-0.088
3634.583	-0.088
3634.738	-0.088
3634.922	-0.088
3635.078	-0.088
3635.260	-0.088
3635.417	-0.088
3635.572	-0.088
3635.755	-0.088
3635.912	-0.088
3636.093	-0.088
3636.250	-0.088
3636.405	-0.088
3636.588	-0.088
3636.745	-0.088
3636.927	-0.088
3637.083	-0.088
3637.238	-0.088
3637.422	-0.088
3637.578	-0.088
3637.760	-0.088
3637.917	-0.088
3638.072	-0.088
3638.255	-0.088
3638.412	-0.088
3638.593	-0.088
3638.750	-0.088
3638.905	-0.088
3639.088	-0.088
3639.245	-0.088
3639.427	-0.088
3639.583	-0.088
3639.738	-0.088
3639.922	-0.088
3640.078	-0.088
3640.260	-0.088
3640.417	-0.088
3640.598	-0.088
3640.755	-0.088
3640.912	-0.088
3641.093	-0.088
3641.250	-0.088
3641.432	-0.088
3641.588	-0.088
3641.745	-0.088
3641.927	-0.088
3642.083	-0.088
3642.238	-0.088
3642.422	-0.088
3642.578	-0.088
3642.760	-0.088
3642.917	-0.088
3643.072	-0.088
3643.255	-0.088
3643.412	-0.088
3643.593	-0.088
3643.750	-0.088
3643.905	-0.088
3644.088	-0.088
3644.245	-0.088
3644.427	-0.088
3644.583	-0.088
3644.738	-0.088
3644.922	-0.088
3645.078	-0.088
3645.260	-0.088
3645.417	-0.088
3645.572	-0.088
3645.755	-0.088
3645.912	-0.088
3646.093	-0.088
3646.250	-0.088
3646.405	-0.088
3646.588	-0.088
3646.745	-0.088
3646.927	-0.088
3647.083	-0.088
3647.238	-0.088
3647.422	-0.088
3647.578	-0.088
3647.760	-0.088
3647.917	-0.088
3648.072	-0.088
3648.255	-0.088
3648.412	-0.088
3648.593	-0.088
3648.750	-0.088
3648.905	-0.088
3649.088	-0.088
3649.245	-0.088
3649.427	-0.088
3649.583	-0.088
3649.738	-0.088
3649.922	-0.088
3650.078	-0.088
3650.260	-0.088
3650.417	-0.088
3650.572	-0.088
3650.755	-0.088
3650.912	-0.088
3651.093	-0.088
3651.250	-0.088
3651.405	-0.088
3651.588	-0.088
3651.745	-0.088
3651.927	-0.088
3652.083	-0.088
3652.238	-0.088
3652.422	-0.088
3652.578	-0.088
3652.760	-0.088
3652.917	-0.088
3653.072	-0.088
3653.255	-0.088
3653.412	-0.088
3653.593	-0.088
3653.750	-0.088
3653.905	-0.088
3654.088	-0.088
3654.245	-0.088
3654.427	-0.088
3654.583	-0.088
3654.738	-0.088
3654.922	-0.088
3655.078	-0.088
3655.260	-0.088
3655.417	-0.088
3655.572	-0.088
3655.755	-0.088
3655.912	-0.088
3656.093	-0.088
3656.250	-0.088
3656.405	-0.088
3656.588	-0.088
3656.745	-0.088
3656.927	-0.088
3657.083	-0.088
3657.238	-0.088
3657.422	-0.088
3657.578	-0.088
3657.760	-0.088
3657.917	-0.088
3658.072	-0.088
3658.255	-0.088
3658.412	-0.088
3658.593	-0.088
3658.750	-0.088
3658.905	-0.088
3659.088	-0.088
3659.245	-0.088
3659.427	-0.088
3659.583	-0.088
3659.738	-0.088
3659.922	-0.088
3660.078	-0.088
3660.260	-0.088
3660.417	-0.088
3660.598	-0.088
3660.755	-0.088
3660.912	-0.088
3661.093	-0.088
3661.250	-0.088
3661.405	-0.088
3661.588	-0.088
3661.745	-0.088
3661.927	-0.088
3662.083	-0.088
3662.238	-0.088
3662.422	-0.088
3662.578	-0.088
3662.760	-0.088
3662.917	-0.088
3663.072	-0.088
3663.255	-0.088
3663.412	-0.088
3663.593	-0.088
3663.750	-0.088
3663.905	-0.088
3664.088	-0.088
3664.245	-0.088
3664.427	-0.088
3664.583	-0.088
3664.738	-0.088
3664.922	-0.088
3665.078	-0.088
3665.260	-0.088
3665.417	-0.088
3665.572	-0.088
3665.755	-0.088
3665.912	-0.088
3666.093	-0.088
3666.250	-0.088
3666.405	-0.088
3666.588	-0.088
3666.745	-0.088
3666.927	-0.088
3667.083	-0.088
3667.238	-0.088
3667.422	-0.088
3667.578	-0.088
3667.760	-0.088
3667.917	-0.088
3668.072	-0.088
3668.255	-0.088
3668.412	-0.088
3668.593	-0.088
3668.750	-0.088
3668.905	-0.088
3669.088	-0.088
3669.245	-0.088
3669.427	-0.088
3669.583	-0.088
3669.738	-0.088
3669.922	-0.088
3670.078	-0.088
3670.260	-0.088
3670.417	-0.088
3670.572	-0.088
3670.755	-0.088
3670.912	-0.088
3671.093	-0.088
3671.250	-0.088
3671.405	-0.088
3671.588	-0.088
3671.745	-0.088
3671.927	-0.088
3672.083	-0.088
3672.238	-0.088
3672.422	-0.088
3672.578	-0.088
3672.760	-0.088
3672.917	-0.088
3673.072	-0.088
3673.255	-0.088
3673.412	-0.088
3673.593	-0.088
3673.750	-0.088
3673.905	-0.088
3674.088	-0.088
3674.245	-0.088
3674.427	-0.088
3674.583	-0.088
3674.738	-0.088
3674.922	-0.088
3675.078	-0.088
3675.260	-0.088
3675.417	-0.088
3675.572	-0.088
3675.755	-0.088
3675.912	-0.088
3676.093	-0.088
3676.250	-0.088
3676.405	-0.088
3676.588	-0.088
3676.745	-0.088
3676.927	-0.088
3677.083	-0.088
3677.238	-0.088
3677.422	-0.088
3677.578	-0.088
3677.760	-0.088
3677.917	-0.088
3678.072	-0.088
3678.255	-0.088
3678.412	-0.088
3678.593	-0.088
3678.750	-0.088
3678.905	-0.088
3679.088	-0.088
3679.245	-0.088
3679.427	-0.088
3679.583	-0.088
3679.738	-0.088
3679.922	-0.088
3680.078	-0.088
3680.260	-0.088
3680.417	-0.088
3680.572	-0.088
3680.755	-0.088
3680.912	-0.088
3681.093	-0.088
3681.250	-0.088
3681.405	-0.088
3681.588	-0.088
3681.745	-0.088
3681.927	-0.088
3682.083	-0.088
3682.238	-0.088
3682.422	-0.088
3682.578	-0.088
3682.760	-0.088
3682.917	-0.088
3683.072	-0.088
3683.255	-0.088
3683.412	-0.088
3683.593	-0.088
3683.750	-0.088
3683.905	-0.088
3684.088	-0.088
3684.245	-0.088
3684.427	-0.088
3684.583	-0.088
3684.738	-0.088
3684.922	-0.088
3685.078	-0.088
3685.260	-0.088
3685.417	-0.088
3685.572	-0.088
3685.755	-0.088
3685.912	-0.088
3686.093	-0.088
3686.250	-0.088
3686.405	-0.088
3686.588	-0.088
3686.745	-0.088
3686.927	-0.088
3687.083	-0.088
3687.238	-0.088
3687.422	-0.088
3687.578	-0.088
3687.760	-0.088
3687.917	-0.088
3688.072	-0.088
3688.255	-0.088
3688.412	-0.088
3688.593	-0.088
3688.750	-0.088
3688.905	-0.088
3689.088	-0.088
3689.245	-0.088
3689.427	-0.088
3689.583	-0.088
3689.738	-0.088
3689.922	-0.088
3690.078	-0.088
3690.260	-0.088
3690.417	-0.088
3690.572	-0.088
3690.755	-0.088
3690.912	-0.088
3691.093	-0.088
3691.250	-0.088
3691.405	-0.088
3691.588	-0.088
3691.745	-0.088
3691.927	-0.088
3692.083	-0.088
3692.238	-0.088
3692.422	-0.088
3692.578	-0.088
3692.760	-0.088
3692.917	-0.088
3693.072	-0.088
3693.255	-0.088
3693.412	-0.088
3693.593	-0.088
3693.750	-0.088
3693.905	-0.088
3694.088	-0.088
3694.245	-0.088
3694.427	-0.088
3694.583	-0.088
3694.738	-0.088
3694.922	-0.088
3695.078	-0.088
3695.260	-0.088
3695.417	-0.088
3695.572	-0.088
3695.755	-0.088
3695.912	-0.088
3696.093	-0.088
3696.250	-0.088
3696.405	-0.088
3696.588	-0.088
3696.745	-0.088
3696.927	-0.088
3697.083	-0.088
3697.238	-0.088
3697.422	-0.088
3697.578	-0.088
3697.760	-0.088
3697.917	-0.088
3698.072	-0.088
3698.255	-0.088
3698.412	-0.088
3698.593	-0.088
3698.750	-0.088
3698.905	-0.088
3699.088	-0.088
3699.245	-0.088
3699.427	-0.088
3699.583	-0.088
3699.738	-0.088
3699.922	-0.088
3700.078	-0.088
3700.260	-0.088
3700.417	-0.088
3700.572	-0.088
3700.755	-0.088
3700.912	-0.088
3701.093	-0.088
3701.250	-0.088
3701.405	-0.088
3701.588	-0.088
3701.745	-0.088
3701.927	-0.088
3702.083	-0.088
3702.238	-0.088
3702.422	-0.088
3702.578	-0.088
3702.760	-0.088
3702.917	-0.088
3703.072	-0.088
3703.255	-0.088
3703.412	-0.088
3703.593	-0.088
3703.750	-0.088
3703.905	-0.088
3704.088	-0.088
3704.245	-0.088
3704.427	-0.088
3704.583	-0.088
3704.738	-0.088
3704.922	-0.088
3705.078	-0.088
3705.260	-0.088
3705.417	-0.088
3705.572	-0.088
3705.755	-0.088
3705.912	-0.088
3706.093	-0.088
3706.250	-0.088
3706.405	-0.088
3706.588	-0.088
3706.745	-0.088
3706.927	-0.088
3707.083	-0.088
3707.238	-0.088
3707.422	-0.088
3707.578	-0.088
3707.760	-0.088
3707.917	-0.088
3708.072	-0.088
3708.255	-0.088
3708.412	-0.088
3708.593	-0.088
3708.750	-0.088
3708.905	-0.088
3709.088	-0.088
3709.245	-0.088
3709.427	-0.088
3709.583	-0.088
3709.738	-0.088
3709.922	-0.088
3710.078	-0.088
3710.260	-0.088
3710.417	-0.088
3710.572	-0.088
3710.755	-0.088
3710.912	-0.088
3711.093	-0.088
3711.250	-0.088
3711.405	-0.088
3711.588	-0.088
3711.745	-0.088
3711.927	-0.088
3712.083	-0.088
3712.238	-0.088
3712.422	-0.088
3712.578	-0.088
3712.760	-0.088
3712.917	-0.088
3713.072	-0.088
3713.255	-0.088
3713.412	-0.088
3713.593	-0.088
3713.750	-0.088
3713.905	-0.088
3714.088	-0.088
3714.245	-0.088
3714.427	-0.088
3714.583	-0.088
3714.738	-0.088
3714.922	-0.088
3715.078	-0.088
3715.260	-0.088
3715.417	-0.088
3715.572	-0.088
3715.755	-0.088
3715.912	-0.088
3716.093	-0.088
3716.250	-0.088
3716.405	-0.088
3716.588	-0.088
3716.745	-0.088
3716.927	-0.088
3717.083	-0.088
3717.238	-0.088
3717.422	-0.088
3717.578	-0.088
3717.760	-0.088
3717.917	-0.088
3718.072	-0.088
3718.255	-0.088
3718.412	-0.088
3718.593	-0.088
3718.750	-0.088
3718.905	-0.088
3719.088	-0.088
3719.245	-0.088
3719.427	-0.088
3719.583	-0.088
3719.738	-0.088
3719.922	-0.088
3720.078	-0.088
3720.260	-0.088
3720.417	-0.088
3720.572	-0.088
3720.755	-0.088
3720.912	-0.088
3721.093	-0.088
3721.250	-0.088
3721.405	-0.088
3721.588	-0.088
3721.745	-0.088
3721.927	-0.088
3722.083	-0.088
3722.238	-0.088
3722.422	-0.088
3722.578	-0.088
3722.760	-0.088
3722.917	-0.088
3723.072	-0.088
3723.255	-0.088
3723.412	-0.088
3723.593	-0.088
3723.750	-0.088
3723.905	-0.088
3724.088	-0.088
3724.245	-0.088
3724.427	-0.088
3724.583	-0.088
3724.738	-0.088
3724.922	-0.088
3725.078	-0.088
3725.260	-0.088
3725.417	-0.088
3725.572	-0.088
3725.755	-0.088
3725.912	-0.088
3726.093	-0.088
3726.250	-0.088
3726.405	-0.088
3726.588	-0.088
3726.745	-0.088
3726.927	-0.088
3727.083	-0.088
3727.238	-0.088
3727.422	-0.088
3727.578	-0.088
3727.760	-0.088
3727.917	-0.088
3728.072	-0.088
3728.255	-0.088
3728.412	-0.088
3728.593	-0.088
3728.750	-0.088
3728.905	-0.088
3729.088	-0.088
3729.245	-0.088
3729.427	-0.088
3729.583	-0.088
3729.738	-0.088
3729.922	-0.088
3730.078	-0.088
3730.260	-0.088
3730.417	-0.088
3730.572	-0.088
3730.755	-0.088
3730.912	-0.088
3731.093	-0.088
3731.250	-0.088
3731.405	-0.088
3731.588	-0.088
3731.745	-0.088
3731.927	-0.088
3732.083	-0.088
3732.238	-0.089
3732.422	-0.088
3732.578	-0.088
3732.760	-0.088
3732.917	-0.088
3733.072	-0.088
3733.255	-0.088
3733.412	-0.088
3733.593	-0.088
3733.750	-0.088
3733.905	-0.088
3734.088	-0.088
3734.245	-0.088
3734.427	-0.088
3734.583	-0.088
3734.738	-0.088
3734.922	-0.088
3735.078	-0.088
3735.260	-0.088
3735.417	-0.088
3735.572	-0.088
3735.755	-0.088
3735.912	-0.088
3736.093	-0.088
3736.250	-0.088
3736.405	-0.088
3736.588	-0.088
3736.745	-0.088
3736.927	-0.088
3737.083	-0.088
3737.238	-0.088
3737.422	-0.088
3737.578	-0.088
3737.760	-0.088
3737.917	-0.088
3738.072	-0.088
3738.255	-0.088
3738.412	-0.088
3738.593	-0.088
3738.750	-0.088
3738.905	-0.088
3739.088	-0.088
3739.245	-0.088
3739.427	-0.088
3739.583	-0.088
3739.738	-0.088
3739.922	-0.088
3740.078	-0.088
3740.260	-0.088
3740.417	-0.088
3740.572	-0.088
3740.755	-0.088
3740.912	-0.088
3741.093	-0.088
3741.250	-0.088
3741.405	-0.088
3741.588	-0.088
3741.745	-0.088
3741.927	-0.088
3742.083	-0.088
3742.238	-0.088
3742.422	-0.088
3742.578	-0.088
3742.733	-0.088
3742.917	-0.088
3743.072	-0.088
3743.255	-0.088
3743.412	-0.088
3743.567	-0.088
3743.750	-0.088
3743.905	-0.088
3744.088	-0.088
3744.245	-0.089
3744.400	-0.088
3744.583	-0.088
3744.738	-0.088
3744.922	-0.088
3745.078	-0.088
3745.233	-0.088
3745.417	-0.088
3745.572	-0.088
3745.755	-0.088
3745.912	-0.088
3746.067	-0.088
3746.250	-0.089
3746.405	-0.088
3746.588	-0.088
3746.745	-0.088
3746.900	-0.088
3747.083	-0.088
3747.238	-0.088
3747.422	-0.088
3747.578	-0.088
3747.733	-0.088
3747.917	-0.088
3748.072	-0.088
3748.255	-0.088
3748.412	-0.088
3748.567	-0.088
3748.750	-0.088
3748.905	-0.088
3749.088	-0.088
3749.245	-0.088
3749.400	-0.088
3749.583	-0.088
3749.738	-0.088
3749.922	-0.088
3750.078	-0.088
3750.233	-0.088
3750.417	-0.088
3750.572	-0.088
3750.755	-0.088
3750.912	-0.088
3751.093	-0.088
3751.250	-0.088
3751.405	-0.088
3751.588	-0.088
3751.745	-0.088
3751.927	-0.088
3752.083	-0.089
3752.238	-0.088
3752.422	-0.088
3752.578	-0.088
3752.760	-0.088
3752.917	-0.088
3753.072	-0.088
3753.255	-0.088
3753.412	-0.088
3753.593	-0.088
3753.750	-0.088
3753.905	-0.088
3754.088	-0.088
3754.245	-0.088
3754.427	-0.088
3754.583	-0.088
3754.738	-0.088
3754.922	-0.088
3755.078	-0.088
3755.260	-0.089
3755.417	-0.088
3755.572	-0.088
3755.755	-0.088
3755.912	-0.088
3756.093	-0.088
3756.250	-0.088
3756.405	-0.088
3756.588	-0.088
3756.745	-0.088
3756.900	-0.088
3757.083	-0.088
3757.238	-0.088
3757.422	-0.088
3757.578	-0.088
3757.733	-0.088
3757.917	-0.088
3758.072	-0.088
3758.255	-0.088
3758.412	-0.088
3758.567	-0.088
3758.750	-0.088
3758.905	-0.088
3759.088	-0.088
3759.245	-0.088
3759.400	-0.088
3759.583	-0.088
3759.738	-0.088
3759.922	-0.088
3760.078	-0.088
3760.233	-0.088
3760.417	-0.088
3760.572	-0.088
3760.755	-0.088
3760.912	-0.088
3761.067	-0.088
3761.250	-0.088
3761.405	-0.088
3761.588	-0.088
3761.745	-0.088
3761.900	-0.088
3762.083	-0.088
3762.238	-0.088
3762.422	-0.088
3762.578	-0.088
3762.733	-0.088
3762.917	-0.088
3763.072	-0.088
3763.255	-0.088
3763.412	-0.088
3763.567	-0.088
3763.750	-0.088
3763.905	-0.088
3764.088	-0.088
3764.245	-0.088
3764.400	-0.088
3764.583	-0.088
3764.738	-0.088
3764.922	-0.088
3765.078	-0.088
3765.233	-0.089
3765.417	-0.088
3765.572	-0.088
3765.755	-0.088
3765.912	-0.088
3766.067	-0.088
3766.250	-0.088
3766.405	-0.088
3766.588	-0.088
3766.745	-0.088
3766.900	-0.088
3767.083	-0.088
3767.238	-0.088
3767.422	-0.088
3767.578	-0.088
3767.733	-0.088
3767.917	-0.088
3768.072	-0.088
3768.255	-0.088
3768.412	-0.088
3768.567	-0.088
3768.750	-0.088
3768.905	-0.088
3769.088	-0.088
3769.245	-0.088
3769.400	-0.088
3769.583	-0.088
3769.738	-0.088
3769.922	-0.088
3770.078	-0.088
3770.233	-0.088
3770.417	-0.088
3770.572	-0.088
3770.755	-0.088
3770.912	-0.088
3771.067	-0.088
3771.250	-0.088
3771.405	-0.088
3771.588	-0.088
3771.745	-0.088
3771.900	-0.088
3772.083	-0.088
3772.238	-0.088
3772.422	-0.088
3772.578	-0.089
3772.733	-0.088
3772.917	-0.088
3773.072	-0.088
3773.255	-0.088
3773.412	-0.088
3773.567	-0.088
3773.750	-0.088
3773.905	-0.088
3774.088	-0.088
3774.245	-0.088
3774.400	-0.088
3774.583	-0.088
3774.738	-0.088
3774.922	-0.088
3775.078	-0.088
3775.233	-0.088
3775.417	-0.088
3775.572	-0.088
3775.755	-0.088
3775.912	-0.088
3776.067	-0.088
3776.250	-0.088
3776.405	-0.088
3776.588	-0.088
3776.745	-0.088
3776.900	-0.088
3777.083	-0.088
3777.238	-0.088
3777.422	-0.088
3777.578	-0.088
3777.733	-0.088
3777.917	-0.088
3778.072	-0.088
3778.255	-0.088
3778.412	-0.088
3778.567	-0.088
3778.750	-0.088
3778.905	-0.088
3779.088	-0.088
3779.245	-0.088
3779.400	-0.088
3779.583	-0.088
3779.738	-0.088
3779.922	-0.088
3780.078	-0.088
3780.233	-0.088
3780.417	-0.088
3780.572	-0.088
3780.755	-0.088
3780.912	-0.088
3781.067	-0.088
3781.250	-0.088
3781.405	-0.088
3781.588	-0.088
3781.745	-0.088
3781.900	-0.088
3782.083	-0.088
3782.238	-0.088
3782.422	-0.088
3782.578	-0.088
3782.733	-0.088
3782.917	-0.088
3783.072	-0.088
3783.255	-0.088
3783.412	-0.088
3783.567	-0.088
3783.750	-0.088
3783.905	-0.088
3784.088	-0.088
3784.245	-0.088
3784.400	-0.088
3784.583	-0.088
3784.738	-0.088
3784.922	-0.088
3785.078	-0.088
3785.233	-0.088
3785.417	-0.088
3785.572	-0.088
3785.755	-0.088
3785.912	-0.088
3786.067	-0.088
3786.250	-0.088
3786.405	-0.088
3786.588	-0.088
3786.745	-0.088
3786.900	-0.088
3787.083	-0.086
3787.238	-0.087
3787.422	-0.083
3787.578	-0.083
3787.733	-0.083
3787.917	-0.083
3788.072	-0.083
3788.255	-0.083
3788.412	-0.083
3788.567	-0.083
3788.750	-0.078
3788.905	-0.078
3789.088	-0.078
3789.245	-0.078
3789.400	-0.078
3789.583	-0.076
3789.738	-0.073
3789.922	-0.073
3790.078	-0.070
3790.233	-0.068
3790.417	-0.065
3790.572	-0.062
3790.755	-0.059
3790.912	-0.056
3791.093	-0.053
3791.250	-0.048
3791.405	-0.045
3791.588	-0.042
3791.745	-0.037
3791.900	-0.032
3792.083	-0.029
3792.238	-0.027
3792.422	-0.023
3792.578	-0.021
3792.733	-0.017
3792.917	-0.010
3793.072	-0.003
3793.255	0.004
3793.412	0.015
3793.567	0.028
3793.750	0.041
3793.905	0.053
3794.088	0.061
3794.245	0.066
3794.400	0.072
3794.583	0.079
3794.738	0.089
3794.922	0.099
3795.078	0.106
3795.233	0.116
3795.417	0.128
3795.572	0.140
3795.755	0.151
3795.912	0.161
3796.067	0.173
3796.250	0.186
3796.405	0.197
3796.588	0.208
3796.745	0.220
3796.900	0.229
3797.083	0.240
3797.238	0.247
3797.422	0.259
3797.578	0.270
3797.733	0.285
3797.917	0.294
3798.072	0.307
3798.255	0.314
3798.412	0.319
3798.567	0.325
3798.750	0.330
3798.905	0.336
3799.088	0.344
3799.245	0.353
3799.400	0.360
3799.583	0.367
3799.738	0.373
3799.922	0.379
3800.078	0.382
3800.233	0.386
3800.417	0.386
3800.572	0.389
3800.755	0.391
3800.912	0.391
3801.067	0.391
3801.250	0.391
3801.405	0.391
3801.588	0.391
3801.745	0.387
3801.900	0.385
3802.083	0.381
3802.238	0.376
3802.422	0.370
3802.578	0.364
3802.733	0.359
3802.917	0.353
3803.072	0.347
3803.255	0.341
3803.412	0.334
3803.567	0.327
3803.750	0.321
3803.905	0.314
3804.088	0.308
3804.245	0.300
3804.400	0.291
3804.583	0.283
3804.738	0.272
3804.922	0.266
3805.078	0.257
3805.233	0.250
3805.417	0.241
3805.572	0.232
3805.755	0.222
3805.912	0.211
3806.067	0.200
3806.250	0.190
3806.405	0.178
3806.588	0.166
3806.745	0.156
3806.900	0.144
3807.083	0.132
3807.238	0.125
3807.422	0.118
3807.578	0.110
3807.733	0.104
3807.917	0.097
3808.072	0.087
3808.255	0.080
3808.412	0.072
3808.567	0.065
3808.750	0.058
3808.905	0.051
3809.088	0.046
3809.245	0.041
3809.400	0.036
3809.583	0.031
3809.738	0.025
3809.922	0.020
3810.078	0.015
3810.233	0.008
3810.417	0.003
3810.572	-0.003
3810.755	-0.007
3810.912	-0.010
3811.067	-0.014
3811.250	-0.017
3811.405	-0.021
3811.588	-0.023
3811.745	-0.027
3811.900	-0.029
3812.083	-0.032
3812.238	-0.033
3812.422	-0.034
3812.578	-0.037
3812.733	-0.037
3812.917	-0.037
3813.072	-0.041
3813.255	-0.043
3813.412	-0.043
3813.567	-0.044
3813.750	-0.045
3813.905	-0.048
3814.088	-0.048
3814.245	-0.048
3814.400	-0.048
3814.583	-0.050
3814.738	-0.053
3814.922	-0.053
3815.078	-0.054
3815.233	-0.057
3815.417	-0.058
3815.572	-0.058
3815.755	-0.058
3815.912	-0.059
3816.067	-0.058
3816.250	-0.062
3816.405	-0.061
3816.588	-0.063
3816.745	-0.063
3816.900	-0.063
3817.083	-0.063
3817.238	-0.063
3817.422	-0.064
3817.578	-0.068
3817.733	-0.068
3817.917	-0.068
3818.072	-0.068
3818.255	-0.071
3818.412	-0.071
3818.567	-0.073
3818.750	-0.073
3818.905	-0.073
3819.088	-0.073
3819.245	-0.077
3819.400	-0.078
3819.583	-0.078
3819.738	-0.078
3819.922	-0.078
3820.078	-0.078
3820.233	-0.081
3820.417	-0.081
3820.572	-0.083
3820.755	-0.083
3820.912	-0.083
3821.067	-0.083
3821.250	-0.083
3821.405	-0.083
3821.588	-0.085
3821.745	-0.084
3821.900	-0.084
3822.083	-0.085
3822.238	-0.088
3822.422	-0.087
3822.578	-0.088
3822.733	-0.088
3822.917	-0.088
3823.072	-0.087
3823.255	-0.088
3823.412	-0.088
3823.567	-0.088
3823.750	-0.088
3823.905	-0.088
3824.088	-0.088
3824.245	-0.088
3824.400	-0.088
3824.583	-0.088
3824.738	-0.088
3824.922	-0.088
3825.078	-0.088
3825.233	-0.088
3825.417	-0.088
3825.572	-0.088
3825.755	-0.088
3825.912	-0.088
3826.067	-0.088
3826.250	-0.088
3826.405	-0.088
3826.588	-0.088
3826.745	-0.088
3826.900	-0.088
3827.083	-0.088
3827.238	-0.088
3827.422	-0.088
3827.578	-0.088
3827.733	-0.088
3827.917	-0.088
3828.072	-0.088
3828.255	-0.088
3828.412	-0.088
3828.567	-0.088
3828.750	-0.088
3828.905	-0.088
3829.088	-0.088
3829.245	-0.088
3829.400	-0.088
3829.583	-0.088
3829.738	-0.088
3829.922	-0.088
3830.078	-0.088
3830.233	-0.088
3830.417	-0.088
3830.572	-0.088
3830.755	-0.088
3830.912	-0.088
3831.067	-0.088
3831.250	-0.088
3831.405	-0.088
3831.588	-0.088
3831.745	-0.088
3831.900	-0.088
3832.083	-0.088
3832.238	-0.088
3832.422	-0.088
3832.578	-0.088
3832.733	-0.088
3832.917	-0.088
3833.072	-0.088
3833.255	-0.088
3833.412	-0.088
3833.567	-0.088
3833.750	-0.088
3833.905	-0.088
3834.088	-0.088
3834.245	-0.088
3834.400	-0.088
3834.583	-0.088
3834.738	-0.088
3834.922	-0.088
3835.078	-0.088
3835.233	-0.088
3835.417	-0.088
3835.572	-0.088
3835.755	-0.088
3835.912	-0.088
3836.067	-0.088
3836.250	-0.088
3836.405	-0.088
3836.588	-0.088
3836.745	-0.088
3836.900	-0.088
3837.083	-0.088
3837.238	-0.088
3837.422	-0.088
3837.578	-0.088
3837.733	-0.088
3837.917	-0.088
3838.072	-0.088
3838.255	-0.088
3838.412	-0.088
3838.567	-0.088
3838.750	-0.088
3838.905	-0.088
3839.088	-0.088
3839.245	-0.088
3839.400	-0.088
3839.583	-0.088
3839.738	-0.088
3839.922	-0.088
3840.078	-0.088
3840.233	-0.088
3840.417	-0.088
3840.572	-0.088
3840.755	-0.088
3840.912	-0.088
3841.067	-0.088
3841.250	-0.088
3841.405	-0.088
3841.588	-0.088
3841.745	-0.088
3841.900	-0.088
3842.083	-0.088
3842.238	-0.088
3842.422	-0.088
3842.578	-0.088
3842.733	-0.088
3842.917	-0.088
3843.072	-0.088
3843.255	-0.088
3843.412	-0.088
3843.567	-0.088
3843.750	-0.088
3843.905	-0.088
3844.088	-0.088
3844.245	-0.088
3844.400	-0.088
3844.583	-0.088
3844.738	-0.088
3844.922	-0.088
3845.078	-0.088
3845.233	-0.088
3845.417	-0.088
3845.572	-0.088
3845.755	-0.088
3845.912	-0.088
3846.067	-0.088
3846.250	-0.088
3846.405	-0.088
3846.588	-0.088
3846.745	-0.088
3846.900	-0.088
3847.083	-0.089
3847.238	-0.088
3847.422	-0.088
3847.578	-0.088
3847.733	-0.088
3847.917	-0.088
3848.072	-0.088
3848.255	-0.088
3848.412	-0.088
3848.567	-0.088
3848.750	-0.088
3848.905	-0.088
3849.088	-0.088
3849.245	-0.088
3849.400	-0.088
3849.583	-0.088
3849.738	-0.088
3849.922	-0.088
3850.078	-0.088
3850.233	-0.088
3850.417	-0.088
3850.572	-0.089
3850.728	-0.088
3850.912	-0.088
3851.067	-0.088
3851.250	-0.088
3851.405	-0.088
3851.562	-0.088
3851.745	-0.088
3851.900	-0.088
3852.083	-0.088
3852.238	-0.088
3852.395	-0.088
3852.578	-0.088
3852.733	-0.088
3852.917	-0.088
3853.072	-0.088
3853.228	-0.088
3853.412	-0.088
3853.567	-0.088
3853.750	-0.088
3853.905	-0.088
3854.062	-0.088
3854.245	-0.088
3854.400	-0.088
3854.583	-0.088
3854.738	-0.088
3854.895	-0.088
3855.078	-0.088
3855.233	-0.088
3855.417	-0.088
3855.572	-0.088
3855.728	-0.088
3855.912	-0.088
3856.067	-0.088
3856.250	-0.088
3856.405	-0.088
3856.562	-0.088
3856.745	-0.088
3856.900	-0.088
3857.083	-0.088
3857.238	-0.088
3857.395	-0.088
3857.578	-0.088
3857.733	-0.088
3857.917	-0.088
3858.072	-0.088
3858.228	-0.088
3858.412	-0.088
3858.567	-0.088
3858.750	-0.088
3858.905	-0.088
3859.062	-0.088
3859.245	-0.088
3859.400	-0.088
3859.583	-0.088
3859.738	-0.088
3859.895	-0.088
3860.078	-0.088
3860.233	-0.088
3860.417	-0.089
3860.572	-0.088
3860.728	-0.088
3860.912	-0.088
3861.067	-0.088
3861.250	-0.088
3861.405	-0.088
3861.562	-0.088
3861.745	-0.088
3861.900	-0.088
3862.083	-0.088
3862.238	-0.088
3862.395	-0.088
3862.578	-0.088
3862.733	-0.088
3862.917	-0.088
3863.072	-0.088
3863.228	-0.088
3863.412	-0.088
3863.567	-0.088
3863.750	-0.088
3863.905	-0.088
3864.062	-0.088
3864.245	-0.088
3864.400	-0.088
3864.583	-0.088
3864.738	-0.088
3864.895	-0.088
3865.078	-0.088
3865.233	-0.088
3865.417	-0.088
3865.572	-0.088
3865.728	-0.088
3865.912	-0.088
3866.067	-0.088
3866.250	-0.088
3866.405	-0.088
3866.562	-0.088
3866.745	-0.088
3866.900	-0.088
3867.083	-0.088
3867.238	-0.088
3867.395	-0.088
3867.578	-0.088
3867.733	-0.088
3867.917	-0.088
3868.072	-0.088
3868.228	-0.088
3868.412	-0.088
3868.567	-0.088
3868.750	-0.088
3868.905	-0.088
3869.062	-0.088
3869.245	-0.088
3869.400	-0.088
3869.583	-0.088
3869.738	-0.088
3869.895	-0.088
3870.078	-0.088
3870.233	-0.088
3870.417	-0.088
3870.572	-0.088
3870.728	-0.088
3870.912	-0.088
3871.067	-0.088
3871.250	-0.088
3871.405	-0.089
3871.562	-0.088
3871.745	-0.088
3871.900	-0.088
3872.083	-0.088
3872.238	-0.088
3872.395	-0.088
3872.578	-0.088
3872.733	-0.088
3872.917	-0.088
3873.072	-0.088
3873.228	-0.088
3873.412	-0.088
3873.567	-0.088
3873.750	-0.088
3873.905	-0.088
3874.062	-0.088
3874.245	-0.088
3874.400	-0.089
3874.583	-0.088
3874.738	-0.088
3874.895	-0.088
3875.078	-0.088
3875.233	-0.088
3875.417	-0.089
3875.572	-0.089
3875.728	-0.088
3875.912	-0.088
3876.067	-0.088
3876.250	-0.088
3876.405	-0.088
3876.562	-0.088
3876.745	-0.088
3876.900	-0.088
3877.083	-0.088
3877.238	-0.088
3877.395	-0.088
3877.578	-0.088
3877.733	-0.088
3877.917	-0.088
3878.072	-0.088
3878.228	-0.088
3878.412	-0.088
3878.567	-0.088
3878.750	-0.088
3878.905	-0.088
3879.062	-0.088
3879.245	-0.088
3879.400	-0.088
3879.583	-0.088
3879.738	-0.088
3879.895	-0.088
3880.078	-0.088
3880.233	-0.088
3880.417	-0.088
3880.572	-0.088
3880.728	-0.088
3880.912	-0.088
3881.067	-0.088
3881.250	-0.088
3881.405	-0.088
3881.562	-0.088
3881.745	-0.088
3881.900	-0.088
3882.083	-0.088
3882.238	-0.088
3882.395	-0.088
3882.578	-0.088
3882.733	-0.088
3882.917	-0.088
3883.072	-0.088
3883.228	-0.088
3883.412	-0.088
3883.567	-0.088
3883.750	-0.088
3883.905	-0.088
3884.062	-0.088
3884.245	-0.088
3884.400	-0.088
3884.583	-0.088
3884.738	-0.088
3884.895	-0.088
3885.078	-0.088
3885.233	-0.088
3885.417	-0.088
3885.572	-0.089
3885.728	-0.088
3885.912	-0.088
3886.067	-0.088
3886.250	-0.088
3886.405	-0.088
3886.562	-0.088
3886.745	-0.088
3886.900	-0.088
3887.083	-0.088
3887.238	-0.088
3887.395	-0.088
3887.578	-0.088
3887.733	-0.088
3887.917	-0.089
3888.072	-0.088
3888.228	-0.088
3888.412	-0.089
3888.567	-0.088
3888.750	-0.088
3888.905	-0.088
3889.062	-0.088
3889.245	-0.088
3889.400	-0.088
3889.583	-0.088
3889.738	-0.089
3889.895	-0.088
3890.078	-0.088
3890.233	-0.088
3890.417	-0.088
3890.572	-0.088
3890.728	-0.088
3890.912	-0.088
3891.067	-0.088
3891.250	-0.088
3891.405	-0.088
3891.562	-0.088
3891.745	-0.088
3891.900	-0.088
3892.083	-0.088
3892.238	-0.088
3892.395	-0.088
3892.578	-0.088
3892.733	-0.089
3892.917	-0.088
3893.072	-0.088
3893.228	-0.088
3893.412	-0.088
3893.567	-0.088
3893.750	-0.088
3893.905	-0.088
3894.062	-0.088
3894.245	-0.088
3894.400	-0.088
3894.583	-0.088
3894.738	-0.088
3894.895	-0.088
3895.078	-0.088
3895.233	-0.088
3895.417	-0.088
3895.572	-0.088
3895.728	-0.088
3895.912	-0.088
3896.067	-0.088
3896.250	-0.088
3896.405	-0.088
3896.562	-0.088
3896.745	-0.088
3896.900	-0.088
3897.083	-0.088
3897.238	-0.088
3897.395	-0.088
3897.578	-0.088
3897.733	-0.088
3897.917	-0.088
3898.072	-0.088
3898.228	-0.088
3898.412	-0.088
3898.567	-0.088
3898.750	-0.088
3898.905	-0.088
3899.062	-0.088
3899.245	-0.088
3899.400	-0.088
3899.583	-0.088
3899.738	-0.088
3899.895	-0.088
3900.078	-0.088
3900.233	-0.088
3900.417	-0.089
3900.572	-0.088
3900.728	-0.088
3900.912	-0.088
3901.067	-0.088
3901.250	-0.089
3901.405	-0.088
3901.562	-0.089
3901.745	-0.088
3901.900	-0.088
3902.083	-0.088
3902.238	-0.088
3902.395	-0.088
3902.578	-0.088
3902.733	-0.088
3902.917	-0.088
3903.072	-0.088
3903.228	-0.088
3903.412	-0.088
3903.567	-0.088
3903.750	-0.088
3903.905	-0.088
3904.062	-0.088
3904.245	-0.088
3904.400	-0.088
3904.583	-0.088
3904.738	-0.088
3904.895	-0.088
3905.078	-0.089
3905.233	-0.088
3905.417	-0.088
3905.572	-0.088
3905.728	-0.088
3905.912	-0.088
3906.067	-0.088
3906.250	-0.088
3906.405	-0.088
3906.562	-0.088
3906.745	-0.088
3906.900	-0.088
3907.083	-0.088
3907.238	-0.088
3907.395	-0.088
3907.578	-0.088
3907.733	-0.088
3907.917	-0.088
3908.072	-0.088
3908.228	-0.088
3908.412	-0.088
3908.567	-0.088
3908.750	-0.089
3908.905	-0.089
3909.062	-0.088
3909.245	-0.088
3909.400	-0.088
3909.583	-0.088
3909.738	-0.088
3909.895	-0.088
3910.078	-0.088
3910.233	-0.088
3910.417	-0.088
3910.572	-0.088
3910.728	-0.088
3910.912	-0.088
3911.067	-0.088
3911.250	-0.088
3911.405	-0.088
3911.562	-0.088
3911.745	-0.088
3911.900	-0.088
3912.083	-0.088
3912.238	-0.088
3912.395	-0.088
3912.578	-0.088
3912.733	-0.088
3912.917	-0.088
3913.072	-0.088
3913.228	-0.088
3913.412	-0.088
3913.567	-0.088
3913.750	-0.088
3913.905	-0.089
3914.062	-0.088
3914.245	-0.088
3914.400	-0.088
3914.583	-0.088
3914.738	-0.088
3914.895	-0.088
3915.078	-0.088
3915.233	-0.088
3915.417	-0.088
3915.572	-0.088
3915.728	-0.088
3915.912	-0.088
3916.067	-0.088
3916.250	-0.088
3916.405	-0.088
3916.562	-0.088
3916.745	-0.088
3916.900	-0.088
3917.083	-0.088
3917.238	-0.088
3917.395	-0.088
3917.578	-0.088
3917.733	-0.088
3917.917	-0.088
3918.072	-0.088
3918.228	-0.088
3918.412	-0.088
3918.567	-0.088
3918.750	-0.088
3918.905	-0.088
3919.062	-0.088
3919.245	-0.088
3919.400	-0.088
3919.583	-0.088
3919.738	-0.088
3919.895	-0.088
3920.078	-0.088
3920.233	-0.088
3920.417	-0.088
3920.572	-0.088
3920.728	-0.088
3920.912	-0.088
3921.067	-0.088
3921.250	-0.089
3921.405	-0.088
3921.562	-0.088
3921.745	-0.088
3921.900	-0.088
3922.083	-0.088
3922.238	-0.088
3922.395	-0.088
3922.578	-0.089
3922.733	-0.088
3922.917	-0.088
3923.072	-0.088
3923.228	-0.088
3923.412	-0.088
3923.567	-0.088
3923.750	-0.088
3923.905	-0.088
3924.062	-0.088
3924.245	-0.088
3924.400	-0.088
3924.583	-0.088
3924.738	-0.088
3924.895	-0.088
3925.078	-0.088
3925.233	-0.088
3925.417	-0.089
3925.572	-0.088
3925.728	-0.088
3925.912	-0.088
3926.067	-0.088
3926.250	-0.088
3926.405	-0.088
3926.562	-0.088
3926.745	-0.088
3926.900	-0.088
3927.083	-0.089
3927.238	-0.088
3927.395	-0.088
3927.578	-0.088
3927.733	-0.089
3927.917	-0.088
3928.072	-0.088
3928.228	-0.088
3928.412	-0.088
3928.567	-0.088
3928.750	-0.088
3928.905	-0.088
3929.062	-0.088
3929.245	-0.088
3929.400	-0.088
3929.583	-0.088
3929.738	-0.088
3929.895	-0.088
3930.078	-0.088
3930.233	-0.088
3930.417	-0.088
3930.572	-0.088
3930.728	-0.088
3930.912	-0.088
3931.067	-0.088
3931.250	-0.088
3931.405	-0.088
3931.562	-0.088
3931.745	-0.088
3931.900	-0.088
3932.083	-0.088
3932.238	-0.088
3932.395	-0.088
3932.578	-0.088
3932.733	-0.088
3932.917	-0.088
3933.072	-0.088
3933.228	-0.088
3933.412	-0.088
3933.567	-0.088
3933.750	-0.088
3933.905	-0.088
3934.062	-0.089
3934.245	-0.088
3934.400	-0.088
3934.583	-0.088
3934.738	-0.088
3934.895	-0.088
3935.078	-0.088
3935.233	-0.088
3935.417	-0.088
3935.572	-0.088
3935.728	-0.088
3935.912	-0.088
3936.067	-0.088
3936.250	-0.088
3936.405	-0.088
3936.562	-0.088
3936.745	-0.088
3936.900	-0.088
3937.083	-0.088
3937.238	-0.088
3937.395	-0.088
3937.578	-0.088
3937.733	-0.088
3937.917	-0.088
3938.072	-0.088
3938.228	-0.088
3938.412	-0.088
3938.567	-0.088
3938.750	-0.088
3938.905	-0.088
3939.062	-0.088
3939.245	-0.088
3939.400	-0.088
3939.583	-0.089
3939.738	-0.088
3939.895	-0.088
3940.078	-0.088
3940.233	-0.088
3940.417	-0.088
3940.572	-0.088
3940.728	-0.088
3940.912	-0.088
3941.067	-0.088
3941.250	-0.088
3941.405	-0.088
3941.562	-0.088
3941.745	-0.088
3941.900	-0.088
3942.083	-0.088
3942.238	-0.088
3942.395	-0.088
3942.578	-0.088
3942.733	-0.088
3942.917	-0.088
3943.072	-0.088
3943.228	-0.088
3943.412	-0.088
3943.567	-0.088
3943.750	-0.088
3943.905	-0.088
3944.062	-0.088
3944.245	-0.088
3944.400	-0.088
3944.583	-0.088
3944.738	-0.088
3944.895	-0.088
3945.078	-0.088
3945.233	-0.088
3945.417	-0.088
3945.572	-0.088
3945.728	-0.088
3945.912	-0.088
3946.067	-0.088
3946.250	-0.088
3946.405	-0.088
3946.562	-0.088
3946.745	-0.088
3946.900	-0.088
3947.083	-0.088
3947.238	-0.088
3947.395	-0.088
3947.578	-0.088
3947.733	-0.088
3947.917	-0.088
3948.072	-0.088
3948.228	-0.088
3948.412	-0.088
3948.567	-0.088
3948.750	-0.088
3948.905	-0.088
3949.062	-0.088
3949.245	-0.088
3949.400	-0.088
3949.583	-0.088
3949.738	-0.088
3949.895	-0.088
3950.078	-0.088
3950.233	-0.088
3950.417	-0.088
3950.572	-0.088
3950.728	-0.088
3950.912	-0.088
3951.067	-0.088
3951.223	-0.088
3951.405	-0.088
3951.562	-0.088
3951.745	-0.088
3951.900	-0.088
3952.083	-0.088
3952.238	-0.088
3952.395	-0.088
3952.578	-0.088
3952.733	-0.088
3952.890	-0.088
3953.072	-0.088
3953.228	-0.088
3953.412	-0.089
3953.567	-0.088
3953.723	-0.088
3953.905	-0.088
3954.062	-0.088
3954.245	-0.088
3954.400	-0.088
3954.557	-0.088
3954.738	-0.088
3954.895	-0.088
3955.078	-0.088
3955.233	-0.088
3955.390	-0.088
3955.572	-0.088
3955.728	-0.088
3955.912	-0.088
3956.067	-0.088
3956.250	-0.088
3956.405	-0.088
3956.562	-0.088
3956.745	-0.088
3956.900	-0.089
3957.083	-0.088
3957.238	-0.088
3957.395	-0.088
3957.578	-0.088
3957.733	-0.088
3957.890	-0.089
3958.072	-0.088
3958.228	-0.088
3958.412	-0.088
3958.567	-0.088
3958.723	-0.088
3958.905	-0.089
3959.062	-0.088
3959.245	-0.088
3959.400	-0.088
3959.557	-0.088
3959.738	-0.089
3959.895	-0.088
3960.078	-0.088
3960.233	-0.088
3960.390	-0.088
3960.572	-0.088
3960.728	-0.088
3960.912	-0.088
3961.067	-0.088
3961.223	-0.088
3961.405	-0.088
3961.562	-0.088
3961.745	-0.088
3961.900	-0.088
3962.057	-0.088
3962.238	-0.088
3962.395	-0.089
3962.578	-0.088
3962.733	-0.088
3962.890	-0.088
3963.072	-0.088
3963.228	-0.088
3963.412	-0.089
3963.567	-0.088
3963.723	-0.088
3963.905	-0.088
3964.062	-0.088
3964.245	-0.088
3964.400	-0.088
3964.557	-0.088
3964.738	-0.088
3964.895	-0.088
3965.078	-0.088
3965.233	-0.088
3965.390	-0.088
3965.572	-0.088
3965.728	-0.089
3965.912	-0.088
3966.067	-0.088
3966.223	-0.088
3966.405	-0.088
3966.562	-0.088
3966.745	-0.088
3966.900	-0.088
3967.057	-0.088
3967.238	-0.088
3967.395	-0.088
3967.578	-0.088
3967.733	-0.088
3967.890	-0.088
3968.072	-0.088
3968.228	-0.088
3968.412	-0.088
3968.567	-0.088
3968.723	-0.088
3968.905	-0.088
3969.062	-0.088
3969.245	-0.088
3969.400	-0.088
3969.557	-0.088
3969.738	-0.088
3969.895	-0.088
3970.078	-0.088
3970.233	-0.088
3970.390	-0.088
3970.572	-0.088
3970.728	-0.088
3970.912	-0.088
3971.067	-0.088
3971.223	-0.089
3971.405	-0.088
3971.562	-0.088
3971.745	-0.088
3971.900	-0.088
3972.057	-0.088
3972.238	-0.088
3972.395	-0.088
3972.578	-0.088
3972.733	-0.088
3972.890	-0.088
3973.072	-0.089
3973.228	-0.088
3973.412	-0.088
3973.567	-0.089
3973.723	-0.088
3973.905	-0.088
3974.062	-0.088
3974.245	-0.088
3974.400	-0.088
3974.557	-0.088
3974.738	-0.089
3974.895	-0.089
3975.078	-0.088
3975.233	-0.088
3975.390	-0.088
3975.572	-0.088
3975.728	-0.088
3975.912	-0.088
3976.067	-0.088
3976.223	-0.088
3976.405	-0.088
3976.562	-0.088
3976.745	-0.088
3976.900	-0.088
3977.057	-0.088
3977.238	-0.088
3977.395	-0.088
3977.578	-0.088
3977.733	-0.088
3977.890	-0.088
3978.072	-0.088
3978.228	-0.088
3978.412	-0.088
3978.567	-0.088
3978.723	-0.088
3978.905	-0.088
3979.062	-0.088
3979.245	-0.088
3979.400	-0.088
3979.557	-0.088
3979.738	-0.088
3979.895	-0.088
3980.078	-0.088
3980.233	-0.088
3980.390	-0.088
3980.572	-0.088
3980.728	-0.088
3980.912	-0.088
3981.067	-0.088
3981.223	-0.089
3981.405	-0.088
3981.562	-0.088
3981.745	-0.088
3981.900	-0.088
3982.057	-0.088
3982.238	-0.088
3982.395	-0.088
3982.578	-0.088
3982.733	-0.088
3982.890	-0.088
3983.072	-0.089
3983.228	-0.088
3983.412	-0.088
3983.567	-0.088
3983.723	-0.088
3983.905	-0.089
3984.062	-0.088
3984.245	-0.088
3984.400	-0.089
3984.557	-0.088
3984.738	-0.088
3984.895	-0.089
3985.078	-0.088
3985.233	-0.088
3985.390	-0.088
3985.572	-0.088
3985.728	-0.088
3985.912	-0.088
3986.067	-0.088
3986.223	-0.088
3986.405	-0.088
3986.562	-0.088
3986.745	-0.088
3986.900	-0.088
3987.057	-0.088
3987.238	-0.088
3987.395	-0.088
3987.578	-0.088
3987.733	-0.088
3987.890	-0.088
3988.072	-0.088
3988.228	-0.088
3988.412	-0.088
3988.567	-0.088
3988.723	-0.088
3988.905	-0.088
3989.062	-0.088
3989.245	-0.088
3989.400	-0.088
3989.557	-0.088
3989.738	-0.088
3989.895	-0.088
3990.078	-0.088
3990.233	-0.088
3990.390	-0.089
3990.572	-0.088
3990.728	-0.089
3990.912	-0.088
3991.067	-0.088
3991.223	-0.088
3991.405	-0.088
3991.562	-0.088
3991.745	-0.088
3991.900	-0.088
3992.057	-0.088
3992.238	-0.088
3992.395	-0.088
3992.578	-0.089
3992.733	-0.088
3992.890	-0.088
3993.072	-0.088
3993.228	-0.088
3993.412	-0.088
3993.567	-0.088
3993.723	-0.088
3993.905	-0.088
3994.062	-0.088
3994.245	-0.088
3994.400	-0.089
3994.557	-0.088
3994.738	-0.088
3994.895	-0.088
3995.078	-0.088
3995.233	-0.088
3995.390	-0.088
3995.572	-0.088
3995.728	-0.088
3995.912	-0.088
3996.067	-0.088
3996.223	-0.088
3996.405	-0.088
3996.562	-0.088
3996.745	-0.088
3996.900	-0.088
3997.057	-0.088
3997.238	-0.088
3997.395	-0.088
3997.578	-0.089
3997.733	-0.088
3997.890	-0.088
3998.072	-0.088
3998.228	-0.088
3998.412	-0.088
3998.567	-0.088
3998.723	-0.088
3998.905	-0.088
3999.062	-0.088
3999.245	-0.088
3999.400	-0.088
3999.557	-0.088
3999.738	-0.088
3999.895	-0.088
4000.078	-0.088
4000.233	-0.088
4000.390	-0.088
4000.572	-0.088
4000.728	-0.088
4000.912	-0.088
4001.067	-0.088
4001.223	-0.088
4001.405	-0.088
4001.562	-0.088
4001.745	-0.089
4001.900	-0.089
4002.057	-0.088
4002.238	-0.088
4002.395	-0.088
4002.578	-0.088
4002.733	-0.088
4002.890	-0.088
4003.072	-0.088
4003.228	-0.088
4003.412	-0.088
4003.567	-0.088
4003.723	-0.088
4003.905	-0.088
4004.062	-0.088
4004.245	-0.088
4004.400	-0.088
4004.557	-0.088
4004.738	-0.088
4004.895	-0.088
4005.078	-0.088
4005.233	-0.088
4005.390	-0.088
4005.572	-0.088
4005.728	-0.088
4005.912	-0.088
4006.067	-0.088
4006.223	-0.088
4006.405	-0.088
4006.562	-0.088
4006.745	-0.088
4006.900	-0.089
4007.057	-0.088
4007.238	-0.088
4007.395	-0.088
4007.578	-0.088
4007.733	-0.088
4007.890	-0.088
4008.072	-0.088
4008.228	-0.088
4008.412	-0.088
4008.567	-0.088
4008.723	-0.088
4008.905	-0.089
4009.062	-0.088
4009.245	-0.089
4009.400	-0.088
4009.557	-0.088
4009.738	-0.088
4009.895	-0.088
4010.078	-0.089
4010.233	-0.088
4010.390	-0.088
4010.572	-0.088
4010.728	-0.088
4010.912	-0.088
4011.067	-0.088
4011.223	-0.088
4011.405	-0.089
4011.562	-0.088
4011.745	-0.088
4011.900	-0.088
4012.057	-0.088
4012.238	-0.088
4012.395	-0.088
4012.578	-0.088
4012.733	-0.088
4012.890	-0.088
4013.072	-0.088
4013.228	-0.089
4013.412	-0.088
4013.567	-0.088
4013.723	-0.088
4013.905	-0.088
4014.062	-0.088
4014.245	-0.088
4014.400	-0.088
4014.557	-0.088
4014.738	-0.088
4014.895	-0.088
4015.078	-0.088
4015.233	-0.088
4015.390	-0.088
4015.572	-0.088
4015.728	-0.088
4015.912	-0.088
4016.067	-0.089
4016.223	-0.088
4016.405	-0.088
4016.562	-0.088
4016.745	-0.088
4016.900	-0.088
4017.057	-0.088
4017.238	-0.088
4017.395	-0.088
4017.578	-0.088
4017.733	-0.088
4017.890	-0.088
4018.072	-0.088
4018.228	-0.088
4018.412	-0.088
4018.567	-0.088
4018.723	-0.088
4018.905	-0.088
4019.062	-0.088
4019.245	-0.088
4019.400	-0.088
4019.557	-0.088
4019.738	-0.088
4019.895	-0.088
4020.078	-0.088
4020.233	-0.088
4020.390	-0.088
4020.572	-0.088
4020.728	-0.088
4020.912	-0.088
4021.067	-0.088
4021.223	-0.088
4021.405	-0.088
4021.562	-0.088
4021.745	-0.088
4021.900	-0.088
4022.057	-0.088
4022.238	-0.088
4022.395	-0.088
4022.578	-0.088
4022.733	-0.088
4022.890	-0.088
4023.072	-0.089
4023.228	-0.088
4023.412	-0.088
4023.567	-0.088
4023.723	-0.088
4023.905	-0.088
4024.062	-0.088
4024.245	-0.088
4024.400	-0.088
4024.557	-0.088
4024.738	-0.088
4024.895	-0.088
4025.078	-0.089
4025.233	-0.088
4025.390	-0.088
4025.572	-0.088
4025.728	-0.088
4025.912	-0.088
4026.067	-0.088
4026.223	-0.088
4026.405	-0.088
4026.562	-0.088
4026.745	-0.088
4026.900	-0.088
4027.057	-0.088
4027.238	-0.088
4027.395	-0.088
4027.578	-0.088
4027.733	-0.088
4027.890	-0.088
4028.072	-0.088
4028.228	-0.088
4028.412	-0.088
4028.567	-0.088
4028.723	-0.088
4028.905	-0.088
4029.062	-0.088
4029.245	-0.089
4029.400	-0.088
4029.557	-0.088
4029.738	-0.088
4029.895	-0.088
4030.078	-0.088
4030.233	-0.088
4030.390	-0.088
4030.572	-0.089
4030.728	-0.088
4030.912	-0.088
4031.067	-0.088
4031.223	-0.088
4031.405	-0.088
4031.562	-0.088
4031.745	-0.088
4031.900	-0.088
4032.057	-0.088
4032.238	-0.088
4032.395	-0.088
4032.578	-0.088
4032.733	-0.088
4032.890	-0.088
4033.072	-0.088
4033.228	-0.088
4033.412	-0.088
4033.567	-0.088
4033.723	-0.088
4033.905	-0.088
4034.062	-0.088
4034.245	-0.088
4034.400	-0.088
4034.557	-0.088
4034.738	-0.088
4034.895	-0.088
4035.078	-0.088
4035.233	-0.088
4035.390	-0.088
4035.572	-0.088
4035.728	-0.088
4035.912	-0.088
4036.067	-0.088
4036.223	-0.088
4036.405	-0.088
4036.562	-0.088
4036.745	-0.088
4036.900	-0.088
4037.057	-0.088
4037.238	-0.088
4037.395	-0.088
4037.578	-0.088
4037.733	-0.088
4037.890	-0.088
4038.072	-0.088
4038.228	-0.088
4038.412	-0.088
4038.567	-0.088
4038.723	-0.088
4038.905	-0.088
4039.062	-0.088
4039.245	-0.088
4039.400	-0.088
4039.557	-0.088
4039.738	-0.088
4039.895	-0.088
4040.078	-0.088
4040.233	-0.088
4040.390	-0.088
4040.572	-0.088
4040.728	-0.088
4040.912	-0.088
4041.067	-0.088
4041.223	-0.088
4041.405	-0.088
4041.562	-0.088
4041.745	-0.088
4041.900	-0.088
4042.057	-0.088
4042.238	-0.088
4042.395	-0.088
4042.578	-0.088
4042.733	-0.088
4042.890	-0.088
4043.072	-0.088
4043.228	-0.088
4043.412	-0.088
4043.567	-0.088
4043.723	-0.088
4043.905	-0.088
4044.062	-0.088
4044.245	-0.088
4044.400	-0.088
4044.557	-0.088
4044.738	-0.088
4044.895	-0.088
4045.078	-0.089
4045.233	-0.088
4045.390	-0.088
4045.572	-0.088
4045.728	-0.088
4045.912	-0.088
4046.067	-0.088
4046.223	-0.088
4046.405	-0.088
4046.562	-0.088
4046.745	-0.088
4046.900	-0.088
4047.057	-0.088
4047.238	-0.088
4047.395	-0.088
4047.578	-0.088
4047.733	-0.088
4047.890	-0.089
4048.072	-0.088
4048.228	-0.088
4048.385	-0.088
4048.567	-0.088
4048.723	-0.088
4048.905	-0.088
4049.062	-0.088
4049.245	-0.088
4049.400	-0.088
4049.557	-0.089
4049.738	-0.088
4049.895	-0.088
4050.052	-0.088
4050.233	-0.088
4050.390	-0.088
4050.572	-0.088
4050.728	-0.088
4050.885	-0.088
4051.067	-0.088
4051.223	-0.089
4051.405	-0.088
4051.562	-0.088
4051.745	-0.088
4051.900	-0.088
4052.057	-0.088
4052.238	-0.088
4052.395	-0.089
4052.578	-0.088
4052.733	-0.088
4052.890	-0.088
4053.072	-0.088
4053.228	-0.088
4053.385	-0.088
4053.567	-0.088
4053.723	-0.088
4053.905	-0.088
4054.062	-0.088
4054.245	-0.088
4054.400	-0.088
4054.557	-0.088
4054.738	-0.088
4054.895	-0.088
4055.052	-0.088
4055.233	-0.088
4055.390	-0.088
4055.572	-0.088
4055.728	-0.088
4055.885	-0.088
4056.067	-0.088
4056.223	-0.088
4056.405	-0.088
4056.562	-0.088
4056.718	-0.088
4056.900	-0.088
4057.057	-0.088
4057.238	-0.088
4057.395	-0.088
4057.552	-0.088
4057.733	-0.088
4057.890	-0.088
4058.072	-0.088
4058.228	-0.088
4058.412	-0.088
4058.567	-0.090
4058.723	-0.089
4058.905	-0.088
4059.062	-0.088
4059.218	-0.089
4059.400	-0.088
4059.557	-0.088
4059.738	-0.088
4059.895	-0.088
4060.052	-0.089
4060.233	-0.088
4060.390	-0.088
4060.572	-0.088
4060.728	-0.088
4060.885	-0.088
4061.067	-0.088
4061.223	-0.088
4061.405	-0.088
4061.562	-0.088
4061.718	-0.088
4061.900	-0.088
4062.057	-0.088
4062.238	-0.088
4062.395	-0.088
4062.552	-0.089
4062.733	-0.088
4062.890	-0.088
4063.072	-0.088
4063.228	-0.088
4063.385	-0.088
4063.567	-0.088
4063.723	-0.089
4063.905	-0.088
4064.062	-0.088
4064.218	-0.088
4064.400	-0.088
4064.557	-0.088
4064.738	-0.088
4064.895	-0.088
4065.078	-0.088
4065.233	-0.088
4065.390	-0.088
4065.572	-0.088
4065.728	-0.088
4065.885	-0.088
4066.067	-0.088
4066.223	-0.088
4066.405	-0.088
4066.562	-0.088
4066.718	-0.088
4066.900	-0.088
4067.057	-0.088
4067.238	-0.088
4067.395	-0.089
4067.552	-0.088
4067.733	-0.088
4067.890	-0.088
4068.072	-0.088
4068.228	-0.088
4068.412	-0.088
4068.567	-0.088
4068.723	-0.088
4068.905	-0.088
4069.062	-0.088
4069.245	-0.088
4069.400	-0.088
4069.557	-0.088
4069.738	-0.088
4069.895	-0.088
4070.052	-0.088
4070.233	-0.088
4070.390	-0.088
4070.572	-0.088
4070.728	-0.088
4070.885	-0.088
4071.067	-0.088
4071.223	-0.088
4071.405	-0.088
4071.562	-0.088
4071.745	-0.088
4071.900	-0.088
4072.057	-0.088
4072.238	-0.088
4072.395	-0.088
4072.578	-0.088
4072.733	-0.088
4072.890	-0.088
4073.072	-0.088
4073.228	-0.088
4073.385	-0.088
4073.567	-0.088
4073.723	-0.088
4073.905	-0.088
4074.062	-0.088
4074.218	-0.088
4074.400	-0.088
4074.557	-0.088
4074.738	-0.088
4074.895	-0.088
4075.078	-0.088
4075.233	-0.088
4075.390	-0.088
4075.572	-0.088
4075.728	-0.088
4075.912	-0.088
4076.067	-0.088
4076.223	-0.088
4076.405	-0.088
4076.562	-0.088
4076.718	-0.088
4076.900	-0.088
4077.057	-0.088
4077.238	-0.088
4077.395	-0.088
4077.552	-0.088
4077.733	-0.088
4077.890	-0.088
4078.072	-0.088
4078.228	-0.088
4078.385	-0.088
4078.567	-0.088
4078.723	-0.088
4078.905	-0.088
4079.062	-0.088
4079.218	-0.088
4079.400	-0.088
4079.557	-0.088
4079.738	-0.088
4079.895	-0.088
4080.052	-0.088
4080.233	-0.088
4080.390	-0.088
4080.572	-0.088
4080.728	-0.088
4080.912	-0.088
4081.067	-0.088
4081.223	-0.088
4081.405	-0.088
4081.562	-0.088
4081.718	-0.088
4081.900	-0.088
4082.057	-0.088
4082.238	-0.088
4082.395	-0.088
4082.578	-0.088
4082.733	-0.088
4082.890	-0.088
4083.072	-0.088
4083.228	-0.088
4083.385	-0.088
4083.567	-0.088
4083.723	-0.088
4083.905	-0.088
4084.062	-0.088
4084.218	-0.088
4084.400	-0.088
4084.557	-0.088
4084.738	-0.088
4084.895	-0.088
4085.052	-0.088
4085.233	-0.088
4085.390	-0.089
4085.572	-0.088
4085.728	-0.088
4085.885	-0.088
4086.067	-0.088
4086.223	-0.088
4086.405	-0.088
4086.562	-0.089
4086.745	-0.088
4086.900	-0.088
4087.057	-0.089
4087.238	-0.088
4087.395	-0.088
4087.578	-0.088
4087.733	-0.088
4087.890	-0.088
4088.072	-0.089
4088.228	-0.089
4088.385	-0.089
4088.567	-0.088
4088.723	-0.088
4088.905	-0.088
4089.062	-0.088
4089.218	-0.088
4089.400	-0.088
4089.557	-0.088
4089.738	-0.088
4089.895	-0.088
4090.052	-0.088
4090.233	-0.088
4090.390	-0.088
4090.572	-0.088
4090.728	-0.088
4090.885	-0.088
4091.067	-0.088
4091.223	-0.088
4091.405	-0.089
4091.562	-0.088
4091.718	-0.088
4091.900	-0.088
4092.057	-0.088
4092.238	-0.088
4092.395	-0.088
4092.552	-0.088
4092.733	-0.088
4092.890	-0.088
4093.072	-0.088
4093.228	-0.088
4093.385	-0.088
4093.567	-0.088
4093.723	-0.088
4093.905	-0.089
4094.062	-0.088
4094.218	-0.089
4094.400	-0.088
4094.557	-0.088
4094.738	-0.088
4094.895	-0.088
4095.052	-0.088
4095.233	-0.088
4095.390	-0.088
4095.572	-0.088
4095.728	-0.088
4095.885	-0.088
4096.067	-0.088
4096.223	-0.088
4096.405	-0.088
4096.562	-0.088
4096.718	-0.088
4096.900	-0.088
4097.057	-0.088
4097.238	-0.088
4097.395	-0.088
4097.552	-0.088
4097.733	-0.088
4097.890	-0.088
4098.072	-0.088
4098.229	-0.088
4098.385	-0.088
4098.567	-0.088
4098.723	-0.088
4098.905	-0.088
4099.062	-0.088
4099.218	-0.088
4099.400	-0.088
4099.557	-0.088
4099.738	-0.088
4099.895	-0.088
4100.052	-0.089
4100.233	-0.088
4100.390	-0.088
4100.572	-0.088
4100.729	-0.088
4100.885	-0.088
4101.067	-0.088
4101.223	-0.088
4101.405	-0.088
4101.562	-0.088
4101.718	-0.088
4101.900	-0.088
4102.057	-0.088
4102.238	-0.088
4102.395	-0.088
4102.552	-0.088
4102.733	-0.088
4102.890	-0.088
4103.072	-0.088
4103.229	-0.088
4103.385	-0.088
4103.567	-0.088
4103.723	-0.088
4103.905	-0.088
4104.062	-0.088
4104.218	-0.088
4104.400	-0.088
4104.557	-0.088
4104.738	-0.088
4104.895	-0.088
4105.052	-0.088
4105.233	-0.088
4105.390	-0.088
4105.572	-0.088
4105.729	-0.088
4105.885	-0.088
4106.067	-0.088
4106.223	-0.088
4106.405	-0.088
4106.562	-0.088
4106.718	-0.088
4106.900	-0.088
4107.057	-0.088
4107.238	-0.088
4107.395	-0.088
4107.552	-0.088
4107.733	-0.088
4107.890	-0.088
4108.072	-0.088
4108.229	-0.088
4108.385	-0.088
4108.567	-0.088
4108.723	-0.088
4108.905	-0.088
4109.062	-0.088
4109.218	-0.088
4109.400	-0.088
4109.557	-0.088
4109.738	-0.088
4109.895	-0.088
4110.052	-0.088
4110.233	-0.088
4110.390	-0.088
4110.572	-0.088
4110.729	-0.088
4110.885	-0.088
4111.067	-0.088
4111.223	-0.088
4111.405	-0.088
4111.562	-0.088
4111.718	-0.088
4111.900	-0.088
4112.057	-0.088
4112.238	-0.088
4112.395	-0.088
4112.552	-0.088
4112.733	-0.088
4112.890	-0.088
4113.072	-0.088
4113.229	-0.088
4113.385	-0.088
4113.567	-0.088
4113.723	-0.088
4113.905	-0.088
4114.062	-0.088
4114.218	-0.088
4114.400	-0.088
4114.557	-0.088
4114.738	-0.088
4114.895	-0.088
4115.052	-0.088
4115.233	-0.088
4115.390	-0.088
4115.572	-0.088
4115.729	-0.088
4115.885	-0.088
4116.067	-0.088
4116.223	-0.088
4116.405	-0.088
4116.562	-0.088
4116.718	-0.088
4116.900	-0.088
4117.057	-0.088
4117.238	-0.088
4117.395	-0.088
4117.552	-0.088
4117.733	-0.088
4117.890	-0.088
4118.072	-0.088
4118.229	-0.088
4118.385	-0.088
4118.567	-0.088
4118.723	-0.088
4118.905	-0.088
4119.062	-0.088
4119.218	-0.088
4119.400	-0.088
4119.557	-0.088
4119.738	-0.088
4119.895	-0.088
4120.052	-0.088
4120.233	-0.088
4120.390	-0.088
4120.572	-0.088
4120.729	-0.088
4120.885	-0.088
4121.067	-0.088
4121.223	-0.088
4121.405	-0.088
4121.562	-0.088
4121.718	-0.088
4121.900	-0.088
4122.057	-0.088
4122.238	-0.088
4122.395	-0.088
4122.552	-0.088
4122.733	-0.088
4122.890	-0.088
4123.072	-0.089
4123.229	-0.088
4123.385	-0.088
4123.567	-0.088
4123.723	-0.088
4123.905	-0.088
4124.062	-0.088
4124.218	-0.088
4124.400	-0.088
4124.557	-0.088
4124.738	-0.088
4124.895	-0.088
4125.052	-0.088
4125.233	-0.088
4125.390	-0.088
4125.572	-0.088
4125.729	-0.088
4125.885	-0.088
4126.067	-0.088
4126.223	-0.088
4126.405	-0.088
4126.562	-0.088
4126.718	-0.088
4126.900	-0.088
4127.057	-0.088
4127.238	-0.088
4127.395	-0.088
4127.552	-0.088
4127.733	-0.088
4127.890	-0.088
4128.072	-0.088
4128.229	-0.089
4128.385	-0.088
4128.567	-0.088
4128.723	-0.088
4128.905	-0.088
4129.062	-0.088
4129.218	-0.088
4129.400	-0.088
4129.557	-0.088
4129.738	-0.088
4129.895	-0.088
4130.052	-0.088
4130.233	-0.088
4130.390	-0.088
4130.572	-0.088
4130.729	-0.088
4130.885	-0.088
4131.067	-0.088
4131.223	-0.088
4131.405	-0.088
4131.562	-0.088
4131.718	-0.088
4131.900	-0.088
4132.057	-0.088
4132.238	-0.088
4132.395	-0.088
4132.552	-0.088
4132.733	-0.088
4132.890	-0.088
4133.072	-0.089
4133.229	-0.088
4133.385	-0.088
4133.567	-0.088
4133.723	-0.088
4133.905	-0.088
4134.062	-0.088
4134.218	-0.088
4134.400	-0.088
4134.557	-0.088
4134.738	-0.088
4134.895	-0.088
4135.052	-0.089
4135.233	-0.088
4135.390	-0.088
4135.572	-0.088
4135.729	-0.088
4135.885	-0.088
4136.067	-0.088
4136.223	-0.088
4136.405	-0.088
4136.562	-0.088
4136.718	-0.088
4136.900	-0.088
4137.057	-0.088
4137.238	-0.088
4137.395	-0.088
4137.552	-0.088
4137.733	-0.088
4137.890	-0.088
4138.072	-0.088
4138.229	-0.088
4138.385	-0.088
4138.567	-0.088
4138.723	-0.088
4138.905	-0.088
4139.062	-0.088
4139.218	-0.088
4139.400	-0.088
4139.557	-0.088
4139.713	-0.088
4139.895	-0.088
4140.052	-0.088
4140.233	-0.088
4140.390	-0.088
4140.547	-0.088
4140.729	-0.088
4140.885	-0.088
4141.067	-0.088
4141.223	-0.088
4141.405	-0.088
4141.562	-0.088
4141.718	-0.088
4141.900	-0.088
4142.057	-0.088
4142.213	-0.088
4142.395	-0.088
4142.552	-0.088
4142.733	-0.088
4142.890	-0.089
4143.047	-0.088
4143.229	-0.088
4143.385	-0.088
4143.567	-0.088
4143.723	-0.088
4143.880	-0.088
4144.062	-0.088
4144.218	-0.088
4144.400	-0.088
4144.557	-0.088
4144.713	-0.088
4144.895	-0.088
4145.052	-0.088
4145.233	-0.088
4145.390	-0.088
4145.547	-0.088
4145.729	-0.088
4145.885	-0.088
4146.067	-0.088
4146.223	-0.088
4146.380	-0.088
4146.562	-0.088
4146.718	-0.088
4146.900	-0.088
4147.057	-0.088
4147.213	-0.088
4147.395	-0.088
4147.552	-0.088
4147.733	-0.088
4147.890	-0.088
4148.072	-0.088
4148.229	-0.088
4148.385	-0.088
4148.567	-0.088
4148.723	-0.088
4148.905	-0.088
4149.062	-0.088
4149.218	-0.088
4149.400	-0.088
4149.557	-0.088
4149.738	-0.088
4149.895	-0.088
4150.052	-0.088
4150.233	-0.088
4150.390	-0.088
4150.572	-0.088
4150.729	-0.088
4150.885	-0.088
4151.067	-0.088
4151.223	-0.088
4151.380	-0.088
4151.562	-0.088
4151.718	-0.088
4151.900	-0.088
4152.057	-0.088
4152.213	-0.088
4152.395	-0.088
4152.552	-0.086
4152.733	-0.086
4152.890	-0.087
4153.072	-0.083
4153.229	-0.083
4153.385	-0.083
4153.567	-0.083
4153.723	-0.083
4153.880	-0.083
4154.062	-0.080
4154.218	-0.078
4154.400	-0.078
4154.557	-0.078
4154.713	-0.078
4154.895	-0.078
4155.052	-0.077
4155.233	-0.076
4155.390	-0.073
4155.572	-0.072
4155.729	-0.069
4155.885	-0.068
4156.067	-0.066
4156.223	-0.063
4156.380	-0.063
4156.562	-0.060
4156.718	-0.058
4156.900	-0.055
4157.057	-0.053
4157.238	-0.050
4157.395	-0.047
4157.552	-0.045
4157.733	-0.040
4157.890	-0.037
4158.072	-0.033
4158.229	-0.032
4158.385	-0.026
4158.567	-0.020
4158.723	-0.014
4158.880	-0.006
4159.062	0.000
4159.218	0.003
4159.400	0.010
4159.557	0.016
4159.713	0.022
4159.895	0.026
4160.052	0.030
4160.233	0.035
4160.390	0.039
4160.572	0.046
4160.729	0.053
4160.885	0.063
4161.067	0.070
4161.223	0.076
4161.380	0.080
4161.562	0.084
4161.718	0.087
4161.900	0.093
4162.057	0.100
4162.238	0.104
4162.395	0.112
4162.552	0.119
4162.733	0.124
4162.890	0.130
4163.072	0.136
4163.229	0.141
4163.385	0.146
4163.567	0.150
4163.723	0.157
4163.880	0.161
4164.062	0.166
4164.218	0.168
4164.400	0.172
4164.557	0.172
4164.738	0.177
4164.895	0.177
4165.052	0.179
4165.233	0.180
4165.390	0.182
4165.547	0.182
4165.729	0.182
4165.885	0.182
4166.067	0.183
4166.223	0.185
4166.380	0.186
4166.562	0.182
4166.718	0.182
4166.900	0.181
4167.057	0.178
4167.213	0.174
4167.395	0.172
4167.552	0.168
4167.733	0.166
4167.890	0.166
4168.072	0.163
4168.229	0.161
4168.385	0.157
4168.567	0.152
4168.723	0.147
4168.905	0.142
4169.062	0.136
4169.218	0.129
4169.400	0.122
4169.557	0.113
4169.713	0.105
4169.895	0.101
4170.052	0.095
4170.233	0.088
4170.390	0.082
4170.572	0.076
4170.729	0.068
4170.885	0.061
4171.067	0.050
4171.223	0.042
4171.380	0.034
4171.562	0.025
4171.718	0.019
4171.900	0.014
4172.057	0.012
4172.238	0.008
4172.395	0.005
4172.552	0.003
4172.733	0.000
4172.890	-0.003
4173.047	-0.007
4173.229	-0.009
4173.385	-0.012
4173.567	-0.014
4173.723	-0.018
4173.905	-0.024
4174.062	-0.030
4174.218	-0.036
4174.400	-0.039
4174.557	-0.044
4174.713	-0.048
4174.895	-0.054
4175.052	-0.058
4175.233	-0.060
4175.390	-0.063
4175.572	-0.064
4175.729	-0.066
4175.885	-0.068
4176.067	-0.071
4176.223	-0.073
4176.380	-0.074
4176.562	-0.077
4176.718	-0.078
4176.900	-0.078
4177.057	-0.081
4177.213	-0.083
4177.395	-0.083
4177.552	-0.083
4177.733	-0.083
4177.890	-0.083
4178.047	-0.084
4178.229	-0.088
4178.385	-0.088
4178.567	-0.088
4178.723	-0.088
4178.880	-0.088
4179.062	-0.088
4179.218	-0.088
4179.400	-0.088
4179.557	-0.088
4179.713	-0.088
4179.895	-0.088
4180.052	-0.088
4180.233	-0.088
4180.390	-0.088
4180.547	-0.088
4180.729	-0.088
4180.885	-0.088
4181.067	-0.088
4181.223	-0.088
4181.380	-0.088
4181.562	-0.088
4181.718	-0.088
4181.900	-0.088
4182.057	-0.088
4182.213	-0.088
4182.395	-0.088
4182.552	-0.088
4182.733	-0.088
4182.890	-0.088
4183.047	-0.088
4183.229	-0.088
4183.385	-0.088
4183.567	-0.088
4183.723	-0.088
4183.880	-0.088
4184.062	-0.088
4184.218	-0.088
4184.400	-0.088
4184.557	-0.088
4184.713	-0.088
4184.895	-0.088
4185.052	-0.088
4185.233	-0.088
4185.390	-0.088
4185.547	-0.088
4185.729	-0.088
4185.885	-0.088
4186.067	-0.086
4186.223	-0.087
4186.380	-0.086
4186.562	-0.085
4186.718	-0.083
4186.900	-0.083
4187.057	-0.083
4187.213	-0.083
4187.395	-0.083
4187.552	-0.083
4187.733	-0.083
4187.890	-0.083
4188.047	-0.083
4188.229	-0.082
4188.385	-0.083
4188.567	-0.081
4188.723	-0.080
4188.880	-0.079
4189.062	-0.078
4189.218	-0.079
4189.400	-0.078
4189.557	-0.078
4189.713	-0.078
4189.895	-0.078
4190.052	-0.078
4190.233	-0.078
4190.390	-0.078
4190.547	-0.077
4190.729	-0.078
4190.885	-0.076
4191.067	-0.076
4191.223	-0.073
4191.380	-0.074
4191.562	-0.073
4191.718	-0.073
4191.900	-0.073
4192.057	-0.073
4192.213	-0.073
4192.395	-0.073
4192.552	-0.073
4192.733	-0.073
4192.890	-0.073
4193.047	-0.071
4193.229	-0.071
4193.385	-0.070
4193.567	-0.072
4193.723	-0.070
4193.880	-0.068
4194.062	-0.070
4194.218	-0.069
4194.400	-0.068
4194.557	-0.068
4194.713	-0.071
4194.895	-0.068
4195.052	-0.071
4195.233	-0.070
4195.390	-0.069
4195.547	-0.069
4195.729	-0.069
4195.885	-0.071
4196.067	-0.071
4196.223	-0.071
4196.380	-0.073
4196.562	-0.073
4196.718	-0.073
4196.900	-0.073
4197.057	-0.073
4197.213	-0.073
4197.395	-0.073
4197.552	-0.073
4197.733	-0.073
4197.890	-0.073
4198.047	-0.074
4198.229	-0.075
4198.385	-0.077
4198.567	-0.077
4198.723	-0.077
4198.880	-0.078
4199.062	-0.078
4199.218	-0.078
4199.400	-0.078
4199.557	-0.078
4199.713	-0.078
4199.895	-0.078
4200.052	-0.078
4200.233	-0.078
4200.390	-0.079
4200.547	-0.080
4200.729	-0.081
4200.885	-0.082
4201.067	-0.083
4201.223	-0.083
4201.380	-0.083
4201.562	-0.083
4201.718	-0.083
4201.900	-0.084
4202.057	-0.083
4202.213	-0.087
4202.395	-0.086
4202.552	-0.088
4202.733	-0.088
4202.890	-0.088
4203.072	-0.088
4203.229	-0.088
4203.385	-0.088
4203.567	-0.088
4203.723	-0.088
4203.880	-0.088
4204.062	-0.088
4204.218	-0.088
4204.400	-0.088
4204.557	-0.088
4204.713	-0.088
4204.895	-0.088
4205.052	-0.088
4205.233	-0.088
4205.390	-0.088
4205.547	-0.088
4205.729	-0.088
4205.885	-0.088
4206.067	-0.088
4206.223	-0.088
4206.405	-0.088
4206.562	-0.088
4206.718	-0.088
4206.900	-0.088
4207.057	-0.088
4207.213	-0.088
4207.395	-0.088
4207.552	-0.088
4207.733	-0.088
4207.890	-0.088
4208.047	-0.088
4208.229	-0.088
4208.385	-0.088
4208.567	-0.088
4208.723	-0.088
4208.880	-0.088
4209.062	-0.088
4209.218	-0.088
4209.400	-0.089
4209.557	-0.088
4209.713	-0.088
4209.895	-0.088
4210.052	-0.088
4210.233	-0.088
4210.390	-0.088
4210.547	-0.088
4210.729	-0.088
4210.885	-0.088
4211.067	-0.088
4211.223	-0.088
4211.380	-0.088
4211.562	-0.088
4211.718	-0.088
4211.900	-0.088
4212.057	-0.088
4212.213	-0.088
4212.395	-0.088
4212.552	-0.088
4212.733	-0.088
4212.890	-0.088
4213.047	-0.088
4213.229	-0.088
4213.385	-0.088
4213.567	-0.088
4213.723	-0.088
4213.880	-0.088
4214.062	-0.088
4214.218	-0.088
4214.400	-0.088
4214.557	-0.088
4214.713	-0.088
4214.895	-0.089
4215.052	-0.088
4215.233	-0.088
4215.390	-0.088
4215.547	-0.088
4215.729	-0.088
4215.885	-0.088
4216.067	-0.088
4216.223	-0.088
4216.380	-0.088
4216.562	-0.088
4216.718	-0.088
4216.900	-0.088
4217.057	-0.088
4217.213	-0.088
4217.395	-0.088
4217.552	-0.088
4217.733	-0.088
4217.890	-0.088
4218.047	-0.088
4218.229	-0.088
4218.385	-0.088
4218.567	-0.088
4218.723	-0.088
4218.880	-0.088
4219.062	-0.088
4219.218	-0.088
4219.400	-0.088
4219.557	-0.088
4219.713	-0.088
4219.895	-0.088
4220.052	-0.088
4220.233	-0.088
4220.390	-0.088
4220.547	-0.088
4220.729	-0.088
4220.885	-0.088
4221.067	-0.088
4221.223	-0.088
4221.380	-0.088
4221.562	-0.088
4221.718	-0.088
4221.900	-0.088
4222.057	-0.088
4222.213	-0.088
4222.395	-0.088
4222.552	-0.088
4222.733	-0.088
4222.890	-0.088
4223.047	-0.088
4223.229	-0.088
4223.385	-0.088
4223.567	-0.088
4223.723	-0.088
4223.880	-0.088
4224.062	-0.089
4224.218	-0.088
4224.400	-0.088
4224.557	-0.088
4224.713	-0.088
4224.895	-0.088
4225.052	-0.089
4225.233	-0.088
4225.390	-0.088
4225.547	-0.088
4225.729	-0.088
4225.885	-0.088
4226.067	-0.088
4226.223	-0.088
4226.380	-0.088
4226.562	-0.088
4226.718	-0.088
4226.900	-0.088
4227.057	-0.088
4227.213	-0.088
4227.395	-0.088
4227.552	-0.088
4227.733	-0.088
4227.890	-0.088
4228.047	-0.088
4228.229	-0.088
4228.385	-0.088
4228.567	-0.088
4228.723	-0.088
4228.880	-0.088
4229.062	-0.088
4229.218	-0.088
4229.400	-0.088
4229.557	-0.088
4229.713	-0.088
4229.895	-0.088
4230.052	-0.088
4230.233	-0.088
4230.390	-0.088
4230.547	-0.088
4230.729	-0.088
4230.885	-0.088
4231.067	-0.088
4231.223	-0.088
4231.380	-0.088
4231.562	-0.088
4231.718	-0.088
4231.900	-0.088
4232.057	-0.088
4232.213	-0.088
4232.395	-0.088
4232.552	-0.088
4232.733	-0.088
4232.890	-0.088
4233.047	-0.088
4233.229	-0.088
4233.385	-0.088
4233.567	-0.088
4233.723	-0.088
4233.880	-0.088
4234.062	-0.088
4234.218	-0.088
4234.400	-0.088
4234.557	-0.088
4234.713	-0.088
4234.895	-0.088
4235.052	-0.088
4235.233	-0.088
4235.390	-0.088
4235.547	-0.088
4235.729	-0.088
4235.885	-0.088
4236.067	-0.088
4236.223	-0.088
4236.380	-0.088
4236.562	-0.088
4236.718	-0.088
4236.900	-0.088
4237.057	-0.088
4237.213	-0.088
4237.395	-0.088
4237.552	-0.088
4237.733	-0.088
4237.890	-0.088
4238.047	-0.088
4238.229	-0.088
4238.385	-0.088
4238.567	-0.088
4238.723	-0.088
4238.880	-0.088
4239.062	-0.088
4239.218	-0.088
4239.400	-0.088
4239.557	-0.088
4239.713	-0.088
4239.895	-0.088
4240.052	-0.088
4240.233	-0.088
4240.390	-0.088
4240.547	-0.088
4240.729	-0.088
4240.885	-0.088
4241.067	-0.088
4241.223	-0.088
4241.380	-0.088
4241.562	-0.088
4241.718	-0.088
4241.900	-0.088
4242.057	-0.088
4242.213	-0.088
4242.395	-0.088
4242.552	-0.088
4242.733	-0.088
4242.890	-0.088
4243.047	-0.088
4243.229	-0.088
4243.385	-0.088
4243.567	-0.088
4243.723	-0.088
4243.880	-0.088
4244.062	-0.088
4244.218	-0.089
4244.400	-0.088
4244.557	-0.088
4244.713	-0.088
4244.895	-0.088
4245.052	-0.088
4245.233	-0.088
4245.390	-0.088
4245.547	-0.088
4245.729	-0.088
4245.885	-0.088
4246.067	-0.088
4246.223	-0.088
4246.380	-0.088
4246.562	-0.089
4246.718	-0.088
4246.900	-0.088
4247.057	-0.088
4247.213	-0.088
4247.395	-0.088
4247.552	-0.088
4247.733	-0.089
4247.890	-0.088
4248.047	-0.088
4248.229	-0.088
4248.385	-0.088
4248.567	-0.088
4248.723	-0.088
4248.880	-0.088
4249.062	-0.088
4249.218	-0.088
4249.400	-0.088
4249.557	-0.088
4249.713	-0.088
4249.895	-0.088
4250.052	-0.089
4250.233	-0.089
4250.390	-0.089
4250.547	-0.088
4250.729	-0.088
4250.885	-0.088
4251.067	-0.088
4251.223	-0.088
4251.380	-0.088
4251.562	-0.088
4251.718	-0.089
4251.900	-0.088
4252.057	-0.088
4252.213	-0.088
4252.395	-0.088
4252.552	-0.088
4252.733	-0.088
4252.890	-0.088
4253.047	-0.088
4253.229	-0.088
4253.385	-0.088
4253.567	-0.088
4253.723	-0.088
4253.880	-0.088
4254.062	-0.088
4254.218	-0.088
4254.400	-0.088
4254.557	-0.088
4254.713	-0.089
4254.895	-0.088
4255.052	-0.088
4255.233	-0.088
4255.390	-0.088
4255.547	-0.088
4255.729	-0.088
4255.885	-0.088
4256.067	-0.088
4256.223	-0.088
4256.380	-0.088
4256.562	-0.088
4256.718	-0.088
4256.900	-0.088
4257.057	-0.088
4257.213	-0.088
4257.395	-0.089
4257.552	-0.088
4257.733	-0.088
4257.890	-0.088
4258.047	-0.088
4258.229	-0.088
4258.385	-0.088
4258.567	-0.089
4258.723	-0.088
4258.880	-0.088
4259.062	-0.088
4259.218	-0.088
4259.375	-0.088
4259.557	-0.088
4259.713	-0.088
4259.895	-0.088
4260.052	-0.088
4260.233	-0.088
4260.390	-0.088
4260.547	-0.088
4260.729	-0.088
4260.885	-0.088
4261.042	-0.088
4261.223	-0.088
4261.380	-0.088
4261.562	-0.088
4261.718	-0.088
4261.900	-0.088
4262.057	-0.088
4262.213	-0.088
4262.395	-0.088
4262.552	-0.088
4262.708	-0.088
4262.890	-0.088
4263.047	-0.088
4263.229	-0.088
4263.385	-0.088
4263.542	-0.088
4263.723	-0.088
4263.880	-0.088
4264.062	-0.088
4264.218	-0.088
4264.375	-0.088
4264.557	-0.088
4264.713	-0.087
4264.895	-0.088
4265.052	-0.088
4265.208	-0.087
4265.390	-0.088
4265.547	-0.086
4265.729	-0.087
4265.885	-0.087
4266.067	-0.087
4266.223	-0.088
4266.380	-0.085
4266.562	-0.084
4266.718	-0.085
4266.875	-0.084
4267.057	-0.084
4267.213	-0.084
4267.395	-0.086
4267.552	-0.086
4267.733	-0.087
4267.890	-0.083
4268.047	-0.084
4268.229	-0.084
4268.385	-0.083
4268.542	-0.083
4268.723	-0.083
4268.880	-0.084
4269.062	-0.084
4269.218	-0.083
4269.375	-0.083
4269.557	-0.083
4269.713	-0.085
4269.895	-0.083
4270.052	-0.084
4270.208	-0.083
4270.390	-0.083
4270.547	-0.083
4270.729	-0.083
4270.885	-0.083
4271.067	-0.083
4271.223	-0.083
4271.380	-0.083
4271.562	-0.083
4271.718	-0.084
4271.875	-0.084
4272.057	-0.085
4272.213	-0.084
4272.395	-0.084
4272.552	-0.084
4272.708	-0.085
4272.890	-0.087
4273.047	-0.086
4273.229	-0.085
4273.385	-0.086
4273.542	-0.086
4273.723	-0.086
4273.880	-0.088
4274.062	-0.087
4274.218	-0.088
4274.375	-0.088
4274.557	-0.088
4274.713	-0.088
4274.895	-0.088
4275.052	-0.088
4275.208	-0.088
4275.390	-0.087
4275.547	-0.088
4275.729	-0.088
4275.885	-0.088
4276.042	-0.088
4276.223	-0.088
4276.380	-0.088
4276.562	-0.088
4276.718	-0.088
4276.900	-0.088
4277.057	-0.088
4277.213	-0.088
4277.395	-0.088
4277.552	-0.088
4277.708	-0.088
4277.890	-0.088
4278.047	-0.088
4278.229	-0.088
4278.385	-0.088
4278.542	-0.088
4278.723	-0.088
4278.880	-0.088
4279.062	-0.088
4279.218	-0.088
4279.375	-0.088
4279.557	-0.088
4279.713	-0.088
4279.895	-0.088
4280.052	-0.088
4280.208	-0.088
4280.390	-0.088
4280.547	-0.089
4280.729	-0.088
4280.885	-0.088
4281.042	-0.088
4281.223	-0.088
4281.380	-0.088
4281.562	-0.088
4281.718	-0.088
4281.875	-0.088
4282.057	-0.088
4282.213	-0.088
4282.395	-0.088
4282.552	-0.088
4282.708	-0.088
4282.890	-0.088
4283.047	-0.088
4283.229	-0.088
4283.385	-0.088
4283.542	-0.088
4283.723	-0.088
4283.880	-0.088
4284.062	-0.088
4284.218	-0.088
4284.375	-0.088
4284.557	-0.088
4284.713	-0.088
4284.895	-0.088
4285.052	-0.088
4285.208	-0.088
4285.390	-0.088
4285.547	-0.088
4285.729	-0.088
4285.885	-0.088
4286.042	-0.088
4286.223	-0.088
4286.380	-0.088
4286.562	-0.088
4286.718	-0.088
4286.875	-0.088
4287.057	-0.088
4287.213	-0.088
4287.395	-0.088
4287.552	-0.088
4287.708	-0.088
4287.890	-0.088
4288.047	-0.088
4288.229	-0.088
4288.385	-0.088
4288.567	-0.088
4288.723	-0.088
4288.880	-0.088
4289.062	-0.088
4289.218	-0.088
4289.375	-0.088
4289.557	-0.088
4289.713	-0.088
4289.895	-0.088
4290.052	-0.088
4290.208	-0.088
4290.390	-0.088
4290.547	-0.088
4290.729	-0.088
4290.885	-0.088
4291.042	-0.088
4291.223	-0.088
4291.380	-0.088
4291.562	-0.088
4291.718	-0.088
4291.875	-0.088
4292.057	-0.088
4292.213	-0.088
4292.395	-0.088
4292.552	-0.088
4292.708	-0.088
4292.890	-0.088
4293.047	-0.088
4293.229	-0.088
4293.385	-0.088
4293.567	-0.088
4293.723	-0.088
4293.880	-0.088
4294.062	-0.088
4294.218	-0.088
4294.375	-0.088
4294.557	-0.088
4294.713	-0.088
4294.895	-0.088
4295.052	-0.088
4295.233	-0.088
4295.390	-0.088
4295.547	-0.088
4295.729	-0.088
4295.885	-0.088
4296.042	-0.088
4296.223	-0.088
4296.380	-0.088
4296.562	-0.088
4296.718	-0.088
4296.875	-0.088
4297.057	-0.088
4297.213	-0.088
4297.395	-0.088
4297.552	-0.088
4297.708	-0.088
4297.890	-0.088
4298.047	-0.088
4298.229	-0.088
4298.385	-0.088
4298.542	-0.088
4298.723	-0.088
4298.880	-0.088
4299.062	-0.088
4299.218	-0.088
4299.375	-0.088
4299.557	-0.088
4299.713	-0.088
4299.895	-0.088
4300.052	-0.088
4300.208	-0.088
4300.390	-0.088
4300.547	-0.087
4300.729	-0.087
4300.885	-0.085
4301.067	-0.088
4301.223	-0.087
4301.380	-0.087
4301.562	-0.085
4301.718	-0.087
4301.875	-0.086
4302.057	-0.085
4302.213	-0.085
4302.395	-0.086
4302.552	-0.085
4302.733	-0.085
4302.890	-0.084
4303.047	-0.083
4303.229	-0.084
4303.385	-0.084
4303.542	-0.083
4303.723	-0.083
4303.880	-0.083
4304.062	-0.083
4304.218	-0.084
4304.375	-0.083
4304.557	-0.084
4304.713	-0.083
4304.895	-0.083
4305.052	-0.083
4305.208	-0.084
4305.390	-0.083
4305.547	-0.083
4305.729	-0.083
4305.885	-0.083
4306.042	-0.083
4306.223	-0.083
4306.380	-0.083
4306.562	-0.083
4306.718	-0.083
4306.875	-0.083
4307.057	-0.083
4307.213	-0.083
4307.395	-0.083
4307.552	-0.083
4307.708	-0.083
4307.890	-0.084
4308.047	-0.083
4308.229	-0.083
4308.385	-0.084
4308.542	-0.083
4308.723	-0.083
4308.880	-0.083
4309.062	-0.083
4309.218	-0.084
4309.375	-0.084
4309.557	-0.084
4309.713	-0.085
4309.895	-0.084
4310.052	-0.083
4310.208	-0.084
4310.390	-0.083
4310.547	-0.085
4310.703	-0.085
4310.885	-0.085
4311.042	-0.085
4311.223	-0.087
4311.380	-0.086
4311.562	-0.087
4311.718	-0.087
4311.875	-0.088
4312.057	-0.088
4312.213	-0.088
4312.395	-0.088
4312.552	-0.088
4312.708	-0.088
4312.890	-0.088
4313.047	-0.088
4313.229	-0.088
4313.385	-0.088
4313.542	-0.088
4313.723	-0.088
4313.880	-0.088
4314.062	-0.088
4314.218	-0.088
4314.375	-0.088
4314.557	-0.088
4314.713	-0.088
4314.895	-0.088
4315.052	-0.088
4315.208	-0.088
4315.390	-0.088
4315.547	-0.088
4315.729	-0.088
4315.885	-0.088
4316.042	-0.088
4316.223	-0.088
4316.380	-0.088
4316.562	-0.088
4316.718	-0.088
4316.875	-0.088
4317.057	-0.088
4317.213	-0.088
4317.395	-0.088
4317.552	-0.088
4317.708	-0.088
4317.890	-0.089
4318.047	-0.088
4318.229	-0.089
4318.385	-0.088
4318.542	-0.088
4318.723	-0.088
4318.880	-0.088
4319.062	-0.088
4319.218	-0.088
4319.375	-0.088
4319.557	-0.088
4319.713	-0.089
4319.895	-0.088
4320.052	-0.088
4320.208	-0.088
4320.390	-0.088
4320.547	-0.088
4320.729	-0.088
4320.885	-0.088
4321.042	-0.088
4321.223	-0.088
4321.380	-0.088
4321.562	-0.088
4321.718	-0.088
4321.875	-0.089
4322.057	-0.088
4322.213	-0.088
4322.395	-0.088
4322.552	-0.088
4322.708	-0.088
4322.890	-0.088
4323.047	-0.088
4323.229	-0.088
4323.385	-0.088
4323.542	-0.088
4323.723	-0.088
4323.880	-0.088
4324.062	-0.088
4324.218	-0.088
4324.375	-0.088
4324.557	-0.088
4324.713	-0.088
4324.895	-0.088
4325.052	-0.088
4325.208	-0.088
4325.390	-0.088
4325.547	-0.088
4325.729	-0.089
4325.885	-0.088
4326.042	-0.088
4326.223	-0.088
4326.380	-0.088
4326.562	-0.088
4326.718	-0.088
4326.875	-0.088
4327.057	-0.088
4327.213	-0.088
4327.395	-0.088
4327.552	-0.088
4327.708	-0.088
4327.890	-0.089
4328.047	-0.088
4328.229	-0.088
4328.385	-0.088
4328.542	-0.088
4328.723	-0.088
4328.880	-0.088
4329.062	-0.089
4329.218	-0.088
4329.375	-0.088
4329.557	-0.088
4329.713	-0.088
4329.895	-0.088
4330.052	-0.088
4330.208	-0.088
4330.390	-0.088
4330.547	-0.088
4330.729	-0.088
4330.885	-0.088
4331.042	-0.088
4331.223	-0.088
4331.380	-0.088
4331.562	-0.088
4331.718	-0.088
4331.875	-0.088
4332.057	-0.088
4332.213	-0.088
4332.395	-0.088
4332.552	-0.088
4332.708	-0.088
4332.890	-0.088
4333.047	-0.088
4333.229	-0.088
4333.385	-0.089
4333.542	-0.089
4333.723	-0.088
4333.880	-0.088
4334.062	-0.088
4334.218	-0.088
4334.375	-0.088
4334.557	-0.088
4334.713	-0.088
4334.895	-0.088
4335.052	-0.088
4335.208	-0.088
4335.390	-0.088
4335.547	-0.088
4335.729	-0.088
4335.885	-0.088
4336.042	-0.088
4336.223	-0.088
4336.380	-0.088
4336.562	-0.088
4336.718	-0.088
4336.875	-0.088
4337.057	-0.088
4337.213	-0.088
4337.395	-0.088
4337.552	-0.088
4337.708	-0.088
4337.890	-0.088
4338.047	-0.088
4338.229	-0.088
4338.385	-0.089
4338.542	-0.088
4338.723	-0.088
4338.880	-0.088
4339.062	-0.088
4339.218	-0.088
4339.375	-0.088
4339.557	-0.088
4339.713	-0.088
4339.895	-0.088
4340.052	-0.088
4340.208	-0.088
4340.390	-0.088
4340.547	-0.088
4340.729	-0.088
4340.885	-0.088
4341.042	-0.088
4341.223	-0.088
4341.380	-0.088
4341.562	-0.088
4341.718	-0.088
4341.875	-0.088
4342.057	-0.088
4342.213	-0.088
4342.395	-0.088
4342.552	-0.088
4342.708	-0.088
4342.890	-0.088
4343.047	-0.088
4343.229	-0.088
4343.385	-0.088
4343.542	-0.088
4343.723	-0.088
4343.880	-0.088
4344.062	-0.088
4344.218	-0.088
4344.375	-0.088
4344.557	-0.088
4344.713	-0.088
4344.895	-0.089
4345.052	-0.088
4345.208	-0.088
4345.390	-0.088
4345.547	-0.088
4345.729	-0.088
4345.885	-0.088
4346.042	-0.088
4346.223	-0.088
4346.380	-0.088
4346.562	-0.088
4346.718	-0.088
4346.875	-0.088
4347.057	-0.088
4347.213	-0.088
4347.395	-0.088
4347.552	-0.088
4347.708	-0.088
4347.890	-0.088
4348.047	-0.088
4348.229	-0.088
4348.385	-0.088
4348.542	-0.088
4348.723	-0.088
4348.880	-0.088
4349.062	-0.088
4349.218	-0.088
4349.375	-0.088
4349.557	-0.088
4349.713	-0.088
4349.895	-0.088
4350.052	-0.088
4350.208	-0.089
4350.390	-0.088
4350.547	-0.088
4350.729	-0.088
4350.885	-0.088
4351.042	-0.088
4351.223	-0.088
4351.380	-0.088
4351.562	-0.088
4351.718	-0.088
4351.875	-0.088
4352.057	-0.088
4352.213	-0.088
4352.395	-0.088
4352.552	-0.088
4352.708	-0.088
4352.890	-0.088
4353.047	-0.088
4353.229	-0.088
4353.385	-0.088
4353.542	-0.088
4353.723	-0.088
4353.880	-0.088
4354.062	-0.088
4354.218	-0.088
4354.375	-0.088
4354.557	-0.088
4354.713	-0.088
4354.895	-0.088
4355.052	-0.088
4355.208	-0.088
4355.390	-0.088
4355.547	-0.088
4355.729	-0.088
4355.885	-0.088
4356.042	-0.088
4356.223	-0.088
4356.380	-0.088
4356.562	-0.088
4356.718	-0.088
4356.875	-0.088
4357.057	-0.088
4357.213	-0.088
4357.395	-0.088
4357.552	-0.088
4357.708	-0.088
4357.890	-0.088
4358.047	-0.088
4358.229	-0.088
4358.385	-0.088
4358.542	-0.088
4358.723	-0.088
4358.880	-0.088
4359.062	-0.088
4359.218	-0.088
4359.375	-0.088
4359.557	-0.088
4359.713	-0.088
4359.895	-0.088
4360.052	-0.088
4360.208	-0.088
4360.390	-0.088
4360.547	-0.088
4360.729	-0.088
4360.885	-0.088
4361.042	-0.088
4361.223	-0.088
4361.380	-0.088
4361.562	-0.088
4361.718	-0.088
4361.875	-0.088
4362.057	-0.088
4362.213	-0.088
4362.395	-0.088
4362.552	-0.088
4362.708	-0.088
4362.890	-0.088
4363.047	-0.088
4363.229	-0.088
4363.385	-0.088
4363.542	-0.088
4363.723	-0.088
4363.880	-0.088
4364.062	-0.088
4364.218	-0.088
4364.375	-0.088
4364.557	-0.088
4364.713	-0.088
4364.895	-0.088
4365.052	-0.088
4365.208	-0.088
4365.390	-0.088
4365.547	-0.088
4365.729	-0.088
4365.885	-0.088
4366.042	-0.088
4366.223	-0.088
4366.380	-0.088
4366.562	-0.088
4366.718	-0.088
4366.875	-0.088
4367.057	-0.088
4367.213	-0.088
4367.395	-0.088
4367.552	-0.088
4367.708	-0.088
4367.890	-0.088
4368.047	-0.088
4368.229	-0.088
4368.385	-0.088
4368.542	-0.088
4368.723	-0.088
4368.880	-0.088
4369.062	-0.088
4369.218	-0.088
4369.375	-0.088
4369.557	-0.088
4369.713	-0.088
4369.895	-0.088
4370.052	-0.088
4370.208	-0.088
4370.390	-0.088
4370.547	-0.088
4370.729	-0.088
4370.885	-0.088
4371.042	-0.088
4371.223	-0.088
4371.380	-0.088
4371.562	-0.088
4371.718	-0.088
4371.875	-0.088
4372.057	-0.088
4372.213	-0.088
4372.395	-0.088
4372.552	-0.088
4372.708	-0.088
4372.890	-0.088
4373.047	-0.088
4373.229	-0.088
4373.385	-0.088
4373.542	-0.088
4373.723	-0.088
4373.880	-0.088
4374.062	-0.088
4374.218	-0.088
4374.375	-0.088
4374.557	-0.088
4374.713	-0.088
4374.895	-0.088
4375.052	-0.088
4375.208	-0.088
4375.390	-0.088
4375.547	-0.088
4375.729	-0.088
4375.885	-0.088
4376.042	-0.088
4376.223	-0.088
4376.380	-0.088
4376.562	-0.088
4376.718	-0.088
4376.875	-0.088
4377.057	-0.088
4377.213	-0.088
4377.395	-0.088
4377.552	-0.088
4377.708	-0.088
4377.890	-0.088
4378.047	-0.088
4378.229	-0.088
4378.385	-0.088
4378.542	-0.088
4378.723	-0.088
4378.880	-0.088
4379.062	-0.088
4379.218	-0.088
4379.375	-0.088
4379.557	-0.088
4379.713	-0.088
4379.895	-0.088
4380.052	-0.088
4380.208	-0.088
4380.390	-0.088
4380.547	-0.088
4380.729	-0.088
4380.885	-0.088
4381.042	-0.088
4381.223	-0.088
4381.380	-0.088
4381.562	-0.088
4381.718	-0.088
4381.875	-0.088
4382.057	-0.088
4382.213	-0.088
4382.395	-0.088
4382.552	-0.088
4382.708	-0.088
4382.890	-0.088
4383.047	-0.088
4383.229	-0.088
4383.385	-0.088
4383.542	-0.088
4383.723	-0.088
4383.880	-0.088
4384.062	-0.088
4384.218	-0.088
4384.375	-0.088
4384.557	-0.088
4384.713	-0.088
4384.895	-0.088
4385.052	-0.088
4385.208	-0.088
4385.390	-0.088
4385.547	-0.088
4385.729	-0.088
4385.885	-0.088
4386.042	-0.088
4386.223	-0.088
4386.380	-0.088
4386.562	-0.088
4386.718	-0.088
4386.875	-0.088
4387.057	-0.088
4387.213	-0.088
4387.395	-0.088
4387.552	-0.088
4387.708	-0.088
4387.890	-0.088
4388.047	-0.088
4388.229	-0.088
4388.385	-0.088
4388.542	-0.088
4388.723	-0.088
4388.880	-0.088
4389.062	-0.088
4389.218	-0.088
4389.375	-0.088
4389.557	-0.088
4389.713	-0.088
4389.895	-0.088
4390.052	-0.088
4390.208	-0.088
4390.390	-0.088
4390.547	-0.088
4390.729	-0.088
4390.885	-0.088
4391.042	-0.088
4391.223	-0.088
4391.380	-0.088
4391.562	-0.088
4391.718	-0.088
4391.875	-0.088
4392.057	-0.088
4392.213	-0.088
4392.370	-0.088
4392.552	-0.088
4392.708	-0.088
4392.890	-0.088
4393.047	-0.088
4393.229	-0.088
4393.385	-0.088
4393.542	-0.088
4393.723	-0.088
4393.880	-0.088
4394.037	-0.088
4394.218	-0.088
4394.375	-0.088
4394.557	-0.088
4394.713	-0.088
4394.895	-0.088
4395.052	-0.088
4395.208	-0.088
4395.390	-0.088
4395.547	-0.088
4395.729	-0.088
4395.885	-0.088
4396.042	-0.088
4396.223	-0.088
4396.380	-0.088
4396.537	-0.088
4396.718	-0.088
4396.875	-0.088
4397.057	-0.088
4397.213	-0.088
4397.395	-0.088
4397.552	-0.088
4397.708	-0.088
4397.890	-0.088
4398.047	-0.088
4398.203	-0.088
4398.385	-0.088
4398.542	-0.088
4398.723	-0.088
4398.880	-0.088
4399.062	-0.088
4399.218	-0.088
4399.375	-0.088
4399.557	-0.088
4399.713	-0.088
4399.870	-0.088
4400.052	-0.088
4400.208	-0.088
4400.390	-0.088
4400.547	-0.088
4400.703	-0.088
4400.885	-0.088
4401.042	-0.088
4401.223	-0.088
4401.380	-0.088
4401.562	-0.088
4401.718	-0.088
4401.875	-0.088
4402.057	-0.088
4402.213	-0.088
4402.370	-0.088
4402.552	-0.088
4402.708	-0.088
4402.890	-0.088
4403.047	-0.088
4403.229	-0.088
4403.385	-0.088
4403.542	-0.088
4403.723	-0.088
4403.880	-0.088
4404.037	-0.088
4404.218	-0.088
4404.375	-0.088
4404.557	-0.088
4404.713	-0.088
4404.895	-0.088
4405.052	-0.088
4405.208	-0.088
4405.390	-0.088
4405.547	-0.088
4405.703	-0.088
4405.885	-0.088
4406.042	-0.088
4406.223	-0.088
4406.380	-0.088
4406.562	-0.088
4406.718	-0.088
4406.875	-0.088
4407.057	-0.088
4407.213	-0.088
4407.370	-0.088
4407.552	-0.088
4407.708	-0.088
4407.890	-0.088
4408.047	-0.088
4408.229	-0.088
4408.385	-0.088
4408.542	-0.088
4408.723	-0.088
4408.880	-0.088
4409.037	-0.088
4409.218	-0.088
4409.375	-0.088
4409.557	-0.088
4409.713	-0.088
4409.895	-0.088
4410.052	-0.088
4410.208	-0.088
4410.390	-0.088
4410.547	-0.088
4410.703	-0.088
4410.885	-0.088
4411.042	-0.088
4411.223	-0.088
4411.380	-0.088
4411.562	-0.088
4411.718	-0.088
4411.875	-0.088
4412.057	-0.088
4412.213	-0.088
4412.370	-0.088
4412.552	-0.088
4412.708	-0.088
4412.890	-0.088
4413.047	-0.088
4413.203	-0.088
4413.385	-0.088
4413.542	-0.088
4413.723	-0.088
4413.880	-0.088
4414.037	-0.088
4414.218	-0.088
4414.375	-0.088
4414.557	-0.088
4414.713	-0.088
4414.870	-0.088
4415.052	-0.088
4415.208	-0.088
4415.390	-0.088
4415.547	-0.088
4415.703	-0.088
4415.885	-0.088
4416.042	-0.088
4416.223	-0.088
4416.380	-0.088
4416.537	-0.088
4416.718	-0.088
4416.875	-0.088
4417.057	-0.088
4417.213	-0.088
4417.370	-0.088
4417.552	-0.088
4417.708	-0.088
4417.890	-0.088
4418.047	-0.088
4418.203	-0.088
4418.385	-0.088
4418.542	-0.088
4418.723	-0.088
4418.880	-0.088
4419.037	-0.088
4419.218	-0.088
4419.375	-0.088
4419.557	-0.088
4419.713	-0.088
4419.870	-0.088
4420.052	-0.088
4420.208	-0.088
4420.390	-0.088
4420.547	-0.088
4420.703	-0.088
4420.885	-0.088
4421.042	-0.088
4421.223	-0.088
4421.380	-0.088
4421.537	-0.088
4421.718	-0.088
4421.875	-0.088
4422.030	-0.088
4422.213	-0.088
4422.370	-0.088
4422.552	-0.088
4422.708	-0.088
4422.890	-0.088
4423.047	-0.088
4423.203	-0.088
4423.385	-0.088
4423.542	-0.088
4423.723	-0.088
4423.880	-0.088
4424.037	-0.088
4424.218	-0.088
4424.375	-0.088
4424.557	-0.088
4424.713	-0.088
4424.870	-0.088
4425.052	-0.088
4425.208	-0.088
4425.390	-0.088
4425.547	-0.088
4425.703	-0.088
4425.885	-0.088
4426.042	-0.088
4426.223	-0.088
4426.380	-0.088
4426.537	-0.088
4426.718	-0.088
4426.875	-0.088
4427.057	-0.088
4427.213	-0.087
4427.370	-0.088
4427.552	-0.088
4427.708	-0.088
4427.890	-0.088
4428.047	-0.087
4428.203	-0.088
4428.385	-0.087
4428.542	-0.088
4428.723	-0.086
4428.880	-0.086
4429.037	-0.086
4429.218	-0.085
4429.375	-0.084
4429.557	-0.087
4429.713	-0.087
4429.870	-0.086
4430.052	-0.084
4430.208	-0.084
4430.390	-0.086
4430.547	-0.084
4430.703	-0.083
4430.885	-0.083
4431.042	-0.084
4431.223	-0.083
4431.380	-0.083
4431.537	-0.084
4431.718	-0.083
4431.875	-0.083
4432.057	-0.083
4432.213	-0.083
4432.370	-0.083
4432.552	-0.083
4432.708	-0.083
4432.890	-0.083
4433.047	-0.083
4433.203	-0.083
4433.385	-0.083
4433.542	-0.083
4433.723	-0.083
4433.880	-0.083
4434.037	-0.083
4434.218	-0.083
4434.375	-0.083
4434.557	-0.083
4434.713	-0.083
4434.870	-0.083
4435.052	-0.083
4435.208	-0.083
4435.390	-0.083
4435.547	-0.083
4435.703	-0.083
4435.885	-0.082
4436.042	-0.081
4436.223	-0.082
4436.380	-0.081
4436.537	-0.079
4436.718	-0.078
4436.875	-0.078
4437.057	-0.078
4437.213	-0.078
4437.370	-0.078
4437.552	-0.078
4437.708	-0.078
4437.890	-0.078
4438.047	-0.077
4438.203	-0.075
4438.385	-0.073
4438.542	-0.073
4438.723	-0.071
4438.880	-0.069
4439.037	-0.067
4439.218	-0.065
4439.375	-0.063
4439.557	-0.059
4439.713	-0.058
4439.870	-0.054
4440.052	-0.053
4440.208	-0.048
4440.390	-0.045
4440.547	-0.041
4440.703	-0.037
4440.885	-0.036
4441.042	-0.032
4441.223	-0.027
4441.380	-0.022
4441.537	-0.015
4441.718	-0.006
4441.875	0.002
4442.057	0.008
4442.213	0.015
4442.370	0.021
4442.552	0.026
4442.708	0.034
4442.890	0.043
4443.047	0.058
4443.203	0.071
4443.385	0.085
4443.542	0.097
4443.723	0.109
4443.880	0.121
4444.037	0.132
4444.218	0.144
4444.375	0.155
4444.557	0.166
4444.713	0.177
4444.870	0.189
4445.052	0.203
4445.208	0.220
4445.390	0.236
4445.547	0.257
4445.703	0.279
4445.885	0.298
4446.042	0.313
4446.223	0.325
4446.380	0.332
4446.537	0.339
4446.718	0.347
4446.875	0.359
4447.057	0.376
4447.213	0.393
4447.370	0.411
4447.552	0.427
4447.708	0.444
4447.890	0.459
4448.047	0.475
4448.203	0.489
4448.385	0.500
4448.542	0.513
4448.723	0.526
4448.880	0.538
4449.037	0.547
4449.218	0.560
4449.375	0.572
4449.557	0.585
4449.713	0.597
4449.870	0.606
4450.052	0.619
4450.208	0.626
4450.390	0.636
4450.547	0.644
4450.703	0.650
4450.885	0.654
4451.042	0.656
4451.223	0.656
4451.380	0.660
4451.537	0.661
4451.718	0.659
4451.875	0.656
4452.057	0.656
4452.213	0.656
4452.370	0.654
4452.552	0.647
4452.708	0.639
4452.890	0.630
4453.047	0.624
4453.203	0.616
4453.385	0.607
4453.542	0.600
4453.723	0.590
4453.880	0.580
4454.037	0.570
4454.218	0.558
4454.375	0.541
4454.557	0.528
4454.713	0.516
4454.870	0.503
4455.052	0.487
4455.208	0.466
4455.390	0.451
4455.547	0.436
4455.703	0.418
4455.885	0.398
4456.042	0.374
4456.223	0.353
4456.380	0.335
4456.537	0.318
4456.718	0.306
4456.875	0.291
4457.057	0.279
4457.213	0.267
4457.370	0.251
4457.552	0.238
4457.708	0.227
4457.890	0.213
4458.047	0.197
4458.203	0.180
4458.385	0.165
4458.542	0.153
4458.723	0.141
4458.880	0.128
4459.037	0.114
4459.218	0.101
4459.375	0.088
4459.557	0.077
4459.713	0.065
4459.870	0.053
4460.052	0.042
4460.208	0.033
4460.390	0.024
4460.547	0.012
4460.703	0.001
4460.885	-0.009
4461.042	-0.018
4461.223	-0.026
4461.380	-0.034
4461.537	-0.040
4461.718	-0.049
4461.875	-0.054
4462.057	-0.059
4462.213	-0.063
4462.370	-0.068
4462.552	-0.069
4462.708	-0.073
4462.890	-0.073
4463.047	-0.076
4463.203	-0.078
4463.385	-0.078
4463.542	-0.079
4463.723	-0.083
4463.880	-0.083
4464.037	-0.083
4464.218	-0.083
4464.375	-0.083
4464.557	-0.085
4464.713	-0.086
4464.870	-0.088
4465.052	-0.088
4465.208	-0.088
4465.390	-0.088
4465.547	-0.088
4465.703	-0.088
4465.885	-0.088
4466.042	-0.088
4466.223	-0.088
4466.380	-0.088
4466.537	-0.088
4466.718	-0.088
4466.875	-0.088
4467.057	-0.088
4467.213	-0.088
4467.370	-0.088
4467.552	-0.088
4467.708	-0.088
4467.890	-0.088
4468.047	-0.088
4468.203	-0.088
4468.385	-0.088
4468.542	-0.088
4468.723	-0.088
4468.880	-0.088
4469.037	-0.088
4469.218	-0.088
4469.375	-0.088
4469.557	-0.088
4469.713	-0.088
4469.870	-0.088
4470.052	-0.088
4470.208	-0.088
4470.390	-0.088
4470.547	-0.088
4470.703	-0.088
4470.885	-0.088
4471.042	-0.088
4471.223	-0.088
4471.380	-0.088
4471.537	-0.088
4471.718	-0.088
4471.875	-0.088
4472.057	-0.088
4472.213	-0.088
4472.370	-0.088
4472.552	-0.088
4472.708	-0.088
4472.890	-0.088
4473.047	-0.088
4473.203	-0.088
4473.385	-0.088
4473.542	-0.088
4473.723	-0.088
4473.880	-0.088
4474.037	-0.088
4474.218	-0.088
4474.375	-0.088
4474.557	-0.088
4474.713	-0.088
4474.870	-0.088
4475.052	-0.088
4475.208	-0.088
4475.390	-0.088
4475.547	-0.088
4475.703	-0.088
4475.885	-0.088
4476.042	-0.088
4476.223	-0.088
4476.380	-0.088
4476.537	-0.088
4476.718	-0.088
4476.875	-0.088
4477.057	-0.088
4477.213	-0.088
4477.370	-0.088
4477.552	-0.088
4477.708	-0.088
4477.890	-0.088
4478.047	-0.088
4478.203	-0.088
4478.385	-0.088
4478.542	-0.088
4478.697	-0.088
4478.880	-0.088
4479.037	-0.088
4479.218	-0.088
4479.375	-0.088
4479.557	-0.088
4479.713	-0.088
4479.870	-0.088
4480.052	-0.088
4480.208	-0.088
4480.363	-0.088
4480.547	-0.088
4480.703	-0.088
4480.885	-0.088
4481.042	-0.088
4481.223	-0.088
4481.380	-0.088
4481.537	-0.088
4481.718	-0.088
4481.875	-0.088
4482.030	-0.088
4482.213	-0.088
4482.370	-0.088
4482.552	-0.088
4482.708	-0.088
4482.890	-0.088
4483.047	-0.088
4483.203	-0.088
4483.385	-0.088
4483.542	-0.088
4483.697	-0.088
4483.880	-0.088
4484.037	-0.088
4484.218	-0.088
4484.375	-0.088
4484.557	-0.088
4484.713	-0.088
4484.870	-0.088
4485.052	-0.088
4485.208	-0.088
4485.363	-0.088
4485.547	-0.088
4485.703	-0.088
4485.885	-0.088
4486.042	-0.088
4486.223	-0.088
4486.380	-0.088
4486.537	-0.088
4486.718	-0.088
4486.875	-0.088
4487.030	-0.088
4487.213	-0.088
4487.370	-0.088
4487.552	-0.088
4487.708	-0.088
4487.863	-0.088
4488.047	-0.088
4488.203	-0.088
4488.385	-0.088
4488.542	-0.088
4488.723	-0.088
4488.880	-0.088
4489.037	-0.088
4489.218	-0.088
4489.375	-0.088
4489.530	-0.088
4489.713	-0.088
4489.870	-0.088
4490.052	-0.088
4490.208	-0.088
4490.390	-0.088
4490.547	-0.088
4490.703	-0.088
4490.885	-0.088
4491.042	-0.088
4491.197	-0.088
4491.380	-0.088
4491.537	-0.088
4491.718	-0.088
4491.875	-0.088
4492.057	-0.088
4492.213	-0.088
4492.370	-0.088
4492.552	-0.088
4492.708	-0.088
4492.863	-0.088
4493.047	-0.088
4493.203	-0.088
4493.385	-0.088
4493.542	-0.088
4493.723	-0.088
4493.880	-0.088
4494.037	-0.088
4494.218	-0.088
4494.375	-0.088
4494.530	-0.088
4494.713	-0.088
4494.870	-0.088
4495.052	-0.089
4495.208	-0.088
4495.390	-0.088
4495.547	-0.088
4495.703	-0.088
4495.885	-0.088
4496.042	-0.088
4496.223	-0.088
4496.380	-0.088
4496.537	-0.088
4496.718	-0.088
4496.875	-0.088
4497.057	-0.088
4497.213	-0.088
4497.370	-0.088
4497.552	-0.088
4497.708	-0.088
4497.863	-0.088
4498.047	-0.088
4498.203	-0.088
4498.385	-0.088
4498.542	-0.088
4498.723	-0.088
4498.880	-0.088
4499.037	-0.088
4499.218	-0.088
4499.375	-0.088
4499.557	-0.088
4499.713	-0.088
4499.870	-0.088
4500.052	-0.088
4500.208	-0.088
4500.363	-0.088
4500.547	-0.088
4500.703	-0.088
4500.885	-0.088
4501.042	-0.088
4501.223	-0.088
4501.380	-0.088
4501.537	-0.088
4501.718	-0.088
4501.875	-0.089
4502.030	-0.088
4502.213	-0.088
4502.370	-0.088
4502.552	-0.088
4502.708	-0.088
4502.890	-0.088
4503.047	-0.088
4503.203	-0.088
4503.385	-0.088
4503.542	-0.088
4503.697	-0.088
4503.880	-0.088
4504.037	-0.088
4504.218	-0.088
4504.375	-0.088
4504.530	-0.088
4504.713	-0.088
4504.870	-0.088
4505.052	-0.088
4505.208	-0.088
4505.390	-0.088
4505.547	-0.088
4505.703	-0.088
4505.885	-0.088
4506.042	-0.088
4506.197	-0.088
4506.380	-0.088
4506.537	-0.088
4506.718	-0.088
4506.875	-0.088
4507.057	-0.088
4507.213	-0.088
4507.370	-0.088
4507.552	-0.088
4507.708	-0.088
4507.863	-0.088
4508.047	-0.088
4508.203	-0.088
4508.385	-0.088
4508.542	-0.089
4508.723	-0.088
4508.880	-0.088
4509.037	-0.088
4509.218	-0.088
4509.375	-0.088
4509.530	-0.088
4509.713	-0.088
4509.870	-0.088
4510.052	-0.088
4510.208	-0.088
4510.390	-0.088
4510.547	-0.088
4510.703	-0.088
4510.885	-0.088
4511.042	-0.088
4511.197	-0.088
4511.380	-0.088
4511.537	-0.088
4511.718	-0.088
4511.875	-0.088
4512.057	-0.088
4512.213	-0.088
4512.370	-0.088
4512.552	-0.088
4512.708	-0.088
4512.863	-0.089
4513.047	-0.088
4513.203	-0.088
4513.385	-0.088
4513.542	-0.088
4513.723	-0.088
4513.880	-0.088
4514.037	-0.088
4514.218	-0.088
4514.375	-0.088
4514.530	-0.088
4514.713	-0.088
4514.870	-0.088
4515.052	-0.088
4515.208	-0.088
4515.363	-0.088
4515.547	-0.088
4515.703	-0.088
4515.885	-0.089
4516.042	-0.088
4516.223	-0.088
4516.380	-0.088
4516.537	-0.088
4516.718	-0.088
4516.875	-0.088
4517.030	-0.088
4517.213	-0.088
4517.370	-0.088
4517.552	-0.088
4517.708	-0.088
4517.890	-0.088
4518.047	-0.088
4518.203	-0.088
4518.385	-0.088
4518.542	-0.088
4518.697	-0.088
4518.880	-0.088
4519.037	-0.088
4519.218	-0.088
4519.375	-0.088
4519.530	-0.088
4519.713	-0.088
4519.870	-0.089
4520.052	-0.088
4520.208	-0.088
4520.363	-0.088
4520.547	-0.088
4520.703	-0.088
4520.885	-0.088
4521.042	-0.088
4521.197	-0.088
4521.380	-0.088
4521.537	-0.088
4521.718	-0.088
4521.875	-0.088
4522.030	-0.088
4522.213	-0.088
4522.370	-0.088
4522.552	-0.088
4522.708	-0.088
4522.863	-0.088
4523.047	-0.088
4523.203	-0.088
4523.385	-0.088
4523.542	-0.088
4523.697	-0.088
4523.880	-0.088
4524.037	-0.088
4524.218	-0.088
4524.375	-0.088
4524.530	-0.088
4524.713	-0.088
4524.870	-0.088
4525.052	-0.088
4525.208	-0.089
4525.363	-0.088
4525.547	-0.088
4525.703	-0.088
4525.885	-0.088
4526.042	-0.088
4526.197	-0.088
4526.380	-0.088
4526.537	-0.088
4526.718	-0.088
4526.875	-0.088
4527.030	-0.088
4527.213	-0.088
4527.370	-0.088
4527.552	-0.088
4527.708	-0.088
4527.863	-0.088
4528.047	-0.088
4528.203	-0.088
4528.385	-0.088
4528.542	-0.088
4528.697	-0.088
4528.880	-0.088
4529.037	-0.088
4529.218	-0.088
4529.375	-0.088
4529.530	-0.088
4529.713	-0.088
4529.870	-0.088
4530.052	-0.088
4530.208	-0.088
4530.363	-0.088
4530.547	-0.088
4530.703	-0.088
4530.885	-0.088
4531.042	-0.088
4531.197	-0.088
4531.380	-0.088
4531.537	-0.088
4531.718	-0.088
4531.875	-0.088
4532.030	-0.088
4532.213	-0.088
4532.370	-0.088
4532.552	-0.089
4532.708	-0.088
4532.863	-0.088
4533.047	-0.088
4533.203	-0.088
4533.385	-0.089
4533.542	-0.088
4533.697	-0.088
4533.880	-0.088
4534.037	-0.088
4534.218	-0.088
4534.375	-0.088
4534.530	-0.088
4534.713	-0.088
4534.870	-0.088
4535.052	-0.088
4535.208	-0.088
4535.363	-0.088
4535.547	-0.088
4535.703	-0.088
4535.885	-0.088
4536.042	-0.088
4536.197	-0.088
4536.380	-0.088
4536.537	-0.088
4536.718	-0.088
4536.875	-0.088
4537.030	-0.088
4537.213	-0.088
4537.370	-0.088
4537.552	-0.088
4537.708	-0.088
4537.863	-0.088
4538.047	-0.088
4538.203	-0.088
4538.385	-0.088
4538.542	-0.088
4538.697	-0.088
4538.880	-0.088
4539.037	-0.088
4539.218	-0.088
4539.375	-0.088
4539.530	-0.088
4539.713	-0.088
4539.870	-0.088
4540.052	-0.088
4540.208	-0.088
4540.363	-0.088
4540.547	-0.088
4540.703	-0.088
4540.885	-0.088
4541.042	-0.088
4541.197	-0.088
4541.380	-0.088
4541.537	-0.088
4541.718	-0.088
4541.875	-0.088
4542.030	-0.088
4542.213	-0.088
4542.370	-0.088
4542.552	-0.088
4542.708	-0.088
4542.863	-0.088
4543.047	-0.088
4543.203	-0.088
4543.385	-0.088
4543.542	-0.088
4543.697	-0.088
4543.880	-0.088
4544.037	-0.088
4544.218	-0.088
4544.375	-0.088
4544.530	-0.088
4544.713	-0.088
4544.870	-0.088
4545.052	-0.089
4545.208	-0.088
4545.363	-0.088
4545.547	-0.088
4545.703	-0.088
4545.885	-0.088
4546.042	-0.088
4546.197	-0.089
4546.380	-0.088
4546.537	-0.088
4546.718	-0.088
4546.875	-0.088
4547.030	-0.088
4547.213	-0.088
4547.370	-0.088
4547.552	-0.088
4547.708	-0.088
4547.863	-0.088
4548.047	-0.088
4548.203	-0.088
4548.385	-0.088
4548.542	-0.088
4548.697	-0.088
4548.880	-0.088
4549.037	-0.088
4549.218	-0.088
4549.375	-0.088
4549.530	-0.088
4549.713	-0.088
4549.870	-0.088
4550.052	-0.088
4550.208	-0.088
4550.363	-0.088
4550.547	-0.088
4550.703	-0.088
4550.885	-0.088
4551.042	-0.088
4551.197	-0.088
4551.380	-0.088
4551.537	-0.088
4551.718	-0.088
4551.875	-0.088
4552.030	-0.088
4552.213	-0.088
4552.370	-0.088
4552.552	-0.088
4552.708	-0.088
4552.863	-0.088
4553.047	-0.088
4553.203	-0.088
4553.385	-0.089
4553.542	-0.088
4553.697	-0.088
4553.880	-0.088
4554.037	-0.088
4554.218	-0.088
4554.375	-0.088
4554.530	-0.088
4554.713	-0.088
4554.870	-0.088
4555.052	-0.088
4555.208	-0.088
4555.363	-0.088
4555.547	-0.088
4555.703	-0.088
4555.885	-0.088
4556.042	-0.088
4556.197	-0.089
4556.380	-0.088
4556.537	-0.088
4556.718	-0.088
4556.875	-0.088
4557.030	-0.088
4557.213	-0.089
4557.370	-0.088
4557.552	-0.088
4557.708	-0.088
4557.863	-0.088
4558.047	-0.088
4558.203	-0.088
4558.385	-0.088
4558.542	-0.088
4558.697	-0.088
4558.880	-0.088
4559.037	-0.088
4559.218	-0.088
4559.375	-0.088
4559.530	-0.088
4559.713	-0.088
4559.870	-0.088
4560.052	-0.088
4560.208	-0.088
4560.363	-0.088
4560.547	-0.088
4560.703	-0.088
4560.885	-0.088
4561.042	-0.088
4561.197	-0.088
4561.380	-0.088
4561.537	-0.088
4561.718	-0.088
4561.875	-0.088
4562.030	-0.088
4562.213	-0.088
4562.370	-0.088
4562.552	-0.088
4562.708	-0.088
4562.863	-0.088
4563.047	-0.088
4563.203	-0.088
4563.385	-0.088
4563.542	-0.088
4563.697	-0.088
4563.880	-0.088
4564.037	-0.088
4564.218	-0.089
4564.375	-0.088
4564.530	-0.088
4564.713	-0.088
4564.870	-0.088
4565.052	-0.088
4565.208	-0.088
4565.363	-0.088
4565.547	-0.088
4565.703	-0.088
4565.885	-0.088
4566.042	-0.088
4566.197	-0.088
4566.380	-0.088
4566.537	-0.088
4566.692	-0.088
4566.875	-0.088
4567.030	-0.088
4567.213	-0.088
4567.370	-0.088
4567.552	-0.088
4567.708	-0.088
4567.863	-0.088
4568.047	-0.088
4568.203	-0.088
4568.358	-0.089
4568.542	-0.088
4568.697	-0.088
4568.880	-0.088
4569.037	-0.088
4569.218	-0.088
4569.375	-0.088
4569.530	-0.088
4569.713	-0.088
4569.870	-0.088
4570.025	-0.088
4570.208	-0.088
4570.363	-0.088
4570.547	-0.088
4570.703	-0.088
4570.885	-0.088
4571.042	-0.088
4571.197	-0.088
4571.380	-0.088
4571.537	-0.088
4571.692	-0.088
4571.875	-0.088
4572.030	-0.088
4572.213	-0.088
4572.370	-0.088
4572.552	-0.089
4572.708	-0.088
4572.863	-0.088
4573.047	-0.088
4573.203	-0.088
4573.358	-0.088
4573.542	-0.088
4573.697	-0.088
4573.880	-0.088
4574.037	-0.088
4574.218	-0.088
4574.375	-0.089
4574.530	-0.088
4574.713	-0.088
4574.870	-0.088
4575.025	-0.088
4575.208	-0.088
4575.363	-0.088
4575.547	-0.088
4575.703	-0.088
4575.885	-0.088
4576.042	-0.088
4576.197	-0.088
4576.380	-0.088
4576.537	-0.088
4576.692	-0.088
4576.875	-0.088
4577.030	-0.088
4577.213	-0.089
4577.370	-0.088
4577.552	-0.088
4577.708	-0.088
4577.863	-0.088
4578.047	-0.088
4578.203	-0.089
4578.358	-0.088
4578.542	-0.088
4578.697	-0.088
4578.880	-0.088
4579.037	-0.089
4579.192	-0.088
4579.375	-0.088
4579.530	-0.088
4579.713	-0.089
4579.870	-0.088
4580.052	-0.088
4580.208	-0.088
4580.363	-0.088
4580.547	-0.088
4580.703	-0.088
4580.858	-0.088
4581.042	-0.088
4581.197	-0.088
4581.380	-0.088
4581.537	-0.089
4581.718	-0.088
4581.875	-0.089
4582.030	-0.088
4582.213	-0.088
4582.370	-0.088
4582.552	-0.088
4582.708	-0.088
4582.863	-0.088
4583.047	-0.088
4583.203	-0.088
4583.385	-0.088
4583.542	-0.088
4583.697	-0.088
4583.880	-0.088
4584.037	-0.088
4584.192	-0.088
4584.375	-0.088
4584.530	-0.088
4584.713	-0.088
4584.870	-0.088
4585.052	-0.088
4585.208	-0.088
4585.363	-0.088
4585.547	-0.088
4585.703	-0.088
4585.858	-0.088
4586.042	-0.088
4586.197	-0.088
4586.380	-0.088
4586.537	-0.088
4586.718	-0.088
4586.875	-0.088
4587.030	-0.088
4587.213	-0.088
4587.370	-0.088
4587.525	-0.088
4587.708	-0.088
4587.863	-0.088
4588.047	-0.088
4588.203	-0.088
4588.385	-0.088
4588.542	-0.088
4588.697	-0.088
4588.880	-0.088
4589.037	-0.088
4589.218	-0.088
4589.375	-0.088
4589.530	-0.088
4589.713	-0.088
4589.870	-0.088
4590.025	-0.088
4590.208	-0.088
4590.363	-0.088
4590.547	-0.088
4590.703	-0.088
4590.885	-0.088
4591.042	-0.088
4591.197	-0.088
4591.380	-0.088
4591.537	-0.088
4591.692	-0.088
4591.875	-0.088
4592.030	-0.088
4592.213	-0.088
4592.370	-0.088
4592.552	-0.088
4592.708	-0.088
4592.863	-0.088
4593.047	-0.088
4593.203	-0.088
4593.358	-0.088
4593.542	-0.088
4593.697	-0.088
4593.880	-0.088
4594.037	-0.088
4594.218	-0.088
4594.375	-0.088
4594.530	-0.088
4594.713	-0.088
4594.870	-0.088
4595.025	-0.088
4595.208	-0.088
4595.363	-0.088
4595.547	-0.088
4595.703	-0.088
4595.885	-0.088
4596.042	-0.088
4596.197	-0.088
4596.380	-0.088
4596.537	-0.088
4596.692	-0.088
4596.875	-0.088
4597.030	-0.088
4597.213	-0.088
4597.370	-0.088
4597.552	-0.088
4597.708	-0.088
4597.863	-0.088
4598.047	-0.088
4598.203	-0.088
4598.358	-0.088
4598.542	-0.088
4598.697	-0.088
4598.880	-0.088
4599.037	-0.088
4599.218	-0.088
4599.375	-0.088
4599.530	-0.088
4599.713	-0.088
4599.870	-0.088
4600.025	-0.088
4600.208	-0.088
4600.363	-0.088
4600.547	-0.088
4600.703	-0.088
4600.858	-0.088
4601.042	-0.088
4601.197	-0.088
4601.380	-0.088
4601.537	-0.088
4601.718	-0.088
4601.875	-0.088
4602.030	-0.088
4602.213	-0.088
4602.370	-0.088
4602.525	-0.088
4602.708	-0.088
4602.863	-0.088
4603.047	-0.088
4603.203	-0.088
4603.385	-0.088
4603.542	-0.088
4603.697	-0.088
4603.880	-0.088
4604.037	-0.088
4604.192	-0.088
4604.375	-0.088
4604.530	-0.088
4604.713	-0.088
4604.870	-0.088
4605.025	-0.088
4605.208	-0.088
4605.363	-0.088
4605.547	-0.088
4605.703	-0.088
4605.858	-0.088
4606.042	-0.088
4606.197	-0.088
4606.380	-0.088
4606.537	-0.088
4606.692	-0.088
4606.875	-0.088
4607.030	-0.088
4607.213	-0.089
4607.370	-0.088
4607.552	-0.088
4607.708	-0.088
4607.863	-0.088
4608.047	-0.088
4608.203	-0.089
4608.358	-0.088
4608.542	-0.088
4608.697	-0.088
4608.880	-0.088
4609.037	-0.088
4609.192	-0.088
4609.375	-0.088
4609.530	-0.088
4609.713	-0.088
4609.870	-0.088
4610.025	-0.088
4610.208	-0.088
4610.363	-0.088
4610.547	-0.088
4610.703	-0.088
4610.858	-0.088
4611.042	-0.088
4611.197	-0.088
4611.380	-0.088
4611.537	-0.088
4611.692	-0.088
4611.875	-0.088
4612.030	-0.088
4612.213	-0.088
4612.370	-0.088
4612.525	-0.088
4612.708	-0.088
4612.863	-0.088
4613.047	-0.088
4613.203	-0.088
4613.358	-0.088
4613.542	-0.088
4613.697	-0.088
4613.880	-0.088
4614.037	-0.088
4614.192	-0.088
4614.375	-0.088
4614.530	-0.089
4614.713	-0.088
4614.870	-0.088
4615.025	-0.088
4615.208	-0.088
4615.363	-0.088
4615.547	-0.088
4615.703	-0.088
4615.858	-0.088
4616.042	-0.088
4616.197	-0.088
4616.380	-0.088
4616.537	-0.088
4616.692	-0.088
4616.875	-0.088
4617.030	-0.088
4617.213	-0.088
4617.370	-0.088
4617.525	-0.088
4617.708	-0.088
4617.863	-0.088
4618.047	-0.088
4618.203	-0.088
4618.358	-0.088
4618.542	-0.088
4618.697	-0.088
4618.880	-0.088
4619.037	-0.088
4619.192	-0.088
4619.375	-0.088
4619.530	-0.088
4619.713	-0.088
4619.870	-0.088
4620.025	-0.088
4620.208	-0.088
4620.363	-0.089
4620.547	-0.088
4620.703	-0.088
4620.885	-0.088
4621.042	-0.088
4621.197	-0.088
4621.380	-0.088
4621.537	-0.088
4621.692	-0.088
4621.875	-0.088
4622.030	-0.088
4622.213	-0.088
4622.370	-0.088
4622.525	-0.088
4622.708	-0.088
4622.863	-0.088
4623.047	-0.089
4623.203	-0.088
4623.358	-0.088
4623.542	-0.088
4623.697	-0.088
4623.880	-0.088
4624.037	-0.088
4624.192	-0.088
4624.375	-0.088
4624.530	-0.088
4624.713	-0.088
4624.870	-0.088
4625.025	-0.088
4625.208	-0.088
4625.363	-0.088
4625.547	-0.088
4625.703	-0.089
4625.858	-0.088
4626.042	-0.088
4626.197	-0.088
4626.380	-0.088
4626.537	-0.088
4626.692	-0.089
4626.875	-0.088
4627.030	-0.088
4627.213	-0.088
4627.370	-0.088
4627.525	-0.088
4627.708	-0.088
4627.863	-0.088
4628.047	-0.088
4628.203	-0.088
4628.358	-0.088
4628.542	-0.088
4628.697	-0.088
4628.880	-0.088
4629.037	-0.088
4629.192	-0.088
4629.375	-0.088
4629.530	-0.088
4629.713	-0.088
4629.870	-0.088
4630.025	-0.088
4630.208	-0.088
4630.363	-0.088
4630.547	-0.088
4630.703	-0.088
4630.858	-0.088
4631.042	-0.088
4631.197	-0.088
4631.380	-0.088
4631.537	-0.088
4631.692	-0.088
4631.875	-0.088
4632.030	-0.088
4632.213	-0.088
4632.370	-0.088
4632.525	-0.088
4632.708	-0.088
4632.863	-0.088
4633.047	-0.088
4633.203	-0.088
4633.358	-0.088
4633.542	-0.088
4633.697	-0.088
4633.880	-0.088
4634.037	-0.088
4634.192	-0.088
4634.375	-0.088
4634.530	-0.088
4634.713	-0.088
4634.870	-0.088
4635.025	-0.088
4635.208	-0.088
4635.363	-0.089
4635.547	-0.088
4635.703	-0.088
4635.858	-0.088
4636.042	-0.088
4636.197	-0.088
4636.380	-0.088
4636.537	-0.088
4636.692	-0.088
4636.875	-0.088
4637.030	-0.088
4637.213	-0.088
4637.370	-0.088
4637.525	-0.088
4637.708	-0.088
4637.863	-0.088
4638.047	-0.088
4638.203	-0.088
4638.358	-0.088
4638.542	-0.088
4638.697	-0.088
4638.880	-0.088
4639.037	-0.088
4639.192	-0.088
4639.375	-0.088
4639.530	-0.088
4639.713	-0.088
4639.870	-0.088
4640.025	-0.088
4640.208	-0.088
4640.363	-0.088
4640.547	-0.089
4640.703	-0.088
4640.858	-0.088
4641.042	-0.089
4641.197	-0.089
4641.380	-0.088
4641.537	-0.088
4641.692	-0.088
4641.875	-0.088
4642.030	-0.088
4642.213	-0.088
4642.370	-0.088
4642.525	-0.088
4642.708	-0.088
4642.863	-0.088
4643.047	-0.088
4643.203	-0.088
4643.358	-0.088
4643.542	-0.089
4643.697	-0.088
4643.880	-0.088
4644.037	-0.088
4644.192	-0.088
4644.375	-0.088
4644.530	-0.088
4644.713	-0.088
4644.870	-0.088
4645.025	-0.088
4645.208	-0.088
4645.363	-0.088
4645.547	-0.088
4645.703	-0.088
4645.858	-0.088
4646.042	-0.089
4646.197	-0.088
4646.380	-0.088
4646.537	-0.088
4646.692	-0.088
4646.875	-0.088
4647.030	-0.088
4647.213	-0.088
4647.370	-0.088
4647.525	-0.088
4647.708	-0.088
4647.863	-0.089
4648.047	-0.088
4648.203	-0.088
4648.358	-0.088
4648.542	-0.088
4648.697	-0.088
4648.880	-0.088
4649.037	-0.088
4649.192	-0.088
4649.375	-0.088
4649.530	-0.088
4649.713	-0.088
4649.870	-0.088
4650.025	-0.088
4650.208	-0.088
4650.363	-0.088
4650.547	-0.088
4650.703	-0.088
4650.858	-0.088
4651.042	-0.088
4651.197	-0.088
4651.380	-0.088
4651.537	-0.089
4651.692	-0.088
4651.875	-0.088
4652.030	-0.090
4652.213	-0.088
4652.370	-0.088
4652.525	-0.088
4652.708	-0.088
4652.863	-0.088
4653.047	-0.088
4653.203	-0.088
4653.358	-0.088
4653.542	-0.088
4653.697	-0.088
4653.880	-0.088
4654.037	-0.088
4654.192	-0.088
4654.375	-0.088
4654.530	-0.088
4654.713	-0.088
4654.870	-0.088
4655.025	-0.088
4655.208	-0.089
4655.363	-0.088
4655.547	-0.088
4655.703	-0.089
4655.858	-0.088
4656.042	-0.088
4656.197	-0.088
4656.380	-0.089
4656.537	-0.089
4656.692	-0.088
4656.875	-0.088
4657.030	-0.088
4657.213	-0.088
4657.370	-0.088
4657.525	-0.088
4657.708	-0.088
4657.863	-0.088
4658.047	-0.089
4658.203	-0.088
4658.358	-0.088
4658.542	-0.088
4658.697	-0.088
4658.880	-0.089
4659.037	-0.088
4659.192	-0.088
4659.375	-0.088
4659.530	-0.088
4659.713	-0.088
4659.870	-0.088
4660.025	-0.088
4660.208	-0.088
4660.363	-0.088
4660.547	-0.088
4660.703	-0.088
4660.858	-0.089
4661.042	-0.088
4661.197	-0.088
4661.380	-0.088
4661.537	-0.088
4661.692	-0.088
4661.875	-0.089
4662.030	-0.088
4662.213	-0.088
4662.370	-0.088
4662.525	-0.088
4662.708	-0.088
4662.863	-0.088
4663.047	-0.088
4663.203	-0.088
4663.358	-0.088
4663.542	-0.088
4663.697	-0.088
4663.880	-0.088
4664.037	-0.088
4664.192	-0.088
4664.375	-0.088
4664.530	-0.088
4664.713	-0.088
4664.870	-0.088
4665.025	-0.088
4665.208	-0.088
4665.363	-0.088
4665.547	-0.088
4665.703	-0.088
4665.858	-0.088
4666.042	-0.088
4666.197	-0.088
4666.380	-0.088
4666.537	-0.088
4666.692	-0.088
4666.875	-0.088
4667.030	-0.088
4667.213	-0.088
4667.370	-0.088
4667.525	-0.088
4667.708	-0.088
4667.863	-0.088
4668.047	-0.088
4668.203	-0.088
4668.358	-0.089
4668.542	-0.088
4668.697	-0.088
4668.880	-0.088
4669.037	-0.088
4669.192	-0.088
4669.375	-0.088
4669.530	-0.088
4669.713	-0.088
4669.870	-0.088
4670.025	-0.088
4670.208	-0.088
4670.363	-0.088
4670.547	-0.088
4670.703	-0.088
4670.858	-0.088
4671.042	-0.088
4671.197	-0.088
4671.380	-0.088
4671.537	-0.088
4671.692	-0.088
4671.875	-0.088
4672.030	-0.088
4672.213	-0.088
4672.370	-0.088
4672.525	-0.088
4672.708	-0.088
4672.863	-0.088
4673.047	-0.088
4673.203	-0.088
4673.358	-0.088
4673.542	-0.088
4673.697	-0.088
4673.880	-0.088
4674.037	-0.088
4674.192	-0.089
4674.375	-0.088
4674.530	-0.090
4674.713	-0.088
4674.870	-0.088
4675.025	-0.088
4675.208	-0.089
4675.363	-0.088
4675.547	-0.088
4675.703	-0.088
4675.858	-0.088
4676.042	-0.088
4676.197	-0.088
4676.380	-0.088
4676.537	-0.088
4676.692	-0.088
4676.875	-0.088
4677.030	-0.088
4677.213	-0.088
4677.370	-0.088
4677.525	-0.088
4677.708	-0.089
4677.863	-0.088
4678.047	-0.088
4678.203	-0.088
4678.358	-0.088
4678.542	-0.088
4678.697	-0.088
4678.880	-0.088
4679.037	-0.088
4679.192	-0.089
4679.375	-0.089
4679.530	-0.088
4679.713	-0.088
4679.870	-0.088
4680.025	-0.088
4680.208	-0.088
4680.363	-0.088
4680.547	-0.088
4680.703	-0.088
4680.858	-0.088
4681.042	-0.088
4681.197	-0.088
4681.380	-0.088
4681.537	-0.088
4681.692	-0.088
4681.875	-0.088
4682.030	-0.088
4682.213	-0.088
4682.370	-0.088
4682.525	-0.088
4682.708	-0.089
4682.863	-0.089
4683.047	-0.089
4683.203	-0.088
4683.358	-0.088
4683.542	-0.088
4683.697	-0.088
4683.880	-0.089
4684.037	-0.088
4684.192	-0.088
4684.375	-0.088
4684.530	-0.089
4684.713	-0.088
4684.870	-0.088
4685.025	-0.089
4685.208	-0.088
4685.363	-0.088
4685.547	-0.088
4685.703	-0.088
4685.858	-0.088
4686.042	-0.089
4686.197	-0.088
4686.380	-0.088
4686.537	-0.089
4686.692	-0.088
4686.875	-0.088
4687.030	-0.089
4687.213	-0.088
4687.370	-0.088
4687.525	-0.088
4687.708	-0.088
4687.863	-0.088
4688.047	-0.088
4688.203	-0.088
4688.358	-0.088
4688.542	-0.088
4688.697	-0.088
4688.880	-0.088
4689.037	-0.088
4689.192	-0.088
4689.375	-0.088
4689.530	-0.088
4689.713	-0.088
4689.870	-0.088
4690.025	-0.089
4690.208	-0.088
4690.363	-0.088
4690.547	-0.089
4690.703	-0.088
4690.858	-0.088
4691.042	-0.088
4691.197	-0.088
4691.380	-0.088
4691.537	-0.088
4691.692	-0.088
4691.875	-0.088
4692.030	-0.088
4692.187	-0.088
4692.370	-0.088
4692.525	-0.088
4692.708	-0.089
4692.863	-0.088
4693.047	-0.088
4693.203	-0.088
4693.358	-0.088
4693.542	-0.088
4693.697	-0.088
4693.854	-0.088
4694.037	-0.088
4694.192	-0.088
4694.375	-0.089
4694.530	-0.089
4694.713	-0.089
4694.870	-0.088
4695.025	-0.088
4695.208	-0.088
4695.363	-0.089
4695.520	-0.089
4695.703	-0.088
4695.858	-0.088
4696.042	-0.089
4696.197	-0.088
4696.380	-0.088
4696.537	-0.089
4696.692	-0.088
4696.875	-0.088
4697.030	-0.088
4697.213	-0.088
4697.370	-0.088
4697.525	-0.089
4697.708	-0.088
4697.863	-0.088
4698.047	-0.088
4698.203	-0.088
4698.358	-0.089
4698.542	-0.088
4698.697	-0.088
4698.880	-0.088
4699.037	-0.088
4699.192	-0.088
4699.375	-0.088
4699.530	-0.088
4699.713	-0.088
4699.870	-0.088
4700.025	-0.088
4700.208	-0.088
4700.363	-0.088
4700.547	-0.088
4700.703	-0.089
4700.858	-0.088
4701.042	-0.088
4701.197	-0.088
4701.354	-0.088
4701.537	-0.089
4701.692	-0.088
4701.875	-0.088
4702.030	-0.088
4702.213	-0.088
4702.370	-0.088
4702.525	-0.088
4702.708	-0.088
4702.863	-0.088
4703.047	-0.088
4703.203	-0.088
4703.358	-0.088
4703.542	-0.089
4703.697	-0.089
4703.854	-0.088
4704.037	-0.088
4704.192	-0.089
4704.375	-0.088
4704.530	-0.088
4704.713	-0.088
4704.870	-0.088
4705.025	-0.088
4705.208	-0.088
4705.363	-0.088
4705.520	-0.088
4705.703	-0.088
4705.858	-0.089
4706.042	-0.088
4706.197	-0.089
4706.354	-0.088
4706.537	-0.088
4706.692	-0.088
4706.875	-0.089
4707.030	-0.088
4707.213	-0.088
4707.370	-0.088
4707.525	-0.088
4707.708	-0.088
4707.863	-0.088
4708.020	-0.088
4708.203	-0.088
4708.358	-0.088
4708.542	-0.088
4708.697	-0.088
4708.854	-0.088
4709.037	-0.088
4709.192	-0.088
4709.375	-0.088
4709.530	-0.088
4709.713	-0.088
4709.870	-0.088
4710.025	-0.088
4710.208	-0.088
4710.363	-0.088
4710.547	-0.088
4710.703	-0.088
4710.858	-0.088
4711.042	-0.088
4711.197	-0.088
4711.380	-0.088
4711.537	-0.088
4711.692	-0.088
4711.875	-0.088
4712.030	-0.088
4712.213	-0.088
4712.370	-0.088
4712.525	-0.089
4712.708	-0.089
4712.863	-0.088
4713.047	-0.088
4713.203	-0.088
4713.358	-0.088
4713.542	-0.088
4713.697	-0.088
4713.880	-0.088
4714.037	-0.088
4714.192	-0.088
4714.375	-0.088
4714.530	-0.088
4714.687	-0.088
4714.870	-0.088
4715.025	-0.088
4715.208	-0.088
4715.363	-0.088
4715.547	-0.088
4715.703	-0.088
4715.858	-0.088
4716.042	-0.088
4716.197	-0.088
4716.354	-0.088
4716.537	-0.088
4716.692	-0.088
4716.875	-0.088
4717.030	-0.088
4717.213	-0.088
4717.370	-0.088
4717.525	-0.088
4717.708	-0.088
4717.863	-0.089
4718.047	-0.088
4718.203	-0.088
4718.358	-0.088
4718.542	-0.088
4718.697	-0.088
4718.880	-0.089
4719.037	-0.088
4719.192	-0.088
4719.375	-0.088
4719.530	-0.088
4719.713	-0.088
4719.870	-0.088
4720.025	-0.088
4720.208	-0.088
4720.363	-0.088
4720.547	-0.088
4720.703	-0.088
4720.858	-0.088
4721.042	-0.088
4721.197	-0.088
4721.380	-0.088
4721.537	-0.088
4721.692	-0.088
4721.875	-0.088
4722.030	-0.088
4722.213	-0.088
4722.370	-0.088
4722.525	-0.088
4722.708	-0.089
4722.863	-0.088
4723.047	-0.088
4723.203	-0.088
4723.358	-0.088
4723.542	-0.088
4723.697	-0.088
4723.854	-0.089
4724.037	-0.088
4724.192	-0.088
4724.375	-0.088
4724.530	-0.088
4724.687	-0.089
4724.870	-0.088
4725.025	-0.088
4725.208	-0.088
4725.363	-0.088
4725.520	-0.089
4725.703	-0.088
4725.858	-0.089
4726.042	-0.088
4726.197	-0.088
4726.354	-0.088
4726.537	-0.088
4726.692	-0.088
4726.875	-0.088
4727.030	-0.088
4727.187	-0.088
4727.370	-0.088
4727.525	-0.088
4727.708	-0.088
4727.863	-0.088
4728.020	-0.088
4728.203	-0.088
4728.358	-0.088
4728.542	-0.088
4728.697	-0.088
4728.854	-0.088
4729.037	-0.088
4729.192	-0.088
4729.375	-0.088
4729.530	-0.088
4729.687	-0.088
4729.870	-0.088
4730.025	-0.088
4730.208	-0.088
4730.363	-0.089
4730.520	-0.088
4730.703	-0.088
4730.858	-0.088
4731.042	-0.088
4731.197	-0.088
4731.354	-0.088
4731.537	-0.088
4731.692	-0.088
4731.875	-0.088
4732.030	-0.088
4732.187	-0.088
4732.370	-0.088
4732.525	-0.088
4732.708	-0.088
4732.863	-0.088
4733.020	-0.088
4733.203	-0.088
4733.358	-0.088
4733.542	-0.089
4733.697	-0.088
4733.854	-0.088
4734.037	-0.089
4734.192	-0.088
4734.375	-0.088
4734.530	-0.088
4734.687	-0.088
4734.870	-0.088
4735.025	-0.088
4735.208	-0.088
4735.363	-0.088
4735.520	-0.088
4735.703	-0.088
4735.858	-0.088
4736.042	-0.088
4736.197	-0.088
4736.354	-0.088
4736.537	-0.088
4736.692	-0.088
4736.875	-0.088
4737.030	-0.089
4737.187	-0.088
4737.370	-0.088
4737.525	-0.088
4737.708	-0.089
4737.863	-0.088
4738.020	-0.089
4738.203	-0.088
4738.358	-0.089
4738.542	-0.088
4738.697	-0.088
4738.854	-0.088
4739.037	-0.088
4739.192	-0.088
4739.375	-0.088
4739.530	-0.088
4739.687	-0.089
4739.870	-0.088
4740.025	-0.088
4740.208	-0.088
4740.363	-0.088
4740.520	-0.088
4740.703	-0.088
4740.858	-0.088
4741.042	-0.088
4741.197	-0.088
4741.354	-0.089
4741.537	-0.088
4741.692	-0.088
4741.875	-0.088
4742.030	-0.088
4742.187	-0.088
4742.370	-0.088
4742.525	-0.088
4742.708	-0.088
4742.863	-0.088
4743.020	-0.088
4743.203	-0.088
4743.358	-0.088
4743.542	-0.088
4743.697	-0.089
4743.854	-0.088
4744.037	-0.088
4744.192	-0.088
4744.375	-0.088
4744.530	-0.088
4744.687	-0.089
4744.870	-0.088
4745.025	-0.088
4745.208	-0.088
4745.363	-0.088
4745.520	-0.088
4745.703	-0.088
4745.858	-0.088
4746.042	-0.088
4746.197	-0.088
4746.354	-0.088
4746.537	-0.088
4746.692	-0.088
4746.875	-0.088
4747.030	-0.088
4747.187	-0.088
4747.370	-0.088
4747.525	-0.088
4747.708	-0.088
4747.863	-0.088
4748.020	-0.088
4748.203	-0.089
4748.358	-0.088
4748.542	-0.088
4748.697	-0.088
4748.854	-0.088
4749.037	-0.088
4749.192	-0.088
4749.375	-0.089
4749.530	-0.088
4749.687	-0.088
4749.870	-0.088
4750.025	-0.088
4750.208	-0.088
4750.363	-0.088
4750.520	-0.088
4750.703	-0.089
4750.858	-0.088
4751.042	-0.088
4751.197	-0.088
4751.354	-0.088
4751.537	-0.088
4751.692	-0.088
4751.875	-0.088
4752.030	-0.088
4752.187	-0.088
4752.370	-0.088
4752.525	-0.088
4752.708	-0.089
4752.863	-0.089
4753.020	-0.088
4753.203	-0.089
4753.358	-0.088
4753.542	-0.088
4753.697	-0.088
4753.854	-0.088
4754.037	-0.088
4754.192	-0.088
4754.375	-0.088
4754.530	-0.088
4754.687	-0.088
4754.870	-0.088
4755.025	-0.088
4755.208	-0.088
4755.363	-0.088
4755.520	-0.088
4755.703	-0.088
4755.858	-0.088
4756.042	-0.088
4756.197	-0.088
4756.354	-0.088
4756.537	-0.088
4756.692	-0.088
4756.875	-0.088
4757.030	-0.088
4757.187	-0.088
4757.370	-0.088
4757.525	-0.088
4757.708	-0.088
4757.863	-0.088
4758.020	-0.088
4758.203	-0.088
4758.358	-0.088
4758.542	-0.088
4758.697	-0.088
4758.854	-0.088
4759.037	-0.088
4759.192	-0.088
4759.375	-0.088
4759.530	-0.088
4759.687	-0.088
4759.870	-0.088
4760.025	-0.088
4760.208	-0.089
4760.363	-0.088
4760.520	-0.088
4760.703	-0.088
4760.858	-0.088
4761.042	-0.088
4761.197	-0.088
4761.354	-0.088
4761.537	-0.088
4761.692	-0.088
4761.875	-0.089
4762.030	-0.088
4762.187	-0.088
4762.370	-0.088
4762.525	-0.088
4762.708	-0.088
4762.863	-0.088
4763.020	-0.088
4763.203	-0.088
4763.358	-0.088
4763.542	-0.088
4763.697	-0.088
4763.854	-0.088
4764.037	-0.088
4764.192	-0.088
4764.375	-0.088
4764.530	-0.088
4764.687	-0.088
4764.870	-0.088
4765.025	-0.088
4765.208	-0.088
4765.363	-0.088
4765.520	-0.088
4765.703	-0.088
4765.858	-0.088
4766.042	-0.088
4766.197	-0.088
4766.354	-0.088
4766.537	-0.088
4766.692	-0.088
4766.875	-0.088
4767.030	-0.088
4767.187	-0.089
4767.370	-0.088
4767.525	-0.088
4767.708	-0.088
4767.863	-0.088
4768.020	-0.088
4768.203	-0.089
4768.358	-0.088
4768.542	-0.088
4768.697	-0.089
4768.854	-0.088
4769.037	-0.088
4769.192	-0.088
4769.375	-0.088
4769.530	-0.088
4769.687	-0.088
4769.870	-0.088
4770.025	-0.088
4770.208	-0.088
4770.363	-0.089
4770.520	-0.088
4770.703	-0.088
4770.858	-0.088
4771.042	-0.088
4771.197	-0.088
4771.354	-0.088
4771.537	-0.088
4771.692	-0.089
4771.875	-0.088
4772.030	-0.088
4772.187	-0.088
4772.370	-0.088
4772.525	-0.088
4772.708	-0.088
4772.863	-0.088
4773.020	-0.088
4773.203	-0.089
4773.358	-0.088
4773.542	-0.089
4773.697	-0.088
4773.854	-0.088
4774.037	-0.088
4774.192	-0.088
4774.375	-0.088
4774.530	-0.089
4774.687	-0.088
4774.870	-0.088
4775.025	-0.088
4775.208	-0.088
4775.363	-0.088
4775.520	-0.089
4775.703	-0.089
4775.858	-0.088
4776.042	-0.088
4776.197	-0.088
4776.354	-0.088
4776.537	-0.088
4776.692	-0.089
4776.875	-0.088
4777.030	-0.089
4777.187	-0.088
4777.370	-0.088
4777.525	-0.089
4777.708	-0.088
4777.863	-0.088
4778.020	-0.088
4778.203	-0.088
4778.358	-0.088
4778.542	-0.089
4778.697	-0.088
4778.854	-0.088
4779.037	-0.088
4779.192	-0.088
4779.375	-0.089
4779.530	-0.088
4779.687	-0.088
4779.870	-0.089
4780.025	-0.088
4780.208	-0.088
4780.363	-0.089
4780.520	-0.088
4780.703	-0.088
4780.858	-0.088
4781.015	-0.088
4781.197	-0.088
4781.354	-0.088
4781.537	-0.088
4781.692	-0.088
4781.875	-0.088
4782.030	-0.088
4782.187	-0.088
4782.370	-0.088
4782.525	-0.088
4782.708	-0.089
4782.863	-0.088
4783.020	-0.088
4783.203	-0.088
4783.358	-0.088
4783.515	-0.088
4783.697	-0.089
4783.854	-0.088
4784.037	-0.088
4784.192	-0.089
4784.348	-0.088
4784.530	-0.089
4784.687	-0.088
4784.870	-0.088
4785.025	-0.088
4785.208	-0.088
4785.363	-0.088
4785.520	-0.088
4785.703	-0.088
4785.858	-0.088
4786.015	-0.088
4786.197	-0.088
4786.354	-0.088
4786.537	-0.089
4786.692	-0.088
4786.875	-0.088
4787.030	-0.088
4787.187	-0.088
4787.370	-0.088
4787.525	-0.089
4787.682	-0.088
4787.863	-0.089
4788.020	-0.088
4788.203	-0.088
4788.358	-0.088
4788.515	-0.089
4788.697	-0.088
4788.854	-0.088
4789.037	-0.088
4789.192	-0.089
4789.375	-0.088
4789.530	-0.088
4789.687	-0.088
4789.870	-0.088
4790.025	-0.088
4790.208	-0.088
4790.363	-0.088
4790.520	-0.088
4790.703	-0.088
4790.858	-0.088
4791.042	-0.088
4791.197	-0.088
4791.354	-0.088
4791.537	-0.089
4791.692	-0.088
4791.875	-0.088
4792.030	-0.088
4792.187	-0.088
4792.370	-0.088
4792.525	-0.088
4792.708	-0.088
4792.863	-0.088
4793.020	-0.088
4793.203	-0.088
4793.358	-0.089
4793.515	-0.088
4793.697	-0.088
4793.854	-0.088
4794.037	-0.088
4794.192	-0.088
4794.348	-0.089
4794.530	-0.088
4794.687	-0.089
4794.870	-0.088
4795.025	-0.088
4795.208	-0.088
4795.363	-0.088
4795.520	-0.088
4795.703	-0.088
4795.858	-0.088
4796.015	-0.089
4796.197	-0.088
4796.354	-0.089
4796.537	-0.088
4796.692	-0.088
4796.875	-0.089
4797.030	-0.088
4797.187	-0.088
4797.370	-0.088
4797.525	-0.088
4797.682	-0.088
4797.863	-0.088
4798.020	-0.088
4798.203	-0.088
4798.358	-0.088
4798.542	-0.088
4798.697	-0.088
4798.854	-0.089
4799.037	-0.088
4799.192	-0.088
4799.375	-0.088
4799.530	-0.088
4799.687	-0.088
4799.870	-0.088
4800.025	-0.089
4800.182	-0.088
4800.363	-0.088
4800.520	-0.088
4800.703	-0.088
4800.858	-0.088
4801.015	-0.089
4801.197	-0.089
4801.354	-0.089
4801.537	-0.088
4801.692	-0.088
4801.875	-0.088
4802.030	-0.089
4802.187	-0.088
4802.370	-0.088
4802.525	-0.089
4802.682	-0.089
4802.863	-0.088
4803.020	-0.088
4803.203	-0.089
4803.358	-0.088
4803.542	-0.088
4803.697	-0.088
4803.854	-0.088
4804.037	-0.088
4804.192	-0.088
4804.348	-0.088
4804.530	-0.089
4804.687	-0.088
4804.870	-0.088
4805.025	-0.088
4805.182	-0.088
4805.363	-0.089
4805.520	-0.088
4805.703	-0.088
4805.858	-0.088
4806.015	-0.088
4806.197	-0.088
4806.354	-0.089
4806.537	-0.088
4806.692	-0.088
4806.875	-0.088
4807.030	-0.088
4807.187	-0.088
4807.370	-0.088
4807.525	-0.088
4807.682	-0.088
4807.863	-0.088
4808.020	-0.088
4808.203	-0.088
4808.358	-0.088
4808.515	-0.088
4808.697	-0.088
4808.854	-0.088
4809.037	-0.088
4809.192	-0.088
4809.348	-0.088
4809.530	-0.089
4809.687	-0.088
4809.870	-0.088
4810.025	-0.088
4810.182	-0.088
4810.363	-0.088
4810.520	-0.088
4810.703	-0.088
4810.858	-0.088
4811.015	-0.088
4811.197	-0.088
4811.354	-0.088
4811.537	-0.088
4811.692	-0.088
4811.875	-0.089
4812.030	-0.088
4812.187	-0.089
4812.370	-0.089
4812.525	-0.088
4812.682	-0.088
4812.863	-0.088
4813.020	-0.089
4813.203	-0.088
4813.358	-0.088
4813.542	-0.088
4813.697	-0.088
4813.854	-0.088
4814.037	-0.088
4814.192	-0.088
4814.348	-0.088
4814.530	-0.088
4814.687	-0.088
4814.870	-0.088
4815.025	-0.088
4815.182	-0.088
4815.363	-0.088
4815.520	-0.088
4815.703	-0.089
4815.858	-0.090
4816.042	-0.088
4816.197	-0.088
4816.354	-0.088
4816.537	-0.088
4816.692	-0.088
4816.848	-0.088
4817.030	-0.088
4817.187	-0.088
4817.370	-0.088
4817.525	-0.088
4817.682	-0.088
4817.863	-0.088
4818.020	-0.089
4818.203	-0.088
4818.358	-0.088
4818.542	-0.088
4818.697	-0.089
4818.854	-0.088
4819.037	-0.088
4819.192	-0.088
4819.375	-0.088
4819.530	-0.088
4819.687	-0.088
4819.870	-0.088
4820.025	-0.088
4820.182	-0.088
4820.363	-0.088
4820.520	-0.088
4820.703	-0.088
4820.858	-0.088
4821.015	-0.089
4821.197	-0.088
4821.354	-0.089
4821.537	-0.088
4821.692	-0.088
4821.875	-0.089
4822.030	-0.088
4822.187	-0.089
4822.370	-0.088
4822.525	-0.088
4822.708	-0.088
4822.863	-0.088
4823.020	-0.088
4823.203	-0.088
4823.358	-0.088
4823.515	-0.088
4823.697	-0.088
4823.854	-0.088
4824.037	-0.089
4824.192	-0.088
4824.375	-0.088
4824.530	-0.088
4824.687	-0.088
4824.870	-0.088
4825.025	-0.088
4825.208	-0.089
4825.363	-0.088
4825.520	-0.088
4825.703	-0.088
4825.858	-0.088
4826.015	-0.088
4826.197	-0.088
4826.354	-0.088
4826.537	-0.088
4826.692	-0.088
4826.848	-0.088
4827.030	-0.088
4827.187	-0.088
4827.370	-0.088
4827.525	-0.088
4827.682	-0.088
4827.863	-0.088
4828.020	-0.088
4828.203	-0.088
4828.358	-0.088
4828.515	-0.088
4828.697	-0.088
4828.854	-0.088
4829.037	-0.088
4829.192	-0.088
4829.348	-0.088
4829.530	-0.088
4829.687	-0.088
4829.870	-0.088
4830.025	-0.088
4830.182	-0.089
4830.363	-0.089
4830.520	-0.088
4830.703	-0.088
4830.858	-0.088
4831.015	-0.088
4831.197	-0.088
4831.354	-0.088
4831.537	-0.088
4831.692	-0.089
4831.848	-0.088
4832.030	-0.088
4832.187	-0.088
4832.370	-0.090
4832.525	-0.088
4832.708	-0.089
4832.863	-0.088
4833.020	-0.089
4833.203	-0.088
4833.358	-0.088
4833.542	-0.088
4833.697	-0.088
4833.854	-0.088
4834.037	-0.088
4834.192	-0.088
4834.348	-0.088
4834.530	-0.088
4834.687	-0.088
4834.870	-0.088
4835.025	-0.088
4835.182	-0.088
4835.363	-0.088
4835.520	-0.088
4835.703	-0.088
4835.858	-0.088
4836.015	-0.088
4836.197	-0.088
4836.354	-0.088
4836.537	-0.088
4836.692	-0.088
4836.848	-0.089
4837.030	-0.088
4837.187	-0.089
4837.370	-0.088
4837.525	-0.088
4837.708	-0.088
4837.863	-0.088
4838.020	-0.088
4838.203	-0.088
4838.358	-0.089
4838.542	-0.088
4838.697	-0.088
4838.854	-0.088
4839.037	-0.088
4839.192	-0.088
4839.348	-0.088
4839.530	-0.089
4839.687	-0.088
4839.870	-0.088
4840.025	-0.088
4840.182	-0.088
4840.363	-0.088
4840.520	-0.088
4840.703	-0.088
4840.858	-0.088
4841.042	-0.088
4841.197	-0.089
4841.354	-0.089
4841.537	-0.088
4841.692	-0.088
4841.875	-0.088
4842.030	-0.088
4842.187	-0.088
4842.370	-0.088
4842.525	-0.088
4842.682	-0.088
4842.863	-0.088
4843.020	-0.088
4843.203	-0.088
4843.358	-0.088
4843.515	-0.088
4843.697	-0.088
4843.854	-0.088
4844.037	-0.088
4844.192	-0.088
4844.348	-0.088
4844.530	-0.088
4844.687	-0.088
4844.870	-0.088
4845.025	-0.090
4845.182	-0.088
4845.363	-0.089
4845.520	-0.089
4845.703	-0.088
4845.858	-0.088
4846.015	-0.088
4846.197	-0.088
4846.354	-0.088
4846.537	-0.088
4846.692	-0.089
4846.848	-0.088
4847.030	-0.088
4847.187	-0.089
4847.370	-0.088
4847.525	-0.088
4847.682	-0.088
4847.863	-0.089
4848.020	-0.088
4848.203	-0.088
4848.358	-0.088
4848.515	-0.088
4848.697	-0.089
4848.854	-0.088
4849.037	-0.088
4849.192	-0.088
4849.348	-0.088
4849.530	-0.088
4849.687	-0.089
4849.870	-0.088
4850.025	-0.088
4850.182	-0.088
4850.363	-0.088
4850.520	-0.088
4850.703	-0.088
4850.858	-0.088
4851.015	-0.088
4851.197	-0.089
4851.354	-0.088
4851.537	-0.088
4851.692	-0.088
4851.848	-0.089
4852.030	-0.088
4852.187	-0.088
4852.370	-0.088
4852.525	-0.088
4852.682	-0.089
4852.863	-0.088
4853.020	-0.088
4853.203	-0.089
4853.358	-0.089
4853.515	-0.088
4853.697	-0.088
4853.854	-0.088
4854.037	-0.088
4854.192	-0.088
4854.348	-0.088
4854.530	-0.088
4854.687	-0.088
4854.870	-0.088
4855.025	-0.088
4855.182	-0.088
4855.363	-0.088
4855.520	-0.088
4855.703	-0.090
4855.858	-0.088
4856.015	-0.089
4856.197	-0.088
4856.354	-0.088
4856.537	-0.088
4856.692	-0.088
4856.848	-0.088
4857.030	-0.088
4857.187	-0.088
4857.370	-0.089
4857.525	-0.088
4857.682	-0.088
4857.863	-0.088
4858.020	-0.088
4858.203	-0.088
4858.358	-0.088
4858.515	-0.088
4858.697	-0.088
4858.854	-0.088
4859.037	-0.088
4859.192	-0.088
4859.348	-0.088
4859.530	-0.088
4859.687	-0.088
4859.870	-0.089
4860.025	-0.088
4860.182	-0.088
4860.363	-0.088
4860.520	-0.088
4860.703	-0.089
4860.858	-0.088
4861.015	-0.088
4861.197	-0.088
4861.354	-0.088
4861.537	-0.088
4861.692	-0.088
4861.848	-0.088
4862.030	-0.088
4862.187	-0.088
4862.370	-0.089
4862.525	-0.088
4862.682	-0.089
4862.863	-0.088
4863.020	-0.088
4863.203	-0.088
4863.358	-0.088
4863.515	-0.088
4863.697	-0.088
4863.854	-0.088
4864.037	-0.089
4864.192	-0.089
4864.348	-0.088
4864.530	-0.088
4864.687	-0.088
4864.870	-0.088
4865.025	-0.088
4865.182	-0.088
4865.363	-0.089
4865.520	-0.088
4865.703	-0.089
4865.858	-0.089
4866.015	-0.088
4866.197	-0.088
4866.354	-0.088
4866.537	-0.088
4866.692	-0.088
4866.848	-0.088
4867.030	-0.088
4867.187	-0.088
4867.370	-0.088
4867.525	-0.088
4867.682	-0.088
4867.863	-0.088
4868.020	-0.088
4868.203	-0.088
4868.358	-0.088
4868.515	-0.088
4868.697	-0.088
4868.854	-0.088
4869.037	-0.089
4869.192	-0.088
4869.348	-0.088
4869.530	-0.088
4869.687	-0.088
4869.870	-0.088
4870.025	-0.089
4870.182	-0.089
4870.363	-0.088
4870.520	-0.088
4870.703	-0.088
4870.858	-0.088
4871.015	-0.089
4871.197	-0.088
4871.354	-0.088
4871.537	-0.089
4871.692	-0.088
4871.848	-0.088
4872.030	-0.088
4872.187	-0.088
4872.370	-0.088
4872.525	-0.088
4872.682	-0.089
4872.863	-0.088
4873.020	-0.090
4873.203	-0.088
4873.358	-0.088
4873.515	-0.088
4873.697	-0.088
4873.854	-0.088
4874.037	-0.088
4874.192	-0.088
4874.348	-0.089
4874.530	-0.088
4874.687	-0.088
4874.870	-0.088
4875.025	-0.088
4875.182	-0.088
4875.363	-0.088
4875.520	-0.088
4875.703	-0.089
4875.858	-0.088
4876.015	-0.088
4876.197	-0.089
4876.354	-0.089
4876.537	-0.089
4876.692	-0.088
4876.848	-0.088
4877.030	-0.088
4877.187	-0.088
4877.370	-0.088
4877.525	-0.088
4877.682	-0.088
4877.863	-0.088
4878.020	-0.089
4878.203	-0.088
4878.358	-0.088
4878.515	-0.088
4878.697	-0.089
4878.854	-0.088
4879.037	-0.089
4879.192	-0.088
4879.348	-0.089
4879.530	-0.088
4879.687	-0.088
4879.870	-0.088
4880.025	-0.088
4880.182	-0.088
4880.363	-0.088
4880.520	-0.089
4880.703	-0.089
4880.858	-0.088
4881.015	-0.089
4881.197	-0.089
4881.354	-0.089
4881.537	-0.088
4881.692	-0.088
4881.848	-0.088
4882.030	-0.088
4882.187	-0.088
4882.370	-0.088
4882.525	-0.088
4882.682	-0.088
4882.863	-0.088
4883.020	-0.088
4883.203	-0.088
4883.358	-0.088
4883.515	-0.088
4883.697	-0.088
4883.854	-0.088
4884.037	-0.088
4884.192	-0.088
4884.348	-0.088
4884.530	-0.088
4884.687	-0.089
4884.870	-0.088
4885.025	-0.088
4885.182	-0.088
4885.338	-0.089
4885.520	-0.088
4885.703	-0.088
4885.858	-0.088
4886.015	-0.088
4886.197	-0.088
4886.354	-0.088
4886.537	-0.088
4886.692	-0.088
4886.848	-0.089
4887.030	-0.088
4887.187	-0.088
4887.370	-0.089
4887.525	-0.088
4887.682	-0.088
4887.863	-0.088
4888.020	-0.088
4888.203	-0.088
4888.358	-0.089
4888.515	-0.088
4888.697	-0.088
4888.854	-0.088
4889.037	-0.089
4889.192	-0.088
4889.348	-0.088
4889.530	-0.088
4889.687	-0.088
4889.870	-0.088
4890.025	-0.089
4890.182	-0.088
4890.363	-0.088
4890.520	-0.088
4890.703	-0.088
4890.858	-0.088
4891.015	-0.088
4891.197	-0.088
4891.354	-0.089
4891.537	-0.088
4891.692	-0.088
4891.848	-0.088
4892.030	-0.088
4892.187	-0.089
4892.370	-0.088
4892.525	-0.088
4892.682	-0.088
4892.863	-0.088
4893.020	-0.088
4893.203	-0.088
4893.358	-0.088
4893.515	-0.089
4893.697	-0.088
4893.854	-0.088
4894.037	-0.088
4894.192	-0.088
4894.348	-0.088
4894.530	-0.088
4894.687	-0.089
4894.870	-0.088
4895.025	-0.088
4895.182	-0.088
4895.363	-0.089
4895.520	-0.088
4895.703	-0.088
4895.858	-0.088
4896.015	-0.088
4896.197	-0.088
4896.354	-0.088
4896.537	-0.088
4896.692	-0.088
4896.848	-0.088
4897.030	-0.088
4897.187	-0.088
4897.370	-0.088
4897.525	-0.088
4897.682	-0.089
4897.863	-0.088
4898.020	-0.088
4898.203	-0.088
4898.358	-0.088
4898.515	-0.088
4898.697	-0.089
4898.854	-0.088
4899.037	-0.088
4899.192	-0.088
4899.348	-0.089
4899.530	-0.088
4899.687	-0.088
4899.870	-0.088
4900.025	-0.088
4900.182	-0.088
4900.363	-0.088
4900.520	-0.088
4900.703	-0.088
4900.858	-0.088
4901.015	-0.088
4901.197	-0.088
4901.354	-0.088
4901.537	-0.088
4901.692	-0.088
4901.848	-0.089
4902.030	-0.088
4902.187	-0.088
4902.370	-0.088
4902.525	-0.089
4902.682	-0.088
4902.863	-0.088
4903.020	-0.088
4903.203	-0.089
4903.358	-0.088
4903.515	-0.088
4903.697	-0.089
4903.854	-0.089
4904.037	-0.088
4904.192	-0.088
4904.348	-0.088
4904.530	-0.088
4904.687	-0.088
4904.843	-0.089
4905.025	-0.088
4905.182	-0.088
4905.363	-0.088
4905.520	-0.088
4905.677	-0.088
4905.858	-0.088
4906.015	-0.088
4906.197	-0.088
4906.354	-0.088
4906.510	-0.088
4906.692	-0.088
4906.848	-0.088
4907.030	-0.088
4907.187	-0.088
4907.343	-0.089
4907.525	-0.088
4907.682	-0.088
4907.863	-0.088
4908.020	-0.088
4908.177	-0.088
4908.358	-0.088
4908.515	-0.088
4908.697	-0.088
4908.854	-0.088
4909.010	-0.088
4909.192	-0.088
4909.348	-0.088
4909.530	-0.088
4909.687	-0.088
4909.843	-0.088
4910.025	-0.088
4910.182	-0.088
4910.363	-0.089
4910.520	-0.088
4910.677	-0.088
4910.858	-0.088
4911.015	-0.089
4911.197	-0.090
4911.354	-0.088
4911.510	-0.088
4911.692	-0.088
4911.848	-0.088
4912.030	-0.088
4912.187	-0.088
4912.343	-0.088
4912.525	-0.088
4912.682	-0.088
4912.863	-0.088
4913.020	-0.088
4913.177	-0.088
4913.358	-0.089
4913.515	-0.088
4913.697	-0.088
4913.854	-0.089
4914.010	-0.088
4914.192	-0.088
4914.348	-0.089
4914.530	-0.088
4914.687	-0.088
4914.843	-0.088
4915.025	-0.088
4915.182	-0.089
4915.363	-0.088
4915.520	-0.089
4915.677	-0.088
4915.858	-0.089
4916.015	-0.088
4916.197	-0.088
4916.354	-0.089
4916.510	-0.088
4916.692	-0.088
4916.848	-0.088
4917.030	-0.088
4917.187	-0.089
4917.343	-0.088
4917.525	-0.088
4917.682	-0.088
4917.863	-0.089
4918.020	-0.088
4918.177	-0.088
4918.358	-0.088
4918.515	-0.088
4918.697	-0.088
4918.854	-0.088
4919.010	-0.089
4919.192	-0.088
4919.348	-0.088
4919.530	-0.088
4919.687	-0.088
4919.843	-0.089
4920.025	-0.088
4920.182	-0.089
4920.363	-0.089
4920.520	-0.088
4920.677	-0.088
4920.858	-0.089
4921.015	-0.088
4921.197	-0.088
4921.354	-0.088
4921.510	-0.088
4921.692	-0.088
4921.848	-0.088
4922.030	-0.088
4922.187	-0.089
4922.343	-0.088
4922.525	-0.089
4922.682	-0.088
4922.863	-0.088
4923.020	-0.088
4923.177	-0.088
4923.358	-0.088
4923.515	-0.088
4923.697	-0.088
4923.854	-0.088
4924.010	-0.089
4924.192	-0.088
4924.348	-0.088
4924.530	-0.088
4924.687	-0.088
4924.843	-0.088
4925.025	-0.088
4925.182	-0.088
4925.363	-0.088
4925.520	-0.088
4925.677	-0.088
4925.858	-0.089
4926.015	-0.088
4926.197	-0.088
4926.354	-0.088
4926.510	-0.088
4926.692	-0.088
4926.848	-0.088
4927.030	-0.088
4927.187	-0.088
4927.343	-0.088
4927.525	-0.088
4927.682	-0.088
4927.863	-0.089
4928.020	-0.088
4928.177	-0.089
4928.358	-0.089
4928.515	-0.089
4928.697	-0.088
4928.854	-0.088
4929.010	-0.088
4929.192	-0.088
4929.348	-0.090
4929.530	-0.089
4929.687	-0.088
4929.843	-0.088
4930.025	-0.088
4930.182	-0.088
4930.363	-0.089
4930.520	-0.089
4930.677	-0.088
4930.858	-0.088
4931.015	-0.088
4931.197	-0.089
4931.354	-0.088
4931.510	-0.088
4931.692	-0.088
4931.848	-0.089
4932.030	-0.089
4932.187	-0.088
4932.343	-0.088
4932.525	-0.088
4932.682	-0.088
4932.863	-0.089
4933.020	-0.088
4933.177	-0.088
4933.358	-0.088
4933.515	-0.088
4933.697	-0.089
4933.854	-0.088
4934.010	-0.088
4934.192	-0.088
4934.348	-0.088
4934.530	-0.088
4934.687	-0.089
4934.843	-0.088
4935.025	-0.088
4935.182	-0.088
4935.363	-0.089
4935.520	-0.088
4935.677	-0.088
4935.858	-0.088
4936.015	-0.088
4936.197	-0.088
4936.354	-0.088
4936.510	-0.088
4936.692	-0.088
4936.848	-0.088
4937.030	-0.089
4937.187	-0.088
4937.343	-0.088
4937.525	-0.088
4937.682	-0.088
4937.863	-0.088
4938.020	-0.088
4938.177	-0.088
4938.358	-0.088
4938.515	-0.088
4938.697	-0.088
4938.854	-0.088
4939.010	-0.088
4939.192	-0.088
4939.348	-0.088
4939.530	-0.088
4939.687	-0.088
4939.843	-0.089
4940.025	-0.088
4940.182	-0.088
4940.363	-0.088
4940.520	-0.088
4940.677	-0.088
4940.858	-0.088
4941.015	-0.088
4941.197	-0.088
4941.354	-0.088
4941.510	-0.088
4941.692	-0.088
4941.848	-0.088
4942.030	-0.088
4942.187	-0.088
4942.343	-0.088
4942.525	-0.089
4942.682	-0.088
4942.863	-0.089
4943.020	-0.088
4943.177	-0.088
4943.358	-0.088
4943.515	-0.089
4943.697	-0.088
4943.854	-0.088
4944.010	-0.088
4944.192	-0.088
4944.348	-0.088
4944.530	-0.088
4944.687	-0.088
4944.843	-0.088
4945.025	-0.088
4945.182	-0.088
4945.363	-0.088
4945.520	-0.088
4945.677	-0.088
4945.858	-0.088
4946.015	-0.088
4946.197	-0.088
4946.354	-0.088
4946.510	-0.088
4946.692	-0.088
4946.848	-0.088
4947.030	-0.088
4947.187	-0.088
4947.343	-0.088
4947.525	-0.088
4947.682	-0.088
4947.863	-0.088
4948.020	-0.088
4948.177	-0.088
4948.358	-0.088
4948.515	-0.088
4948.697	-0.089
4948.854	-0.089
4949.010	-0.088
4949.192	-0.089
4949.348	-0.088
4949.530	-0.088
4949.687	-0.088
4949.843	-0.088
4950.025	-0.088
4950.182	-0.088
4950.363	-0.088
4950.520	-0.088
4950.677	-0.088
4950.858	-0.088
4951.015	-0.088
4951.197	-0.088
4951.354	-0.090
4951.510	-0.088
4951.692	-0.088
4951.848	-0.088
4952.030	-0.088
4952.187	-0.088
4952.343	-0.088
4952.525	-0.088
4952.682	-0.088
4952.863	-0.088
4953.020	-0.088
4953.177	-0.088
4953.358	-0.088
4953.515	-0.088
4953.697	-0.088
4953.854	-0.088
4954.010	-0.088
4954.192	-0.089
4954.348	-0.088
4954.530	-0.088
4954.687	-0.088
4954.843	-0.088
4955.025	-0.088
4955.182	-0.088
4955.363	-0.088
4955.520	-0.088
4955.677	-0.088
4955.858	-0.088
4956.015	-0.088
4956.197	-0.088
4956.354	-0.088
4956.510	-0.088
4956.692	-0.088
4956.848	-0.088
4957.030	-0.088
4957.187	-0.088
4957.343	-0.088
4957.525	-0.088
4957.682	-0.088
4957.863	-0.088
4958.020	-0.088
4958.177	-0.088
4958.358	-0.088
4958.515	-0.088
4958.697	-0.088
4958.854	-0.088
4959.010	-0.088
4959.192	-0.088
4959.348	-0.088
4959.530	-0.088
4959.687	-0.088
4959.843	-0.088
4960.025	-0.088
4960.182	-0.088
4960.363	-0.088
4960.520	-0.088
4960.677	-0.088
4960.858	-0.088
4961.015	-0.088
4961.197	-0.088
4961.354	-0.088
4961.510	-0.088
4961.692	-0.088
4961.848	-0.088
4962.030	-0.088
4962.187	-0.088
4962.343	-0.088
4962.525	-0.088
4962.682	-0.088
4962.863	-0.088
4963.020	-0.088
4963.177	-0.088
4963.358	-0.088
4963.515	-0.088
4963.697	-0.088
4963.854	-0.088
4964.010	-0.088
4964.192	-0.088
4964.348	-0.088
4964.530	-0.088
4964.687	-0.088
4964.843	-0.088
4965.025	-0.088
4965.182	-0.088
4965.363	-0.088
4965.520	-0.088
4965.677	-0.088
4965.858	-0.088
4966.015	-0.088
4966.197	-0.088
4966.354	-0.088
4966.510	-0.088
4966.692	-0.088
4966.848	-0.088
4967.030	-0.088
4967.187	-0.088
4967.343	-0.088
4967.525	-0.088
4967.682	-0.088
4967.863	-0.088
4968.020	-0.088
4968.177	-0.088
4968.358	-0.088
4968.515	-0.088
4968.697	-0.088
4968.854	-0.088
4969.010	-0.088
4969.192	-0.088
4969.348	-0.088
4969.530	-0.088
4969.687	-0.088
4969.843	-0.088
4970.025	-0.088
4970.182	-0.088
4970.363	-0.088
4970.520	-0.088
4970.677	-0.088
4970.858	-0.088
4971.015	-0.089
4971.197	-0.088
4971.354	-0.088
4971.510	-0.088
4971.692	-0.088
4971.848	-0.088
4972.030	-0.088
4972.187	-0.088
4972.343	-0.088
4972.525	-0.089
4972.682	-0.088
4972.863	-0.088
4973.020	-0.088
4973.177	-0.088
4973.358	-0.088
4973.515	-0.088
4973.697	-0.088
4973.854	-0.088
4974.010	-0.088
4974.192	-0.088
4974.348	-0.088
4974.530	-0.088
4974.687	-0.088
4974.843	-0.088
4975.025	-0.088
4975.182	-0.088
4975.363	-0.088
4975.520	-0.088
4975.677	-0.088
4975.858	-0.088
4976.015	-0.088
4976.197	-0.089
4976.354	-0.088
4976.510	-0.088
4976.692	-0.088
4976.848	-0.089
4977.030	-0.088
4977.187	-0.088
4977.343	-0.088
4977.525	-0.088
4977.682	-0.088
4977.863	-0.088
4978.020	-0.088
4978.177	-0.088
4978.358	-0.089
4978.515	-0.089
4978.697	-0.088
4978.854	-0.088
4979.010	-0.088
4979.192	-0.088
4979.348	-0.088
4979.530	-0.088
4979.687	-0.088
4979.843	-0.088
4980.025	-0.088
4980.182	-0.088
4980.363	-0.088
4980.520	-0.088
4980.677	-0.088
4980.858	-0.088
4981.015	-0.088
4981.197	-0.088
4981.354	-0.088
4981.510	-0.088
4981.692	-0.088
4981.848	-0.089
4982.030	-0.088
4982.187	-0.088
4982.343	-0.089
4982.525	-0.088
4982.682	-0.088
4982.863	-0.088
4983.020	-0.088
4983.177	-0.088
4983.358	-0.088
4983.515	-0.088
4983.697	-0.088
4983.854	-0.088
4984.010	-0.089
4984.192	-0.088
4984.348	-0.088
4984.530	-0.088
4984.687	-0.088
4984.843	-0.088
4985.025	-0.089
4985.182	-0.088
4985.363	-0.088
4985.520	-0.088
4985.677	-0.088
4985.858	-0.088
4986.015	-0.089
4986.197	-0.088
4986.354	-0.088
4986.510	-0.088
4986.692	-0.088
4986.848	-0.089
4987.030	-0.088
4987.187	-0.089
4987.343	-0.088
4987.525	-0.088
4987.682	-0.088
4987.863	-0.088
4988.020	-0.088
4988.177	-0.088
4988.358	-0.088
4988.515	-0.088
4988.697	-0.088
4988.854	-0.088
4989.010	-0.088
4989.192	-0.088
4989.348	-0.088
4989.530	-0.088
4989.687	-0.088
4989.843	-0.088
4990.025	-0.088
4990.182	-0.088
4990.363	-0.088
4990.520	-0.088
4990.677	-0.089
4990.858	-0.088
4991.015	-0.088
4991.197	-0.088
4991.354	-0.088
4991.510	-0.088
4991.692	-0.088
4991.848	-0.088
4992.030	-0.088
4992.187	-0.088
4992.343	-0.088
4992.525	-0.089
4992.682	-0.088
4992.863	-0.088
4993.020	-0.088
4993.177	-0.088
4993.358	-0.088
4993.515	-0.088
4993.697	-0.088
4993.854	-0.089
4994.010	-0.088
4994.192	-0.090
4994.348	-0.089
4994.530	-0.088
4994.687	-0.088
4994.843	-0.088
4995.025	-0.088
4995.182	-0.088
4995.363	-0.088
4995.520	-0.088
4995.677	-0.088
4995.858	-0.088
4996.015	-0.088
4996.197	-0.088
4996.354	-0.088
4996.510	-0.088
4996.692	-0.088
4996.848	-0.088
4997.030	-0.088
4997.187	-0.088
4997.343	-0.088
4997.525	-0.088
4997.682	-0.088
4997.863	-0.089
4998.020	-0.088
4998.177	-0.088
4998.358	-0.089
4998.515	-0.088
4998.697	-0.088
4998.854	-0.088
4999.010	-0.088
4999.192	-0.088
4999.348	-0.088
4999.530	-0.089
4999.687	-0.088
4999.843	-0.088
5000.025	-0.088
5000.182	-0.089
5000.363	-0.089
5000.520	-0.089
5000.677	-0.088
5000.858	-0.088
5001.015	-0.088
5001.197	-0.088
5001.354	-0.089
5001.510	-0.088
5001.692	-0.088
5001.848	-0.088
5002.030	-0.089
5002.187	-0.088
5002.343	-0.088
5002.525	-0.090
5002.682	-0.088
5002.863	-0.088
5003.020	-0.088
5003.177	-0.088
5003.358	-0.088
5003.515	-0.088
5003.697	-0.088
5003.854	-0.089
5004.010	-0.089
5004.192	-0.088
5004.348	-0.088
5004.530	-0.088
5004.687	-0.088
5004.843	-0.088
5005.025	-0.088
5005.182	-0.088
5005.363	-0.089
5005.520	-0.088
5005.677	-0.089
5005.858	-0.088
5006.015	-0.088
5006.197	-0.088
5006.354	-0.088
5006.510	-0.088
5006.692	-0.089
5006.848	-0.088
5007.030	-0.088
5007.187	-0.088
5007.343	-0.088
5007.525	-0.088
5007.682	-0.088
5007.863	-0.088
5008.020	-0.088
5008.177	-0.088
5008.358	-0.088
5008.515	-0.088
5008.697	-0.088
5008.854	-0.088
5009.010	-0.088
5009.192	-0.088
5009.348	-0.088
5009.530	-0.088
5009.687	-0.088
5009.843	-0.088
5010.025	-0.088
5010.182	-0.088
5010.363	-0.088
5010.520	-0.088
5010.677	-0.089
5010.858	-0.089
5011.015	-0.088
5011.197	-0.089
5011.354	-0.088
5011.510	-0.089
5011.692	-0.088
5011.848	-0.088
5012.030	-0.088
5012.187	-0.089
5012.343	-0.088
5012.525	-0.088
5012.682	-0.088
5012.863	-0.088
5013.020	-0.088
5013.177	-0.088
5013.358	-0.088
5013.515	-0.088
5013.697	-0.088
5013.854	-0.088
5014.010	-0.088
5014.192	-0.088
5014.348	-0.089
5014.530	-0.088
5014.687	-0.088
5014.843	-0.089
5015.025	-0.088
5015.182	-0.088
5015.363	-0.088
5015.520	-0.088
5015.677	-0.088
5015.858	-0.088
5016.015	-0.088
5016.197	-0.088
5016.354	-0.088
5016.510	-0.088
5016.692	-0.088
5016.848	-0.088
5017.030	-0.088
5017.187	-0.088
5017.343	-0.088
5017.525	-0.088
5017.682	-0.088
5017.863	-0.088
5018.020	-0.088
5018.177	-0.088
5018.358	-0.088
5018.515	-0.088
5018.697	-0.089
5018.854	-0.089
5019.010	-0.088
5019.192	-0.089
5019.348	-0.088
5019.530	-0.089
5019.687	-0.088
5019.843	-0.088
5020.025	-0.088
5020.182	-0.088
5020.363	-0.088
5020.520	-0.088
5020.677	-0.088
5020.858	-0.088
5021.015	-0.088
5021.197	-0.088
5021.354	-0.089
5021.510	-0.090
5021.692	-0.088
5021.848	-0.088
5022.030	-0.088
5022.187	-0.088
5022.343	-0.088
5022.525	-0.089
5022.682	-0.088
5022.863	-0.088
5023.020	-0.088
5023.177	-0.088
5023.358	-0.088
5023.515	-0.088
5023.697	-0.088
5023.854	-0.088
5024.010	-0.088
5024.192	-0.088
5024.348	-0.088
5024.505	-0.088
5024.687	-0.088
5024.843	-0.088
5025.025	-0.088
5025.182	-0.088
5025.363	-0.088
5025.520	-0.089
5025.677	-0.088
5025.858	-0.088
5026.015	-0.088
5026.197	-0.088
5026.354	-0.088
5026.510	-0.088
5026.692	-0.088
5026.848	-0.088
5027.030	-0.088
5027.187	-0.088
5027.343	-0.088
5027.525	-0.088
5027.682	-0.088
5027.863	-0.088
5028.020	-0.089
5028.177	-0.088
5028.358	-0.088
5028.515	-0.088
5028.697	-0.088
5028.854	-0.088
5029.010	-0.089
5029.192	-0.088
5029.348	-0.089
5029.530	-0.088
5029.687	-0.088
5029.843	-0.088
5030.025	-0.088
5030.182	-0.089
5030.338	-0.088
5030.520	-0.088
5030.677	-0.088
5030.858	-0.088
5031.015	-0.088
5031.172	-0.088
5031.354	-0.088
5031.510	-0.088
5031.692	-0.088
5031.848	-0.088
5032.005	-0.088
5032.187	-0.088
5032.343	-0.088
5032.525	-0.088
5032.682	-0.088
5032.838	-0.088
5033.020	-0.088
5033.177	-0.088
5033.358	-0.088
5033.515	-0.088
5033.672	-0.090
5033.854	-0.088
5034.010	-0.090
5034.192	-0.089
5034.348	-0.088
5034.505	-0.088
5034.687	-0.088
5034.843	-0.088
5035.025	-0.088
5035.182	-0.088
5035.338	-0.088
5035.520	-0.088
5035.677	-0.088
5035.858	-0.088
5036.015	-0.088
5036.172	-0.088
5036.354	-0.088
5036.510	-0.088
5036.692	-0.089
5036.848	-0.088
5037.005	-0.088
5037.187	-0.088
5037.343	-0.088
5037.525	-0.088
5037.682	-0.089
5037.838	-0.088
5038.020	-0.088
5038.177	-0.088
5038.358	-0.088
5038.515	-0.088
5038.672	-0.088
5038.854	-0.088
5039.010	-0.089
5039.192	-0.089
5039.348	-0.089
5039.505	-0.088
5039.687	-0.088
5039.843	-0.088
5040.025	-0.088
5040.182	-0.088
5040.338	-0.088
5040.520	-0.088
5040.677	-0.088
5040.858	-0.089
5041.015	-0.088
5041.172	-0.088
5041.354	-0.088
5041.510	-0.088
5041.692	-0.089
5041.848	-0.088
5042.005	-0.088
5042.187	-0.088
5042.343	-0.088
5042.525	-0.089
5042.682	-0.088
5042.838	-0.088
5043.020	-0.089
5043.177	-0.088
5043.358	-0.088
5043.515	-0.089
5043.672	-0.088
5043.854	-0.088
5044.010	-0.088
5044.192	-0.088
5044.348	-0.088
5044.505	-0.088
5044.687	-0.088
5044.843	-0.088
5045.025	-0.088
5045.182	-0.088
5045.338	-0.088
5045.520	-0.088
5045.677	-0.089
5045.858	-0.088
5046.015	-0.088
5046.172	-0.088
5046.354	-0.088
5046.510	-0.088
5046.692	-0.089
5046.848	-0.088
5047.005	-0.089
5047.187	-0.088
5047.343	-0.088
5047.525	-0.088
5047.682	-0.088
5047.838	-0.088
5048.020	-0.088
5048.177	-0.089
5048.358	-0.088
5048.515	-0.088
5048.672	-0.088
5048.854	-0.088
5049.010	-0.088
5049.192	-0.089
5049.348	-0.088
5049.505	-0.088
5049.687	-0.088
5049.843	-0.088
5050.025	-0.088
5050.182	-0.088
5050.338	-0.088
5050.520	-0.089
5050.677	-0.089
5050.858	-0.089
5051.015	-0.088
5051.172	-0.088
5051.354	-0.088
5051.510	-0.088
5051.692	-0.088
5051.848	-0.088
5052.005	-0.088
5052.187	-0.088
5052.343	-0.088
5052.525	-0.089
5052.682	-0.088
5052.838	-0.088
5053.020	-0.088
5053.177	-0.088
5053.358	-0.088
5053.515	-0.088
5053.672	-0.088
5053.854	-0.088
5054.010	-0.088
5054.192	-0.089
5054.348	-0.088
5054.505	-0.088
5054.687	-0.088
5054.843	-0.088
5055.025	-0.088
5055.182	-0.088
5055.338	-0.088
5055.520	-0.088
5055.677	-0.088
5055.858	-0.088
5056.015	-0.088
5056.172	-0.088
5056.354	-0.088
5056.510	-0.088
5056.692	-0.089
5056.848	-0.088
5057.005	-0.088
5057.187	-0.088
5057.343	-0.089
5057.525	-0.088
5057.682	-0.088
5057.838	-0.088
5058.020	-0.088
5058.177	-0.088
5058.358	-0.088
5058.515	-0.089
5058.672	-0.088
5058.854	-0.088
5059.010	-0.088
5059.192	-0.088
5059.348	-0.088
5059.505	-0.088
5059.687	-0.088
5059.843	-0.088
5060.025	-0.088
5060.182	-0.088
5060.338	-0.088
5060.520	-0.088
5060.677	-0.088
5060.858	-0.088
5061.015	-0.088
5061.172	-0.088
5061.354	-0.089
5061.510	-0.088
5061.692	-0.088
5061.848	-0.088
5062.005	-0.088
5062.187	-0.089
5062.343	-0.088
5062.525	-0.088
5062.682	-0.089
5062.838	-0.089
5063.020	-0.088
5063.177	-0.088
5063.358	-0.088
5063.515	-0.088
5063.672	-0.088
5063.854	-0.089
5064.010	-0.088
5064.192	-0.088
5064.348	-0.088
5064.505	-0.088
5064.687	-0.088
5064.843	-0.089
5065.025	-0.088
5065.182	-0.088
5065.338	-0.088
5065.520	-0.088
5065.677	-0.088
5065.858	-0.088
5066.015	-0.088
5066.172	-0.088
5066.354	-0.088
5066.510	-0.088
5066.692	-0.088
5066.848	-0.088
5067.005	-0.088
5067.187	-0.088
5067.343	-0.088
5067.525	-0.088
5067.682	-0.088
5067.838	-0.088
5068.020	-0.088
5068.177	-0.088
5068.358	-0.089
5068.515	-0.088
5068.672	-0.088
5068.854	-0.089
5069.010	-0.088
5069.192	-0.088
5069.348	-0.088
5069.505	-0.089
5069.687	-0.088
5069.843	-0.088
5070.025	-0.088
5070.182	-0.088
5070.338	-0.088
5070.520	-0.088
5070.677	-0.089
5070.858	-0.088
5071.015	-0.088
5071.172	-0.088
5071.354	-0.088
5071.510	-0.088
5071.692	-0.088
5071.848	-0.088
5072.005	-0.089
5072.187	-0.088
5072.343	-0.088
5072.525	-0.088
5072.682	-0.088
5072.838	-0.088
5073.020	-0.088
5073.177	-0.088
5073.358	-0.088
5073.515	-0.088
5073.672	-0.088
5073.854	-0.088
5074.010	-0.088
5074.192	-0.088
5074.348	-0.088
5074.505	-0.088
5074.687	-0.088
5074.843	-0.088
5075.025	-0.088
5075.182	-0.088
5075.338	-0.088
5075.520	-0.088
5075.677	-0.089
5075.858	-0.088
5076.015	-0.088
5076.172	-0.088
5076.354	-0.088
5076.510	-0.088
5076.692	-0.088
5076.848	-0.088
5077.005	-0.088
5077.187	-0.088
5077.343	-0.088
5077.525	-0.088
5077.682	-0.088
5077.838	-0.088
5078.020	-0.088
5078.177	-0.088
5078.358	-0.088
5078.515	-0.088
5078.672	-0.088
5078.854	-0.088
5079.010	-0.088
5079.192	-0.088
5079.348	-0.088
5079.505	-0.088
5079.687	-0.088
5079.843	-0.088
5080.025	-0.088
5080.182	-0.088
5080.338	-0.088
5080.520	-0.088
5080.677	-0.088
5080.858	-0.088
5081.015	-0.089
5081.172	-0.088
5081.354	-0.088
5081.510	-0.088
5081.692	-0.088
5081.848	-0.088
5082.005	-0.088
5082.187	-0.088
5082.343	-0.088
5082.525	-0.089
5082.682	-0.088
5082.838	-0.088
5083.020	-0.088
5083.177	-0.088
5083.358	-0.088
5083.515	-0.088
5083.672	-0.089
5083.854	-0.088
5084.010	-0.088
5084.192	-0.088
5084.348	-0.088
5084.505	-0.088
5084.687	-0.088
5084.843	-0.088
5085.025	-0.089
5085.182	-0.089
5085.338	-0.088
5085.520	-0.088
5085.677	-0.088
5085.858	-0.088
5086.015	-0.088
5086.172	-0.088
5086.354	-0.088
5086.510	-0.088
5086.692	-0.088
5086.848	-0.088
5087.005	-0.088
5087.187	-0.088
5087.343	-0.088
5087.525	-0.088
5087.682	-0.088
5087.838	-0.088
5088.020	-0.088
5088.177	-0.088
5088.358	-0.088
5088.515	-0.088
5088.672	-0.088
5088.854	-0.088
5089.010	-0.088
5089.192	-0.088
5089.348	-0.088
5089.505	-0.088
5089.687	-0.088
5089.843	-0.088
5090.025	-0.088
5090.182	-0.089
5090.338	-0.088
5090.520	-0.088
5090.677	-0.088
5090.858	-0.088
5091.015	-0.088
5091.172	-0.088
5091.354	-0.088
5091.510	-0.088
5091.692	-0.088
5091.848	-0.088
5092.005	-0.088
5092.187	-0.088
5092.343	-0.088
5092.525	-0.088
5092.682	-0.088
5092.838	-0.088
5093.020	-0.089
5093.177	-0.088
5093.358	-0.089
5093.515	-0.088
5093.672	-0.088
5093.854	-0.088
5094.010	-0.088
5094.192	-0.088
5094.348	-0.088
5094.505	-0.089
5094.687	-0.088
5094.843	-0.089
5095.025	-0.088
5095.182	-0.088
5095.338	-0.088
5095.520	-0.088
5095.677	-0.088
5095.858	-0.088
5096.015	-0.088
5096.172	-0.088
5096.354	-0.088
5096.510	-0.089
5096.692	-0.088
5096.848	-0.088
5097.005	-0.088
5097.187	-0.088
5097.343	-0.089
5097.525	-0.088
5097.682	-0.088
5097.838	-0.088
5098.020	-0.088
5098.177	-0.088
5098.358	-0.089
5098.515	-0.088
5098.672	-0.088
5098.854	-0.088
5099.010	-0.088
5099.192	-0.088
5099.348	-0.088
5099.505	-0.089
5099.687	-0.089
5099.843	-0.088
5100.025	-0.088
5100.182	-0.088
5100.338	-0.088
5100.520	-0.088
5100.677	-0.088
5100.858	-0.089
5101.015	-0.088
5101.172	-0.089
5101.354	-0.088
5101.510	-0.089
5101.692	-0.088
5101.848	-0.088
5102.005	-0.088
5102.187	-0.088
5102.343	-0.089
5102.525	-0.088
5102.682	-0.088
5102.838	-0.088
5103.020	-0.088
5103.177	-0.088
5103.358	-0.088
5103.515	-0.089
5103.672	-0.089
5103.854	-0.088
5104.010	-0.088
5104.192	-0.088
5104.348	-0.088
5104.505	-0.088
5104.687	-0.088
5104.843	-0.088
5105.025	-0.088
5105.182	-0.088
5105.338	-0.088
5105.520	-0.088
5105.677	-0.088
5105.858	-0.089
5106.015	-0.088
5106.172	-0.088
5106.354	-0.088
5106.510	-0.088
5106.692	-0.088
5106.848	-0.088
5107.005	-0.088
5107.187	-0.088
5107.343	-0.088
5107.525	-0.088
5107.682	-0.088
5107.838	-0.090
5108.020	-0.089
5108.177	-0.088
5108.358	-0.088
5108.515	-0.088
5108.672	-0.088
5108.854	-0.088
5109.010	-0.088
5109.192	-0.088
5109.348	-0.089
5109.505	-0.088
5109.687	-0.088
5109.843	-0.088
5110.025	-0.089
5110.182	-0.089
5110.338	-0.088
5110.520	-0.088
5110.677	-0.088
5110.858	-0.088
5111.015	-0.088
5111.172	-0.089
5111.354	-0.088
5111.510	-0.088
5111.692	-0.088
5111.848	-0.089
5112.005	-0.089
5112.187	-0.088
5112.343	-0.088
5112.525	-0.088
5112.682	-0.088
5112.838	-0.088
5113.020	-0.088
5113.177	-0.088
5113.358	-0.089
5113.515	-0.088
5113.672	-0.088
5113.854	-0.088
5114.010	-0.088
5114.192	-0.089
5114.348	-0.088
5114.505	-0.088
5114.687	-0.088
5114.843	-0.088
5115.025	-0.088
5115.182	-0.088
5115.338	-0.088
5115.520	-0.089
5115.677	-0.088
5115.858	-0.088
5116.015	-0.088
5116.172	-0.088
5116.354	-0.088
5116.510	-0.089
5116.692	-0.088
5116.848	-0.088
5117.005	-0.088
5117.187	-0.088
5117.343	-0.088
5117.525	-0.088
5117.682	-0.089
5117.838	-0.089
5118.020	-0.088
5118.177	-0.088
5118.333	-0.089
5118.515	-0.088
5118.672	-0.088
5118.854	-0.088
5119.010	-0.088
5119.167	-0.088
5119.348	-0.088
5119.505	-0.088
5119.687	-0.088
5119.843	-0.089
5120.000	-0.089
5120.182	-0.088
5120.338	-0.088
5120.520	-0.088
5120.677	-0.088
5120.833	-0.088
5121.015	-0.088
5121.172	-0.088
5121.354	-0.088
5121.510	-0.088
5121.667	-0.088
5121.848	-0.088
5122.005	-0.088
5122.187	-0.088
5122.343	-0.089
5122.500	-0.089
5122.682	-0.088
5122.838	-0.088
5123.020	-0.088
5123.177	-0.088
5123.333	-0.088
5123.515	-0.088
5123.672	-0.088
5123.854	-0.089
5124.010	-0.088
5124.167	-0.088
5124.348	-0.088
5124.505	-0.088
5124.687	-0.088
5124.843	-0.088
5125.000	-0.088
5125.182	-0.088
5125.338	-0.088
5125.520	-0.088
5125.677	-0.089
5125.833	-0.088
5126.015	-0.089
5126.172	-0.088
5126.354	-0.088
5126.510	-0.088
5126.667	-0.088
5126.848	-0.088
5127.005	-0.088
5127.187	-0.088
5127.343	-0.088
5127.500	-0.088
5127.682	-0.088
5127.838	-0.088
5128.020	-0.088
5128.177	-0.088
5128.333	-0.088
5128.515	-0.089
5128.672	-0.089
5128.854	-0.088
5129.010	-0.089
5129.167	-0.088
5129.348	-0.089
5129.505	-0.088
5129.687	-0.088
5129.843	-0.089
5130.025	-0.088
5130.182	-0.089
5130.338	-0.088
5130.520	-0.089
5130.677	-0.088
5130.858	-0.088
5131.015	-0.088
5131.172	-0.088
5131.354	-0.088
5131.510	-0.089
5131.692	-0.089
5131.848	-0.088
5132.005	-0.088
5132.187	-0.088
5132.343	-0.088
5132.525	-0.089
5132.682	-0.088
5132.838	-0.088
5133.020	-0.089
5133.177	-0.088
5133.358	-0.088
5133.515	-0.088
5133.672	-0.088
5133.854	-0.088
5134.010	-0.089
5134.192	-0.088
5134.348	-0.089
5134.505	-0.088
5134.687	-0.088
5134.843	-0.088
5135.025	-0.088
5135.182	-0.089
5135.338	-0.088
5135.520	-0.088
5135.677	-0.088
5135.858	-0.088
5136.015	-0.088
5136.172	-0.089
5136.354	-0.088
5136.510	-0.088
5136.692	-0.088
5136.848	-0.088
5137.005	-0.088
5137.187	-0.088
5137.343	-0.088
5137.525	-0.088
5137.682	-0.088
5137.838	-0.088
5138.020	-0.088
5138.177	-0.088
5138.358	-0.088
5138.515	-0.088
5138.672	-0.088
5138.854	-0.088
5139.010	-0.088
5139.192	-0.088
5139.348	-0.088
5139.505	-0.088
5139.687	-0.088
5139.843	-0.088
5140.025	-0.089
5140.182	-0.088
5140.338	-0.088
5140.520	-0.089
5140.677	-0.088
5140.858	-0.088
5141.015	-0.088
5141.172	-0.088
5141.354	-0.088
5141.510	-0.088
5141.667	-0.088
5141.848	-0.088
5142.005	-0.088
5142.187	-0.088
5142.343	-0.088
5142.500	-0.088
5142.682	-0.088
5142.838	-0.089
5143.020	-0.088
5143.177	-0.088
5143.333	-0.088
5143.515	-0.088
5143.672	-0.088
5143.854	-0.088
5144.010	-0.088
5144.167	-0.088
5144.348	-0.088
5144.505	-0.088
5144.687	-0.088
5144.843	-0.088
5145.000	-0.088
5145.182	-0.088
5145.338	-0.088
5145.520	-0.088
5145.677	-0.088
5145.833	-0.088
5146.015	-0.088
5146.172	-0.088
5146.354	-0.088
5146.510	-0.088
5146.667	-0.088
5146.848	-0.088
5147.005	-0.088
5147.187	-0.088
5147.343	-0.088
5147.500	-0.088
5147.682	-0.088
5147.838	-0.088
5148.020	-0.088
5148.177	-0.088
5148.333	-0.088
5148.515	-0.088
5148.672	-0.089
5148.854	-0.088
5149.010	-0.088
5149.167	-0.088
5149.348	-0.088
5149.505	-0.088
5149.687	-0.088
5149.843	-0.088
5150.000	-0.088
5150.182	-0.088
5150.338	-0.088
5150.520	-0.088
5150.677	-0.088
5150.833	-0.088
5151.015	-0.088
5151.172	-0.089
5151.354	-0.088
5151.510	-0.088
5151.667	-0.088
5151.848	-0.088
5152.005	-0.088
5152.187	-0.088
5152.343	-0.088
5152.500	-0.088
5152.682	-0.088
5152.838	-0.088
5153.020	-0.088
5153.177	-0.088
5153.333	-0.088
5153.515	-0.088
5153.672	-0.088
5153.854	-0.088
5154.010	-0.088
5154.167	-0.088
5154.348	-0.088
5154.505	-0.088
5154.687	-0.088
5154.843	-0.088
5155.000	-0.088
5155.182	-0.088
5155.338	-0.088
5155.520	-0.088
5155.677	-0.089
5155.833	-0.088
5156.015	-0.088
5156.172	-0.088
5156.354	-0.088
5156.510	-0.088
5156.667	-0.088
5156.848	-0.088
5157.005	-0.088
5157.187	-0.088
5157.343	-0.088
5157.500	-0.088
5157.682	-0.088
5157.838	-0.088
5158.020	-0.088
5158.177	-0.088
5158.333	-0.088
5158.515	-0.088
5158.672	-0.088
5158.854	-0.088
5159.010	-0.088
5159.167	-0.088
5159.348	-0.088
5159.505	-0.088
5159.687	-0.088
5159.843	-0.088
5160.025	-0.088
5160.182	-0.088
5160.338	-0.088
5160.520	-0.088
5160.677	-0.088
5160.833	-0.088
5161.015	-0.088
5161.172	-0.088
5161.354	-0.088
5161.510	-0.088
5161.667	-0.088
5161.848	-0.088
5162.005	-0.088
5162.187	-0.088
5162.343	-0.088
5162.500	-0.088
5162.682	-0.088
5162.838	-0.088
5163.020	-0.088
5163.177	-0.088
5163.333	-0.089
5163.515	-0.088
5163.672	-0.088
5163.854	-0.088
5164.010	-0.088
5164.167	-0.088
5164.348	-0.088
5164.505	-0.088
5164.687	-0.089
5164.843	-0.088
5165.000	-0.088
5165.182	-0.088
5165.338	-0.088
5165.520	-0.088
5165.677	-0.088
5165.833	-0.088
5166.015	-0.088
5166.172	-0.088
5166.354	-0.088
5166.510	-0.088
5166.667	-0.088
5166.848	-0.088
5167.005	-0.088
5167.187	-0.088
5167.343	-0.088
5167.500	-0.088
5167.682	-0.088
5167.838	-0.088
5168.020	-0.088
5168.177	-0.088
5168.333	-0.088
5168.515	-0.088
5168.672	-0.088
5168.854	-0.088
5169.010	-0.088
5169.167	-0.088
5169.348	-0.088
5169.505	-0.088
5169.687	-0.088
5169.843	-0.088
5170.000	-0.088
5170.182	-0.089
5170.338	-0.088
5170.520	-0.088
5170.677	-0.088
5170.833	-0.089
5171.015	-0.088
5171.172	-0.088
5171.354	-0.088
5171.510	-0.088
5171.667	-0.088
5171.848	-0.088
5172.005	-0.088
5172.187	-0.088
5172.343	-0.089
5172.500	-0.088
5172.682	-0.088
5172.838	-0.088
5173.020	-0.089
5173.177	-0.088
5173.333	-0.088
5173.515	-0.088
5173.672	-0.088
5173.854	-0.088
5174.010	-0.088
5174.167	-0.088
5174.348	-0.088
5174.505	-0.088
5174.687	-0.088
5174.843	-0.088
5175.000	-0.088
5175.182	-0.088
5175.338	-0.088
5175.520	-0.088
5175.677	-0.088
5175.833	-0.088
5176.015	-0.088
5176.172	-0.088
5176.354	-0.088
5176.510	-0.088
5176.667	-0.089
5176.848	-0.088
5177.005	-0.088
5177.187	-0.089
5177.343	-0.088
5177.500	-0.088
5177.682	-0.088
5177.838	-0.088
5178.020	-0.088
5178.177	-0.088
5178.333	-0.088
5178.515	-0.088
5178.672	-0.088
5178.854	-0.089
5179.010	-0.088
5179.167	-0.088
5179.348	-0.088
5179.505	-0.088
5179.687	-0.088
5179.843	-0.088
5180.000	-0.088
5180.182	-0.088
5180.338	-0.088
5180.520	-0.089
5180.677	-0.088
5180.833	-0.088
5181.015	-0.088
5181.172	-0.088
5181.354	-0.088
5181.510	-0.088
5181.667	-0.088
5181.848	-0.088
5182.005	-0.088
5182.187	-0.088
5182.343	-0.088
5182.500	-0.088
5182.682	-0.088
5182.838	-0.088
5183.020	-0.088
5183.177	-0.088
5183.333	-0.088
5183.515	-0.088
5183.672	-0.088
5183.854	-0.088
5184.010	-0.088
5184.167	-0.088
5184.348	-0.088
5184.505	-0.088
5184.687	-0.088
5184.843	-0.088
5185.000	-0.088
5185.182	-0.088
5185.338	-0.089
5185.520	-0.088
5185.677	-0.088
5185.833	-0.088
5186.015	-0.088
5186.172	-0.088
5186.354	-0.088
5186.510	-0.088
5186.667	-0.088
5186.848	-0.088
5187.005	-0.088
5187.187	-0.088
5187.343	-0.088
5187.500	-0.088
5187.682	-0.088
5187.838	-0.089
5188.020	-0.088
5188.177	-0.089
5188.358	-0.089
5188.515	-0.088
5188.672	-0.088
5188.854	-0.088
5189.010	-0.088
5189.167	-0.088
5189.348	-0.089
5189.505	-0.088
5189.687	-0.089
5189.843	-0.089
5190.000	-0.088
5190.182	-0.088
5190.338	-0.088
5190.520	-0.089
5190.677	-0.088
5190.833	-0.088
5191.015	-0.088
5191.172	-0.088
5191.354	-0.089
5191.510	-0.088
5191.667	-0.088
5191.848	-0.088
5192.005	-0.088
5192.187	-0.088
5192.343	-0.088
5192.500	-0.088
5192.682	-0.088
5192.838	-0.088
5193.020	-0.088
5193.177	-0.088
5193.333	-0.088
5193.515	-0.088
5193.672	-0.088
5193.854	-0.088
5194.010	-0.088
5194.167	-0.089
5194.348	-0.088
5194.505	-0.089
5194.687	-0.088
5194.843	-0.088
5195.000	-0.088
5195.182	-0.088
5195.338	-0.090
5195.520	-0.088
5195.677	-0.088
5195.833	-0.088
5196.015	-0.089
5196.172	-0.088
5196.354	-0.088
5196.510	-0.088
5196.667	-0.088
5196.848	-0.088
5197.005	-0.088
5197.187	-0.088
5197.343	-0.088
5197.500	-0.088
5197.682	-0.088
5197.838	-0.088
5198.020	-0.088
5198.177	-0.088
5198.333	-0.089
5198.515	-0.088
5198.672	-0.088
5198.854	-0.088
5199.010	-0.089
5199.167	-0.089
5199.348	-0.088
5199.505	-0.088
5199.687	-0.088
5199.843	-0.088
5200.000	-0.089
5200.182	-0.088
5200.338	-0.089
5200.520	-0.089
5200.677	-0.088
5200.833	-0.088
5201.015	-0.088
5201.172	-0.088
5201.328	-0.089
5201.510	-0.088
5201.667	-0.089
5201.848	-0.088
5202.005	-0.088
5202.187	-0.088
5202.343	-0.088
5202.500	-0.088
5202.682	-0.088
5202.838	-0.088
5203.020	-0.088
5203.177	-0.088
5203.333	-0.088
5203.515	-0.088
5203.672	-0.088
5203.854	-0.089
5204.010	-0.089
5204.167	-0.088
5204.348	-0.088
5204.505	-0.088
5204.687	-0.088
5204.843	-0.088
5205.000	-0.088
5205.182	-0.088
5205.338	-0.088
5205.495	-0.089
5205.677	-0.088
5205.833	-0.088
5206.015	-0.088
5206.172	-0.088
5206.354	-0.088
5206.510	-0.088
5206.667	-0.088
5206.848	-0.089
5207.005	-0.089
5207.187	-0.088
5207.343	-0.088
5207.500	-0.088
5207.682	-0.088
5207.838	-0.088
5207.995	-0.088
5208.177	-0.088
5208.333	-0.088
5208.515	-0.088
5208.672	-0.088
5208.828	-0.088
5209.010	-0.088
5209.167	-0.088
5209.348	-0.089
5209.505	-0.089
5209.662	-0.088
5209.843	-0.088
5210.000	-0.088
5210.182	-0.088
5210.338	-0.088
5210.495	-0.088
5210.677	-0.088
5210.833	-0.088
5211.015	-0.089
5211.172	-0.088
5211.328	-0.088
5211.510	-0.088
5211.667	-0.088
5211.848	-0.088
5212.005	-0.088
5212.187	-0.088
5212.343	-0.089
5212.500	-0.088
5212.682	-0.088
5212.838	-0.088
5212.995	-0.088
5213.177	-0.088
5213.333	-0.088
5213.515	-0.088
5213.672	-0.088
5213.828	-0.088
5214.010	-0.088
5214.167	-0.088
5214.348	-0.088
5214.505	-0.088
5214.687	-0.088
5214.843	-0.088
5215.000	-0.088
5215.182	-0.088
5215.338	-0.088
5215.520	-0.089
5215.677	-0.088
5215.833	-0.088
5216.015	-0.088
5216.172	-0.088
5216.354	-0.088
5216.510	-0.088
5216.667	-0.088
5216.848	-0.089
5217.005	-0.088
5217.187	-0.088
5217.343	-0.088
5217.500	-0.088
5217.682	-0.088
5217.838	-0.088
5218.020	-0.088
5218.177	-0.088
5218.333	-0.088
5218.515	-0.088
5218.672	-0.088
5218.854	-0.088
5219.010	-0.088
5219.167	-0.088
5219.348	-0.088
5219.505	-0.088
5219.687	-0.088
5219.843	-0.088
5220.000	-0.088
5220.182	-0.088
5220.338	-0.088
5220.495	-0.088
5220.677	-0.090
5220.833	-0.088
5221.015	-0.089
5221.172	-0.088
5221.328	-0.088
5221.510	-0.088
5221.667	-0.088
5221.848	-0.088
5222.005	-0.088
5222.187	-0.088
5222.343	-0.088
5222.500	-0.088
5222.682	-0.088
5222.838	-0.089
5223.020	-0.088
5223.177	-0.088
5223.333	-0.088
5223.515	-0.089
5223.672	-0.088
5223.854	-0.089
5224.010	-0.088
5224.167	-0.088
5224.348	-0.088
5224.505	-0.088
5224.687	-0.089
5224.843	-0.088
5225.000	-0.088
5225.182	-0.088
5225.338	-0.088
5225.495	-0.088
5225.677	-0.088
5225.833	-0.088
5226.015	-0.088
5226.172	-0.088
5226.328	-0.088
5226.510	-0.088
5226.667	-0.088
5226.848	-0.088
5227.005	-0.090
5227.162	-0.088
5227.343	-0.089
5227.500	-0.088
5227.682	-0.088
5227.838	-0.088
5227.995	-0.088
5228.177	-0.088
5228.333	-0.088
5228.515	-0.090
5228.672	-0.088
5228.828	-0.088
5229.010	-0.089
5229.167	-0.088
5229.348	-0.088
5229.505	-0.088
5229.662	-0.088
5229.843	-0.088
5230.000	-0.088
5230.182	-0.088
5230.338	-0.088
5230.495	-0.088
5230.677	-0.088
5230.833	-0.088
5231.015	-0.088
5231.172	-0.088
5231.328	-0.088
5231.510	-0.088
5231.667	-0.088
5231.848	-0.088
5232.005	-0.088
5232.187	-0.088
5232.343	-0.088
5232.500	-0.088
5232.682	-0.089
5232.838	-0.089
5233.020	-0.089
5233.177	-0.088
5233.333	-0.088
5233.515	-0.088
5233.672	-0.089
5233.828	-0.088
5234.010	-0.088
5234.167	-0.088
5234.348	-0.088
5234.505	-0.088
5234.662	-0.089
5234.843	-0.088
5235.000	-0.088
5235.182	-0.089
5235.338	-0.088
5235.495	-0.089
5235.677	-0.088
5235.833	-0.088
5236.015	-0.088
5236.172	-0.088
5236.328	-0.088
5236.510	-0.088
5236.667	-0.089
5236.848	-0.088
5237.005	-0.088
5237.187	-0.088
5237.343	-0.089
5237.500	-0.088
5237.682	-0.088
5237.838	-0.088
5237.995	-0.088
5238.177	-0.088
5238.333	-0.088
5238.515	-0.088
5238.672	-0.089
5238.828	-0.088
5239.010	-0.088
5239.167	-0.088
5239.348	-0.088
5239.505	-0.088
5239.662	-0.088
5239.843	-0.088
5240.000	-0.088
5240.182	-0.088
5240.338	-0.088
5240.495	-0.089
5240.677	-0.088
5240.833	-0.088
5241.015	-0.088
5241.172	-0.088
5241.328	-0.089
5241.510	-0.088
5241.667	-0.088
5241.848	-0.088
5242.005	-0.088
5242.162	-0.088
5242.343	-0.088
5242.500	-0.088
5242.682	-0.088
5242.838	-0.088
5242.995	-0.089
5243.177	-0.089
5243.333	-0.089
5243.515	-0.088
5243.672	-0.088
5243.828	-0.088
5244.010	-0.088
5244.167	-0.089
5244.348	-0.088
5244.505	-0.088
5244.687	-0.088
5244.843	-0.088
5245.000	-0.089
5245.182	-0.088
5245.338	-0.088
5245.495	-0.088
5245.677	-0.089
5245.833	-0.088
5246.015	-0.088
5246.172	-0.088
5246.328	-0.088
5246.510	-0.088
5246.667	-0.088
5246.848	-0.088
5247.005	-0.088
5247.162	-0.088
5247.343	-0.088
5247.500	-0.088
5247.682	-0.088
5247.838	-0.088
5247.995	-0.088
5248.177	-0.088
5248.333	-0.088
5248.515	-0.088
5248.672	-0.088
5248.828	-0.088
5249.010	-0.089
5249.167	-0.088
5249.348	-0.088
5249.505	-0.088
5249.662	-0.089
5249.843	-0.088
5250.000	-0.088
5250.182	-0.088
5250.338	-0.088
5250.495	-0.088
5250.677	-0.088
5250.833	-0.088
5251.015	-0.089
5251.172	-0.088
5251.328	-0.088
5251.510	-0.088
5251.667	-0.088
5251.848	-0.088
5252.005	-0.088
5252.162	-0.088
5252.343	-0.089
5252.500	-0.088
5252.682	-0.088
5252.838	-0.088
5252.995	-0.088
5253.177	-0.088
5253.333	-0.088
5253.515	-0.088
5253.672	-0.088
5253.828	-0.088
5254.010	-0.088
5254.167	-0.088
5254.348	-0.088
5254.505	-0.088
5254.662	-0.088
5254.843	-0.088
5255.000	-0.088
5255.182	-0.088
5255.338	-0.088
5255.495	-0.088
5255.677	-0.088
5255.833	-0.088
5256.015	-0.088
5256.172	-0.088
5256.328	-0.088
5256.510	-0.088
5256.667	-0.088
5256.848	-0.089
5257.005	-0.088
5257.187	-0.088
5257.343	-0.088
5257.500	-0.088
5257.682	-0.088
5257.838	-0.088
5257.995	-0.088
5258.177	-0.088
5258.333	-0.088
5258.515	-0.088
5258.672	-0.088
5258.828	-0.088
5259.010	-0.089
5259.167	-0.089
5259.348	-0.088
5259.505	-0.088
5259.662	-0.089
5259.843	-0.088
5260.000	-0.088
5260.182	-0.088
5260.338	-0.088
5260.495	-0.088
5260.677	-0.088
5260.833	-0.089
5261.015	-0.088
5261.172	-0.088
5261.328	-0.088
5261.510	-0.088
5261.667	-0.089
5261.848	-0.088
5262.005	-0.088
5262.162	-0.088
5262.343	-0.088
5262.500	-0.088
5262.682	-0.088
5262.838	-0.088
5262.995	-0.088
5263.177	-0.088
5263.333	-0.089
5263.515	-0.089
5263.672	-0.089
5263.828	-0.088
5264.010	-0.088
5264.167	-0.088
5264.348	-0.088
5264.505	-0.088
5264.662	-0.088
5264.843	-0.088
5265.000	-0.088
5265.182	-0.088
5265.338	-0.088
5265.495	-0.089
5265.677	-0.089
5265.833	-0.088
5266.015	-0.089
5266.172	-0.088
5266.328	-0.089
5266.510	-0.088
5266.667	-0.089
5266.848	-0.089
5267.005	-0.088
5267.162	-0.088
5267.343	-0.088
5267.500	-0.088
5267.682	-0.088
5267.838	-0.089
5268.020	-0.088
5268.177	-0.088
5268.333	-0.088
5268.515	-0.088
5268.672	-0.088
5268.854	-0.089
5269.010	-0.088
5269.167	-0.088
5269.348	-0.088
5269.505	-0.088
5269.687	-0.088
5269.843	-0.088
5270.000	-0.088
5270.182	-0.088
5270.338	-0.088
5270.495	-0.088
5270.677	-0.088
5270.833	-0.088
5271.015	-0.088
5271.172	-0.088
5271.328	-0.089
5271.510	-0.088
5271.667	-0.088
5271.848	-0.088
5272.005	-0.088
5272.187	-0.088
5272.343	-0.088
5272.500	-0.088
5272.682	-0.088
5272.838	-0.088
5273.020	-0.088
5273.177	-0.088
5273.333	-0.088
5273.515	-0.088
5273.672	-0.088
5273.828	-0.088
5274.010	-0.088
5274.167	-0.088
5274.348	-0.088
5274.505	-0.088
5274.662	-0.088
5274.843	-0.088
5275.000	-0.088
5275.182	-0.088
5275.338	-0.088
5275.495	-0.088
5275.677	-0.088
5275.833	-0.088
5276.015	-0.088
5276.172	-0.088
5276.328	-0.088
5276.510	-0.088
5276.667	-0.088
5276.848	-0.089
5277.005	-0.089
5277.162	-0.091
5277.343	-0.088
5277.500	-0.088
5277.682	-0.088
5277.838	-0.088
5277.995	-0.088
5278.177	-0.088
5278.333	-0.088
5278.515	-0.089
5278.672	-0.088
5278.828	-0.088
5279.010	-0.088
5279.167	-0.088
5279.348	-0.088
5279.505	-0.088
5279.662	-0.088
5279.843	-0.088
5280.000	-0.088
5280.182	-0.088
5280.338	-0.088
5280.495	-0.088
5280.677	-0.088
5280.833	-0.088
5281.015	-0.088
5281.172	-0.088
5281.328	-0.088
5281.510	-0.088
5281.667	-0.088
5281.848	-0.088
5282.005	-0.088
5282.162	-0.089
5282.343	-0.088
5282.500	-0.089
5282.682	-0.088
5282.838	-0.088
5282.995	-0.088
5283.177	-0.088
5283.333	-0.088
5283.515	-0.088
5283.672	-0.088
5283.828	-0.088
5284.010	-0.089
5284.167	-0.088
5284.348	-0.088
5284.505	-0.088
5284.662	-0.088
5284.843	-0.088
5285.000	-0.088
5285.182	-0.088
5285.338	-0.089
5285.495	-0.088
5285.677	-0.088
5285.833	-0.088
5286.015	-0.088
5286.172	-0.088
5286.328	-0.088
5286.510	-0.088
5286.667	-0.088
5286.848	-0.088
5287.005	-0.088
5287.162	-0.088
5287.343	-0.088
5287.500	-0.089
5287.682	-0.088
5287.838	-0.089
5287.995	-0.088
5288.177	-0.088
5288.333	-0.088
5288.515	-0.089
5288.672	-0.089
5288.828	-0.088
5289.010	-0.088
5289.167	-0.088
5289.348	-0.088
5289.505	-0.088
5289.662	-0.088
5289.843	-0.088
5290.000	-0.088
5290.182	-0.088
5290.338	-0.088
5290.495	-0.088
5290.677	-0.089
5290.833	-0.090
5291.015	-0.089
5291.172	-0.088
5291.328	-0.088
5291.510	-0.088
5291.667	-0.088
5291.848	-0.088
5292.005	-0.088
5292.162	-0.089
5292.343	-0.088
5292.500	-0.088
5292.682	-0.088
5292.838	-0.088
5292.995	-0.088
5293.177	-0.088
5293.333	-0.088
5293.515	-0.089
5293.672	-0.089
5293.828	-0.088
5294.010	-0.088
5294.167	-0.088
5294.348	-0.088
5294.505	-0.088
5294.662	-0.088
5294.843	-0.088
5295.000	-0.088
5295.182	-0.088
5295.338	-0.088
5295.495	-0.088
5295.677	-0.089
5295.833	-0.088
5296.015	-0.088
5296.172	-0.088
5296.328	-0.088
5296.510	-0.088
5296.667	-0.088
5296.848	-0.088
5297.005	-0.088
5297.162	-0.088
5297.343	-0.088
5297.500	-0.088
5297.682	-0.088
5297.838	-0.088
5297.995	-0.088
5298.177	-0.088
5298.333	-0.088
5298.515	-0.088
5298.672	-0.088
5298.828	-0.088
5299.010	-0.088
5299.167	-0.088
5299.348	-0.088
5299.505	-0.088
5299.662	-0.088
5299.843	-0.088
5300.000	-0.089
5300.182	-0.088
5300.338	-0.088
5300.495	-0.088
5300.677	-0.088
5300.833	-0.088
5301.015	-0.088
5301.172	-0.088
5301.328	-0.089
5301.510	-0.088
5301.667	-0.088
5301.848	-0.088
5302.005	-0.089
5302.162	-0.088
5302.343	-0.089
5302.500	-0.088
5302.682	-0.088
5302.838	-0.088
5302.995	-0.089
5303.177	-0.088
5303.333	-0.089
5303.515	-0.088
5303.672	-0.088
5303.828	-0.088
5304.010	-0.088
5304.167	-0.088
5304.348	-0.088
5304.505	-0.088
5304.662	-0.088
5304.843	-0.088
5305.000	-0.088
5305.182	-0.088
5305.338	-0.088
5305.495	-0.089
5305.677	-0.088
5305.833	-0.089
5306.015	-0.088
5306.172	-0.089
5306.328	-0.088
5306.510	-0.088
5306.667	-0.088
5306.848	-0.088
5307.005	-0.088
5307.162	-0.089
5307.343	-0.089
5307.500	-0.088
5307.682	-0.088
5307.838	-0.088
5307.995	-0.088
5308.177	-0.088
5308.333	-0.089
5308.515	-0.088
5308.672	-0.089
5308.828	-0.088
5309.010	-0.088
5309.167	-0.088
5309.348	-0.090
5309.505	-0.088
5309.662	-0.088
5309.843	-0.088
5310.000	-0.088
5310.182	-0.088
5310.338	-0.088
5310.495	-0.088
5310.677	-0.088
5310.833	-0.088
5311.015	-0.089
5311.172	-0.088
5311.328	-0.088
5311.510	-0.088
5311.667	-0.088
5311.848	-0.088
5312.005	-0.088
5312.162	-0.088
5312.343	-0.088
5312.500	-0.088
5312.682	-0.089
5312.838	-0.088
5312.995	-0.088
5313.177	-0.088
5313.333	-0.090
5313.515	-0.088
5313.672	-0.089
5313.828	-0.088
5314.010	-0.088
5314.167	-0.088
5314.348	-0.088
5314.505	-0.088
5314.662	-0.088
5314.843	-0.088
5315.000	-0.088
5315.182	-0.089
5315.338	-0.089
5315.495	-0.088
5315.677	-0.088
5315.833	-0.088
5316.015	-0.088
5316.172	-0.088
5316.328	-0.088
5316.510	-0.088
5316.667	-0.088
5316.848	-0.088
5317.005	-0.089
5317.162	-0.088
5317.343	-0.089
5317.500	-0.089
5317.682	-0.088
5317.838	-0.088
5317.995	-0.088
5318.177	-0.088
5318.333	-0.088
5318.515	-0.088
5318.672	-0.088
5318.828	-0.089
5319.010	-0.089
5319.167	-0.088
5319.348	-0.088
5319.505	-0.088
5319.662	-0.088
5319.843	-0.088
5320.000	-0.088
5320.182	-0.088
5320.338	-0.088
5320.495	-0.088
5320.677	-0.088
5320.833	-0.088
5321.015	-0.090
5321.172	-0.088
5321.328	-0.088
5321.510	-0.089
5321.667	-0.088
5321.848	-0.089
5322.005	-0.089
5322.162	-0.088
5322.343	-0.088
5322.500	-0.088
5322.682	-0.088
5322.838	-0.088
5322.995	-0.088
5323.177	-0.088
5323.333	-0.088
5323.515	-0.088
5323.672	-0.088
5323.828	-0.088
5324.010	-0.088
5324.167	-0.088
5324.348	-0.088
5324.505	-0.088
5324.662	-0.089
5324.843	-0.090
5325.000	-0.088
5325.182	-0.088
5325.338	-0.088
5325.495	-0.088
5325.677	-0.088
5325.833	-0.088
5326.015	-0.088
5326.172	-0.088
5326.328	-0.088
5326.510	-0.088
5326.667	-0.088
5326.822	-0.088
5327.005	-0.088
5327.162	-0.088
5327.343	-0.088
5327.500	-0.088
5327.655	-0.089
5327.838	-0.088
5327.995	-0.088
5328.177	-0.088
5328.333	-0.088
5328.515	-0.088
5328.672	-0.090
5328.828	-0.088
5329.010	-0.088
5329.167	-0.088
5329.322	-0.088
5329.505	-0.088
5329.662	-0.088
5329.843	-0.088
5330.000	-0.088
5330.182	-0.088
5330.338	-0.088
5330.495	-0.088
5330.677	-0.088
5330.833	-0.089
5330.988	-0.088
5331.172	-0.089
5331.328	-0.088
5331.510	-0.088
5331.667	-0.089
5331.848	-0.088
5332.005	-0.088
5332.162	-0.088
5332.343	-0.088
5332.500	-0.088
5332.682	-0.088
5332.838	-0.088
5332.995	-0.088
5333.177	-0.089
5333.333	-0.088
5333.515	-0.088
5333.672	-0.088
5333.828	-0.088
5334.010	-0.088
5334.167	-0.088
5334.322	-0.088
5334.505	-0.089
5334.662	-0.088
5334.843	-0.088
5335.000	-0.090
5335.182	-0.088
5335.338	-0.088
5335.495	-0.088
5335.677	-0.088
5335.833	-0.089
5335.988	-0.088
5336.172	-0.088
5336.328	-0.088
5336.510	-0.088
5336.667	-0.089
5336.848	-0.088
5337.005	-0.089
5337.162	-0.088
5337.343	-0.088
5337.500	-0.089
5337.682	-0.088
5337.838	-0.088
5337.995	-0.088
5338.177	-0.088
5338.333	-0.088
5338.515	-0.088
5338.672	-0.088
5338.828	-0.088
5339.010	-0.088
5339.167	-0.089
5339.348	-0.088
5339.505	-0.088
5339.662	-0.088
5339.843	-0.088
5340.000	-0.088
5340.155	-0.088
5340.338	-0.088
5340.495	-0.088
5340.677	-0.088
5340.833	-0.088
5340.988	-0.088
5341.172	-0.088
5341.328	-0.088
5341.510	-0.088
5341.667	-0.089
5341.822	-0.088
5342.005	-0.088
5342.162	-0.088
5342.343	-0.089
5342.500	-0.088
5342.682	-0.088
5342.838	-0.088
5342.995	-0.088
5343.177	-0.088
5343.333	-0.089
5343.515	-0.088
5343.672	-0.088
5343.828	-0.088
5344.010	-0.088
5344.167	-0.088
5344.322	-0.088
5344.505	-0.089
5344.662	-0.090
5344.843	-0.088
5345.000	-0.089
5345.155	-0.088
5345.338	-0.089
5345.495	-0.088
5345.677	-0.088
5345.833	-0.089
5345.988	-0.088
5346.172	-0.088
5346.328	-0.088
5346.510	-0.088
5346.667	-0.088
5346.822	-0.088
5347.005	-0.088
5347.162	-0.088
5347.343	-0.089
5347.500	-0.089
5347.655	-0.089
5347.838	-0.088
5347.995	-0.088
5348.177	-0.088
5348.333	-0.088
5348.488	-0.089
5348.672	-0.089
5348.828	-0.088
5349.010	-0.088
5349.167	-0.088
5349.322	-0.088
5349.505	-0.088
5349.662	-0.088
5349.843	-0.088
5350.000	-0.088
5350.155	-0.088
5350.338	-0.088
5350.495	-0.088
5350.677	-0.088
5350.833	-0.088
5350.988	-0.088
5351.172	-0.088
5351.328	-0.088
5351.510	-0.088
5351.667	-0.088
5351.822	-0.088
5352.005	-0.089
5352.162	-0.089
5352.343	-0.088
5352.500	-0.088
5352.655	-0.088
5352.838	-0.088
5352.995	-0.088
5353.177	-0.088
5353.333	-0.088
5353.488	-0.088
5353.672	-0.088
5353.828	-0.088
5354.010	-0.088
5354.167	-0.088
5354.322	-0.088
5354.505	-0.089
5354.662	-0.088
5354.843	-0.089
5355.000	-0.088
5355.182	-0.088
5355.338	-0.088
5355.495	-0.089
5355.677	-0.089
5355.833	-0.088
5355.988	-0.088
5356.172	-0.088
5356.328	-0.089
5356.510	-0.088
5356.667	-0.089
5356.822	-0.088
5357.005	-0.089
5357.162	-0.089
5357.343	-0.088
5357.500	-0.088
5357.682	-0.089
5357.838	-0.088
5357.995	-0.088
5358.177	-0.088
5358.333	-0.088
5358.488	-0.088
5358.672	-0.088
5358.828	-0.089
5359.010	-0.088
5359.167	-0.089
5359.348	-0.088
5359.505	-0.088
5359.662	-0.088
5359.843	-0.089
5360.000	-0.088
5360.155	-0.088
5360.338	-0.088
5360.495	-0.088
5360.677	-0.088
5360.833	-0.090
5360.988	-0.088
5361.172	-0.089
5361.328	-0.088
5361.510	-0.088
5361.667	-0.088
5361.822	-0.088
5362.005	-0.088
5362.162	-0.088
5362.343	-0.088
5362.500	-0.089
5362.655	-0.088
5362.838	-0.088
5362.995	-0.088
5363.177	-0.088
5363.333	-0.088
5363.488	-0.088
5363.672	-0.088
5363.828	-0.088
5364.010	-0.088
5364.167	-0.088
5364.322	-0.088
5364.505	-0.088
5364.662	-0.088
5364.843	-0.089
5365.000	-0.088
5365.155	-0.088
5365.338	-0.088
5365.495	-0.088
5365.677	-0.088
5365.833	-0.088
5365.988	-0.088
5366.172	-0.088
5366.328	-0.088
5366.510	-0.088
5366.667	-0.089
5366.822	-0.088
5367.005	-0.089
5367.162	-0.088
5367.343	-0.088
5367.500	-0.088
5367.655	-0.088
5367.838	-0.088
5367.995	-0.089
5368.177	-0.088
5368.333	-0.089
5368.488	-0.088
5368.672	-0.088
5368.828	-0.088
5369.010	-0.089
5369.167	-0.088
5369.322	-0.088
5369.505	-0.088
5369.662	-0.088
5369.843	-0.088
5370.000	-0.088
5370.155	-0.088
5370.338	-0.088
5370.495	-0.088
5370.677	-0.088
5370.833	-0.088
5370.988	-0.089
5371.172	-0.088
5371.328	-0.088
5371.510	-0.089
5371.667	-0.088
5371.822	-0.088
5372.005	-0.088
5372.162	-0.088
5372.343	-0.089
5372.500	-0.088
5372.655	-0.088
5372.838	-0.088
5372.995	-0.088
5373.177	-0.088
5373.333	-0.088
5373.488	-0.088
5373.672	-0.088
5373.828	-0.089
5374.010	-0.089
5374.167	-0.088
5374.322	-0.088
5374.505	-0.088
5374.662	-0.088
5374.843	-0.088
5375.000	-0.088
5375.155	-0.088
5375.338	-0.088
5375.495	-0.088
5375.677	-0.088
5375.833	-0.088
5375.988	-0.089
5376.172	-0.088
5376.328	-0.088
5376.510	-0.088
5376.667	-0.089
5376.822	-0.088
5377.005	-0.088
5377.162	-0.088
5377.343	-0.088
5377.500	-0.088
5377.655	-0.088
5377.838	-0.089
5377.995	-0.088
5378.177	-0.089
5378.333	-0.088
5378.488	-0.089
5378.672	-0.088
5378.828	-0.088
5379.010	-0.088
5379.167	-0.088
5379.322	-0.088
5379.505	-0.088
5379.662	-0.089
5379.843	-0.088
5380.000	-0.088
5380.155	-0.088
5380.338	-0.089
5380.495	-0.089
5380.677	-0.089
5380.833	-0.088
5380.988	-0.088
5381.172	-0.088
5381.328	-0.088
5381.510	-0.088
5381.667	-0.088
5381.822	-0.088
5382.005	-0.088
5382.162	-0.088
5382.343	-0.088
5382.500	-0.088
5382.655	-0.088
5382.838	-0.089
5382.995	-0.088
5383.177	-0.088
5383.333	-0.089
5383.488	-0.088
5383.672	-0.088
5383.828	-0.088
5384.010	-0.088
5384.167	-0.088
5384.322	-0.088
5384.505	-0.088
5384.662	-0.088
5384.843	-0.088
5385.000	-0.088
5385.155	-0.089
5385.338	-0.088
5385.495	-0.089
5385.677	-0.088
5385.833	-0.088
5385.988	-0.088
5386.172	-0.088
5386.328	-0.088
5386.510	-0.088
5386.667	-0.088
5386.822	-0.088
5387.005	-0.088
5387.162	-0.088
5387.343	-0.088
5387.500	-0.088
5387.655	-0.089
5387.838	-0.088
5387.995	-0.088
5388.177	-0.088
5388.333	-0.088
5388.488	-0.088
5388.672	-0.088
5388.828	-0.088
5389.010	-0.088
5389.167	-0.088
5389.322	-0.088
5389.505	-0.089
5389.662	-0.088
5389.843	-0.088
5390.000	-0.088
5390.155	-0.088
5390.338	-0.088
5390.495	-0.088
5390.677	-0.088
5390.833	-0.089
5390.988	-0.088
5391.172	-0.088
5391.328	-0.088
5391.510	-0.088
5391.667	-0.088
5391.822	-0.088
5392.005	-0.088
5392.162	-0.089
5392.343	-0.088
5392.500	-0.088
5392.655	-0.088
5392.838	-0.088
5392.995	-0.088
5393.177	-0.088
5393.333	-0.088
5393.488	-0.088
5393.672	-0.088
5393.828	-0.088
5394.010	-0.088
5394.167	-0.088
5394.322	-0.088
5394.505	-0.088
5394.662	-0.088
5394.843	-0.088
5395.000	-0.089
5395.155	-0.089
5395.338	-0.088
5395.495	-0.088
5395.677	-0.088
5395.833	-0.088
5395.988	-0.088
5396.172	-0.088
5396.328	-0.088
5396.510	-0.088
5396.667	-0.088
5396.822	-0.088
5397.005	-0.088
5397.162	-0.088
5397.343	-0.088
5397.500	-0.088
5397.655	-0.088
5397.838	-0.088
5397.995	-0.088
5398.177	-0.089
5398.333	-0.088
5398.488	-0.088
5398.672	-0.088
5398.828	-0.088
5399.010	-0.088
5399.167	-0.089
5399.322	-0.088
5399.505	-0.088
5399.662	-0.088
5399.843	-0.088
5400.000	-0.088
5400.155	-0.088
5400.338	-0.088
5400.495	-0.089
5400.677	-0.088
5400.833	-0.088
5400.988	-0.088
5401.172	-0.089
5401.328	-0.089
5401.510	-0.088
5401.667	-0.088
5401.822	-0.088
5402.005	-0.088
5402.162	-0.088
5402.343	-0.088
5402.500	-0.088
5402.655	-0.088
5402.838	-0.088
5402.995	-0.088
5403.177	-0.088
5403.333	-0.088
5403.488	-0.088
5403.672	-0.088
5403.828	-0.089
5404.010	-0.088
5404.167	-0.088
5404.322	-0.089
5404.505	-0.088
5404.662	-0.089
5404.843	-0.088
5405.000	-0.089
5405.155	-0.088
5405.338	-0.088
5405.495	-0.088
5405.677	-0.088
5405.833	-0.088
5405.988	-0.088
5406.172	-0.088
5406.328	-0.088
5406.510	-0.088
5406.667	-0.088
5406.822	-0.088
5407.005	-0.088
5407.162	-0.089
5407.343	-0.088
5407.500	-0.089
5407.655	-0.088
5407.838	-0.088
5407.995	-0.088
5408.177	-0.088
5408.333	-0.088
5408.488	-0.088
5408.672	-0.088
5408.828	-0.088
5409.010	-0.088
5409.167	-0.088
5409.322	-0.089
5409.505	-0.088
5409.662	-0.088
5409.843	-0.088
5410.000	-0.088
5410.155	-0.088
5410.338	-0.088
5410.495	-0.088
5410.677	-0.088
5410.833	-0.089
5410.988	-0.088
5411.172	-0.088
5411.328	-0.089
5411.510	-0.088
5411.667	-0.088
5411.822	-0.088
5412.005	-0.088
5412.162	-0.088
5412.343	-0.088
5412.500	-0.088
5412.655	-0.088
5412.838	-0.088
5412.995	-0.088
5413.177	-0.091
5413.333	-0.088
5413.488	-0.088
5413.672	-0.088
5413.828	-0.089
5414.010	-0.088
5414.167	-0.088
5414.322	-0.088
5414.505	-0.088
5414.662	-0.088
5414.843	-0.088
5415.000	-0.088
5415.155	-0.088
5415.338	-0.088
5415.495	-0.088
5415.677	-0.089
5415.833	-0.088
5415.988	-0.088
5416.172	-0.088
5416.328	-0.088
5416.510	-0.088
5416.667	-0.088
5416.822	-0.088
5417.005	-0.088
5417.162	-0.088
5417.343	-0.088
5417.500	-0.088
5417.655	-0.088
5417.838	-0.088
5417.995	-0.088
5418.150	-0.089
5418.333	-0.088
5418.488	-0.088
5418.672	-0.088
5418.828	-0.088
5419.010	-0.088
5419.167	-0.089
5419.322	-0.089
5419.505	-0.088
5419.662	-0.088
5419.843	-0.088
5420.000	-0.088
5420.155	-0.088
5420.338	-0.088
5420.495	-0.088
5420.650	-0.088
5420.833	-0.088
5420.988	-0.088
5421.172	-0.088
5421.328	-0.088
5421.510	-0.088
5421.667	-0.088
5421.822	-0.088
5422.005	-0.088
5422.162	-0.088
5422.317	-0.088
5422.500	-0.088
5422.655	-0.089
5422.838	-0.088
5422.995	-0.088
5423.177	-0.088
5423.333	-0.088
5423.488	-0.088
5423.672	-0.088
5423.828	-0.088
5423.983	-0.088
5424.167	-0.088
5424.322	-0.088
5424.505	-0.088
5424.662	-0.088
5424.843	-0.088
5425.000	-0.089
5425.155	-0.088
5425.338	-0.088
5425.495	-0.088
5425.650	-0.088
5425.833	-0.088
5425.988	-0.088
5426.172	-0.088
5426.328	-0.088
5426.510	-0.088
5426.667	-0.088
5426.822	-0.088
5427.005	-0.088
5427.162	-0.088
5427.317	-0.088
5427.500	-0.088
5427.655	-0.088
5427.838	-0.088
5427.995	-0.088
5428.177	-0.088
5428.333	-0.088
5428.488	-0.088
5428.672	-0.088
5428.828	-0.089
5428.983	-0.088
5429.167	-0.088
5429.322	-0.088
5429.505	-0.088
5429.662	-0.088
5429.843	-0.088
5430.000	-0.088
5430.155	-0.088
5430.338	-0.088
5430.495	-0.088
5430.650	-0.088
5430.833	-0.088
5430.988	-0.088
5431.172	-0.088
5431.328	-0.089
5431.510	-0.088
5431.667	-0.088
5431.822	-0.088
5432.005	-0.088
5432.162	-0.088
5432.317	-0.089
5432.500	-0.088
5432.655	-0.088
5432.838	-0.088
5432.995	-0.088
5433.177	-0.088
5433.333	-0.089
5433.488	-0.088
5433.672	-0.088
5433.828	-0.088
5433.983	-0.088
5434.167	-0.088
5434.322	-0.088
5434.505	-0.088
5434.662	-0.088
5434.843	-0.088
5435.000	-0.088
5435.155	-0.088
5435.338	-0.088
5435.495	-0.088
5435.650	-0.088
5435.833	-0.088
5435.988	-0.088
5436.172	-0.088
5436.328	-0.088
5436.510	-0.088
5436.667	-0.088
5436.822	-0.088
5437.005	-0.088
5437.162	-0.088
5437.317	-0.088
5437.500	-0.088
5437.655	-0.088
5437.838	-0.088
5437.995	-0.088
5438.177	-0.088
5438.333	-0.088
5438.488	-0.088
5438.672	-0.088
5438.828	-0.088
5438.983	-0.088
5439.167	-0.088
5439.322	-0.088
5439.505	-0.088
5439.662	-0.088
5439.843	-0.088
5440.000	-0.088
5440.155	-0.088
5440.338	-0.088
5440.495	-0.088
5440.650	-0.088
5440.833	-0.088
5440.988	-0.089
5441.172	-0.088
5441.328	-0.088
5441.510	-0.088
5441.667	-0.088
5441.822	-0.088
5442.005	-0.088
5442.162	-0.088
5442.317	-0.088
5442.500	-0.088
5442.655	-0.088
5442.838	-0.088
5442.995	-0.088
5443.150	-0.088
5443.333	-0.088
5443.488	-0.088
5443.672	-0.088
5443.828	-0.088
5444.010	-0.088
5444.167	-0.088
5444.322	-0.088
5444.505	-0.088
5444.662	-0.088
5444.817	-0.088
5445.000	-0.088
5445.155	-0.088
5445.338	-0.088
5445.495	-0.088
5445.677	-0.088
5445.833	-0.088
5445.988	-0.088
5446.172	-0.087
5446.328	-0.088
5446.510	-0.085
5446.667	-0.083
5446.822	-0.083
5447.005	-0.083
5447.162	-0.083
5447.343	-0.083
5447.500	-0.080
5447.655	-0.078
5447.838	-0.078
5447.995	-0.078
5448.150	-0.078
5448.333	-0.077
5448.488	-0.074
5448.672	-0.073
5448.828	-0.073
5449.010	-0.073
5449.167	-0.070
5449.322	-0.068
5449.505	-0.068
5449.662	-0.068
5449.817	-0.064
5450.000	-0.063
5450.155	-0.060
5450.338	-0.057
5450.495	-0.052
5450.677	-0.048
5450.833	-0.043
5450.988	-0.039
5451.172	-0.035
5451.328	-0.030
5451.510	-0.027
5451.667	-0.022
5451.822	-0.020
5452.005	-0.017
5452.162	-0.015
5452.317	-0.010
5452.500	-0.005
5452.655	0.000
5452.838	0.003
5452.995	0.005
5453.177	0.011
5453.333	0.017
5453.488	0.023
5453.672	0.030
5453.828	0.038
5453.983	0.045
5454.167	0.053
5454.322	0.060
5454.505	0.065
5454.662	0.071
5454.843	0.075
5455.000	0.079
5455.155	0.081
5455.338	0.085
5455.495	0.090
5455.650	0.097
5455.833	0.103
5455.988	0.109
5456.172	0.115
5456.328	0.121
5456.510	0.127
5456.667	0.132
5456.822	0.138
5457.005	0.144
5457.162	0.146
5457.317	0.152
5457.500	0.156
5457.655	0.160
5457.838	0.164
5457.995	0.166
5458.177	0.172
5458.333	0.176
5458.488	0.177
5458.672	0.180
5458.828	0.182
5458.983	0.182
5459.167	0.183
5459.322	0.186
5459.505	0.187
5459.662	0.188
5459.843	0.189
5460.000	0.189
5460.155	0.191
5460.338	0.188
5460.495	0.187
5460.650	0.187
5460.833	0.186
5460.988	0.185
5461.172	0.184
5461.328	0.182
5461.510	0.182
5461.667	0.180
5461.822	0.177
5462.005	0.175
5462.162	0.169
5462.317	0.166
5462.500	0.161
5462.655	0.156
5462.838	0.153
5462.995	0.147
5463.177	0.141
5463.333	0.133
5463.488	0.128
5463.672	0.124
5463.828	0.117
5463.983	0.108
5464.167	0.103
5464.322	0.098
5464.505	0.095
5464.662	0.090
5464.843	0.087
5465.000	0.082
5465.155	0.077
5465.338	0.070
5465.495	0.066
5465.650	0.058
5465.833	0.052
5465.988	0.043
5466.172	0.037
5466.328	0.031
5466.510	0.024
5466.667	0.019
5466.822	0.015
5467.005	0.014
5467.162	0.012
5467.317	0.007
5467.500	0.001
5467.655	-0.006
5467.838	-0.015
5467.995	-0.018
5468.177	-0.023
5468.333	-0.027
5468.488	-0.032
5468.672	-0.034
5468.828	-0.037
5468.983	-0.039
5469.167	-0.043
5469.322	-0.048
5469.505	-0.051
5469.662	-0.057
5469.843	-0.058
5470.000	-0.063
5470.155	-0.063
5470.338	-0.068
5470.495	-0.068
5470.650	-0.071
5470.833	-0.073
5470.988	-0.073
5471.172	-0.077
5471.328	-0.078
5471.510	-0.078
5471.667	-0.078
5471.822	-0.079
5472.005	-0.083
5472.162	-0.083
5472.317	-0.083
5472.500	-0.083
5472.655	-0.085
5472.838	-0.087
5472.995	-0.088
5473.177	-0.088
5473.333	-0.088
5473.488	-0.088
5473.672	-0.088
5473.828	-0.088
5473.983	-0.088
5474.167	-0.088
5474.322	-0.088
5474.505	-0.088
5474.662	-0.088
5474.817	-0.088
5475.000	-0.088
5475.155	-0.088
5475.338	-0.088
5475.495	-0.088
5475.650	-0.088
5475.833	-0.088
5475.988	-0.089
5476.172	-0.088
5476.328	-0.088
5476.510	-0.088
5476.667	-0.088
5476.822	-0.088
5477.005	-0.088
5477.162	-0.088
5477.317	-0.088
5477.500	-0.088
5477.655	-0.088
5477.838	-0.088
5477.995	-0.088
5478.150	-0.088
5478.333	-0.088
5478.488	-0.088
5478.672	-0.088
5478.828	-0.088
5478.983	-0.088
5479.167	-0.088
5479.322	-0.088
5479.505	-0.088
5479.662	-0.088
5479.817	-0.088
5480.000	-0.088
5480.155	-0.088
5480.338	-0.088
5480.495	-0.088
5480.650	-0.088
5480.833	-0.088
5480.988	-0.088
5481.172	-0.088
5481.328	-0.088
5481.483	-0.088
5481.667	-0.088
5481.822	-0.088
5482.005	-0.088
5482.162	-0.088
5482.317	-0.088
5482.500	-0.088
5482.655	-0.088
5482.838	-0.088
5482.995	-0.088
5483.150	-0.088
5483.333	-0.088
5483.488	-0.088
5483.672	-0.088
5483.828	-0.088
5483.983	-0.088
5484.167	-0.088
5484.322	-0.088
5484.505	-0.088
5484.662	-0.088
5484.843	-0.088
5485.000	-0.088
5485.155	-0.088
5485.338	-0.088
5485.495	-0.088
5485.650	-0.088
5485.833	-0.088
5485.988	-0.088
5486.172	-0.088
5486.328	-0.088
5486.483	-0.088
5486.667	-0.088
5486.822	-0.088
5487.005	-0.088
5487.162	-0.088
5487.317	-0.088
5487.500	-0.088
5487.655	-0.088
5487.838	-0.088
5487.995	-0.088
5488.150	-0.088
5488.333	-0.088
5488.488	-0.088
5488.672	-0.088
5488.828	-0.088
5488.983	-0.088
5489.167	-0.088
5489.322	-0.088
5489.505	-0.088
5489.662	-0.088
5489.817	-0.088
5490.000	-0.088
5490.155	-0.088
5490.338	-0.088
5490.495	-0.088
5490.650	-0.088
5490.833	-0.089
5490.988	-0.088
5491.172	-0.088
5491.328	-0.088
5491.483	-0.089
5491.667	-0.088
5491.822	-0.088
5492.005	-0.088
5492.162	-0.088
5492.317	-0.088
5492.500	-0.088
5492.655	-0.088
5492.838	-0.088
5492.995	-0.088
5493.150	-0.088
5493.333	-0.088
5493.488	-0.088
5493.672	-0.088
5493.828	-0.088
5493.983	-0.089
5494.167	-0.088
5494.322	-0.088
5494.505	-0.088
5494.662	-0.088
5494.817	-0.088
5495.000	-0.088
5495.155	-0.089
5495.338	-0.088
5495.495	-0.088
5495.650	-0.088
5495.833	-0.088
5495.988	-0.088
5496.172	-0.088
5496.328	-0.088
5496.483	-0.088
5496.667	-0.088
5496.822	-0.088
5497.005	-0.088
5497.162	-0.088
5497.317	-0.088
5497.500	-0.088
5497.655	-0.088
5497.838	-0.088
5497.995	-0.088
5498.150	-0.088
5498.333	-0.088
5498.488	-0.088
5498.672	-0.088
5498.828	-0.088
5498.983	-0.088
5499.167	-0.088
5499.322	-0.089
5499.505	-0.089
5499.662	-0.088
5499.817	-0.088
5500.000	-0.088
5500.155	-0.088
5500.338	-0.088
5500.495	-0.088
5500.650	-0.089
5500.833	-0.088
5500.988	-0.088
5501.172	-0.088
5501.328	-0.088
5501.483	-0.088
5501.667	-0.088
5501.822	-0.088
5502.005	-0.088
5502.162	-0.089
5502.317	-0.088
5502.500	-0.088
5502.655	-0.088
5502.838	-0.088
5502.995	-0.088
5503.150	-0.088
5503.333	-0.088
5503.488	-0.088
5503.672	-0.088
5503.828	-0.088
5503.983	-0.088
5504.167	-0.088
5504.322	-0.088
5504.505	-0.088
5504.662	-0.088
5504.817	-0.088
5505.000	-0.088
5505.155	-0.089
5505.338	-0.088
5505.495	-0.088
5505.650	-0.088
5505.833	-0.088
5505.988	-0.088
5506.172	-0.088
5506.328	-0.088
5506.483	-0.088
5506.667	-0.088
5506.822	-0.088
5507.005	-0.088
5507.162	-0.088
5507.317	-0.088
5507.500	-0.088
5507.655	-0.088
5507.838	-0.088
5507.995	-0.088
5508.150	-0.088
5508.333	-0.089
5508.488	-0.088
5508.672	-0.089
5508.828	-0.088
5508.983	-0.089
5509.167	-0.088
5509.322	-0.088
5509.505	-0.088
5509.662	-0.088
5509.817	-0.088
5510.000	-0.088
5510.155	-0.088
5510.338	-0.088
5510.495	-0.088
5510.650	-0.088
5510.833	-0.088
5510.988	-0.088
5511.172	-0.088
5511.328	-0.089
5511.483	-0.088
5511.667	-0.088
5511.822	-0.088
5512.005	-0.089
5512.162	-0.089
5512.317	-0.088
5512.500	-0.089
5512.655	-0.088
5512.838	-0.088
5512.995	-0.088
5513.150	-0.088
5513.333	-0.088
5513.488	-0.088
5513.672	-0.088
5513.828	-0.088
5513.983	-0.088
5514.167	-0.088
5514.322	-0.088
5514.479	-0.088
5514.662	-0.088
5514.817	-0.088
5515.000	-0.088
5515.155	-0.088
5515.338	-0.088
5515.495	-0.088
5515.650	-0.088
5515.833	-0.088
5515.988	-0.088
5516.145	-0.088
5516.328	-0.089
5516.483	-0.088
5516.667	-0.088
5516.822	-0.089
5517.005	-0.088
5517.162	-0.088
5517.317	-0.088
5517.500	-0.088
5517.655	-0.088
5517.812	-0.088
5517.995	-0.088
5518.150	-0.088
5518.333	-0.089
5518.488	-0.088
5518.672	-0.089
5518.828	-0.088
5518.983	-0.089
5519.167	-0.088
5519.322	-0.090
5519.505	-0.088
5519.662	-0.089
5519.817	-0.088
5520.000	-0.088
5520.155	-0.088
5520.338	-0.090
5520.495	-0.088
5520.650	-0.088
5520.833	-0.088
5520.988	-0.088
5521.172	-0.088
5521.328	-0.088
5521.483	-0.088
5521.667	-0.088
5521.822	-0.088
5522.005	-0.088
5522.162	-0.088
5522.317	-0.088
5522.500	-0.088
5522.655	-0.089
5522.838	-0.088
5522.995	-0.088
5523.150	-0.088
5523.333	-0.088
5523.488	-0.088
5523.672	-0.088
5523.828	-0.088
5523.983	-0.088
5524.167	-0.088
5524.322	-0.089
5524.505	-0.088
5524.662	-0.088
5524.817	-0.088
5525.000	-0.088
5525.155	-0.088
5525.338	-0.088
5525.495	-0.088
5525.650	-0.088
5525.833	-0.088
5525.988	-0.088
5526.145	-0.088
5526.328	-0.089
5526.483	-0.088
5526.667	-0.088
5526.822	-0.089
5527.005	-0.088
5527.162	-0.088
5527.317	-0.088
5527.500	-0.088
5527.655	-0.088
5527.838	-0.088
5527.995	-0.088
5528.150	-0.089
5528.333	-0.088
5528.488	-0.088
5528.672	-0.089
5528.828	-0.088
5528.983	-0.088
5529.167	-0.088
5529.322	-0.089
5529.479	-0.088
5529.662	-0.088
5529.817	-0.088
5530.000	-0.088
5530.155	-0.088
5530.338	-0.088
5530.495	-0.088
5530.650	-0.088
5530.833	-0.089
5530.988	-0.088
5531.172	-0.088
5531.328	-0.088
5531.483	-0.088
5531.667	-0.088
5531.822	-0.088
5532.005	-0.088
5532.162	-0.088
5532.317	-0.088
5532.500	-0.088
5532.655	-0.089
5532.838	-0.088
5532.995	-0.088
5533.150	-0.088
5533.333	-0.088
5533.488	-0.088
5533.672	-0.088
5533.828	-0.088
5533.983	-0.088
5534.167	-0.088
5534.322	-0.088
5534.505	-0.088
5534.662	-0.088
5534.817	-0.088
5535.000	-0.088
5535.155	-0.088
5535.338	-0.088
5535.495	-0.088
5535.650	-0.088
5535.833	-0.088
5535.988	-0.088
5536.172	-0.088
5536.328	-0.088
5536.483	-0.088
5536.667	-0.088
5536.822	-0.088
5536.979	-0.089
5537.162	-0.089
5537.317	-0.088
5537.500	-0.088
5537.655	-0.089
5537.838	-0.088
5537.995	-0.088
5538.150	-0.088
5538.333	-0.088
5538.488	-0.088
5538.645	-0.088
5538.828	-0.089
5538.983	-0.088
5539.167	-0.088
5539.322	-0.088
5539.505	-0.088
5539.662	-0.088
5539.817	-0.088
5540.000	-0.088
5540.155	-0.088
5540.312	-0.088
5540.495	-0.088
5540.650	-0.088
5540.833	-0.088
5540.988	-0.088
5541.172	-0.089
5541.328	-0.088
5541.483	-0.088
5541.667	-0.088
5541.822	-0.088
5542.005	-0.088
5542.162	-0.088
5542.317	-0.088
5542.500	-0.088
5542.655	-0.088
5542.838	-0.088
5542.995	-0.088
5543.150	-0.088
5543.333	-0.088
5543.488	-0.088
5543.645	-0.088
5543.828	-0.088
5543.983	-0.088
5544.167	-0.088
5544.322	-0.088
5544.505	-0.088
5544.662	-0.088
5544.817	-0.088
5545.000	-0.088
5545.155	-0.088
5545.312	-0.088
5545.495	-0.088
5545.650	-0.088
5545.833	-0.088
5545.988	-0.089
5546.172	-0.088
5546.328	-0.088
5546.483	-0.088
5546.667	-0.088
5546.822	-0.088
5546.979	-0.088
5547.162	-0.088
5547.317	-0.088
5547.500	-0.088
5547.655	-0.088
5547.838	-0.088
5547.995	-0.088
5548.150	-0.089
5548.333	-0.088
5548.488	-0.088
5548.645	-0.088
5548.828	-0.088
5548.983	-0.088
5549.167	-0.088
5549.322	-0.088
5549.505	-0.088
5549.662	-0.088
5549.817	-0.088
5550.000	-0.088
5550.155	-0.088
5550.312	-0.088
5550.495	-0.088
5550.650	-0.088
5550.833	-0.089
5550.988	-0.088
5551.172	-0.088
5551.328	-0.088
5551.483	-0.089
5551.667	-0.088
5551.822	-0.088
5551.979	-0.088
5552.162	-0.088
5552.317	-0.088
5552.500	-0.088
5552.655	-0.088
5552.838	-0.088
5552.995	-0.088
5553.150	-0.088
5553.333	-0.088
5553.488	-0.088
5553.645	-0.088
5553.828	-0.088
5553.983	-0.088
5554.167	-0.088
5554.322	-0.088
5554.505	-0.089
5554.662	-0.088
5554.817	-0.088
5555.000	-0.088
5555.155	-0.088
5555.312	-0.088
5555.495	-0.088
5555.650	-0.088
5555.833	-0.089
5555.988	-0.088
5556.172	-0.088
5556.328	-0.088
5556.483	-0.088
5556.667	-0.088
5556.822	-0.088
5556.979	-0.088
5557.162	-0.088
5557.317	-0.088
5557.500	-0.088
5557.655	-0.088
5557.838	-0.088
5557.995	-0.088
5558.150	-0.088
5558.333	-0.088
5558.488	-0.088
5558.645	-0.088
5558.828	-0.088
5558.983	-0.088
5559.167	-0.088
5559.322	-0.088
5559.505	-0.088
5559.662	-0.088
5559.817	-0.088
5560.000	-0.088
5560.155	-0.088
5560.312	-0.089
5560.495	-0.088
5560.650	-0.088
5560.833	-0.088
5560.988	-0.088
5561.172	-0.088
5561.328	-0.088
5561.483	-0.088
5561.667	-0.088
5561.822	-0.088
5561.979	-0.088
5562.162	-0.088
5562.317	-0.088
5562.500	-0.088
5562.655	-0.088
5562.838	-0.088
5562.995	-0.089
5563.150	-0.088
5563.333	-0.088
5563.488	-0.088
5563.645	-0.088
5563.828	-0.089
5563.983	-0.088
5564.167	-0.088
5564.322	-0.088
5564.505	-0.088
5564.662	-0.089
5564.817	-0.088
5565.000	-0.088
5565.155	-0.088
5565.312	-0.089
5565.495	-0.088
5565.650	-0.089
5565.833	-0.088
5565.988	-0.088
5566.172	-0.088
5566.328	-0.088
5566.483	-0.088
5566.667	-0.088
5566.822	-0.088
5566.979	-0.089
5567.162	-0.089
5567.317	-0.088
5567.500	-0.089
5567.655	-0.088
5567.838	-0.088
5567.995	-0.089
5568.150	-0.088
5568.333	-0.088
5568.488	-0.088
5568.645	-0.089
5568.828	-0.088
5568.983	-0.088
5569.167	-0.088
5569.322	-0.089
5569.479	-0.088
5569.662	-0.088
5569.817	-0.088
5570.000	-0.088
5570.155	-0.088
5570.338	-0.088
5570.495	-0.089
5570.650	-0.088
5570.833	-0.089
5570.988	-0.088
5571.145	-0.088
5571.328	-0.088
5571.483	-0.088
5571.667	-0.088
5571.822	-0.088
5572.005	-0.088
5572.162	-0.089
5572.317	-0.088
5572.500	-0.088
5572.655	-0.088
5572.812	-0.088
5572.995	-0.089
5573.150	-0.088
5573.333	-0.088
5573.488	-0.088
5573.672	-0.088
5573.828	-0.089
5573.983	-0.088
5574.167	-0.089
5574.322	-0.088
5574.479	-0.089
5574.662	-0.088
5574.817	-0.088
5575.000	-0.088
5575.155	-0.088
5575.312	-0.088
5575.495	-0.088
5575.650	-0.089
5575.833	-0.088
5575.988	-0.088
5576.145	-0.090
5576.328	-0.088
5576.483	-0.089
5576.667	-0.088
5576.822	-0.088
5576.979	-0.088
5577.162	-0.089
5577.317	-0.088
5577.500	-0.088
5577.655	-0.089
5577.812	-0.089
5577.995	-0.089
5578.150	-0.088
5578.333	-0.088
5578.488	-0.088
5578.645	-0.088
5578.828	-0.088
5578.983	-0.088
5579.167	-0.088
5579.322	-0.088
5579.479	-0.088
5579.662	-0.088
5579.817	-0.088
5580.000	-0.088
5580.155	-0.088
5580.312	-0.089
5580.495	-0.088
5580.650	-0.088
5580.833	-0.088
5580.988	-0.088
5581.145	-0.089
5581.328	-0.089
5581.483	-0.088
5581.667	-0.088
5581.822	-0.088
5581.979	-0.088
5582.162	-0.088
5582.317	-0.088
5582.500	-0.088
5582.655	-0.088
5582.812	-0.088
5582.995	-0.088
5583.150	-0.088
5583.333	-0.088
5583.488	-0.088
5583.645	-0.088
5583.828	-0.088
5583.983	-0.088
5584.167	-0.088
5584.322	-0.088
5584.479	-0.088
5584.662	-0.089
5584.817	-0.088
5585.000	-0.088
5585.155	-0.088
5585.312	-0.088
5585.495	-0.089
5585.650	-0.088
5585.833	-0.088
5585.988	-0.088
5586.145	-0.088
5586.328	-0.088
5586.483	-0.088
5586.667	-0.088
5586.822	-0.088
5586.979	-0.088
5587.162	-0.089
5587.317	-0.088
5587.500	-0.088
5587.655	-0.088
5587.812	-0.088
5587.995	-0.089
5588.150	-0.089
5588.333	-0.088
5588.488	-0.088
5588.645	-0.088
5588.828	-0.088
5588.983	-0.088
5589.167	-0.088
5589.322	-0.088
5589.479	-0.088
5589.662	-0.088
5589.817	-0.088
5590.000	-0.088
5590.155	-0.088
5590.312	-0.088
5590.495	-0.089
5590.650	-0.088
5590.833	-0.088
5590.988	-0.089
5591.145	-0.088
5591.328	-0.088
5591.483	-0.088
5591.667	-0.088
5591.822	-0.088
5591.979	-0.088
5592.162	-0.088
5592.317	-0.089
5592.500	-0.088
5592.655	-0.088
5592.812	-0.089
5592.995	-0.088
5593.150	-0.088
5593.333	-0.089
5593.488	-0.090
5593.645	-0.088
5593.828	-0.088
5593.983	-0.088
5594.167	-0.088
5594.322	-0.088
5594.479	-0.088
5594.662	-0.088
5594.817	-0.088
5595.000	-0.088
5595.155	-0.088
5595.312	-0.088
5595.495	-0.088
5595.650	-0.088
5595.833	-0.088
5595.988	-0.088
5596.145	-0.089
5596.328	-0.088
5596.483	-0.088
5596.667	-0.088
5596.822	-0.088
5596.979	-0.088
5597.162	-0.089
5597.317	-0.088
5597.500	-0.089
5597.655	-0.088
5597.812	-0.088
5597.995	-0.088
5598.150	-0.088
5598.333	-0.088
5598.488	-0.088
5598.645	-0.088
5598.828	-0.088
5598.983	-0.088
5599.167	-0.088
5599.322	-0.088
5599.479	-0.088
5599.662	-0.088
5599.817	-0.088
5599.973	-0.088
5600.155	-0.088
5600.312	-0.088
5600.495	-0.089
5600.650	-0.088
5600.833	-0.088
5600.988	-0.088
5601.145	-0.089
5601.328	-0.088
5601.483	-0.088
5601.667	-0.088
5601.822	-0.088
5601.979	-0.089
5602.162	-0.089
5602.317	-0.089
5602.500	-0.088
5602.655	-0.088
5602.812	-0.088
5602.995	-0.088
5603.150	-0.088
5603.333	-0.089
5603.488	-0.088
5603.645	-0.089
5603.828	-0.088
5603.983	-0.089
5604.167	-0.088
5604.322	-0.088
5604.479	-0.088
5604.662	-0.088
5604.817	-0.088
5605.000	-0.088
5605.155	-0.088
5605.312	-0.089
5605.495	-0.088
5605.650	-0.089
5605.833	-0.088
5605.988	-0.088
5606.145	-0.088
5606.328	-0.088
5606.483	-0.088
5606.667	-0.088
5606.822	-0.088
5606.979	-0.088
5607.162	-0.088
5607.317	-0.088
5607.500	-0.088
5607.655	-0.088
5607.812	-0.088
5607.995	-0.088
5608.150	-0.089
5608.333	-0.088
5608.488	-0.088
5608.645	-0.089
5608.828	-0.088
5608.983	-0.088
5609.167	-0.088
5609.322	-0.088
5609.479	-0.088
5609.662	-0.088
5609.817	-0.088
5610.000	-0.088
5610.155	-0.089
5610.312	-0.089
5610.495	-0.088
5610.650	-0.088
5610.833	-0.088
5610.988	-0.088
5611.145	-0.088
5611.328	-0.089
5611.483	-0.088
5611.667	-0.089
5611.822	-0.091
5611.979	-0.088
5612.162	-0.088
5612.317	-0.088
5612.500	-0.089
5612.655	-0.088
5612.812	-0.088
5612.995	-0.089
5613.150	-0.089
5613.333	-0.088
5613.488	-0.088
5613.645	-0.088
5613.828	-0.088
5613.983	-0.088
5614.167	-0.088
5614.322	-0.088
5614.479	-0.088
5614.662	-0.088
5614.817	-0.088
5615.000	-0.088
5615.155	-0.088
5615.312	-0.088
5615.495	-0.088
5615.650	-0.088
5615.833	-0.088
5615.988	-0.088
5616.145	-0.088
5616.328	-0.088
5616.483	-0.088
5616.667	-0.088
5616.822	-0.088
5616.979	-0.088
5617.162	-0.088
5617.317	-0.088
5617.500	-0.088
5617.655	-0.088
5617.812	-0.088
5617.995	-0.088
5618.150	-0.088
5618.333	-0.088
5618.488	-0.088
5618.645	-0.088
5618.828	-0.088
5618.983	-0.088
5619.167	-0.088
5619.322	-0.088
5619.479	-0.089
5619.662	-0.088
5619.817	-0.088
5620.000	-0.089
5620.155	-0.088
5620.312	-0.089
5620.495	-0.088
5620.650	-0.088
5620.833	-0.088
5620.988	-0.088
5621.145	-0.088
5621.328	-0.089
5621.483	-0.091
5621.667	-0.088
5621.822	-0.088
5621.979	-0.088
5622.162	-0.088
5622.317	-0.088
5622.500	-0.089
5622.655	-0.088
5622.812	-0.088
5622.995	-0.088
5623.150	-0.089
5623.333	-0.088
5623.488	-0.088
5623.645	-0.088
5623.828	-0.089
5623.983	-0.088
5624.167	-0.088
5624.322	-0.088
5624.479	-0.088
5624.662	-0.088
5624.817	-0.088
5625.000	-0.088
5625.155	-0.088
5625.312	-0.088
5625.495	-0.088
5625.650	-0.088
5625.833	-0.088
5625.988	-0.088
5626.145	-0.089
5626.328	-0.088
5626.483	-0.088
5626.667	-0.088
5626.822	-0.088
5626.979	-0.088
5627.162	-0.088
5627.317	-0.089
5627.500	-0.088
5627.655	-0.088
5627.812	-0.088
5627.995	-0.088
5628.150	-0.088
5628.333	-0.088
5628.488	-0.088
5628.645	-0.088
5628.828	-0.088
5628.983	-0.088
5629.167	-0.088
5629.322	-0.088
5629.479	-0.088
5629.662	-0.089
5629.817	-0.088
5630.000	-0.088
5630.155	-0.089
5630.312	-0.088
5630.495	-0.088
5630.650	-0.088
5630.833	-0.088
5630.988	-0.088
5631.145	-0.088
5631.328	-0.088
5631.483	-0.088
5631.667	-0.088
5631.822	-0.088
5631.979	-0.088
5632.162	-0.088
5632.317	-0.088
5632.500	-0.088
5632.655	-0.088
5632.812	-0.089
5632.995	-0.088
5633.150	-0.088
5633.333	-0.088
5633.488	-0.090
5633.645	-0.088
5633.828	-0.088
5633.983	-0.089
5634.167	-0.088
5634.322	-0.088
5634.479	-0.088
5634.662	-0.088
5634.817	-0.088
5635.000	-0.088
5635.155	-0.088
5635.312	-0.088
5635.495	-0.088
5635.650	-0.089
5635.833	-0.088
5635.988	-0.088
5636.145	-0.088
5636.328	-0.088
5636.483	-0.088
5636.667	-0.088
5636.822	-0.088
5636.979	-0.088
5637.162	-0.089
5637.317	-0.088
5637.500	-0.088
5637.655	-0.089
5637.812	-0.088
5637.995	-0.089
5638.150	-0.088
5638.333	-0.088
5638.488	-0.088
5638.645	-0.088
5638.828	-0.088
5638.983	-0.088
5639.167	-0.089
5639.322	-0.088
5639.479	-0.089
5639.662	-0.088
5639.817	-0.088
5640.000	-0.088
5640.155	-0.088
5640.312	-0.088
5640.495	-0.088
5640.650	-0.088
5640.833	-0.088
5640.988	-0.089
5641.145	-0.088
5641.328	-0.088
5641.483	-0.088
5641.667	-0.088
5641.822	-0.088
5641.979	-0.088
5642.162	-0.088
5642.317	-0.088
5642.500	-0.088
5642.655	-0.088
5642.812	-0.088
5642.995	-0.089
5643.150	-0.088
5643.333	-0.088
5643.488	-0.089
5643.645	-0.089
5643.828	-0.088
5643.983	-0.088
5644.167	-0.088
5644.322	-0.088
5644.479	-0.089
5644.662	-0.088
5644.817	-0.088
5645.000	-0.088
5645.155	-0.088
5645.312	-0.088
5645.495	-0.089
5645.650	-0.088
5645.833	-0.089
5645.988	-0.088
5646.145	-0.088
5646.328	-0.088
5646.483	-0.088
5646.667	-0.088
5646.822	-0.089
5646.979	-0.088
5647.162	-0.088
5647.317	-0.088
5647.500	-0.089
5647.655	-0.088
5647.812	-0.088
5647.995	-0.088
5648.150	-0.088
5648.333	-0.088
5648.488	-0.088
5648.645	-0.089
5648.828	-0.089
5648.983	-0.088
5649.140	-0.088
5649.322	-0.088
5649.479	-0.088
5649.662	-0.088
5649.817	-0.089
5650.000	-0.088
5650.155	-0.088
5650.312	-0.088
5650.495	-0.088
5650.650	-0.088
5650.833	-0.088
5650.988	-0.089
5651.145	-0.089
5651.328	-0.088
5651.483	-0.088
5651.667	-0.088
5651.822	-0.088
5651.979	-0.089
5652.162	-0.088
5652.317	-0.089
5652.500	-0.088
5652.655	-0.088
5652.812	-0.088
5652.995	-0.088
5653.150	-0.088
5653.307	-0.088
5653.488	-0.088
5653.645	-0.089
5653.828	-0.089
5653.983	-0.089
5654.167	-0.088
5654.322	-0.088
5654.479	-0.088
5654.662	-0.088
5654.817	-0.088
5655.000	-0.089
5655.155	-0.089
5655.312	-0.088
5655.495	-0.088
5655.650	-0.089
5655.833	-0.088
5655.988	-0.089
5656.145	-0.088
5656.328	-0.089
5656.483	-0.088
5656.640	-0.088
5656.822	-0.088
5656.979	-0.088
5657.162	-0.088
5657.317	-0.089
5657.500	-0.088
5657.655	-0.088
5657.812	-0.089
5657.995	-0.088
5658.150	-0.088
5658.307	-0.088
5658.488	-0.089
5658.645	-0.088
5658.828	-0.088
5658.983	-0.089
5659.140	-0.089
5659.322	-0.089
5659.479	-0.088
5659.662	-0.089
5659.817	-0.088
5659.973	-0.088
5660.155	-0.088
5660.312	-0.088
5660.495	-0.088
5660.650	-0.088
5660.807	-0.088
5660.988	-0.088
5661.145	-0.089
5661.328	-0.089
5661.483	-0.088
5661.640	-0.088
5661.822	-0.088
5661.979	-0.088
5662.162	-0.089
5662.317	-0.088
5662.473	-0.088
5662.655	-0.088
5662.812	-0.089
5662.995	-0.088
5663.150	-0.088
5663.307	-0.088
5663.488	-0.088
5663.645	-0.089
5663.828	-0.088
5663.983	-0.088
5664.140	-0.088
5664.322	-0.089
5664.479	-0.088
5664.662	-0.089
5664.817	-0.088
5664.973	-0.088
5665.155	-0.088
5665.312	-0.088
5665.495	-0.088
5665.650	-0.089
5665.807	-0.088
5665.988	-0.088
5666.145	-0.088
5666.328	-0.088
5666.483	-0.088
5666.640	-0.088
5666.822	-0.088
5666.979	-0.088
5667.162	-0.088
5667.317	-0.089
5667.473	-0.089
5667.655	-0.088
5667.812	-0.089
5667.995	-0.089
5668.150	-0.089
5668.307	-0.088
5668.488	-0.089
5668.645	-0.088
5668.828	-0.089
5668.983	-0.088
5669.140	-0.088
5669.322	-0.089
5669.479	-0.088
5669.662	-0.088
5669.817	-0.088
5669.973	-0.089
5670.155	-0.088
5670.312	-0.088
5670.495	-0.089
5670.650	-0.088
5670.807	-0.089
5670.988	-0.089
5671.145	-0.088
5671.328	-0.088
5671.483	-0.088
5671.640	-0.088
5671.822	-0.088
5671.979	-0.088
5672.162	-0.088
5672.317	-0.089
5672.473	-0.088
5672.655	-0.088
5672.812	-0.088
5672.995	-0.089
5673.150	-0.088
5673.307	-0.088
5673.488	-0.088
5673.645	-0.089
5673.828	-0.088
5673.983	-0.088
5674.140	-0.088
5674.322	-0.088
5674.479	-0.088
5674.662	-0.088
5674.817	-0.088
5674.973	-0.089
5675.155	-0.088
5675.312	-0.088
5675.495	-0.088
5675.650	-0.089
5675.807	-0.088
5675.988	-0.088
5676.145	-0.088
5676.328	-0.089
5676.483	-0.088
5676.640	-0.088
5676.822	-0.088
5676.979	-0.088
5677.162	-0.088
5677.317	-0.088
5677.473	-0.089
5677.655	-0.088
5677.812	-0.088
5677.995	-0.089
5678.150	-0.088
5678.307	-0.088
5678.488	-0.088
5678.645	-0.088
5678.828	-0.088
5678.983	-0.088
5679.140	-0.089
5679.322	-0.088
5679.479	-0.088
5679.662	-0.088
5679.817	-0.088
5679.973	-0.088
5680.155	-0.088
5680.312	-0.089
5680.495	-0.088
5680.650	-0.088
5680.807	-0.089
5680.988	-0.088
5681.145	-0.088
5681.328	-0.088
5681.483	-0.088
5681.640	-0.088
5681.822	-0.088
5681.979	-0.088
5682.162	-0.088
5682.317	-0.088
5682.473	-0.088
5682.655	-0.088
5682.812	-0.088
5682.995	-0.088
5683.150	-0.088
5683.307	-0.088
5683.488	-0.088
5683.645	-0.089
5683.828	-0.088
5683.983	-0.088
5684.140	-0.088
5684.322	-0.088
5684.479	-0.088
5684.662	-0.088
5684.817	-0.088
5684.973	-0.088
5685.155	-0.090
5685.312	-0.088
5685.495	-0.089
5685.650	-0.088
5685.807	-0.088
5685.988	-0.088
5686.145	-0.088
5686.328	-0.088
5686.483	-0.088
5686.640	-0.089
5686.822	-0.089
5686.979	-0.088
5687.162	-0.089
5687.317	-0.088
5687.473	-0.088
5687.655	-0.088
5687.812	-0.088
5687.995	-0.088
5688.150	-0.088
5688.307	-0.088
5688.488	-0.088
5688.645	-0.088
5688.828	-0.088
5688.983	-0.090
5689.140	-0.088
5689.322	-0.089
5689.479	-0.088
5689.662	-0.088
5689.817	-0.088
5689.973	-0.088
5690.155	-0.088
5690.312	-0.088
5690.495	-0.088
5690.650	-0.088
5690.807	-0.088
5690.988	-0.088
5691.145	-0.088
5691.328	-0.088
5691.483	-0.088
5691.640	-0.088
5691.822	-0.088
5691.979	-0.089
5692.162	-0.088
5692.317	-0.088
5692.473	-0.088
5692.655	-0.088
5692.812	-0.088
5692.995	-0.088
5693.150	-0.089
5693.307	-0.088
5693.488	-0.088
5693.645	-0.088
5693.828	-0.088
5693.983	-0.088
5694.140	-0.089
5694.322	-0.088
5694.479	-0.088
5694.662	-0.088
5694.817	-0.089
5694.973	-0.088
5695.155	-0.088
5695.312	-0.088
5695.495	-0.088
5695.650	-0.088
5695.807	-0.088
5695.988	-0.088
5696.145	-0.088
5696.328	-0.088
5696.483	-0.088
5696.640	-0.088
5696.822	-0.090
5696.979	-0.089
5697.162	-0.089
5697.317	-0.088
5697.473	-0.088
5697.655	-0.088
5697.812	-0.089
5697.995	-0.088
5698.150	-0.088
5698.307	-0.088
5698.488	-0.088
5698.645	-0.088
5698.828	-0.088
5698.983	-0.088
5699.140	-0.088
5699.322	-0.088
5699.479	-0.088
5699.662	-0.088
5699.817	-0.088
5699.973	-0.089
5700.155	-0.088
5700.312	-0.088
5700.495	-0.088
5700.650	-0.088
5700.807	-0.088
5700.988	-0.088
5701.145	-0.088
5701.328	-0.088
5701.483	-0.088
5701.640	-0.089
5701.822	-0.088
5701.979	-0.089
5702.162	-0.088
5702.317	-0.088
5702.473	-0.088
5702.655	-0.088
5702.812	-0.088
5702.995	-0.088
5703.150	-0.088
5703.307	-0.089
5703.488	-0.088
5703.645	-0.088
5703.828	-0.088
5703.983	-0.088
5704.140	-0.088
5704.322	-0.089
5704.479	-0.089
5704.662	-0.089
5704.817	-0.088
5704.973	-0.088
5705.155	-0.088
5705.312	-0.089
5705.495	-0.088
5705.650	-0.089
5705.807	-0.088
5705.988	-0.088
5706.145	-0.089
5706.328	-0.088
5706.483	-0.088
5706.640	-0.088
5706.822	-0.088
5706.979	-0.088
5707.162	-0.088
5707.317	-0.088
5707.473	-0.088
5707.655	-0.088
5707.812	-0.088
5707.995	-0.089
5708.150	-0.088
5708.307	-0.088
5708.488	-0.088
5708.645	-0.088
5708.828	-0.088
5708.983	-0.088
5709.140	-0.088
5709.322	-0.088
5709.479	-0.089
5709.662	-0.088
5709.817	-0.088
5709.973	-0.088
5710.155	-0.089
5710.312	-0.088
5710.495	-0.090
5710.650	-0.088
5710.807	-0.088
5710.988	-0.088
5711.145	-0.089
5711.328	-0.088
5711.483	-0.088
5711.640	-0.088
5711.822	-0.089
5711.979	-0.088
5712.162	-0.088
5712.317	-0.088
5712.473	-0.088
5712.655	-0.088
5712.812	-0.088
5712.995	-0.089
5713.150	-0.088
5713.307	-0.088
5713.488	-0.088
5713.645	-0.088
5713.828	-0.088
5713.983	-0.089
5714.140	-0.088
5714.322	-0.089
5714.479	-0.088
5714.662	-0.088
5714.817	-0.088
5714.973	-0.088
5715.155	-0.088
5715.312	-0.088
5715.495	-0.089
5715.650	-0.088
5715.807	-0.088
5715.988	-0.088
5716.145	-0.088
5716.328	-0.088
5716.483	-0.088
5716.640	-0.089
5716.822	-0.088
5716.979	-0.088
5717.162	-0.088
5717.317	-0.088
5717.473	-0.088
5717.655	-0.088
5717.812	-0.088
5717.995	-0.088
5718.150	-0.089
5718.307	-0.088
5718.488	-0.089
5718.645	-0.088
5718.828	-0.088
5718.983	-0.088
5719.140	-0.088
5719.322	-0.088
5719.479	-0.088
5719.662	-0.088
5719.817	-0.088
5719.973	-0.088
5720.155	-0.089
5720.312	-0.088
5720.495	-0.088
5720.650	-0.088
5720.807	-0.089
5720.988	-0.088
5721.145	-0.088
5721.328	-0.088
5721.483	-0.089
5721.640	-0.088
5721.822	-0.088
5721.979	-0.088
5722.162	-0.088
5722.317	-0.088
5722.473	-0.089
5722.655	-0.088
5722.812	-0.089
5722.995	-0.088
5723.150	-0.088
5723.307	-0.089
5723.488	-0.090
5723.645	-0.088
5723.828	-0.088
5723.983	-0.088
5724.140	-0.088
5724.322	-0.088
5724.479	-0.088
5724.662	-0.088
5724.817	-0.088
5724.973	-0.088
5725.155	-0.088
5725.312	-0.089
5725.495	-0.088
5725.650	-0.088
5725.807	-0.088
5725.988	-0.088
5726.145	-0.088
5726.328	-0.088
5726.483	-0.088
5726.640	-0.088
5726.822	-0.088
5726.979	-0.089
5727.162	-0.089
5727.317	-0.088
5727.473	-0.088
5727.655	-0.088
5727.812	-0.088
5727.995	-0.088
5728.150	-0.088
5728.307	-0.088
5728.488	-0.088
5728.645	-0.088
5728.828	-0.089
5728.983	-0.088
5729.140	-0.088
5729.322	-0.088
5729.479	-0.088
5729.662	-0.088
5729.817	-0.088
5729.973	-0.088
5730.155	-0.088
5730.312	-0.088
5730.495	-0.088
5730.650	-0.088
5730.807	-0.088
5730.988	-0.088
5731.145	-0.088
5731.328	-0.088
5731.483	-0.088
5731.640	-0.088
5731.822	-0.088
5731.979	-0.088
5732.162	-0.088
5732.317	-0.088
5732.473	-0.088
5732.655	-0.088
5732.812	-0.088
5732.995	-0.088
5733.150	-0.088
5733.307	-0.088
5733.488	-0.088
5733.645	-0.088
5733.828	-0.087
5733.983	-0.084
5734.140	-0.083
5734.322	-0.084
5734.479	-0.083
5734.662	-0.083
5734.817	-0.083
5734.973	-0.083
5735.155	-0.083
5735.312	-0.083
5735.495	-0.083
5735.650	-0.083
5735.807	-0.083
5735.988	-0.082
5736.145	-0.081
5736.328	-0.080
5736.483	-0.080
5736.640	-0.078
5736.822	-0.079
5736.979	-0.079
5737.162	-0.078
5737.317	-0.078
5737.473	-0.078
5737.655	-0.078
5737.812	-0.078
5737.995	-0.078
5738.150	-0.078
5738.307	-0.076
5738.488	-0.078
5738.645	-0.078
5738.828	-0.077
5738.983	-0.077
5739.140	-0.075
5739.322	-0.074
5739.479	-0.073
5739.662	-0.073
5739.817	-0.073
5739.973	-0.073
5740.155	-0.073
5740.312	-0.073
5740.495	-0.073
5740.650	-0.073
5740.807	-0.073
5740.988	-0.073
5741.145	-0.073
5741.328	-0.073
5741.483	-0.073
5741.640	-0.073
5741.822	-0.073
5741.979	-0.073
5742.162	-0.073
5742.317	-0.073
5742.473	-0.072
5742.655	-0.073
5742.812	-0.073
5742.995	-0.073
5743.150	-0.073
5743.307	-0.073
5743.488	-0.073
5743.645	-0.073
5743.828	-0.073
5743.983	-0.073
5744.140	-0.073
5744.322	-0.073
5744.479	-0.073
5744.662	-0.073
5744.817	-0.074
5744.973	-0.073
5745.155	-0.073
5745.312	-0.075
5745.495	-0.077
5745.650	-0.077
5745.807	-0.078
5745.988	-0.078
5746.145	-0.077
5746.302	-0.078
5746.483	-0.078
5746.640	-0.078
5746.822	-0.078
5746.979	-0.078
5747.162	-0.078
5747.317	-0.078
5747.473	-0.078
5747.655	-0.079
5747.812	-0.079
5747.968	-0.080
5748.150	-0.082
5748.307	-0.083
5748.488	-0.083
5748.645	-0.083
5748.828	-0.083
5748.983	-0.083
5749.140	-0.083
5749.322	-0.083
5749.479	-0.084
5749.635	-0.083
5749.817	-0.084
5749.973	-0.083
5750.155	-0.084
5750.312	-0.083
5750.495	-0.086
5750.650	-0.085
5750.807	-0.085
5750.988	-0.087
5751.145	-0.087
5751.302	-0.087
5751.483	-0.088
5751.640	-0.088
5751.822	-0.088
5751.979	-0.088
5752.162	-0.087
5752.317	-0.088
5752.473	-0.088
5752.655	-0.087
5752.812	-0.088
5752.995	-0.087
5753.150	-0.087
5753.307	-0.085
5753.488	-0.087
5753.645	-0.083
5753.802	-0.084
5753.983	-0.083
5754.140	-0.084
5754.322	-0.083
5754.479	-0.083
5754.635	-0.083
5754.817	-0.083
5754.973	-0.083
5755.155	-0.083
5755.312	-0.083
5755.495	-0.083
5755.650	-0.083
5755.807	-0.083
5755.988	-0.080
5756.145	-0.082
5756.302	-0.079
5756.483	-0.079
5756.640	-0.078
5756.822	-0.078
5756.979	-0.078
5757.135	-0.078
5757.317	-0.078
5757.473	-0.078
5757.655	-0.078
5757.812	-0.078
5757.995	-0.078
5758.150	-0.078
5758.307	-0.078
5758.488	-0.078
5758.645	-0.078
5758.802	-0.078
5758.983	-0.076
5759.140	-0.077
5759.322	-0.076
5759.479	-0.077
5759.662	-0.075
5759.817	-0.075
5759.973	-0.073
5760.155	-0.073
5760.312	-0.073
5760.495	-0.073
5760.650	-0.073
5760.807	-0.073
5760.988	-0.073
5761.145	-0.073
5761.302	-0.073
5761.483	-0.073
5761.640	-0.073
5761.822	-0.074
5761.979	-0.073
5762.162	-0.073
5762.317	-0.073
5762.473	-0.073
5762.655	-0.073
5762.812	-0.074
5762.968	-0.073
5763.150	-0.073
5763.307	-0.075
5763.488	-0.073
5763.645	-0.074
5763.828	-0.076
5763.983	-0.076
5764.140	-0.077
5764.322	-0.077
5764.479	-0.077
5764.662	-0.078
5764.817	-0.078
5764.973	-0.078
5765.155	-0.078
5765.312	-0.078
5765.468	-0.078
5765.650	-0.078
5765.807	-0.078
5765.988	-0.078
5766.145	-0.078
5766.328	-0.078
5766.483	-0.079
5766.640	-0.079
5766.822	-0.080
5766.979	-0.080
5767.135	-0.083
5767.317	-0.083
5767.473	-0.083
5767.655	-0.083
5767.812	-0.083
5767.995	-0.083
5768.150	-0.083
5768.307	-0.083
5768.488	-0.083
5768.645	-0.083
5768.802	-0.083
5768.983	-0.084
5769.140	-0.085
5769.322	-0.086
5769.479	-0.086
5769.662	-0.085
5769.817	-0.088
5769.973	-0.088
5770.155	-0.088
5770.312	-0.088
5770.468	-0.088
5770.650	-0.088
5770.807	-0.088
5770.988	-0.088
5771.145	-0.088
5771.328	-0.088
5771.483	-0.088
5771.640	-0.088
5771.822	-0.088
5771.979	-0.088
5772.162	-0.088
5772.317	-0.088
5772.473	-0.088
5772.655	-0.088
5772.812	-0.088
5772.968	-0.088
5773.150	-0.088
5773.307	-0.088
5773.488	-0.088
5773.645	-0.088
5773.828	-0.088
5773.983	-0.088
5774.140	-0.088
5774.322	-0.088
5774.479	-0.088
5774.635	-0.088
5774.817	-0.088
5774.973	-0.088
5775.155	-0.088
5775.312	-0.088
5775.495	-0.088
5775.650	-0.088
5775.807	-0.088
5775.988	-0.088
5776.145	-0.088
5776.328	-0.089
5776.483	-0.088
5776.640	-0.088
5776.822	-0.088
5776.979	-0.089
5777.135	-0.088
5777.317	-0.088
5777.473	-0.088
5777.655	-0.088
5777.812	-0.088
5777.968	-0.089
5778.150	-0.088
5778.307	-0.088
5778.488	-0.088
5778.645	-0.088
5778.802	-0.088
5778.983	-0.088
5779.140	-0.088
5779.322	-0.088
5779.479	-0.088
5779.662	-0.089
5779.817	-0.088
5779.973	-0.088
5780.155	-0.088
5780.312	-0.088
5780.468	-0.088
5780.650	-0.088
5780.807	-0.088
5780.988	-0.088
5781.145	-0.089
5781.328	-0.088
5781.483	-0.088
5781.640	-0.088
5781.822	-0.088
5781.979	-0.088
5782.135	-0.088
5782.317	-0.088
5782.473	-0.089
5782.655	-0.088
5782.812	-0.088
5782.995	-0.088
5783.150	-0.088
5783.307	-0.088
5783.488	-0.089
5783.645	-0.089
5783.828	-0.088
5783.983	-0.088
5784.140	-0.088
5784.322	-0.089
5784.479	-0.088
5784.635	-0.088
5784.817	-0.088
5784.973	-0.088
5785.155	-0.088
5785.312	-0.088
5785.468	-0.088
5785.650	-0.089
5785.807	-0.088
5785.988	-0.088
5786.145	-0.089
5786.302	-0.088
5786.483	-0.089
5786.640	-0.088
5786.822	-0.088
5786.979	-0.089
5787.135	-0.088
5787.317	-0.088
5787.473	-0.088
5787.655	-0.089
5787.812	-0.088
5787.968	-0.088
5788.150	-0.088
5788.307	-0.088
5788.488	-0.090
5788.645	-0.088
5788.802	-0.088
5788.983	-0.088
5789.140	-0.089
5789.322	-0.088
5789.479	-0.088
5789.635	-0.088
5789.817	-0.088
5789.973	-0.089
5790.155	-0.088
5790.312	-0.088
5790.468	-0.088
5790.650	-0.089
5790.807	-0.088
5790.988	-0.088
5791.145	-0.088
5791.302	-0.088
5791.483	-0.089
5791.640	-0.088
5791.822	-0.088
5791.979	-0.088
5792.135	-0.088
5792.317	-0.088
5792.473	-0.089
5792.655	-0.089
5792.812	-0.088
5792.968	-0.089
5793.150	-0.089
5793.307	-0.088
5793.488	-0.088
5793.645	-0.088
5793.802	-0.088
5793.983	-0.088
5794.140	-0.089
5794.322	-0.088
5794.479	-0.088
5794.635	-0.088
5794.817	-0.088
5794.973	-0.089
5795.155	-0.088
5795.312	-0.088
5795.468	-0.089
5795.650	-0.088
5795.807	-0.089
5795.988	-0.088
5796.145	-0.088
5796.302	-0.088
5796.483	-0.088
5796.640	-0.088
5796.822	-0.089
5796.979	-0.088
5797.135	-0.088
5797.317	-0.088
5797.473	-0.089
5797.655	-0.088
5797.812	-0.089
5797.968	-0.088
5798.150	-0.090
5798.307	-0.088
5798.488	-0.088
5798.645	-0.089
5798.802	-0.088
5798.983	-0.088
5799.140	-0.088
5799.322	-0.088
5799.479	-0.088
5799.635	-0.089
5799.817	-0.088
5799.973	-0.088
5800.155	-0.088
5800.312	-0.088
5800.468	-0.088
5800.650	-0.088
5800.807	-0.088
5800.988	-0.088
5801.145	-0.088
5801.302	-0.088
5801.483	-0.089
5801.640	-0.088
5801.822	-0.088
5801.979	-0.089
5802.135	-0.088
5802.317	-0.089
5802.473	-0.089
5802.655	-0.088
5802.812	-0.088
5802.968	-0.089
5803.150	-0.088
5803.307	-0.088
5803.488	-0.088
5803.645	-0.088
5803.802	-0.088
5803.983	-0.088
5804.140	-0.088
5804.322	-0.089
5804.479	-0.088
5804.635	-0.088
5804.817	-0.088
5804.973	-0.088
5805.155	-0.088
5805.312	-0.088
5805.468	-0.088
5805.650	-0.088
5805.807	-0.088
5805.988	-0.088
5806.145	-0.088
5806.302	-0.089
5806.483	-0.088
5806.640	-0.088
5806.822	-0.088
5806.979	-0.088
5807.135	-0.088
5807.317	-0.088
5807.473	-0.088
5807.655	-0.088
5807.812	-0.088
5807.968	-0.088
5808.150	-0.088
5808.307	-0.088
5808.488	-0.090
5808.645	-0.088
5808.802	-0.088
5808.983	-0.088
5809.140	-0.088
5809.322	-0.088
5809.479	-0.088
5809.635	-0.088
5809.817	-0.088
5809.973	-0.088
5810.155	-0.088
5810.312	-0.088
5810.468	-0.088
5810.650	-0.089
5810.807	-0.088
5810.988	-0.088
5811.145	-0.088
5811.302	-0.088
5811.483	-0.088
5811.640	-0.089
5811.822	-0.089
5811.979	-0.088
5812.135	-0.088
5812.317	-0.089
5812.473	-0.088
5812.655	-0.088
5812.812	-0.090
5812.968	-0.089
5813.150	-0.088
5813.307	-0.088
5813.488	-0.089
5813.645	-0.088
5813.802	-0.088
5813.983	-0.088
5814.140	-0.088
5814.322	-0.088
5814.479	-0.089
5814.635	-0.088
5814.817	-0.088
5814.973	-0.088
5815.155	-0.088
5815.312	-0.088
5815.468	-0.088
5815.650	-0.089
5815.807	-0.088
5815.988	-0.088
5816.145	-0.089
5816.302	-0.088
5816.483	-0.088
5816.640	-0.088
5816.822	-0.089
5816.979	-0.088
5817.135	-0.088
5817.317	-0.089
5817.473	-0.088
5817.655	-0.088
5817.812	-0.088
5817.968	-0.088
5818.150	-0.089
5818.307	-0.088
5818.488	-0.088
5818.645	-0.088
5818.802	-0.089
5818.983	-0.089
5819.140	-0.088
5819.322	-0.088
5819.479	-0.088
5819.635	-0.088
5819.817	-0.088
5819.973	-0.088
5820.155	-0.089
5820.312	-0.088
5820.468	-0.088
5820.650	-0.088
5820.807	-0.089
5820.988	-0.088
5821.145	-0.088
5821.302	-0.088
5821.483	-0.088
5821.640	-0.088
5821.822	-0.088
5821.979	-0.089
5822.135	-0.088
5822.317	-0.088
5822.473	-0.088
5822.655	-0.088
5822.812	-0.088
5822.968	-0.088
5823.150	-0.088
5823.307	-0.089
5823.488	-0.088
5823.645	-0.088
5823.802	-0.088
5823.983	-0.088
5824.140	-0.088
5824.322	-0.088
5824.479	-0.088
5824.635	-0.088
5824.817	-0.088
5824.973	-0.088
5825.155	-0.088
5825.312	-0.088
5825.468	-0.089
5825.650	-0.088
5825.807	-0.088
5825.988	-0.088
5826.145	-0.089
5826.302	-0.088
5826.483	-0.089
5826.640	-0.088
5826.822	-0.088
5826.979	-0.088
5827.135	-0.089
5827.317	-0.088
5827.473	-0.089
5827.655	-0.088
5827.812	-0.088
5827.968	-0.088
5828.150	-0.088
5828.307	-0.088
5828.488	-0.088
5828.645	-0.088
5828.802	-0.088
5828.983	-0.088
5829.140	-0.089
5829.322	-0.088
5829.479	-0.088
5829.635	-0.089
5829.817	-0.088
5829.973	-0.089
5830.155	-0.088
5830.312	-0.088
5830.468	-0.088
5830.650	-0.088
5830.807	-0.089
5830.988	-0.088
5831.145	-0.088
5831.302	-0.088
5831.483	-0.088
5831.640	-0.088
5831.797	-0.088
5831.979	-0.088
5832.135	-0.088
5832.317	-0.088
5832.473	-0.088
5832.655	-0.088
5832.812	-0.088
5832.968	-0.088
5833.150	-0.088
5833.307	-0.088
5833.488	-0.088
5833.645	-0.088
5833.802	-0.088
5833.983	-0.088
5834.140	-0.088
5834.297	-0.088
5834.479	-0.089
5834.635	-0.089
5834.817	-0.088
5834.973	-0.088
5835.155	-0.088
5835.312	-0.088
5835.468	-0.088
5835.650	-0.088
5835.807	-0.088
5835.988	-0.089
5836.145	-0.088
5836.302	-0.089
5836.483	-0.088
5836.640	-0.088
5836.822	-0.088
5836.979	-0.088
5837.135	-0.089
5837.317	-0.088
5837.473	-0.089
5837.630	-0.088
5837.812	-0.088
5837.968	-0.088
5838.150	-0.089
5838.307	-0.088
5838.463	-0.088
5838.645	-0.088
5838.802	-0.088
5838.983	-0.088
5839.140	-0.088
5839.322	-0.089
5839.479	-0.088
5839.635	-0.089
5839.817	-0.088
5839.973	-0.088
5840.130	-0.088
5840.312	-0.089
5840.468	-0.088
5840.650	-0.088
5840.807	-0.088
5840.963	-0.088
5841.145	-0.088
5841.302	-0.088
5841.483	-0.089
5841.640	-0.088
5841.822	-0.088
5841.979	-0.088
5842.135	-0.090
5842.317	-0.088
5842.473	-0.088
5842.655	-0.088
5842.812	-0.088
5842.968	-0.088
5843.150	-0.088
5843.307	-0.088
5843.463	-0.088
5843.645	-0.088
5843.802	-0.088
5843.983	-0.089
5844.140	-0.088
5844.322	-0.088
5844.479	-0.088
5844.635	-0.088
5844.817	-0.088
5844.973	-0.089
5845.130	-0.088
5845.312	-0.088
5845.468	-0.088
5845.650	-0.088
5845.807	-0.088
5845.988	-0.088
5846.145	-0.089
5846.302	-0.088
5846.483	-0.088
5846.640	-0.088
5846.797	-0.088
5846.979	-0.088
5847.135	-0.088
5847.317	-0.089
5847.473	-0.088
5847.655	-0.088
5847.812	-0.088
5847.968	-0.088
5848.150	-0.088
5848.307	-0.089
5848.463	-0.088
5848.645	-0.088
5848.802	-0.088
5848.983	-0.088
5849.140	-0.088
5849.322	-0.089
5849.479	-0.088
5849.635	-0.088
5849.817	-0.090
5849.973	-0.088
5850.155	-0.090
5850.312	-0.088
5850.468	-0.088
5850.650	-0.088
5850.807	-0.089
5850.963	-0.089
5851.145	-0.088
5851.302	-0.088
5851.483	-0.088
5851.640	-0.088
5851.822	-0.088
5851.979	-0.088
5852.135	-0.088
5852.317	-0.088
5852.473	-0.088
5852.655	-0.088
5852.812	-0.088
5852.968	-0.088
5853.150	-0.088
5853.307	-0.088
5853.488	-0.089
5853.645	-0.088
5853.802	-0.088
5853.983	-0.088
5854.140	-0.089
5854.322	-0.088
5854.479	-0.089
5854.635	-0.089
5854.817	-0.088
5854.973	-0.089
5855.130	-0.089
5855.312	-0.088
5855.468	-0.088
5855.650	-0.088
5855.807	-0.089
5855.963	-0.089
5856.145	-0.090
5856.302	-0.089
5856.483	-0.088
5856.640	-0.088
5856.797	-0.088
5856.979	-0.088
5857.135	-0.088
5857.317	-0.088
5857.473	-0.088
5857.630	-0.088
5857.812	-0.088
5857.968	-0.088
5858.150	-0.088
5858.307	-0.088
5858.488	-0.089
5858.645	-0.088
5858.802	-0.089
5858.983	-0.088
5859.140	-0.089
5859.322	-0.089
5859.479	-0.088
5859.635	-0.088
5859.817	-0.089
5859.973	-0.088
5860.155	-0.088
5860.312	-0.089
5860.468	-0.088
5860.650	-0.088
5860.807	-0.089
5860.963	-0.088
5861.145	-0.088
5861.302	-0.088
5861.483	-0.089
5861.640	-0.089
5861.822	-0.088
5861.979	-0.088
5862.135	-0.088
5862.317	-0.090
5862.473	-0.088
5862.630	-0.089
5862.812	-0.089
5862.968	-0.090
5863.150	-0.088
5863.307	-0.088
5863.488	-0.088
5863.645	-0.088
5863.802	-0.088
5863.983	-0.089
5864.140	-0.088
5864.297	-0.088
5864.479	-0.088
5864.635	-0.088
5864.817	-0.088
5864.973	-0.088
5865.130	-0.088
5865.312	-0.089
5865.468	-0.088
5865.650	-0.088
5865.807	-0.089
5865.988	-0.088
5866.145	-0.088
5866.302	-0.089
5866.483	-0.088
5866.640	-0.088
5866.822	-0.088
5866.979	-0.088
5867.135	-0.088
5867.317	-0.088
5867.473	-0.088
5867.655	-0.088
5867.812	-0.088
5867.968	-0.088
5868.150	-0.090
5868.307	-0.088
5868.463	-0.088
5868.645	-0.088
5868.802	-0.088
5868.983	-0.088
5869.140	-0.088
5869.297	-0.088
5869.479	-0.088
5869.635	-0.088
5869.817	-0.088
5869.973	-0.088
5870.130	-0.088
5870.312	-0.088
5870.468	-0.089
5870.650	-0.088
5870.807	-0.088
5870.963	-0.088
5871.145	-0.089
5871.302	-0.088
5871.483	-0.088
5871.640	-0.088
5871.797	-0.088
5871.979	-0.088
5872.135	-0.088
5872.317	-0.088
5872.473	-0.088
5872.630	-0.088
5872.812	-0.088
5872.968	-0.088
5873.150	-0.088
5873.307	-0.088
5873.463	-0.089
5873.645	-0.088
5873.802	-0.088
5873.983	-0.088
5874.140	-0.088
5874.297	-0.090
5874.479	-0.089
5874.635	-0.088
5874.817	-0.088
5874.973	-0.088
5875.130	-0.088
5875.312	-0.088
5875.468	-0.088
5875.650	-0.088
5875.807	-0.088
5875.963	-0.088
5876.145	-0.088
5876.302	-0.088
5876.483	-0.088
5876.640	-0.089
5876.797	-0.089
5876.979	-0.089
5877.135	-0.088
5877.317	-0.089
5877.473	-0.088
5877.630	-0.088
5877.812	-0.090
5877.968	-0.088
5878.150	-0.088
5878.307	-0.088
5878.463	-0.090
5878.645	-0.088
5878.802	-0.088
5878.983	-0.088
5879.140	-0.088
5879.297	-0.088
5879.479	-0.088
5879.635	-0.089
5879.817	-0.089
5879.973	-0.088
5880.130	-0.089
5880.312	-0.088
5880.468	-0.088
5880.650	-0.089
5880.807	-0.088
5880.963	-0.088
5881.145	-0.088
5881.302	-0.089
5881.483	-0.090
5881.640	-0.088
5881.797	-0.089
5881.979	-0.088
5882.135	-0.088
5882.317	-0.088
5882.473	-0.088
5882.630	-0.089
5882.812	-0.089
5882.968	-0.089
5883.150	-0.088
5883.307	-0.088
5883.463	-0.088
5883.645	-0.089
5883.802	-0.089
5883.983	-0.088
5884.140	-0.088
5884.297	-0.088
5884.479	-0.088
5884.635	-0.089
5884.817	-0.088
5884.973	-0.088
5885.130	-0.089
5885.312	-0.089
5885.468	-0.088
5885.650	-0.088
5885.807	-0.088
5885.963	-0.088
5886.145	-0.088
5886.302	-0.088
5886.483	-0.088
5886.640	-0.089
5886.797	-0.088
5886.979	-0.088
5887.135	-0.088
5887.317	-0.088
5887.473	-0.089
5887.630	-0.088
5887.812	-0.088
5887.968	-0.088
5888.150	-0.089
5888.307	-0.088
5888.463	-0.089
5888.645	-0.088
5888.802	-0.088
5888.983	-0.089
5889.140	-0.088
5889.297	-0.088
5889.479	-0.088
5889.635	-0.088
5889.817	-0.088
5889.973	-0.089
5890.130	-0.088
5890.312	-0.088
5890.468	-0.089
5890.650	-0.088
5890.807	-0.088
5890.963	-0.088
5891.145	-0.088
5891.302	-0.088
5891.483	-0.089
5891.640	-0.088
5891.797	-0.088
5891.979	-0.088
5892.135	-0.088
5892.317	-0.088
5892.473	-0.089
5892.630	-0.089
5892.812	-0.088
5892.968	-0.088
5893.150	-0.088
5893.307	-0.088
5893.463	-0.088
5893.645	-0.088
5893.802	-0.088
5893.983	-0.088
5894.140	-0.090
5894.297	-0.088
5894.479	-0.088
5894.635	-0.088
5894.817	-0.088
5894.973	-0.088
5895.130	-0.090
5895.312	-0.088
5895.468	-0.088
5895.650	-0.088
5895.807	-0.088
5895.963	-0.088
5896.145	-0.088
5896.302	-0.089
5896.483	-0.089
5896.640	-0.088
5896.797	-0.089
5896.979	-0.088
5897.135	-0.089
5897.317	-0.088
5897.473	-0.088
5897.630	-0.088
5897.812	-0.088
5897.968	-0.089
5898.150	-0.088
5898.307	-0.088
5898.463	-0.088
5898.645	-0.088
5898.802	-0.088
5898.983	-0.088
5899.140	-0.089
5899.297	-0.088
5899.479	-0.088
5899.635	-0.088
5899.817	-0.088
5899.973	-0.089
5900.130	-0.088
5900.312	-0.088
5900.468	-0.088
5900.650	-0.089
5900.807	-0.089
5900.963	-0.088
5901.145	-0.088
5901.302	-0.089
5901.483	-0.088
5901.640	-0.088
5901.797	-0.088
5901.979	-0.088
5902.135	-0.088
5902.317	-0.088
5902.473	-0.088
5902.630	-0.088
5902.812	-0.088
5902.968	-0.088
5903.150	-0.088
5903.307	-0.088
5903.463	-0.088
5903.645	-0.088
5903.802	-0.089
5903.983	-0.088
5904.140	-0.088
5904.297	-0.089
5904.479	-0.088
5904.635	-0.088
5904.817	-0.088
5904.973	-0.088
5905.130	-0.089
5905.312	-0.088
5905.468	-0.089
5905.650	-0.090
5905.807	-0.089
5905.963	-0.088
5906.145	-0.088
5906.302	-0.088
5906.483	-0.088
5906.640	-0.088
5906.797	-0.088
5906.979	-0.088
5907.135	-0.088
5907.317	-0.089
5907.473	-0.088
5907.630	-0.089
5907.812	-0.088
5907.968	-0.088
5908.150	-0.090
5908.307	-0.088
5908.463	-0.088
5908.645	-0.088
5908.802	-0.089
5908.983	-0.088
5909.140	-0.088
5909.297	-0.088
5909.479	-0.089
5909.635	-0.088
5909.817	-0.088
5909.973	-0.088
5910.130	-0.088
5910.312	-0.088
5910.468	-0.089
5910.650	-0.088
5910.807	-0.088
5910.963	-0.088
5911.145	-0.088
5911.302	-0.088
5911.483	-0.089
5911.640	-0.088
5911.797	-0.088
5911.979	-0.088
5912.135	-0.088
5912.317	-0.090
5912.473	-0.088
5912.630	-0.088
5912.812	-0.088
5912.968	-0.089
5913.150	-0.088
5913.307	-0.088
5913.463	-0.089
5913.645	-0.088
5913.802	-0.088
5913.983	-0.088
5914.140	-0.089
5914.297	-0.089
5914.479	-0.088
5914.635	-0.088
5914.817	-0.088
5914.973	-0.088
5915.130	-0.089
5915.312	-0.089
5915.468	-0.089
5915.650	-0.088
5915.807	-0.088
5915.963	-0.088
5916.145	-0.088
5916.302	-0.090
5916.483	-0.089
5916.640	-0.089
5916.797	-0.088
5916.979	-0.088
5917.135	-0.088
5917.317	-0.089
5917.473	-0.088
5917.630	-0.088
5917.812	-0.088
5917.968	-0.089
5918.150	-0.088
5918.307	-0.088
5918.463	-0.089
5918.645	-0.088
5918.802	-0.088
5918.983	-0.089
5919.140	-0.088
5919.297	-0.089
5919.479	-0.088
5919.635	-0.088
5919.817	-0.088
5919.973	-0.088
5920.130	-0.088
5920.312	-0.089
5920.468	-0.088
5920.650	-0.088
5920.807	-0.088
5920.963	-0.088
5921.145	-0.088
5921.302	-0.088
5921.483	-0.088
5921.640	-0.088
5921.797	-0.088
5921.979	-0.088
5922.135	-0.089
5922.317	-0.088
5922.473	-0.088
5922.630	-0.088
5922.812	-0.088
5922.968	-0.088
5923.150	-0.088
5923.307	-0.088
5923.463	-0.089
5923.645	-0.088
5923.802	-0.088
5923.983	-0.088
5924.140	-0.088
5924.297	-0.089
5924.479	-0.088
5924.635	-0.089
5924.817	-0.088
5924.973	-0.088
5925.130	-0.088
5925.312	-0.088
5925.468	-0.089
5925.650	-0.089
5925.807	-0.089
5925.963	-0.088
5926.145	-0.088
5926.302	-0.089
5926.483	-0.088
5926.640	-0.088
5926.797	-0.089
5926.979	-0.088
5927.135	-0.088
5927.317	-0.088
5927.473	-0.089
5927.630	-0.088
5927.812	-0.088
5927.968	-0.088
5928.150	-0.089
5928.307	-0.089
5928.463	-0.088
5928.645	-0.088
5928.802	-0.088
5928.983	-0.088
5929.140	-0.088
5929.297	-0.088
5929.479	-0.088
5929.635	-0.088
5929.817	-0.089
5929.973	-0.088
5930.130	-0.090
5930.312	-0.088
5930.468	-0.088
5930.650	-0.090
5930.807	-0.089
5930.963	-0.088
5931.145	-0.089
5931.302	-0.088
5931.483	-0.088
5931.640	-0.088
5931.797	-0.089
5931.979	-0.089
5932.135	-0.088
5932.317	-0.088
5932.473	-0.089
5932.630	-0.088
5932.812	-0.088
5932.968	-0.088
5933.150	-0.088
5933.307	-0.088
5933.463	-0.088
5933.645	-0.090
5933.802	-0.088
5933.983	-0.088
5934.140	-0.089
5934.297	-0.089
5934.479	-0.088
5934.635	-0.089
5934.817	-0.089
5934.973	-0.088
5935.130	-0.088
5935.312	-0.088
5935.468	-0.088
5935.650	-0.089
5935.807	-0.088
5935.963	-0.088
5936.145	-0.088
5936.302	-0.089
5936.483	-0.089
5936.640	-0.088
5936.797	-0.088
5936.979	-0.088
5937.135	-0.088
5937.317	-0.088
5937.473	-0.088
5937.630	-0.088
5937.812	-0.088
5937.968	-0.088
5938.150	-0.088
5938.307	-0.088
5938.463	-0.088
5938.645	-0.090
5938.802	-0.088
5938.983	-0.088
5939.140	-0.088
5939.297	-0.088
5939.479	-0.088
5939.635	-0.088
5939.817	-0.089
5939.973	-0.089
5940.130	-0.089
5940.312	-0.088
5940.468	-0.088
5940.650	-0.088
5940.807	-0.088
5940.963	-0.088
5941.145	-0.088
5941.302	-0.088
5941.483	-0.088
5941.640	-0.089
5941.797	-0.088
5941.979	-0.088
5942.135	-0.088
5942.317	-0.089
5942.473	-0.088
5942.630	-0.088
5942.812	-0.088
5942.968	-0.088
5943.150	-0.088
5943.307	-0.090
5943.463	-0.088
5943.645	-0.088
5943.802	-0.088
5943.983	-0.088
5944.140	-0.088
5944.297	-0.088
5944.479	-0.088
5944.635	-0.088
5944.817	-0.088
5944.973	-0.088
5945.130	-0.088
5945.312	-0.088
5945.468	-0.088
5945.650	-0.088
5945.807	-0.088
5945.963	-0.088
5946.145	-0.089
5946.302	-0.088
5946.483	-0.088
5946.640	-0.088
5946.797	-0.089
5946.979	-0.088
5947.135	-0.088
5947.317	-0.088
5947.473	-0.088
5947.630	-0.088
5947.812	-0.088
5947.968	-0.088
5948.150	-0.088
5948.307	-0.089
5948.463	-0.088
5948.645	-0.088
5948.802	-0.088
5948.983	-0.088
5949.140	-0.088
5949.297	-0.089
5949.479	-0.088
5949.635	-0.088
5949.817	-0.088
5949.973	-0.088
5950.130	-0.088
5950.312	-0.089
5950.468	-0.088
5950.650	-0.088
5950.807	-0.088
5950.963	-0.088
5951.145	-0.088
5951.302	-0.088
5951.483	-0.088
5951.640	-0.088
5951.797	-0.088
5951.979	-0.088
5952.135	-0.088
5952.317	-0.088
5952.473	-0.088
5952.630	-0.090
5952.812	-0.089
5952.968	-0.088
5953.125	-0.088
5953.307	-0.088
5953.463	-0.088
5953.645	-0.088
5953.802	-0.088
5953.983	-0.088
5954.140	-0.088
5954.297	-0.088
5954.479	-0.091
5954.635	-0.088
5954.817	-0.089
5954.973	-0.089
5955.130	-0.088
5955.312	-0.088
5955.468	-0.088
5955.650	-0.088
5955.807	-0.088
5955.963	-0.088
5956.145	-0.089
5956.302	-0.088
5956.483	-0.089
5956.640	-0.088
5956.797	-0.088
5956.979	-0.088
5957.135	-0.088
5957.317	-0.088
5957.473	-0.089
5957.630	-0.088
5957.812	-0.088
5957.968	-0.088
5958.125	-0.088
5958.307	-0.088
5958.463	-0.088
5958.645	-0.088
5958.802	-0.088
5958.983	-0.088
5959.140	-0.088
5959.297	-0.088
5959.479	-0.088
5959.635	-0.088
5959.817	-0.088
5959.973	-0.088
5960.130	-0.088
5960.312	-0.088
5960.468	-0.088
5960.625	-0.089
5960.807	-0.088
5960.963	-0.089
5961.145	-0.089
5961.302	-0.088
5961.483	-0.088
5961.640	-0.088
5961.797	-0.088
5961.979	-0.090
5962.135	-0.088
5962.317	-0.088
5962.473	-0.089
5962.630	-0.089
5962.812	-0.088
5962.968	-0.089
5963.150	-0.089
5963.307	-0.088
5963.463	-0.088
5963.645	-0.088
5963.802	-0.089
5963.983	-0.088
5964.140	-0.088
5964.297	-0.088
5964.479	-0.088
5964.635	-0.089
5964.817	-0.088
5964.973	-0.088
5965.130	-0.089
5965.312	-0.088
5965.468	-0.088
5965.625	-0.088
5965.807	-0.088
5965.963	-0.088
5966.145	-0.088
5966.302	-0.088
5966.458	-0.088
5966.640	-0.089
5966.797	-0.088
5966.979	-0.088
5967.135	-0.088
5967.317	-0.088
5967.473	-0.088
5967.630	-0.088
5967.812	-0.089
5967.968	-0.089
5968.125	-0.088
5968.307	-0.088
5968.463	-0.088
5968.645	-0.088
5968.802	-0.088
5968.958	-0.089
5969.140	-0.088
5969.297	-0.088
5969.479	-0.089
5969.635	-0.088
5969.792	-0.088
5969.973	-0.089
5970.130	-0.089
5970.312	-0.088
5970.468	-0.088
5970.625	-0.088
5970.807	-0.088
5970.963	-0.088
5971.145	-0.088
5971.302	-0.088
5971.458	-0.088
5971.640	-0.088
5971.797	-0.088
5971.979	-0.090
5972.135	-0.088
5972.317	-0.089
5972.473	-0.088
5972.630	-0.088
5972.812	-0.088
5972.968	-0.088
5973.125	-0.089
5973.307	-0.089
5973.463	-0.088
5973.645	-0.088
5973.802	-0.088
5973.958	-0.088
5974.140	-0.089
5974.297	-0.088
5974.479	-0.088
5974.635	-0.088
5974.792	-0.088
5974.973	-0.088
5975.130	-0.088
5975.312	-0.089
5975.468	-0.088
5975.625	-0.088
5975.807	-0.088
5975.963	-0.088
5976.145	-0.089
5976.302	-0.088
5976.458	-0.088
5976.640	-0.088
5976.797	-0.088
5976.979	-0.088
5977.135	-0.088
5977.292	-0.090
5977.473	-0.088
5977.630	-0.088
5977.812	-0.088
5977.968	-0.089
5978.125	-0.088
5978.307	-0.088
5978.463	-0.088
5978.645	-0.088
5978.802	-0.088
5978.958	-0.088
5979.140	-0.088
5979.297	-0.088
5979.479	-0.088
5979.635	-0.088
5979.792	-0.088
5979.973	-0.088
5980.130	-0.088
5980.312	-0.088
5980.468	-0.088
5980.625	-0.088
5980.807	-0.088
5980.963	-0.088
5981.145	-0.089
5981.302	-0.088
5981.483	-0.088
5981.640	-0.089
5981.797	-0.088
5981.979	-0.088
5982.135	-0.088
5982.292	-0.089
5982.473	-0.088
5982.630	-0.088
5982.812	-0.088
5982.968	-0.088
5983.125	-0.088
5983.307	-0.088
5983.463	-0.088
5983.645	-0.088
5983.802	-0.088
5983.958	-0.088
5984.140	-0.088
5984.297	-0.089
5984.479	-0.088
5984.635	-0.088
5984.817	-0.088
5984.973	-0.088
5985.130	-0.088
5985.312	-0.088
5985.468	-0.088
5985.625	-0.089
5985.807	-0.088
5985.963	-0.088
5986.145	-0.088
5986.302	-0.088
5986.458	-0.089
5986.640	-0.088
5986.797	-0.088
5986.979	-0.088
5987.135	-0.088
5987.292	-0.088
5987.473	-0.088
5987.630	-0.088
5987.812	-0.088
5987.968	-0.088
5988.125	-0.088
5988.307	-0.088
5988.463	-0.088
5988.645	-0.088
5988.802	-0.088
5988.958	-0.088
5989.140	-0.089
5989.297	-0.088
5989.479	-0.088
5989.635	-0.088
5989.792	-0.088
5989.973	-0.088
5990.130	-0.088
5990.312	-0.088
5990.468	-0.088
5990.625	-0.088
5990.807	-0.089
5990.963	-0.088
5991.145	-0.088
5991.302	-0.088
5991.458	-0.088
5991.640	-0.088
5991.797	-0.088
5991.979	-0.088
5992.135	-0.088
5992.292	-0.088
5992.473	-0.089
5992.630	-0.088
5992.812	-0.088
5992.968	-0.090
5993.125	-0.088
5993.307	-0.088
5993.463	-0.088
5993.645	-0.088
5993.802	-0.090
5993.958	-0.088
5994.140	-0.088
5994.297	-0.089
5994.479	-0.088
5994.635	-0.088
5994.792	-0.088
5994.973	-0.090
5995.130	-0.088
5995.312	-0.088
5995.468	-0.088
5995.625	-0.089
5995.807	-0.089
5995.963	-0.088
5996.145	-0.088
5996.302	-0.088
5996.458	-0.088
5996.640	-0.089
5996.797	-0.088
5996.979	-0.089
5997.135	-0.088
5997.292	-0.088
5997.473	-0.089
5997.630	-0.089
5997.812	-0.089
5997.968	-0.089
5998.125	-0.088
5998.307	-0.088
5998.463	-0.089
5998.645	-0.088
5998.802	-0.088
5998.958	-0.088
5999.140	-0.088
5999.297	-0.089
5999.479	-0.088
5999.635	-0.089
5999.792	-0.088
5999.973	-0.088
6000.130	-0.088
6000.312	-0.088
6000.468	-0.088
6000.650	-0.088
6000.807	-0.089
6000.963	-0.088
6001.145	-0.088
6001.302	-0.088
6001.458	-0.088
6001.640	-0.088
6001.797	-0.089
6001.979	-0.088
6002.135	-0.088
6002.292	-0.088
6002.473	-0.088
6002.630	-0.088
6002.812	-0.088
6002.968	-0.089
6003.125	-0.088
6003.307	-0.088
6003.463	-0.088
6003.645	-0.088
6003.802	-0.089
6003.958	-0.088
6004.140	-0.089
6004.297	-0.089
6004.479	-0.088
6004.635	-0.089
6004.792	-0.088
6004.973	-0.088
6005.130	-0.088
6005.312	-0.088
6005.468	-0.088
6005.625	-0.088
6005.807	-0.088
6005.963	-0.088
6006.145	-0.088
6006.302	-0.088
6006.458	-0.088
6006.640	-0.088
6006.797	-0.088
6006.979	-0.089
6007.135	-0.088
6007.292	-0.090
6007.473	-0.088
6007.630	-0.088
6007.812	-0.088
6007.968	-0.088
6008.125	-0.089
6008.307	-0.088
6008.463	-0.088
6008.645	-0.088
6008.802	-0.089
6008.958	-0.089
6009.140	-0.088
6009.297	-0.088
6009.479	-0.088
6009.635	-0.088
6009.792	-0.088
6009.973	-0.088
6010.130	-0.089
6010.312	-0.088
6010.468	-0.088
6010.625	-0.088
6010.807	-0.088
6010.963	-0.088
6011.145	-0.089
6011.302	-0.088
6011.458	-0.088
6011.640	-0.088
6011.797	-0.088
6011.979	-0.088
6012.135	-0.088
6012.292	-0.088
6012.473	-0.089
6012.630	-0.088
6012.812	-0.088
6012.968	-0.089
6013.125	-0.088
6013.307	-0.088
6013.463	-0.089
6013.645	-0.089
6013.802	-0.088
6013.958	-0.088
6014.140	-0.089
6014.297	-0.088
6014.479	-0.088
6014.635	-0.088
6014.792	-0.088
6014.947	-0.090
6015.130	-0.088
6015.312	-0.088
6015.468	-0.088
6015.625	-0.088
6015.807	-0.088
6015.963	-0.088
6016.145	-0.089
6016.302	-0.088
6016.458	-0.089
6016.640	-0.088
6016.797	-0.088
6016.979	-0.088
6017.135	-0.088
6017.292	-0.088
6017.473	-0.088
6017.630	-0.088
6017.812	-0.088
6017.968	-0.088
6018.125	-0.088
6018.307	-0.088
6018.463	-0.088
6018.645	-0.088
6018.802	-0.088
6018.958	-0.088
6019.140	-0.089
6019.297	-0.088
6019.479	-0.088
6019.635	-0.088
6019.792	-0.088
6019.973	-0.088
6020.130	-0.088
6020.312	-0.089
6020.468	-0.089
6020.625	-0.088
6020.807	-0.088
6020.963	-0.088
6021.145	-0.088
6021.302	-0.088
6021.458	-0.088
6021.640	-0.089
6021.797	-0.089
6021.979	-0.088
6022.135	-0.088
6022.292	-0.088
6022.473	-0.088
6022.630	-0.088
6022.812	-0.088
6022.968	-0.088
6023.125	-0.088
6023.307	-0.088
6023.463	-0.088
6023.645	-0.088
6023.802	-0.089
6023.958	-0.088
6024.140	-0.088
6024.297	-0.088
6024.479	-0.089
6024.635	-0.089
6024.792	-0.089
6024.973	-0.088
6025.130	-0.088
6025.312	-0.088
6025.468	-0.088
6025.625	-0.088
6025.807	-0.088
6025.963	-0.088
6026.145	-0.088
6026.302	-0.088
6026.458	-0.088
6026.640	-0.088
6026.797	-0.088
6026.979	-0.088
6027.135	-0.088
6027.292	-0.088
6027.473	-0.088
6027.630	-0.088
6027.812	-0.088
6027.968	-0.088
6028.125	-0.088
6028.307	-0.088
6028.463	-0.088
6028.645	-0.088
6028.802	-0.089
6028.958	-0.088
6029.140	-0.088
6029.297	-0.089
6029.479	-0.089
6029.635	-0.089
6029.792	-0.088
6029.973	-0.088
6030.130	-0.090
6030.312	-0.089
6030.468	-0.088
6030.625	-0.089
6030.807	-0.088
6030.963	-0.088
6031.145	-0.088
6031.302	-0.088
6031.458	-0.088
6031.640	-0.088
6031.797	-0.089
6031.979	-0.088
6032.135	-0.090
6032.292	-0.089
6032.473	-0.088
6032.630	-0.089
6032.812	-0.088
6032.968	-0.088
6033.125	-0.089
6033.307	-0.088
6033.463	-0.088
6033.645	-0.089
6033.802	-0.088
6033.958	-0.089
6034.140	-0.088
6034.297	-0.088
6034.479	-0.088
6034.635	-0.089
6034.792	-0.089
6034.973	-0.088
6035.130	-0.090
6035.312	-0.089
6035.468	-0.088
6035.625	-0.089
6035.807	-0.088
6035.963	-0.088
6036.145	-0.088
6036.302	-0.088
6036.458	-0.089
6036.640	-0.089
6036.797	-0.088
6036.979	-0.088
6037.135	-0.089
6037.292	-0.088
6037.473	-0.088
6037.630	-0.088
6037.812	-0.088
6037.968	-0.089
6038.125	-0.089
6038.307	-0.088
6038.463	-0.088
6038.645	-0.088
6038.802	-0.088
6038.958	-0.089
6039.140	-0.088
6039.297	-0.088
6039.479	-0.088
6039.635	-0.088
6039.792	-0.089
6039.973	-0.088
6040.130	-0.089
6040.312	-0.088
6040.468	-0.088
6040.625	-0.088
6040.807	-0.088
6040.963	-0.089
6041.145	-0.088
6041.302	-0.089
6041.458	-0.090
6041.640	-0.089
6041.797	-0.088
6041.979	-0.088
6042.135	-0.088
6042.292	-0.088
6042.473	-0.088
6042.630	-0.088
6042.787	-0.088
6042.968	-0.089
6043.125	-0.088
6043.307	-0.089
6043.463	-0.089
6043.620	-0.089
6043.802	-0.088
6043.958	-0.088
6044.140	-0.088
6044.297	-0.090
6044.479	-0.088
6044.635	-0.088
6044.792	-0.088
6044.973	-0.088
6045.130	-0.088
6045.312	-0.089
6045.468	-0.088
6045.625	-0.088
6045.807	-0.089
6045.963	-0.088
6046.145	-0.088
6046.302	-0.088
6046.458	-0.088
6046.640	-0.089
6046.797	-0.089
6046.979	-0.088
6047.135	-0.088
6047.292	-0.088
6047.473	-0.088
6047.630	-0.088
6047.787	-0.088
6047.968	-0.089
6048.125	-0.088
6048.307	-0.088
6048.463	-0.088
6048.645	-0.088
6048.802	-0.090
6048.958	-0.088
6049.140	-0.088
6049.297	-0.088
6049.479	-0.088
6049.635	-0.088
6049.792	-0.089
6049.973	-0.088
6050.130	-0.088
6050.312	-0.088
6050.468	-0.088
6050.625	-0.088
6050.807	-0.088
6050.963	-0.088
6051.120	-0.088
6051.302	-0.088
6051.458	-0.088
6051.640	-0.089
6051.797	-0.089
6051.979	-0.088
6052.135	-0.088
6052.292	-0.088
6052.473	-0.088
6052.630	-0.088
6052.812	-0.088
6052.968	-0.088
6053.125	-0.088
6053.307	-0.088
6053.463	-0.088
6053.645	-0.088
6053.802	-0.089
6053.958	-0.088
6054.140	-0.088
6054.297	-0.089
6054.479	-0.088
6054.635	-0.088
6054.792	-0.088
6054.973	-0.089
6055.130	-0.088
6055.287	-0.088
6055.468	-0.088
6055.625	-0.088
6055.807	-0.089
6055.963	-0.088
6056.145	-0.088
6056.302	-0.089
6056.458	-0.088
6056.640	-0.088
6056.797	-0.088
6056.953	-0.088
6057.135	-0.088
6057.292	-0.088
6057.473	-0.088
6057.630	-0.088
6057.812	-0.088
6057.968	-0.088
6058.125	-0.088
6058.307	-0.089
6058.463	-0.088
6058.645	-0.088
6058.802	-0.088
6058.958	-0.088
6059.140	-0.088
6059.297	-0.088
6059.479	-0.088
6059.635	-0.088
6059.792	-0.088
6059.973	-0.088
6060.130	-0.089
6060.287	-0.088
6060.468	-0.088
6060.625	-0.088
6060.807	-0.088
6060.963	-0.088
6061.145	-0.089
6061.302	-0.088
6061.458	-0.088
6061.640	-0.090
6061.797	-0.088
6061.979	-0.088
6062.135	-0.088
6062.292	-0.089
6062.473	-0.088
6062.630	-0.088
6062.787	-0.089
6062.968	-0.088
6063.125	-0.088
6063.307	-0.089
6063.463	-0.088
6063.645	-0.088
6063.802	-0.090
6063.958	-0.088
6064.140	-0.089
6064.297	-0.089
6064.453	-0.088
6064.635	-0.089
6064.792	-0.088
6064.973	-0.088
6065.130	-0.088
6065.312	-0.088
6065.468	-0.089
6065.625	-0.089
6065.807	-0.089
6065.963	-0.088
6066.145	-0.088
6066.302	-0.088
6066.458	-0.088
6066.640	-0.088
6066.797	-0.089
6066.953	-0.088
6067.135	-0.088
6067.292	-0.088
6067.473	-0.088
6067.630	-0.088
6067.812	-0.089
6067.968	-0.088
6068.125	-0.089
6068.307	-0.088
6068.463	-0.088
6068.645	-0.088
6068.802	-0.088
6068.958	-0.088
6069.140	-0.088
6069.297	-0.089
6069.453	-0.088
6069.635	-0.088
6069.792	-0.089
6069.973	-0.088
6070.130	-0.088
6070.312	-0.088
6070.468	-0.088
6070.625	-0.088
6070.807	-0.088
6070.963	-0.088
6071.120	-0.089
6071.302	-0.088
6071.458	-0.088
6071.640	-0.088
6071.797	-0.088
6071.979	-0.088
6072.135	-0.088
6072.292	-0.088
6072.473	-0.088
6072.630	-0.088
6072.812	-0.088
6072.968	-0.089
6073.125	-0.088
6073.307	-0.088
6073.463	-0.088
6073.620	-0.088
6073.802	-0.088
6073.958	-0.088
6074.140	-0.088
6074.297	-0.088
6074.453	-0.089
6074.635	-0.088
6074.792	-0.088
6074.973	-0.088
6075.130	-0.088
6075.312	-0.088
6075.468	-0.088
6075.625	-0.088
6075.807	-0.088
6075.963	-0.088
6076.145	-0.088
6076.302	-0.089
6076.458	-0.088
6076.640	-0.088
6076.797	-0.088
6076.953	-0.088
6077.135	-0.090
6077.292	-0.089
6077.473	-0.088
6077.630	-0.088
6077.787	-0.088
6077.968	-0.088
6078.125	-0.088
6078.307	-0.088
6078.463	-0.088
6078.620	-0.088
6078.802	-0.088
6078.958	-0.089
6079.140	-0.089
6079.297	-0.088
6079.453	-0.088
6079.635	-0.088
6079.792	-0.089
6079.973	-0.088
6080.130	-0.088
6080.287	-0.088
6080.468	-0.088
6080.625	-0.088
6080.807	-0.088
6080.963	-0.088
6081.120	-0.088
6081.302	-0.088
6081.458	-0.088
6081.640	-0.089
6081.797	-0.088
6081.953	-0.088
6082.135	-0.088
6082.292	-0.088
6082.473	-0.088
6082.630	-0.089
6082.787	-0.088
6082.968	-0.088
6083.125	-0.088
6083.307	-0.088
6083.463	-0.090
6083.620	-0.089
6083.802	-0.088
6083.958	-0.089
6084.140	-0.088
6084.297	-0.089
6084.453	-0.088
6084.635	-0.089
6084.792	-0.088
6084.973	-0.089
6085.130	-0.088
6085.312	-0.091
6085.468	-0.090
6085.625	-0.088
6085.807	-0.088
6085.963	-0.088
6086.120	-0.088
6086.302	-0.088
6086.458	-0.088
6086.640	-0.088
6086.797	-0.088
6086.953	-0.089
6087.135	-0.090
6087.292	-0.089
6087.473	-0.088
6087.630	-0.088
6087.787	-0.088
6087.968	-0.088
6088.125	-0.088
6088.307	-0.089
6088.463	-0.088
6088.620	-0.089
6088.802	-0.088
6088.958	-0.089
6089.140	-0.088
6089.297	-0.089
6089.453	-0.088
6089.635	-0.088
6089.792	-0.088
6089.973	-0.088
6090.130	-0.088
6090.287	-0.089
6090.468	-0.088
6090.625	-0.088
6090.807	-0.088
6090.963	-0.088
6091.120	-0.088
6091.302	-0.089
6091.458	-0.089
6091.640	-0.088
6091.797	-0.088
6091.953	-0.089
6092.135	-0.088
6092.292	-0.089
6092.473	-0.088
6092.630	-0.089
6092.787	-0.090
6092.968	-0.089
6093.125	-0.089
6093.307	-0.089
6093.463	-0.088
6093.620	-0.089
6093.802	-0.088
6093.958	-0.088
6094.140	-0.088
6094.297	-0.089
6094.453	-0.088
6094.635	-0.088
6094.792	-0.088
6094.973	-0.088
6095.130	-0.090
6095.287	-0.088
6095.468	-0.088
6095.625	-0.088
6095.807	-0.089
6095.963	-0.089
6096.120	-0.089
6096.302	-0.088
6096.458	-0.088
6096.640	-0.089
6096.797	-0.089
6096.953	-0.088
6097.135	-0.088
6097.292	-0.088
6097.473	-0.089
6097.630	-0.088
6097.787	-0.088
6097.968	-0.088
6098.125	-0.088
6098.307	-0.088
6098.463	-0.089
6098.620	-0.088
6098.802	-0.088
6098.958	-0.088
6099.140	-0.088
6099.297	-0.088
6099.453	-0.088
6099.635	-0.088
6099.792	-0.089
6099.973	-0.089
6100.130	-0.089
6100.287	-0.089
6100.468	-0.088
6100.625	-0.088
6100.807	-0.089
6100.963	-0.088
6101.120	-0.088
6101.302	-0.089
6101.458	-0.088
6101.640	-0.088
6101.797	-0.088
6101.953	-0.088
6102.135	-0.088
6102.292	-0.088
6102.473	-0.089
6102.630	-0.088
6102.787	-0.088
6102.968	-0.088
6103.125	-0.089
6103.307	-0.088
6103.463	-0.091
6103.620	-0.089
6103.802	-0.090
6103.958	-0.088
6104.140	-0.088
6104.297	-0.088
6104.453	-0.088
6104.635	-0.088
6104.792	-0.088
6104.973	-0.088
6105.130	-0.088
6105.287	-0.088
6105.468	-0.088
6105.625	-0.089
6105.807	-0.088
6105.963	-0.088
6106.120	-0.088
6106.302	-0.088
6106.458	-0.088
6106.640	-0.088
6106.797	-0.088
6106.953	-0.088
6107.135	-0.088
6107.292	-0.088
6107.473	-0.088
6107.630	-0.088
6107.787	-0.088
6107.968	-0.088
6108.125	-0.088
6108.307	-0.088
6108.463	-0.088
6108.620	-0.089
6108.802	-0.088
6108.958	-0.088
6109.140	-0.088
6109.297	-0.088
6109.453	-0.089
6109.635	-0.088
6109.792	-0.089
6109.973	-0.088
6110.130	-0.088
6110.287	-0.088
6110.468	-0.088
6110.625	-0.088
6110.807	-0.088
6110.963	-0.088
6111.120	-0.089
6111.302	-0.088
6111.458	-0.089
6111.640	-0.089
6111.797	-0.088
6111.953	-0.088
6112.135	-0.088
6112.292	-0.089
6112.473	-0.088
6112.630	-0.088
6112.787	-0.088
6112.968	-0.089
6113.125	-0.088
6113.307	-0.088
6113.463	-0.088
6113.620	-0.088
6113.802	-0.088
6113.958	-0.088
6114.140	-0.089
6114.297	-0.088
6114.453	-0.088
6114.635	-0.088
6114.792	-0.088
6114.973	-0.088
6115.130	-0.088
6115.287	-0.088
6115.468	-0.088
6115.625	-0.088
6115.807	-0.088
6115.963	-0.088
6116.120	-0.088
6116.302	-0.088
6116.458	-0.088
6116.640	-0.088
6116.797	-0.088
6116.953	-0.088
6117.135	-0.088
6117.292	-0.088
6117.473	-0.089
6117.630	-0.089
6117.787	-0.089
6117.968	-0.089
6118.125	-0.088
6118.307	-0.089
6118.463	-0.090
6118.620	-0.088
6118.802	-0.088
6118.958	-0.088
6119.140	-0.089
6119.297	-0.089
6119.453	-0.088
6119.635	-0.088
6119.792	-0.088
6119.973	-0.089
6120.130	-0.089
6120.287	-0.088
6120.468	-0.089
6120.625	-0.088
6120.807	-0.088
6120.963	-0.088
6121.120	-0.090
6121.302	-0.088
6121.458	-0.088
6121.640	-0.088
6121.797	-0.088
6121.953	-0.088
6122.135	-0.088
6122.292	-0.088
6122.473	-0.088
6122.630	-0.089
6122.787	-0.088
6122.968	-0.088
6123.125	-0.088
6123.307	-0.089
6123.463	-0.088
6123.620	-0.088
6123.802	-0.088
6123.958	-0.088
6124.113	-0.088
6124.297	-0.088
6124.453	-0.088
6124.635	-0.088
6124.792	-0.088
6124.947	-0.089
6125.130	-0.088
6125.287	-0.088
6125.468	-0.088
6125.625	-0.088
6125.807	-0.089
6125.963	-0.089
6126.120	-0.088
6126.302	-0.088
6126.458	-0.088
6126.613	-0.088
6126.797	-0.088
6126.953	-0.088
6127.135	-0.088
6127.292	-0.088
6127.473	-0.088
6127.630	-0.089
6127.787	-0.088
6127.968	-0.089
6128.125	-0.088
6128.307	-0.088
6128.463	-0.088
6128.620	-0.089
6128.802	-0.088
6128.958	-0.088
6129.113	-0.088
6129.297	-0.089
6129.453	-0.089
6129.635	-0.089
6129.792	-0.088
6129.973	-0.088
6130.130	-0.088
6130.287	-0.088
6130.468	-0.089
6130.625	-0.088
6130.807	-0.088
6130.963	-0.089
6131.120	-0.088
6131.302	-0.088
6131.458	-0.088
6131.640	-0.089
6131.797	-0.088
6131.953	-0.088
6132.135	-0.088
6132.292	-0.088
6132.447	-0.088
6132.630	-0.088
6132.787	-0.088
6132.968	-0.088
6133.125	-0.088
6133.280	-0.088
6133.463	-0.089
6133.620	-0.088
6133.802	-0.088
6133.958	-0.089
6134.140	-0.088
6134.297	-0.088
6134.453	-0.088
6134.635	-0.088
6134.792	-0.089
6134.947	-0.088
6135.130	-0.088
6135.287	-0.089
6135.468	-0.088
6135.625	-0.088
6135.780	-0.088
6135.963	-0.088
6136.120	-0.089
6136.302	-0.088
6136.458	-0.088
6136.640	-0.088
6136.797	-0.088
6136.953	-0.088
6137.135	-0.089
6137.292	-0.089
6137.447	-0.088
6137.630	-0.088
6137.787	-0.090
6137.968	-0.088
6138.125	-0.088
6138.307	-0.088
6138.463	-0.088
6138.620	-0.088
6138.802	-0.088
6138.958	-0.088
6139.113	-0.089
6139.297	-0.088
6139.453	-0.088
6139.635	-0.088
6139.792	-0.089
6139.973	-0.088
6140.130	-0.088
6140.287	-0.088
6140.468	-0.088
6140.625	-0.088
6140.807	-0.090
6140.963	-0.088
6141.120	-0.089
6141.302	-0.088
6141.458	-0.088
6141.613	-0.088
6141.797	-0.088
6141.953	-0.088
6142.135	-0.088
6142.292	-0.088
6142.473	-0.088
6142.630	-0.088
6142.787	-0.089
6142.968	-0.088
6143.125	-0.090
6143.280	-0.088
6143.463	-0.088
6143.620	-0.088
6143.802	-0.089
6143.958	-0.089
6144.140	-0.088
6144.297	-0.089
6144.453	-0.088
6144.635	-0.088
6144.792	-0.088
6144.947	-0.088
6145.130	-0.089
6145.287	-0.088
6145.468	-0.088
6145.625	-0.089
6145.807	-0.088
6145.963	-0.088
6146.120	-0.088
6146.302	-0.089
6146.458	-0.088
6146.640	-0.088
6146.797	-0.088
6146.953	-0.088
6147.135	-0.088
6147.292	-0.088
6147.447	-0.088
6147.630	-0.089
6147.787	-0.088
6147.968	-0.088
6148.125	-0.088
6148.280	-0.088
6148.463	-0.089
6148.620	-0.088
6148.802	-0.088
6148.958	-0.088
6149.140	-0.089
6149.297	-0.089
6149.453	-0.088
6149.635	-0.088
6149.792	-0.088
6149.947	-0.089
6150.130	-0.088
6150.287	-0.088
6150.468	-0.088
6150.625	-0.088
6150.780	-0.088
6150.963	-0.088
6151.120	-0.088
6151.302	-0.089
6151.458	-0.088
6151.640	-0.088
6151.797	-0.088
6151.953	-0.088
6152.135	-0.088
6152.292	-0.088
6152.447	-0.089
6152.630	-0.088
6152.787	-0.088
6152.968	-0.088
6153.125	-0.089
6153.307	-0.088
6153.463	-0.089
6153.620	-0.089
6153.802	-0.088
6153.958	-0.089
6154.113	-0.088
6154.297	-0.089
6154.453	-0.089
6154.635	-0.088
6154.792	-0.089
6154.973	-0.088
6155.130	-0.088
6155.287	-0.088
6155.468	-0.088
6155.625	-0.088
6155.807	-0.088
6155.963	-0.089
6156.120	-0.088
6156.302	-0.089
6156.458	-0.088
6156.613	-0.088
6156.797	-0.088
6156.953	-0.088
6157.135	-0.088
6157.292	-0.088
6157.473	-0.088
6157.630	-0.089
6157.787	-0.088
6157.968	-0.090
6158.125	-0.088
6158.307	-0.089
6158.463	-0.088
6158.620	-0.088
6158.802	-0.088
6158.958	-0.088
6159.113	-0.088
6159.297	-0.088
6159.453	-0.089
6159.635	-0.088
6159.792	-0.089
6159.947	-0.088
6160.130	-0.088
6160.287	-0.088
6160.468	-0.088
6160.625	-0.088
6160.780	-0.088
6160.963	-0.088
6161.120	-0.088
6161.302	-0.088
6161.458	-0.089
6161.613	-0.088
6161.797	-0.088
6161.953	-0.088
6162.135	-0.089
6162.292	-0.089
6162.447	-0.088
6162.630	-0.089
6162.787	-0.088
6162.968	-0.089
6163.125	-0.088
6163.280	-0.088
6163.463	-0.088
6163.620	-0.089
6163.802	-0.089
6163.958	-0.088
6164.113	-0.088
6164.297	-0.088
6164.453	-0.088
6164.635	-0.088
6164.792	-0.088
6164.947	-0.088
6165.130	-0.089
6165.287	-0.088
6165.468	-0.088
6165.625	-0.088
6165.780	-0.088
6165.963	-0.089
6166.120	-0.088
6166.302	-0.089
6166.458	-0.089
6166.613	-0.088
6166.797	-0.088
6166.953	-0.088
6167.135	-0.088
6167.292	-0.088
6167.447	-0.088
6167.630	-0.090
6167.787	-0.088
6167.968	-0.088
6168.125	-0.088
6168.280	-0.090
6168.463	-0.088
6168.620	-0.088
6168.802	-0.088
6168.958	-0.088
6169.113	-0.088
6169.297	-0.088
6169.453	-0.089
6169.635	-0.089
6169.792	-0.088
6169.947	-0.088
6170.130	-0.088
6170.287	-0.089
6170.468	-0.088
6170.625	-0.088
6170.780	-0.088
6170.963	-0.088
6171.120	-0.088
6171.302	-0.088
6171.458	-0.088
6171.613	-0.088
6171.797	-0.088
6171.953	-0.089
6172.135	-0.088
6172.292	-0.088
6172.447	-0.088
6172.630	-0.088
6172.787	-0.089
6172.968	-0.088
6173.125	-0.088
6173.307	-0.088
6173.463	-0.088
6173.620	-0.089
6173.802	-0.088
6173.958	-0.089
6174.113	-0.088
6174.297	-0.089
6174.453	-0.088
6174.635	-0.088
6174.792	-0.088
6174.947	-0.088
6175.130	-0.088
6175.287	-0.089
6175.468	-0.088
6175.625	-0.088
6175.780	-0.088
6175.963	-0.088
6176.120	-0.088
6176.302	-0.088
6176.458	-0.088
6176.613	-0.089
6176.797	-0.088
6176.953	-0.088
6177.135	-0.088
6177.292	-0.088
6177.447	-0.088
6177.630	-0.088
6177.787	-0.088
6177.968	-0.088
6178.125	-0.088
6178.280	-0.089
6178.463	-0.088
6178.620	-0.088
6178.802	-0.088
6178.958	-0.088
6179.113	-0.088
6179.297	-0.088
6179.453	-0.088
6179.635	-0.088
6179.792	-0.088
6179.947	-0.088
6180.130	-0.088
6180.287	-0.088
6180.468	-0.088
6180.625	-0.088
6180.780	-0.088
6180.963	-0.088
6181.120	-0.088
6181.302	-0.088
6181.458	-0.088
6181.613	-0.088
6181.797	-0.088
6181.953	-0.088
6182.135	-0.088
6182.292	-0.088
6182.447	-0.088
6182.630	-0.088
6182.787	-0.088
6182.968	-0.088
6183.125	-0.088
6183.280	-0.088
6183.463	-0.088
6183.620	-0.088
6183.802	-0.088
6183.958	-0.088
6184.113	-0.088
6184.297	-0.088
6184.453	-0.088
6184.635	-0.088
6184.792	-0.088
6184.947	-0.088
6185.130	-0.088
6185.287	-0.088
6185.468	-0.088
6185.625	-0.088
6185.780	-0.088
6185.963	-0.088
6186.120	-0.088
6186.302	-0.088
6186.458	-0.088
6186.613	-0.088
6186.797	-0.088
6186.953	-0.088
6187.135	-0.088
6187.292	-0.088
6187.447	-0.088
6187.630	-0.088
6187.787	-0.088
6187.968	-0.088
6188.125	-0.088
6188.280	-0.088
6188.463	-0.088
6188.620	-0.088
6188.802	-0.088
6188.958	-0.088
6189.113	-0.088
6189.297	-0.088
6189.453	-0.088
6189.635	-0.088
6189.792	-0.088
6189.947	-0.088
6190.130	-0.088
6190.287	-0.088
6190.468	-0.088
6190.625	-0.088
6190.780	-0.088
6190.963	-0.088
6191.120	-0.088
6191.302	-0.088
6191.458	-0.088
6191.613	-0.088
6191.797	-0.088
6191.953	-0.088
6192.135	-0.088
6192.292	-0.087
6192.447	-0.088
6192.630	-0.088
6192.787	-0.088
6192.968	-0.088
6193.125	-0.088
6193.280	-0.088
6193.463	-0.088
6193.620	-0.088
6193.802	-0.088
6193.958	-0.088
6194.113	-0.088
6194.297	-0.088
6194.453	-0.088
6194.635	-0.088
6194.792	-0.088
6194.947	-0.088
6195.130	-0.088
6195.287	-0.088
6195.468	-0.088
6195.625	-0.088
6195.780	-0.088
6195.963	-0.088
6196.120	-0.088
6196.302	-0.088
6196.458	-0.088
6196.613	-0.088
6196.797	-0.088
6196.953	-0.088
6197.135	-0.088
6197.292	-0.088
6197.447	-0.088
6197.630	-0.088
6197.787	-0.088
6197.968	-0.088
6198.125	-0.088
6198.280	-0.088
6198.463	-0.088
6198.620	-0.088
6198.802	-0.088
6198.958	-0.088
6199.113	-0.088
6199.297	-0.088
6199.453	-0.088
6199.635	-0.088
6199.792	-0.088
6199.947	-0.088
6200.130	-0.088
6200.287	-0.088
6200.468	-0.088
6200.625	-0.088
6200.780	-0.088
6200.963	-0.088
6201.120	-0.088
6201.302	-0.088
6201.458	-0.088
6201.613	-0.088
6201.797	-0.088
6201.953	-0.088
6202.135	-0.088
6202.292	-0.088
6202.447	-0.088
6202.630	-0.088
6202.787	-0.088
6202.968	-0.088
6203.125	-0.088
6203.280	-0.088
6203.463	-0.088
6203.620	-0.088
6203.802	-0.088
6203.958	-0.088
6204.113	-0.088
6204.297	-0.088
6204.453	-0.088
6204.635	-0.088
6204.792	-0.088
6204.947	-0.089
6205.130	-0.088
6205.287	-0.088
6205.468	-0.088
6205.625	-0.088
6205.780	-0.088
6205.963	-0.088
6206.120	-0.088
6206.302	-0.088
6206.458	-0.088
6206.613	-0.088
6206.797	-0.088
6206.953	-0.088
6207.135	-0.088
6207.292	-0.088
6207.447	-0.088
6207.630	-0.088
6207.787	-0.089
6207.968	-0.088
6208.125	-0.089
6208.280	-0.088
6208.463	-0.088
6208.620	-0.088
6208.802	-0.089
6208.958	-0.088
6209.113	-0.088
6209.297	-0.088
6209.453	-0.088
6209.635	-0.089
6209.792	-0.088
6209.947	-0.088
6210.130	-0.088
6210.287	-0.088
6210.468	-0.088
6210.625	-0.089
6210.780	-0.088
6210.963	-0.088
6211.120	-0.088
6211.302	-0.089
6211.458	-0.088
6211.613	-0.089
6211.797	-0.088
6211.953	-0.088
6212.135	-0.088
6212.292	-0.088
6212.447	-0.088
6212.630	-0.088
6212.787	-0.088
6212.968	-0.088
6213.125	-0.088
6213.280	-0.088
6213.463	-0.088
6213.620	-0.088
6213.802	-0.088
6213.958	-0.088
6214.113	-0.088
6214.297	-0.088
6214.453	-0.090
6214.635	-0.088
6214.792	-0.088
6214.947	-0.089
6215.130	-0.088
6215.287	-0.088
6215.468	-0.088
6215.625	-0.089
6215.780	-0.088
6215.963	-0.088
6216.120	-0.088
6216.302	-0.088
6216.458	-0.088
6216.613	-0.088
6216.797	-0.088
6216.953	-0.088
6217.135	-0.088
6217.292	-0.088
6217.447	-0.088
6217.630	-0.089
6217.787	-0.088
6217.968	-0.089
6218.125	-0.088
6218.280	-0.089
6218.463	-0.088
6218.620	-0.088
6218.802	-0.090
6218.958	-0.089
6219.113	-0.088
6219.297	-0.088
6219.453	-0.088
6219.635	-0.088
6219.792	-0.088
6219.947	-0.088
6220.130	-0.088
6220.287	-0.088
6220.468	-0.088
6220.625	-0.089
6220.780	-0.088
6220.963	-0.089
6221.120	-0.089
6221.302	-0.088
6221.458	-0.088
6221.613	-0.089
6221.797	-0.088
6221.953	-0.088
6222.135	-0.088
6222.292	-0.088
6222.447	-0.088
6222.630	-0.088
6222.787	-0.088
6222.968	-0.088
6223.125	-0.088
6223.280	-0.088
6223.463	-0.088
6223.620	-0.088
6223.802	-0.089
6223.958	-0.088
6224.113	-0.088
6224.297	-0.089
6224.453	-0.088
6224.635	-0.088
6224.792	-0.088
6224.947	-0.088
6225.130	-0.088
6225.287	-0.090
6225.468	-0.089
6225.625	-0.089
6225.780	-0.088
6225.963	-0.088
6226.120	-0.088
6226.302	-0.088
6226.458	-0.088
6226.613	-0.088
6226.797	-0.088
6226.953	-0.088
6227.135	-0.088
6227.292	-0.088
6227.447	-0.089
6227.630	-0.088
6227.787	-0.090
6227.968	-0.088
6228.125	-0.088
6228.280	-0.088
6228.463	-0.088
6228.620	-0.088
6228.802	-0.089
6228.958	-0.089
6229.113	-0.088
6229.297	-0.088
6229.453	-0.089
6229.635	-0.088
6229.792	-0.088
6229.947	-0.088
6230.130	-0.089
6230.287	-0.088
6230.468	-0.089
6230.625	-0.088
6230.780	-0.088
6230.963	-0.088
6231.120	-0.088
6231.302	-0.089
6231.458	-0.089
6231.613	-0.088
6231.797	-0.088
6231.953	-0.088
6232.135	-0.088
6232.292	-0.088
6232.447	-0.088
6232.630	-0.088
6232.787	-0.088
6232.968	-0.088
6233.125	-0.088
6233.280	-0.089
6233.463	-0.088
6233.620	-0.088
6233.802	-0.089
6233.958	-0.088
6234.113	-0.088
6234.297	-0.088
6234.453	-0.089
6234.635	-0.088
6234.792	-0.088
6234.947	-0.088
6235.130	-0.088
6235.287	-0.089
6235.468	-0.088
6235.625	-0.088
6235.780	-0.088
6235.963	-0.088
6236.120	-0.090
6236.302	-0.088
6236.458	-0.088
6236.613	-0.089
6236.797	-0.089
6236.953	-0.088
6237.135	-0.089
6237.292	-0.088
6237.447	-0.089
6237.604	-0.088
6237.787	-0.088
6237.968	-0.088
6238.125	-0.088
6238.280	-0.090
6238.463	-0.088
6238.620	-0.088
6238.802	-0.088
6238.958	-0.088
6239.113	-0.088
6239.297	-0.088
6239.453	-0.089
6239.635	-0.089
6239.792	-0.088
6239.947	-0.089
6240.130	-0.089
6240.287	-0.088
6240.468	-0.088
6240.625	-0.088
6240.780	-0.088
6240.963	-0.089
6241.120	-0.088
6241.302	-0.088
6241.458	-0.088
6241.613	-0.088
6241.797	-0.088
6241.953	-0.088
6242.135	-0.089
6242.292	-0.088
6242.447	-0.088
6242.630	-0.088
6242.787	-0.088
6242.968	-0.089
6243.125	-0.089
6243.280	-0.089
6243.463	-0.088
6243.620	-0.088
6243.802	-0.088
6243.958	-0.088
6244.113	-0.088
6244.297	-0.088
6244.453	-0.089
6244.635	-0.088
6244.792	-0.089
6244.947	-0.088
6245.130	-0.088
6245.287	-0.090
6245.468	-0.088
6245.625	-0.088
6245.780	-0.088
6245.963	-0.088
6246.120	-0.088
6246.302	-0.089
6246.458	-0.088
6246.613	-0.088
6246.797	-0.088
6246.953	-0.088
6247.135	-0.088
6247.292	-0.089
6247.447	-0.088
6247.630	-0.088
6247.787	-0.088
6247.968	-0.088
6248.125	-0.088
6248.280	-0.088
6248.463	-0.088
6248.620	-0.088
6248.802	-0.088
6248.958	-0.088
6249.113	-0.088
6249.297	-0.088
6249.453	-0.088
6249.635	-0.088
6249.792	-0.088
6249.947	-0.088
6250.130	-0.088
6250.287	-0.088
6250.468	-0.088
6250.625	-0.088
6250.780	-0.088
6250.963	-0.089
6251.120	-0.088
6251.302	-0.089
6251.458	-0.088
6251.613	-0.089
6251.797	-0.090
6251.953	-0.088
6252.135	-0.089
6252.292	-0.088
6252.447	-0.088
6252.630	-0.088
6252.787	-0.088
6252.968	-0.088
6253.125	-0.088
6253.280	-0.089
6253.463	-0.088
6253.620	-0.088
6253.802	-0.088
6253.958	-0.088
6254.113	-0.088
6254.297	-0.088
6254.453	-0.088
6254.635	-0.088
6254.792	-0.088
6254.947	-0.088
6255.130	-0.089
6255.287	-0.088
6255.468	-0.088
6255.625	-0.088
6255.780	-0.089
6255.963	-0.088
6256.120	-0.088
6256.302	-0.088
6256.458	-0.088
6256.613	-0.088
6256.797	-0.088
6256.953	-0.088
6257.135	-0.088
6257.292	-0.088
6257.447	-0.088
6257.630	-0.088
6257.787	-0.088
6257.968	-0.088
6258.125	-0.088
6258.280	-0.088
6258.463	-0.088
6258.620	-0.088
6258.802	-0.088
6258.958	-0.088
6259.113	-0.088
6259.297	-0.088
6259.453	-0.088
6259.635	-0.088
6259.792	-0.088
6259.947	-0.088
6260.130	-0.088
6260.287	-0.088
6260.468	-0.088
6260.625	-0.089
6260.780	-0.089
6260.963	-0.088
6261.120	-0.089
6261.302	-0.088
6261.458	-0.088
6261.613	-0.088
6261.797	-0.089
6261.953	-0.088
6262.135	-0.088
6262.292	-0.089
6262.447	-0.088
6262.630	-0.088
6262.787	-0.088
6262.968	-0.088
6263.125	-0.088
6263.280	-0.088
6263.463	-0.088
6263.620	-0.090
6263.802	-0.088
6263.958	-0.089
6264.113	-0.090
6264.297	-0.088
6264.453	-0.088
6264.635	-0.088
6264.792	-0.088
6264.947	-0.088
6265.130	-0.089
6265.287	-0.088
6265.468	-0.089
6265.625	-0.088
6265.780	-0.088
6265.963	-0.089
6266.120	-0.089
6266.302	-0.088
6266.458	-0.088
6266.613	-0.088
6266.797	-0.088
6266.953	-0.090
6267.135	-0.088
6267.292	-0.089
6267.447	-0.089
6267.630	-0.088
6267.787	-0.088
6267.968	-0.088
6268.125	-0.088
6268.280	-0.088
6268.463	-0.088
6268.620	-0.088
6268.802	-0.089
6268.958	-0.088
6269.113	-0.088
6269.297	-0.088
6269.453	-0.088
6269.635	-0.089
6269.792	-0.088
6269.947	-0.088
6270.130	-0.088
6270.287	-0.088
6270.468	-0.088
6270.625	-0.088
6270.780	-0.089
6270.963	-0.089
6271.120	-0.088
6271.302	-0.088
6271.458	-0.088
6271.613	-0.088
6271.797	-0.088
6271.953	-0.088
6272.108	-0.088
6272.292	-0.088
6272.447	-0.088
6272.630	-0.088
6272.787	-0.088
6272.968	-0.088
6273.125	-0.088
6273.280	-0.089
6273.463	-0.088
6273.620	-0.088
6273.802	-0.088
6273.958	-0.088
6274.113	-0.088
6274.297	-0.088
6274.453	-0.088
6274.635	-0.089
6274.792	-0.089
6274.947	-0.089
6275.130	-0.088
6275.287	-0.088
6275.468	-0.089
6275.625	-0.088
6275.780	-0.088
6275.963	-0.088
6276.120	-0.088
6276.275	-0.088
6276.458	-0.088
6276.613	-0.088
6276.797	-0.088
6276.953	-0.088
6277.135	-0.088
6277.292	-0.088
6277.447	-0.088
6277.630	-0.088
6277.787	-0.088
6277.942	-0.088
6278.125	-0.088
6278.280	-0.088
6278.463	-0.088
6278.620	-0.089
6278.775	-0.089
6278.958	-0.089
6279.113	-0.088
6279.297	-0.088
6279.453	-0.088
6279.608	-0.088
6279.792	-0.088
6279.947	-0.088
6280.130	-0.088
6280.287	-0.088
6280.442	-0.088
6280.625	-0.088
6280.780	-0.088
6280.963	-0.088
6281.120	-0.089
6281.275	-0.088
6281.458	-0.088
6281.613	-0.089
6281.797	-0.088
6281.953	-0.088
6282.108	-0.088
6282.292	-0.089
6282.447	-0.088
6282.630	-0.088
6282.787	-0.088
6282.942	-0.088
6283.125	-0.088
6283.280	-0.089
6283.463	-0.088
6283.620	-0.088
6283.775	-0.088
6283.958	-0.088
6284.113	-0.088
6284.297	-0.088
6284.453	-0.088
6284.608	-0.088
6284.792	-0.088
6284.947	-0.088
6285.130	-0.088
6285.287	-0.088
6285.442	-0.088
6285.625	-0.089
6285.780	-0.088
6285.963	-0.088
6286.120	-0.088
6286.275	-0.088
6286.458	-0.088
6286.613	-0.088
6286.797	-0.088
6286.953	-0.089
6287.108	-0.088
6287.292	-0.088
6287.447	-0.089
6287.630	-0.088
6287.787	-0.088
6287.942	-0.088
6288.125	-0.089
6288.280	-0.088
6288.463	-0.089
6288.620	-0.088
6288.775	-0.088
6288.958	-0.088
6289.113	-0.088
6289.297	-0.088
6289.453	-0.088
6289.608	-0.089
6289.792	-0.088
6289.947	-0.088
6290.130	-0.088
6290.287	-0.088
6290.442	-0.088
6290.625	-0.089
6290.780	-0.088
6290.963	-0.088
6291.120	-0.088
6291.275	-0.088
6291.458	-0.088
6291.613	-0.088
6291.797	-0.088
6291.953	-0.088
6292.108	-0.088
6292.292	-0.088
6292.447	-0.089
6292.630	-0.088
6292.787	-0.088
6292.942	-0.088
6293.125	-0.088
6293.280	-0.088
6293.463	-0.088
6293.620	-0.088
6293.775	-0.089
6293.958	-0.088
6294.113	-0.088
6294.297	-0.088
6294.453	-0.088
6294.608	-0.088
6294.792	-0.089
6294.947	-0.088
6295.130	-0.088
6295.287	-0.088
6295.442	-0.088
6295.625	-0.088
6295.780	-0.089
6295.963	-0.088
6296.120	-0.088
6296.275	-0.089
6296.458	-0.088
6296.613	-0.089
6296.797	-0.088
6296.953	-0.088
6297.108	-0.088
6297.292	-0.088
6297.447	-0.090
6297.630	-0.088
6297.787	-0.088
6297.942	-0.088
6298.125	-0.088
6298.280	-0.088
6298.463	-0.089
6298.620	-0.089
6298.775	-0.088
6298.958	-0.089
6299.113	-0.088
6299.297	-0.088
6299.453	-0.088
6299.608	-0.088
6299.792	-0.088
6299.947	-0.089
6300.130	-0.088
6300.287	-0.088
6300.442	-0.088
6300.625	-0.088
6300.780	-0.089
6300.963	-0.089
6301.120	-0.089
6301.275	-0.089
6301.458	-0.088
6301.613	-0.088
6301.797	-0.088
6301.953	-0.088
6302.108	-0.088
6302.292	-0.088
6302.447	-0.088
6302.630	-0.088
6302.787	-0.089
6302.942	-0.088
6303.125	-0.088
6303.280	-0.088
6303.463	-0.089
6303.620	-0.088
6303.775	-0.088
6303.958	-0.089
6304.113	-0.088
6304.297	-0.088
6304.453	-0.088
6304.608	-0.088
6304.792	-0.088
6304.947	-0.088
6305.130	-0.088
6305.287	-0.088
6305.442	-0.088
6305.625	-0.088
6305.780	-0.088
6305.963	-0.089
6306.120	-0.088
6306.275	-0.088
6306.458	-0.089
6306.613	-0.088
6306.797	-0.089
6306.953	-0.088
6307.108	-0.088
6307.292	-0.088
6307.447	-0.088
6307.630	-0.088
6307.787	-0.088
6307.942	-0.088
6308.125	-0.088
6308.280	-0.088
6308.463	-0.088
6308.620	-0.088
6308.775	-0.088
6308.958	-0.088
6309.113	-0.089
6309.297	-0.089
6309.453	-0.088
6309.608	-0.089
6309.792	-0.089
6309.947	-0.089
6310.130	-0.089
6310.287	-0.088
6310.442	-0.088
6310.625	-0.088
6310.780	-0.088
6310.963	-0.088
6311.120	-0.089
6311.275	-0.088
6311.458	-0.088
6311.613	-0.088
6311.797	-0.088
6311.953	-0.088
6312.108	-0.088
6312.292	-0.089
6312.447	-0.088
6312.630	-0.088
6312.787	-0.088
6312.942	-0.089
6313.125	-0.088
6313.280	-0.088
6313.463	-0.089
6313.620	-0.088
6313.775	-0.088
6313.958	-0.088
6314.113	-0.088
6314.297	-0.088
6314.453	-0.088
6314.608	-0.089
6314.792	-0.088
6314.947	-0.088
6315.130	-0.089
6315.287	-0.088
6315.442	-0.088
6315.625	-0.088
6315.780	-0.088
6315.963	-0.088
6316.120	-0.088
6316.275	-0.089
6316.458	-0.088
6316.613	-0.089
6316.797	-0.088
6316.953	-0.089
6317.108	-0.088
6317.292	-0.088
6317.447	-0.088
6317.630	-0.088
6317.787	-0.089
6317.942	-0.088
6318.125	-0.088
6318.280	-0.088
6318.463	-0.089
6318.620	-0.089
6318.775	-0.088
6318.958	-0.088
6319.113	-0.088
6319.297	-0.089
6319.453	-0.088
6319.608	-0.088
6319.792	-0.088
6319.947	-0.089
6320.130	-0.088
6320.287	-0.088
6320.442	-0.088
6320.625	-0.088
6320.780	-0.088
6320.963	-0.088
6321.120	-0.088
6321.275	-0.088
6321.458	-0.090
6321.613	-0.088
6321.797	-0.089
6321.953	-0.088
6322.108	-0.088
6322.292	-0.088
6322.447	-0.088
6322.630	-0.088
6322.787	-0.088
6322.942	-0.088
6323.125	-0.088
6323.280	-0.088
6323.463	-0.088
6323.620	-0.088
6323.775	-0.088
6323.958	-0.089
6324.113	-0.088
6324.297	-0.088
6324.453	-0.088
6324.608	-0.088
6324.792	-0.088
6324.947	-0.088
6325.130	-0.088
6325.287	-0.088
6325.442	-0.088
6325.625	-0.088
6325.780	-0.089
6325.963	-0.089
6326.120	-0.088
6326.275	-0.088
6326.458	-0.088
6326.613	-0.088
6326.797	-0.088
6326.953	-0.088
6327.108	-0.090
6327.292	-0.088
6327.447	-0.088
6327.630	-0.088
6327.787	-0.088
6327.942	-0.088
6328.125	-0.089
6328.280	-0.089
6328.463	-0.089
6328.620	-0.088
6328.775	-0.088
6328.958	-0.088
6329.113	-0.088
6329.297	-0.088
6329.453	-0.088
6329.608	-0.089
6329.792	-0.088
6329.947	-0.088
6330.130	-0.088
6330.287	-0.088
6330.442	-0.088
6330.625	-0.088
6330.780	-0.089
6330.963	-0.088
6331.120	-0.088
6331.275	-0.089
6331.458	-0.088
6331.613	-0.088
6331.797	-0.088
6331.953	-0.088
6332.108	-0.088
6332.292	-0.088
6332.447	-0.088
6332.630	-0.088
6332.787	-0.088
6332.942	-0.088
6333.125	-0.088
6333.280	-0.089
6333.463	-0.089
6333.620	-0.089
6333.775	-0.088
6333.958	-0.088
6334.113	-0.088
6334.297	-0.088
6334.453	-0.088
6334.608	-0.088
6334.792	-0.088
6334.947	-0.089
6335.130	-0.088
6335.287	-0.088
6335.442	-0.089
6335.625	-0.088
6335.780	-0.088
6335.963	-0.088
6336.120	-0.088
6336.275	-0.088
6336.458	-0.088
6336.613	-0.088
6336.797	-0.088
6336.953	-0.088
6337.108	-0.089
6337.292	-0.088
6337.447	-0.088
6337.630	-0.088
6337.787	-0.088
6337.942	-0.088
6338.125	-0.089
6338.280	-0.088
6338.463	-0.088
6338.620	-0.088
6338.775	-0.088
6338.958	-0.088
6339.113	-0.088
6339.297	-0.090
6339.453	-0.088
6339.608	-0.088
6339.792	-0.088
6339.947	-0.088
6340.130	-0.089
6340.287	-0.088
6340.442	-0.090
6340.625	-0.088
6340.780	-0.088
6340.963	-0.089
6341.120	-0.088
6341.275	-0.088
6341.458	-0.090
6341.613	-0.088
6341.797	-0.088
6341.953	-0.089
6342.108	-0.088
6342.292	-0.089
6342.447	-0.088
6342.630	-0.088
6342.787	-0.088
6342.942	-0.088
6343.125	-0.088
6343.280	-0.089
6343.463	-0.088
6343.620	-0.088
6343.775	-0.088
6343.958	-0.088
6344.113	-0.088
6344.297	-0.090
6344.453	-0.088
6344.608	-0.088
6344.792	-0.088
6344.947	-0.088
6345.130	-0.088
6345.287	-0.088
6345.442	-0.088
6345.625	-0.088
6345.780	-0.089
6345.963	-0.088
6346.120	-0.088
6346.275	-0.089
6346.458	-0.088
6346.613	-0.088
6346.797	-0.088
6346.953	-0.088
6347.108	-0.088
6347.292	-0.088
6347.447	-0.088
6347.630	-0.088
6347.787	-0.089
6347.942	-0.088
6348.125	-0.088
6348.280	-0.088
6348.463	-0.088
6348.620	-0.088
6348.775	-0.089
6348.958	-0.088
6349.113	-0.088
6349.297	-0.088
6349.453	-0.088
6349.608	-0.088
6349.792	-0.088
6349.947	-0.088
6350.130	-0.088
6350.287	-0.088
6350.442	-0.088
6350.625	-0.089
6350.780	-0.088
6350.963	-0.088
6351.120	-0.088
6351.275	-0.088
6351.458	-0.088
6351.613	-0.088
6351.797	-0.088
6351.953	-0.088
6352.108	-0.088
6352.292	-0.088
6352.447	-0.088
6352.630	-0.088
6352.787	-0.088
6352.942	-0.089
6353.125	-0.088
6353.280	-0.088
6353.463	-0.088
6353.620	-0.088
6353.775	-0.089
6353.958	-0.088
6354.113	-0.088
6354.297	-0.088
6354.453	-0.088
6354.608	-0.089
6354.792	-0.088
6354.947	-0.089
6355.130	-0.089
6355.287	-0.089
6355.442	-0.088
6355.625	-0.088
6355.780	-0.088
6355.963	-0.088
6356.120	-0.088
6356.275	-0.088
6356.458	-0.088
6356.613	-0.088
6356.797	-0.089
6356.953	-0.088
6357.108	-0.088
6357.292	-0.088
6357.447	-0.088
6357.630	-0.088
6357.787	-0.088
6357.942	-0.088
6358.125	-0.088
6358.280	-0.089
6358.463	-0.088
6358.620	-0.088
6358.775	-0.088
6358.958	-0.088
6359.113	-0.088
6359.297	-0.088
6359.453	-0.088
6359.608	-0.088
6359.792	-0.088
6359.947	-0.088
6360.130	-0.088
6360.287	-0.088
6360.442	-0.088
6360.625	-0.088
6360.780	-0.088
6360.963	-0.088
6361.120	-0.088
6361.275	-0.089
6361.458	-0.088
6361.613	-0.088
6361.797	-0.088
6361.953	-0.088
6362.108	-0.088
6362.292	-0.089
6362.447	-0.088
6362.630	-0.089
6362.787	-0.088
6362.942	-0.088
6363.125	-0.088
6363.280	-0.089
6363.463	-0.088
6363.620	-0.088
6363.775	-0.088
6363.958	-0.088
6364.113	-0.088
6364.297	-0.088
6364.453	-0.088
6364.608	-0.088
6364.792	-0.088
6364.947	-0.088
6365.130	-0.088
6365.287	-0.088
6365.442	-0.088
6365.625	-0.088
6365.780	-0.088
6365.963	-0.088
6366.120	-0.088
6366.275	-0.089
6366.458	-0.088
6366.613	-0.089
6366.770	-0.088
6366.953	-0.088
6367.108	-0.088
6367.292	-0.089
6367.447	-0.088
6367.604	-0.088
6367.787	-0.090
6367.942	-0.088
6368.125	-0.088
6368.280	-0.088
6368.437	-0.088
6368.620	-0.088
6368.775	-0.088
6368.958	-0.088
6369.113	-0.089
6369.270	-0.089
6369.453	-0.088
6369.608	-0.088
6369.792	-0.088
6369.947	-0.088
6370.104	-0.088
6370.287	-0.088
6370.442	-0.088
6370.625	-0.088
6370.780	-0.088
6370.937	-0.088
6371.120	-0.088
6371.275	-0.088
6371.458	-0.090
6371.613	-0.089
6371.770	-0.088
6371.953	-0.089
6372.108	-0.088
6372.292	-0.088
6372.447	-0.088
6372.604	-0.088
6372.787	-0.088
6372.942	-0.090
6373.125	-0.088
6373.280	-0.088
6373.437	-0.088
6373.620	-0.088
6373.775	-0.088
6373.958	-0.088
6374.113	-0.088
6374.270	-0.088
6374.453	-0.088
6374.608	-0.088
6374.792	-0.088
6374.947	-0.089
6375.130	-0.089
6375.287	-0.089
6375.442	-0.088
6375.625	-0.088
6375.780	-0.088
6375.963	-0.088
6376.120	-0.088
6376.275	-0.088
6376.458	-0.089
6376.613	-0.089
6376.797	-0.088
6376.953	-0.088
6377.108	-0.088
6377.292	-0.088
6377.447	-0.088
6377.630	-0.088
6377.787	-0.088
6377.942	-0.088
6378.125	-0.089
6378.280	-0.088
6378.463	-0.088
6378.620	-0.089
6378.775	-0.088
6378.958	-0.088
6379.113	-0.088
6379.297	-0.088
6379.453	-0.089
6379.608	-0.088
6379.792	-0.088
6379.947	-0.088
6380.130	-0.090
6380.287	-0.088
6380.442	-0.088
6380.625	-0.088
6380.780	-0.088
6380.963	-0.088
6381.120	-0.088
6381.275	-0.088
6381.458	-0.088
6381.613	-0.088
6381.797	-0.088
6381.953	-0.088
6382.108	-0.088
6382.292	-0.088
6382.447	-0.088
6382.630	-0.088
6382.787	-0.089
6382.942	-0.090
6383.125	-0.089
6383.280	-0.089
6383.463	-0.088
6383.620	-0.088
6383.775	-0.088
6383.958	-0.088
6384.113	-0.088
6384.297	-0.088
6384.453	-0.088
6384.608	-0.088
6384.792	-0.088
6384.947	-0.088
6385.130	-0.088
6385.287	-0.090
6385.442	-0.088
6385.625	-0.088
6385.780	-0.088
6385.963	-0.088
6386.120	-0.088
6386.275	-0.088
6386.458	-0.088
6386.613	-0.088
6386.797	-0.088
6386.953	-0.088
6387.108	-0.088
6387.292	-0.088
6387.447	-0.088
6387.630	-0.088
6387.787	-0.089
6387.942	-0.088
6388.125	-0.089
6388.280	-0.088
6388.463	-0.089
6388.620	-0.089
6388.775	-0.088
6388.958	-0.088
6389.113	-0.088
6389.297	-0.088
6389.453	-0.088
6389.608	-0.088
6389.792	-0.088
6389.947	-0.088
6390.130	-0.088
6390.287	-0.089
6390.442	-0.088
6390.625	-0.089
6390.780	-0.089
6390.963	-0.089
6391.120	-0.088
6391.275	-0.088
6391.458	-0.088
6391.613	-0.088
6391.797	-0.088
6391.953	-0.088
6392.108	-0.088
6392.292	-0.088
6392.447	-0.088
6392.630	-0.088
6392.787	-0.089
6392.942	-0.089
6393.125	-0.088
6393.280	-0.088
6393.463	-0.088
6393.620	-0.088
6393.775	-0.089
6393.958	-0.088
6394.113	-0.088
6394.297	-0.088
6394.453	-0.089
6394.608	-0.088
6394.792	-0.088
6394.947	-0.088
6395.104	-0.088
6395.287	-0.088
6395.442	-0.089
6395.625	-0.088
6395.780	-0.088
6395.937	-0.088
6396.120	-0.088
6396.275	-0.088
6396.458	-0.088
6396.613	-0.088
6396.770	-0.088
6396.953	-0.089
6397.108	-0.088
6397.292	-0.088
6397.447	-0.088
6397.604	-0.088
6397.787	-0.089
6397.942	-0.089
6398.125	-0.088
6398.280	-0.089
6398.437	-0.089
6398.620	-0.088
6398.775	-0.088
6398.958	-0.088
6399.113	-0.088
6399.270	-0.088
6399.453	-0.088
6399.608	-0.089
6399.792	-0.088
6399.947	-0.088
6400.104	-0.088
6400.287	-0.088
6400.442	-0.088
6400.625	-0.088
6400.780	-0.088
6400.937	-0.088
6401.120	-0.088
6401.275	-0.089
6401.458	-0.088
6401.613	-0.088
6401.770	-0.089
6401.953	-0.089
6402.108	-0.088
6402.292	-0.088
6402.447	-0.088
6402.604	-0.088
6402.787	-0.089
6402.942	-0.089
6403.125	-0.089
6403.280	-0.088
6403.437	-0.088
6403.620	-0.088
6403.775	-0.088
6403.958	-0.088
6404.113	-0.088
6404.270	-0.088
6404.453	-0.088
6404.608	-0.088
6404.792	-0.088
6404.947	-0.088
6405.104	-0.088
6405.287	-0.088
6405.442	-0.088
6405.625	-0.088
6405.780	-0.088
6405.937	-0.088
6406.120	-0.088
6406.275	-0.089
6406.458	-0.088
6406.613	-0.088
6406.770	-0.088
6406.953	-0.088
6407.108	-0.088
6407.292	-0.088
6407.447	-0.088
6407.604	-0.088
6407.787	-0.088
6407.942	-0.089
6408.125	-0.088
6408.280	-0.089
6408.437	-0.088
6408.620	-0.088
6408.775	-0.088
6408.958	-0.089
6409.113	-0.088
6409.270	-0.088
6409.453	-0.088
6409.608	-0.089
6409.792	-0.088
6409.947	-0.088
6410.104	-0.088
6410.287	-0.088
6410.442	-0.088
6410.625	-0.089
6410.780	-0.088
6410.937	-0.088
6411.120	-0.088
6411.275	-0.088
6411.458	-0.088
6411.613	-0.088
6411.770	-0.088
6411.953	-0.089
6412.108	-0.089
6412.292	-0.088
6412.447	-0.088
6412.604	-0.088
6412.787	-0.088
6412.942	-0.089
6413.125	-0.088
6413.280	-0.089
6413.437	-0.088
6413.620	-0.088
6413.775	-0.088
6413.958	-0.089
6414.113	-0.088
6414.270	-0.088
6414.453	-0.089
6414.608	-0.088
6414.792	-0.088
6414.947	-0.088
6415.104	-0.088
6415.287	-0.089
6415.442	-0.089
6415.625	-0.088
6415.780	-0.088
6415.937	-0.088
6416.120	-0.088
6416.275	-0.089
6416.458	-0.088
6416.613	-0.088
6416.770	-0.088
6416.953	-0.088
6417.108	-0.088
6417.292	-0.089
6417.447	-0.088
6417.604	-0.089
6417.787	-0.089
6417.942	-0.088
6418.125	-0.088
6418.280	-0.088
6418.437	-0.088
6418.620	-0.088
6418.775	-0.089
6418.958	-0.088
6419.113	-0.088
6419.270	-0.088
6419.453	-0.088
6419.608	-0.088
6419.792	-0.089
6419.947	-0.088
6420.104	-0.088
6420.287	-0.089
6420.442	-0.088
6420.625	-0.088
6420.780	-0.088
6420.937	-0.088
6421.120	-0.088
6421.275	-0.088
6421.458	-0.088
6421.613	-0.088
6421.770	-0.089
6421.953	-0.089
6422.108	-0.088
6422.292	-0.088
6422.447	-0.089
6422.604	-0.089
6422.787	-0.088
6422.942	-0.088
6423.125	-0.088
6423.280	-0.088
6423.437	-0.088
6423.620	-0.089
6423.775	-0.088
6423.958	-0.089
6424.113	-0.088
6424.270	-0.088
6424.453	-0.088
6424.608	-0.088
6424.792	-0.088
6424.947	-0.088
6425.104	-0.088
6425.287	-0.089
6425.442	-0.088
6425.625	-0.088
6425.780	-0.088
6425.937	-0.088
6426.120	-0.088
6426.275	-0.088
6426.458	-0.088
6426.613	-0.090
6426.770	-0.088
6426.953	-0.089
6427.108	-0.088
6427.292	-0.088
6427.447	-0.088
6427.604	-0.088
6427.787	-0.088
6427.942	-0.088
6428.125	-0.088
6428.280	-0.088
6428.437	-0.089
6428.620	-0.088
6428.775	-0.088
6428.958	-0.088
6429.113	-0.088
6429.270	-0.088
6429.453	-0.089
6429.608	-0.088
6429.792	-0.088
6429.947	-0.089
6430.104	-0.088
6430.287	-0.088
6430.442	-0.088
6430.625	-0.088
6430.780	-0.088
6430.937	-0.089
6431.120	-0.088
6431.275	-0.088
6431.458	-0.088
6431.613	-0.088
6431.770	-0.088
6431.953	-0.088
6432.108	-0.088
6432.292	-0.088
6432.447	-0.088
6432.604	-0.088
6432.787	-0.088
6432.942	-0.088
6433.125	-0.088
6433.280	-0.088
6433.437	-0.088
6433.620	-0.088
6433.775	-0.088
6433.958	-0.088
6434.113	-0.088
6434.270	-0.089
6434.453	-0.088
6434.608	-0.088
6434.792	-0.088
6434.947	-0.088
6435.104	-0.088
6435.287	-0.088
6435.442	-0.088
6435.625	-0.088
6435.780	-0.088
6435.937	-0.088
6436.120	-0.088
6436.275	-0.089
6436.458	-0.088
6436.613	-0.089
6436.770	-0.088
6436.953	-0.089
6437.108	-0.088
6437.292	-0.088
6437.447	-0.088
6437.604	-0.088
6437.787	-0.088
6437.942	-0.088
6438.125	-0.089
6438.280	-0.089
6438.437	-0.090
6438.620	-0.088
6438.775	-0.088
6438.958	-0.088
6439.113	-0.088
6439.270	-0.088
6439.453	-0.088
6439.608	-0.088
6439.792	-0.088
6439.947	-0.088
6440.104	-0.088
6440.287	-0.088
6440.442	-0.088
6440.625	-0.089
6440.780	-0.088
6440.937	-0.088
6441.120	-0.088
6441.275	-0.088
6441.458	-0.088
6441.613	-0.088
6441.770	-0.088
6441.953	-0.088
6442.108	-0.088
6442.292	-0.088
6442.447	-0.088
6442.604	-0.089
6442.787	-0.088
6442.942	-0.089
6443.125	-0.088
6443.280	-0.089
6443.437	-0.088
6443.620	-0.088
6443.775	-0.088
6443.958	-0.088
6444.113	-0.088
6444.270	-0.088
6444.453	-0.088
6444.608	-0.088
6444.792	-0.088
6444.947	-0.088
6445.104	-0.088
6445.287	-0.089
6445.442	-0.088
6445.625	-0.088
6445.780	-0.088
6445.937	-0.088
6446.120	-0.089
6446.275	-0.088
6446.458	-0.088
6446.613	-0.088
6446.770	-0.088
6446.953	-0.088
6447.108	-0.088
6447.292	-0.089
6447.447	-0.089
6447.604	-0.088
6447.787	-0.088
6447.942	-0.088
6448.125	-0.088
6448.280	-0.088
6448.437	-0.088
6448.620	-0.088
6448.775	-0.088
6448.958	-0.088
6449.113	-0.089
6449.270	-0.089
6449.453	-0.088
6449.608	-0.088
6449.792	-0.088
6449.947	-0.088
6450.104	-0.088
6450.287	-0.088
6450.442	-0.088
6450.598	-0.088
6450.780	-0.088
6450.937	-0.088
6451.120	-0.088
6451.275	-0.088
6451.432	-0.088
6451.613	-0.088
6451.770	-0.089
6451.953	-0.088
6452.108	-0.089
6452.265	-0.088
6452.447	-0.088
6452.604	-0.088
6452.787	-0.088
6452.942	-0.089
6453.098	-0.088
6453.280	-0.088
6453.437	-0.089
6453.620	-0.090
6453.775	-0.088
6453.932	-0.088
6454.113	-0.089
6454.270	-0.088
6454.453	-0.088
6454.608	-0.089
6454.765	-0.088
6454.947	-0.088
6455.104	-0.088
6455.287	-0.088
6455.442	-0.088
6455.598	-0.088
6455.780	-0.088
6455.937	-0.088
6456.120	-0.088
6456.275	-0.088
6456.432	-0.088
6456.613	-0.089
6456.770	-0.088
6456.953	-0.088
6457.108	-0.089
6457.265	-0.088
6457.447	-0.088
6457.604	-0.088
6457.787	-0.088
6457.942	-0.088
6458.098	-0.089
6458.280	-0.088
6458.437	-0.088
6458.620	-0.088
6458.775	-0.088
6458.932	-0.088
6459.113	-0.088
6459.270	-0.088
6459.453	-0.088
6459.608	-0.088
6459.765	-0.088
6459.947	-0.088
6460.104	-0.088
6460.287	-0.088
6460.442	-0.088
6460.598	-0.088
6460.780	-0.089
6460.937	-0.088
6461.120	-0.088
6461.275	-0.088
6461.432	-0.090
6461.613	-0.088
6461.770	-0.088
6461.953	-0.088
6462.108	-0.088
6462.265	-0.088
6462.447	-0.088
6462.604	-0.088
6462.787	-0.088
6462.942	-0.089
6463.098	-0.088
6463.280	-0.088
6463.437	-0.088
6463.620	-0.088
6463.775	-0.088
6463.932	-0.088
6464.113	-0.088
6464.270	-0.088
6464.453	-0.088
6464.608	-0.088
6464.765	-0.088
6464.947	-0.088
6465.104	-0.088
6465.287	-0.088
6465.442	-0.088
6465.598	-0.089
6465.780	-0.088
6465.937	-0.088
6466.120	-0.088
6466.275	-0.088
6466.432	-0.088
6466.613	-0.089
6466.770	-0.088
6466.953	-0.088
6467.108	-0.088
6467.265	-0.088
6467.447	-0.088
6467.604	-0.088
6467.787	-0.088
6467.942	-0.088
6468.098	-0.089
6468.280	-0.089
6468.437	-0.089
6468.620	-0.088
6468.775	-0.088
6468.932	-0.089
6469.113	-0.088
6469.270	-0.088
6469.453	-0.088
6469.608	-0.088
6469.765	-0.088
6469.947	-0.088
6470.104	-0.088
6470.287	-0.088
6470.442	-0.088
6470.598	-0.088
6470.780	-0.088
6470.937	-0.088
6471.120	-0.088
6471.275	-0.089
6471.432	-0.088
6471.613	-0.089
6471.770	-0.088
6471.953	-0.088
6472.108	-0.088
6472.292	-0.088
6472.447	-0.088
6472.604	-0.088
6472.787	-0.088
6472.942	-0.088
6473.125	-0.088
6473.280	-0.088
6473.437	-0.088
6473.620	-0.088
6473.775	-0.088
6473.958	-0.088
6474.113	-0.089
6474.270	-0.089
6474.453	-0.088
6474.608	-0.089
6474.792	-0.088
6474.947	-0.088
6475.104	-0.089
6475.287	-0.089
6475.442	-0.089
6475.598	-0.089
6475.780	-0.088
6475.937	-0.088
6476.120	-0.088
6476.275	-0.088
6476.432	-0.088
6476.613	-0.088
6476.770	-0.088
6476.953	-0.088
6477.108	-0.088
6477.265	-0.088
6477.447	-0.088
6477.604	-0.088
6477.787	-0.088
6477.942	-0.088
6478.098	-0.088
6478.280	-0.088
6478.437	-0.088
6478.620	-0.089
6478.775	-0.088
6478.932	-0.088
6479.113	-0.088
6479.270	-0.088
6479.453	-0.088
6479.608	-0.088
6479.765	-0.088
6479.947	-0.088
6480.104	-0.088
6480.287	-0.088
6480.442	-0.089
6480.598	-0.088
6480.780	-0.088
6480.937	-0.088
6481.120	-0.089
6481.275	-0.089
6481.458	-0.089
6481.613	-0.088
6481.770	-0.089
6481.953	-0.088
6482.108	-0.088
6482.292	-0.088
6482.447	-0.088
6482.604	-0.089
6482.787	-0.090
6482.942	-0.089
6483.125	-0.089
6483.280	-0.088
6483.437	-0.088
6483.620	-0.090
6483.775	-0.088
6483.932	-0.088
6484.113	-0.088
6484.270	-0.089
6484.453	-0.088
6484.608	-0.088
6484.765	-0.088
6484.947	-0.088
6485.104	-0.088
6485.287	-0.089
6485.442	-0.088
6485.625	-0.088
6485.780	-0.088
6485.937	-0.088
6486.120	-0.088
6486.275	-0.088
6486.458	-0.089
6486.613	-0.088
6486.770	-0.088
6486.953	-0.088
6487.108	-0.089
6487.265	-0.089
6487.447	-0.088
6487.604	-0.088
6487.787	-0.088
6487.942	-0.088
6488.098	-0.089
6488.280	-0.089
6488.437	-0.088
6488.620	-0.088
6488.775	-0.088
6488.932	-0.088
6489.113	-0.088
6489.270	-0.089
6489.453	-0.088
6489.608	-0.089
6489.765	-0.088
6489.947	-0.089
6490.104	-0.089
6490.287	-0.088
6490.442	-0.088
6490.598	-0.088
6490.780	-0.089
6490.937	-0.088
6491.120	-0.089
6491.275	-0.088
6491.432	-0.088
6491.613	-0.088
6491.770	-0.088
6491.953	-0.090
6492.108	-0.088
6492.265	-0.088
6492.447	-0.088
6492.604	-0.089
6492.787	-0.088
6492.942	-0.089
6493.098	-0.088
6493.280	-0.090
6493.437	-0.088
6493.620	-0.089
6493.775	-0.088
6493.932	-0.088
6494.113	-0.089
6494.270	-0.089
6494.453	-0.089
6494.608	-0.088
6494.765	-0.088
6494.947	-0.088
6495.104	-0.089
6495.287	-0.088
6495.442	-0.088
6495.598	-0.088
6495.780	-0.088
6495.937	-0.088
6496.120	-0.088
6496.275	-0.089
6496.432	-0.089
6496.613	-0.088
6496.770	-0.088
6496.953	-0.088
6497.108	-0.088
6497.265	-0.088
6497.447	-0.088
6497.604	-0.088
6497.787	-0.089
6497.942	-0.088
6498.098	-0.090
6498.280	-0.088
6498.437	-0.089
6498.620	-0.088
6498.775	-0.088
6498.932	-0.089
6499.113	-0.089
6499.270	-0.088
6499.453	-0.089
6499.608	-0.088
6499.765	-0.089
6499.947	-0.088
6500.104	-0.088
6500.287	-0.089
6500.442	-0.088
6500.598	-0.088
6500.780	-0.088
6500.937	-0.088
6501.120	-0.089
6501.275	-0.088
6501.432	-0.088
6501.613	-0.088
6501.770	-0.088
6501.953	-0.088
6502.108	-0.088
6502.265	-0.088
6502.447	-0.088
6502.604	-0.088
6502.787	-0.089
6502.942	-0.090
6503.098	-0.089
6503.280	-0.088
6503.437	-0.088
6503.620	-0.088
6503.775	-0.088
6503.932	-0.088
6504.113	-0.088
6504.270	-0.089
6504.453	-0.089
6504.608	-0.088
6504.765	-0.088
6504.947	-0.088
6505.104	-0.089
6505.287	-0.088
6505.442	-0.088
6505.598	-0.088
6505.780	-0.088
6505.937	-0.088
6506.093	-0.088
6506.275	-0.088
6506.432	-0.089
6506.613	-0.088
6506.770	-0.088
6506.953	-0.090
6507.108	-0.088
6507.265	-0.088
6507.447	-0.088
6507.604	-0.088
6507.787	-0.088
6507.942	-0.088
6508.098	-0.088
6508.280	-0.089
6508.437	-0.089
6508.620	-0.088
6508.775	-0.088
6508.932	-0.088
6509.113	-0.088
6509.270	-0.088
6509.453	-0.088
6509.608	-0.089
6509.765	-0.088
6509.947	-0.089
6510.104	-0.088
6510.287	-0.088
6510.442	-0.088
6510.598	-0.089
6510.780	-0.089
6510.937	-0.088
6511.120	-0.088
6511.275	-0.088
6511.432	-0.088
6511.613	-0.088
6511.770	-0.088
6511.953	-0.088
6512.108	-0.088
6512.265	-0.088
6512.447	-0.088
6512.604	-0.088
6512.787	-0.089
6512.942	-0.088
6513.098	-0.089
6513.280	-0.088
6513.437	-0.088
6513.620	-0.088
6513.775	-0.088
6513.932	-0.089
6514.113	-0.088
6514.270	-0.088
6514.453	-0.088
6514.608	-0.088
6514.765	-0.088
6514.947	-0.088
6515.104	-0.088
6515.287	-0.089
6515.442	-0.088
6515.598	-0.088
6515.780	-0.088
6515.937	-0.088
6516.120	-0.089
6516.275	-0.089
6516.432	-0.088
6516.613	-0.089
6516.770	-0.088
6516.953	-0.088
6517.108	-0.088
6517.265	-0.089
6517.447	-0.089
6517.604	-0.089
6517.787	-0.089
6517.942	-0.088
6518.098	-0.088
6518.280	-0.089
6518.437	-0.089
6518.620	-0.088
6518.775	-0.088
6518.932	-0.088
6519.113	-0.088
6519.270	-0.088
6519.453	-0.088
6519.608	-0.088
6519.765	-0.089
6519.947	-0.089
6520.104	-0.088
6520.287	-0.088
6520.442	-0.089
6520.598	-0.088
6520.780	-0.088
6520.937	-0.089
6521.120	-0.089
6521.275	-0.089
6521.432	-0.089
6521.613	-0.091
6521.770	-0.088
6521.953	-0.089
6522.108	-0.088
6522.265	-0.088
6522.447	-0.088
6522.604	-0.089
6522.787	-0.088
6522.942	-0.088
6523.098	-0.088
6523.280	-0.088
6523.437	-0.088
6523.620	-0.089
6523.775	-0.088
6523.932	-0.088
6524.113	-0.088
6524.270	-0.088
6524.453	-0.088
6524.608	-0.089
6524.765	-0.088
6524.922	-0.089
6525.104	-0.088
6525.287	-0.089
6525.442	-0.088
6525.598	-0.088
6525.780	-0.088
6525.937	-0.088
6526.120	-0.089
6526.275	-0.088
6526.432	-0.088
6526.613	-0.088
6526.770	-0.089
6526.953	-0.088
6527.108	-0.088
6527.265	-0.088
6527.447	-0.088
6527.604	-0.088
6527.787	-0.088
6527.942	-0.088
6528.098	-0.089
6528.280	-0.088
6528.437	-0.088
6528.620	-0.088
6528.775	-0.088
6528.932	-0.089
6529.113	-0.088
6529.270	-0.088
6529.453	-0.088
6529.608	-0.088
6529.765	-0.088
6529.947	-0.089
6530.104	-0.088
6530.287	-0.089
6530.442	-0.088
6530.598	-0.088
6530.780	-0.088
6530.937	-0.089
6531.120	-0.088
6531.275	-0.088
6531.432	-0.088
6531.613	-0.089
6531.770	-0.089
6531.953	-0.088
6532.108	-0.088
6532.265	-0.090
6532.447	-0.088
6532.604	-0.088
6532.787	-0.089
6532.942	-0.088
6533.098	-0.090
6533.280	-0.088
6533.437	-0.088
6533.620	-0.088
6533.775	-0.088
6533.932	-0.090
6534.113	-0.088
6534.270	-0.089
6534.453	-0.088
6534.608	-0.088
6534.765	-0.088
6534.947	-0.088
6535.104	-0.088
6535.287	-0.088
6535.442	-0.088
6535.598	-0.088
6535.780	-0.089
6535.937	-0.088
6536.120	-0.089
6536.275	-0.089
6536.432	-0.089
6536.613	-0.088
6536.770	-0.089
6536.953	-0.088
6537.108	-0.090
6537.265	-0.088
6537.447	-0.088
6537.604	-0.089
6537.787	-0.088
6537.942	-0.089
6538.098	-0.088
6538.280	-0.088
6538.437	-0.088
6538.620	-0.088
6538.775	-0.088
6538.932	-0.088
6539.113	-0.089
6539.270	-0.090
6539.453	-0.088
6539.608	-0.088
6539.765	-0.088
6539.947	-0.088
6540.104	-0.088
6540.287	-0.088
6540.442	-0.088
6540.598	-0.088
6540.780	-0.088
6540.937	-0.088
6541.120	-0.090
6541.275	-0.088
6541.432	-0.088
6541.613	-0.088
6541.770	-0.088
6541.953	-0.090
6542.108	-0.088
6542.265	-0.089
6542.447	-0.088
6542.604	-0.088
6542.787	-0.089
6542.942	-0.089
6543.098	-0.088
6543.280	-0.088
6543.437	-0.089
6543.620	-0.088
6543.775	-0.088
6543.932	-0.088
6544.113	-0.088
6544.270	-0.089
6544.453	-0.089
6544.608	-0.089
6544.765	-0.088
6544.947	-0.088
6545.104	-0.088
6545.287	-0.088
6545.442	-0.089
6545.598	-0.088
6545.780	-0.089
6545.937	-0.090
6546.120	-0.088
6546.275	-0.088
6546.432	-0.088
6546.613	-0.088
6546.770	-0.088
6546.953	-0.088
6547.108	-0.088
6547.265	-0.088
6547.447	-0.088
6547.604	-0.088
6547.787	-0.089
6547.942	-0.088
6548.098	-0.088
6548.280	-0.089
6548.437	-0.088
6548.620	-0.088
6548.775	-0.088
6548.932	-0.088
6549.113	-0.088
6549.270	-0.088
6549.453	-0.088
6549.608	-0.088
6549.765	-0.090
6549.947	-0.089
6550.104	-0.088
6550.287	-0.088
6550.442	-0.089
6550.598	-0.088
6550.780	-0.088
6550.937	-0.088
6551.120	-0.088
6551.275	-0.089
6551.432	-0.088
6551.613	-0.089
6551.770	-0.089
6551.953	-0.088
6552.108	-0.088
6552.265	-0.088
6552.447	-0.088
6552.604	-0.088
6552.787	-0.088
6552.942	-0.088
6553.098	-0.088
6553.280	-0.088
6553.437	-0.089
6553.620	-0.088
6553.775	-0.088
6553.932	-0.088
6554.113	-0.088
6554.270	-0.089
6554.453	-0.088
6554.608	-0.089
6554.765	-0.088
6554.947	-0.088
6555.104	-0.088
6555.287	-0.088
6555.442	-0.089
6555.598	-0.088
6555.780	-0.088
6555.937	-0.088
6556.120	-0.088
6556.275	-0.089
6556.432	-0.088
6556.613	-0.088
6556.770	-0.089
6556.953	-0.088
6557.108	-0.088
6557.265	-0.089
6557.447	-0.088
6557.604	-0.088
6557.787	-0.089
6557.942	-0.088
6558.098	-0.088
6558.280	-0.088
6558.437	-0.088
6558.620	-0.088
6558.775	-0.089
6558.932	-0.088
6559.113	-0.090
6559.270	-0.089
6559.453	-0.088
6559.608	-0.088
6559.765	-0.089
6559.947	-0.088
6560.104	-0.089
6560.287	-0.088
6560.442	-0.088
6560.598	-0.088
6560.780	-0.089
6560.937	-0.088
6561.120	-0.088
6561.275	-0.088
6561.432	-0.088
6561.613	-0.088
6561.770	-0.088
6561.953	-0.088
6562.108	-0.088
6562.265	-0.088
6562.447	-0.088
6562.604	-0.088
6562.787	-0.088
6562.942	-0.088
6563.098	-0.089
6563.280	-0.090
6563.437	-0.088
6563.620	-0.088
6563.775	-0.089
6563.932	-0.088
6564.113	-0.089
6564.270	-0.088
6564.453	-0.088
6564.608	-0.089
6564.765	-0.088
6564.947	-0.088
6565.104	-0.088
6565.287	-0.088
6565.442	-0.088
6565.598	-0.089
6565.780	-0.089
6565.937	-0.088
6566.120	-0.088
6566.275	-0.089
6566.432	-0.088
6566.613	-0.088
6566.770	-0.088
6566.953	-0.088
6567.108	-0.088
6567.265	-0.088
6567.447	-0.088
6567.604	-0.088
6567.787	-0.088
6567.942	-0.088
6568.098	-0.088
6568.280	-0.088
6568.437	-0.088
6568.620	-0.088
6568.775	-0.089
6568.932	-0.088
6569.113	-0.088
6569.270	-0.088
6569.453	-0.088
6569.608	-0.088
6569.765	-0.088
6569.947	-0.088
6570.104	-0.088
6570.287	-0.088
6570.442	-0.088
6570.598	-0.088
6570.780	-0.088
6570.937	-0.088
6571.120	-0.088
6571.275	-0.088
6571.432	-0.088
6571.613	-0.088
6571.770	-0.088
6571.953	-0.088
6572.108	-0.088
6572.265	-0.088
6572.447	-0.088
6572.604	-0.088
6572.787	-0.088
6572.942	-0.088
6573.098	-0.088
6573.280	-0.088
6573.437	-0.088
6573.620	-0.088
6573.775	-0.088
6573.932	-0.088
6574.113	-0.088
6574.270	-0.088
6574.453	-0.088
6574.608	-0.088
6574.765	-0.088
6574.947	-0.088
6575.104	-0.088
6575.287	-0.088
6575.442	-0.088
6575.598	-0.088
6575.780	-0.088
6575.937	-0.088
6576.120	-0.088
6576.275	-0.088
6576.432	-0.088
6576.613	-0.088
6576.770	-0.088
6576.927	-0.088
6577.108	-0.088
6577.265	-0.088
6577.447	-0.088
6577.604	-0.088
6577.760	-0.088
6577.942	-0.088
6578.098	-0.088
6578.280	-0.088
6578.437	-0.088
6578.620	-0.088
6578.775	-0.089
6578.932	-0.088
6579.113	-0.088
6579.270	-0.088
6579.427	-0.088
6579.608	-0.088
6579.765	-0.088
6579.947	-0.088
6580.104	-0.088
6580.260	-0.088
6580.442	-0.088
6580.598	-0.088
6580.780	-0.088
6580.937	-0.088
6581.093	-0.088
6581.275	-0.088
6581.432	-0.088
6581.613	-0.088
6581.770	-0.088
6581.927	-0.088
6582.108	-0.088
6582.265	-0.088
6582.447	-0.088
6582.604	-0.088
6582.787	-0.088
6582.942	-0.088
6583.098	-0.088
6583.280	-0.088
6583.437	-0.088
6583.593	-0.089
6583.775	-0.088
6583.932	-0.088
6584.113	-0.088
6584.270	-0.088
6584.427	-0.088
6584.608	-0.088
6584.765	-0.088
6584.947	-0.088
6585.104	-0.088
6585.260	-0.088
6585.442	-0.088
6585.598	-0.088
6585.780	-0.088
6585.937	-0.088
6586.093	-0.089
6586.275	-0.088
6586.432	-0.088
6586.613	-0.088
6586.770	-0.088
6586.953	-0.090
6587.108	-0.088
6587.265	-0.088
6587.447	-0.088
6587.604	-0.088
6587.760	-0.088
6587.942	-0.088
6588.098	-0.088
6588.280	-0.089
6588.437	-0.088
6588.593	-0.088
6588.775	-0.088
6588.932	-0.088
6589.113	-0.088
6589.270	-0.088
6589.427	-0.088
6589.608	-0.088
6589.765	-0.088
6589.947	-0.088
6590.104	-0.088
6590.260	-0.088
6590.442	-0.088
6590.598	-0.088
6590.780	-0.088
6590.937	-0.088
6591.093	-0.088
6591.275	-0.088
6591.432	-0.088
6591.613	-0.088
6591.770	-0.088
6591.927	-0.088
6592.108	-0.088
6592.265	-0.088
6592.447	-0.089
6592.604	-0.088
6592.760	-0.088
6592.942	-0.088
6593.098	-0.089
6593.280	-0.088
6593.437	-0.088
6593.593	-0.088
6593.775	-0.089
6593.932	-0.088
6594.113	-0.088
6594.270	-0.088
6594.427	-0.088
6594.608	-0.088
6594.765	-0.088
6594.947	-0.088
6595.104	-0.088
6595.260	-0.088
6595.442	-0.088
6595.598	-0.088
6595.780	-0.088
6595.937	-0.088
6596.093	-0.089
6596.275	-0.088
6596.432	-0.088
6596.613	-0.089
6596.770	-0.088
6596.927	-0.088
6597.108	-0.088
6597.265	-0.089
6597.447	-0.089
6597.604	-0.088
6597.760	-0.088
6597.942	-0.088
6598.098	-0.089
6598.280	-0.088
6598.437	-0.088
6598.593	-0.088
6598.775	-0.088
6598.932	-0.088
6599.113	-0.088
6599.270	-0.088
6599.427	-0.088
6599.608	-0.088
6599.765	-0.088
6599.947	-0.089
6600.104	-0.088
6600.260	-0.088
6600.442	-0.088
6600.598	-0.088
6600.780	-0.088
6600.937	-0.088
6601.093	-0.088
6601.275	-0.088
6601.432	-0.088
6601.613	-0.088
6601.770	-0.088
6601.927	-0.088
6602.108	-0.088
6602.265	-0.088
6602.447	-0.089
6602.604	-0.088
6602.760	-0.088
6602.942	-0.088
6603.098	-0.088
6603.280	-0.088
6603.437	-0.089
6603.593	-0.088
6603.775	-0.088
6603.932	-0.088
6604.113	-0.088
6604.270	-0.088
6604.427	-0.089
6604.608	-0.088
6604.765	-0.088
6604.947	-0.088
6605.104	-0.088
6605.260	-0.088
6605.442	-0.088
6605.598	-0.088
6605.780	-0.088
6605.937	-0.088
6606.093	-0.088
6606.275	-0.088
6606.432	-0.088
6606.613	-0.088
6606.770	-0.088
6606.927	-0.088
6607.108	-0.088
6607.265	-0.088
6607.447	-0.088
6607.604	-0.088
6607.760	-0.088
6607.942	-0.088
6608.098	-0.088
6608.280	-0.088
6608.437	-0.088
6608.593	-0.089
6608.775	-0.088
6608.932	-0.088
6609.113	-0.088
6609.270	-0.088
6609.427	-0.088
6609.608	-0.088
6609.765	-0.088
6609.947	-0.088
6610.104	-0.088
6610.260	-0.088
6610.442	-0.089
6610.598	-0.088
6610.780	-0.088
6610.937	-0.088
6611.093	-0.088
6611.275	-0.088
6611.432	-0.088
6611.613	-0.088
6611.770	-0.088
6611.927	-0.089
6612.108	-0.089
6612.265	-0.088
6612.447	-0.088
6612.604	-0.088
6612.760	-0.088
6612.942	-0.088
6613.098	-0.088
6613.280	-0.088
6613.437	-0.088
6613.593	-0.088
6613.775	-0.088
6613.932	-0.089
6614.113	-0.088
6614.270	-0.088
6614.427	-0.088
6614.608	-0.088
6614.765	-0.088
6614.947	-0.088
6615.104	-0.088
6615.260	-0.088
6615.442	-0.088
6615.598	-0.088
6615.780	-0.088
6615.937	-0.088
6616.093	-0.088
6616.275	-0.088
6616.432	-0.089
6616.613	-0.088
6616.770	-0.089
6616.927	-0.088
6617.108	-0.088
6617.265	-0.088
6617.447	-0.088
6617.604	-0.088
6617.760	-0.088
6617.942	-0.088
6618.098	-0.088
6618.280	-0.088
6618.437	-0.088
6618.593	-0.088
6618.775	-0.088
6618.932	-0.088
6619.113	-0.089
6619.270	-0.088
6619.427	-0.089
6619.608	-0.089
6619.765	-0.088
6619.947	-0.088
6620.104	-0.088
6620.260	-0.088
6620.442	-0.088
6620.598	-0.089
6620.780	-0.088
6620.937	-0.088
6621.093	-0.089
6621.275	-0.088
6621.432	-0.088
6621.613	-0.088
6621.770	-0.088
6621.927	-0.088
6622.108	-0.088
6622.265	-0.089
6622.447	-0.088
6622.604	-0.088
6622.760	-0.088
6622.942	-0.088
6623.098	-0.088
6623.280	-0.088
6623.437	-0.088
6623.593	-0.088
6623.775	-0.088
6623.932	-0.088
6624.113	-0.089
6624.270	-0.088
6624.427	-0.088
6624.608	-0.088
6624.765	-0.088
6624.947	-0.088
6625.104	-0.088
6625.260	-0.088
6625.442	-0.088
6625.598	-0.088
6625.780	-0.088
6625.937	-0.088
6626.093	-0.088
6626.275	-0.089
6626.432	-0.089
6626.613	-0.088
6626.770	-0.088
6626.927	-0.089
6627.108	-0.088
6627.265	-0.088
6627.447	-0.088
6627.604	-0.089
6627.760	-0.089
6627.942	-0.088
6628.098	-0.088
6628.280	-0.088
6628.437	-0.088
6628.593	-0.088
6628.775	-0.088
6628.932	-0.089
6629.113	-0.088
6629.270	-0.089
6629.427	-0.088
6629.608	-0.088
6629.765	-0.088
6629.947	-0.088
6630.104	-0.088
6630.260	-0.088
6630.442	-0.089
6630.598	-0.088
6630.780	-0.088
6630.937	-0.088
6631.093	-0.088
6631.275	-0.088
6631.432	-0.088
6631.613	-0.088
6631.770	-0.089
6631.927	-0.089
6632.108	-0.088
6632.265	-0.088
6632.447	-0.088
6632.604	-0.088
6632.760	-0.088
6632.942	-0.088
6633.098	-0.088
6633.280	-0.088
6633.437	-0.088
6633.593	-0.088
6633.775	-0.088
6633.932	-0.088
6634.113	-0.088
6634.270	-0.089
6634.427	-0.088
6634.608	-0.088
6634.765	-0.088
6634.947	-0.088
6635.104	-0.088
6635.260	-0.088
6635.417	-0.088
6635.598	-0.088
6635.780	-0.088
6635.937	-0.088
6636.093	-0.088
6636.250	-0.088
6636.432	-0.088
6636.613	-0.088
6636.770	-0.088
6636.927	-0.088
6637.108	-0.088
6637.265	-0.088
6637.447	-0.088
6637.604	-0.089
6637.760	-0.088
6637.942	-0.088
6638.098	-0.088
6638.280	-0.088
6638.437	-0.088
6638.593	-0.088
6638.775	-0.089
6638.932	-0.089
6639.113	-0.088
6639.270	-0.088
6639.427	-0.088
6639.608	-0.089
6639.765	-0.088
6639.947	-0.088
6640.104	-0.088
6640.260	-0.088
6640.442	-0.088
6640.598	-0.088
6640.780	-0.088
6640.937	-0.088
6641.093	-0.088
6641.275	-0.088
6641.432	-0.089
6641.613	-0.089
6641.770	-0.089
6641.927	-0.088
6642.108	-0.088
6642.265	-0.088
6642.447	-0.088
6642.604	-0.089
6642.760	-0.089
6642.942	-0.088
6643.098	-0.088
6643.280	-0.088
6643.437	-0.089
6643.593	-0.088
6643.775	-0.088
6643.932	-0.088
6644.113	-0.088
6644.270	-0.089
6644.427	-0.088
6644.608	-0.088
6644.765	-0.089
6644.947	-0.088
6645.104	-0.088
6645.260	-0.089
6645.442	-0.088
6645.598	-0.088
6645.780	-0.088
6645.937	-0.089
6646.093	-0.089
6646.275	-0.088
6646.432	-0.089
6646.613	-0.088
6646.770	-0.088
6646.927	-0.088
6647.108	-0.089
6647.265	-0.089
6647.447	-0.088
6647.604	-0.088
6647.760	-0.088
6647.942	-0.088
6648.098	-0.088
6648.280	-0.088
6648.437	-0.088
6648.593	-0.088
6648.775	-0.088
6648.932	-0.088
6649.113	-0.088
6649.270	-0.088
6649.427	-0.088
6649.608	-0.088
6649.765	-0.089
6649.947	-0.089
6650.104	-0.088
6650.260	-0.088
6650.442	-0.088
6650.598	-0.088
6650.780	-0.088
6650.937	-0.088
6651.093	-0.088
6651.275	-0.088
6651.432	-0.089
6651.613	-0.088
6651.770	-0.088
6651.927	-0.089
6652.108	-0.089
6652.265	-0.088
6652.447	-0.088
6652.604	-0.088
6652.760	-0.090
6652.942	-0.088
6653.098	-0.088
6653.280	-0.088
6653.437	-0.088
6653.593	-0.088
6653.775	-0.088
6653.932	-0.089
6654.113	-0.088
6654.270	-0.089
6654.427	-0.088
6654.608	-0.088
6654.765	-0.088
6654.947	-0.088
6655.104	-0.088
6655.260	-0.089
6655.442	-0.088
6655.598	-0.090
6655.780	-0.088
6655.937	-0.088
6656.093	-0.090
6656.275	-0.089
6656.432	-0.088
6656.613	-0.088
6656.770	-0.088
6656.927	-0.089
6657.108	-0.088
6657.265	-0.088
6657.447	-0.088
6657.604	-0.088
6657.760	-0.088
6657.942	-0.088
6658.098	-0.088
6658.280	-0.088
6658.437	-0.088
6658.593	-0.088
6658.775	-0.088
6658.932	-0.089
6659.113	-0.088
6659.270	-0.088
6659.427	-0.088
6659.608	-0.088
6659.765	-0.090
6659.947	-0.088
6660.104	-0.088
6660.260	-0.088
6660.442	-0.088
6660.598	-0.088
6660.755	-0.089
6660.937	-0.089
6661.093	-0.088
6661.275	-0.088
6661.432	-0.088
6661.588	-0.088
6661.770	-0.089
6661.927	-0.089
6662.108	-0.088
6662.265	-0.088
6662.447	-0.088
6662.604	-0.088
6662.760	-0.088
6662.942	-0.089
6663.098	-0.088
6663.255	-0.088
6663.437	-0.088
6663.593	-0.089
6663.775	-0.088
6663.932	-0.089
6664.113	-0.088
6664.270	-0.088
6664.427	-0.088
6664.608	-0.088
6664.765	-0.088
6664.922	-0.088
6665.104	-0.088
6665.260	-0.088
6665.442	-0.088
6665.598	-0.088
6665.755	-0.089
6665.937	-0.089
6666.093	-0.088
6666.275	-0.088
6666.432	-0.089
6666.613	-0.090
6666.770	-0.089
6666.927	-0.089
6667.108	-0.088
6667.265	-0.089
6667.422	-0.088
6667.604	-0.088
6667.760	-0.088
6667.942	-0.088
6668.098	-0.088
6668.280	-0.088
6668.437	-0.089
6668.593	-0.088
6668.775	-0.089
6668.932	-0.089
6669.088	-0.088
6669.270	-0.089
6669.427	-0.088
6669.608	-0.088
6669.765	-0.088
6669.922	-0.088
6670.104	-0.089
6670.260	-0.088
6670.442	-0.089
6670.598	-0.088
6670.780	-0.088
6670.937	-0.088
6671.093	-0.088
6671.275	-0.088
6671.432	-0.088
6671.613	-0.088
6671.770	-0.088
6671.927	-0.088
6672.108	-0.088
6672.265	-0.088
6672.447	-0.088
6672.604	-0.089
6672.760	-0.088
6672.942	-0.088
6673.098	-0.088
6673.280	-0.088
6673.437	-0.088
6673.593	-0.088
6673.775	-0.088
6673.932	-0.088
6674.113	-0.088
6674.270	-0.088
6674.427	-0.088
6674.608	-0.089
6674.765	-0.088
6674.947	-0.088
6675.104	-0.088
6675.260	-0.088
6675.442	-0.088
6675.598	-0.088
6675.780	-0.088
6675.937	-0.088
6676.093	-0.090
6676.275	-0.090
6676.432	-0.089
6676.588	-0.088
6676.770	-0.088
6676.927	-0.088
6677.108	-0.088
6677.265	-0.089
6677.422	-0.088
6677.604	-0.088
6677.760	-0.088
6677.942	-0.089
6678.098	-0.088
6678.280	-0.088
6678.437	-0.088
6678.593	-0.088
6678.775	-0.088
6678.932	-0.089
6679.088	-0.089
6679.270	-0.088
6679.427	-0.088
6679.608	-0.088
6679.765	-0.089
6679.947	-0.088
6680.104	-0.088
6680.260	-0.088
6680.442	-0.089
6680.598	-0.088
6680.755	-0.088
6680.937	-0.088
6681.093	-0.088
6681.275	-0.088
6681.432	-0.088
6681.588	-0.088
6681.770	-0.088
6681.927	-0.089
6682.108	-0.089
6682.265	-0.088
6682.422	-0.088
6682.604	-0.088
6682.760	-0.088
6682.942	-0.089
6683.098	-0.088
6683.255	-0.090
6683.437	-0.088
6683.593	-0.088
6683.775	-0.088
6683.932	-0.089
6684.088	-0.088
6684.270	-0.088
6684.427	-0.088
6684.608	-0.088
6684.765	-0.088
6684.922	-0.089
6685.104	-0.088
6685.260	-0.090
6685.442	-0.088
6685.598	-0.088
6685.780	-0.088
6685.937	-0.089
6686.093	-0.088
6686.275	-0.088
6686.432	-0.089
6686.588	-0.089
6686.770	-0.088
6686.927	-0.089
6687.108	-0.088
6687.265	-0.089
6687.447	-0.088
6687.604	-0.088
6687.760	-0.089
6687.942	-0.088
6688.098	-0.090
6688.280	-0.088
6688.437	-0.088
6688.593	-0.088
6688.775	-0.089
6688.932	-0.088
6689.088	-0.088
6689.270	-0.088
6689.427	-0.088
6689.608	-0.088
6689.765	-0.089
6689.947	-0.088
6690.104	-0.088
6690.260	-0.088
6690.442	-0.089
6690.598	-0.088
6690.780	-0.088
6690.937	-0.088
6691.093	-0.088
6691.275	-0.089
6691.432	-0.088
6691.613	-0.089
6691.770	-0.088
6691.927	-0.088
6692.108	-0.088
6692.265	-0.089
6692.447	-0.088
6692.604	-0.088
6692.760	-0.088
6692.942	-0.089
6693.098	-0.088
6693.280	-0.088
6693.437	-0.088
6693.593	-0.088
6693.775	-0.089
6693.932	-0.088
6694.088	-0.088
6694.270	-0.089
6694.427	-0.088
6694.608	-0.088
6694.765	-0.089
6694.947	-0.088
6695.104	-0.089
6695.260	-0.088
6695.442	-0.089
6695.598	-0.089
6695.755	-0.088
6695.937	-0.088
6696.093	-0.088
6696.275	-0.088
6696.432	-0.088
6696.588	-0.088
6696.770	-0.088
6696.927	-0.089
6697.108	-0.088
6697.265	-0.088
6697.422	-0.088
6697.604	-0.089
6697.760	-0.089
6697.942	-0.088
6698.098	-0.089
6698.255	-0.089
6698.437	-0.088
6698.593	-0.088
6698.775	-0.088
6698.932	-0.088
6699.088	-0.088
6699.270	-0.090
6699.427	-0.088
6699.608	-0.090
6699.765	-0.089
6699.922	-0.088
6700.104	-0.089
6700.260	-0.089
6700.442	-0.088
6700.598	-0.088
6700.755	-0.088
6700.937	-0.089
6701.093	-0.088
6701.275	-0.088
6701.432	-0.088
6701.588	-0.089
6701.770	-0.089
6701.927	-0.088
6702.108	-0.089
6702.265	-0.088
6702.422	-0.088
6702.604	-0.088
6702.760	-0.088
6702.942	-0.088
6703.098	-0.088
6703.255	-0.089
6703.437	-0.088
6703.593	-0.089
6703.775	-0.088
6703.932	-0.088
6704.088	-0.088
6704.270	-0.088
6704.427	-0.088
6704.608	-0.089
6704.765	-0.088
6704.922	-0.088
6705.104	-0.088
6705.260	-0.088
6705.442	-0.088
6705.598	-0.088
6705.755	-0.088
6705.937	-0.088
6706.093	-0.088
6706.275	-0.089
6706.432	-0.088
6706.588	-0.088
6706.770	-0.088
6706.927	-0.088
6707.108	-0.089
6707.265	-0.088
6707.422	-0.089
6707.604	-0.088
6707.760	-0.090
6707.942	-0.088
6708.098	-0.089
6708.280	-0.088
6708.437	-0.088
6708.593	-0.088
6708.775	-0.088
6708.932	-0.088
6709.088	-0.088
6709.270	-0.088
6709.427	-0.089
6709.608	-0.088
6709.765	-0.088
6709.922	-0.088
6710.104	-0.088
6710.260	-0.088
6710.442	-0.088
6710.598	-0.088
6710.755	-0.088
6710.937	-0.088
6711.093	-0.089
6711.275	-0.088
6711.432	-0.088
6711.588	-0.088
6711.770	-0.089
6711.927	-0.088
6712.108	-0.089
6712.265	-0.088
6712.422	-0.088
6712.604	-0.088
6712.760	-0.089
6712.942	-0.088
6713.098	-0.088
6713.255	-0.088
6713.437	-0.088
6713.593	-0.089
6713.775	-0.088
6713.932	-0.088
6714.088	-0.088
6714.270	-0.089
6714.427	-0.088
6714.608	-0.088
6714.765	-0.088
6714.922	-0.088
6715.104	-0.088
6715.260	-0.089
6715.442	-0.088
6715.598	-0.088
6715.755	-0.088
6715.937	-0.088
6716.093	-0.088
6716.275	-0.088
6716.432	-0.088
6716.588	-0.088
6716.770	-0.088
6716.927	-0.088
6717.108	-0.088
6717.265	-0.088
6717.422	-0.088
6717.604	-0.088
6717.760	-0.089
6717.942	-0.088
6718.098	-0.088
6718.255	-0.088
6718.437	-0.088
6718.593	-0.088
6718.775	-0.089
6718.932	-0.088
6719.088	-0.088
6719.270	-0.089
6719.427	-0.088
6719.608	-0.088
6719.765	-0.089
6719.922	-0.088
6720.104	-0.088
6720.260	-0.088
6720.442	-0.088
6720.598	-0.088
6720.755	-0.088
6720.937	-0.088
6721.093	-0.088
6721.275	-0.088
6721.432	-0.088
6721.588	-0.088
6721.770	-0.088
6721.927	-0.089
6722.108	-0.089
6722.265	-0.088
6722.422	-0.089
6722.604	-0.088
6722.760	-0.088
6722.942	-0.088
6723.098	-0.089
6723.255	-0.089
6723.437	-0.088
6723.593	-0.088
6723.775	-0.088
6723.932	-0.088
6724.088	-0.088
6724.270	-0.088
6724.427	-0.088
6724.608	-0.088
6724.765	-0.088
6724.922	-0.088
6725.104	-0.088
6725.260	-0.088
6725.442	-0.088
6725.598	-0.088
6725.755	-0.088
6725.937	-0.088
6726.093	-0.088
6726.275	-0.088
6726.432	-0.088
6726.588	-0.088
6726.770	-0.088
6726.927	-0.088
6727.108	-0.089
6727.265	-0.088
6727.447	-0.088
6727.604	-0.088
6727.760	-0.088
6727.942	-0.088
6728.098	-0.088
6728.255	-0.089
6728.437	-0.088
6728.593	-0.090
6728.775	-0.088
6728.932	-0.088
6729.088	-0.088
6729.270	-0.089
6729.427	-0.088
6729.608	-0.090
6729.765	-0.088
6729.922	-0.088
6730.104	-0.088
6730.260	-0.088
6730.442	-0.088
6730.598	-0.088
6730.755	-0.088
6730.937	-0.088
6731.093	-0.088
6731.275	-0.088
6731.432	-0.089
6731.588	-0.088
6731.770	-0.088
6731.927	-0.088
6732.108	-0.088
6732.265	-0.088
6732.422	-0.088
6732.604	-0.088
6732.760	-0.089
6732.942	-0.088
6733.098	-0.088
6733.255	-0.088
6733.437	-0.089
6733.593	-0.088
6733.775	-0.088
6733.932	-0.088
6734.088	-0.088
6734.270	-0.088
6734.427	-0.088
6734.608	-0.089
6734.765	-0.088
6734.922	-0.088
6735.104	-0.089
6735.260	-0.088
6735.442	-0.088
6735.598	-0.088
6735.755	-0.088
6735.937	-0.090
6736.093	-0.088
6736.275	-0.089
6736.432	-0.089
6736.588	-0.088
6736.770	-0.088
6736.927	-0.089
6737.108	-0.089
6737.265	-0.088
6737.422	-0.088
6737.604	-0.089
6737.760	-0.088
6737.942	-0.088
6738.098	-0.089
6738.255	-0.088
6738.437	-0.089
6738.593	-0.088
6738.775	-0.088
6738.932	-0.088
6739.088	-0.089
6739.270	-0.088
6739.427	-0.089
6739.608	-0.089
6739.765	-0.088
6739.922	-0.088
6740.104	-0.088
6740.260	-0.089
6740.442	-0.088
6740.598	-0.088
6740.755	-0.088
6740.937	-0.088
6741.093	-0.089
6741.275	-0.088
6741.432	-0.088
6741.588	-0.088
6741.770	-0.088
6741.927	-0.088
6742.108	-0.090
6742.265	-0.089
6742.422	-0.088
6742.604	-0.088
6742.760	-0.089
6742.942	-0.089
6743.098	-0.088
6743.255	-0.088
6743.437	-0.089
6743.593	-0.088
6743.775	-0.088
6743.932	-0.089
6744.088	-0.088
6744.270	-0.088
6744.427	-0.089
6744.608	-0.089
6744.765	-0.088
6744.922	-0.089
6745.104	-0.089
6745.260	-0.088
6745.442	-0.090
6745.598	-0.089
6745.755	-0.088
6745.937	-0.088
6746.093	-0.089
6746.250	-0.088
6746.432	-0.088
6746.588	-0.088
6746.770	-0.089
6746.927	-0.088
6747.108	-0.088
6747.265	-0.088
6747.422	-0.089
6747.604	-0.088
6747.760	-0.088
6747.942	-0.088
6748.098	-0.088
6748.255	-0.089
6748.437	-0.088
6748.593	-0.088
6748.775	-0.088
6748.932	-0.088
6749.088	-0.088
6749.270	-0.088
6749.427	-0.089
6749.583	-0.088
6749.765	-0.088
6749.922	-0.088
6750.104	-0.088
6750.260	-0.089
6750.442	-0.088
6750.598	-0.088
6750.755	-0.088
6750.937	-0.088
6751.093	-0.089
6751.250	-0.088
6751.432	-0.088
6751.588	-0.088
6751.770	-0.088
6751.927	-0.090
6752.083	-0.088
6752.265	-0.088
6752.422	-0.089
6752.604	-0.088
6752.760	-0.088
6752.942	-0.088
6753.098	-0.088
6753.255	-0.089
6753.437	-0.088
6753.593	-0.088
6753.775	-0.088
6753.932	-0.088
6754.088	-0.088
6754.270	-0.088
6754.427	-0.088
6754.608	-0.089
6754.765	-0.089
6754.922	-0.088
6755.104	-0.088
6755.260	-0.089
6755.417	-0.088
6755.598	-0.088
6755.755	-0.089
6755.937	-0.089
6756.093	-0.088
6756.275	-0.088
6756.432	-0.088
6756.588	-0.089
6756.770	-0.088
6756.927	-0.088
6757.108	-0.088
6757.265	-0.088
6757.422	-0.088
6757.604	-0.088
6757.760	-0.088
6757.942	-0.088
6758.098	-0.088
6758.255	-0.088
6758.437	-0.089
6758.593	-0.088
6758.775	-0.088
6758.932	-0.088
6759.088	-0.088
6759.270	-0.089
6759.427	-0.088
6759.608	-0.089
6759.765	-0.088
6759.922	-0.089
6760.104	-0.089
6760.260	-0.088
6760.417	-0.088
6760.598	-0.088
6760.755	-0.088
6760.937	-0.088
6761.093	-0.088
6761.250	-0.090
6761.432	-0.088
6761.588	-0.088
6761.770	-0.088
6761.927	-0.089
6762.083	-0.088
6762.265	-0.088
6762.422	-0.088
6762.604	-0.088
6762.760	-0.088
6762.917	-0.088
6763.098	-0.088
6763.255	-0.088
6763.437	-0.088
6763.593	-0.088
6763.775	-0.088
6763.932	-0.089
6764.088	-0.089
6764.270	-0.088
6764.427	-0.088
6764.608	-0.088
6764.765	-0.088
6764.922	-0.089
6765.104	-0.089
6765.260	-0.088
6765.417	-0.088
6765.598	-0.088
6765.755	-0.088
6765.937	-0.088
6766.093	-0.088
6766.275	-0.088
6766.432	-0.088
6766.588	-0.088
6766.770	-0.088
6766.927	-0.088
6767.108	-0.088
6767.265	-0.089
6767.422	-0.088
6767.604	-0.088
6767.760	-0.088
6767.917	-0.088
6768.098	-0.088
6768.255	-0.089
6768.437	-0.088
6768.593	-0.089
6768.775	-0.088
6768.932	-0.088
6769.088	-0.089
6769.270	-0.088
6769.427	-0.088
6769.608	-0.088
6769.765	-0.089
6769.922	-0.088
6770.104	-0.088
6770.260	-0.089
6770.442	-0.088
6770.598	-0.088
6770.755	-0.088
6770.937	-0.089
6771.093	-0.088
6771.275	-0.088
6771.432	-0.089
6771.588	-0.088
6771.770	-0.088
6771.927	-0.088
6772.108	-0.088
6772.265	-0.088
6772.422	-0.088
6772.604	-0.090
6772.760	-0.088
6772.942	-0.088
6773.098	-0.088
6773.255	-0.088
6773.437	-0.088
6773.593	-0.088
6773.775	-0.088
6773.932	-0.088
6774.088	-0.088
6774.270	-0.088
6774.427	-0.088
6774.608	-0.089
6774.765	-0.089
6774.922	-0.089
6775.104	-0.088
6775.260	-0.088
6775.442	-0.088
6775.598	-0.088
6775.755	-0.089
6775.937	-0.088
6776.093	-0.088
6776.275	-0.088
6776.432	-0.088
6776.588	-0.088
6776.770	-0.088
6776.927	-0.088
6777.083	-0.088
6777.265	-0.088
6777.422	-0.088
6777.604	-0.088
6777.760	-0.088
6777.917	-0.088
6778.098	-0.088
6778.255	-0.088
6778.437	-0.088
6778.593	-0.088
6778.750	-0.088
6778.932	-0.088
6779.088	-0.089
6779.270	-0.088
6779.427	-0.088
6779.608	-0.088
6779.765	-0.088
6779.922	-0.089
6780.104	-0.089
6780.260	-0.088
6780.417	-0.088
6780.598	-0.088
6780.755	-0.089
6780.937	-0.089
6781.093	-0.088
6781.250	-0.088
6781.432	-0.088
6781.588	-0.088
6781.770	-0.088
6781.927	-0.088
6782.083	-0.088
6782.265	-0.088
6782.422	-0.088
6782.604	-0.089
6782.760	-0.088
6782.942	-0.088
6783.098	-0.088
6783.255	-0.089
6783.437	-0.088
6783.593	-0.088
6783.750	-0.088
6783.932	-0.088
6784.088	-0.088
6784.270	-0.088
6784.427	-0.088
6784.583	-0.088
6784.765	-0.088
6784.922	-0.088
6785.104	-0.089
6785.260	-0.089
6785.442	-0.088
6785.598	-0.088
6785.755	-0.088
6785.937	-0.088
6786.093	-0.088
6786.250	-0.088
6786.432	-0.089
6786.588	-0.088
6786.770	-0.088
6786.927	-0.089
6787.083	-0.088
6787.265	-0.088
6787.422	-0.088
6787.604	-0.089
6787.760	-0.088
6787.942	-0.089
6788.098	-0.088
6788.255	-0.088
6788.437	-0.088
6788.593	-0.089
6788.750	-0.089
6788.932	-0.089
6789.088	-0.088
6789.270	-0.088
6789.427	-0.088
6789.583	-0.088
6789.765	-0.088
6789.922	-0.088
6790.104	-0.088
6790.260	-0.088
6790.417	-0.088
6790.598	-0.088
6790.755	-0.088
6790.937	-0.088
6791.093	-0.088
6791.250	-0.088
6791.432	-0.088
6791.588	-0.088
6791.770	-0.088
6791.927	-0.088
6792.083	-0.088
6792.265	-0.088
6792.422	-0.088
6792.604	-0.088
6792.760	-0.088
6792.917	-0.088
6793.098	-0.088
6793.255	-0.088
6793.437	-0.089
6793.593	-0.088
6793.775	-0.088
6793.932	-0.088
6794.088	-0.088
6794.270	-0.088
6794.427	-0.088
6794.608	-0.088
6794.765	-0.088
6794.922	-0.089
6795.104	-0.088
6795.260	-0.088
6795.417	-0.088
6795.598	-0.089
6795.755	-0.088
6795.937	-0.089
6796.093	-0.088
6796.275	-0.088
6796.432	-0.088
6796.588	-0.088
6796.770	-0.088
6796.927	-0.088
6797.083	-0.088
6797.265	-0.088
6797.422	-0.089
6797.604	-0.088
6797.760	-0.088
6797.942	-0.088
6798.098	-0.088
6798.255	-0.088
6798.437	-0.088
6798.593	-0.088
6798.750	-0.088
6798.932	-0.089
6799.088	-0.088
6799.270	-0.088
6799.427	-0.089
6799.583	-0.088
6799.765	-0.088
6799.922	-0.088
6800.104	-0.088
6800.260	-0.089
6800.417	-0.088
6800.598	-0.088
6800.755	-0.088
6800.937	-0.088
6801.093	-0.088
6801.250	-0.088
6801.432	-0.088
6801.588	-0.089
6801.770	-0.088
6801.927	-0.088
6802.083	-0.088
6802.265	-0.088
6802.422	-0.088
6802.604	-0.088
6802.760	-0.088
6802.917	-0.088
6803.098	-0.089
6803.255	-0.089
6803.437	-0.088
6803.593	-0.088
6803.750	-0.088
6803.932	-0.088
6804.088	-0.089
6804.270	-0.088
6804.427	-0.088
6804.608	-0.088
6804.765	-0.088
6804.922	-0.089
6805.104	-0.089
6805.260	-0.088
6805.417	-0.088
6805.598	-0.088
6805.755	-0.089
6805.937	-0.089
6806.093	-0.089
6806.250	-0.088
6806.432	-0.088
6806.588	-0.089
6806.770	-0.088
6806.927	-0.088
6807.083	-0.088
6807.265	-0.088
6807.422	-0.089
6807.604	-0.088
6807.760	-0.088
6807.942	-0.088
6808.098	-0.088
6808.255	-0.088
6808.437	-0.088
6808.593	-0.089
6808.750	-0.088
6808.932	-0.088
6809.088	-0.088
6809.270	-0.088
6809.427	-0.088
6809.608	-0.088
6809.765	-0.088
6809.922	-0.088
6810.104	-0.088
6810.260	-0.088
6810.417	-0.088
6810.598	-0.088
6810.755	-0.088
6810.937	-0.089
6811.093	-0.088
6811.275	-0.088
6811.432	-0.088
6811.588	-0.088
6811.770	-0.088
6811.927	-0.088
6812.083	-0.088
6812.265	-0.088
6812.422	-0.089
6812.604	-0.088
6812.760	-0.088
6812.942	-0.088
6813.098	-0.088
6813.255	-0.088
6813.437	-0.088
6813.593	-0.088
6813.750	-0.088
6813.932	-0.088
6814.088	-0.088
6814.270	-0.088
6814.427	-0.088
6814.583	-0.089
6814.765	-0.088
6814.922	-0.088
6815.104	-0.089
6815.260	-0.088
6815.417	-0.089
6815.598	-0.088
6815.755	-0.088
6815.937	-0.088
6816.093	-0.088
6816.250	-0.089
6816.432	-0.089
6816.588	-0.088
6816.770	-0.088
6816.927	-0.088
6817.083	-0.089
6817.265	-0.088
6817.422	-0.088
6817.604	-0.088
6817.760	-0.088
6817.917	-0.088
6818.098	-0.088
6818.255	-0.088
6818.437	-0.088
6818.593	-0.088
6818.750	-0.088
6818.932	-0.088
6819.088	-0.088
6819.270	-0.088
6819.427	-0.088
6819.583	-0.088
6819.765	-0.089
6819.922	-0.088
6820.104	-0.088
6820.260	-0.088
6820.417	-0.088
6820.598	-0.089
6820.755	-0.089
6820.937	-0.088
6821.093	-0.089
6821.250	-0.088
6821.432	-0.088
6821.588	-0.088
6821.770	-0.088
6821.927	-0.088
6822.083	-0.088
6822.265	-0.088
6822.422	-0.088
6822.604	-0.088
6822.760	-0.088
6822.917	-0.089
6823.098	-0.089
6823.255	-0.089
6823.437	-0.088
6823.593	-0.088
6823.750	-0.089
6823.932	-0.088
6824.088	-0.089
6824.270	-0.088
6824.427	-0.088
6824.583	-0.088
6824.765	-0.088
6824.922	-0.088
6825.104	-0.088
6825.260	-0.088
6825.417	-0.088
6825.598	-0.088
6825.755	-0.088
6825.937	-0.089
6826.093	-0.088
6826.250	-0.089
6826.432	-0.088
6826.588	-0.088
6826.770	-0.089
6826.927	-0.088
6827.083	-0.088
6827.265	-0.088
6827.422	-0.088
6827.604	-0.088
6827.760	-0.088
6827.917	-0.088
6828.098	-0.088
6828.255	-0.088
6828.437	-0.088
6828.593	-0.088
6828.750	-0.088
6828.932	-0.088
6829.088	-0.088
6829.270	-0.088
6829.427	-0.088
6829.583	-0.088
6829.765	-0.088
6829.922	-0.088
6830.104	-0.088
6830.260	-0.088
6830.417	-0.088
6830.598	-0.088
6830.755	-0.088
6830.937	-0.088
6831.093	-0.088
6831.250	-0.088
6831.432	-0.088
6831.588	-0.088
6831.770	-0.088
6831.927	-0.088
6832.083	-0.089
6832.265	-0.088
6832.422	-0.088
6832.604	-0.089
6832.760	-0.088
6832.917	-0.088
6833.098	-0.088
6833.255	-0.088
6833.437	-0.088
6833.593	-0.089
6833.750	-0.088
6833.932	-0.088
6834.088	-0.088
6834.270	-0.089
6834.427	-0.088
6834.583	-0.089
6834.765	-0.088
6834.922	-0.088
6835.104	-0.088
6835.260	-0.088
6835.417	-0.088
6835.598	-0.088
6835.755	-0.089
6835.937	-0.088
6836.093	-0.088
6836.250	-0.089
6836.432	-0.088
6836.588	-0.088
6836.770	-0.088
6836.927	-0.089
6837.083	-0.088
6837.265	-0.088
6837.422	-0.088
6837.604	-0.088
6837.760	-0.089
6837.917	-0.088
6838.098	-0.088
6838.255	-0.088
6838.437	-0.088
6838.593	-0.088
6838.750	-0.088
6838.932	-0.088
6839.088	-0.088
6839.270	-0.088
6839.427	-0.088
6839.583	-0.088
6839.765	-0.088
6839.922	-0.089
6840.104	-0.088
6840.260	-0.088
6840.417	-0.088
6840.598	-0.089
6840.755	-0.088
6840.937	-0.088
6841.093	-0.088
6841.250	-0.088
6841.432	-0.088
6841.588	-0.088
6841.770	-0.088
6841.927	-0.088
6842.083	-0.088
6842.265	-0.089
6842.422	-0.088
6842.604	-0.088
6842.760	-0.088
6842.917	-0.088
6843.098	-0.088
6843.255	-0.088
6843.437	-0.088
6843.593	-0.088
6843.750	-0.088
6843.932	-0.089
6844.088	-0.088
6844.270	-0.088
6844.427	-0.088
6844.583	-0.088
6844.765	-0.088
6844.922	-0.088
6845.104	-0.088
6845.260	-0.088
6845.417	-0.088
6845.598	-0.088
6845.755	-0.088
6845.937	-0.088
6846.093	-0.088
6846.250	-0.088
6846.432	-0.088
6846.588	-0.088
6846.770	-0.088
6846.927	-0.088
6847.083	-0.088
6847.265	-0.088
6847.422	-0.089
6847.604	-0.088
6847.760	-0.088
6847.917	-0.088
6848.098	-0.089
6848.255	-0.088
6848.437	-0.088
6848.593	-0.089
6848.750	-0.088
6848.932	-0.088
6849.088	-0.088
6849.270	-0.088
6849.427	-0.088
6849.583	-0.088
6849.765	-0.088
6849.922	-0.088
6850.104	-0.088
6850.260	-0.088
6850.417	-0.088
6850.598	-0.088
6850.755	-0.089
6850.937	-0.088
6851.093	-0.088
6851.250	-0.088
6851.432	-0.088
6851.588	-0.088
6851.770	-0.088
6851.927	-0.088
6852.083	-0.088
6852.265	-0.088
6852.422	-0.088
6852.604	-0.088
6852.760	-0.089
6852.917	-0.088
6853.098	-0.088
6853.255	-0.088
6853.437	-0.088
6853.593	-0.088
6853.750	-0.088
6853.932	-0.088
6854.088	-0.088
6854.270	-0.089
6854.427	-0.088
6854.583	-0.088
6854.765	-0.089
6854.922	-0.090
6855.104	-0.088
6855.260	-0.088
6855.417	-0.089
6855.598	-0.088
6855.755	-0.088
6855.937	-0.088
6856.093	-0.088
6856.250	-0.089
6856.432	-0.088
6856.588	-0.088
6856.770	-0.088
6856.927	-0.088
6857.083	-0.088
6857.265	-0.088
6857.422	-0.088
6857.604	-0.088
6857.760	-0.088
6857.917	-0.088
6858.098	-0.088
6858.255	-0.088
6858.437	-0.088
6858.593	-0.088
6858.750	-0.088
6858.932	-0.088
6859.088	-0.088
6859.270	-0.088
6859.427	-0.089
6859.583	-0.088
6859.765	-0.088
6859.922	-0.088
6860.104	-0.088
6860.260	-0.089
6860.417	-0.088
6860.598	-0.089
6860.755	-0.088
6860.937	-0.089
6861.093	-0.088
6861.250	-0.088
6861.432	-0.088
6861.588	-0.088
6861.770	-0.089
6861.927	-0.088
6862.083	-0.088
6862.265	-0.088
6862.422	-0.088
6862.604	-0.088
6862.760	-0.088
6862.917	-0.088
6863.098	-0.088
6863.255	-0.088
6863.437	-0.090
6863.593	-0.088
6863.750	-0.088
6863.932	-0.088
6864.088	-0.088
6864.270	-0.089
6864.427	-0.089
6864.583	-0.088
6864.765	-0.088
6864.922	-0.089
6865.104	-0.088
6865.260	-0.088
6865.417	-0.088
6865.598	-0.088
6865.755	-0.088
6865.937	-0.089
6866.093	-0.088
6866.250	-0.088
6866.432	-0.088
6866.588	-0.088
6866.770	-0.088
6866.927	-0.090
6867.083	-0.088
6867.265	-0.088
6867.422	-0.088
6867.578	-0.088
6867.760	-0.088
6867.917	-0.088
6868.098	-0.088
6868.255	-0.088
6868.437	-0.088
6868.593	-0.088
6868.750	-0.088
6868.932	-0.088
6869.088	-0.088
6869.245	-0.089
6869.427	-0.090
6869.583	-0.088
6869.765	-0.088
6869.922	-0.088
6870.104	-0.088
6870.260	-0.088
6870.417	-0.088
6870.598	-0.089
6870.755	-0.088
6870.937	-0.088
6871.093	-0.088
6871.250	-0.088
6871.432	-0.088
6871.588	-0.088
6871.770	-0.089
6871.927	-0.088
6872.083	-0.088
6872.265	-0.089
6872.422	-0.088
6872.604	-0.088
6872.760	-0.088
6872.917	-0.088
6873.098	-0.089
6873.255	-0.088
6873.437	-0.088
6873.593	-0.088
6873.750	-0.088
6873.932	-0.088
6874.088	-0.089
6874.270	-0.088
6874.427	-0.089
6874.583	-0.088
6874.765	-0.089
6874.922	-0.088
6875.104	-0.088
6875.260	-0.088
6875.417	-0.088
6875.598	-0.088
6875.755	-0.088
6875.912	-0.088
6876.093	-0.089
6876.250	-0.088
6876.432	-0.088
6876.588	-0.088
6876.770	-0.088
6876.927	-0.088
6877.083	-0.088
6877.265	-0.088
6877.422	-0.089
6877.578	-0.089
6877.760	-0.088
6877.917	-0.088
6878.098	-0.088
6878.255	-0.088
6878.437	-0.089
6878.593	-0.088
6878.750	-0.089
6878.932	-0.090
6879.088	-0.089
6879.270	-0.088
6879.427	-0.088
6879.583	-0.088
6879.765	-0.088
6879.922	-0.088
6880.104	-0.088
6880.260	-0.088
6880.417	-0.088
6880.598	-0.088
6880.755	-0.088
6880.912	-0.088
6881.093	-0.088
6881.250	-0.089
6881.432	-0.089
6881.588	-0.089
6881.770	-0.088
6881.927	-0.088
6882.083	-0.088
6882.265	-0.088
6882.422	-0.088
6882.578	-0.088
6882.760	-0.088
6882.917	-0.089
6883.098	-0.088
6883.255	-0.088
6883.437	-0.088
6883.593	-0.088
6883.750	-0.088
6883.932	-0.088
6884.088	-0.088
6884.245	-0.088
6884.427	-0.088
6884.583	-0.088
6884.765	-0.088
6884.922	-0.088
6885.104	-0.088
6885.260	-0.088
6885.417	-0.088
6885.598	-0.088
6885.755	-0.088
6885.937	-0.088
6886.093	-0.088
6886.250	-0.089
6886.432	-0.088
6886.588	-0.088
6886.770	-0.088
6886.927	-0.088
6887.083	-0.089
6887.265	-0.088
6887.422	-0.088
6887.604	-0.088
6887.760	-0.088
6887.917	-0.088
6888.098	-0.088
6888.255	-0.089
6888.437	-0.088
6888.593	-0.088
6888.750	-0.088
6888.932	-0.088
6889.088	-0.088
6889.245	-0.089
6889.427	-0.088
6889.583	-0.089
6889.765	-0.088
6889.922	-0.088
6890.104	-0.088
6890.260	-0.088
6890.417	-0.088
6890.598	-0.088
6890.755	-0.089
6890.937	-0.088
6891.093	-0.088
6891.250	-0.089
6891.432	-0.088
6891.588	-0.088
6891.770	-0.089
6891.927	-0.089
6892.083	-0.088
6892.265	-0.088
6892.422	-0.089
6892.604	-0.088
6892.760	-0.088
6892.917	-0.089
6893.098	-0.088
6893.255	-0.088
6893.437	-0.088
6893.593	-0.089
6893.750	-0.088
6893.932	-0.089
6894.088	-0.088
6894.270	-0.088
6894.427	-0.089
6894.583	-0.089
6894.765	-0.089
6894.922	-0.088
6895.104	-0.088
6895.260	-0.088
6895.417	-0.089
6895.598	-0.088
6895.755	-0.088
6895.937	-0.088
6896.093	-0.088
6896.250	-0.089
6896.432	-0.088
6896.588	-0.088
6896.770	-0.088
6896.927	-0.088
6897.083	-0.089
6897.265	-0.088
6897.422	-0.088
6897.604	-0.090
6897.760	-0.088
6897.917	-0.089
6898.098	-0.088
6898.255	-0.088
6898.437	-0.088
6898.593	-0.089
6898.750	-0.089
6898.932	-0.088
6899.088	-0.090
6899.245	-0.088
6899.427	-0.088
6899.583	-0.088
6899.765	-0.088
6899.922	-0.089
6900.078	-0.088
6900.260	-0.088
6900.417	-0.088
6900.598	-0.088
6900.755	-0.090
6900.912	-0.089
6901.093	-0.088
6901.250	-0.088
6901.432	-0.088
6901.588	-0.088
6901.745	-0.088
6901.927	-0.089
6902.083	-0.088
6902.265	-0.089
6902.422	-0.088
6902.578	-0.088
6902.760	-0.089
6902.917	-0.088
6903.098	-0.088
6903.255	-0.090
6903.412	-0.088
6903.593	-0.088
6903.750	-0.088
6903.932	-0.089
6904.088	-0.088
6904.245	-0.088
6904.427	-0.088
6904.583	-0.088
6904.765	-0.088
6904.922	-0.088
6905.078	-0.088
6905.260	-0.088
6905.417	-0.089
6905.598	-0.088
6905.755	-0.088
6905.912	-0.088
6906.093	-0.088
6906.250	-0.089
6906.432	-0.089
6906.588	-0.088
6906.745	-0.088
6906.927	-0.088
6907.083	-0.088
6907.265	-0.089
6907.422	-0.088
6907.578	-0.088
6907.760	-0.088
6907.917	-0.088
6908.098	-0.088
6908.255	-0.088
6908.412	-0.088
6908.593	-0.088
6908.750	-0.088
6908.932	-0.089
6909.088	-0.088
6909.245	-0.088
6909.427	-0.088
6909.583	-0.088
6909.765	-0.089
6909.922	-0.088
6910.078	-0.089
6910.260	-0.088
6910.417	-0.088
6910.598	-0.088
6910.755	-0.089
6910.912	-0.088
6911.093	-0.091
6911.250	-0.088
6911.432	-0.088
6911.588	-0.088
6911.745	-0.090
6911.927	-0.088
6912.083	-0.089
6912.265	-0.088
6912.422	-0.088
6912.578	-0.089
6912.760	-0.088
6912.917	-0.089
6913.098	-0.088
6913.255	-0.088
6913.412	-0.088
6913.593	-0.088
6913.750	-0.088
6913.932	-0.088
6914.088	-0.089
6914.245	-0.088
6914.427	-0.088
6914.583	-0.088
6914.765	-0.088
6914.922	-0.088
6915.078	-0.089
6915.260	-0.090
6915.417	-0.088
6915.598	-0.088
6915.755	-0.088
6915.912	-0.088
6916.093	-0.088
6916.250	-0.088
6916.432	-0.088
6916.588	-0.089
6916.745	-0.088
6916.927	-0.089
6917.083	-0.088
6917.265	-0.088
6917.422	-0.088
6917.578	-0.088
6917.760	-0.088
6917.917	-0.088
6918.098	-0.088
6918.255	-0.089
6918.412	-0.088
6918.593	-0.088
6918.750	-0.088
6918.932	-0.088
6919.088	-0.088
6919.245	-0.089
6919.427	-0.088
6919.583	-0.089
6919.765	-0.088
6919.922	-0.088
6920.078	-0.088
6920.260	-0.088
6920.417	-0.088
6920.598	-0.088
6920.755	-0.088
6920.912	-0.089
6921.093	-0.088
6921.250	-0.088
6921.432	-0.088
6921.588	-0.088
6921.745	-0.088
6921.927	-0.090
6922.083	-0.088
6922.265	-0.088
6922.422	-0.088
6922.578	-0.088
6922.760	-0.088
6922.917	-0.088
6923.098	-0.088
6923.255	-0.088
6923.412	-0.089
6923.593	-0.088
6923.750	-0.088
6923.932	-0.089
6924.088	-0.089
6924.245	-0.088
6924.427	-0.088
6924.583	-0.088
6924.765	-0.089
6924.922	-0.088
6925.078	-0.088
6925.260	-0.088
6925.417	-0.088
6925.598	-0.088
6925.755	-0.088
6925.912	-0.088
6926.093	-0.088
6926.250	-0.088
6926.432	-0.088
6926.588	-0.088
6926.745	-0.088
6926.927	-0.089
6927.083	-0.088
6927.265	-0.088
6927.422	-0.088
6927.578	-0.088
6927.760	-0.089
6927.917	-0.089
6928.098	-0.090
6928.255	-0.088
6928.412	-0.089
6928.593	-0.088
6928.750	-0.088
6928.932	-0.089
6929.088	-0.088
6929.245	-0.088
6929.427	-0.088
6929.583	-0.088
6929.765	-0.088
6929.922	-0.088
6930.078	-0.088
6930.260	-0.089
6930.417	-0.088
6930.598	-0.089
6930.755	-0.088
6930.912	-0.089
6931.093	-0.089
6931.250	-0.088
6931.432	-0.088
6931.588	-0.089
6931.745	-0.088
6931.927	-0.088
6932.083	-0.088
6932.265	-0.088
6932.422	-0.088
6932.578	-0.088
6932.760	-0.089
6932.917	-0.088
6933.098	-0.088
6933.255	-0.089
6933.412	-0.088
6933.593	-0.088
6933.750	-0.088
6933.932	-0.089
6934.088	-0.088
6934.245	-0.089
6934.427	-0.088
6934.583	-0.088
6934.765	-0.088
6934.922	-0.088
6935.078	-0.088
6935.260	-0.088
6935.417	-0.089
6935.598	-0.088
6935.755	-0.088
6935.912	-0.090
6936.093	-0.088
6936.250	-0.088
6936.432	-0.088
6936.588	-0.089
6936.745	-0.089
6936.927	-0.088
6937.083	-0.088
6937.265	-0.088
6937.422	-0.088
6937.578	-0.088
6937.760	-0.089
6937.917	-0.088
6938.098	-0.088
6938.255	-0.089
6938.412	-0.088
6938.593	-0.088
6938.750	-0.088
6938.932	-0.088
6939.088	-0.088
6939.245	-0.088
6939.427	-0.089
6939.583	-0.089
6939.765	-0.088
6939.922	-0.088
6940.078	-0.088
6940.260	-0.088
6940.417	-0.088
6940.598	-0.088
6940.755	-0.088
6940.912	-0.088
6941.093	-0.089
6941.250	-0.088
6941.432	-0.088
6941.588	-0.088
6941.745	-0.089
6941.927	-0.088
6942.083	-0.089
6942.265	-0.089
6942.422	-0.088
6942.578	-0.088
6942.760	-0.088
6942.917	-0.088
6943.098	-0.088
6943.255	-0.089
6943.412	-0.088
6943.593	-0.089
6943.750	-0.088
6943.932	-0.088
6944.088	-0.089
6944.245	-0.088
6944.427	-0.088
6944.583	-0.088
6944.765	-0.088
6944.922	-0.088
6945.078	-0.089
6945.260	-0.088
6945.417	-0.088
6945.598	-0.088
6945.755	-0.088
6945.912	-0.088
6946.093	-0.088
6946.250	-0.089
6946.432	-0.088
6946.588	-0.088
6946.745	-0.088
6946.927	-0.088
6947.083	-0.088
6947.265	-0.089
6947.422	-0.088
6947.578	-0.088
6947.760	-0.088
6947.917	-0.088
6948.098	-0.088
6948.255	-0.088
6948.412	-0.088
6948.593	-0.089
6948.750	-0.088
6948.932	-0.089
6949.088	-0.088
6949.245	-0.088
6949.427	-0.088
6949.583	-0.088
6949.765	-0.089
6949.922	-0.088
6950.078	-0.089
6950.260	-0.088
6950.417	-0.089
6950.598	-0.088
6950.755	-0.088
6950.912	-0.088
6951.093	-0.088
6951.250	-0.088
6951.432	-0.088
6951.588	-0.088
6951.745	-0.088
6951.927	-0.088
6952.083	-0.088
6952.265	-0.089
6952.422	-0.088
6952.578	-0.088
6952.760	-0.088
6952.917	-0.088
6953.098	-0.088
6953.255	-0.089
6953.412	-0.088
6953.593	-0.088
6953.750	-0.088
6953.932	-0.088
6954.088	-0.089
6954.245	-0.088
6954.427	-0.088
6954.583	-0.088
6954.765	-0.088
6954.922	-0.088
6955.078	-0.089
6955.260	-0.088
6955.417	-0.089
6955.598	-0.088
6955.755	-0.088
6955.912	-0.088
6956.093	-0.088
6956.250	-0.088
6956.432	-0.088
6956.588	-0.088
6956.745	-0.089
6956.927	-0.088
6957.083	-0.088
6957.265	-0.088
6957.422	-0.088
6957.578	-0.088
6957.760	-0.088
6957.917	-0.088
6958.098	-0.089
6958.255	-0.088
6958.412	-0.088
6958.593	-0.088
6958.750	-0.088
6958.932	-0.088
6959.088	-0.089
6959.245	-0.088
6959.427	-0.088
6959.583	-0.090
6959.765	-0.088
6959.922	-0.088
6960.078	-0.088
6960.260	-0.088
6960.417	-0.088
6960.598	-0.088
6960.755	-0.088
6960.912	-0.088
6961.093	-0.089
6961.250	-0.088
6961.432	-0.089
6961.588	-0.088
6961.745	-0.088
6961.927	-0.088
6962.083	-0.088
6962.265	-0.088
6962.422	-0.088
6962.578	-0.088
6962.760	-0.088
6962.917	-0.088
6963.098	-0.088
6963.255	-0.088
6963.412	-0.088
6963.593	-0.088
6963.750	-0.088
6963.932	-0.088
6964.088	-0.089
6964.245	-0.088
6964.427	-0.088
6964.583	-0.089
6964.738	-0.089
6964.922	-0.089
6965.078	-0.088
6965.260	-0.089
6965.417	-0.089
6965.598	-0.088
6965.755	-0.088
6965.912	-0.088
6966.093	-0.088
6966.250	-0.088
6966.432	-0.088
6966.588	-0.088
6966.745	-0.089
6966.927	-0.088
6967.083	-0.089
6967.265	-0.088
6967.422	-0.088
6967.578	-0.090
6967.760	-0.088
6967.917	-0.088
6968.098	-0.088
6968.255	-0.088
6968.412	-0.088
6968.593	-0.088
6968.750	-0.088
6968.932	-0.089
6969.088	-0.088
6969.245	-0.089
6969.427	-0.088
6969.583	-0.088
6969.765	-0.089
6969.922	-0.088
6970.078	-0.088
6970.260	-0.089
6970.417	-0.088
6970.598	-0.088
6970.755	-0.088
6970.912	-0.088
6971.093	-0.088
6971.250	-0.088
6971.432	-0.088
6971.588	-0.088
6971.745	-0.089
6971.927	-0.088
6972.083	-0.088
6972.265	-0.088
6972.422	-0.089
6972.578	-0.089
6972.760	-0.089
6972.917	-0.088
6973.098	-0.090
6973.255	-0.088
6973.412	-0.089
6973.593	-0.088
6973.750	-0.088
6973.932	-0.088
6974.088	-0.088
6974.245	-0.088
6974.427	-0.090
6974.583	-0.088
6974.765	-0.088
6974.922	-0.090
6975.078	-0.088
6975.260	-0.088
6975.417	-0.088
6975.598	-0.088
6975.755	-0.089
6975.912	-0.089
6976.093	-0.090
6976.250	-0.088
6976.432	-0.088
6976.588	-0.089
6976.745	-0.088
6976.927	-0.088
6977.083	-0.088
6977.265	-0.088
6977.422	-0.088
6977.578	-0.088
6977.760	-0.088
6977.917	-0.088
6978.098	-0.088
6978.255	-0.088
6978.412	-0.088
6978.593	-0.089
6978.750	-0.088
6978.932	-0.088
6979.088	-0.088
6979.245	-0.088
6979.427	-0.089
6979.583	-0.089
6979.765	-0.088
6979.922	-0.089
6980.078	-0.088
6980.260	-0.088
6980.417	-0.088
6980.598	-0.089
6980.755	-0.088
6980.912	-0.088
6981.093	-0.088
6981.250	-0.088
6981.432	-0.088
6981.588	-0.088
6981.745	-0.088
6981.927	-0.088
6982.083	-0.089
6982.238	-0.088
6982.422	-0.088
6982.578	-0.089
6982.760	-0.089
6982.917	-0.088
6983.098	-0.088
6983.255	-0.088
6983.412	-0.088
6983.593	-0.088
6983.750	-0.088
6983.905	-0.088
6984.088	-0.088
6984.245	-0.088
6984.427	-0.089
6984.583	-0.088
6984.765	-0.090
6984.922	-0.088
6985.078	-0.088
6985.260	-0.088
6985.417	-0.088
6985.572	-0.089
6985.755	-0.088
6985.912	-0.088
6986.093	-0.088
6986.250	-0.088
6986.432	-0.089
6986.588	-0.088
6986.745	-0.088
6986.927	-0.088
6987.083	-0.088
6987.238	-0.089
6987.422	-0.088
6987.578	-0.088
6987.760	-0.088
6987.917	-0.088
6988.098	-0.088
6988.255	-0.088
6988.412	-0.088
6988.593	-0.088
6988.750	-0.089
6988.905	-0.088
6989.088	-0.088
6989.245	-0.088
6989.427	-0.088
6989.583	-0.088
6989.765	-0.089
6989.922	-0.089
6990.078	-0.088
6990.260	-0.088
6990.417	-0.088
6990.572	-0.088
6990.755	-0.088
6990.912	-0.088
6991.093	-0.088
6991.250	-0.088
6991.432	-0.088
6991.588	-0.088
6991.745	-0.088
6991.927	-0.089
6992.083	-0.088
6992.238	-0.088
6992.422	-0.088
6992.578	-0.088
6992.760	-0.088
6992.917	-0.088
6993.098	-0.088
6993.255	-0.088
6993.412	-0.088
6993.593	-0.088
6993.750	-0.088
6993.905	-0.088
6994.088	-0.088
6994.245	-0.088
6994.427	-0.088
6994.583	-0.088
6994.765	-0.088
6994.922	-0.088
6995.078	-0.088
6995.260	-0.088
6995.417	-0.088
6995.572	-0.088
6995.755	-0.088
6995.912	-0.088
6996.093	-0.088
6996.250	-0.088
6996.432	-0.088
6996.588	-0.088
6996.745	-0.088
6996.927	-0.088
6997.083	-0.089
6997.238	-0.088
6997.422	-0.088
6997.578	-0.088
6997.760	-0.089
6997.917	-0.088
6998.098	-0.088
6998.255	-0.088
6998.412	-0.088
6998.593	-0.088
6998.750	-0.088
6998.905	-0.088
6999.088	-0.088
6999.245	-0.088
6999.427	-0.088
6999.583	-0.088
6999.765	-0.088
6999.922	-0.089
7000.078	-0.088
