3500.000	-0.053
3500.208	-0.053
3500.338	-0.053
3500.520	-0.053
3500.677	-0.053
3500.833	-0.053
3501.015	-0.053
3501.172	-0.053
3501.328	-0.053
3501.510	-0.053
3501.667	-0.053
3501.848	-0.053
3502.005	-0.053
3502.162	-0.053
3502.343	-0.052
3502.500	-0.053
3502.682	-0.053
3502.838	-0.053
3502.995	-0.053
3503.177	-0.053
3503.333	-0.053
3503.515	-0.053
3503.672	-0.052
3503.828	-0.053
3504.010	-0.053
3504.167	-0.053
3504.348	-0.053
3504.505	-0.053
3504.662	-0.053
3504.843	-0.054
3505.000	-0.053
3505.182	-0.053
3505.338	-0.053
3505.495	-0.053
3505.677	-0.053
3505.833	-0.053
3506.015	-0.053
3506.172	-0.053
3506.328	-0.053
3506.510	-0.053
3506.667	-0.053
3506.848	-0.053
3507.005	-0.053
3507.162	-0.053
3507.343	-0.053
3507.500	-0.053
3507.682	-0.053
3507.838	-0.053
3507.995	-0.053
3508.177	-0.052
3508.333	-0.053
3508.515	-0.053
3508.672	-0.053
3508.828	-0.053
3509.010	-0.053
3509.167	-0.053
3509.348	-0.053
3509.505	-0.053
3509.662	-0.053
3509.843	-0.053
3510.000	-0.053
3510.182	-0.053
3510.338	-0.053
3510.495	-0.052
3510.677	-0.053
3510.833	-0.053
3511.015	-0.053
3511.172	-0.053
3511.328	-0.053
3511.510	-0.053
3511.667	-0.053
3511.848	-0.053
3512.005	-0.053
3512.162	-0.053
3512.343	-0.053
3512.500	-0.053
3512.682	-0.053
3512.838	-0.052
3512.995	-0.053
3513.177	-0.053
3513.333	-0.053
3513.515	-0.053
3513.672	-0.053
3513.828	-0.053
3514.010	-0.052
3514.167	-0.051
3514.348	-0.053
3514.505	-0.053
3514.662	-0.053
3514.843	-0.053
3515.000	-0.053
3515.157	-0.051
3515.338	-0.053
3515.495	-0.051
3515.677	-0.053
3515.833	-0.053
3516.015	-0.053
3516.172	-0.052
3516.328	-0.052
3516.510	-0.052
3516.667	-0.052
3516.848	-0.053
3517.005	-0.052
3517.162	-0.052
3517.343	-0.052
3517.500	-0.052
3517.657	-0.053
3517.838	-0.053
3517.995	-0.053
3518.177	-0.052
3518.333	-0.053
3518.515	-0.052
3518.672	-0.052
3518.828	-0.053
3519.010	-0.053
3519.167	-0.052
3519.348	-0.053
3519.505	-0.050
3519.662	-0.052
3519.843	-0.051
3520.000	-0.051
3520.182	-0.053
3520.338	-0.050
3520.495	-0.051
3520.677	-0.050
3520.833	-0.053
3521.015	-0.050
3521.172	-0.051
3521.328	-0.052
3521.510	-0.052
3521.667	-0.053
3521.823	-0.052
3522.005	-0.052
3522.162	-0.051
3522.343	-0.052
3522.500	-0.050
3522.682	-0.052
3522.838	-0.051
3522.995	-0.049
3523.177	-0.052
3523.333	-0.052
3523.515	-0.051
3523.672	-0.053
3523.828	-0.052
3524.010	-0.052
3524.167	-0.052
3524.348	-0.052
3524.505	-0.049
3524.662	-0.053
3524.843	-0.052
3525.000	-0.050
3525.182	-0.051
3525.338	-0.053
3525.495	-0.051
3525.677	-0.051
3525.833	-0.049
3525.990	-0.051
3526.172	-0.050
3526.328	-0.052
3526.510	-0.050
3526.667	-0.049
3526.848	-0.052
3527.005	-0.051
3527.162	-0.050
3527.343	-0.051
3527.500	-0.050
3527.682	-0.050
3527.838	-0.050
3527.995	-0.051
3528.177	-0.048
3528.333	-0.051
3528.515	-0.048
3528.672	-0.052
3528.828	-0.050
3529.010	-0.051
3529.167	-0.050
3529.348	-0.051
3529.505	-0.049
3529.662	-0.049
3529.843	-0.050
3530.000	-0.049
3530.182	-0.050
3530.338	-0.050
3530.495	-0.048
3530.677	-0.049
3530.833	-0.050
3531.015	-0.049
3531.172	-0.049
3531.328	-0.049
3531.510	-0.049
3531.667	-0.049
3531.823	-0.049
3532.005	-0.050
3532.162	-0.051
3532.343	-0.049
3532.500	-0.050
3532.682	-0.050
3532.838	-0.049
3532.995	-0.049
3533.177	-0.050
3533.333	-0.049
3533.515	-0.049
3533.672	-0.049
3533.828	-0.048
3534.010	-0.049
3534.167	-0.050
3534.348	-0.049
3534.505	-0.048
3534.662	-0.048
3534.843	-0.049
3535.000	-0.049
3535.182	-0.048
3535.338	-0.050
3535.495	-0.048
3535.677	-0.049
3535.833	-0.049
3536.015	-0.049
3536.172	-0.048
3536.328	-0.049
3536.510	-0.048
3536.667	-0.050
3536.848	-0.048
3537.005	-0.048
3537.162	-0.049
3537.343	-0.049
3537.500	-0.049
3537.682	-0.049
3537.838	-0.049
3537.995	-0.049
3538.177	-0.048
3538.333	-0.049
3538.515	-0.049
3538.672	-0.049
3538.828	-0.050
3539.010	-0.049
3539.167	-0.049
3539.348	-0.048
3539.505	-0.048
3539.662	-0.049
3539.843	-0.048
3540.000	-0.049
3540.182	-0.049
3540.338	-0.048
3540.495	-0.049
3540.677	-0.048
3540.833	-0.049
3541.015	-0.048
3541.172	-0.048
3541.328	-0.049
3541.510	-0.048
3541.667	-0.049
3541.848	-0.048
3542.005	-0.049
3542.162	-0.048
3542.343	-0.048
3542.500	-0.048
3542.682	-0.048
3542.838	-0.048
3542.995	-0.048
3543.177	-0.048
3543.333	-0.048
3543.515	-0.049
3543.672	-0.048
3543.828	-0.048
3544.010	-0.048
3544.167	-0.048
3544.348	-0.048
3544.505	-0.048
3544.662	-0.048
3544.843	-0.048
3545.000	-0.048
3545.182	-0.048
3545.338	-0.049
3545.495	-0.049
3545.677	-0.048
3545.833	-0.048
3546.015	-0.048
3546.172	-0.048
3546.328	-0.048
3546.510	-0.048
3546.667	-0.048
3546.848	-0.049
3547.005	-0.048
3547.162	-0.049
3547.343	-0.048
3547.500	-0.048
3547.682	-0.048
3547.838	-0.048
3547.995	-0.048
3548.177	-0.048
3548.333	-0.048
3548.515	-0.048
3548.672	-0.048
3548.828	-0.048
3549.010	-0.048
3549.167	-0.048
3549.348	-0.048
3549.505	-0.048
3549.662	-0.048
3549.843	-0.048
3550.000	-0.048
3550.182	-0.048
3550.338	-0.049
3550.495	-0.048
3550.677	-0.048
3550.833	-0.048
3550.990	-0.048
3551.172	-0.048
3551.328	-0.048
3551.510	-0.049
3551.667	-0.048
3551.823	-0.048
3552.005	-0.048
3552.162	-0.048
3552.343	-0.048
3552.500	-0.048
3552.657	-0.048
3552.838	-0.048
3552.995	-0.048
3553.177	-0.048
3553.333	-0.048
3553.490	-0.048
3553.672	-0.048
3553.828	-0.048
3554.010	-0.048
3554.167	-0.048
3554.323	-0.048
3554.505	-0.048
3554.662	-0.048
3554.843	-0.048
3555.000	-0.048
3555.157	-0.048
3555.338	-0.048
3555.495	-0.048
3555.677	-0.048
3555.833	-0.048
3555.990	-0.048
3556.172	-0.048
3556.328	-0.048
3556.510	-0.048
3556.667	-0.048
3556.823	-0.048
3557.005	-0.048
3557.162	-0.048
3557.343	-0.048
3557.500	-0.048
3557.657	-0.048
3557.838	-0.048
3557.995	-0.048
3558.177	-0.048
3558.333	-0.048
3558.490	-0.048
3558.672	-0.048
3558.828	-0.048
3559.010	-0.048
3559.167	-0.048
3559.323	-0.048
3559.505	-0.048
3559.662	-0.048
3559.843	-0.048
3560.000	-0.048
3560.157	-0.048
3560.338	-0.048
3560.495	-0.048
3560.677	-0.048
3560.833	-0.048
3560.990	-0.048
3561.172	-0.048
3561.328	-0.048
3561.510	-0.048
3561.667	-0.048
3561.823	-0.048
3562.005	-0.048
3562.162	-0.048
3562.343	-0.048
3562.500	-0.048
3562.657	-0.048
3562.838	-0.048
3562.995	-0.048
3563.177	-0.048
3563.333	-0.048
3563.490	-0.048
3563.672	-0.048
3563.828	-0.048
3564.010	-0.048
3564.167	-0.048
3564.323	-0.048
3564.505	-0.048
3564.662	-0.048
3564.843	-0.048
3565.000	-0.048
3565.157	-0.048
3565.338	-0.048
3565.495	-0.048
3565.677	-0.048
3565.833	-0.048
3565.990	-0.048
3566.172	-0.048
3566.328	-0.048
3566.510	-0.048
3566.667	-0.048
3566.823	-0.048
3567.005	-0.048
3567.162	-0.048
3567.343	-0.048
3567.500	-0.048
3567.657	-0.048
3567.838	-0.048
3567.995	-0.048
3568.177	-0.048
3568.333	-0.048
3568.490	-0.048
3568.672	-0.048
3568.828	-0.048
3569.010	-0.048
3569.167	-0.048
3569.323	-0.048
3569.505	-0.048
3569.662	-0.048
3569.843	-0.048
3570.000	-0.048
3570.157	-0.048
3570.338	-0.048
3570.495	-0.048
3570.677	-0.048
3570.833	-0.048
3571.015	-0.048
3571.172	-0.048
3571.328	-0.048
3571.510	-0.048
3571.667	-0.048
3571.848	-0.048
3572.005	-0.048
3572.162	-0.048
3572.343	-0.048
3572.500	-0.048
3572.682	-0.048
3572.838	-0.048
3572.995	-0.047
3573.177	-0.048
3573.333	-0.047
3573.515	-0.048
3573.672	-0.048
3573.828	-0.048
3574.010	-0.048
3574.167	-0.048
3574.348	-0.048
3574.505	-0.048
3574.662	-0.048
3574.843	-0.048
3575.000	-0.048
3575.182	-0.048
3575.338	-0.048
3575.495	-0.047
3575.677	-0.047
3575.833	-0.048
3576.015	-0.048
3576.172	-0.048
3576.328	-0.048
3576.510	-0.048
3576.667	-0.048
3576.848	-0.047
3577.005	-0.048
3577.162	-0.048
3577.343	-0.048
3577.500	-0.047
3577.682	-0.048
3577.838	-0.048
3577.995	-0.048
3578.177	-0.046
3578.333	-0.047
3578.515	-0.047
3578.672	-0.048
3578.828	-0.047
3579.010	-0.048
3579.167	-0.047
3579.348	-0.045
3579.505	-0.047
3579.662	-0.048
3579.843	-0.047
3580.000	-0.048
3580.182	-0.047
3580.338	-0.046
3580.495	-0.048
3580.677	-0.048
3580.833	-0.047
3580.990	-0.047
3581.172	-0.046
3581.328	-0.046
3581.510	-0.047
3581.667	-0.045
3581.823	-0.047
3582.005	-0.047
3582.162	-0.048
3582.343	-0.044
3582.500	-0.045
3582.657	-0.045
3582.838	-0.047
3582.995	-0.046
3583.177	-0.048
3583.333	-0.046
3583.515	-0.047
3583.672	-0.046
3583.828	-0.045
3584.010	-0.046
3584.167	-0.046
3584.323	-0.046
3584.505	-0.047
3584.662	-0.046
3584.843	-0.047
3585.000	-0.045
3585.157	-0.046
3585.338	-0.046
3585.495	-0.047
3585.677	-0.047
3585.833	-0.047
3585.990	-0.046
3586.172	-0.047
3586.328	-0.047
3586.510	-0.045
3586.667	-0.045
3586.823	-0.046
3587.005	-0.046
3587.162	-0.045
3587.343	-0.046
3587.500	-0.045
3587.657	-0.046
3587.838	-0.046
3587.995	-0.044
3588.177	-0.046
3588.333	-0.045
3588.490	-0.047
3588.672	-0.043
3588.828	-0.044
3589.010	-0.045
3589.167	-0.043
3589.323	-0.044
3589.505	-0.044
3589.662	-0.044
3589.843	-0.043
3590.000	-0.044
3590.157	-0.048
3590.338	-0.044
3590.495	-0.046
3590.677	-0.045
3590.833	-0.043
3590.990	-0.043
3591.172	-0.044
3591.328	-0.043
3591.510	-0.044
3591.667	-0.044
3591.823	-0.046
3592.005	-0.043
3592.162	-0.043
3592.343	-0.044
3592.500	-0.043
3592.657	-0.044
3592.838	-0.043
3592.995	-0.044
3593.177	-0.043
3593.333	-0.043
3593.490	-0.043
3593.672	-0.043
3593.828	-0.043
3594.010	-0.043
3594.167	-0.043
3594.323	-0.043
3594.505	-0.043
3594.662	-0.045
3594.843	-0.043
3595.000	-0.043
3595.157	-0.043
3595.338	-0.044
3595.495	-0.043
3595.677	-0.043
3595.833	-0.043
3595.990	-0.043
3596.172	-0.043
3596.328	-0.045
3596.510	-0.043
3596.667	-0.043
3596.823	-0.043
3597.005	-0.043
3597.162	-0.043
3597.343	-0.043
3597.500	-0.043
3597.657	-0.043
3597.838	-0.043
3597.995	-0.043
3598.177	-0.043
3598.333	-0.043
3598.490	-0.043
3598.672	-0.043
3598.828	-0.043
3599.010	-0.043
3599.167	-0.043
3599.323	-0.043
3599.505	-0.043
3599.662	-0.043
3599.843	-0.043
3600.000	-0.043
3600.157	-0.043
3600.338	-0.043
3600.495	-0.043
3600.677	-0.043
3600.833	-0.043
3600.990	-0.043
3601.172	-0.043
3601.328	-0.043
3601.510	-0.043
3601.667	-0.043
3601.823	-0.043
3602.005	-0.043
3602.162	-0.043
3602.343	-0.043
3602.500	-0.043
3602.657	-0.043
3602.838	-0.043
3602.995	-0.043
3603.177	-0.043
3603.333	-0.043
3603.490	-0.043
3603.672	-0.043
3603.828	-0.043
3604.010	-0.043
3604.167	-0.043
3604.323	-0.043
3604.505	-0.043
3604.662	-0.043
3604.843	-0.043
3605.000	-0.043
3605.157	-0.043
3605.338	-0.043
3605.495	-0.043
3605.677	-0.043
3605.833	-0.043
3605.990	-0.043
3606.172	-0.043
3606.328	-0.043
3606.510	-0.043
3606.667	-0.043
3606.823	-0.043
3607.005	-0.043
3607.162	-0.043
3607.343	-0.043
3607.500	-0.043
3607.657	-0.043
3607.838	-0.043
3607.995	-0.043
3608.177	-0.043
3608.333	-0.043
3608.490	-0.043
3608.672	-0.043
3608.828	-0.043
3609.010	-0.043
3609.167	-0.043
3609.323	-0.043
3609.505	-0.043
3609.662	-0.043
3609.843	-0.043
3610.000	-0.043
3610.157	-0.043
3610.338	-0.043
3610.495	-0.043
3610.677	-0.043
3610.833	-0.043
3610.990	-0.043
3611.172	-0.043
3611.328	-0.043
3611.510	-0.043
3611.667	-0.043
3611.823	-0.043
3612.005	-0.043
3612.162	-0.043
3612.343	-0.043
3612.500	-0.043
3612.657	-0.043
3612.838	-0.043
3612.995	-0.043
3613.177	-0.043
3613.333	-0.043
3613.490	-0.043
3613.672	-0.043
3613.828	-0.043
3614.010	-0.043
3614.167	-0.043
3614.323	-0.043
3614.505	-0.043
3614.662	-0.043
3614.843	-0.043
3615.000	-0.043
3615.157	-0.043
3615.338	-0.042
3615.495	-0.043
3615.677	-0.043
3615.833	-0.043
3615.990	-0.041
3616.172	-0.043
3616.328	-0.043
3616.510	-0.043
3616.667	-0.043
3616.823	-0.042
3617.005	-0.043
3617.162	-0.043
3617.343	-0.043
3617.500	-0.042
3617.657	-0.043
3617.838	-0.043
3617.995	-0.042
3618.177	-0.042
3618.333	-0.043
3618.490	-0.043
3618.672	-0.043
3618.828	-0.043
3619.010	-0.043
3619.167	-0.042
3619.323	-0.042
3619.505	-0.043
3619.662	-0.043
3619.843	-0.043
3620.000	-0.043
3620.157	-0.043
3620.338	-0.043
3620.495	-0.043
3620.677	-0.042
3620.833	-0.043
3620.990	-0.040
3621.172	-0.043
3621.328	-0.042
3621.510	-0.043
3621.667	-0.043
3621.823	-0.043
3622.005	-0.041
3622.162	-0.043
3622.343	-0.043
3622.500	-0.043
3622.657	-0.042
3622.838	-0.042
3622.995	-0.043
3623.177	-0.042
3623.333	-0.042
3623.490	-0.042
3623.672	-0.041
3623.828	-0.042
3624.010	-0.042
3624.167	-0.043
3624.323	-0.039
3624.505	-0.041
3624.662	-0.041
3624.843	-0.040
3625.000	-0.041
3625.157	-0.042
3625.338	-0.042
3625.495	-0.040
3625.677	-0.042
3625.833	-0.041
3625.990	-0.038
3626.172	-0.042
3626.328	-0.042
3626.510	-0.038
3626.667	-0.042
3626.823	-0.040
3627.005	-0.039
3627.162	-0.040
3627.343	-0.040
3627.500	-0.039
3627.657	-0.039
3627.838	-0.039
3627.995	-0.038
3628.177	-0.040
3628.333	-0.039
3628.490	-0.039
3628.672	-0.038
3628.828	-0.042
3629.010	-0.040
3629.167	-0.039
3629.323	-0.039
3629.505	-0.038
3629.662	-0.040
3629.843	-0.038
3630.000	-0.038
3630.157	-0.038
3630.338	-0.039
3630.495	-0.040
3630.677	-0.039
3630.833	-0.039
3630.990	-0.037
3631.172	-0.039
3631.328	-0.037
3631.510	-0.038
3631.667	-0.038
3631.823	-0.037
3632.005	-0.037
3632.162	-0.041
3632.343	-0.038
3632.500	-0.039
3632.657	-0.037
3632.838	-0.037
3632.995	-0.039
3633.177	-0.038
3633.333	-0.037
3633.490	-0.039
3633.672	-0.037
3633.828	-0.037
3634.010	-0.038
3634.167	-0.038
3634.323	-0.038
3634.505	-0.037
3634.662	-0.037
3634.843	-0.037
3635.000	-0.039
3635.157	-0.037
3635.338	-0.037
3635.495	-0.037
3635.677	-0.037
3635.833	-0.037
3635.990	-0.038
3636.172	-0.037
3636.328	-0.037
3636.510	-0.037
3636.667	-0.037
3636.823	-0.037
3637.005	-0.037
3637.162	-0.037
3637.343	-0.037
3637.500	-0.037
3637.657	-0.037
3637.838	-0.037
3637.995	-0.037
3638.177	-0.037
3638.333	-0.037
3638.490	-0.037
3638.672	-0.037
3638.828	-0.037
3639.010	-0.037
3639.167	-0.037
3639.323	-0.037
3639.505	-0.037
3639.662	-0.037
3639.843	-0.037
3640.000	-0.037
3640.157	-0.037
3640.338	-0.037
3640.495	-0.037
3640.677	-0.037
3640.833	-0.037
3640.990	-0.037
3641.172	-0.037
3641.328	-0.037
3641.510	-0.037
3641.667	-0.037
3641.823	-0.037
3642.005	-0.037
3642.162	-0.037
3642.343	-0.037
3642.500	-0.037
3642.657	-0.037
3642.838	-0.037
3642.995	-0.037
3643.177	-0.037
3643.333	-0.037
3643.490	-0.037
3643.672	-0.037
3643.828	-0.037
3644.010	-0.037
3644.167	-0.037
3644.323	-0.037
3644.505	-0.037
3644.662	-0.037
3644.843	-0.037
3645.000	-0.037
3645.157	-0.037
3645.338	-0.037
3645.495	-0.037
3645.677	-0.037
3645.833	-0.037
3645.990	-0.037
3646.172	-0.037
3646.328	-0.037
3646.510	-0.037
3646.667	-0.037
3646.823	-0.037
3647.005	-0.037
3647.162	-0.037
3647.343	-0.037
3647.500	-0.037
3647.657	-0.037
3647.838	-0.037
3647.995	-0.037
3648.177	-0.037
3648.333	-0.037
3648.490	-0.037
3648.672	-0.037
3648.828	-0.037
3649.010	-0.037
3649.167	-0.037
3649.323	-0.037
3649.505	-0.037
3649.662	-0.037
3649.843	-0.037
3650.000	-0.037
3650.157	-0.037
3650.338	-0.037
3650.495	-0.037
3650.677	-0.037
3650.833	-0.037
3650.990	-0.037
3651.172	-0.037
3651.328	-0.037
3651.510	-0.037
3651.667	-0.037
3651.823	-0.037
3652.005	-0.037
3652.162	-0.037
3652.343	-0.037
3652.500	-0.037
3652.657	-0.037
3652.838	-0.037
3652.995	-0.037
3653.177	-0.037
3653.333	-0.037
3653.490	-0.037
3653.672	-0.037
3653.828	-0.037
3654.010	-0.037
3654.167	-0.037
3654.323	-0.037
3654.505	-0.037
3654.662	-0.037
3654.843	-0.037
3655.000	-0.037
3655.157	-0.037
3655.338	-0.037
3655.495	-0.037
3655.677	-0.037
3655.833	-0.037
3655.990	-0.037
3656.172	-0.037
3656.328	-0.037
3656.510	-0.037
3656.667	-0.037
3656.823	-0.037
3657.005	-0.037
3657.162	-0.037
3657.343	-0.037
3657.500	-0.037
3657.657	-0.037
3657.838	-0.037
3657.995	-0.037
3658.177	-0.037
3658.333	-0.037
3658.490	-0.037
3658.672	-0.037
3658.828	-0.037
3659.010	-0.037
3659.167	-0.037
3659.323	-0.037
3659.505	-0.037
3659.662	-0.037
3659.843	-0.037
3660.000	-0.037
3660.157	-0.037
3660.338	-0.037
3660.495	-0.037
3660.677	-0.037
3660.833	-0.037
3660.990	-0.036
3661.172	-0.037
3661.328	-0.037
3661.510	-0.037
3661.667	-0.037
3661.823	-0.037
3662.005	-0.037
3662.162	-0.037
3662.343	-0.037
3662.500	-0.037
3662.657	-0.037
3662.838	-0.037
3662.995	-0.037
3663.177	-0.037
3663.333	-0.037
3663.490	-0.037
3663.672	-0.037
3663.828	-0.037
3664.010	-0.037
3664.167	-0.037
3664.323	-0.037
3664.505	-0.036
3664.662	-0.037
3664.843	-0.037
3665.000	-0.036
3665.157	-0.037
3665.338	-0.037
3665.495	-0.037
3665.677	-0.035
3665.833	-0.034
3665.990	-0.037
3666.172	-0.037
3666.328	-0.036
3666.510	-0.037
3666.667	-0.037
3666.823	-0.036
3667.005	-0.036
3667.162	-0.033
3667.318	-0.035
3667.500	-0.035
3667.657	-0.035
3667.838	-0.037
3667.995	-0.033
3668.152	-0.036
3668.333	-0.037
3668.490	-0.035
3668.672	-0.035
3668.828	-0.033
3668.985	-0.037
3669.167	-0.034
3669.323	-0.036
3669.505	-0.036
3669.662	-0.034
3669.818	-0.034
3670.000	-0.034
3670.157	-0.035
3670.338	-0.033
3670.495	-0.034
3670.652	-0.033
3670.833	-0.034
3670.990	-0.032
3671.172	-0.033
3671.328	-0.034
3671.510	-0.033
3671.667	-0.032
3671.823	-0.033
3672.005	-0.033
3672.162	-0.033
3672.318	-0.036
3672.500	-0.032
3672.657	-0.033
3672.838	-0.033
3672.995	-0.034
3673.152	-0.033
3673.333	-0.032
3673.490	-0.033
3673.672	-0.033
3673.828	-0.032
3673.985	-0.033
3674.167	-0.033
3674.323	-0.033
3674.505	-0.032
3674.662	-0.032
3674.818	-0.032
3675.000	-0.032
3675.157	-0.033
3675.338	-0.032
3675.495	-0.032
3675.652	-0.032
3675.833	-0.032
3675.990	-0.032
3676.172	-0.033
3676.328	-0.032
3676.485	-0.032
3676.667	-0.032
3676.823	-0.034
3677.005	-0.032
3677.162	-0.032
3677.318	-0.033
3677.500	-0.032
3677.657	-0.032
3677.838	-0.032
3677.995	-0.032
3678.152	-0.032
3678.333	-0.032
3678.490	-0.032
3678.672	-0.032
3678.828	-0.032
3678.985	-0.032
3679.167	-0.032
3679.323	-0.032
3679.505	-0.032
3679.662	-0.032
3679.818	-0.032
3680.000	-0.032
3680.157	-0.032
3680.338	-0.032
3680.495	-0.032
3680.652	-0.032
3680.833	-0.032
3680.990	-0.032
3681.172	-0.032
3681.328	-0.032
3681.485	-0.032
3681.667	-0.032
3681.823	-0.032
3682.005	-0.032
3682.162	-0.032
3682.318	-0.032
3682.500	-0.032
3682.657	-0.032
3682.838	-0.032
3682.995	-0.032
3683.152	-0.032
3683.333	-0.032
3683.490	-0.032
3683.672	-0.032
3683.828	-0.032
3683.985	-0.032
3684.167	-0.032
3684.323	-0.032
3684.505	-0.032
3684.662	-0.032
3684.818	-0.032
3685.000	-0.032
3685.157	-0.032
3685.338	-0.032
3685.495	-0.032
3685.652	-0.032
3685.833	-0.032
3685.990	-0.032
3686.172	-0.032
3686.328	-0.032
3686.485	-0.032
3686.667	-0.032
3686.823	-0.032
3687.005	-0.032
3687.162	-0.032
3687.318	-0.032
3687.500	-0.032
3687.657	-0.032
3687.838	-0.032
3687.995	-0.032
3688.152	-0.032
3688.333	-0.032
3688.490	-0.032
3688.672	-0.032
3688.828	-0.032
3688.985	-0.032
3689.167	-0.032
3689.323	-0.032
3689.505	-0.032
3689.662	-0.032
3689.818	-0.032
3690.000	-0.032
3690.157	-0.032
3690.338	-0.032
3690.495	-0.032
3690.652	-0.032
3690.833	-0.032
3690.990	-0.032
3691.172	-0.031
3691.328	-0.032
3691.485	-0.031
3691.667	-0.032
3691.823	-0.032
3692.005	-0.032
3692.162	-0.032
3692.318	-0.032
3692.500	-0.032
3692.657	-0.032
3692.838	-0.031
3692.995	-0.032
3693.152	-0.032
3693.333	-0.031
3693.490	-0.029
3693.672	-0.030
3693.828	-0.032
3694.010	-0.030
3694.167	-0.029
3694.323	-0.032
3694.505	-0.032
3694.662	-0.028
3694.818	-0.031
3695.000	-0.029
3695.157	-0.031
3695.338	-0.032
3695.495	-0.030
3695.652	-0.028
3695.833	-0.029
3695.990	-0.032
3696.172	-0.029
3696.328	-0.028
3696.485	-0.029
3696.667	-0.029
3696.823	-0.029
3697.005	-0.029
3697.162	-0.030
3697.318	-0.028
3697.500	-0.029
3697.657	-0.030
3697.838	-0.027
3697.995	-0.028
3698.152	-0.028
3698.333	-0.027
3698.490	-0.030
3698.672	-0.027
3698.828	-0.027
3698.985	-0.028
3699.167	-0.028
3699.323	-0.028
3699.505	-0.028
3699.662	-0.027
3699.818	-0.027
3700.000	-0.027
3700.157	-0.027
3700.338	-0.028
3700.495	-0.027
3700.652	-0.027
3700.833	-0.028
3700.990	-0.027
3701.172	-0.027
3701.328	-0.027
3701.485	-0.027
3701.667	-0.028
3701.823	-0.027
3702.005	-0.027
3702.162	-0.027
3702.318	-0.027
3702.500	-0.027
3702.657	-0.027
3702.838	-0.027
3702.995	-0.027
3703.152	-0.027
3703.333	-0.027
3703.490	-0.027
3703.672	-0.027
3703.828	-0.027
3703.985	-0.027
3704.167	-0.027
3704.323	-0.027
3704.505	-0.027
3704.662	-0.027
3704.818	-0.027
3705.000	-0.027
3705.157	-0.027
3705.338	-0.027
3705.495	-0.027
3705.652	-0.027
3705.833	-0.027
3705.990	-0.027
3706.172	-0.027
3706.328	-0.027
3706.485	-0.027
3706.667	-0.027
3706.823	-0.027
3707.005	-0.027
3707.162	-0.027
3707.318	-0.027
3707.500	-0.027
3707.657	-0.027
3707.838	-0.027
3707.995	-0.027
3708.152	-0.027
3708.333	-0.027
3708.490	-0.027
3708.672	-0.027
3708.828	-0.027
3708.985	-0.027
3709.167	-0.027
3709.323	-0.027
3709.505	-0.027
3709.662	-0.027
3709.818	-0.027
3710.000	-0.027
3710.157	-0.027
3710.338	-0.027
3710.495	-0.027
3710.652	-0.027
3710.833	-0.027
3710.990	-0.027
3711.172	-0.027
3711.328	-0.027
3711.485	-0.027
3711.667	-0.027
3711.823	-0.027
3712.005	-0.026
3712.162	-0.027
3712.318	-0.027
3712.500	-0.027
3712.657	-0.027
3712.838	-0.026
3712.995	-0.027
3713.152	-0.027
3713.333	-0.027
3713.490	-0.027
3713.672	-0.026
3713.828	-0.026
3713.985	-0.026
3714.167	-0.026
3714.323	-0.027
3714.505	-0.026
3714.662	-0.026
3714.818	-0.026
3715.000	-0.027
3715.157	-0.026
3715.338	-0.025
3715.495	-0.027
3715.652	-0.025
3715.833	-0.026
3715.990	-0.026
3716.172	-0.025
3716.328	-0.026
3716.485	-0.027
3716.667	-0.025
3716.823	-0.024
3717.005	-0.026
3717.162	-0.025
3717.318	-0.025
3717.500	-0.024
3717.657	-0.027
3717.838	-0.025
3717.995	-0.024
3718.152	-0.025
3718.333	-0.025
3718.490	-0.024
3718.672	-0.022
3718.828	-0.024
3718.985	-0.024
3719.167	-0.023
3719.323	-0.023
3719.505	-0.023
3719.662	-0.023
3719.818	-0.024
3720.000	-0.024
3720.157	-0.025
3720.338	-0.023
3720.495	-0.022
3720.652	-0.023
3720.833	-0.024
3720.990	-0.023
3721.172	-0.022
3721.328	-0.024
3721.485	-0.023
3721.667	-0.022
3721.823	-0.022
3722.005	-0.023
3722.162	-0.024
3722.318	-0.022
3722.500	-0.023
3722.657	-0.022
3722.838	-0.024
3722.995	-0.022
3723.152	-0.023
3723.333	-0.022
3723.490	-0.022
3723.672	-0.022
3723.828	-0.022
3723.985	-0.022
3724.167	-0.023
3724.323	-0.022
3724.505	-0.022
3724.662	-0.022
3724.818	-0.022
3725.000	-0.022
3725.157	-0.022
3725.338	-0.022
3725.495	-0.022
3725.652	-0.022
3725.833	-0.022
3725.990	-0.022
3726.172	-0.022
3726.328	-0.022
3726.485	-0.022
3726.667	-0.022
3726.823	-0.022
3727.005	-0.022
3727.162	-0.022
3727.318	-0.022
3727.500	-0.022
3727.657	-0.022
3727.838	-0.022
3727.995	-0.022
3728.152	-0.022
3728.333	-0.022
3728.490	-0.022
3728.672	-0.022
3728.828	-0.022
3728.985	-0.022
3729.167	-0.022
3729.323	-0.022
3729.505	-0.022
3729.662	-0.022
3729.818	-0.022
3730.000	-0.022
3730.157	-0.022
3730.338	-0.022
3730.495	-0.022
3730.652	-0.022
3730.833	-0.022
3730.990	-0.022
3731.172	-0.021
3731.328	-0.022
3731.485	-0.022
3731.667	-0.022
3731.823	-0.022
3732.005	-0.022
3732.162	-0.022
3732.318	-0.022
3732.500	-0.022
3732.657	-0.022
3732.838	-0.022
3732.995	-0.022
3733.152	-0.022
3733.333	-0.022
3733.490	-0.022
3733.672	-0.022
3733.828	-0.022
3733.985	-0.022
3734.167	-0.022
3734.323	-0.022
3734.505	-0.021
3734.662	-0.022
3734.818	-0.022
3735.000	-0.022
3735.157	-0.021
3735.338	-0.022
3735.495	-0.022
3735.652	-0.022
3735.833	-0.022
3735.990	-0.020
3736.172	-0.022
3736.328	-0.020
3736.485	-0.020
3736.667	-0.020
3736.823	-0.022
3737.005	-0.022
3737.162	-0.021
3737.318	-0.020
3737.500	-0.020
3737.657	-0.021
3737.838	-0.020
3737.995	-0.020
3738.152	-0.021
3738.333	-0.020
3738.490	-0.020
3738.672	-0.020
3738.828	-0.020
3738.985	-0.020
3739.167	-0.020
3739.323	-0.021
3739.505	-0.020
3739.662	-0.020
3739.818	-0.020
3740.000	-0.020
3740.157	-0.019
3740.338	-0.020
3740.495	-0.020
3740.652	-0.018
3740.833	-0.020
3740.990	-0.020
3741.172	-0.019
3741.328	-0.020
3741.485	-0.019
3741.667	-0.020
3741.823	-0.019
3742.005	-0.017
3742.162	-0.018
3742.318	-0.019
3742.500	-0.019
3742.657	-0.018
3742.838	-0.018
3742.995	-0.018
3743.152	-0.018
3743.333	-0.018
3743.490	-0.018
3743.672	-0.018
3743.828	-0.017
3743.985	-0.017
3744.167	-0.018
3744.323	-0.017
3744.505	-0.017
3744.662	-0.017
3744.818	-0.018
3745.000	-0.019
3745.157	-0.017
3745.338	-0.017
3745.495	-0.017
3745.652	-0.017
3745.833	-0.018
3745.990	-0.017
3746.172	-0.017
3746.328	-0.017
3746.485	-0.017
3746.667	-0.017
3746.823	-0.018
3747.005	-0.017
3747.162	-0.017
3747.318	-0.017
3747.500	-0.017
3747.657	-0.017
3747.838	-0.017
3747.995	-0.017
3748.152	-0.017
3748.333	-0.017
3748.490	-0.017
3748.672	-0.017
3748.828	-0.017
3748.985	-0.017
3749.167	-0.017
3749.323	-0.017
3749.505	-0.017
3749.662	-0.017
3749.818	-0.017
3750.000	-0.017
3750.157	-0.017
3750.338	-0.017
3750.495	-0.017
3750.652	-0.017
3750.833	-0.017
3750.990	-0.017
3751.172	-0.017
3751.328	-0.017
3751.485	-0.017
3751.667	-0.017
3751.823	-0.017
3752.005	-0.017
3752.162	-0.017
3752.318	-0.017
3752.500	-0.017
3752.657	-0.017
3752.838	-0.017
3752.995	-0.017
3753.152	-0.017
3753.333	-0.017
3753.490	-0.017
3753.672	-0.017
3753.828	-0.017
3753.985	-0.017
3754.167	-0.017
3754.323	-0.017
3754.505	-0.017
3754.662	-0.017
3754.818	-0.017
3755.000	-0.017
3755.157	-0.017
3755.338	-0.017
3755.495	-0.017
3755.652	-0.017
3755.833	-0.017
3755.990	-0.017
3756.172	-0.017
3756.328	-0.016
3756.485	-0.017
3756.667	-0.017
3756.823	-0.017
3757.005	-0.017
3757.162	-0.017
3757.318	-0.017
3757.500	-0.017
3757.657	-0.017
3757.838	-0.017
3757.995	-0.016
3758.152	-0.017
3758.333	-0.017
3758.490	-0.016
3758.645	-0.016
3758.828	-0.016
3758.985	-0.017
3759.167	-0.017
3759.323	-0.017
3759.505	-0.015
3759.662	-0.017
3759.818	-0.016
3760.000	-0.017
3760.157	-0.016
3760.338	-0.016
3760.495	-0.016
3760.652	-0.017
3760.833	-0.015
3760.990	-0.015
3761.172	-0.017
3761.328	-0.016
3761.485	-0.015
3761.667	-0.017
3761.823	-0.016
3761.978	-0.014
3762.162	-0.015
3762.318	-0.015
3762.500	-0.017
3762.657	-0.014
3762.838	-0.013
3762.995	-0.015
3763.152	-0.012
3763.333	-0.013
3763.490	-0.014
3763.672	-0.012
3763.828	-0.013
3763.985	-0.013
3764.167	-0.012
3764.323	-0.014
3764.505	-0.013
3764.662	-0.013
3764.818	-0.013
3765.000	-0.012
3765.157	-0.014
3765.312	-0.013
3765.495	-0.013
3765.652	-0.013
3765.833	-0.012
3765.990	-0.013
3766.145	-0.012
3766.328	-0.012
3766.485	-0.012
3766.667	-0.012
3766.823	-0.012
3767.005	-0.012
3767.162	-0.013
3767.318	-0.012
3767.500	-0.012
3767.657	-0.012
3767.838	-0.013
3767.995	-0.012
3768.152	-0.012
3768.333	-0.013
3768.490	-0.012
3768.645	-0.013
3768.828	-0.012
3768.985	-0.012
3769.167	-0.012
3769.323	-0.012
3769.505	-0.012
3769.662	-0.012
3769.818	-0.012
3770.000	-0.012
3770.157	-0.012
3770.338	-0.012
3770.495	-0.012
3770.652	-0.012
3770.833	-0.012
3770.990	-0.012
3771.172	-0.012
3771.328	-0.012
3771.485	-0.012
3771.667	-0.012
3771.823	-0.012
3772.005	-0.012
3772.162	-0.012
3772.318	-0.012
3772.500	-0.012
3772.657	-0.012
3772.838	-0.012
3772.995	-0.012
3773.152	-0.012
3773.333	-0.012
3773.490	-0.011
3773.672	-0.012
3773.828	-0.012
3773.985	-0.012
3774.167	-0.012
3774.323	-0.011
3774.478	-0.011
3774.662	-0.012
3774.818	-0.011
3775.000	-0.012
3775.157	-0.012
3775.312	-0.009
3775.495	-0.009
3775.652	-0.010
3775.833	-0.012
3775.990	-0.011
3776.145	-0.011
3776.328	-0.010
3776.485	-0.009
3776.667	-0.009
3776.823	-0.008
3776.978	-0.010
3777.162	-0.009
3777.318	-0.011
3777.500	-0.009
3777.657	-0.009
3777.812	-0.011
3777.995	-0.010
3778.152	-0.008
3778.333	-0.009
3778.490	-0.009
3778.645	-0.009
3778.828	-0.008
3778.985	-0.008
3779.167	-0.009
3779.323	-0.009
3779.478	-0.008
3779.662	-0.009
3779.818	-0.009
3780.000	-0.008
3780.157	-0.007
3780.338	-0.009
3780.495	-0.007
3780.652	-0.007
3780.833	-0.007
3780.990	-0.007
3781.145	-0.007
3781.328	-0.008
3781.485	-0.007
3781.667	-0.007
3781.823	-0.007
3782.005	-0.007
3782.162	-0.007
3782.318	-0.007
3782.500	-0.007
3782.657	-0.007
3782.838	-0.007
3782.995	-0.007
3783.152	-0.007
3783.333	-0.007
3783.490	-0.007
3783.645	-0.007
3783.828	-0.007
3783.985	-0.007
3784.167	-0.007
3784.323	-0.007
3784.505	-0.007
3784.662	-0.007
3784.818	-0.007
3785.000	-0.007
3785.157	-0.007
3785.338	-0.007
3785.495	-0.007
3785.652	-0.007
3785.833	-0.007
3785.990	-0.007
3786.145	-0.007
3786.328	-0.007
3786.485	-0.007
3786.667	-0.007
3786.823	-0.007
3786.978	-0.007
3787.162	-0.007
3787.318	-0.007
3787.500	-0.007
3787.657	-0.007
3787.812	-0.007
3787.995	-0.007
3788.152	-0.007
3788.333	-0.007
3788.490	-0.007
3788.645	-0.007
3788.828	-0.007
3788.985	-0.007
3789.167	-0.007
3789.323	-0.007
3789.478	-0.007
3789.662	-0.006
3789.818	-0.007
3790.000	-0.007
3790.157	-0.006
3790.312	-0.007
3790.495	-0.006
3790.652	-0.004
3790.833	-0.006
3790.990	-0.007
3791.145	-0.007
3791.328	-0.006
3791.485	-0.006
3791.667	-0.007
3791.823	-0.005
3791.978	-0.006
3792.162	-0.004
3792.318	-0.006
3792.500	-0.006
3792.657	-0.003
3792.812	-0.005
3792.995	-0.003
3793.152	-0.004
3793.333	-0.005
3793.490	-0.003
3793.645	-0.004
3793.828	-0.003
3793.985	-0.004
3794.167	-0.003
3794.323	-0.004
3794.478	-0.003
3794.662	-0.003
3794.818	-0.003
3795.000	-0.005
3795.157	-0.003
3795.338	-0.005
3795.495	-0.003
3795.652	-0.003
3795.833	-0.003
3795.990	-0.003
3796.145	-0.004
3796.328	-0.003
3796.485	-0.002
3796.667	-0.003
3796.823	-0.003
3796.978	-0.002
3797.162	-0.003
3797.318	-0.002
3797.500	-0.003
3797.657	-0.002
3797.812	-0.003
3797.995	-0.002
3798.152	-0.003
3798.333	-0.002
3798.490	-0.002
3798.645	-0.002
3798.828	-0.002
3798.985	-0.002
3799.167	-0.002
3799.323	-0.002
3799.478	-0.002
3799.662	-0.002
3799.818	-0.002
3800.000	-0.002
3800.157	-0.002
3800.312	-0.002
3800.495	-0.002
3800.652	-0.002
3800.833	-0.002
3800.990	-0.002
3801.145	-0.002
3801.328	-0.002
3801.485	-0.002
3801.667	-0.002
3801.823	-0.002
3801.978	-0.002
3802.162	-0.002
3802.318	-0.002
3802.500	-0.002
3802.657	-0.002
3802.812	-0.002
3802.995	-0.002
3803.152	-0.002
3803.333	-0.002
3803.490	-0.002
3803.645	-0.002
3803.828	-0.002
3803.985	-0.002
3804.167	-0.002
3804.323	-0.002
3804.478	-0.002
3804.662	-0.002
3804.818	-0.002
3805.000	-0.002
3805.157	-0.002
3805.312	-0.002
3805.495	-0.001
3805.652	-0.002
3805.833	-0.002
3805.990	-0.002
3806.145	-0.002
3806.328	-0.002
3806.485	-0.002
3806.667	-0.001
3806.823	-0.002
3806.978	-0.002
3807.162	-0.002
3807.318	-0.002
3807.500	-0.002
3807.657	-0.002
3807.812	-0.002
3807.995	-0.002
3808.152	-0.002
3808.333	-0.002
3808.490	-0.001
3808.645	-0.002
3808.828	-0.002
3808.985	-0.002
3809.167	-0.002
3809.323	-0.001
3809.478	-0.002
3809.662	0.000
3809.818	0.000
3810.000	-0.001
3810.157	-0.002
3810.312	-0.002
3810.495	0.000
3810.652	-0.001
3810.833	-0.001
3810.990	0.001
3811.145	-0.001
3811.328	-0.001
3811.485	0.001
3811.667	-0.002
3811.823	0.000
3811.978	-0.001
3812.162	0.001
3812.318	-0.002
3812.500	0.001
3812.657	-0.002
3812.812	0.001
3812.995	0.002
3813.152	0.002
3813.333	0.002
3813.490	0.003
3813.645	0.001
3813.828	0.002
3813.985	0.002
3814.167	0.001
3814.323	0.002
3814.478	0.003
3814.662	0.003
3814.818	0.002
3815.000	0.003
3815.157	0.003
3815.312	0.003
3815.495	0.003
3815.652	0.002
3815.833	0.003
3815.990	0.002
3816.145	0.003
3816.328	0.003
3816.485	0.003
3816.667	0.003
3816.823	0.003
3816.978	0.003
3817.162	0.003
3817.318	0.002
3817.500	0.003
3817.657	0.003
3817.812	0.003
3817.995	0.003
3818.152	0.003
3818.333	0.003
3818.490	0.003
3818.645	0.003
3818.828	0.003
3818.985	0.003
3819.167	0.003
3819.323	0.003
3819.478	0.003
3819.662	0.003
3819.818	0.003
3820.000	0.003
3820.157	0.003
3820.312	0.003
3820.495	0.003
3820.652	0.003
3820.833	0.003
3820.990	0.003
3821.145	0.003
3821.328	0.003
3821.485	0.003
3821.667	0.003
3821.823	0.003
3821.978	0.003
3822.162	0.003
3822.318	0.003
3822.500	0.003
3822.657	0.003
3822.812	0.003
3822.995	0.003
3823.152	0.003
3823.333	0.003
3823.490	0.003
3823.645	0.003
3823.828	0.003
3823.985	0.003
3824.167	0.003
3824.323	0.003
3824.478	0.003
3824.662	0.003
3824.818	0.003
3825.000	0.003
3825.157	0.003
3825.312	0.003
3825.495	0.003
3825.652	0.003
3825.833	0.003
3825.990	0.003
3826.145	0.003
3826.328	0.003
3826.485	0.003
3826.667	0.003
3826.823	0.004
3826.978	0.003
3827.162	0.004
3827.318	0.003
3827.500	0.004
3827.657	0.003
3827.812	0.004
3827.995	0.003
3828.152	0.003
3828.333	0.003
3828.490	0.007
3828.645	0.005
3828.828	0.004
3828.985	0.005
3829.167	0.006
3829.323	0.004
3829.478	0.005
3829.662	0.004
3829.818	0.004
3830.000	0.008
3830.157	0.008
3830.312	0.006
3830.495	0.008
3830.652	0.007
3830.833	0.007
3830.990	0.007
3831.145	0.007
3831.328	0.008
3831.485	0.006
3831.667	0.008
3831.823	0.008
3831.978	0.008
3832.162	0.008
3832.318	0.008
3832.500	0.008
3832.657	0.008
3832.812	0.008
3832.995	0.008
3833.152	0.008
3833.333	0.008
3833.490	0.008
3833.645	0.008
3833.828	0.008
3833.985	0.008
3834.167	0.008
3834.323	0.008
3834.478	0.008
3834.662	0.008
3834.818	0.008
3835.000	0.008
3835.157	0.008
3835.312	0.008
3835.495	0.008
3835.652	0.008
3835.833	0.008
3835.990	0.008
3836.145	0.008
3836.328	0.008
3836.485	0.008
3836.640	0.008
3836.823	0.008
3836.978	0.008
3837.162	0.008
3837.318	0.008
3837.500	0.008
3837.657	0.008
3837.812	0.008
3837.995	0.008
3838.152	0.008
3838.307	0.008
3838.490	0.009
3838.645	0.008
3838.828	0.009
3838.985	0.008
3839.167	0.008
3839.323	0.009
3839.478	0.008
3839.662	0.008
3839.818	0.010
3840.000	0.009
3840.157	0.012
3840.312	0.009
3840.495	0.009
3840.652	0.011
3840.833	0.010
3840.990	0.009
3841.145	0.010
3841.328	0.012
3841.485	0.012
3841.667	0.013
3841.823	0.012
3841.978	0.014
3842.162	0.014
3842.318	0.011
3842.500	0.013
3842.657	0.013
3842.812	0.012
3842.995	0.014
3843.152	0.014
3843.333	0.013
3843.490	0.014
3843.645	0.013
3843.828	0.012
3843.985	0.014
3844.140	0.014
3844.323	0.014
3844.478	0.014
3844.662	0.014
3844.818	0.014
3845.000	0.014
3845.157	0.014
3845.312	0.014
3845.495	0.014
3845.652	0.014
3845.807	0.014
3845.990	0.014
3846.145	0.014
3846.328	0.014
3846.485	0.014
3846.667	0.014
3846.823	0.014
3846.978	0.014
3847.162	0.014
3847.318	0.014
3847.473	0.014
3847.657	0.014
3847.812	0.014
3847.995	0.014
3848.152	0.014
3848.333	0.014
3848.490	0.014
3848.645	0.014
3848.828	0.014
3848.985	0.014
3849.140	0.014
3849.323	0.014
3849.478	0.014
3849.662	0.014
3849.818	0.014
3850.000	0.014
3850.157	0.014
3850.312	0.015
3850.495	0.014
3850.652	0.014
3850.833	0.016
3850.990	0.014
3851.145	0.014
3851.328	0.014
3851.485	0.014
3851.640	0.016
3851.823	0.014
3851.978	0.016
3852.162	0.015
3852.318	0.015
3852.500	0.015
3852.657	0.016
3852.812	0.018
3852.995	0.018
3853.152	0.018
3853.307	0.018
3853.490	0.018
3853.645	0.017
3853.828	0.019
3853.985	0.019
3854.167	0.018
3854.323	0.019
3854.478	0.018
3854.662	0.019
3854.818	0.019
3855.000	0.018
3855.157	0.019
3855.312	0.018
3855.495	0.019
3855.652	0.019
3855.833	0.019
3855.990	0.019
3856.145	0.019
3856.328	0.019
3856.485	0.019
3856.640	0.019
3856.823	0.019
3856.978	0.018
3857.162	0.019
3857.318	0.019
3857.500	0.019
3857.657	0.019
3857.812	0.019
3857.995	0.019
3858.152	0.019
3858.307	0.019
3858.490	0.019
3858.645	0.019
3858.828	0.019
3858.985	0.019
3859.167	0.019
3859.323	0.019
3859.478	0.019
3859.662	0.019
3859.818	0.019
3859.973	0.019
3860.157	0.019
3860.312	0.019
3860.495	0.019
3860.652	0.019
3860.833	0.019
3860.990	0.019
3861.145	0.019
3861.328	0.019
3861.485	0.020
3861.667	0.019
3861.823	0.019
3861.978	0.019
3862.162	0.019
3862.318	0.019
3862.500	0.019
3862.657	0.019
3862.812	0.020
3862.995	0.019
3863.152	0.019
3863.333	0.020
3863.490	0.022
3863.645	0.021
3863.828	0.022
3863.985	0.021
3864.167	0.023
3864.323	0.020
3864.478	0.022
3864.662	0.024
3864.818	0.024
3865.000	0.022
3865.157	0.024
3865.312	0.023
3865.495	0.024
3865.677	0.024
3865.833	0.023
3865.990	0.023
3866.145	0.024
3866.328	0.024
3866.485	0.024
3866.667	0.024
3866.823	0.024
3866.978	0.024
3867.162	0.024
3867.318	0.024
3867.500	0.024
3867.657	0.024
3867.812	0.024
3867.995	0.024
3868.152	0.024
3868.333	0.024
3868.490	0.024
3868.645	0.024
3868.828	0.024
3868.985	0.024
3869.167	0.024
3869.323	0.024
3869.478	0.024
3869.662	0.024
3869.818	0.024
3870.000	0.024
3870.157	0.024
3870.312	0.024
3870.495	0.024
3870.652	0.024
3870.833	0.024
3870.990	0.024
3871.145	0.024
3871.328	0.024
3871.485	0.024
3871.667	0.024
3871.823	0.024
3871.978	0.025
3872.162	0.024
3872.318	0.024
3872.500	0.024
3872.657	0.024
3872.812	0.024
3872.995	0.024
3873.152	0.024
3873.333	0.024
3873.490	0.026
3873.645	0.025
3873.828	0.025
3873.985	0.026
3874.140	0.026
3874.323	0.027
3874.478	0.026
3874.662	0.026
3874.818	0.025
3875.000	0.025
3875.157	0.027
3875.312	0.027
3875.495	0.028
3875.652	0.029
3875.807	0.028
3875.990	0.029
3876.145	0.029
3876.328	0.029
3876.485	0.029
3876.667	0.029
3876.823	0.029
3876.978	0.029
3877.162	0.029
3877.318	0.029
3877.473	0.029
3877.657	0.029
3877.812	0.029
3877.995	0.029
3878.152	0.029
3878.333	0.029
3878.490	0.029
3878.645	0.029
3878.828	0.029
3878.985	0.029
3879.140	0.030
3879.323	0.029
3879.478	0.030
3879.662	0.029
3879.818	0.029
3880.000	0.031
3880.157	0.030
3880.312	0.029
3880.495	0.031
3880.652	0.031
3880.807	0.031
3880.990	0.033
3881.145	0.031
3881.328	0.032
3881.485	0.031
3881.667	0.031
3881.823	0.031
3881.978	0.033
3882.162	0.032
3882.318	0.033
3882.473	0.032
3882.657	0.033
3882.812	0.032
3882.995	0.033
3883.152	0.033
3883.333	0.033
3883.490	0.034
3883.645	0.034
3883.828	0.034
3883.985	0.034
3884.140	0.034
3884.323	0.034
3884.478	0.034
3884.662	0.034
3884.818	0.034
3885.000	0.034
3885.157	0.034
3885.312	0.034
3885.495	0.034
3885.652	0.034
3885.807	0.034
3885.990	0.034
3886.145	0.034
3886.328	0.034
3886.485	0.034
3886.667	0.034
3886.823	0.034
3886.978	0.034
3887.162	0.034
3887.318	0.034
3887.473	0.034
3887.657	0.034
3887.812	0.034
3887.995	0.034
3888.152	0.034
3888.333	0.034
3888.490	0.034
3888.645	0.035
3888.828	0.034
3888.985	0.035
3889.140	0.036
3889.323	0.035
3889.478	0.035
3889.662	0.034
3889.818	0.035
3890.000	0.036
3890.157	0.036
3890.312	0.036
3890.495	0.037
3890.652	0.036
3890.807	0.036
3890.990	0.038
3891.145	0.036
3891.328	0.038
3891.485	0.038
3891.667	0.038
3891.823	0.039
3891.978	0.039
3892.162	0.038
3892.318	0.039
3892.473	0.039
3892.657	0.038
3892.812	0.039
3892.995	0.039
3893.152	0.039
3893.333	0.039
3893.490	0.039
3893.645	0.039
3893.828	0.039
3893.985	0.039
3894.140	0.039
3894.323	0.039
3894.478	0.039
3894.662	0.039
3894.818	0.039
3895.000	0.039
3895.157	0.039
3895.312	0.039
3895.495	0.039
3895.652	0.039
3895.807	0.039
3895.990	0.039
3896.145	0.039
3896.328	0.039
3896.485	0.039
3896.667	0.039
3896.823	0.039
3896.978	0.039
3897.162	0.039
3897.318	0.039
3897.473	0.040
3897.657	0.040
3897.812	0.042
3897.995	0.042
3898.152	0.041
3898.307	0.040
3898.490	0.042
3898.645	0.042
3898.828	0.042
3898.985	0.042
3899.167	0.041
3899.323	0.042
3899.478	0.044
3899.662	0.043
3899.818	0.043
3899.973	0.044
3900.157	0.044
3900.312	0.044
3900.495	0.043
3900.652	0.044
3900.807	0.044
3900.990	0.044
3901.145	0.044
3901.328	0.044
3901.485	0.044
3901.667	0.044
3901.823	0.044
3901.978	0.044
3902.162	0.044
3902.318	0.044
3902.473	0.044
3902.657	0.044
3902.812	0.044
3902.995	0.044
3903.152	0.044
3903.333	0.044
3903.490	0.044
3903.645	0.044
3903.828	0.044
3903.985	0.044
3904.140	0.044
3904.323	0.045
3904.478	0.044
3904.662	0.046
3904.818	0.044
3905.000	0.044
3905.157	0.044
3905.312	0.046
3905.495	0.046
3905.652	0.047
3905.807	0.046
3905.990	0.048
3906.145	0.048
3906.328	0.047
3906.485	0.045
3906.667	0.047
3906.823	0.049
3906.978	0.049
3907.162	0.048
3907.318	0.048
3907.473	0.048
3907.657	0.049
3907.812	0.049
3907.995	0.048
3908.152	0.049
3908.333	0.049
3908.490	0.049
3908.645	0.049
3908.828	0.049
3908.985	0.049
3909.140	0.049
3909.323	0.049
3909.478	0.049
3909.662	0.049
3909.818	0.049
3910.000	0.049
3910.157	0.049
3910.312	0.049
3910.495	0.049
3910.652	0.050
3910.807	0.049
3910.990	0.049
3911.145	0.050
3911.328	0.052
3911.485	0.051
3911.640	0.051
3911.823	0.052
3911.978	0.050
3912.162	0.051
3912.318	0.053
3912.473	0.053
3912.657	0.053
3912.812	0.053
3912.995	0.054
3913.152	0.053
3913.307	0.054
3913.490	0.053
3913.645	0.054
3913.828	0.054
3913.985	0.053
3914.140	0.054
3914.323	0.054
3914.478	0.054
3914.662	0.054
3914.818	0.054
3914.973	0.054
3915.157	0.054
3915.312	0.054
3915.495	0.054
3915.652	0.054
3915.807	0.054
3915.990	0.055
3916.145	0.054
3916.328	0.054
3916.485	0.056
3916.640	0.055
3916.823	0.055
3916.978	0.055
3917.162	0.055
3917.318	0.058
3917.473	0.057
3917.657	0.057
3917.812	0.059
3917.995	0.059
3918.152	0.059
3918.307	0.059
3918.490	0.059
3918.645	0.059
3918.828	0.059
3918.985	0.059
3919.140	0.059
3919.323	0.059
3919.478	0.059
3919.662	0.059
3919.818	0.059
3919.973	0.059
3920.157	0.059
3920.312	0.059
3920.495	0.059
3920.652	0.059
3920.807	0.059
3920.990	0.059
3921.145	0.059
3921.328	0.059
3921.485	0.060
3921.640	0.059
3921.823	0.059
3921.978	0.060
3922.162	0.061
3922.318	0.062
3922.473	0.060
3922.657	0.061
3922.812	0.063
3922.995	0.061
3923.152	0.064
3923.307	0.063
3923.490	0.065
3923.645	0.065
3923.828	0.064
3923.985	0.064
3924.140	0.065
3924.323	0.065
3924.478	0.065
3924.662	0.065
3924.818	0.065
3924.973	0.065
3925.157	0.065
3925.312	0.065
3925.495	0.065
3925.652	0.065
3925.807	0.065
3925.990	0.065
3926.145	0.065
3926.328	0.065
3926.485	0.065
3926.640	0.065
3926.823	0.065
3926.978	0.065
3927.162	0.065
3927.318	0.065
3927.473	0.065
3927.657	0.065
3927.812	0.065
3927.995	0.065
3928.152	0.065
3928.307	0.065
3928.490	0.065
3928.645	0.065
3928.828	0.065
3928.985	0.065
3929.140	0.065
3929.323	0.065
3929.478	0.066
3929.662	0.068
3929.818	0.069
3929.973	0.068
3930.157	0.068
3930.312	0.069
3930.495	0.070
3930.652	0.069
3930.807	0.069
3930.990	0.070
3931.145	0.070
3931.328	0.070
3931.485	0.070
3931.640	0.070
3931.823	0.070
3931.978	0.070
3932.162	0.070
3932.318	0.070
3932.473	0.070
3932.657	0.070
3932.812	0.070
3932.995	0.073
3933.152	0.071
3933.307	0.072
3933.490	0.070
3933.645	0.072
3933.828	0.073
3933.985	0.073
3934.140	0.074
3934.323	0.075
3934.478	0.075
3934.662	0.074
3934.818	0.075
3934.973	0.075
3935.157	0.075
3935.312	0.075
3935.495	0.075
3935.652	0.075
3935.807	0.075
3935.990	0.075
3936.145	0.075
3936.328	0.075
3936.485	0.075
3936.640	0.075
3936.823	0.075
3936.978	0.075
3937.162	0.075
3937.318	0.075
3937.473	0.075
3937.657	0.075
3937.812	0.075
3937.995	0.078
3938.152	0.075
3938.307	0.076
3938.490	0.075
3938.645	0.078
3938.828	0.076
3938.985	0.077
3939.140	0.080
3939.323	0.080
3939.478	0.080
3939.662	0.080
3939.818	0.080
3939.973	0.080
3940.157	0.080
3940.312	0.080
3940.495	0.080
3940.652	0.080
3940.807	0.080
3940.990	0.080
3941.145	0.080
3941.328	0.080
3941.485	0.080
3941.640	0.080
3941.823	0.080
3941.978	0.080
3942.162	0.080
3942.318	0.081
3942.473	0.080
3942.657	0.080
3942.812	0.080
3942.995	0.080
3943.152	0.081
3943.307	0.083
3943.490	0.081
3943.645	0.081
3943.828	0.084
3943.985	0.082
3944.140	0.084
3944.323	0.084
3944.478	0.084
3944.662	0.085
3944.818	0.085
3944.973	0.085
3945.157	0.085
3945.312	0.085
3945.495	0.085
3945.652	0.085
3945.807	0.085
3945.990	0.085
3946.145	0.085
3946.328	0.085
3946.485	0.085
3946.640	0.085
3946.823	0.085
3946.978	0.085
3947.162	0.085
3947.318	0.085
3947.473	0.085
3947.657	0.085
3947.812	0.085
3947.995	0.085
3948.152	0.085
3948.307	0.087
3948.490	0.087
3948.645	0.088
3948.828	0.087
3948.985	0.087
3949.140	0.087
3949.323	0.088
3949.478	0.090
3949.662	0.090
3949.818	0.090
3949.973	0.090
3950.157	0.090
3950.312	0.090
3950.495	0.090
3950.652	0.090
3950.807	0.090
3950.990	0.090
3951.145	0.090
3951.328	0.090
3951.485	0.090
3951.640	0.090
3951.823	0.092
3951.978	0.093
3952.162	0.092
3952.318	0.093
3952.473	0.094
3952.657	0.093
3952.812	0.093
3952.995	0.095
3953.152	0.095
3953.307	0.094
3953.490	0.095
3953.645	0.095
3953.828	0.095
3953.985	0.095
3954.140	0.095
3954.323	0.095
3954.478	0.095
3954.662	0.095
3954.818	0.096
3954.973	0.095
3955.157	0.095
3955.312	0.095
3955.495	0.098
3955.652	0.097
3955.807	0.098
3955.990	0.100
3956.145	0.099
3956.302	0.098
3956.485	0.099
3956.640	0.099
3956.823	0.100
3956.978	0.100
3957.135	0.100
3957.318	0.100
3957.473	0.100
3957.657	0.100
3957.812	0.100
3957.995	0.100
3958.152	0.100
3958.307	0.100
3958.490	0.100
3958.645	0.100
3958.802	0.100
3958.985	0.100
3959.140	0.100
3959.323	0.100
3959.478	0.100
3959.662	0.100
3959.818	0.101
3959.973	0.101
3960.157	0.100
3960.312	0.104
3960.468	0.104
3960.652	0.104
3960.807	0.105
3960.990	0.104
3961.145	0.104
3961.328	0.105
3961.485	0.105
3961.640	0.105
3961.823	0.105
3961.978	0.105
3962.135	0.105
3962.318	0.105
3962.473	0.105
3962.657	0.105
3962.812	0.105
3962.995	0.105
3963.152	0.105
3963.307	0.105
3963.490	0.105
3963.645	0.105
3963.802	0.105
3963.985	0.105
3964.140	0.106
3964.323	0.105
3964.478	0.106
3964.662	0.108
3964.818	0.109
3964.973	0.108
3965.157	0.110
3965.312	0.110
3965.468	0.110
3965.652	0.110
3965.807	0.110
3965.990	0.110
3966.145	0.110
3966.302	0.110
3966.485	0.110
3966.640	0.110
3966.823	0.110
3966.978	0.110
3967.162	0.110
3967.318	0.111
3967.473	0.112
3967.657	0.112
3967.812	0.113
3967.968	0.115
3968.152	0.113
3968.307	0.115
3968.490	0.115
3968.645	0.115
3968.828	0.115
3968.985	0.115
3969.140	0.115
3969.323	0.115
3969.478	0.115
3969.635	0.115
3969.818	0.115
3969.973	0.115
3970.157	0.115
3970.312	0.115
3970.495	0.117
3970.652	0.115
3970.807	0.116
3970.990	0.115
3971.145	0.115
3971.302	0.116
3971.485	0.118
3971.640	0.118
3971.823	0.121
3971.978	0.119
3972.162	0.121
3972.318	0.121
3972.473	0.121
3972.657	0.121
3972.812	0.121
3972.968	0.121
3973.152	0.121
3973.307	0.121
3973.490	0.121
3973.645	0.121
3973.828	0.123
3973.985	0.121
3974.140	0.122
3974.323	0.124
3974.478	0.125
3974.635	0.124
3974.818	0.125
3974.973	0.124
3975.157	0.126
3975.312	0.126
3975.495	0.126
3975.652	0.126
3975.807	0.126
3975.990	0.126
3976.145	0.126
3976.302	0.126
3976.485	0.126
3976.640	0.126
3976.823	0.126
3976.978	0.126
3977.162	0.126
3977.318	0.126
3977.473	0.126
3977.657	0.127
3977.812	0.126
3977.968	0.126
3978.152	0.128
3978.307	0.129
3978.490	0.127
3978.645	0.129
3978.828	0.131
3978.985	0.131
3979.140	0.131
3979.323	0.131
3979.478	0.131
3979.635	0.131
3979.818	0.131
3979.973	0.131
3980.157	0.131
3980.312	0.131
3980.495	0.131
3980.652	0.131
3980.807	0.132
3980.990	0.131
3981.145	0.132
3981.302	0.132
3981.485	0.133
3981.640	0.134
3981.823	0.135
3981.978	0.135
3982.162	0.136
3982.318	0.136
3982.473	0.136
3982.657	0.136
3982.812	0.136
3982.995	0.136
3983.152	0.136
3983.307	0.136
3983.490	0.136
3983.645	0.137
3983.802	0.136
3983.985	0.139
3984.140	0.140
3984.323	0.139
3984.478	0.139
3984.662	0.141
3984.818	0.141
3984.973	0.141
3985.157	0.141
3985.312	0.141
3985.468	0.141
3985.652	0.141
3985.807	0.141
3985.990	0.142
3986.145	0.141
3986.328	0.141
3986.485	0.143
3986.640	0.143
3986.823	0.143
3986.978	0.144
3987.135	0.145
3987.318	0.145
3987.473	0.146
3987.657	0.146
3987.812	0.146
3987.995	0.146
3988.152	0.146
3988.307	0.146
3988.490	0.146
3988.645	0.146
3988.802	0.146
3988.985	0.146
3989.140	0.146
3989.323	0.146
3989.478	0.147
3989.662	0.146
3989.818	0.146
3989.973	0.147
3990.157	0.148
3990.312	0.149
3990.468	0.149
3990.652	0.151
3990.807	0.151
3990.990	0.151
3991.145	0.151
3991.328	0.150
3991.485	0.151
3991.640	0.151
3991.823	0.151
3991.978	0.151
3992.135	0.151
3992.318	0.153
3992.473	0.152
3992.657	0.153
3992.812	0.155
3992.968	0.155
3993.152	0.156
3993.307	0.156
3993.490	0.156
3993.645	0.156
3993.802	0.156
3993.985	0.156
3994.140	0.156
3994.323	0.156
3994.478	0.156
3994.635	0.156
3994.818	0.156
3994.973	0.156
3995.157	0.157
3995.312	0.156
3995.468	0.159
3995.652	0.160
3995.807	0.160
3995.990	0.161
3996.145	0.161
3996.302	0.161
3996.485	0.161
3996.640	0.161
3996.823	0.161
3996.978	0.161
3997.135	0.161
3997.318	0.161
3997.473	0.161
3997.657	0.161
3997.812	0.161
3997.968	0.161
3998.152	0.162
3998.307	0.161
3998.490	0.161
3998.645	0.162
3998.802	0.165
3998.985	0.166
3999.140	0.166
3999.323	0.166
3999.478	0.164
3999.635	0.166
3999.818	0.166
3999.973	0.166
4000.157	0.166
4000.312	0.166
4000.468	0.166
4000.652	0.166
4000.807	0.166
4000.990	0.166
4001.145	0.166
4001.302	0.167
4001.485	0.166
4001.640	0.167
4001.823	0.168
4001.978	0.167
4002.135	0.169
4002.318	0.170
4002.473	0.169
4002.657	0.171
4002.812	0.171
4002.968	0.172
4003.152	0.172
4003.307	0.172
4003.490	0.172
4003.645	0.172
4003.802	0.172
4003.985	0.172
4004.140	0.172
4004.323	0.172
4004.478	0.172
4004.635	0.172
4004.818	0.172
4004.973	0.173
4005.157	0.172
4005.312	0.176
4005.468	0.176
4005.652	0.177
4005.807	0.177
4005.990	0.177
4006.145	0.177
4006.302	0.177
4006.485	0.177
4006.640	0.177
4006.823	0.177
4006.978	0.177
4007.135	0.178
4007.318	0.179
4007.473	0.182
4007.657	0.182
4007.812	0.182
4007.968	0.182
4008.152	0.182
4008.307	0.182
4008.490	0.182
4008.645	0.182
4008.802	0.182
4008.985	0.182
4009.140	0.182
4009.323	0.182
4009.478	0.182
4009.635	0.182
4009.818	0.182
4009.973	0.184
4010.157	0.184
4010.312	0.184
4010.468	0.187
4010.652	0.186
4010.807	0.187
4010.990	0.187
4011.145	0.187
4011.302	0.187
4011.485	0.187
4011.640	0.187
4011.823	0.187
4011.978	0.187
4012.135	0.187
4012.318	0.188
4012.473	0.187
4012.657	0.187
4012.812	0.189
4012.968	0.190
4013.152	0.192
4013.307	0.192
4013.490	0.192
4013.645	0.192
4013.802	0.192
4013.985	0.192
4014.140	0.192
4014.323	0.192
4014.478	0.194
4014.635	0.193
4014.818	0.195
4014.973	0.195
4015.157	0.196
4015.312	0.196
4015.468	0.197
4015.652	0.197
4015.807	0.197
4015.990	0.197
4016.145	0.197
4016.302	0.197
4016.485	0.197
4016.640	0.197
4016.823	0.197
4016.978	0.197
4017.135	0.197
4017.318	0.197
4017.473	0.197
4017.657	0.197
4017.812	0.198
4017.968	0.200
4018.152	0.201
4018.307	0.202
4018.490	0.202
4018.645	0.202
4018.802	0.202
4018.985	0.202
4019.140	0.202
4019.323	0.202
4019.478	0.202
4019.635	0.202
4019.818	0.202
4019.973	0.202
4020.157	0.203
4020.312	0.203
4020.468	0.205
4020.652	0.205
4020.807	0.207
4020.990	0.206
4021.145	0.206
4021.302	0.206
4021.485	0.207
4021.640	0.207
4021.823	0.207
4021.978	0.207
4022.135	0.207
4022.318	0.207
4022.473	0.207
4022.657	0.207
4022.812	0.209
4022.968	0.207
4023.152	0.208
4023.307	0.207
4023.490	0.211
4023.645	0.210
4023.802	0.212
4023.985	0.210
4024.140	0.212
4024.323	0.212
4024.478	0.212
4024.635	0.212
4024.818	0.212
4024.973	0.212
4025.157	0.212
4025.312	0.212
4025.468	0.212
4025.652	0.213
4025.807	0.212
4025.990	0.212
4026.145	0.216
4026.302	0.217
4026.485	0.217
4026.640	0.217
4026.823	0.217
4026.978	0.217
4027.135	0.217
4027.318	0.217
4027.473	0.218
4027.657	0.217
4027.812	0.217
4027.968	0.219
4028.152	0.218
4028.307	0.220
4028.490	0.219
4028.645	0.221
4028.802	0.221
4028.985	0.222
4029.140	0.223
4029.323	0.223
4029.478	0.223
4029.635	0.223
4029.818	0.223
4029.973	0.223
4030.157	0.223
4030.312	0.223
4030.468	0.225
4030.652	0.223
4030.807	0.226
4030.990	0.227
4031.145	0.227
4031.302	0.228
4031.485	0.228
4031.640	0.228
4031.823	0.228
4031.978	0.228
4032.135	0.228
4032.318	0.228
4032.473	0.228
4032.657	0.228
4032.812	0.228
4032.968	0.228
4033.152	0.228
4033.307	0.228
4033.490	0.228
4033.645	0.228
4033.802	0.229
4033.985	0.232
4034.140	0.231
4034.323	0.231
4034.478	0.232
4034.635	0.233
4034.818	0.232
4034.973	0.233
4035.157	0.233
4035.312	0.233
4035.468	0.233
4035.652	0.234
4035.807	0.233
4035.990	0.233
4036.145	0.234
4036.302	0.236
4036.485	0.237
4036.640	0.238
4036.823	0.238
4036.978	0.238
4037.135	0.238
4037.318	0.238
4037.473	0.238
4037.657	0.238
4037.812	0.238
4037.968	0.238
4038.152	0.238
4038.307	0.238
4038.490	0.238
4038.645	0.239
4038.802	0.238
4038.985	0.240
4039.140	0.240
4039.323	0.240
4039.478	0.240
4039.635	0.243
4039.818	0.243
4039.973	0.243
4040.157	0.243
4040.312	0.243
4040.468	0.243
4040.652	0.244
4040.807	0.243
4040.990	0.243
4041.145	0.243
4041.302	0.245
4041.485	0.244
4041.640	0.245
4041.823	0.246
4041.978	0.246
4042.135	0.248
4042.318	0.248
4042.473	0.248
4042.657	0.248
4042.812	0.248
4042.968	0.248
4043.152	0.248
4043.307	0.248
4043.490	0.248
4043.645	0.248
4043.802	0.248
4043.985	0.248
4044.140	0.248
4044.323	0.248
4044.478	0.251
4044.635	0.250
4044.818	0.248
4044.973	0.248
4045.157	0.249
4045.312	0.251
4045.468	0.252
4045.652	0.253
4045.807	0.252
4045.990	0.253
4046.145	0.253
4046.302	0.253
4046.485	0.253
4046.640	0.253
4046.823	0.253
4046.978	0.253
4047.135	0.253
4047.318	0.254
4047.473	0.256
4047.657	0.255
4047.812	0.256
4047.968	0.254
4048.152	0.257
4048.307	0.257
4048.490	0.258
4048.645	0.258
4048.802	0.258
4048.985	0.258
4049.140	0.258
4049.323	0.258
4049.478	0.258
4049.635	0.258
4049.818	0.258
4049.973	0.259
4050.157	0.259
4050.312	0.262
4050.468	0.260
4050.652	0.263
4050.807	0.263
4050.990	0.262
4051.145	0.263
4051.302	0.263
4051.485	0.263
4051.640	0.263
4051.823	0.263
4051.978	0.263
4052.135	0.263
4052.318	0.263
4052.473	0.263
4052.657	0.264
4052.812	0.263
4052.968	0.265
4053.152	0.265
4053.307	0.266
4053.490	0.268
4053.645	0.267
4053.802	0.268
4053.985	0.268
4054.140	0.268
4054.323	0.268
4054.478	0.268
4054.635	0.268
4054.818	0.268
4054.973	0.268
4055.157	0.268
4055.312	0.268
4055.468	0.268
4055.652	0.268
4055.807	0.268
4055.990	0.268
4056.145	0.270
4056.302	0.269
4056.485	0.273
4056.640	0.274
4056.823	0.274
4056.978	0.274
4057.135	0.274
4057.318	0.274
4057.473	0.274
4057.657	0.274
4057.812	0.274
4057.968	0.275
4058.152	0.274
4058.307	0.275
4058.490	0.278
4058.645	0.277
4058.802	0.278
4058.985	0.279
4059.140	0.279
4059.323	0.279
4059.478	0.279
4059.635	0.279
4059.818	0.279
4059.973	0.279
4060.157	0.279
4060.312	0.279
4060.468	0.279
4060.652	0.280
4060.807	0.279
4060.990	0.280
4061.145	0.280
4061.302	0.279
4061.485	0.283
4061.640	0.284
4061.823	0.284
4061.978	0.284
4062.135	0.284
4062.318	0.284
4062.473	0.284
4062.657	0.284
4062.812	0.284
4062.968	0.284
4063.152	0.285
4063.307	0.285
4063.490	0.287
4063.645	0.285
4063.802	0.286
4063.985	0.289
4064.140	0.288
4064.323	0.289
4064.478	0.289
4064.635	0.289
4064.818	0.289
4064.973	0.289
4065.157	0.289
4065.312	0.289
4065.468	0.289
4065.652	0.289
4065.807	0.289
4065.990	0.289
4066.145	0.289
4066.302	0.289
4066.485	0.291
4066.640	0.289
4066.797	0.290
4066.978	0.292
4067.135	0.293
4067.318	0.294
4067.473	0.294
4067.657	0.294
4067.812	0.294
4067.968	0.294
4068.152	0.294
4068.307	0.294
4068.490	0.295
4068.645	0.295
4068.802	0.295
4068.985	0.296
4069.140	0.298
4069.323	0.296
4069.478	0.296
4069.635	0.299
4069.818	0.299
4069.973	0.298
4070.157	0.299
4070.312	0.299
4070.468	0.299
4070.652	0.299
4070.807	0.300
4070.990	0.301
4071.145	0.301
4071.328	0.302
4071.485	0.303
4071.640	0.303
4071.823	0.302
4071.978	0.303
4072.135	0.304
4072.318	0.304
4072.473	0.304
4072.657	0.304
4072.812	0.304
4072.968	0.304
4073.152	0.305
4073.307	0.304
4073.490	0.305
4073.645	0.306
4073.802	0.307
4073.985	0.306
4074.140	0.307
4074.323	0.308
4074.478	0.308
4074.635	0.309
4074.818	0.308
4074.973	0.309
4075.157	0.308
4075.312	0.309
4075.468	0.309
4075.652	0.309
4075.807	0.309
4075.990	0.309
4076.145	0.309
4076.302	0.309
4076.485	0.309
4076.640	0.309
4076.823	0.309
4076.978	0.309
4077.135	0.309
4077.318	0.311
4077.473	0.311
4077.657	0.312
4077.812	0.311
4077.968	0.312
4078.152	0.313
4078.307	0.313
4078.463	0.314
4078.645	0.314
4078.802	0.314
4078.985	0.314
4079.140	0.315
4079.323	0.316
4079.478	0.319
4079.635	0.319
4079.818	0.319
4079.973	0.319
4080.130	0.319
4080.312	0.319
4080.468	0.319
4080.652	0.319
4080.807	0.319
4080.990	0.319
4081.145	0.319
4081.302	0.319
4081.485	0.319
4081.640	0.320
4081.797	0.320
4081.978	0.322
4082.135	0.321
4082.318	0.324
4082.473	0.325
4082.657	0.325
4082.812	0.324
4082.968	0.325
4083.152	0.325
4083.307	0.325
4083.463	0.325
4083.645	0.325
4083.802	0.325
4083.985	0.325
4084.140	0.326
4084.323	0.327
4084.478	0.326
4084.635	0.328
4084.818	0.326
4084.973	0.329
4085.130	0.329
4085.312	0.330
4085.468	0.329
4085.652	0.330
4085.807	0.330
4085.963	0.330
4086.145	0.330
4086.302	0.330
4086.485	0.330
4086.640	0.330
4086.823	0.330
4086.978	0.330
4087.135	0.330
4087.318	0.332
4087.473	0.333
4087.630	0.333
4087.812	0.334
4087.968	0.334
4088.152	0.335
4088.307	0.335
4088.490	0.335
4088.645	0.335
4088.802	0.335
4088.985	0.336
4089.140	0.336
4089.297	0.336
4089.478	0.337
4089.635	0.336
4089.818	0.339
4089.973	0.340
4090.157	0.340
4090.312	0.340
4090.468	0.340
4090.652	0.340
4090.807	0.340
4090.963	0.341
4091.145	0.341
4091.302	0.345
4091.485	0.344
4091.640	0.344
4091.823	0.345
4091.978	0.345
4092.135	0.345
4092.318	0.345
4092.473	0.345
4092.630	0.345
4092.812	0.345
4092.968	0.345
4093.152	0.345
4093.307	0.345
4093.490	0.345
4093.645	0.345
4093.802	0.347
4093.985	0.347
4094.140	0.348
4094.297	0.350
4094.478	0.350
4094.635	0.350
4094.818	0.350
4094.973	0.350
4095.157	0.350
4095.312	0.350
4095.468	0.350
4095.652	0.350
4095.807	0.350
4095.963	0.351
4096.145	0.351
4096.302	0.353
4096.485	0.354
4096.640	0.355
4096.823	0.355
4096.979	0.355
4097.135	0.355
4097.318	0.356
4097.473	0.355
4097.630	0.355
4097.812	0.355
4097.968	0.357
4098.152	0.359
4098.307	0.359
4098.490	0.360
4098.645	0.360
4098.802	0.360
4098.985	0.360
4099.140	0.360
4099.297	0.360
4099.479	0.360
4099.635	0.360
4099.818	0.360
4099.973	0.362
4100.157	0.364
4100.312	0.364
4100.468	0.364
4100.652	0.365
4100.807	0.365
4100.963	0.365
4101.145	0.365
4101.302	0.365
4101.485	0.365
4101.640	0.365
4101.823	0.365
4101.979	0.365
4102.135	0.366
4102.318	0.368
4102.473	0.367
4102.657	0.370
4102.812	0.370
4102.968	0.370
4103.152	0.370
4103.307	0.370
4103.463	0.370
4103.645	0.370
4103.802	0.370
4103.985	0.370
4104.140	0.370
4104.323	0.370
4104.479	0.372
4104.635	0.375
4104.818	0.374
4104.973	0.375
4105.130	0.376
4105.312	0.376
4105.468	0.376
4105.652	0.376
4105.807	0.376
4105.990	0.376
4106.145	0.376
4106.302	0.379
4106.485	0.380
4106.640	0.380
4106.797	0.381
4106.979	0.381
4107.135	0.381
4107.318	0.381
4107.473	0.381
4107.657	0.381
4107.812	0.381
4107.968	0.381
4108.152	0.381
4108.307	0.383
4108.463	0.384
4108.645	0.383
4108.802	0.386
4108.985	0.386
4109.140	0.386
4109.323	0.386
4109.479	0.386
4109.635	0.387
4109.818	0.387
4109.973	0.388
4110.130	0.390
4110.312	0.389
4110.468	0.391
4110.652	0.391
4110.807	0.391
4110.963	0.391
4111.145	0.391
4111.302	0.391
4111.485	0.391
4111.640	0.391
4111.797	0.391
4111.979	0.391
4112.135	0.391
4112.318	0.391
4112.473	0.393
4112.630	0.395
4112.812	0.395
4112.968	0.396
4113.152	0.396
4113.307	0.396
4113.463	0.396
4113.645	0.396
4113.802	0.396
4113.985	0.397
4114.140	0.400
4114.297	0.400
4114.479	0.401
4114.662	0.401
4114.818	0.401
4114.973	0.401
4115.130	0.401
4115.312	0.401
4115.468	0.401
4115.652	0.401
4115.807	0.403
4115.963	0.403
4116.145	0.403
4116.302	0.404
4116.485	0.405
4116.640	0.406
4116.797	0.406
4116.979	0.406
4117.135	0.406
4117.318	0.406
4117.473	0.406
4117.630	0.406
4117.812	0.406
4117.968	0.406
4118.152	0.407
4118.307	0.407
4118.463	0.409
4118.645	0.409
4118.802	0.411
4118.985	0.411
4119.140	0.411
4119.297	0.411
4119.479	0.411
4119.635	0.411
4119.818	0.411
4119.973	0.411
4120.130	0.411
4120.312	0.413
4120.468	0.414
4120.652	0.415
4120.807	0.415
4120.963	0.416
4121.145	0.415
4121.302	0.416
4121.485	0.416
4121.640	0.416
4121.797	0.416
4121.979	0.416
4122.135	0.416
4122.318	0.416
4122.473	0.420
4122.630	0.421
4122.812	0.421
4122.968	0.421
4123.152	0.421
4123.307	0.421
4123.463	0.422
4123.645	0.422
4123.802	0.425
4123.985	0.424
4124.140	0.426
4124.297	0.426
4124.479	0.426
4124.635	0.426
4124.818	0.426
4124.973	0.426
4125.130	0.426
4125.312	0.426
4125.468	0.426
4125.652	0.426
4125.807	0.427
4125.963	0.430
4126.145	0.432
4126.302	0.432
4126.485	0.432
4126.640	0.432
4126.797	0.432
4126.979	0.432
4127.135	0.432
4127.318	0.432
4127.473	0.432
4127.630	0.432
4127.812	0.432
4127.968	0.437
4128.152	0.437
4128.307	0.437
4128.463	0.437
4128.645	0.438
4128.802	0.438
4128.985	0.439
4129.140	0.440
4129.297	0.442
4129.479	0.441
4129.635	0.442
4129.818	0.442
4129.973	0.442
4130.130	0.442
4130.312	0.442
4130.468	0.442
4130.652	0.442
4130.807	0.442
4130.963	0.442
4131.145	0.443
4131.302	0.444
4131.485	0.446
4131.640	0.447
4131.797	0.447
4131.979	0.447
4132.135	0.447
4132.318	0.447
4132.473	0.447
4132.630	0.448
4132.812	0.449
4132.968	0.450
4133.152	0.452
4133.307	0.452
4133.463	0.452
4133.645	0.452
4133.802	0.452
4133.985	0.452
4134.140	0.452
4134.297	0.452
4134.479	0.452
4134.635	0.452
4134.818	0.453
4134.973	0.454
4135.130	0.454
4135.312	0.455
4135.468	0.457
4135.652	0.457
4135.807	0.457
4135.963	0.457
4136.145	0.457
4136.302	0.457
4136.485	0.459
4136.640	0.460
4136.797	0.462
4136.979	0.460
4137.135	0.462
4137.318	0.462
4137.473	0.462
4137.630	0.462
4137.812	0.462
4137.968	0.463
4138.152	0.463
4138.307	0.465
4138.463	0.465
4138.645	0.465
4138.802	0.467
4138.985	0.467
4139.140	0.467
4139.297	0.467
4139.479	0.467
4139.635	0.467
4139.818	0.469
4139.973	0.468
4140.130	0.470
4140.312	0.471
4140.468	0.472
4140.652	0.472
4140.807	0.472
4140.963	0.472
4141.145	0.472
4141.302	0.472
4141.485	0.472
4141.640	0.472
4141.797	0.472
4141.979	0.472
4142.135	0.474
4142.318	0.473
4142.473	0.475
4142.630	0.473
4142.812	0.474
4142.968	0.477
4143.152	0.477
4143.307	0.477
4143.463	0.478
4143.645	0.480
4143.802	0.479
4143.985	0.480
4144.140	0.483
4144.297	0.482
4144.479	0.482
4144.635	0.483
4144.818	0.483
4144.973	0.483
4145.130	0.483
4145.312	0.483
4145.468	0.483
4145.652	0.484
4145.807	0.487
4145.963	0.488
4146.145	0.488
4146.302	0.488
4146.485	0.488
4146.640	0.488
4146.797	0.488
4146.979	0.488
4147.135	0.488
4147.318	0.488
4147.473	0.490
4147.630	0.489
4147.812	0.491
4147.968	0.493
4148.152	0.493
4148.307	0.493
4148.463	0.493
4148.645	0.493
4148.802	0.493
4148.985	0.493
4149.140	0.493
4149.297	0.493
4149.479	0.493
4149.635	0.494
4149.818	0.493
4149.973	0.495
4150.130	0.497
4150.312	0.497
4150.468	0.498
4150.652	0.498
4150.807	0.498
4150.963	0.499
4151.145	0.498
4151.302	0.499
4151.485	0.500
4151.640	0.499
4151.797	0.502
4151.979	0.503
4152.135	0.502
4152.318	0.503
4152.473	0.503
4152.630	0.503
4152.812	0.503
4152.968	0.504
4153.152	0.504
4153.307	0.504
4153.463	0.505
4153.645	0.506
4153.802	0.507
4153.985	0.507
4154.140	0.508
4154.297	0.508
4154.479	0.508
4154.635	0.508
4154.818	0.508
4154.973	0.508
4155.130	0.508
4155.312	0.508
4155.468	0.509
4155.652	0.510
4155.807	0.512
4155.963	0.513
4156.145	0.513
4156.302	0.513
4156.485	0.513
4156.640	0.513
4156.797	0.513
4156.979	0.513
4157.135	0.513
4157.318	0.513
4157.473	0.516
4157.630	0.515
4157.812	0.517
4157.968	0.517
4158.152	0.518
4158.307	0.518
4158.463	0.518
4158.645	0.518
4158.802	0.518
4158.985	0.518
4159.140	0.520
4159.297	0.523
4159.479	0.522
4159.635	0.523
4159.818	0.523
4159.973	0.523
4160.130	0.523
4160.312	0.523
4160.468	0.523
4160.625	0.523
4160.807	0.523
4160.963	0.524
4161.145	0.525
4161.302	0.525
4161.485	0.527
4161.640	0.528
4161.797	0.528
4161.979	0.528
4162.135	0.528
4162.292	0.528
4162.473	0.528
4162.630	0.528
4162.812	0.528
4162.968	0.529
4163.152	0.530
4163.307	0.533
4163.463	0.534
4163.645	0.534
4163.802	0.534
4163.985	0.534
4164.140	0.534
4164.297	0.534
4164.479	0.534
4164.635	0.534
4164.818	0.534
4164.973	0.534
4165.130	0.534
4165.312	0.537
4165.468	0.537
4165.625	0.538
4165.807	0.539
4165.963	0.539
4166.145	0.539
4166.302	0.539
4166.485	0.539
4166.640	0.540
4166.797	0.541
4166.979	0.541
4167.135	0.544
4167.292	0.544
4167.473	0.544
4167.630	0.544
4167.812	0.544
4167.968	0.544
4168.125	0.544
4168.307	0.544
4168.463	0.544
4168.645	0.545
4168.802	0.547
4168.985	0.548
4169.140	0.549
4169.297	0.549
4169.479	0.549
4169.635	0.549
4169.792	0.549
4169.973	0.549
4170.130	0.549
4170.312	0.550
4170.468	0.551
4170.652	0.552
4170.807	0.553
4170.963	0.554
4171.145	0.554
4171.302	0.554
4171.458	0.554
4171.640	0.554
4171.797	0.554
4171.979	0.554
4172.135	0.554
4172.318	0.554
4172.473	0.555
4172.630	0.555
4172.812	0.557
4172.968	0.558
4173.125	0.558
4173.307	0.559
4173.463	0.559
4173.645	0.559
4173.802	0.559
4173.985	0.559
4174.140	0.559
4174.297	0.562
4174.479	0.562
4174.635	0.564
4174.792	0.564
4174.973	0.564
4175.130	0.564
4175.312	0.564
4175.468	0.564
4175.652	0.564
4175.807	0.564
4175.963	0.564
4176.145	0.564
4176.302	0.564
4176.458	0.564
4176.640	0.568
4176.797	0.568
4176.979	0.569
4177.135	0.568
4177.318	0.569
4177.473	0.569
4177.630	0.569
4177.812	0.569
4177.968	0.569
4178.125	0.570
4178.307	0.570
4178.463	0.573
4178.645	0.572
4178.802	0.571
4178.958	0.573
4179.140	0.574
4179.297	0.574
4179.479	0.574
4179.635	0.574
4179.818	0.574
4179.973	0.574
4180.130	0.574
4180.312	0.574
4180.468	0.575
4180.625	0.575
4180.807	0.578
4180.963	0.579
4181.145	0.578
4181.302	0.579
4181.485	0.579
4181.640	0.579
4181.797	0.579
4181.979	0.579
4182.135	0.579
4182.292	0.579
4182.473	0.579
4182.630	0.584
4182.812	0.584
4182.968	0.584
4183.152	0.585
4183.307	0.585
4183.463	0.585
4183.645	0.585
4183.802	0.585
4183.958	0.586
4184.140	0.585
4184.297	0.586
4184.479	0.588
4184.635	0.588
4184.818	0.590
4184.973	0.590
4185.130	0.590
4185.312	0.590
4185.468	0.590
4185.625	0.590
4185.807	0.590
4185.963	0.590
4186.145	0.590
4186.302	0.590
4186.458	0.590
4186.640	0.590
4186.797	0.590
4186.979	0.592
4187.135	0.595
4187.318	0.595
4187.473	0.595
4187.630	0.595
4187.812	0.595
4187.968	0.595
4188.152	0.595
4188.307	0.595
4188.463	0.595
4188.645	0.596
4188.802	0.596
4188.958	0.595
4189.140	0.599
4189.297	0.600
4189.479	0.599
4189.635	0.600
4189.818	0.600
4189.973	0.600
4190.130	0.600
4190.312	0.603
4190.468	0.602
4190.625	0.604
4190.807	0.605
4190.963	0.605
4191.145	0.605
4191.302	0.605
4191.485	0.605
4191.640	0.605
4191.797	0.605
4191.979	0.605
4192.135	0.605
4192.292	0.605
4192.473	0.606
4192.630	0.606
4192.812	0.609
4192.968	0.608
4193.152	0.610
4193.307	0.610
4193.463	0.610
4193.645	0.610
4193.802	0.610
4193.958	0.610
4194.140	0.610
4194.297	0.610
4194.479	0.611
4194.635	0.612
4194.818	0.613
4194.973	0.614
4195.130	0.615
4195.312	0.614
4195.468	0.615
4195.625	0.615
4195.807	0.615
4195.963	0.615
4196.145	0.615
4196.302	0.615
4196.485	0.615
4196.640	0.615
4196.797	0.616
4196.979	0.618
4197.135	0.619
4197.292	0.619
4197.473	0.620
4197.630	0.619
4197.812	0.620
4197.968	0.620
4198.125	0.620
4198.307	0.620
4198.463	0.620
4198.645	0.620
4198.802	0.621
4198.958	0.621
4199.140	0.622
4199.297	0.622
4199.479	0.624
4199.635	0.624
4199.792	0.625
4199.973	0.625
4200.130	0.625
4200.312	0.625
4200.468	0.625
4200.652	0.628
4200.807	0.627
4200.963	0.628
4201.145	0.630
4201.302	0.630
4201.458	0.630
4201.640	0.630
4201.797	0.630
4201.979	0.630
4202.135	0.630
4202.292	0.630
4202.473	0.632
4202.630	0.632
4202.812	0.635
4202.968	0.635
4203.125	0.634
4203.307	0.636
4203.463	0.636
4203.645	0.636
4203.802	0.636
4203.958	0.636
4204.140	0.636
4204.297	0.636
4204.479	0.636
4204.635	0.636
4204.792	0.636
4204.973	0.636
4205.130	0.640
4205.312	0.639
4205.468	0.639
4205.625	0.641
4205.807	0.640
4205.963	0.641
4206.145	0.641
4206.302	0.641
4206.458	0.641
4206.640	0.641
4206.797	0.641
4206.979	0.646
4207.135	0.646
4207.292	0.646
4207.473	0.646
4207.630	0.646
4207.812	0.646
4207.968	0.646
4208.125	0.646
4208.307	0.646
4208.463	0.646
4208.645	0.646
4208.802	0.646
4208.958	0.648
4209.140	0.650
4209.297	0.651
4209.479	0.651
4209.635	0.651
4209.792	0.651
4209.973	0.651
4210.130	0.651
4210.312	0.651
4210.468	0.651
4210.625	0.652
4210.807	0.651
4210.963	0.651
4211.145	0.653
4211.302	0.655
4211.458	0.656
4211.640	0.656
4211.797	0.656
4211.979	0.656
4212.135	0.656
4212.292	0.656
4212.473	0.656
4212.630	0.656
4212.812	0.656
4212.968	0.656
4213.125	0.656
4213.307	0.656
4213.463	0.656
4213.645	0.656
4213.802	0.658
4213.958	0.657
4214.140	0.658
4214.297	0.659
4214.479	0.661
4214.635	0.661
4214.792	0.661
4214.973	0.661
4215.130	0.661
4215.312	0.661
4215.468	0.661
4215.625	0.661
4215.807	0.662
4215.963	0.661
4216.145	0.661
4216.302	0.661
4216.458	0.664
4216.640	0.664
4216.797	0.666
4216.979	0.665
4217.135	0.666
4217.292	0.666
4217.473	0.666
4217.630	0.666
4217.812	0.666
4217.968	0.666
4218.125	0.668
4218.307	0.670
4218.463	0.670
4218.645	0.670
4218.802	0.671
4218.958	0.671
4219.140	0.671
4219.297	0.671
4219.479	0.671
4219.635	0.671
4219.792	0.671
4219.973	0.671
4220.130	0.671
4220.312	0.672
4220.468	0.673
4220.625	0.675
4220.807	0.674
4220.963	0.675
4221.145	0.676
4221.302	0.676
4221.458	0.676
4221.640	0.676
4221.797	0.676
4221.979	0.676
4222.135	0.676
4222.292	0.676
4222.473	0.676
4222.630	0.676
4222.812	0.677
4222.968	0.677
4223.125	0.678
4223.307	0.678
4223.463	0.680
4223.645	0.681
4223.802	0.681
4223.958	0.681
4224.140	0.682
4224.297	0.681
4224.479	0.681
4224.635	0.681
4224.792	0.685
4224.973	0.683
4225.130	0.683
4225.312	0.683
4225.468	0.686
4225.625	0.687
4225.807	0.687
4225.963	0.687
4226.145	0.687
4226.302	0.687
4226.458	0.687
4226.640	0.687
4226.797	0.687
4226.979	0.687
4227.135	0.688
4227.292	0.689
4227.473	0.689
4227.630	0.690
4227.812	0.692
4227.968	0.692
4228.125	0.692
4228.307	0.692
4228.463	0.692
4228.645	0.692
4228.802	0.692
4228.958	0.692
4229.140	0.692
4229.297	0.692
4229.479	0.692
4229.635	0.693
4229.792	0.694
4229.973	0.693
4230.130	0.694
4230.312	0.696
4230.468	0.697
4230.625	0.697
4230.807	0.697
4230.963	0.697
4231.145	0.697
4231.302	0.697
4231.458	0.697
4231.640	0.697
4231.797	0.697
4231.979	0.697
4232.135	0.697
4232.292	0.699
4232.473	0.701
4232.630	0.701
4232.812	0.701
4232.968	0.701
4233.125	0.702
4233.307	0.702
4233.463	0.702
4233.645	0.702
4233.802	0.702
4233.958	0.702
4234.140	0.703
4234.297	0.702
4234.479	0.702
4234.635	0.704
4234.792	0.704
4234.973	0.705
4235.130	0.705
4235.312	0.706
4235.468	0.707
4235.625	0.707
4235.807	0.707
4235.963	0.707
4236.145	0.707
4236.302	0.708
4236.458	0.709
4236.640	0.709
4236.797	0.710
4236.979	0.709
4237.135	0.712
4237.292	0.711
4237.473	0.712
4237.630	0.712
4237.812	0.712
4237.968	0.712
4238.125	0.712
4238.307	0.712
4238.463	0.712
4238.645	0.712
4238.802	0.712
4238.958	0.715
4239.140	0.712
4239.297	0.715
4239.479	0.715
4239.635	0.716
4239.792	0.717
4239.973	0.717
4240.130	0.717
4240.312	0.717
4240.468	0.717
4240.625	0.717
4240.807	0.717
4240.963	0.717
4241.145	0.717
4241.302	0.717
4241.458	0.718
4241.640	0.721
4241.797	0.719
4241.979	0.719
4242.135	0.722
4242.292	0.722
4242.473	0.722
4242.630	0.722
4242.812	0.722
4242.968	0.722
4243.125	0.722
4243.307	0.722
4243.463	0.723
4243.645	0.724
4243.802	0.724
4243.958	0.726
4244.140	0.726
4244.297	0.726
4244.479	0.727
4244.635	0.727
4244.792	0.727
4244.973	0.727
4245.130	0.727
4245.312	0.727
4245.468	0.727
4245.625	0.727
4245.807	0.727
4245.963	0.727
4246.145	0.729
4246.302	0.730
4246.458	0.732
4246.640	0.732
4246.797	0.732
4246.979	0.732
4247.135	0.732
4247.292	0.732
4247.473	0.732
4247.630	0.732
4247.812	0.732
4247.968	0.732
4248.125	0.732
4248.307	0.733
4248.463	0.732
4248.645	0.732
4248.802	0.735
4248.958	0.736
4249.140	0.738
4249.297	0.736
4249.479	0.738
4249.635	0.738
4249.792	0.738
4249.973	0.738
4250.130	0.738
4250.312	0.738
4250.468	0.738
4250.625	0.738
4250.807	0.738
4250.963	0.738
4251.145	0.739
4251.302	0.741
4251.458	0.742
4251.640	0.742
4251.797	0.742
4251.979	0.743
4252.135	0.743
4252.292	0.743
4252.473	0.743
4252.630	0.743
4252.812	0.743
4252.968	0.743
4253.125	0.743
4253.307	0.747
4253.463	0.747
4253.645	0.748
4253.802	0.748
4253.958	0.748
4254.140	0.748
4254.297	0.748
4254.479	0.748
4254.635	0.748
4254.792	0.748
4254.973	0.748
4255.130	0.748
4255.312	0.748
4255.468	0.749
4255.625	0.748
4255.807	0.750
4255.963	0.753
4256.145	0.753
4256.302	0.753
4256.458	0.753
4256.640	0.753
4256.797	0.753
4256.979	0.753
4257.135	0.753
4257.292	0.753
4257.473	0.753
4257.630	0.753
4257.812	0.753
4257.968	0.753
4258.125	0.754
4258.307	0.755
4258.463	0.756
4258.645	0.758
4258.802	0.758
4258.958	0.758
4259.140	0.758
4259.297	0.758
4259.479	0.758
4259.635	0.758
4259.792	0.758
4259.973	0.758
4260.130	0.758
4260.312	0.758
4260.468	0.759
4260.625	0.761
4260.807	0.761
4260.963	0.762
4261.145	0.762
4261.302	0.763
4261.458	0.763
4261.640	0.763
4261.797	0.763
4261.979	0.763
4262.135	0.763
4262.292	0.764
4262.473	0.766
4262.630	0.768
4262.812	0.767
4262.968	0.768
4263.125	0.768
4263.307	0.768
4263.463	0.768
4263.645	0.768
4263.802	0.768
4263.958	0.768
4264.140	0.768
4264.297	0.768
4264.479	0.768
4264.635	0.769
4264.792	0.771
4264.973	0.770
4265.130	0.771
4265.312	0.772
4265.468	0.771
4265.625	0.773
4265.807	0.773
4265.963	0.773
4266.145	0.773
4266.302	0.773
4266.458	0.773
4266.640	0.773
4266.797	0.773
4266.979	0.775
4267.135	0.776
4267.292	0.775
4267.473	0.777
4267.630	0.778
4267.812	0.778
4267.968	0.778
4268.125	0.778
4268.307	0.778
4268.463	0.778
4268.645	0.778
4268.802	0.778
4268.958	0.778
4269.140	0.778
4269.297	0.778
4269.453	0.778
4269.635	0.779
4269.792	0.779
4269.973	0.781
4270.130	0.781
4270.312	0.783
4270.468	0.782
4270.625	0.783
4270.807	0.783
4270.963	0.783
4271.120	0.783
4271.302	0.783
4271.458	0.783
4271.640	0.784
4271.797	0.784
4271.979	0.785
4272.135	0.786
4272.292	0.787
4272.473	0.786
4272.630	0.786
4272.812	0.788
4272.968	0.788
4273.125	0.788
4273.307	0.788
4273.463	0.788
4273.620	0.788
4273.802	0.790
4273.958	0.788
4274.140	0.788
4274.297	0.790
4274.479	0.792
4274.635	0.791
4274.792	0.793
4274.973	0.793
4275.130	0.794
4275.312	0.794
4275.468	0.794
4275.625	0.794
4275.807	0.794
4275.963	0.794
4276.120	0.796
4276.302	0.794
4276.458	0.795
4276.640	0.797
4276.797	0.796
4276.953	0.796
4277.135	0.798
4277.292	0.799
4277.473	0.799
4277.630	0.798
4277.812	0.799
4277.968	0.799
4278.125	0.799
4278.307	0.799
4278.463	0.799
4278.620	0.799
4278.802	0.799
4278.958	0.799
4279.140	0.799
4279.297	0.800
4279.479	0.801
4279.635	0.802
4279.792	0.804
4279.973	0.804
4280.130	0.804
4280.287	0.802
4280.468	0.804
4280.625	0.805
4280.807	0.805
4280.963	0.805
4281.120	0.806
4281.302	0.808
4281.458	0.806
4281.640	0.809
4281.797	0.809
4281.953	0.809
4282.135	0.809
4282.292	0.809
4282.473	0.809
4282.630	0.809
4282.787	0.809
4282.968	0.809
4283.125	0.810
4283.307	0.809
4283.463	0.810
4283.620	0.811
4283.802	0.811
4283.958	0.813
4284.140	0.814
4284.297	0.814
4284.453	0.814
4284.635	0.814
4284.792	0.814
4284.973	0.814
4285.130	0.814
4285.287	0.815
4285.468	0.815
4285.625	0.817
4285.807	0.818
4285.963	0.819
4286.120	0.818
4286.302	0.818
4286.458	0.819
4286.640	0.819
4286.797	0.819
4286.953	0.819
4287.135	0.819
4287.292	0.819
4287.473	0.819
4287.630	0.819
4287.787	0.819
4287.968	0.819
4288.125	0.819
4288.307	0.821
4288.463	0.822
4288.620	0.822
4288.802	0.822
4288.958	0.824
4289.140	0.824
4289.297	0.824
4289.453	0.824
4289.635	0.824
4289.792	0.824
4289.973	0.824
4290.130	0.824
4290.287	0.824
4290.468	0.824
4290.625	0.828
4290.807	0.828
4290.963	0.828
4291.120	0.828
4291.302	0.829
4291.458	0.829
4291.640	0.829
4291.797	0.829
4291.953	0.829
4292.135	0.829
4292.292	0.829
4292.473	0.830
4292.630	0.832
4292.787	0.830
4292.968	0.834
4293.125	0.834
4293.307	0.834
4293.463	0.834
4293.620	0.834
4293.802	0.834
4293.958	0.834
4294.140	0.834
4294.297	0.834
4294.453	0.835
4294.635	0.834
4294.792	0.834
4294.973	0.835
4295.130	0.839
4295.287	0.839
4295.468	0.839
4295.625	0.839
4295.807	0.839
4295.963	0.839
4296.120	0.839
4296.302	0.839
4296.458	0.839
4296.640	0.839
4296.797	0.839
4296.953	0.839
4297.135	0.839
4297.292	0.841
4297.473	0.840
4297.630	0.841
4297.787	0.843
4297.968	0.845
4298.125	0.844
4298.307	0.845
4298.463	0.845
4298.620	0.845
4298.802	0.845
4298.958	0.845
4299.140	0.845
4299.297	0.847
4299.453	0.850
4299.635	0.849
4299.792	0.850
4299.973	0.850
4300.130	0.850
4300.287	0.850
4300.468	0.850
4300.625	0.850
4300.807	0.850
4300.963	0.850
4301.120	0.850
4301.302	0.851
4301.458	0.851
4301.640	0.852
4301.797	0.854
4301.953	0.854
4302.135	0.854
4302.292	0.855
4302.473	0.855
4302.630	0.855
4302.787	0.855
4302.968	0.855
4303.125	0.855
4303.307	0.855
4303.463	0.856
4303.620	0.855
4303.802	0.855
4303.958	0.859
4304.140	0.856
4304.297	0.858
4304.453	0.860
4304.635	0.860
4304.792	0.860
4304.973	0.860
4305.130	0.860
4305.287	0.860
4305.468	0.860
4305.625	0.860
4305.807	0.860
4305.963	0.861
4306.120	0.860
4306.302	0.860
4306.458	0.863
4306.640	0.862
4306.797	0.864
4306.953	0.865
4307.135	0.865
4307.292	0.865
4307.473	0.865
4307.630	0.865
4307.787	0.865
4307.968	0.865
4308.125	0.867
4308.307	0.867
4308.463	0.866
4308.620	0.869
4308.802	0.870
4308.958	0.870
4309.140	0.870
4309.297	0.870
4309.453	0.870
4309.635	0.870
4309.792	0.870
4309.973	0.870
4310.130	0.871
4310.287	0.872
4310.468	0.873
4310.625	0.873
4310.807	0.873
4310.963	0.875
4311.120	0.875
4311.302	0.875
4311.458	0.875
4311.640	0.875
4311.797	0.875
4311.953	0.875
4312.135	0.876
4312.292	0.875
4312.473	0.876
4312.630	0.878
4312.787	0.877
4312.968	0.879
4313.125	0.879
4313.307	0.880
4313.463	0.880
4313.620	0.880
4313.802	0.880
4313.958	0.880
4314.140	0.880
4314.297	0.880
4314.453	0.880
4314.635	0.880
4314.792	0.881
4314.973	0.880
4315.130	0.882
4315.287	0.885
4315.468	0.884
4315.625	0.884
4315.807	0.884
4315.963	0.884
4316.120	0.885
4316.302	0.885
4316.458	0.885
4316.640	0.885
4316.797	0.885
4316.953	0.885
4317.135	0.887
4317.292	0.886
4317.473	0.888
4317.630	0.888
4317.787	0.889
4317.968	0.890
4318.125	0.890
4318.307	0.890
4318.463	0.890
4318.620	0.891
4318.802	0.890
4318.958	0.891
4319.140	0.891
4319.297	0.892
4319.453	0.895
4319.635	0.896
4319.792	0.894
4319.973	0.895
4320.130	0.896
4320.287	0.896
4320.468	0.896
4320.625	0.896
4320.807	0.896
4320.963	0.896
4321.120	0.897
4321.302	0.900
4321.458	0.900
4321.640	0.900
4321.797	0.901
4321.953	0.901
4322.135	0.901
4322.292	0.901
4322.473	0.901
4322.630	0.901
4322.787	0.901
4322.968	0.901
4323.125	0.901
4323.307	0.901
4323.463	0.901
4323.620	0.901
4323.802	0.902
4323.958	0.902
4324.140	0.903
4324.297	0.905
4324.453	0.905
4324.635	0.906
4324.792	0.906
4324.973	0.906
4325.130	0.906
4325.287	0.906
4325.468	0.906
4325.625	0.906
4325.807	0.907
4325.963	0.907
4326.120	0.907
4326.302	0.910
4326.458	0.911
4326.640	0.911
4326.797	0.910
4326.953	0.911
4327.135	0.911
4327.292	0.911
4327.473	0.911
4327.630	0.911
4327.787	0.911
4327.968	0.914
4328.125	0.913
4328.307	0.914
4328.463	0.916
4328.620	0.916
4328.802	0.916
4328.958	0.916
4329.140	0.916
4329.297	0.916
4329.453	0.916
4329.635	0.916
4329.792	0.916
4329.973	0.916
4330.130	0.918
4330.287	0.917
4330.468	0.918
4330.625	0.920
4330.807	0.920
4330.963	0.920
4331.120	0.921
4331.302	0.921
4331.458	0.921
4331.640	0.921
4331.797	0.921
4331.953	0.921
4332.135	0.921
4332.292	0.921
4332.473	0.922
4332.630	0.922
4332.787	0.924
4332.968	0.924
4333.125	0.926
4333.307	0.926
4333.463	0.926
4333.620	0.926
4333.802	0.926
4333.958	0.926
4334.140	0.928
4334.297	0.927
4334.453	0.930
4334.635	0.930
4334.792	0.930
4334.973	0.931
4335.130	0.930
4335.287	0.931
4335.468	0.931
4335.625	0.931
4335.807	0.931
4335.963	0.931
4336.120	0.931
4336.302	0.931
4336.458	0.931
4336.640	0.933
4336.797	0.933
4336.953	0.934
4337.135	0.936
4337.292	0.933
4337.473	0.936
4337.630	0.936
4337.787	0.936
4337.968	0.936
4338.125	0.936
4338.307	0.936
4338.463	0.936
4338.620	0.937
4338.802	0.936
4338.958	0.936
4339.140	0.937
4339.297	0.937
4339.453	0.941
4339.635	0.941
4339.792	0.941
4339.973	0.941
4340.130	0.941
4340.287	0.941
4340.468	0.941
4340.625	0.941
4340.807	0.941
4340.963	0.941
4341.120	0.941
4341.302	0.941
4341.458	0.945
4341.640	0.943
4341.797	0.947
4341.953	0.945
4342.135	0.947
4342.292	0.947
4342.473	0.947
4342.630	0.947
4342.787	0.947
4342.968	0.947
4343.125	0.947
4343.307	0.947
4343.463	0.947
4343.620	0.947
4343.802	0.947
4343.958	0.948
4344.140	0.951
4344.297	0.951
4344.453	0.952
4344.635	0.952
4344.792	0.952
4344.973	0.952
4345.130	0.952
4345.287	0.952
4345.468	0.952
4345.625	0.954
4345.807	0.952
4345.963	0.954
4346.120	0.956
4346.302	0.957
4346.458	0.957
4346.640	0.957
4346.797	0.957
4346.953	0.957
4347.135	0.957
4347.292	0.957
4347.473	0.957
4347.630	0.957
4347.787	0.958
4347.968	0.958
4348.125	0.961
4348.307	0.961
4348.463	0.961
4348.620	0.962
4348.802	0.962
4348.958	0.962
4349.140	0.962
4349.297	0.962
4349.453	0.962
4349.635	0.962
4349.792	0.962
4349.973	0.962
4350.130	0.962
4350.287	0.962
4350.468	0.962
4350.625	0.963
4350.807	0.964
4350.963	0.964
4351.120	0.967
4351.302	0.967
4351.458	0.967
4351.640	0.966
4351.797	0.967
4351.953	0.967
4352.135	0.968
4352.292	0.969
4352.473	0.969
4352.630	0.969
4352.787	0.969
4352.968	0.971
4353.125	0.972
4353.307	0.972
4353.463	0.972
4353.620	0.972
4353.802	0.972
4353.958	0.972
4354.140	0.972
4354.297	0.972
4354.453	0.972
4354.635	0.973
4354.792	0.972
4354.973	0.975
4355.130	0.975
4355.287	0.975
4355.468	0.977
4355.625	0.977
4355.807	0.977
4355.963	0.977
4356.120	0.977
4356.302	0.977
4356.458	0.977
4356.640	0.978
4356.797	0.981
4356.953	0.980
4357.135	0.981
4357.292	0.981
4357.473	0.982
4357.630	0.982
4357.787	0.982
4357.968	0.982
4358.125	0.982
4358.307	0.982
4358.463	0.982
4358.620	0.982
4358.802	0.982
4358.958	0.982
4359.140	0.982
4359.297	0.984
4359.453	0.984
4359.635	0.986
4359.792	0.984
4359.973	0.986
4360.130	0.986
4360.287	0.986
4360.468	0.987
4360.625	0.987
4360.807	0.987
4360.963	0.987
4361.120	0.987
4361.302	0.988
4361.458	0.988
4361.640	0.988
4361.797	0.989
4361.953	0.992
4362.135	0.992
4362.292	0.992
4362.473	0.992
4362.630	0.992
4362.787	0.992
4362.968	0.992
4363.125	0.992
4363.307	0.992
4363.463	0.993
4363.620	0.995
4363.802	0.996
4363.958	0.998
4364.115	0.998
4364.297	0.998
4364.453	0.998
4364.635	0.998
4364.792	0.998
4364.948	0.998
4365.130	0.998
4365.287	0.998
4365.468	0.998
4365.625	0.998
4365.807	1.001
4365.963	1.002
4366.120	0.999
4366.302	1.000
4366.458	1.003
4366.640	1.003
4366.797	1.003
4366.953	1.003
4367.135	1.003
4367.292	1.003
4367.448	1.003
4367.630	1.003
4367.787	1.003
4367.968	1.003
4368.125	1.004
4368.307	1.004
4368.463	1.006
4368.620	1.008
4368.802	1.007
4368.958	1.008
4369.140	1.008
4369.297	1.008
4369.453	1.008
4369.635	1.008
4369.792	1.008
4369.948	1.008
4370.130	1.013
4370.287	1.013
4370.468	1.012
4370.625	1.013
4370.807	1.013
4370.963	1.013
4371.120	1.013
4371.302	1.013
4371.458	1.013
4371.640	1.013
4371.797	1.014
4371.953	1.016
4372.135	1.013
4372.292	1.016
4372.448	1.015
4372.630	1.018
4372.787	1.018
4372.968	1.018
4373.125	1.018
4373.282	1.018
4373.463	1.018
4373.620	1.018
4373.802	1.018
4373.958	1.019
4374.140	1.018
4374.297	1.020
4374.453	1.021
4374.635	1.021
4374.792	1.022
4374.973	1.023
4375.130	1.023
4375.287	1.023
4375.468	1.023
4375.625	1.023
4375.782	1.023
4375.963	1.023
4376.120	1.023
4376.302	1.025
4376.458	1.024
4376.640	1.026
4376.797	1.027
4376.953	1.027
4377.135	1.028
4377.292	1.028
4377.473	1.028
4377.630	1.028
4377.787	1.028
4377.968	1.029
4378.125	1.028
4378.282	1.031
4378.463	1.031
4378.620	1.032
4378.802	1.033
4378.958	1.033
4379.115	1.033
4379.297	1.033
4379.453	1.033
4379.635	1.033
4379.792	1.033
4379.973	1.033
4380.130	1.037
4380.287	1.034
4380.468	1.037
4380.625	1.037
4380.807	1.037
4380.963	1.038
4381.120	1.038
4381.302	1.038
4381.458	1.038
4381.615	1.038
4381.797	1.039
4381.953	1.039
4382.135	1.039
4382.292	1.038
4382.473	1.041
4382.630	1.041
4382.787	1.043
4382.968	1.043
4383.125	1.043
4383.307	1.043
4383.463	1.043
4383.620	1.043
4383.802	1.043
4383.958	1.043
4384.115	1.043
4384.297	1.043
4384.453	1.043
4384.635	1.043
4384.792	1.045
4384.973	1.044
4385.130	1.048
4385.287	1.048
4385.468	1.049
4385.625	1.049
4385.782	1.049
4385.963	1.049
4386.120	1.049
4386.302	1.049
4386.458	1.051
4386.640	1.053
4386.797	1.054
4386.953	1.054
4387.135	1.054
4387.292	1.054
4387.448	1.054
4387.630	1.054
4387.787	1.054
4387.968	1.054
4388.125	1.054
4388.307	1.055
4388.463	1.057
4388.620	1.058
4388.802	1.059
4388.958	1.059
4389.140	1.059
4389.297	1.059
4389.453	1.059
4389.635	1.059
4389.792	1.059
4389.948	1.060
4390.130	1.060
4390.287	1.060
4390.468	1.063
4390.625	1.063
4390.807	1.064
4390.963	1.064
4391.120	1.064
4391.302	1.064
4391.458	1.064
4391.615	1.064
4391.797	1.064
4391.953	1.064
4392.135	1.065
4392.292	1.064
4392.473	1.064
4392.630	1.065
4392.787	1.066
4392.968	1.067
4393.125	1.069
4393.282	1.069
4393.463	1.069
4393.620	1.069
4393.802	1.069
4393.958	1.069
4394.140	1.069
4394.297	1.069
4394.453	1.070
4394.635	1.072
4394.792	1.072
4394.948	1.074
4395.130	1.074
4395.287	1.074
4395.468	1.074
4395.625	1.074
4395.782	1.074
4395.963	1.075
4396.120	1.074
4396.302	1.077
4396.458	1.077
4396.615	1.077
4396.797	1.079
4396.953	1.078
4397.135	1.079
4397.292	1.079
4397.448	1.079
4397.630	1.079
4397.787	1.079
4397.968	1.079
4398.125	1.079
4398.307	1.081
4398.463	1.080
4398.620	1.081
4398.802	1.084
4398.958	1.084
4399.115	1.084
4399.297	1.084
4399.453	1.084
4399.635	1.084
4399.792	1.084
4399.948	1.084
4400.130	1.085
4400.287	1.085
4400.468	1.084
4400.625	1.088
4400.782	1.089
4400.963	1.089
4401.120	1.089
4401.302	1.089
4401.458	1.089
4401.615	1.089
4401.797	1.093
4401.953	1.093
4402.135	1.094
4402.292	1.093
4402.448	1.094
4402.630	1.094
4402.787	1.094
4402.968	1.094
4403.125	1.094
4403.282	1.094
4403.463	1.094
4403.620	1.094
4403.802	1.095
4403.958	1.097
4404.115	1.099
4404.297	1.099
4404.453	1.099
4404.635	1.099
4404.792	1.099
4404.948	1.099
4405.130	1.099
4405.287	1.099
4405.468	1.099
4405.625	1.103
4405.782	1.105
4405.963	1.103
4406.120	1.104
4406.302	1.105
4406.458	1.105
4406.615	1.105
4406.797	1.105
4406.953	1.105
4407.135	1.105
4407.292	1.105
4407.448	1.105
4407.630	1.105
4407.787	1.105
4407.968	1.105
4408.125	1.106
4408.282	1.107
4408.463	1.107
4408.620	1.110
4408.802	1.110
4408.958	1.110
4409.115	1.110
4409.297	1.110
4409.453	1.110
4409.635	1.111
4409.792	1.111
4409.948	1.113
4410.130	1.114
4410.287	1.113
4410.468	1.112
4410.625	1.114
4410.782	1.115
4410.963	1.115
4411.120	1.115
4411.302	1.115
4411.458	1.116
4411.615	1.116
4411.797	1.118
4411.953	1.117
4412.135	1.120
4412.292	1.120
4412.448	1.120
4412.630	1.120
4412.787	1.120
4412.968	1.120
4413.125	1.120
4413.282	1.120
4413.463	1.120
4413.620	1.123
4413.802	1.123
4413.958	1.125
4414.115	1.125
4414.297	1.125
4414.453	1.125
4414.635	1.125
4414.792	1.125
4414.948	1.125
4415.130	1.125
4415.287	1.125
4415.468	1.126
4415.625	1.125
4415.782	1.128
4415.963	1.128
4416.120	1.129
4416.302	1.130
4416.458	1.130
4416.615	1.130
4416.797	1.130
4416.953	1.130
4417.135	1.131
4417.292	1.131
4417.448	1.132
4417.630	1.133
4417.787	1.135
4417.968	1.135
4418.125	1.135
4418.282	1.135
4418.463	1.135
4418.620	1.135
4418.802	1.135
4418.958	1.135
4419.115	1.135
4419.297	1.135
4419.453	1.135
4419.635	1.138
4419.792	1.138
4419.948	1.140
4420.130	1.140
4420.287	1.140
4420.468	1.140
4420.625	1.140
4420.782	1.140
4420.963	1.140
4421.120	1.141
4421.302	1.141
4421.458	1.141
4421.615	1.145
4421.797	1.145
4421.953	1.145
4422.135	1.145
4422.292	1.145
4422.448	1.145
4422.630	1.145
4422.787	1.145
4422.968	1.145
4423.125	1.145
4423.282	1.145
4423.463	1.145
4423.620	1.146
4423.802	1.146
4423.958	1.148
4424.115	1.150
4424.297	1.149
4424.453	1.150
4424.635	1.150
4424.792	1.150
4424.948	1.150
4425.130	1.150
4425.287	1.150
4425.468	1.150
4425.625	1.153
4425.782	1.155
4425.963	1.153
4426.120	1.156
4426.302	1.156
4426.458	1.156
4426.615	1.156
4426.797	1.156
4426.953	1.156
4427.135	1.156
4427.292	1.156
4427.448	1.156
4427.630	1.158
4427.787	1.161
4427.968	1.160
4428.125	1.161
4428.282	1.161
4428.463	1.160
4428.620	1.161
4428.802	1.161
4428.958	1.161
4429.115	1.161
4429.297	1.161
4429.453	1.162
4429.635	1.163
4429.792	1.164
4429.948	1.162
4430.130	1.165
4430.287	1.166
4430.468	1.166
4430.625	1.166
4430.782	1.166
4430.963	1.166
4431.120	1.166
4431.302	1.166
4431.458	1.166
4431.615	1.166
4431.797	1.167
4431.953	1.169
4432.135	1.171
4432.292	1.169
4432.448	1.171
4432.630	1.171
4432.787	1.171
4432.968	1.171
4433.125	1.173
4433.282	1.174
4433.463	1.176
4433.620	1.175
4433.802	1.176
4433.958	1.175
4434.115	1.175
4434.297	1.176
4434.453	1.176
4434.635	1.176
4434.792	1.177
4434.948	1.176
4435.130	1.177
4435.287	1.179
4435.468	1.181
4435.625	1.181
4435.782	1.181
4435.963	1.181
4436.120	1.181
4436.302	1.181
4436.458	1.181
4436.615	1.182
4436.797	1.184
4436.953	1.184
4437.135	1.184
4437.292	1.183
4437.448	1.186
4437.630	1.185
4437.787	1.185
4437.968	1.186
4438.125	1.186
4438.282	1.186
4438.463	1.187
4438.620	1.186
4438.802	1.187
4438.958	1.186
4439.115	1.189
4439.297	1.188
4439.453	1.190
4439.635	1.190
4439.792	1.191
4439.948	1.191
4440.130	1.191
4440.287	1.191
4440.468	1.191
4440.625	1.191
4440.782	1.192
4440.963	1.194
4441.120	1.194
4441.302	1.196
4441.458	1.196
4441.615	1.196
4441.797	1.196
4441.953	1.196
4442.135	1.196
4442.292	1.196
4442.448	1.196
4442.630	1.197
4442.787	1.200
4442.968	1.201
4443.125	1.201
4443.282	1.201
4443.463	1.201
4443.620	1.201
4443.802	1.201
4443.958	1.201
4444.115	1.201
4444.297	1.203
4444.453	1.203
4444.635	1.207
4444.792	1.207
4444.948	1.207
4445.130	1.207
4445.287	1.207
4445.468	1.207
4445.625	1.207
4445.782	1.207
4445.963	1.207
4446.120	1.207
4446.302	1.208
4446.458	1.207
4446.615	1.208
4446.797	1.211
4446.953	1.209
4447.135	1.212
4447.292	1.212
4447.448	1.212
4447.630	1.213
4447.787	1.213
4447.968	1.213
4448.125	1.214
4448.282	1.217
4448.463	1.216
4448.620	1.217
4448.802	1.217
4448.958	1.217
4449.115	1.217
4449.297	1.217
4449.453	1.217
4449.610	1.217
4449.792	1.218
4449.948	1.218
4450.130	1.219
4450.287	1.222
4450.468	1.222
4450.625	1.222
4450.782	1.222
4450.963	1.222
4451.120	1.223
4451.277	1.222
4451.458	1.222
4451.615	1.225
4451.797	1.226
4451.953	1.227
4452.135	1.227
4452.292	1.227
4452.448	1.227
4452.630	1.227
4452.787	1.227
4452.943	1.227
4453.125	1.227
4453.282	1.227
4453.463	1.227
4453.620	1.230
4453.777	1.230
4453.958	1.230
4454.115	1.230
4454.297	1.231
4454.453	1.232
4454.610	1.232
4454.792	1.232
4454.948	1.234
4455.130	1.234
4455.287	1.235
4455.468	1.237
4455.625	1.236
4455.782	1.237
4455.963	1.237
4456.120	1.237
4456.277	1.237
4456.458	1.237
4456.615	1.237
4456.797	1.237
4456.953	1.240
4457.135	1.241
4457.292	1.242
4457.448	1.242
4457.630	1.242
4457.787	1.242
4457.968	1.242
4458.125	1.242
4458.282	1.243
4458.463	1.243
4458.620	1.243
4458.802	1.244
4458.958	1.245
4459.115	1.244
4459.297	1.246
4459.453	1.247
4459.635	1.247
4459.792	1.247
4459.948	1.247
4460.130	1.247
4460.287	1.247
4460.443	1.247
4460.625	1.251
4460.782	1.252
4460.963	1.252
4461.120	1.252
4461.302	1.251
4461.458	1.252
4461.615	1.252
4461.797	1.252
4461.953	1.252
4462.110	1.252
4462.292	1.253
4462.448	1.256
4462.630	1.258
4462.787	1.257
4462.968	1.257
4463.125	1.258
4463.282	1.258
4463.463	1.258
4463.620	1.258
4463.802	1.258
4463.958	1.258
4464.115	1.259
4464.297	1.259
4464.453	1.260
4464.610	1.262
4464.792	1.263
4464.948	1.263
4465.130	1.263
4465.287	1.263
4465.443	1.263
4465.625	1.263
4465.782	1.263
4465.963	1.266
4466.120	1.266
4466.277	1.267
4466.458	1.268
4466.615	1.268
4466.797	1.268
4466.953	1.268
4467.135	1.268
4467.292	1.268
4467.448	1.268
4467.630	1.268
4467.787	1.269
4467.968	1.268
4468.125	1.269
4468.282	1.269
4468.463	1.271
4468.620	1.273
4468.777	1.273
4468.958	1.273
4469.115	1.273
4469.297	1.273
4469.453	1.273
4469.635	1.273
4469.792	1.274
4469.948	1.275
4470.130	1.275
4470.287	1.276
4470.443	1.278
4470.625	1.278
4470.782	1.278
4470.963	1.279
4471.120	1.280
4471.302	1.279
4471.458	1.283
4471.615	1.281
4471.797	1.282
4471.953	1.283
4472.135	1.283
4472.292	1.283
4472.448	1.283
4472.630	1.285
4472.787	1.287
4472.968	1.287
4473.125	1.288
4473.282	1.288
4473.463	1.288
4473.620	1.288
4473.802	1.288
4473.958	1.288
4474.115	1.288
4474.297	1.288
4474.453	1.288
4474.635	1.288
4474.792	1.292
4474.948	1.291
4475.130	1.292
4475.287	1.293
4475.468	1.293
4475.625	1.293
4475.782	1.293
4475.963	1.293
4476.120	1.293
4476.302	1.295
4476.458	1.297
4476.615	1.298
4476.797	1.298
4476.953	1.298
4477.110	1.298
4477.292	1.298
4477.448	1.298
4477.630	1.298
4477.787	1.298
4477.943	1.298
4478.125	1.300
4478.282	1.303
4478.463	1.303
4478.620	1.303
4478.777	1.303
4478.958	1.303
4479.115	1.303
4479.297	1.303
4479.453	1.307
4479.635	1.308
4479.792	1.308
4479.948	1.308
4480.130	1.309
4480.287	1.309
4480.443	1.309
4480.625	1.309
4480.782	1.309
4480.963	1.309
4481.120	1.309
4481.277	1.310
4481.458	1.310
4481.615	1.310
4481.797	1.313
4481.953	1.314
4482.135	1.314
4482.292	1.314
4482.448	1.314
4482.630	1.314
4482.787	1.314
4482.943	1.315
4483.125	1.319
4483.282	1.319
4483.463	1.319
4483.620	1.318
4483.777	1.319
4483.958	1.319
4484.115	1.319
4484.297	1.320
4484.453	1.319
4484.610	1.319
4484.792	1.321
4484.948	1.322
4485.130	1.323
4485.287	1.324
4485.443	1.324
4485.625	1.324
4485.782	1.324
4485.963	1.324
4486.120	1.325
4486.277	1.325
4486.458	1.326
4486.615	1.327
4486.797	1.328
4486.953	1.329
4487.135	1.329
4487.292	1.329
4487.448	1.329
4487.630	1.329
4487.787	1.329
4487.968	1.329
4488.125	1.329
4488.282	1.331
4488.463	1.333
4488.620	1.334
4488.802	1.334
4488.958	1.336
4489.115	1.336
4489.297	1.336
4489.453	1.337
4489.610	1.338
4489.792	1.339
4489.948	1.339
4490.130	1.339
4490.287	1.339
4490.443	1.339
4490.625	1.339
4490.782	1.341
4490.963	1.343
4491.120	1.343
4491.277	1.343
4491.458	1.344
4491.615	1.344
4491.797	1.344
4491.953	1.344
4492.110	1.344
4492.292	1.344
4492.448	1.344
4492.630	1.344
4492.787	1.344
4492.943	1.346
4493.125	1.346
4493.282	1.348
4493.463	1.349
4493.620	1.349
4493.777	1.349
4493.958	1.349
4494.115	1.349
4494.297	1.349
4494.453	1.350
4494.610	1.353
4494.792	1.353
4494.948	1.354
4495.130	1.354
4495.287	1.354
4495.443	1.355
4495.625	1.354
4495.782	1.358
4495.963	1.357
4496.120	1.359
4496.277	1.359
4496.458	1.360
4496.615	1.360
4496.797	1.360
4496.953	1.360
4497.110	1.360
4497.292	1.364
4497.448	1.364
4497.630	1.365
4497.787	1.365
4497.968	1.365
4498.125	1.365
4498.282	1.365
4498.463	1.365
4498.620	1.365
4498.777	1.366
4498.958	1.368
4499.115	1.366
4499.297	1.369
4499.453	1.370
4499.610	1.370
4499.792	1.370
4499.948	1.370
4500.130	1.370
4500.287	1.370
4500.468	1.370
4500.625	1.370
4500.782	1.371
4500.963	1.371
4501.120	1.375
4501.277	1.374
4501.458	1.375
4501.615	1.375
4501.797	1.375
4501.953	1.375
4502.110	1.376
4502.292	1.378
4502.448	1.379
4502.630	1.379
4502.787	1.380
4502.943	1.380
4503.125	1.380
4503.282	1.380
4503.463	1.380
4503.620	1.380
4503.777	1.380
4503.958	1.382
4504.115	1.382
4504.297	1.384
4504.453	1.385
4504.610	1.385
4504.792	1.385
4504.948	1.385
4505.130	1.386
4505.287	1.385
4505.443	1.386
4505.625	1.387
4505.782	1.389
4505.963	1.390
4506.120	1.390
4506.277	1.390
4506.458	1.390
4506.615	1.390
4506.797	1.390
4506.953	1.390
4507.110	1.390
4507.292	1.390
4507.448	1.392
4507.630	1.391
4507.787	1.395
4507.943	1.394
4508.125	1.395
4508.282	1.395
4508.463	1.395
4508.620	1.395
4508.777	1.396
4508.958	1.396
4509.115	1.399
4509.297	1.399
4509.453	1.400
4509.610	1.400
4509.792	1.400
4509.948	1.400
4510.130	1.400
4510.287	1.400
4510.443	1.401
4510.625	1.402
4510.782	1.405
4510.963	1.404
4511.120	1.405
4511.277	1.405
4511.458	1.405
4511.615	1.405
4511.797	1.405
4511.953	1.406
4512.110	1.405
4512.292	1.410
4512.448	1.411
4512.630	1.411
4512.787	1.411
4512.943	1.411
4513.125	1.411
4513.282	1.411
4513.463	1.411
4513.620	1.411
4513.777	1.412
4513.958	1.413
4514.115	1.414
4514.297	1.415
4514.453	1.416
4514.610	1.416
4514.792	1.416
4514.948	1.416
4515.130	1.418
4515.287	1.420
4515.443	1.421
4515.625	1.420
4515.782	1.421
4515.963	1.420
4516.120	1.421
4516.277	1.421
4516.458	1.421
4516.615	1.421
4516.797	1.421
4516.953	1.421
4517.110	1.421
4517.292	1.422
4517.448	1.426
4517.630	1.426
4517.787	1.426
4517.943	1.426
4518.125	1.426
4518.282	1.426
4518.463	1.427
4518.620	1.427
4518.777	1.429
4518.958	1.431
4519.115	1.431
4519.297	1.431
4519.453	1.431
4519.610	1.431
4519.792	1.431
4519.948	1.431
4520.130	1.431
4520.287	1.431
4520.443	1.431
4520.625	1.431
4520.782	1.433
4520.963	1.434
4521.120	1.436
4521.277	1.436
4521.458	1.435
4521.615	1.436
4521.797	1.436
4521.953	1.436
4522.110	1.436
4522.292	1.436
4522.448	1.437
4522.630	1.440
4522.787	1.439
4522.943	1.440
4523.125	1.441
4523.282	1.441
4523.463	1.441
4523.620	1.442
4523.777	1.442
4523.958	1.443
4524.115	1.444
4524.297	1.446
4524.453	1.444
4524.610	1.445
4524.792	1.446
4524.948	1.446
4525.130	1.446
4525.287	1.446
4525.443	1.446
4525.625	1.446
4525.782	1.447
4525.963	1.448
4526.120	1.450
4526.277	1.450
4526.458	1.451
4526.615	1.451
4526.797	1.451
4526.953	1.451
4527.110	1.451
4527.292	1.451
4527.448	1.451
4527.630	1.452
4527.787	1.451
4527.943	1.453
4528.125	1.454
4528.282	1.454
4528.463	1.456
4528.620	1.455
4528.777	1.456
4528.958	1.456
4529.115	1.456
4529.297	1.456
4529.453	1.456
4529.610	1.457
4529.792	1.460
4529.948	1.461
4530.130	1.461
4530.287	1.461
4530.443	1.461
4530.625	1.461
4530.782	1.461
4530.963	1.461
4531.120	1.462
4531.277	1.462
4531.458	1.466
4531.615	1.463
4531.797	1.467
4531.953	1.467
4532.110	1.467
4532.292	1.467
4532.448	1.467
4532.630	1.467
4532.787	1.467
4532.943	1.467
4533.125	1.467
4533.282	1.467
4533.463	1.468
4533.620	1.467
4533.777	1.468
4533.958	1.470
4534.115	1.472
4534.297	1.472
4534.453	1.472
4534.610	1.472
4534.792	1.472
4534.948	1.472
4535.130	1.472
4535.287	1.472
4535.443	1.472
4535.625	1.473
4535.782	1.476
4535.963	1.474
4536.120	1.476
4536.277	1.476
4536.458	1.477
4536.615	1.477
4536.797	1.477
4536.953	1.477
4537.110	1.477
4537.292	1.479
4537.448	1.478
4537.630	1.479
4537.787	1.481
4537.943	1.482
4538.125	1.480
4538.282	1.482
4538.463	1.482
4538.620	1.482
4538.777	1.482
4538.958	1.482
4539.115	1.483
4539.297	1.483
4539.453	1.485
4539.610	1.485
4539.792	1.487
4539.948	1.487
4540.130	1.486
4540.287	1.487
4540.443	1.487
4540.625	1.487
4540.782	1.487
4540.963	1.487
4541.120	1.487
4541.277	1.487
4541.458	1.487
4541.615	1.489
4541.797	1.490
4541.953	1.491
4542.110	1.489
4542.292	1.492
4542.448	1.492
4542.630	1.492
4542.787	1.492
4542.943	1.492
4543.125	1.492
4543.282	1.492
4543.463	1.492
4543.620	1.494
4543.777	1.494
4543.958	1.496
4544.115	1.495
4544.297	1.496
4544.453	1.496
4544.610	1.497
4544.792	1.497
4544.948	1.497
4545.130	1.498
4545.287	1.499
4545.443	1.500
4545.625	1.501
4545.782	1.502
4545.963	1.502
4546.120	1.502
4546.277	1.502
4546.458	1.502
4546.615	1.502
4546.797	1.502
4546.953	1.502
4547.110	1.502
4547.292	1.503
4547.448	1.505
4547.630	1.507
4547.787	1.507
4547.943	1.507
4548.125	1.507
4548.282	1.507
4548.463	1.507
4548.620	1.507
4548.777	1.507
4548.958	1.508
4549.115	1.507
4549.297	1.507
4549.453	1.507
4549.610	1.507
4549.792	1.507
4549.948	1.508
4550.130	1.511
4550.287	1.512
4550.443	1.511
4550.625	1.512
4550.782	1.512
4550.963	1.512
4551.120	1.512
4551.277	1.512
4551.458	1.512
4551.615	1.512
4551.797	1.512
4551.953	1.513
4552.110	1.514
4552.292	1.512
4552.448	1.518
4552.630	1.518
4552.787	1.518
4552.943	1.518
4553.125	1.518
4553.282	1.518
4553.463	1.518
4553.620	1.518
4553.777	1.520
4553.958	1.522
4554.115	1.522
4554.297	1.523
4554.453	1.521
4554.610	1.523
4554.792	1.523
4554.948	1.523
4555.130	1.523
4555.287	1.523
4555.443	1.524
4555.625	1.523
4555.782	1.524
4555.963	1.525
4556.120	1.525
4556.277	1.526
4556.458	1.527
4556.615	1.527
4556.797	1.528
4556.953	1.528
4557.110	1.528
4557.292	1.528
4557.448	1.529
4557.630	1.531
4557.787	1.533
4557.943	1.532
4558.125	1.533
4558.282	1.533
4558.463	1.533
4558.620	1.533
4558.777	1.533
4558.958	1.533
4559.115	1.533
4559.297	1.533
4559.453	1.533
4559.610	1.533
4559.792	1.534
4559.948	1.533
4560.130	1.533
4560.287	1.534
4560.443	1.534
4560.625	1.536
4560.782	1.536
4560.963	1.537
4561.120	1.538
4561.277	1.538
4561.458	1.538
4561.615	1.539
4561.797	1.538
4561.953	1.540
4562.110	1.539
4562.292	1.542
4562.448	1.541
4562.630	1.542
4562.787	1.542
4562.943	1.543
4563.125	1.543
4563.282	1.543
4563.463	1.543
4563.620	1.543
4563.777	1.543
4563.958	1.543
4564.115	1.543
4564.297	1.544
4564.453	1.546
4564.610	1.547
4564.792	1.547
4564.948	1.548
4565.130	1.546
4565.287	1.548
4565.443	1.548
4565.625	1.548
4565.782	1.548
4565.963	1.548
4566.120	1.551
4566.277	1.548
4566.458	1.552
4566.615	1.551
4566.797	1.552
4566.953	1.553
4567.110	1.553
4567.292	1.553
4567.448	1.553
4567.630	1.553
4567.787	1.553
4567.943	1.553
4568.125	1.553
4568.282	1.553
4568.437	1.553
4568.620	1.553
4568.777	1.553
4568.958	1.553
4569.115	1.553
4569.270	1.555
4569.453	1.553
4569.610	1.556
4569.792	1.558
4569.948	1.558
4570.130	1.558
4570.287	1.558
4570.443	1.558
4570.625	1.558
4570.782	1.558
4570.937	1.558
4571.120	1.560
4571.277	1.560
4571.458	1.561
4571.615	1.563
4571.797	1.563
4571.953	1.563
4572.110	1.563
4572.292	1.563
4572.448	1.563
4572.630	1.563
4572.787	1.563
4572.943	1.563
4573.125	1.563
4573.282	1.563
4573.437	1.563
4573.620	1.564
4573.777	1.565
4573.958	1.566
4574.115	1.569
4574.297	1.568
4574.453	1.569
4574.610	1.569
4574.792	1.569
4574.948	1.569
4575.104	1.569
4575.287	1.569
4575.443	1.569
4575.625	1.569
4575.782	1.569
4575.937	1.569
4576.120	1.570
4576.277	1.571
4576.458	1.571
4576.615	1.573
4576.797	1.574
4576.953	1.574
4577.110	1.574
4577.292	1.574
4577.448	1.574
4577.604	1.574
4577.787	1.574
4577.943	1.574
4578.125	1.574
4578.282	1.574
4578.437	1.575
4578.620	1.577
4578.777	1.576
4578.958	1.578
4579.115	1.579
4579.270	1.579
4579.453	1.579
4579.610	1.579
4579.792	1.579
4579.948	1.579
4580.104	1.579
4580.287	1.579
4580.443	1.581
4580.625	1.583
4580.782	1.583
4580.963	1.584
4581.120	1.584
4581.277	1.584
4581.458	1.584
4581.615	1.584
4581.770	1.584
4581.953	1.584
4582.110	1.584
4582.292	1.584
4582.448	1.584
4582.604	1.585
4582.787	1.585
4582.943	1.585
4583.125	1.586
4583.282	1.586
4583.437	1.589
4583.620	1.589
4583.777	1.588
4583.958	1.589
4584.115	1.588
4584.270	1.589
4584.453	1.589
4584.610	1.589
4584.792	1.589
4584.948	1.589
4585.104	1.589
4585.287	1.589
4585.443	1.591
4585.625	1.591
4585.782	1.593
4585.937	1.594
4586.120	1.594
4586.277	1.594
4586.458	1.594
4586.615	1.594
4586.770	1.594
4586.953	1.594
4587.110	1.594
4587.292	1.594
4587.448	1.594
4587.604	1.594
4587.787	1.595
4587.943	1.594
4588.125	1.594
4588.282	1.595
4588.437	1.595
4588.620	1.598
4588.777	1.598
4588.958	1.599
4589.115	1.599
4589.270	1.599
4589.453	1.599
4589.610	1.599
4589.792	1.599
4589.948	1.599
4590.104	1.599
4590.287	1.599
4590.443	1.599
4590.625	1.602
4590.782	1.601
4590.963	1.603
4591.120	1.604
4591.277	1.603
4591.458	1.604
4591.615	1.604
4591.770	1.604
4591.953	1.604
4592.110	1.604
4592.292	1.604
4592.448	1.606
4592.604	1.606
4592.787	1.606
4592.943	1.608
4593.125	1.609
4593.282	1.609
4593.437	1.609
4593.620	1.609
4593.777	1.609
4593.958	1.609
4594.115	1.609
4594.270	1.609
4594.453	1.609
4594.610	1.611
4594.792	1.611
4594.948	1.613
4595.104	1.613
4595.287	1.614
4595.443	1.613
4595.625	1.614
4595.782	1.614
4595.937	1.614
4596.120	1.614
4596.277	1.614
4596.458	1.614
4596.615	1.614
4596.770	1.614
4596.953	1.614
4597.110	1.614
4597.292	1.614
4597.448	1.615
4597.604	1.615
4597.787	1.616
4597.943	1.616
4598.125	1.617
4598.282	1.616
4598.437	1.617
4598.620	1.616
4598.777	1.618
4598.958	1.620
4599.115	1.620
4599.297	1.620
4599.453	1.620
4599.610	1.620
4599.792	1.621
4599.948	1.620
4600.104	1.622
4600.287	1.623
4600.443	1.625
4600.625	1.625
4600.782	1.625
4600.937	1.625
4601.120	1.625
4601.277	1.625
4601.458	1.625
4601.615	1.625
4601.770	1.625
4601.953	1.625
4602.110	1.626
4602.292	1.629
4602.448	1.630
4602.604	1.629
4602.787	1.630
4602.943	1.630
4603.125	1.630
4603.282	1.630
4603.437	1.630
4603.620	1.630
4603.777	1.630
4603.958	1.630
4604.115	1.630
4604.270	1.630
4604.453	1.630
4604.610	1.631
4604.792	1.632
4604.948	1.631
4605.104	1.632
4605.287	1.633
4605.443	1.635
4605.625	1.634
4605.782	1.635
4605.937	1.635
4606.120	1.635
4606.277	1.635
4606.458	1.635
4606.615	1.635
4606.770	1.635
4606.953	1.635
4607.110	1.635
4607.292	1.636
4607.448	1.635
4607.604	1.636
4607.787	1.636
4607.943	1.637
4608.125	1.637
4608.282	1.639
4608.437	1.640
4608.620	1.640
4608.777	1.640
4608.958	1.640
4609.115	1.640
4609.270	1.640
4609.453	1.640
4609.610	1.640
4609.792	1.640
4609.948	1.640
4610.104	1.642
4610.287	1.642
4610.443	1.642
4610.625	1.642
4610.782	1.644
4610.937	1.645
4611.120	1.645
4611.277	1.645
4611.458	1.645
4611.615	1.645
4611.770	1.645
4611.953	1.645
4612.110	1.646
4612.292	1.647
4612.448	1.646
4612.604	1.647
4612.787	1.648
4612.943	1.650
4613.125	1.650
4613.282	1.650
4613.437	1.650
4613.620	1.650
4613.777	1.650
4613.958	1.650
4614.115	1.650
4614.270	1.650
4614.453	1.650
4614.610	1.650
4614.792	1.650
4614.948	1.650
4615.104	1.650
4615.287	1.650
4615.443	1.652
4615.625	1.652
4615.782	1.654
4615.937	1.655
4616.120	1.654
4616.277	1.655
4616.458	1.655
4616.615	1.655
4616.770	1.655
4616.953	1.655
4617.110	1.655
4617.292	1.655
4617.448	1.655
4617.604	1.656
4617.787	1.655
4617.943	1.656
4618.125	1.658
4618.282	1.659
4618.437	1.660
4618.620	1.659
4618.777	1.659
4618.958	1.660
4619.115	1.660
4619.270	1.660
4619.453	1.660
4619.610	1.660
4619.792	1.662
4619.948	1.662
4620.104	1.662
4620.287	1.665
4620.443	1.665
4620.625	1.665
4620.782	1.665
4620.937	1.665
4621.120	1.665
4621.277	1.665
4621.458	1.665
4621.615	1.665
4621.770	1.665
4621.953	1.665
4622.110	1.665
4622.292	1.665
4622.448	1.665
4622.604	1.665
4622.787	1.666
4622.943	1.666
4623.125	1.669
4623.282	1.667
4623.437	1.670
4623.620	1.669
4623.777	1.671
4623.958	1.671
4624.115	1.671
4624.270	1.671
4624.453	1.671
4624.610	1.671
4624.792	1.671
4624.948	1.671
4625.104	1.671
4625.287	1.671
4625.443	1.671
4625.625	1.671
4625.782	1.671
4625.937	1.673
4626.120	1.675
4626.277	1.672
4626.458	1.673
4626.615	1.674
4626.770	1.676
4626.953	1.676
4627.110	1.676
4627.292	1.676
4627.448	1.676
4627.604	1.676
4627.787	1.676
4627.943	1.676
4628.125	1.676
4628.282	1.676
4628.437	1.676
4628.620	1.676
4628.777	1.679
4628.958	1.679
4629.115	1.676
4629.270	1.678
4629.453	1.679
4629.610	1.681
4629.792	1.680
4629.948	1.681
4630.104	1.681
4630.287	1.681
4630.443	1.681
4630.625	1.681
4630.782	1.681
4630.937	1.681
4631.120	1.682
4631.277	1.681
4631.458	1.683
4631.615	1.684
4631.770	1.682
4631.953	1.684
4632.110	1.685
4632.292	1.685
4632.448	1.686
4632.604	1.685
4632.787	1.686
4632.943	1.686
4633.125	1.686
4633.282	1.686
4633.437	1.686
4633.620	1.687
4633.777	1.688
4633.958	1.688
4634.115	1.688
4634.270	1.691
4634.453	1.691
4634.610	1.690
4634.792	1.691
4634.948	1.691
4635.104	1.691
4635.287	1.691
4635.443	1.691
4635.625	1.691
4635.782	1.691
4635.937	1.691
4636.120	1.691
4636.277	1.693
4636.458	1.695
4636.615	1.691
4636.770	1.694
4636.953	1.696
4637.110	1.696
4637.292	1.696
4637.448	1.695
4637.604	1.696
4637.787	1.696
4637.943	1.696
4638.125	1.696
4638.282	1.696
4638.437	1.696
4638.620	1.696
4638.777	1.696
4638.958	1.696
4639.115	1.696
4639.270	1.696
4639.453	1.696
4639.610	1.696
4639.792	1.697
4639.948	1.696
4640.104	1.696
4640.287	1.699
4640.443	1.701
4640.625	1.701
4640.782	1.701
4640.937	1.701
4641.120	1.701
4641.277	1.701
4641.458	1.701
4641.615	1.701
4641.770	1.701
4641.953	1.703
4642.110	1.702
4642.292	1.703
4642.448	1.705
4642.604	1.705
4642.787	1.706
4642.943	1.706
4643.125	1.706
4643.282	1.706
4643.437	1.706
4643.620	1.706
4643.777	1.706
4643.958	1.706
4644.115	1.706
4644.270	1.706
4644.453	1.706
4644.610	1.706
4644.792	1.708
4644.948	1.708
4645.104	1.710
4645.287	1.707
4645.443	1.708
4645.625	1.710
4645.782	1.710
4645.937	1.710
4646.120	1.711
4646.277	1.711
4646.458	1.711
4646.615	1.711
4646.770	1.711
4646.953	1.711
4647.110	1.711
4647.292	1.711
4647.448	1.711
4647.604	1.711
4647.787	1.711
4647.943	1.711
4648.125	1.711
4648.282	1.711
4648.437	1.711
4648.620	1.713
4648.777	1.715
4648.958	1.716
4649.115	1.714
4649.270	1.715
4649.453	1.715
4649.610	1.716
4649.792	1.716
4649.948	1.716
4650.104	1.716
4650.287	1.716
4650.443	1.716
4650.625	1.716
4650.782	1.716
4650.937	1.716
4651.120	1.718
4651.277	1.718
4651.458	1.717
4651.615	1.719
4651.770	1.720
4651.953	1.722
4652.110	1.722
4652.292	1.722
4652.448	1.721
4652.604	1.722
4652.787	1.722
4652.943	1.722
4653.125	1.722
4653.282	1.722
4653.437	1.722
4653.620	1.722
4653.777	1.722
4653.958	1.722
4654.115	1.724
4654.270	1.722
4654.453	1.725
4654.610	1.726
4654.792	1.727
4654.948	1.726
4655.104	1.727
4655.287	1.727
4655.443	1.727
4655.625	1.727
4655.782	1.727
4655.937	1.727
4656.120	1.727
4656.277	1.727
4656.458	1.727
4656.615	1.727
4656.770	1.727
4656.953	1.727
4657.110	1.728
4657.292	1.731
4657.448	1.729
4657.604	1.730
4657.787	1.732
4657.943	1.732
4658.125	1.732
4658.282	1.732
4658.437	1.732
4658.620	1.732
4658.777	1.732
4658.932	1.732
4659.115	1.732
4659.270	1.732
4659.453	1.732
4659.610	1.732
4659.765	1.732
4659.948	1.733
4660.104	1.734
4660.287	1.735
4660.443	1.735
4660.625	1.737
4660.782	1.737
4660.937	1.737
4661.120	1.737
4661.277	1.737
4661.432	1.737
4661.615	1.737
4661.770	1.737
4661.953	1.737
4662.110	1.737
4662.292	1.737
4662.448	1.737
4662.604	1.737
4662.787	1.737
4662.943	1.737
4663.098	1.737
4663.282	1.740
4663.437	1.739
4663.620	1.739
4663.777	1.741
4663.932	1.740
4664.115	1.741
4664.270	1.742
4664.453	1.742
4664.610	1.742
4664.765	1.742
4664.948	1.742
4665.104	1.742
4665.287	1.743
4665.443	1.742
4665.625	1.744
4665.782	1.742
4665.937	1.745
4666.120	1.747
4666.277	1.745
4666.458	1.746
4666.615	1.747
4666.770	1.747
4666.953	1.747
4667.110	1.747
4667.265	1.747
4667.448	1.747
4667.604	1.747
4667.787	1.747
4667.943	1.747
4668.125	1.747
4668.282	1.747
4668.437	1.747
4668.620	1.750
4668.777	1.750
4668.958	1.748
4669.115	1.752
4669.270	1.752
4669.453	1.750
4669.610	1.751
4669.792	1.752
4669.948	1.752
4670.104	1.752
4670.287	1.752
4670.443	1.752
4670.598	1.752
4670.782	1.752
4670.937	1.752
4671.120	1.752
4671.277	1.752
4671.432	1.752
4671.615	1.753
4671.770	1.753
4671.953	1.752
4672.110	1.753
4672.292	1.755
4672.448	1.755
4672.604	1.756
4672.787	1.757
4672.943	1.757
4673.125	1.757
4673.282	1.757
4673.437	1.757
4673.620	1.757
4673.777	1.757
4673.932	1.757
4674.115	1.757
4674.270	1.757
4674.453	1.757
4674.610	1.757
4674.765	1.757
4674.948	1.757
4675.104	1.757
4675.287	1.758
4675.443	1.758
4675.625	1.760
4675.782	1.759
4675.937	1.760
4676.120	1.762
4676.277	1.759
4676.458	1.761
4676.615	1.762
4676.770	1.762
4676.953	1.762
4677.110	1.762
4677.265	1.762
4677.448	1.762
4677.604	1.762
4677.787	1.762
4677.943	1.762
4678.098	1.762
4678.282	1.762
4678.437	1.762
4678.620	1.762
4678.777	1.762
4678.932	1.762
4679.115	1.763
4679.270	1.763
4679.453	1.765
4679.610	1.767
4679.792	1.767
4679.948	1.767
4680.104	1.767
4680.287	1.767
4680.443	1.767
4680.598	1.767
4680.782	1.767
4680.937	1.767
4681.120	1.767
4681.277	1.767
4681.458	1.769
4681.615	1.772
4681.770	1.771
4681.953	1.772
4682.110	1.772
4682.292	1.772
4682.448	1.772
4682.604	1.772
4682.787	1.772
4682.943	1.772
4683.125	1.772
4683.282	1.772
4683.437	1.772
4683.620	1.772
4683.777	1.772
4683.958	1.772
4684.115	1.774
4684.270	1.773
4684.453	1.776
4684.610	1.775
4684.792	1.777
4684.948	1.778
4685.104	1.778
4685.287	1.778
4685.443	1.778
4685.598	1.778
4685.782	1.778
4685.937	1.778
4686.120	1.778
4686.277	1.778
4686.458	1.778
4686.615	1.778
4686.770	1.778
4686.953	1.778
4687.110	1.778
4687.292	1.778
4687.448	1.778
4687.604	1.778
4687.787	1.778
4687.943	1.778
4688.098	1.778
4688.282	1.779
4688.437	1.779
4688.620	1.781
4688.777	1.780
4688.958	1.779
4689.115	1.782
4689.270	1.782
4689.453	1.783
4689.610	1.783
4689.792	1.782
4689.948	1.783
4690.104	1.783
4690.287	1.783
4690.443	1.783
4690.598	1.783
4690.782	1.783
4690.937	1.783
4691.120	1.784
4691.277	1.784
4691.458	1.786
4691.615	1.788
4691.770	1.788
4691.953	1.788
4692.110	1.788
4692.265	1.788
4692.448	1.788
4692.604	1.788
4692.787	1.788
4692.943	1.788
4693.125	1.788
4693.282	1.788
4693.437	1.788
4693.620	1.789
4693.777	1.788
4693.958	1.788
4694.115	1.788
4694.270	1.789
4694.453	1.789
4694.610	1.792
4694.765	1.789
4694.948	1.792
4695.104	1.792
4695.287	1.793
4695.443	1.793
4695.625	1.793
4695.782	1.793
4695.937	1.793
4696.120	1.793
4696.277	1.793
4696.458	1.793
4696.615	1.793
4696.770	1.793
4696.953	1.793
4697.110	1.793
4697.265	1.793
4697.448	1.794
4697.604	1.796
4697.787	1.794
4697.943	1.797
4698.125	1.796
4698.282	1.797
4698.437	1.798
4698.620	1.798
4698.777	1.798
4698.932	1.798
4699.115	1.798
4699.270	1.798
4699.453	1.798
4699.610	1.798
4699.792	1.798
4699.948	1.798
4700.104	1.798
4700.287	1.798
4700.443	1.798
4700.625	1.798
4700.782	1.798
4700.937	1.798
4701.120	1.798
4701.277	1.798
4701.432	1.798
4701.615	1.798
4701.770	1.798
4701.953	1.798
4702.110	1.798
4702.265	1.801
4702.448	1.801
4702.604	1.801
4702.787	1.802
4702.943	1.802
4703.098	1.803
4703.282	1.803
4703.437	1.803
4703.620	1.803
4703.777	1.803
4703.932	1.803
4704.115	1.803
4704.270	1.803
4704.453	1.803
4704.610	1.803
4704.765	1.803
4704.948	1.803
4705.104	1.803
4705.287	1.803
4705.443	1.804
4705.598	1.805
4705.782	1.805
4705.937	1.806
4706.120	1.807
4706.277	1.807
4706.458	1.807
4706.615	1.808
4706.770	1.808
4706.953	1.808
4707.110	1.808
4707.265	1.808
4707.448	1.808
4707.604	1.808
4707.787	1.808
4707.943	1.808
4708.098	1.808
4708.282	1.808
4708.437	1.808
4708.620	1.809
4708.777	1.810
4708.932	1.811
4709.115	1.810
4709.270	1.812
4709.453	1.812
4709.610	1.812
4709.765	1.813
4709.948	1.813
4710.104	1.813
4710.287	1.813
4710.443	1.813
4710.598	1.813
4710.782	1.813
4710.937	1.813
4711.120	1.813
4711.277	1.813
4711.432	1.813
4711.615	1.813
4711.770	1.813
4711.953	1.813
4712.110	1.813
4712.265	1.813
4712.448	1.813
4712.604	1.814
4712.787	1.813
4712.943	1.816
4713.098	1.817
4713.282	1.816
4713.437	1.815
4713.620	1.816
4713.777	1.818
4713.932	1.816
4714.115	1.817
4714.270	1.818
4714.453	1.818
4714.610	1.818
4714.765	1.818
4714.948	1.818
4715.104	1.818
4715.287	1.818
4715.443	1.818
4715.598	1.818
4715.782	1.818
4715.937	1.818
4716.120	1.818
4716.277	1.818
4716.432	1.818
4716.615	1.818
4716.770	1.818
4716.953	1.818
4717.110	1.818
4717.265	1.818
4717.448	1.820
4717.604	1.821
4717.787	1.820
4717.943	1.822
4718.098	1.822
4718.282	1.823
4718.437	1.823
4718.620	1.823
4718.777	1.823
4718.932	1.823
4719.115	1.823
4719.270	1.823
4719.453	1.823
4719.610	1.823
4719.792	1.823
4719.948	1.824
4720.104	1.824
4720.287	1.824
4720.443	1.825
4720.598	1.825
4720.782	1.824
4720.937	1.827
4721.120	1.827
4721.277	1.828
4721.432	1.827
4721.615	1.829
4721.770	1.828
4721.953	1.828
4722.110	1.829
4722.265	1.829
4722.448	1.829
4722.604	1.829
4722.787	1.829
4722.943	1.829
4723.098	1.829
4723.282	1.829
4723.437	1.829
4723.620	1.829
4723.777	1.829
4723.932	1.829
4724.115	1.829
4724.270	1.829
4724.453	1.829
4724.610	1.829
4724.765	1.829
4724.948	1.832
4725.104	1.831
4725.287	1.829
4725.443	1.831
4725.598	1.833
4725.782	1.834
4725.937	1.833
4726.120	1.833
4726.277	1.833
4726.432	1.834
4726.615	1.834
4726.770	1.834
4726.953	1.834
4727.110	1.834
4727.265	1.834
4727.448	1.834
4727.604	1.834
4727.787	1.834
4727.943	1.834
4728.098	1.834
4728.282	1.834
4728.437	1.834
4728.620	1.834
4728.777	1.834
4728.932	1.834
4729.115	1.834
4729.270	1.834
4729.453	1.835
4729.610	1.834
4729.765	1.835
4729.948	1.835
4730.104	1.836
4730.287	1.835
4730.443	1.837
4730.598	1.838
4730.782	1.838
4730.937	1.837
4731.120	1.839
4731.277	1.838
4731.432	1.837
4731.615	1.839
4731.770	1.839
4731.953	1.839
4732.110	1.839
4732.265	1.839
4732.448	1.839
4732.604	1.839
4732.787	1.839
4732.943	1.839
4733.098	1.839
4733.282	1.839
4733.437	1.839
4733.620	1.839
4733.777	1.839
4733.932	1.839
4734.115	1.839
4734.270	1.839
4734.453	1.839
4734.610	1.839
4734.765	1.839
4734.948	1.840
4735.104	1.840
4735.287	1.840
4735.443	1.840
4735.598	1.840
4735.782	1.840
4735.937	1.842
4736.120	1.842
4736.277	1.840
4736.432	1.843
4736.615	1.842
4736.770	1.844
4736.953	1.844
4737.110	1.844
4737.265	1.844
4737.448	1.844
4737.604	1.843
4737.787	1.844
4737.943	1.844
4738.098	1.844
4738.282	1.844
4738.437	1.844
4738.620	1.844
4738.777	1.844
4738.932	1.844
4739.115	1.844
4739.270	1.844
4739.427	1.844
4739.610	1.844
4739.765	1.844
4739.948	1.845
4740.104	1.845
4740.287	1.847
4740.443	1.847
4740.598	1.846
4740.782	1.847
4740.937	1.848
4741.120	1.846
4741.277	1.849
4741.432	1.847
4741.615	1.848
4741.770	1.848
4741.953	1.849
4742.110	1.849
4742.265	1.849
4742.448	1.849
4742.604	1.849
4742.787	1.849
4742.943	1.849
4743.098	1.849
4743.282	1.849
4743.437	1.849
4743.620	1.849
4743.777	1.849
4743.932	1.849
4744.115	1.849
4744.270	1.849
4744.427	1.850
4744.610	1.849
4744.765	1.850
4744.948	1.849
4745.104	1.849
4745.287	1.849
4745.443	1.852
4745.598	1.852
4745.782	1.852
4745.937	1.852
4746.120	1.852
4746.277	1.852
4746.432	1.854
4746.615	1.852
4746.770	1.853
4746.953	1.854
4747.110	1.854
4747.265	1.854
4747.448	1.854
4747.604	1.854
4747.760	1.854
4747.943	1.854
4748.098	1.854
4748.282	1.854
4748.437	1.854
4748.593	1.854
4748.777	1.854
4748.932	1.854
4749.115	1.854
4749.270	1.854
4749.427	1.854
4749.610	1.855
4749.765	1.856
4749.948	1.854
4750.104	1.854
4750.287	1.854
4750.443	1.856
4750.598	1.855
4750.782	1.855
4750.937	1.857
4751.093	1.857
4751.277	1.856
4751.432	1.856
4751.615	1.857
4751.770	1.856
4751.953	1.858
4752.110	1.858
4752.265	1.858
4752.448	1.859
4752.604	1.858
4752.787	1.859
4752.943	1.859
4753.098	1.859
4753.282	1.858
4753.437	1.858
4753.620	1.859
4753.777	1.859
4753.932	1.859
4754.115	1.859
4754.270	1.859
4754.427	1.859
4754.610	1.859
4754.765	1.859
4754.948	1.859
4755.104	1.859
4755.260	1.859
4755.443	1.859
4755.598	1.859
4755.782	1.859
4755.937	1.859
4756.093	1.859
4756.277	1.859
4756.432	1.859
4756.615	1.859
4756.770	1.859
4756.927	1.859
4757.110	1.859
4757.265	1.859
4757.448	1.860
4757.604	1.859
4757.787	1.859
4757.943	1.861
4758.098	1.860
4758.282	1.860
4758.437	1.859
4758.593	1.860
4758.777	1.862
4758.932	1.863
4759.115	1.863
4759.270	1.863
4759.427	1.863
4759.610	1.863
4759.765	1.863
4759.948	1.863
4760.104	1.863
4760.260	1.863
4760.443	1.863
4760.598	1.864
4760.782	1.863
4760.937	1.864
4761.120	1.864
4761.277	1.864
4761.432	1.863
4761.615	1.864
4761.770	1.864
4761.953	1.864
4762.110	1.864
4762.265	1.864
4762.448	1.864
4762.604	1.864
4762.760	1.865
4762.943	1.864
4763.098	1.864
4763.282	1.864
4763.437	1.864
4763.593	1.864
4763.777	1.864
4763.932	1.864
4764.115	1.864
4764.270	1.865
4764.427	1.864
4764.610	1.865
4764.765	1.867
4764.948	1.868
4765.104	1.864
4765.287	1.864
4765.443	1.869
4765.598	1.868
4765.782	1.868
4765.937	1.867
4766.093	1.868
4766.277	1.869
4766.432	1.868
4766.615	1.869
4766.770	1.869
4766.953	1.869
4767.110	1.869
4767.265	1.869
4767.448	1.869
4767.604	1.869
4767.787	1.869
4767.943	1.869
4768.098	1.869
4768.282	1.869
4768.437	1.869
4768.593	1.869
4768.777	1.869
4768.932	1.869
4769.115	1.869
4769.270	1.869
4769.427	1.869
4769.610	1.869
4769.765	1.869
4769.948	1.869
4770.104	1.869
4770.260	1.869
4770.443	1.869
4770.598	1.869
4770.782	1.869
4770.937	1.869
4771.093	1.869
4771.277	1.869
4771.432	1.869
4771.615	1.869
4771.770	1.869
4771.927	1.869
4772.110	1.869
4772.265	1.870
4772.448	1.869
4772.604	1.871
4772.787	1.869
4772.943	1.870
4773.098	1.872
4773.282	1.869
4773.437	1.872
4773.620	1.871
4773.777	1.873
4773.932	1.873
4774.115	1.874
4774.270	1.874
4774.453	1.873
4774.610	1.874
4774.765	1.874
4774.948	1.874
4775.104	1.872
4775.260	1.870
4775.443	1.874
4775.598	1.874
4775.782	1.874
4775.937	1.874
4776.093	1.874
4776.277	1.874
4776.432	1.874
4776.615	1.874
4776.770	1.874
4776.927	1.874
4777.110	1.874
4777.265	1.874
4777.448	1.874
4777.604	1.874
4777.760	1.874
4777.943	1.874
4778.098	1.874
4778.282	1.874
4778.437	1.874
4778.593	1.874
4778.777	1.874
4778.932	1.874
4779.115	1.874
4779.270	1.874
4779.427	1.874
4779.610	1.874
4779.765	1.875
4779.948	1.874
4780.104	1.874
4780.287	1.874
4780.443	1.874
4780.598	1.874
4780.782	1.874
4780.937	1.874
4781.120	1.874
4781.277	1.874
4781.432	1.874
4781.615	1.874
4781.770	1.874
4781.927	1.874
4782.110	1.874
4782.265	1.875
4782.448	1.876
4782.604	1.875
4782.787	1.875
4782.943	1.874
4783.098	1.874
4783.282	1.874
4783.437	1.874
4783.593	1.875
4783.777	1.875
4783.932	1.874
4784.115	1.876
4784.270	1.877
4784.453	1.880
4784.610	1.875
4784.765	1.878
4784.948	1.878
4785.104	1.877
4785.260	1.878
4785.443	1.877
4785.598	1.877
4785.782	1.878
4785.937	1.879
4786.120	1.880
4786.277	1.879
4786.432	1.878
4786.615	1.880
4786.770	1.880
4786.953	1.879
4787.110	1.880
4787.265	1.880
4787.448	1.880
4787.604	1.879
4787.760	1.880
4787.943	1.880
4788.098	1.880
4788.282	1.880
4788.437	1.880
4788.620	1.880
4788.777	1.880
4788.932	1.880
4789.115	1.879
4789.270	1.880
4789.453	1.880
4789.610	1.880
4789.765	1.880
4789.948	1.880
4790.104	1.880
4790.260	1.880
4790.443	1.880
4790.598	1.880
4790.782	1.880
4790.937	1.880
4791.093	1.880
4791.277	1.880
4791.432	1.880
4791.615	1.880
4791.770	1.880
4791.927	1.880
4792.110	1.880
4792.265	1.880
4792.448	1.880
4792.604	1.880
4792.760	1.880
4792.943	1.880
4793.098	1.880
4793.282	1.880
4793.437	1.880
4793.593	1.880
4793.777	1.880
4793.932	1.880
4794.115	1.880
4794.270	1.880
4794.453	1.880
4794.610	1.880
4794.765	1.880
4794.948	1.880
4795.104	1.880
4795.260	1.880
4795.443	1.880
4795.598	1.880
4795.782	1.880
4795.937	1.880
4796.093	1.880
4796.277	1.880
4796.432	1.880
4796.615	1.880
4796.770	1.880
4796.927	1.880
4797.110	1.880
4797.265	1.880
4797.448	1.880
4797.604	1.880
4797.760	1.880
4797.943	1.880
4798.098	1.880
4798.282	1.880
4798.437	1.880
4798.593	1.880
4798.777	1.880
4798.932	1.880
4799.115	1.880
4799.270	1.880
4799.427	1.880
4799.610	1.880
4799.765	1.880
4799.948	1.880
4800.104	1.880
4800.287	1.880
4800.443	1.880
4800.598	1.880
4800.782	1.880
4800.937	1.880
4801.120	1.880
4801.277	1.880
4801.432	1.880
4801.615	1.880
4801.770	1.880
4801.953	1.880
4802.110	1.880
4802.265	1.880
4802.448	1.880
4802.604	1.880
4802.787	1.880
4802.943	1.880
4803.098	1.880
4803.282	1.880
4803.437	1.880
4803.593	1.880
4803.777	1.880
4803.932	1.880
4804.115	1.880
4804.270	1.880
4804.427	1.880
4804.610	1.880
4804.765	1.880
4804.948	1.880
4805.104	1.880
4805.287	1.880
4805.443	1.880
4805.598	1.880
4805.782	1.880
4805.937	1.880
4806.120	1.880
4806.277	1.880
4806.432	1.880
4806.615	1.880
4806.770	1.880
4806.927	1.880
4807.110	1.880
4807.265	1.880
4807.448	1.880
4807.604	1.880
4807.760	1.880
4807.943	1.880
4808.098	1.880
4808.282	1.880
4808.437	1.880
4808.593	1.880
4808.777	1.880
4808.932	1.880
4809.115	1.880
4809.270	1.880
4809.427	1.880
4809.610	1.880
4809.765	1.880
4809.948	1.880
4810.104	1.880
4810.260	1.880
4810.443	1.880
4810.598	1.880
4810.782	1.880
4810.937	1.880
4811.093	1.880
4811.277	1.880
4811.432	1.880
4811.615	1.880
4811.770	1.880
4811.927	1.880
4812.110	1.880
4812.265	1.880
4812.448	1.880
4812.604	1.880
4812.760	1.880
4812.943	1.880
4813.098	1.880
4813.282	1.880
4813.437	1.880
4813.593	1.880
4813.777	1.880
4813.932	1.880
4814.115	1.879
4814.270	1.880
4814.427	1.880
4814.610	1.880
4814.765	1.880
4814.948	1.880
4815.104	1.880
4815.260	1.880
4815.443	1.880
4815.598	1.880
4815.782	1.880
4815.937	1.879
4816.093	1.880
4816.277	1.878
4816.432	1.880
4816.615	1.880
4816.770	1.875
4816.927	1.876
4817.110	1.876
4817.265	1.875
4817.448	1.874
4817.604	1.874
4817.760	1.874
4817.943	1.874
4818.098	1.874
4818.282	1.874
4818.437	1.874
4818.593	1.874
4818.777	1.874
4818.932	1.874
4819.115	1.874
4819.270	1.874
4819.427	1.874
4819.610	1.874
4819.765	1.874
4819.948	1.874
4820.104	1.874
4820.260	1.874
4820.443	1.874
4820.598	1.874
4820.782	1.874
4820.937	1.874
4821.093	1.874
4821.277	1.874
4821.432	1.874
4821.615	1.874
4821.770	1.874
4821.927	1.874
4822.110	1.873
4822.265	1.874
4822.448	1.872
4822.604	1.874
4822.760	1.871
4822.943	1.874
4823.098	1.872
4823.282	1.871
4823.437	1.871
4823.593	1.870
4823.777	1.870
4823.932	1.870
4824.115	1.869
4824.270	1.869
4824.427	1.869
4824.610	1.870
4824.765	1.869
4824.948	1.869
4825.104	1.869
4825.260	1.869
4825.443	1.869
4825.598	1.869
4825.782	1.869
4825.937	1.869
4826.093	1.869
4826.277	1.869
4826.432	1.869
4826.615	1.869
4826.770	1.869
4826.927	1.869
4827.110	1.869
4827.265	1.869
4827.448	1.869
4827.604	1.869
4827.760	1.869
4827.943	1.867
4828.098	1.868
4828.282	1.867
4828.437	1.866
4828.593	1.869
4828.777	1.867
4828.932	1.868
4829.115	1.867
4829.270	1.866
4829.427	1.865
4829.610	1.868
4829.765	1.864
4829.948	1.864
4830.104	1.864
4830.260	1.864
4830.443	1.864
4830.598	1.864
4830.782	1.864
4830.937	1.864
4831.093	1.864
4831.277	1.864
4831.432	1.864
4831.615	1.864
4831.770	1.863
4831.927	1.864
4832.110	1.864
4832.265	1.864
4832.448	1.864
4832.604	1.864
4832.760	1.864
4832.943	1.864
4833.098	1.864
4833.282	1.864
4833.437	1.864
4833.593	1.864
4833.777	1.863
4833.932	1.864
4834.115	1.864
4834.270	1.863
4834.427	1.863
4834.610	1.862
4834.765	1.862
4834.948	1.863
4835.104	1.861
4835.260	1.862
4835.443	1.863
4835.598	1.861
4835.782	1.859
4835.937	1.860
4836.093	1.861
4836.277	1.861
4836.432	1.860
4836.615	1.861
4836.770	1.861
4836.927	1.859
4837.110	1.860
4837.265	1.859
4837.448	1.859
4837.604	1.859
4837.760	1.859
4837.943	1.859
4838.098	1.859
4838.282	1.859
4838.437	1.859
4838.593	1.859
4838.777	1.859
4838.932	1.859
4839.115	1.859
4839.270	1.859
4839.427	1.859
4839.610	1.859
4839.765	1.859
4839.948	1.859
4840.104	1.859
4840.260	1.859
4840.443	1.859
4840.598	1.859
4840.782	1.859
4840.937	1.859
4841.093	1.859
4841.277	1.859
4841.432	1.859
4841.615	1.859
4841.770	1.859
4841.927	1.859
4842.110	1.859
4842.265	1.859
4842.448	1.859
4842.604	1.859
4842.760	1.859
4842.943	1.859
4843.098	1.859
4843.282	1.859
4843.437	1.858
4843.593	1.859
4843.777	1.859
4843.932	1.858
4844.115	1.857
4844.270	1.858
4844.427	1.858
4844.610	1.859
4844.765	1.859
4844.948	1.856
4845.104	1.857
4845.260	1.856
4845.443	1.855
4845.598	1.854
4845.782	1.857
4845.937	1.855
4846.093	1.855
4846.277	1.854
4846.432	1.854
4846.615	1.855
4846.770	1.854
4846.927	1.855
4847.110	1.854
4847.265	1.854
4847.448	1.854
4847.604	1.854
4847.760	1.854
4847.943	1.854
4848.098	1.854
4848.282	1.854
4848.437	1.854
4848.593	1.854
4848.777	1.854
4848.932	1.854
4849.115	1.854
4849.270	1.854
4849.427	1.853
4849.610	1.853
4849.765	1.853
4849.948	1.854
4850.104	1.854
4850.260	1.852
4850.443	1.852
4850.598	1.853
4850.782	1.851
4850.937	1.853
4851.093	1.851
4851.277	1.852
4851.432	1.849
4851.615	1.849
4851.770	1.850
4851.927	1.849
4852.110	1.849
4852.265	1.849
4852.448	1.849
4852.604	1.849
4852.760	1.849
4852.943	1.849
4853.098	1.849
4853.282	1.849
4853.437	1.849
4853.593	1.849
4853.777	1.849
4853.932	1.849
4854.115	1.849
4854.270	1.846
4854.427	1.846
4854.610	1.849
4854.765	1.848
4854.948	1.847
4855.104	1.849
4855.260	1.846
4855.443	1.845
4855.598	1.844
4855.782	1.845
4855.937	1.846
4856.093	1.845
4856.277	1.845
4856.432	1.845
4856.615	1.844
4856.770	1.844
4856.927	1.844
4857.110	1.844
4857.265	1.844
4857.448	1.844
4857.604	1.844
4857.760	1.844
4857.943	1.844
4858.098	1.844
4858.282	1.844
4858.437	1.844
4858.593	1.844
4858.777	1.844
4858.932	1.844
4859.115	1.843
4859.270	1.843
4859.427	1.843
4859.610	1.840
4859.765	1.840
4859.948	1.842
4860.104	1.841
4860.260	1.840
4860.443	1.839
4860.598	1.839
4860.782	1.839
4860.937	1.839
4861.093	1.839
4861.277	1.839
4861.432	1.839
4861.615	1.839
4861.770	1.839
4861.927	1.839
4862.110	1.839
4862.265	1.839
4862.422	1.839
4862.604	1.839
4862.760	1.839
4862.943	1.839
4863.098	1.839
4863.255	1.839
4863.437	1.839
4863.593	1.839
4863.777	1.839
4863.932	1.839
4864.115	1.837
4864.270	1.839
4864.427	1.839
4864.610	1.837
4864.765	1.837
4864.948	1.836
4865.104	1.835
4865.260	1.835
4865.443	1.836
4865.598	1.835
4865.782	1.835
4865.937	1.835
4866.093	1.835
4866.277	1.835
4866.432	1.834
4866.615	1.834
4866.770	1.834
4866.927	1.834
4867.110	1.834
4867.265	1.834
4867.448	1.834
4867.604	1.834
4867.760	1.834
4867.943	1.834
4868.098	1.834
4868.282	1.834
4868.437	1.834
4868.593	1.834
4868.777	1.834
4868.932	1.834
4869.115	1.834
4869.270	1.834
4869.427	1.834
4869.610	1.834
4869.765	1.834
4869.948	1.832
4870.104	1.834
4870.260	1.832
4870.443	1.833
4870.598	1.829
4870.782	1.834
4870.937	1.829
4871.093	1.829
4871.277	1.829
4871.432	1.832
4871.615	1.829
4871.770	1.829
4871.927	1.829
4872.110	1.829
4872.265	1.829
4872.448	1.829
4872.604	1.829
4872.760	1.829
4872.943	1.829
4873.098	1.829
4873.282	1.829
4873.437	1.829
4873.593	1.829
4873.777	1.829
4873.932	1.829
4874.115	1.829
4874.270	1.829
4874.427	1.829
4874.610	1.829
4874.765	1.829
4874.948	1.829
4875.104	1.829
4875.260	1.829
4875.443	1.828
4875.598	1.829
4875.782	1.829
4875.937	1.828
4876.093	1.828
4876.277	1.828
4876.432	1.829
4876.615	1.827
4876.770	1.826
4876.927	1.826
4877.110	1.824
4877.265	1.823
4877.448	1.824
4877.604	1.824
4877.760	1.823
4877.943	1.823
4878.098	1.823
4878.282	1.823
4878.437	1.823
4878.593	1.823
4878.777	1.823
4878.932	1.823
4879.115	1.823
4879.270	1.823
4879.427	1.823
4879.610	1.823
4879.765	1.823
4879.948	1.823
4880.104	1.823
4880.260	1.823
4880.443	1.823
4880.598	1.823
4880.782	1.823
4880.937	1.823
4881.093	1.823
4881.277	1.823
4881.432	1.822
4881.615	1.823
4881.770	1.821
4881.927	1.819
4882.110	1.818
4882.265	1.821
4882.448	1.821
4882.604	1.818
4882.760	1.819
4882.943	1.818
4883.098	1.818
4883.282	1.818
4883.437	1.819
4883.593	1.818
4883.777	1.818
4883.932	1.818
4884.115	1.818
4884.270	1.818
4884.427	1.818
4884.610	1.818
4884.765	1.818
4884.948	1.818
4885.104	1.818
4885.260	1.818
4885.443	1.818
4885.598	1.818
4885.782	1.818
4885.937	1.818
4886.093	1.818
4886.277	1.818
4886.432	1.818
4886.615	1.818
4886.770	1.818
4886.927	1.818
4887.110	1.818
4887.265	1.818
4887.448	1.818
4887.604	1.818
4887.760	1.818
4887.943	1.818
4888.098	1.818
4888.282	1.818
4888.437	1.818
4888.593	1.818
4888.777	1.818
4888.932	1.818
4889.088	1.818
4889.270	1.818
4889.427	1.816
4889.610	1.814
4889.765	1.815
4889.922	1.814
4890.104	1.814
4890.260	1.816
4890.443	1.816
4890.598	1.816
4890.755	1.815
4890.937	1.816
4891.093	1.814
4891.277	1.814
4891.432	1.813
4891.588	1.813
4891.770	1.814
4891.927	1.813
4892.110	1.813
4892.265	1.813
4892.422	1.813
4892.604	1.813
4892.760	1.813
4892.943	1.813
4893.098	1.813
4893.255	1.813
4893.437	1.813
4893.593	1.813
4893.777	1.813
4893.932	1.813
4894.088	1.813
4894.270	1.813
4894.427	1.813
4894.610	1.813
4894.765	1.813
4894.922	1.813
4895.104	1.813
4895.260	1.813
4895.443	1.813
4895.598	1.813
4895.755	1.813
4895.937	1.813
4896.093	1.813
4896.277	1.813
4896.432	1.812
4896.588	1.813
4896.770	1.813
4896.927	1.812
4897.110	1.812
4897.265	1.811
4897.422	1.809
4897.604	1.810
4897.760	1.809
4897.943	1.812
4898.098	1.810
4898.255	1.811
4898.437	1.810
4898.593	1.809
4898.777	1.809
4898.932	1.808
4899.088	1.810
4899.270	1.808
4899.427	1.808
4899.610	1.809
4899.765	1.808
4899.922	1.809
4900.104	1.809
4900.260	1.808
4900.443	1.809
4900.598	1.808
4900.755	1.808
4900.937	1.809
4901.093	1.808
4901.277	1.808
4901.432	1.808
4901.588	1.807
4901.770	1.808
4901.927	1.808
4902.110	1.808
4902.265	1.808
4902.422	1.808
4902.604	1.807
4902.760	1.808
4902.943	1.807
4903.098	1.807
4903.255	1.807
4903.437	1.808
4903.593	1.808
4903.777	1.807
4903.932	1.807
4904.088	1.807
4904.270	1.805
4904.427	1.807
4904.610	1.808
4904.765	1.806
4904.922	1.806
4905.104	1.806
4905.260	1.806
4905.443	1.805
4905.598	1.806
4905.755	1.806
4905.937	1.806
4906.093	1.806
4906.277	1.803
4906.432	1.805
4906.588	1.804
4906.770	1.804
4906.927	1.803
4907.110	1.804
4907.265	1.806
4907.422	1.805
4907.604	1.804
4907.760	1.804
4907.943	1.805
4908.098	1.804
4908.255	1.803
4908.437	1.805
4908.593	1.806
4908.777	1.804
4908.932	1.803
4909.088	1.803
4909.270	1.804
4909.427	1.803
4909.610	1.803
4909.765	1.803
4909.922	1.803
4910.104	1.803
4910.260	1.803
4910.443	1.803
4910.598	1.803
4910.755	1.803
4910.937	1.803
4911.093	1.803
4911.277	1.803
4911.432	1.803
4911.588	1.803
4911.770	1.803
4911.927	1.803
4912.110	1.802
4912.265	1.803
4912.422	1.803
4912.604	1.803
4912.760	1.803
4912.943	1.803
4913.098	1.803
4913.255	1.803
4913.437	1.802
4913.593	1.803
4913.777	1.802
4913.932	1.803
4914.088	1.803
4914.270	1.803
4914.427	1.803
4914.610	1.803
4914.765	1.803
4914.922	1.802
4915.104	1.801
4915.260	1.802
4915.443	1.801
4915.598	1.802
4915.755	1.800
4915.937	1.801
4916.093	1.802
4916.277	1.801
4916.432	1.801
4916.588	1.801
4916.770	1.798
4916.927	1.798
4917.110	1.799
4917.265	1.801
4917.422	1.798
4917.604	1.799
4917.760	1.801
4917.943	1.799
4918.098	1.799
4918.255	1.799
4918.437	1.799
4918.593	1.798
4918.777	1.799
4918.932	1.798
4919.088	1.799
4919.270	1.798
4919.427	1.798
4919.610	1.798
4919.765	1.799
4919.922	1.798
4920.104	1.799
4920.260	1.798
4920.443	1.798
4920.598	1.798
4920.755	1.799
4920.937	1.798
4921.093	1.798
4921.277	1.798
4921.432	1.798
4921.588	1.798
4921.770	1.798
4921.927	1.798
4922.110	1.798
4922.265	1.798
4922.422	1.798
4922.604	1.798
4922.760	1.798
4922.943	1.798
4923.098	1.798
4923.255	1.798
4923.437	1.798
4923.593	1.798
4923.777	1.798
4923.932	1.798
4924.088	1.798
4924.270	1.798
4924.427	1.798
4924.610	1.798
4924.765	1.798
4924.922	1.798
4925.104	1.798
4925.260	1.798
4925.443	1.798
4925.598	1.798
4925.755	1.798
4925.937	1.798
4926.093	1.798
4926.277	1.798
4926.432	1.798
4926.588	1.798
4926.770	1.798
4926.927	1.798
4927.083	1.798
4927.265	1.798
4927.422	1.798
4927.604	1.798
4927.760	1.798
4927.943	1.798
4928.098	1.798
4928.255	1.798
4928.437	1.798
4928.593	1.798
4928.777	1.798
4928.932	1.798
4929.088	1.798
4929.270	1.798
4929.427	1.798
4929.610	1.798
4929.765	1.798
4929.922	1.798
4930.104	1.797
4930.260	1.798
4930.443	1.798
4930.598	1.798
4930.755	1.798
4930.937	1.798
4931.093	1.797
4931.277	1.798
4931.432	1.798
4931.588	1.798
4931.770	1.798
4931.927	1.798
4932.110	1.798
4932.265	1.798
4932.422	1.798
4932.604	1.797
4932.760	1.798
4932.943	1.798
4933.098	1.798
4933.255	1.798
4933.437	1.798
4933.593	1.798
4933.777	1.798
4933.932	1.798
4934.088	1.797
4934.270	1.798
4934.427	1.797
4934.610	1.796
4934.765	1.798
4934.922	1.797
4935.104	1.797
4935.260	1.795
4935.443	1.797
4935.598	1.797
4935.755	1.796
4935.937	1.794
4936.093	1.794
4936.277	1.795
4936.432	1.796
4936.588	1.797
4936.770	1.794
4936.927	1.794
4937.110	1.795
4937.265	1.796
4937.422	1.796
4937.604	1.795
4937.760	1.798
4937.943	1.797
4938.098	1.795
4938.255	1.795
4938.437	1.795
4938.593	1.795
4938.777	1.794
4938.932	1.793
4939.088	1.795
4939.270	1.795
4939.427	1.793
4939.610	1.794
4939.765	1.795
4939.922	1.794
4940.104	1.794
4940.260	1.793
4940.443	1.793
4940.598	1.793
4940.755	1.794
4940.937	1.795
4941.093	1.795
4941.277	1.795
4941.432	1.794
4941.588	1.795
4941.770	1.796
4941.927	1.794
4942.110	1.795
4942.265	1.795
4942.422	1.795
4942.604	1.793
4942.760	1.794
4942.943	1.795
4943.098	1.795
4943.255	1.794
4943.437	1.794
4943.593	1.795
4943.777	1.795
4943.932	1.795
4944.088	1.796
4944.270	1.795
4944.427	1.796
4944.610	1.795
4944.765	1.795
4944.922	1.795
4945.104	1.793
4945.260	1.793
4945.443	1.794
4945.598	1.796
4945.755	1.795
4945.937	1.794
4946.093	1.794
4946.277	1.794
4946.432	1.795
4946.588	1.794
4946.770	1.795
4946.927	1.793
4947.110	1.794
4947.265	1.795
4947.422	1.795
4947.604	1.796
4947.760	1.795
4947.943	1.795
4948.098	1.796
4948.255	1.795
4948.437	1.795
4948.593	1.797
4948.777	1.795
4948.932	1.796
4949.088	1.794
4949.270	1.793
4949.427	1.796
4949.610	1.796
4949.765	1.797
4949.922	1.795
4950.104	1.795
4950.260	1.795
4950.443	1.795
4950.598	1.795
4950.755	1.796
4950.937	1.797
4951.093	1.796
4951.277	1.795
4951.432	1.796
4951.588	1.796
4951.770	1.798
4951.927	1.798
4952.110	1.796
4952.265	1.796
4952.422	1.793
4952.604	1.797
4952.760	1.795
4952.943	1.797
4953.098	1.797
4953.255	1.795
4953.437	1.797
4953.593	1.797
4953.777	1.797
4953.932	1.795
4954.088	1.796
4954.270	1.796
4954.427	1.798
4954.610	1.797
4954.765	1.798
4954.922	1.798
4955.104	1.796
4955.260	1.798
4955.443	1.796
4955.598	1.798
4955.755	1.796
4955.937	1.797
4956.093	1.797
4956.277	1.798
4956.432	1.798
4956.588	1.798
4956.770	1.798
4956.927	1.798
4957.110	1.798
4957.265	1.798
4957.422	1.798
4957.604	1.798
4957.760	1.798
4957.943	1.798
4958.098	1.797
4958.255	1.798
4958.437	1.798
4958.593	1.798
4958.777	1.798
4958.932	1.798
4959.088	1.798
4959.270	1.798
4959.427	1.798
4959.610	1.798
4959.765	1.798
4959.922	1.798
4960.104	1.798
4960.260	1.798
4960.443	1.798
4960.598	1.798
4960.755	1.798
4960.937	1.798
4961.093	1.798
4961.277	1.798
4961.432	1.798
4961.588	1.798
4961.770	1.798
4961.927	1.798
4962.110	1.798
4962.265	1.798
4962.422	1.798
4962.604	1.798
4962.760	1.798
4962.943	1.798
4963.098	1.798
4963.255	1.798
4963.437	1.798
4963.593	1.798
4963.777	1.798
4963.932	1.798
4964.088	1.798
4964.270	1.798
4964.427	1.798
4964.610	1.798
4964.765	1.798
4964.922	1.798
4965.104	1.798
4965.260	1.798
4965.443	1.798
4965.598	1.798
4965.755	1.798
4965.937	1.798
4966.093	1.798
4966.277	1.798
4966.432	1.799
4966.588	1.799
4966.770	1.798
4966.927	1.798
4967.110	1.799
4967.265	1.801
4967.422	1.798
4967.604	1.800
4967.760	1.801
4967.943	1.800
4968.098	1.801
4968.255	1.803
4968.437	1.803
4968.593	1.801
4968.777	1.803
4968.932	1.803
4969.088	1.801
4969.270	1.803
4969.427	1.803
4969.610	1.803
4969.765	1.803
4969.922	1.803
4970.104	1.803
4970.260	1.803
4970.443	1.803
4970.598	1.803
4970.755	1.803
4970.937	1.803
4971.093	1.803
4971.250	1.803
4971.432	1.803
4971.588	1.803
4971.770	1.803
4971.927	1.803
4972.083	1.803
4972.265	1.803
4972.422	1.803
4972.604	1.803
4972.760	1.804
4972.917	1.805
4973.098	1.805
4973.255	1.804
4973.437	1.805
4973.593	1.805
4973.777	1.805
4973.932	1.807
4974.088	1.806
4974.270	1.806
4974.427	1.806
4974.610	1.808
4974.765	1.806
4974.922	1.807
4975.104	1.808
4975.260	1.807
4975.443	1.808
4975.598	1.807
4975.755	1.808
4975.937	1.808
4976.093	1.808
4976.277	1.808
4976.432	1.808
4976.588	1.808
4976.770	1.808
4976.927	1.808
4977.110	1.808
4977.265	1.809
4977.422	1.808
4977.604	1.808
4977.760	1.812
4977.943	1.810
4978.098	1.812
4978.255	1.810
4978.437	1.812
4978.593	1.812
4978.777	1.812
4978.932	1.813
4979.088	1.813
4979.270	1.813
4979.427	1.813
4979.610	1.813
4979.765	1.813
4979.922	1.813
4980.104	1.813
4980.260	1.813
4980.443	1.813
4980.598	1.813
4980.755	1.813
4980.937	1.813
4981.093	1.813
4981.277	1.813
4981.432	1.813
4981.588	1.814
4981.770	1.813
4981.927	1.817
4982.110	1.814
4982.265	1.815
4982.422	1.816
4982.604	1.818
4982.760	1.814
4982.917	1.818
4983.098	1.815
4983.255	1.818
4983.437	1.818
4983.593	1.818
4983.750	1.818
4983.932	1.818
4984.088	1.818
4984.270	1.818
4984.427	1.818
4984.583	1.818
4984.765	1.818
4984.922	1.818
4985.104	1.819
4985.260	1.818
4985.417	1.818
4985.598	1.819
4985.755	1.818
4985.937	1.818
4986.093	1.818
4986.250	1.821
4986.432	1.822
4986.588	1.822
4986.770	1.823
4986.927	1.823
4987.083	1.823
4987.265	1.823
4987.422	1.823
4987.604	1.823
4987.760	1.823
4987.917	1.825
4988.098	1.825
4988.255	1.825
4988.437	1.826
4988.593	1.826
4988.750	1.827
4988.932	1.825
4989.088	1.829
4989.270	1.829
4989.427	1.829
4989.583	1.829
4989.765	1.829
4989.922	1.829
4990.104	1.829
4990.260	1.829
4990.417	1.829
4990.598	1.829
4990.755	1.829
4990.937	1.829
4991.093	1.829
4991.250	1.829
4991.432	1.831
4991.588	1.831
4991.770	1.831
4991.927	1.834
4992.083	1.833
4992.265	1.834
4992.422	1.834
4992.604	1.834
4992.760	1.834
4992.943	1.834
4993.098	1.834
4993.255	1.834
4993.437	1.834
4993.593	1.834
4993.777	1.834
4993.932	1.834
4994.088	1.834
4994.270	1.838
4994.427	1.838
4994.610	1.838
4994.765	1.838
4994.922	1.838
4995.104	1.839
4995.260	1.839
4995.443	1.839
4995.598	1.839
4995.755	1.839
4995.937	1.839
4996.093	1.839
4996.277	1.839
4996.432	1.839
4996.588	1.839
4996.770	1.839
4996.927	1.839
4997.110	1.840
4997.265	1.840
4997.422	1.844
4997.604	1.844
4997.760	1.844
4997.943	1.844
4998.098	1.844
4998.255	1.844
4998.437	1.844
4998.593	1.844
4998.777	1.844
4998.932	1.844
4999.088	1.844
4999.270	1.844
4999.427	1.844
4999.610	1.846
4999.765	1.846
4999.922	1.847
5000.104	1.848
5000.260	1.849
5000.443	1.849
5000.598	1.849
5000.755	1.849
5000.937	1.849
5001.093	1.849
5001.250	1.849
5001.432	1.851
5001.588	1.852
5001.770	1.850
5001.927	1.854
5002.110	1.854
5002.265	1.852
5002.422	1.854
5002.604	1.854
5002.760	1.854
5002.943	1.854
5003.098	1.854
5003.255	1.854
5003.437	1.855
5003.593	1.855
5003.777	1.856
5003.932	1.857
5004.088	1.858
5004.270	1.859
5004.427	1.857
5004.610	1.859
5004.765	1.859
5004.922	1.859
5005.104	1.859
5005.260	1.859
5005.443	1.859
5005.598	1.859
5005.755	1.859
5005.937	1.860
5006.093	1.859
5006.277	1.861
5006.432	1.863
5006.588	1.863
5006.770	1.863
5006.927	1.864
5007.110	1.864
5007.265	1.864
5007.422	1.864
5007.604	1.865
5007.760	1.864
5007.943	1.866
5008.098	1.867
5008.255	1.869
5008.437	1.869
5008.593	1.869
5008.750	1.869
5008.932	1.869
5009.088	1.869
5009.270	1.869
5009.427	1.869
5009.583	1.869
5009.765	1.869
5009.922	1.869
5010.104	1.870
5010.260	1.872
5010.417	1.874
5010.598	1.874
5010.755	1.874
5010.937	1.874
5011.093	1.874
5011.250	1.874
5011.432	1.874
5011.588	1.874
5011.770	1.874
5011.927	1.874
5012.083	1.874
5012.265	1.877
5012.422	1.874
5012.604	1.880
5012.760	1.880
5012.917	1.880
5013.098	1.880
5013.255	1.880
5013.437	1.880
5013.593	1.880
5013.750	1.880
5013.932	1.880
5014.088	1.880
5014.270	1.880
5014.427	1.880
5014.583	1.880
5014.765	1.880
5014.922	1.884
5015.104	1.884
5015.260	1.885
5015.417	1.885
5015.598	1.885
5015.755	1.885
5015.937	1.885
5016.093	1.885
5016.250	1.885
5016.432	1.886
5016.588	1.886
5016.770	1.886
5016.927	1.887
5017.083	1.888
5017.265	1.889
5017.422	1.890
5017.604	1.890
5017.760	1.890
5017.917	1.890
5018.098	1.891
5018.255	1.891
5018.437	1.890
5018.593	1.891
5018.750	1.891
5018.932	1.893
5019.088	1.893
5019.270	1.894
5019.427	1.895
5019.583	1.895
5019.765	1.895
5019.922	1.895
5020.104	1.895
5020.260	1.895
5020.417	1.895
5020.598	1.896
5020.755	1.897
5020.937	1.897
5021.093	1.898
5021.250	1.899
5021.432	1.900
5021.588	1.900
5021.770	1.900
5021.927	1.900
5022.083	1.900
5022.265	1.900
5022.422	1.900
5022.604	1.901
5022.760	1.902
5022.917	1.902
5023.098	1.904
5023.255	1.905
5023.437	1.905
5023.593	1.905
5023.750	1.905
5023.932	1.905
5024.088	1.905
5024.270	1.907
5024.427	1.907
5024.583	1.906
5024.765	1.907
5024.922	1.909
5025.104	1.910
5025.260	1.910
5025.417	1.910
5025.598	1.910
5025.755	1.910
5025.937	1.910
5026.093	1.910
5026.250	1.911
5026.432	1.912
5026.588	1.913
5026.770	1.914
5026.927	1.914
5027.083	1.915
5027.265	1.915
5027.422	1.915
5027.604	1.915
5027.760	1.915
5027.917	1.915
5028.098	1.915
5028.255	1.915
5028.437	1.919
5028.593	1.919
5028.750	1.920
5028.932	1.920
5029.088	1.920
5029.270	1.920
5029.427	1.920
5029.583	1.920
5029.765	1.920
5029.922	1.920
5030.104	1.921
5030.260	1.921
5030.417	1.922
5030.598	1.924
5030.755	1.922
5030.937	1.925
5031.093	1.925
5031.250	1.925
5031.432	1.925
5031.588	1.925
5031.770	1.925
5031.927	1.925
5032.083	1.925
5032.265	1.926
5032.422	1.926
5032.604	1.927
5032.760	1.927
5032.917	1.930
5033.098	1.930
5033.255	1.931
5033.437	1.931
5033.593	1.931
5033.750	1.931
5033.932	1.931
5034.088	1.932
5034.270	1.933
5034.427	1.935
5034.583	1.936
5034.765	1.936
5034.922	1.936
5035.104	1.936
5035.260	1.936
5035.417	1.936
5035.598	1.936
5035.755	1.936
5035.937	1.936
5036.093	1.936
5036.250	1.936
5036.432	1.936
5036.588	1.941
5036.770	1.941
5036.927	1.941
5037.083	1.941
5037.265	1.941
5037.422	1.941
5037.604	1.941
5037.760	1.941
5037.917	1.941
5038.098	1.941
5038.255	1.941
5038.412	1.942
5038.593	1.944
5038.750	1.945
5038.932	1.944
5039.088	1.946
5039.270	1.946
5039.427	1.946
5039.583	1.946
5039.765	1.946
5039.922	1.947
5040.104	1.946
5040.260	1.949
5040.417	1.950
5040.598	1.949
5040.755	1.950
5040.937	1.951
5041.093	1.951
5041.250	1.951
5041.432	1.951
5041.588	1.951
5041.770	1.951
5041.927	1.951
5042.083	1.951
5042.265	1.951
5042.422	1.953
5042.604	1.955
5042.760	1.953
5042.917	1.955
5043.098	1.956
5043.255	1.956
5043.437	1.956
5043.593	1.956
5043.750	1.956
5043.932	1.956
5044.088	1.956
5044.270	1.959
5044.427	1.959
5044.583	1.959
5044.765	1.960
5044.922	1.960
5045.104	1.961
5045.260	1.961
5045.417	1.961
5045.598	1.961
5045.755	1.961
5045.937	1.961
5046.093	1.961
5046.250	1.961
5046.432	1.961
5046.588	1.961
5046.770	1.961
5046.927	1.962
5047.083	1.961
5047.265	1.963
5047.422	1.964
5047.604	1.964
5047.760	1.963
5047.917	1.965
5048.098	1.966
5048.255	1.966
5048.437	1.966
5048.593	1.966
5048.750	1.966
5048.932	1.967
5049.088	1.967
5049.270	1.969
5049.427	1.967
5049.583	1.970
5049.765	1.968
5049.922	1.969
5050.104	1.971
5050.260	1.971
5050.417	1.971
5050.598	1.971
5050.755	1.971
5050.937	1.972
5051.093	1.972
5051.250	1.973
5051.432	1.975
5051.588	1.976
5051.770	1.976
5051.927	1.976
5052.083	1.976
5052.265	1.976
5052.422	1.976
5052.604	1.976
5052.760	1.976
5052.917	1.976
5053.098	1.976
5053.255	1.977
5053.437	1.978
5053.593	1.980
5053.750	1.981
5053.932	1.980
5054.088	1.981
5054.270	1.982
5054.427	1.982
5054.583	1.982
5054.765	1.982
5054.922	1.982
5055.078	1.982
5055.260	1.982
5055.417	1.982
5055.598	1.982
5055.755	1.982
5055.937	1.984
5056.093	1.983
5056.250	1.986
5056.432	1.987
5056.588	1.987
5056.770	1.987
5056.927	1.988
5057.083	1.989
5057.265	1.989
5057.422	1.990
5057.578	1.992
5057.760	1.991
5057.917	1.992
5058.098	1.992
5058.255	1.992
5058.412	1.992
5058.593	1.992
5058.750	1.992
5058.932	1.992
5059.088	1.992
5059.245	1.992
5059.427	1.992
5059.583	1.995
5059.765	1.996
5059.922	1.995
5060.104	1.997
5060.260	1.997
5060.417	1.997
5060.598	1.997
5060.755	1.997
5060.937	1.997
5061.093	1.997
5061.250	1.997
5061.432	1.997
5061.588	1.999
5061.770	1.999
5061.927	1.999
5062.083	1.999
5062.265	2.002
5062.422	2.001
5062.578	2.002
5062.760	2.002
5062.917	2.002
5063.098	2.002
5063.255	2.002
5063.412	2.002
5063.593	2.002
5063.750	2.003
5063.932	2.005
5064.088	2.006
5064.245	2.007
5064.427	2.007
5064.583	2.007
5064.765	2.007
5064.922	2.007
5065.078	2.007
5065.260	2.007
5065.417	2.007
5065.598	2.007
5065.755	2.007
5065.912	2.010
5066.093	2.010
5066.250	2.012
5066.432	2.012
5066.588	2.012
5066.745	2.012
5066.927	2.012
5067.083	2.012
5067.265	2.012
5067.422	2.012
5067.604	2.013
5067.760	2.012
5067.917	2.013
5068.098	2.013
5068.255	2.013
5068.437	2.016
5068.593	2.017
5068.750	2.017
5068.932	2.017
5069.088	2.017
5069.245	2.017
5069.427	2.019
5069.583	2.018
5069.765	2.018
5069.922	2.018
5070.078	2.019
5070.260	2.021
5070.417	2.021
5070.598	2.022
5070.755	2.022
5070.937	2.022
5071.093	2.022
5071.250	2.022
5071.432	2.022
5071.588	2.022
5071.770	2.022
5071.927	2.022
5072.083	2.022
5072.265	2.022
5072.422	2.022
5072.604	2.024
5072.760	2.023
5072.917	2.026
5073.098	2.027
5073.255	2.027
5073.412	2.027
5073.593	2.027
5073.750	2.027
5073.932	2.027
5074.088	2.027
5074.245	2.027
5074.427	2.029
5074.583	2.030
5074.765	2.032
5074.922	2.032
5075.078	2.033
5075.260	2.033
5075.417	2.033
5075.598	2.033
5075.755	2.033
5075.912	2.033
5076.093	2.033
5076.250	2.033
5076.432	2.033
5076.588	2.033
5076.745	2.034
5076.927	2.035
5077.083	2.038
5077.265	2.035
5077.422	2.036
5077.578	2.038
5077.760	2.038
5077.917	2.037
5078.098	2.038
5078.255	2.038
5078.412	2.038
5078.593	2.038
5078.750	2.038
5078.932	2.038
5079.088	2.042
5079.270	2.038
5079.427	2.041
5079.583	2.043
5079.765	2.043
5079.922	2.043
5080.104	2.043
5080.260	2.043
5080.417	2.043
5080.598	2.043
5080.755	2.043
5080.937	2.043
5081.093	2.043
5081.250	2.043
5081.432	2.043
5081.588	2.043
5081.770	2.043
5081.927	2.044
5082.083	2.044
5082.265	2.047
5082.422	2.046
5082.578	2.046
5082.760	2.047
5082.917	2.048
5083.098	2.048
5083.255	2.048
5083.412	2.048
5083.593	2.048
5083.750	2.048
5083.932	2.048
5084.088	2.048
5084.245	2.048
5084.427	2.048
5084.583	2.050
5084.765	2.050
5084.922	2.050
5085.078	2.051
5085.260	2.053
5085.417	2.053
5085.598	2.053
5085.755	2.053
5085.937	2.053
5086.093	2.053
5086.250	2.053
5086.432	2.053
5086.588	2.055
5086.745	2.053
5086.927	2.054
5087.083	2.053
5087.265	2.055
5087.422	2.057
5087.604	2.057
5087.760	2.057
5087.917	2.057
5088.098	2.056
5088.255	2.057
5088.437	2.058
5088.593	2.058
5088.750	2.058
5088.932	2.057
5089.088	2.058
5089.245	2.058
5089.427	2.058
5089.583	2.058
5089.765	2.058
5089.922	2.058
5090.078	2.058
5090.260	2.058
5090.417	2.059
5090.598	2.061
5090.755	2.061
5090.912	2.060
5091.093	2.062
5091.250	2.063
5091.432	2.063
5091.588	2.062
5091.745	2.063
5091.927	2.063
5092.083	2.063
5092.265	2.063
5092.422	2.063
5092.578	2.063
5092.760	2.063
5092.917	2.063
5093.098	2.064
5093.255	2.063
5093.412	2.063
5093.593	2.063
5093.750	2.063
5093.932	2.064
5094.088	2.064
5094.245	2.065
5094.427	2.064
5094.583	2.066
5094.765	2.067
5094.922	2.066
5095.078	2.067
5095.260	2.068
5095.417	2.068
5095.598	2.068
5095.755	2.068
5095.912	2.068
5096.093	2.068
5096.250	2.068
5096.432	2.069
5096.588	2.068
5096.745	2.068
5096.927	2.069
5097.083	2.070
5097.265	2.070
5097.422	2.071
5097.578	2.072
5097.760	2.072
5097.917	2.072
5098.098	2.073
5098.255	2.073
5098.412	2.073
5098.593	2.072
5098.750	2.073
5098.932	2.073
5099.088	2.073
5099.245	2.073
5099.427	2.073
5099.583	2.073
5099.765	2.073
5099.922	2.073
5100.078	2.073
5100.260	2.073
5100.417	2.073
5100.598	2.073
5100.755	2.073
5100.912	2.074
5101.093	2.073
5101.250	2.074
5101.432	2.073
5101.588	2.075
5101.745	2.075
5101.927	2.076
5102.083	2.074
5102.265	2.074
5102.422	2.074
5102.578	2.076
5102.760	2.078
5102.917	2.078
5103.098	2.077
5103.255	2.078
5103.412	2.078
5103.593	2.078
5103.750	2.078
5103.932	2.078
5104.088	2.078
5104.245	2.078
5104.427	2.078
5104.583	2.078
5104.765	2.078
5104.922	2.078
5105.078	2.078
5105.260	2.078
5105.417	2.078
5105.598	2.078
5105.755	2.078
5105.912	2.079
5106.093	2.078
5106.250	2.078
5106.432	2.078
5106.588	2.078
5106.745	2.078
5106.927	2.078
5107.083	2.078
5107.265	2.078
5107.422	2.078
5107.578	2.078
5107.760	2.079
5107.917	2.078
5108.098	2.079
5108.255	2.081
5108.412	2.081
5108.593	2.079
5108.750	2.083
5108.932	2.081
5109.088	2.081
5109.270	2.081
5109.427	2.083
5109.583	2.079
5109.765	2.081
5109.922	2.082
5110.078	2.084
5110.260	2.083
5110.417	2.083
5110.598	2.083
5110.755	2.084
5110.912	2.084
5111.093	2.084
5111.250	2.083
5111.432	2.083
5111.588	2.082
5111.745	2.083
5111.927	2.083
5112.083	2.084
5112.265	2.084
5112.422	2.084
5112.578	2.084
5112.760	2.084
5112.917	2.083
5113.098	2.084
5113.255	2.084
5113.412	2.084
5113.593	2.083
5113.750	2.083
5113.932	2.083
5114.088	2.083
5114.245	2.082
5114.427	2.083
5114.583	2.083
5114.765	2.084
5114.922	2.084
5115.078	2.084
5115.260	2.084
5115.417	2.083
5115.598	2.084
5115.755	2.084
5115.912	2.083
5116.093	2.084
5116.250	2.084
5116.432	2.083
5116.588	2.084
5116.745	2.083
5116.927	2.083
5117.083	2.084
5117.265	2.084
5117.422	2.084
5117.578	2.084
5117.760	2.084
5117.917	2.083
5118.098	2.083
5118.255	2.083
5118.412	2.083
5118.593	2.084
5118.750	2.084
5118.932	2.084
5119.088	2.084
5119.245	2.083
5119.427	2.084
5119.583	2.084
5119.765	2.084
5119.922	2.084
5120.078	2.084
5120.260	2.084
5120.417	2.084
5120.598	2.084
5120.755	2.084
5120.912	2.084
5121.093	2.084
5121.250	2.084
5121.432	2.083
5121.588	2.084
5121.745	2.084
5121.927	2.084
5122.083	2.082
5122.265	2.084
5122.422	2.082
5122.578	2.084
5122.760	2.083
5122.917	2.082
5123.098	2.083
5123.255	2.084
5123.412	2.082
5123.593	2.082
5123.750	2.084
5123.932	2.082
5124.088	2.083
5124.245	2.083
5124.427	2.082
5124.583	2.083
5124.765	2.082
5124.922	2.082
5125.078	2.080
5125.260	2.081
5125.417	2.081
5125.598	2.079
5125.755	2.080
5125.912	2.080
5126.093	2.080
5126.250	2.079
5126.432	2.079
5126.588	2.078
5126.745	2.078
5126.927	2.078
5127.083	2.079
5127.265	2.078
5127.422	2.079
5127.578	2.078
5127.760	2.078
5127.917	2.078
5128.098	2.079
5128.255	2.078
5128.412	2.078
5128.593	2.078
5128.750	2.078
5128.932	2.078
5129.088	2.078
5129.245	2.078
5129.427	2.078
5129.583	2.078
5129.765	2.078
5129.922	2.078
5130.078	2.078
5130.260	2.078
5130.417	2.078
5130.598	2.078
5130.755	2.078
5130.912	2.078
5131.093	2.078
5131.250	2.078
5131.432	2.078
5131.588	2.078
5131.745	2.078
5131.927	2.078
5132.083	2.077
5132.265	2.078
5132.422	2.077
5132.578	2.076
5132.760	2.075
5132.917	2.074
5133.098	2.075
5133.255	2.076
5133.412	2.073
5133.593	2.078
5133.750	2.077
5133.932	2.076
5134.088	2.076
5134.245	2.073
5134.427	2.074
5134.583	2.073
5134.765	2.073
5134.922	2.075
5135.078	2.073
5135.260	2.073
5135.417	2.073
5135.598	2.073
5135.755	2.073
5135.912	2.073
5136.093	2.073
5136.250	2.073
5136.432	2.073
5136.588	2.073
5136.745	2.073
5136.927	2.073
5137.083	2.073
5137.265	2.073
5137.422	2.073
5137.578	2.073
5137.760	2.073
5137.917	2.073
5138.098	2.073
5138.255	2.073
5138.412	2.073
5138.593	2.073
5138.750	2.073
5138.932	2.073
5139.088	2.072
5139.245	2.070
5139.427	2.071
5139.583	2.070
5139.765	2.070
5139.922	2.070
5140.078	2.069
5140.260	2.068
5140.417	2.068
5140.598	2.068
5140.755	2.068
5140.912	2.068
5141.093	2.068
5141.250	2.068
5141.432	2.068
5141.588	2.068
5141.745	2.068
5141.927	2.068
5142.083	2.068
5142.265	2.068
5142.422	2.067
5142.578	2.067
5142.760	2.068
5142.917	2.066
5143.098	2.066
5143.255	2.066
5143.412	2.067
5143.593	2.067
5143.750	2.067
5143.932	2.067
5144.088	2.065
5144.245	2.064
5144.427	2.063
5144.583	2.063
5144.765	2.063
5144.922	2.063
5145.078	2.063
5145.260	2.064
5145.417	2.063
5145.598	2.063
5145.755	2.063
5145.912	2.063
5146.093	2.063
5146.250	2.063
5146.432	2.063
5146.588	2.063
5146.745	2.063
5146.927	2.063
5147.083	2.063
5147.265	2.063
5147.422	2.063
5147.578	2.062
5147.760	2.063
5147.917	2.063
5148.098	2.062
5148.255	2.061
5148.412	2.060
5148.593	2.061
5148.750	2.058
5148.932	2.059
5149.088	2.059
5149.245	2.058
5149.427	2.059
5149.583	2.058
5149.765	2.058
5149.922	2.058
5150.078	2.058
5150.260	2.058
5150.417	2.058
5150.598	2.058
5150.755	2.058
5150.912	2.058
5151.093	2.058
5151.250	2.058
5151.432	2.058
5151.588	2.058
5151.745	2.058
5151.927	2.058
5152.083	2.058
5152.265	2.058
5152.422	2.055
5152.578	2.057
5152.760	2.056
5152.917	2.055
5153.098	2.055
5153.255	2.055
5153.412	2.058
5153.593	2.055
5153.750	2.055
5153.932	2.054
5154.088	2.054
5154.245	2.054
5154.427	2.053
5154.583	2.054
5154.765	2.053
5154.922	2.053
5155.078	2.053
5155.260	2.053
5155.417	2.053
5155.598	2.053
5155.755	2.053
5155.912	2.053
5156.093	2.053
5156.250	2.053
5156.432	2.052
5156.588	2.052
5156.745	2.050
5156.927	2.050
5157.083	2.050
5157.265	2.051
5157.422	2.050
5157.578	2.049
5157.760	2.049
5157.917	2.048
5158.098	2.048
5158.255	2.048
5158.412	2.048
5158.593	2.048
5158.750	2.048
5158.932	2.048
5159.088	2.048
5159.245	2.048
5159.427	2.048
5159.583	2.048
5159.765	2.048
5159.922	2.047
5160.078	2.048
5160.260	2.047
5160.417	2.048
5160.598	2.048
5160.755	2.047
5160.912	2.044
5161.093	2.045
5161.250	2.044
5161.432	2.043
5161.588	2.046
5161.745	2.043
5161.927	2.044
5162.083	2.044
5162.265	2.043
5162.422	2.043
5162.578	2.043
5162.760	2.043
5162.917	2.043
5163.098	2.043
5163.255	2.043
5163.412	2.043
5163.593	2.043
5163.750	2.043
5163.932	2.043
5164.088	2.043
5164.245	2.043
5164.427	2.043
5164.583	2.042
5164.765	2.043
5164.922	2.042
5165.078	2.039
5165.260	2.042
5165.417	2.041
5165.598	2.040
5165.755	2.041
5165.912	2.042
5166.093	2.038
5166.250	2.038
5166.432	2.038
5166.588	2.038
5166.745	2.038
5166.927	2.038
5167.083	2.038
5167.265	2.038
5167.422	2.038
5167.578	2.038
5167.760	2.038
5167.917	2.038
5168.098	2.038
5168.255	2.038
5168.412	2.038
5168.593	2.038
5168.750	2.038
5168.932	2.038
5169.088	2.037
5169.245	2.037
5169.427	2.037
5169.583	2.034
5169.765	2.033
5169.922	2.033
5170.078	2.034
5170.260	2.033
5170.417	2.033
5170.598	2.034
5170.755	2.033
5170.912	2.033
5171.093	2.033
5171.250	2.033
5171.432	2.033
5171.588	2.033
5171.745	2.033
5171.927	2.033
5172.083	2.033
5172.240	2.033
5172.422	2.033
5172.578	2.032
5172.760	2.033
5172.917	2.033
5173.098	2.031
5173.255	2.031
5173.412	2.032
5173.593	2.031
5173.750	2.031
5173.907	2.029
5174.088	2.028
5174.245	2.027
5174.427	2.027
5174.583	2.027
5174.740	2.027
5174.922	2.027
5175.078	2.027
5175.260	2.027
5175.417	2.026
5175.598	2.027
5175.755	2.023
5175.912	2.027
5176.093	2.023
5176.250	2.022
5176.432	2.023
5176.588	2.023
5176.745	2.022
5176.927	2.022
5177.083	2.022
5177.265	2.022
5177.422	2.022
5177.578	2.022
5177.760	2.022
5177.917	2.023
5178.098	2.022
5178.255	2.022
5178.412	2.022
5178.593	2.022
5178.750	2.022
5178.932	2.022
5179.088	2.022
5179.245	2.022
5179.427	2.022
5179.583	2.022
5179.740	2.021
5179.922	2.022
5180.078	2.022
5180.260	2.021
5180.417	2.021
5180.598	2.021
5180.755	2.021
5180.912	2.021
5181.093	2.019
5181.250	2.019
5181.407	2.018
5181.588	2.018
5181.745	2.018
5181.927	2.019
5182.083	2.017
5182.265	2.017
5182.422	2.017
5182.578	2.017
5182.760	2.017
5182.917	2.017
5183.098	2.017
5183.255	2.017
5183.412	2.017
5183.593	2.017
5183.750	2.017
5183.907	2.016
5184.088	2.016
5184.245	2.016
5184.427	2.016
5184.583	2.013
5184.765	2.014
5184.922	2.014
5185.078	2.016
5185.260	2.014
5185.417	2.013
5185.598	2.013
5185.755	2.013
5185.912	2.013
5186.093	2.012
5186.250	2.012
5186.432	2.012
5186.588	2.012
5186.745	2.012
5186.927	2.012
5187.083	2.011
5187.265	2.012
5187.422	2.012
5187.578	2.012
5187.760	2.011
5187.917	2.012
5188.098	2.010
5188.255	2.007
5188.412	2.007
5188.593	2.010
5188.750	2.009
5188.932	2.010
5189.088	2.008
5189.245	2.007
5189.427	2.007
5189.583	2.008
5189.740	2.007
5189.922	2.007
5190.078	2.007
5190.260	2.007
5190.417	2.007
5190.573	2.007
5190.755	2.007
5190.912	2.007
5191.093	2.007
5191.250	2.007
5191.407	2.007
5191.588	2.007
5191.745	2.007
5191.927	2.007
5192.083	2.006
5192.265	2.006
5192.422	2.006
5192.578	2.006
5192.760	2.002
5192.917	2.004
5193.073	2.004
5193.255	2.004
5193.412	2.002
5193.593	2.002
5193.750	2.002
5193.907	2.002
5194.088	2.002
5194.245	2.002
5194.427	2.002
5194.583	2.002
5194.740	2.002
5194.922	2.002
5195.078	2.002
5195.260	2.002
5195.417	2.002
5195.573	2.002
5195.755	2.002
5195.912	2.002
5196.093	2.002
5196.250	2.000
5196.407	2.001
5196.588	2.000
5196.745	1.998
5196.927	2.000
5197.083	2.001
5197.240	1.999
5197.422	1.997
5197.578	1.997
5197.760	1.997
5197.917	1.998
5198.073	1.997
5198.255	1.997
5198.412	1.997
5198.593	1.997
5198.750	1.997
5198.907	1.997
5199.088	1.997
5199.245	1.997
5199.427	1.997
5199.583	1.997
5199.740	1.996
5199.922	1.996
5200.078	1.997
5200.260	1.995
5200.417	1.995
5200.573	1.996
5200.755	1.994
5200.912	1.994
5201.093	1.993
5201.250	1.993
5201.407	1.993
5201.588	1.992
5201.745	1.993
5201.927	1.992
5202.083	1.992
5202.265	1.992
5202.422	1.992
5202.578	1.992
5202.760	1.992
5202.917	1.992
5203.073	1.992
5203.255	1.992
5203.412	1.992
5203.593	1.992
5203.750	1.992
5203.932	1.992
5204.088	1.992
5204.245	1.992
5204.427	1.992
5204.583	1.992
5204.740	1.992
5204.922	1.992
5205.078	1.992
5205.260	1.991
5205.417	1.992
5205.573	1.991
5205.755	1.990
5205.912	1.991
5206.093	1.987
5206.250	1.987
5206.432	1.987
5206.588	1.987
5206.745	1.987
5206.927	1.987
5207.083	1.987
5207.265	1.987
5207.422	1.987
5207.578	1.987
5207.760	1.987
5207.917	1.987
5208.073	1.987
5208.255	1.987
5208.412	1.987
5208.593	1.986
5208.750	1.987
5208.907	1.987
5209.088	1.984
5209.245	1.983
5209.427	1.987
5209.583	1.986
5209.765	1.982
5209.922	1.983
5210.078	1.982
5210.260	1.982
5210.417	1.982
5210.573	1.982
5210.755	1.982
5210.912	1.982
5211.093	1.982
5211.250	1.982
5211.407	1.982
5211.588	1.982
5211.745	1.982
5211.927	1.982
5212.083	1.982
5212.240	1.982
5212.422	1.982
5212.578	1.982
5212.760	1.982
5212.917	1.982
5213.073	1.982
5213.255	1.982
5213.412	1.982
5213.593	1.982
5213.750	1.982
5213.907	1.981
5214.088	1.982
5214.245	1.982
5214.427	1.979
5214.583	1.982
5214.740	1.980
5214.922	1.981
5215.078	1.979
5215.260	1.979
5215.417	1.976
5215.573	1.977
5215.755	1.976
5215.912	1.977
5216.093	1.977
5216.250	1.977
5216.407	1.976
5216.588	1.976
5216.745	1.976
5216.927	1.976
5217.083	1.976
5217.240	1.976
5217.422	1.976
5217.578	1.976
5217.760	1.976
5217.917	1.976
5218.073	1.976
5218.255	1.976
5218.412	1.976
5218.593	1.976
5218.750	1.976
5218.907	1.976
5219.088	1.976
5219.245	1.976
5219.427	1.976
5219.583	1.976
5219.740	1.976
5219.922	1.976
5220.078	1.976
5220.260	1.974
5220.417	1.975
5220.573	1.975
5220.755	1.972
5220.912	1.972
5221.093	1.975
5221.250	1.971
5221.407	1.972
5221.588	1.971
5221.745	1.973
5221.927	1.972
5222.083	1.971
5222.240	1.972
5222.422	1.971
5222.578	1.971
5222.760	1.971
5222.917	1.971
5223.073	1.971
5223.255	1.971
5223.412	1.970
5223.593	1.970
5223.750	1.971
5223.907	1.971
5224.088	1.970
5224.245	1.969
5224.427	1.970
5224.583	1.970
5224.740	1.970
5224.922	1.970
5225.078	1.970
5225.260	1.967
5225.417	1.968
5225.573	1.968
5225.755	1.969
5225.912	1.968
5226.093	1.969
5226.250	1.966
5226.407	1.966
5226.588	1.966
5226.745	1.968
5226.927	1.966
5227.083	1.966
5227.240	1.966
5227.422	1.966
5227.578	1.966
5227.760	1.966
5227.917	1.966
5228.073	1.966
5228.255	1.966
5228.412	1.966
5228.593	1.966
5228.750	1.966
5228.907	1.966
5229.088	1.966
5229.245	1.966
5229.427	1.966
5229.583	1.966
5229.740	1.966
5229.922	1.966
5230.078	1.966
5230.260	1.966
5230.417	1.966
5230.573	1.965
5230.755	1.966
5230.912	1.966
5231.093	1.966
5231.250	1.965
5231.407	1.966
5231.588	1.965
5231.745	1.965
5231.927	1.962
5232.083	1.963
5232.240	1.962
5232.422	1.963
5232.578	1.962
5232.760	1.963
5232.917	1.961
5233.073	1.961
5233.255	1.961
5233.412	1.961
5233.593	1.961
5233.750	1.961
5233.907	1.961
5234.088	1.961
5234.245	1.961
5234.427	1.961
5234.583	1.961
5234.740	1.961
5234.922	1.961
5235.078	1.961
5235.260	1.961
5235.417	1.961
5235.573	1.961
5235.755	1.961
5235.912	1.961
5236.093	1.961
5236.250	1.961
5236.407	1.961
5236.588	1.961
5236.745	1.961
5236.927	1.961
5237.083	1.961
5237.240	1.961
5237.422	1.961
5237.578	1.961
5237.760	1.961
5237.917	1.961
5238.073	1.961
5238.255	1.961
5238.412	1.961
5238.593	1.960
5238.750	1.961
5238.907	1.961
5239.088	1.961
5239.245	1.961
5239.427	1.961
5239.583	1.961
5239.740	1.961
5239.922	1.961
5240.078	1.961
5240.260	1.961
5240.417	1.961
5240.573	1.960
5240.755	1.961
5240.912	1.960
5241.093	1.961
5241.250	1.961
5241.407	1.961
5241.588	1.960
5241.745	1.959
5241.927	1.960
5242.083	1.959
5242.240	1.961
5242.422	1.960
5242.578	1.961
5242.760	1.959
5242.917	1.960
5243.073	1.959
5243.255	1.958
5243.412	1.958
5243.593	1.960
5243.750	1.959
5243.907	1.959
5244.088	1.960
5244.245	1.959
5244.427	1.957
5244.583	1.957
5244.740	1.958
5244.922	1.956
5245.078	1.957
5245.260	1.956
5245.417	1.956
5245.573	1.956
5245.755	1.956
5245.912	1.957
5246.093	1.956
5246.250	1.956
5246.407	1.956
5246.588	1.956
5246.745	1.956
5246.927	1.955
5247.083	1.956
5247.240	1.956
5247.422	1.955
5247.578	1.955
5247.760	1.954
5247.917	1.953
5248.073	1.953
5248.255	1.953
5248.412	1.955
5248.593	1.954
5248.750	1.953
5248.907	1.951
5249.088	1.952
5249.245	1.951
5249.427	1.951
5249.583	1.951
5249.740	1.951
5249.922	1.951
5250.078	1.953
5250.260	1.951
5250.417	1.951
5250.573	1.951
5250.755	1.951
5250.912	1.951
5251.093	1.951
5251.250	1.951
5251.407	1.951
5251.588	1.951
5251.745	1.951
5251.927	1.951
5252.083	1.951
5252.240	1.951
5252.422	1.951
5252.578	1.951
5252.760	1.951
5252.917	1.951
5253.073	1.951
5253.255	1.951
5253.412	1.951
5253.593	1.951
5253.750	1.951
5253.907	1.951
5254.088	1.951
5254.245	1.951
5254.402	1.951
5254.583	1.951
5254.740	1.951
5254.922	1.951
5255.078	1.951
5255.260	1.951
5255.417	1.951
5255.573	1.951
5255.755	1.951
5255.912	1.951
5256.068	1.951
5256.250	1.951
5256.407	1.951
5256.588	1.951
5256.745	1.951
5256.927	1.951
5257.083	1.951
5257.240	1.951
5257.422	1.951
5257.578	1.951
5257.735	1.951
5257.917	1.951
5258.073	1.951
5258.255	1.951
5258.412	1.951
5258.593	1.951
5258.750	1.951
5258.907	1.951
5259.088	1.951
5259.245	1.951
5259.402	1.951
5259.583	1.951
5259.740	1.951
5259.922	1.951
5260.078	1.951
5260.260	1.951
5260.417	1.951
5260.573	1.951
5260.755	1.951
5260.912	1.951
5261.068	1.949
5261.250	1.949
5261.407	1.948
5261.588	1.949
5261.745	1.948
5261.927	1.948
5262.083	1.946
5262.240	1.946
5262.422	1.947
5262.578	1.946
5262.760	1.946
5262.917	1.946
5263.073	1.946
5263.255	1.947
5263.412	1.946
5263.593	1.946
5263.750	1.946
5263.907	1.945
5264.088	1.945
5264.245	1.944
5264.402	1.946
5264.583	1.944
5264.740	1.946
5264.922	1.944
5265.078	1.942
5265.260	1.942
5265.417	1.943
5265.573	1.943
5265.755	1.943
5265.912	1.942
5266.068	1.942
5266.250	1.942
5266.407	1.942
5266.588	1.942
5266.745	1.942
5266.927	1.942
5267.083	1.942
5267.240	1.943
5267.422	1.942
5267.578	1.943
5267.760	1.942
5267.917	1.942
5268.073	1.941
5268.255	1.942
5268.412	1.942
5268.593	1.943
5268.750	1.942
5268.907	1.943
5269.088	1.945
5269.245	1.946
5269.427	1.944
5269.583	1.946
5269.740	1.945
5269.922	1.943
5270.078	1.943
5270.260	1.945
5270.417	1.945
5270.573	1.946
5270.755	1.946
5270.912	1.946
5271.068	1.946
5271.250	1.946
5271.407	1.946
5271.588	1.946
5271.745	1.946
5271.927	1.946
5272.083	1.946
5272.240	1.946
5272.422	1.946
5272.578	1.946
5272.735	1.946
5272.917	1.945
5273.073	1.946
5273.255	1.946
5273.412	1.946
5273.593	1.946
5273.750	1.946
5273.907	1.946
5274.088	1.946
5274.245	1.946
5274.402	1.946
5274.583	1.946
5274.740	1.946
5274.922	1.946
5275.078	1.946
5275.260	1.946
5275.417	1.946
5275.573	1.945
5275.755	1.944
5275.912	1.945
5276.093	1.946
5276.250	1.944
5276.407	1.942
5276.588	1.945
5276.745	1.941
5276.927	1.944
5277.083	1.942
5277.240	1.941
5277.422	1.941
5277.578	1.941
5277.735	1.941
5277.917	1.941
5278.073	1.941
5278.255	1.941
5278.412	1.941
5278.593	1.941
5278.750	1.941
5278.907	1.941
5279.088	1.941
5279.245	1.941
5279.402	1.941
5279.583	1.941
5279.740	1.941
5279.922	1.941
5280.078	1.941
5280.260	1.941
5280.417	1.941
5280.573	1.940
5280.755	1.941
5280.912	1.941
5281.093	1.941
5281.250	1.941
5281.407	1.941
5281.588	1.941
5281.745	1.941
5281.927	1.941
5282.083	1.941
5282.240	1.941
5282.422	1.941
5282.578	1.941
5282.735	1.941
5282.917	1.941
5283.073	1.941
5283.255	1.941
5283.412	1.941
5283.593	1.941
5283.750	1.941
5283.907	1.941
5284.088	1.941
5284.245	1.941
5284.402	1.941
5284.583	1.941
5284.740	1.941
5284.922	1.941
5285.078	1.941
5285.260	1.941
5285.417	1.941
5285.573	1.941
5285.755	1.941
5285.912	1.941
5286.068	1.941
5286.250	1.941
5286.407	1.942
5286.588	1.941
5286.745	1.942
5286.927	1.946
5287.083	1.945
5287.240	1.942
5287.422	1.942
5287.578	1.946
5287.735	1.943
5287.917	1.944
5288.073	1.946
5288.255	1.946
5288.412	1.944
5288.593	1.943
5288.750	1.944
5288.907	1.946
5289.088	1.945
5289.245	1.945
5289.427	1.945
5289.583	1.946
5289.740	1.946
5289.922	1.945
5290.078	1.946
5290.235	1.945
5290.417	1.945
5290.573	1.943
5290.755	1.942
5290.912	1.943
5291.093	1.943
5291.250	1.945
5291.407	1.942
5291.588	1.942
5291.745	1.941
5291.927	1.943
5292.083	1.941
5292.240	1.941
5292.422	1.941
5292.578	1.941
5292.735	1.941
5292.917	1.941
5293.073	1.941
5293.255	1.941
5293.412	1.941
5293.568	1.941
5293.750	1.941
5293.907	1.941
5294.088	1.941
5294.245	1.941
5294.402	1.941
5294.583	1.940
5294.740	1.941
5294.922	1.941
5295.078	1.940
5295.235	1.938
5295.417	1.937
5295.573	1.938
5295.755	1.938
5295.912	1.936
5296.068	1.936
5296.250	1.936
5296.407	1.936
5296.588	1.936
5296.745	1.936
5296.902	1.936
5297.083	1.938
5297.240	1.940
5297.422	1.940
5297.578	1.940
5297.735	1.941
5297.917	1.941
5298.073	1.941
5298.255	1.940
5298.412	1.940
5298.568	1.940
5298.750	1.941
5298.907	1.941
5299.088	1.941
5299.245	1.941
5299.427	1.941
5299.583	1.941
5299.740	1.941
5299.922	1.941
5300.078	1.941
5300.235	1.941
5300.417	1.941
5300.573	1.941
5300.755	1.941
5300.912	1.942
5301.068	1.943
5301.250	1.942
5301.407	1.942
5301.588	1.943
5301.745	1.944
5301.902	1.946
5302.083	1.945
5302.240	1.945
5302.422	1.945
5302.578	1.946
5302.735	1.946
5302.917	1.946
5303.073	1.946
5303.255	1.947
5303.412	1.946
5303.568	1.947
5303.750	1.946
5303.907	1.946
5304.088	1.947
5304.245	1.946
5304.427	1.947
5304.583	1.946
5304.740	1.948
5304.922	1.947
5305.078	1.947
5305.235	1.948
5305.417	1.948
5305.573	1.946
5305.755	1.946
5305.912	1.946
5306.068	1.946
5306.250	1.946
5306.407	1.946
5306.588	1.946
5306.745	1.946
5306.902	1.946
5307.083	1.946
5307.240	1.945
5307.422	1.944
5307.578	1.943
5307.760	1.944
5307.917	1.942
5308.073	1.943
5308.255	1.943
5308.412	1.942
5308.568	1.941
5308.750	1.941
5308.907	1.941
5309.088	1.941
5309.245	1.941
5309.402	1.941
5309.583	1.941
5309.740	1.941
5309.922	1.941
5310.078	1.941
5310.235	1.941
5310.417	1.941
5310.573	1.941
5310.755	1.941
5310.912	1.941
5311.093	1.941
5311.250	1.941
5311.407	1.941
5311.588	1.941
5311.745	1.941
5311.902	1.941
5312.083	1.937
5312.240	1.940
5312.422	1.941
5312.578	1.939
5312.760	1.941
5312.917	1.941
5313.073	1.940
5313.255	1.941
5313.412	1.941
5313.568	1.941
5313.750	1.941
5313.907	1.941
5314.088	1.941
5314.245	1.941
5314.402	1.941
5314.583	1.941
5314.740	1.941
5314.922	1.941
5315.078	1.942
5315.235	1.941
5315.417	1.942
5315.573	1.945
5315.755	1.945
5315.912	1.946
5316.068	1.946
5316.250	1.946
5316.407	1.946
5316.588	1.946
5316.745	1.946
5316.902	1.946
5317.083	1.947
5317.240	1.949
5317.422	1.949
5317.578	1.950
5317.735	1.951
5317.917	1.951
5318.073	1.951
5318.255	1.951
5318.412	1.951
5318.568	1.951
5318.750	1.951
5318.907	1.951
5319.088	1.952
5319.245	1.951
5319.427	1.953
5319.583	1.952
5319.740	1.952
5319.922	1.951
5320.078	1.952
5320.235	1.954
5320.417	1.953
5320.573	1.954
5320.755	1.952
5320.912	1.954
5321.093	1.953
5321.250	1.953
5321.407	1.953
5321.588	1.955
5321.745	1.953
5321.902	1.952
5322.083	1.952
5322.240	1.951
5322.422	1.953
5322.578	1.953
5322.760	1.952
5322.917	1.951
5323.073	1.951
5323.255	1.951
5323.412	1.951
5323.568	1.951
5323.750	1.951
5323.907	1.951
5324.088	1.951
5324.245	1.951
5324.402	1.951
5324.583	1.951
5324.740	1.950
5324.922	1.950
5325.078	1.950
5325.235	1.948
5325.417	1.949
5325.573	1.946
5325.755	1.946
5325.912	1.947
5326.068	1.946
5326.250	1.946
5326.407	1.946
5326.588	1.945
5326.745	1.945
5326.902	1.946
5327.083	1.946
5327.240	1.946
5327.422	1.946
5327.578	1.946
5327.735	1.945
5327.917	1.943
5328.073	1.943
5328.255	1.943
5328.412	1.942
5328.568	1.942
5328.750	1.943
5328.907	1.942
5329.088	1.945
5329.245	1.942
5329.402	1.945
5329.583	1.946
5329.740	1.946
5329.922	1.946
5330.078	1.946
5330.235	1.946
5330.417	1.946
5330.573	1.946
5330.755	1.947
5330.912	1.948
5331.068	1.948
5331.250	1.948
5331.407	1.950
5331.588	1.951
5331.745	1.951
5331.902	1.951
5332.083	1.951
5332.240	1.951
5332.422	1.951
5332.578	1.951
5332.735	1.951
5332.917	1.951
5333.073	1.951
5333.255	1.953
5333.412	1.954
5333.568	1.954
5333.750	1.956
5333.907	1.956
5334.088	1.956
5334.245	1.956
5334.402	1.957
5334.583	1.959
5334.740	1.960
5334.922	1.961
5335.078	1.961
5335.235	1.961
5335.417	1.961
5335.573	1.961
5335.755	1.961
5335.912	1.961
5336.068	1.961
5336.250	1.961
5336.407	1.961
5336.588	1.961
5336.745	1.961
5336.902	1.961
5337.083	1.961
5337.240	1.961
5337.422	1.961
5337.578	1.961
5337.735	1.961
5337.917	1.961
5338.073	1.961
5338.255	1.961
5338.412	1.962
5338.568	1.961
5338.750	1.961
5338.907	1.961
5339.088	1.961
5339.245	1.961
5339.402	1.961
5339.583	1.961
5339.740	1.961
5339.922	1.961
5340.078	1.961
5340.235	1.961
5340.417	1.961
5340.573	1.961
5340.755	1.961
5340.912	1.961
5341.068	1.961
5341.250	1.961
5341.407	1.961
5341.588	1.961
5341.745	1.961
5341.902	1.961
5342.083	1.959
5342.240	1.959
5342.422	1.957
5342.578	1.957
5342.735	1.956
5342.917	1.956
5343.073	1.956
5343.255	1.956
5343.412	1.956
5343.568	1.956
5343.750	1.956
5343.907	1.956
5344.088	1.956
5344.245	1.955
5344.402	1.956
5344.583	1.955
5344.740	1.953
5344.922	1.953
5345.078	1.953
5345.235	1.953
5345.417	1.952
5345.573	1.952
5345.755	1.952
5345.912	1.951
5346.068	1.951
5346.250	1.954
5346.407	1.953
5346.588	1.953
5346.745	1.956
5346.902	1.953
5347.083	1.955
5347.240	1.955
5347.422	1.955
5347.578	1.956
5347.735	1.956
5347.917	1.956
5348.073	1.956
5348.255	1.956
5348.412	1.956
5348.568	1.956
5348.750	1.956
5348.907	1.959
5349.088	1.959
5349.245	1.960
5349.402	1.961
5349.583	1.961
5349.740	1.961
5349.922	1.961
5350.078	1.961
5350.235	1.961
5350.417	1.961
5350.573	1.961
5350.755	1.961
5350.912	1.961
5351.068	1.961
5351.250	1.964
5351.407	1.965
5351.588	1.966
5351.745	1.966
5351.902	1.966
5352.083	1.967
5352.240	1.966
5352.422	1.970
5352.578	1.971
5352.735	1.971
5352.917	1.971
5353.073	1.971
5353.255	1.971
5353.412	1.972
5353.568	1.974
5353.750	1.973
5353.907	1.975
5354.088	1.976
5354.245	1.976
5354.402	1.976
5354.583	1.976
5354.740	1.976
5354.922	1.976
5355.078	1.976
5355.235	1.976
5355.417	1.976
5355.573	1.976
5355.755	1.976
5355.912	1.976
5356.068	1.976
5356.250	1.976
5356.407	1.976
5356.588	1.976
5356.745	1.976
5356.902	1.976
5357.083	1.976
5357.240	1.976
5357.422	1.976
5357.578	1.976
5357.735	1.976
5357.917	1.976
5358.073	1.976
5358.255	1.976
5358.412	1.976
5358.568	1.976
5358.750	1.976
5358.907	1.974
5359.088	1.976
5359.245	1.976
5359.402	1.976
5359.583	1.971
5359.740	1.971
5359.922	1.971
5360.078	1.971
5360.235	1.971
5360.417	1.971
5360.573	1.971
5360.755	1.971
5360.912	1.970
5361.068	1.970
5361.250	1.970
5361.407	1.968
5361.588	1.967
5361.745	1.966
5361.902	1.966
5362.083	1.966
5362.240	1.966
5362.422	1.966
5362.578	1.966
5362.735	1.966
5362.917	1.966
5363.073	1.966
5363.255	1.966
5363.412	1.966
5363.568	1.966
5363.750	1.966
5363.907	1.963
5364.088	1.965
5364.245	1.966
5364.402	1.965
5364.583	1.965
5364.740	1.966
5364.922	1.965
5365.078	1.966
5365.235	1.966
5365.417	1.966
5365.573	1.966
5365.755	1.966
5365.912	1.966
5366.068	1.966
5366.250	1.966
5366.407	1.966
5366.588	1.966
5366.745	1.966
5366.902	1.967
5367.083	1.968
5367.240	1.970
5367.422	1.971
5367.578	1.971
5367.735	1.971
5367.917	1.972
5368.073	1.975
5368.255	1.976
5368.412	1.976
5368.568	1.976
5368.750	1.976
5368.907	1.976
5369.088	1.976
5369.245	1.977
5369.402	1.980
5369.583	1.981
5369.740	1.982
5369.922	1.982
5370.078	1.982
5370.235	1.982
5370.417	1.982
5370.573	1.982
5370.755	1.982
5370.912	1.982
5371.068	1.985
5371.250	1.987
5371.407	1.987
5371.562	1.987
5371.745	1.987
5371.902	1.987
5372.083	1.990
5372.240	1.992
5372.422	1.992
5372.578	1.992
5372.735	1.992
5372.917	1.992
5373.073	1.992
5373.229	1.993
5373.412	1.993
5373.568	1.995
5373.750	1.997
5373.907	1.996
5374.088	1.997
5374.245	1.997
5374.402	1.997
5374.583	1.997
5374.740	1.997
5374.895	1.997
5375.078	1.997
5375.235	1.997
5375.417	1.997
5375.573	1.997
5375.755	1.997
5375.912	1.997
5376.068	1.997
5376.250	1.997
5376.407	1.997
5376.562	1.997
5376.745	1.997
5376.902	1.997
5377.083	1.995
5377.240	1.997
5377.422	1.995
5377.578	1.994
5377.735	1.993
5377.917	1.993
5378.073	1.993
5378.229	1.992
5378.412	1.993
5378.568	1.992
5378.750	1.993
5378.907	1.992
5379.088	1.992
5379.245	1.992
5379.402	1.991
5379.583	1.992
5379.740	1.989
5379.895	1.991
5380.078	1.987
5380.235	1.987
5380.417	1.987
5380.573	1.987
5380.755	1.987
5380.912	1.987
5381.068	1.987
5381.250	1.986
5381.407	1.987
5381.562	1.986
5381.745	1.985
5381.902	1.984
5382.083	1.985
5382.240	1.987
5382.422	1.986
5382.578	1.987
5382.735	1.984
5382.917	1.983
5383.073	1.985
5383.229	1.985
5383.412	1.986
5383.568	1.987
5383.750	1.987
5383.907	1.986
5384.088	1.987
5384.245	1.986
5384.402	1.987
5384.583	1.987
5384.740	1.987
5384.895	1.987
5385.078	1.988
5385.235	1.992
5385.417	1.990
5385.573	1.992
5385.755	1.992
5385.912	1.992
5386.068	1.992
5386.250	1.992
5386.407	1.992
5386.588	1.992
5386.745	1.993
5386.902	1.992
5387.083	1.996
5387.240	1.997
5387.395	1.997
5387.578	1.997
5387.735	1.997
5387.917	1.998
5388.073	1.999
5388.255	2.000
5388.412	2.002
5388.568	2.002
5388.750	2.002
5388.907	2.003
5389.062	2.002
5389.245	2.003
5389.402	2.007
5389.583	2.007
5389.740	2.007
5389.922	2.008
5390.078	2.011
5390.235	2.012
5390.417	2.012
5390.573	2.012
5390.729	2.014
5390.912	2.017
5391.068	2.016
5391.250	2.016
5391.407	2.017
5391.588	2.017
5391.745	2.018
5391.902	2.018
5392.083	2.018
5392.240	2.021
5392.395	2.021
5392.578	2.022
5392.735	2.022
5392.917	2.022
5393.073	2.022
5393.255	2.022
5393.412	2.022
5393.568	2.022
5393.750	2.022
5393.907	2.022
5394.062	2.022
5394.245	2.022
5394.402	2.023
5394.583	2.023
5394.740	2.024
5394.922	2.022
5395.078	2.023
5395.235	2.025
5395.417	2.023
5395.573	2.022
5395.729	2.024
5395.912	2.022
5396.068	2.022
5396.250	2.022
5396.407	2.022
5396.588	2.022
5396.745	2.022
5396.902	2.022
5397.083	2.022
5397.240	2.022
5397.395	2.022
5397.578	2.022
5397.735	2.022
5397.917	2.021
5398.073	2.021
5398.255	2.020
5398.412	2.017
5398.568	2.017
5398.750	2.017
5398.907	2.017
5399.088	2.017
5399.245	2.016
5399.402	2.017
5399.583	2.017
5399.740	2.013
5399.895	2.013
5400.078	2.013
5400.235	2.012
5400.417	2.012
5400.573	2.012
5400.755	2.012
5400.912	2.012
5401.068	2.012
5401.250	2.012
5401.407	2.012
5401.562	2.012
5401.745	2.012
5401.902	2.012
5402.083	2.011
5402.240	2.012
5402.422	2.012
5402.578	2.012
5402.735	2.012
5402.917	2.012
5403.073	2.012
5403.229	2.012
5403.412	2.012
5403.568	2.012
5403.750	2.012
5403.907	2.012
5404.088	2.012
5404.245	2.012
5404.402	2.013
5404.583	2.015
5404.740	2.016
5404.895	2.017
5405.078	2.017
5405.235	2.017
5405.417	2.017
5405.573	2.017
5405.755	2.017
5405.912	2.018
5406.068	2.021
5406.250	2.022
5406.407	2.022
5406.562	2.022
5406.745	2.022
5406.902	2.024
5407.083	2.026
5407.240	2.027
5407.422	2.027
5407.578	2.030
5407.735	2.033
5407.917	2.033
5408.073	2.033
5408.229	2.033
5408.412	2.033
5408.568	2.036
5408.750	2.038
5408.907	2.038
5409.062	2.038
5409.245	2.039
5409.402	2.040
5409.583	2.041
5409.740	2.043
5409.895	2.043
5410.078	2.043
5410.235	2.043
5410.417	2.047
5410.573	2.048
5410.729	2.048
5410.912	2.048
5411.068	2.048
5411.250	2.050
5411.407	2.052
5411.562	2.053
5411.745	2.053
5411.902	2.053
5412.083	2.053
5412.240	2.053
5412.395	2.055
5412.578	2.054
5412.735	2.058
5412.917	2.056
5413.073	2.058
5413.229	2.058
5413.412	2.058
5413.568	2.058
5413.750	2.058
5413.907	2.058
5414.062	2.058
5414.245	2.058
5414.402	2.058
5414.583	2.058
5414.740	2.058
5414.895	2.058
5415.078	2.058
5415.235	2.058
5415.417	2.058
5415.573	2.058
5415.729	2.056
5415.912	2.056
5416.068	2.056
5416.250	2.054
5416.407	2.053
5416.562	2.054
5416.745	2.053
5416.902	2.053
5417.083	2.053
5417.240	2.053
5417.395	2.052
5417.578	2.052
5417.735	2.050
5417.917	2.049
5418.073	2.048
5418.229	2.048
5418.412	2.048
5418.568	2.048
5418.750	2.048
5418.907	2.047
5419.062	2.048
5419.245	2.046
5419.402	2.045
5419.583	2.043
5419.740	2.043
5419.895	2.043
5420.078	2.043
5420.235	2.043
5420.417	2.043
5420.573	2.043
5420.729	2.043
5420.912	2.043
5421.068	2.043
5421.250	2.043
5421.407	2.043
5421.562	2.043
5421.745	2.043
5421.902	2.043
5422.083	2.043
5422.240	2.043
5422.395	2.043
5422.578	2.043
5422.735	2.043
5422.917	2.043
5423.073	2.043
5423.229	2.043
5423.412	2.043
5423.568	2.043
5423.750	2.043
5423.907	2.044
5424.062	2.044
5424.245	2.046
5424.402	2.047
5424.583	2.048
5424.740	2.048
5424.895	2.048
5425.078	2.050
5425.235	2.050
5425.417	2.050
5425.573	2.053
5425.729	2.053
5425.912	2.053
5426.068	2.055
5426.250	2.054
5426.407	2.055
5426.562	2.058
5426.745	2.058
5426.902	2.058
5427.083	2.058
5427.240	2.059
5427.395	2.063
5427.578	2.063
5427.735	2.063
5427.917	2.065
5428.073	2.067
5428.229	2.068
5428.412	2.069
5428.568	2.070
5428.750	2.073
5428.907	2.073
5429.062	2.073
5429.245	2.073
5429.402	2.076
5429.583	2.078
5429.740	2.078
5429.895	2.078
5430.078	2.079
5430.235	2.081
5430.417	2.084
5430.573	2.084
5430.729	2.084
5430.912	2.084
5431.068	2.085
5431.250	2.087
5431.407	2.089
5431.562	2.089
5431.745	2.089
5431.902	2.089
5432.083	2.090
5432.240	2.091
5432.395	2.091
5432.578	2.093
5432.735	2.094
5432.917	2.094
5433.073	2.094
5433.229	2.094
5433.412	2.094
5433.568	2.095
5433.750	2.094
5433.907	2.094
5434.062	2.098
5434.245	2.098
5434.402	2.095
5434.583	2.098
5434.740	2.097
5434.895	2.098
5435.078	2.096
5435.235	2.096
5435.417	2.095
5435.573	2.095
5435.729	2.096
5435.912	2.098
5436.068	2.096
5436.250	2.094
5436.407	2.095
5436.562	2.094
5436.745	2.094
5436.902	2.094
5437.083	2.094
5437.240	2.094
5437.395	2.094
5437.578	2.093
5437.735	2.093
5437.917	2.093
5438.073	2.093
5438.229	2.090
5438.412	2.089
5438.568	2.089
5438.750	2.089
5438.907	2.089
5439.062	2.089
5439.245	2.089
5439.402	2.089
5439.583	2.088
5439.740	2.087
5439.895	2.084
5440.078	2.084
5440.235	2.084
5440.417	2.084
5440.573	2.084
5440.729	2.084
5440.912	2.084
5441.068	2.084
5441.250	2.084
5441.407	2.084
5441.562	2.084
5441.745	2.084
5441.902	2.084
5442.083	2.084
5442.240	2.084
5442.395	2.084
5442.578	2.084
5442.735	2.084
5442.917	2.084
5443.073	2.084
5443.229	2.084
5443.412	2.084
5443.568	2.084
5443.750	2.084
5443.907	2.084
5444.062	2.084
5444.245	2.084
5444.402	2.084
5444.583	2.084
5444.740	2.084
5444.895	2.084
5445.078	2.084
5445.235	2.084
5445.417	2.084
5445.573	2.085
5445.729	2.089
5445.912	2.088
5446.068	2.089
5446.250	2.089
5446.407	2.090
5446.562	2.090
5446.745	2.094
5446.902	2.094
5447.083	2.094
5447.240	2.094
5447.395	2.095
5447.578	2.099
5447.735	2.099
5447.917	2.099
5448.073	2.099
5448.229	2.103
5448.412	2.104
5448.568	2.104
5448.750	2.104
5448.907	2.104
5449.062	2.108
5449.245	2.109
5449.402	2.110
5449.583	2.111
5449.740	2.114
5449.895	2.114
5450.078	2.114
5450.235	2.116
5450.417	2.117
5450.573	2.117
5450.729	2.119
5450.912	2.119
5451.068	2.120
5451.250	2.120
5451.407	2.123
5451.562	2.123
5451.745	2.124
5451.902	2.124
5452.083	2.126
5452.240	2.128
5452.395	2.129
5452.578	2.129
5452.735	2.129
5452.917	2.129
5453.073	2.132
5453.229	2.134
5453.412	2.134
5453.568	2.135
5453.750	2.135
5453.907	2.137
5454.062	2.138
5454.245	2.139
5454.402	2.140
5454.583	2.140
5454.740	2.140
5454.895	2.140
5455.078	2.140
5455.235	2.140
5455.417	2.140
5455.573	2.140
5455.729	2.140
5455.912	2.140
5456.068	2.140
5456.250	2.140
5456.407	2.140
5456.562	2.141
5456.745	2.140
5456.902	2.140
5457.083	2.140
5457.240	2.140
5457.395	2.140
5457.578	2.141
5457.735	2.140
5457.917	2.140
5458.073	2.140
5458.229	2.140
5458.412	2.140
5458.568	2.140
5458.750	2.140
5458.907	2.140
5459.062	2.140
5459.245	2.140
5459.402	2.140
5459.583	2.140
5459.740	2.140
5459.895	2.140
5460.078	2.140
5460.235	2.140
5460.417	2.138
5460.573	2.135
5460.729	2.135
5460.912	2.134
5461.068	2.134
5461.250	2.134
5461.407	2.134
5461.562	2.134
5461.745	2.134
5461.902	2.134
5462.083	2.134
5462.240	2.134
5462.395	2.134
5462.578	2.131
5462.735	2.133
5462.917	2.131
5463.073	2.129
5463.229	2.130
5463.412	2.129
5463.568	2.129
5463.750	2.129
5463.907	2.129
5464.062	2.129
5464.245	2.129
5464.402	2.129
5464.583	2.129
5464.740	2.129
5464.895	2.129
5465.078	2.129
5465.235	2.129
5465.417	2.129
5465.573	2.129
5465.729	2.129
5465.912	2.129
5466.068	2.129
5466.250	2.129
5466.407	2.129
5466.562	2.132
5466.745	2.132
5466.902	2.134
5467.083	2.134
5467.240	2.134
5467.395	2.134
5467.578	2.134
5467.735	2.134
5467.917	2.134
5468.073	2.134
5468.229	2.138
5468.412	2.136
5468.568	2.140
5468.750	2.140
5468.907	2.140
5469.062	2.140
5469.245	2.140
5469.402	2.140
5469.583	2.144
5469.740	2.145
5469.895	2.145
5470.078	2.145
5470.235	2.145
5470.417	2.145
5470.573	2.147
5470.729	2.150
5470.912	2.150
5471.068	2.151
5471.250	2.155
5471.407	2.155
5471.562	2.155
5471.745	2.155
5471.902	2.158
5472.083	2.160
5472.240	2.160
5472.395	2.160
5472.578	2.160
5472.735	2.160
5472.917	2.161
5473.073	2.165
5473.229	2.165
5473.412	2.165
5473.568	2.168
5473.750	2.169
5473.907	2.170
5474.062	2.171
5474.245	2.172
5474.402	2.175
5474.583	2.175
5474.740	2.175
5474.895	2.175
5475.078	2.176
5475.235	2.179
5475.417	2.180
5475.573	2.180
5475.729	2.180
5475.912	2.181
5476.068	2.181
5476.250	2.184
5476.407	2.185
5476.562	2.185
5476.745	2.185
5476.902	2.185
5477.083	2.185
5477.240	2.185
5477.395	2.185
5477.578	2.185
5477.735	2.185
5477.917	2.185
5478.073	2.186
5478.229	2.189
5478.412	2.189
5478.568	2.191
5478.750	2.191
5478.907	2.190
5479.062	2.191
5479.245	2.191
5479.402	2.191
5479.583	2.191
5479.740	2.191
5479.895	2.191
5480.078	2.191
5480.235	2.191
5480.417	2.191
5480.573	2.191
5480.729	2.191
5480.912	2.191
5481.068	2.191
5481.250	2.191
5481.407	2.191
5481.562	2.191
5481.745	2.191
5481.902	2.191
5482.083	2.191
5482.240	2.191
5482.395	2.191
5482.578	2.190
5482.735	2.191
5482.917	2.186
5483.073	2.187
5483.229	2.185
5483.412	2.185
5483.568	2.185
5483.750	2.185
5483.907	2.185
5484.062	2.185
5484.245	2.185
5484.402	2.185
5484.583	2.185
5484.740	2.185
5484.895	2.185
5485.078	2.185
5485.235	2.185
5485.417	2.185
5485.573	2.183
5485.729	2.185
5485.912	2.185
5486.068	2.184
5486.250	2.181
5486.407	2.182
5486.562	2.182
5486.745	2.182
5486.902	2.184
5487.083	2.183
5487.240	2.180
5487.395	2.181
5487.578	2.180
5487.735	2.180
5487.917	2.180
5488.073	2.182
5488.229	2.180
5488.412	2.180
5488.568	2.183
5488.750	2.181
5488.907	2.183
5489.062	2.185
5489.245	2.185
5489.402	2.184
5489.583	2.185
5489.740	2.185
5489.895	2.185
5490.078	2.185
5490.235	2.185
5490.390	2.185
5490.573	2.185
5490.729	2.185
5490.912	2.185
5491.068	2.185
5491.250	2.190
5491.407	2.190
5491.562	2.189
5491.745	2.191
5491.902	2.191
5492.057	2.191
5492.240	2.191
5492.395	2.193
5492.578	2.195
5492.735	2.196
5492.917	2.196
5493.073	2.196
5493.229	2.197
5493.412	2.197
5493.568	2.199
5493.723	2.201
5493.907	2.201
5494.062	2.201
5494.245	2.201
5494.402	2.203
5494.583	2.206
5494.740	2.206
5494.895	2.206
5495.078	2.206
5495.235	2.207
5495.390	2.209
5495.573	2.210
5495.729	2.211
5495.912	2.211
5496.068	2.214
5496.250	2.215
5496.407	2.215
5496.562	2.216
5496.745	2.218
5496.902	2.218
5497.057	2.220
5497.240	2.221
5497.395	2.221
5497.578	2.221
5497.735	2.223
5497.890	2.226
5498.073	2.226
5498.229	2.226
5498.412	2.226
5498.568	2.226
5498.750	2.228
5498.907	2.231
5499.062	2.231
5499.245	2.231
5499.402	2.231
5499.557	2.231
5499.740	2.231
5499.895	2.233
5500.078	2.236
5500.235	2.236
5500.417	2.236
5500.573	2.236
5500.729	2.236
5500.885	2.236
5501.068	2.236
5501.250	2.236
5501.407	2.236
5501.562	2.238
5501.745	2.237
5501.902	2.238
5502.057	2.240
5502.240	2.240
5502.395	2.241
5502.578	2.242
5502.735	2.241
5502.917	2.242
5503.073	2.242
5503.229	2.242
5503.412	2.242
5503.568	2.242
5503.723	2.242
5503.907	2.242
5504.062	2.242
5504.245	2.242
5504.402	2.242
5504.583	2.242
5504.740	2.242
5504.895	2.242
5505.078	2.242
5505.235	2.241
5505.417	2.241
5505.573	2.241
5505.729	2.238
5505.912	2.242
5506.068	2.240
5506.223	2.239
5506.407	2.238
5506.562	2.237
5506.745	2.238
5506.902	2.236
5507.083	2.236
5507.240	2.236
5507.395	2.236
5507.578	2.236
5507.735	2.236
5507.890	2.236
5508.073	2.236
5508.229	2.236
5508.412	2.236
5508.568	2.236
5508.750	2.236
5508.907	2.236
5509.062	2.236
5509.245	2.235
5509.402	2.236
5509.557	2.234
5509.740	2.234
5509.895	2.233
5510.078	2.231
5510.235	2.232
5510.390	2.231
5510.573	2.232
5510.729	2.231
5510.912	2.232
5511.068	2.231
5511.250	2.234
5511.407	2.233
5511.562	2.235
5511.745	2.231
5511.902	2.232
5512.057	2.234
5512.240	2.235
5512.395	2.236
5512.578	2.236
5512.735	2.236
5512.917	2.236
5513.073	2.236
5513.229	2.236
5513.412	2.236
5513.568	2.236
5513.723	2.236
5513.907	2.236
5514.062	2.236
5514.245	2.236
5514.402	2.236
5514.583	2.237
5514.740	2.240
5514.895	2.240
5515.078	2.242
5515.235	2.241
5515.390	2.242
5515.573	2.242
5515.729	2.242
5515.912	2.242
5516.068	2.243
5516.250	2.242
5516.407	2.247
5516.562	2.247
5516.745	2.247
5516.902	2.247
5517.057	2.247
5517.240	2.247
5517.395	2.247
5517.578	2.248
5517.735	2.251
5517.917	2.252
5518.073	2.252
5518.229	2.252
5518.412	2.253
5518.568	2.255
5518.750	2.256
5518.907	2.257
5519.062	2.257
5519.245	2.257
5519.402	2.257
5519.557	2.258
5519.740	2.260
5519.895	2.261
5520.078	2.262
5520.235	2.262
5520.390	2.262
5520.573	2.263
5520.729	2.266
5520.912	2.267
5521.068	2.267
5521.250	2.267
5521.407	2.267
5521.562	2.267
5521.745	2.270
5521.902	2.270
5522.057	2.272
5522.240	2.272
5522.395	2.273
5522.578	2.274
5522.735	2.275
5522.890	2.277
5523.073	2.277
5523.229	2.276
5523.412	2.277
5523.568	2.277
5523.750	2.277
5523.907	2.277
5524.062	2.277
5524.245	2.277
5524.402	2.278
5524.557	2.279
5524.740	2.281
5524.895	2.280
5525.078	2.282
5525.235	2.281
5525.417	2.282
5525.573	2.282
5525.729	2.282
5525.912	2.282
5526.068	2.282
5526.250	2.282
5526.407	2.282
5526.562	2.282
5526.745	2.282
5526.902	2.282
5527.057	2.282
5527.240	2.282
5527.395	2.282
5527.578	2.282
5527.735	2.283
5527.890	2.282
5528.073	2.282
5528.229	2.282
5528.412	2.282
5528.568	2.282
5528.723	2.282
5528.907	2.282
5529.062	2.282
5529.245	2.282
5529.402	2.282
5529.557	2.282
5529.740	2.282
5529.895	2.282
5530.078	2.282
5530.235	2.281
5530.390	2.281
5530.573	2.281
5530.729	2.281
5530.912	2.279
5531.068	2.281
5531.223	2.279
5531.407	2.278
5531.562	2.277
5531.745	2.278
5531.902	2.277
5532.057	2.277
5532.240	2.277
5532.395	2.277
5532.578	2.277
5532.735	2.277
5532.890	2.277
5533.073	2.277
5533.229	2.277
5533.412	2.277
5533.568	2.277
5533.723	2.277
5533.907	2.277
5534.062	2.277
5534.245	2.276
5534.402	2.276
5534.557	2.276
5534.740	2.276
5534.895	2.276
5535.078	2.273
5535.235	2.274
5535.390	2.273
5535.573	2.273
5535.729	2.273
5535.912	2.273
5536.068	2.275
5536.223	2.273
5536.407	2.274
5536.562	2.273
5536.745	2.272
5536.902	2.274
5537.057	2.273
5537.240	2.273
5537.395	2.274
5537.578	2.273
5537.735	2.275
5537.890	2.276
5538.073	2.275
5538.229	2.276
5538.412	2.275
5538.568	2.275
5538.723	2.275
5538.907	2.276
5539.062	2.277
5539.245	2.277
5539.402	2.277
5539.557	2.277
5539.740	2.277
5539.895	2.277
5540.078	2.277
5540.235	2.277
5540.390	2.277
5540.573	2.277
5540.729	2.277
5540.912	2.280
5541.068	2.280
5541.223	2.281
5541.407	2.282
5541.562	2.282
5541.745	2.282
5541.902	2.282
5542.057	2.282
5542.240	2.282
5542.395	2.284
5542.578	2.283
5542.735	2.284
5542.890	2.286
5543.073	2.287
5543.229	2.287
5543.412	2.287
5543.568	2.287
5543.723	2.287
5543.907	2.287
5544.062	2.287
5544.245	2.288
5544.402	2.289
5544.557	2.290
5544.740	2.291
5544.895	2.293
5545.078	2.293
5545.235	2.293
5545.390	2.293
5545.573	2.293
5545.729	2.293
5545.912	2.295
5546.068	2.298
5546.223	2.296
5546.407	2.297
5546.562	2.298
5546.745	2.298
5546.902	2.298
5547.057	2.298
5547.240	2.298
5547.395	2.298
5547.578	2.299
5547.735	2.301
5547.890	2.303
5548.073	2.303
5548.229	2.303
5548.412	2.303
5548.568	2.303
5548.723	2.303
5548.907	2.303
5549.062	2.303
5549.245	2.303
5549.402	2.303
5549.557	2.304
5549.740	2.304
5549.895	2.304
5550.078	2.306
5550.235	2.306
5550.390	2.305
5550.573	2.307
5550.729	2.307
5550.912	2.308
5551.068	2.308
5551.223	2.308
5551.407	2.308
5551.562	2.308
5551.745	2.307
5551.902	2.308
5552.057	2.308
5552.240	2.308
5552.395	2.308
5552.578	2.308
5552.735	2.308
5552.890	2.308
5553.073	2.304
5553.229	2.307
5553.412	2.306
5553.568	2.307
5553.723	2.307
5553.907	2.306
5554.062	2.305
5554.245	2.305
5554.402	2.303
5554.557	2.304
5554.740	2.304
5554.895	2.303
5555.078	2.303
5555.235	2.303
5555.390	2.304
5555.573	2.303
5555.729	2.303
5555.912	2.303
5556.068	2.303
5556.223	2.303
5556.407	2.303
5556.562	2.302
5556.745	2.303
5556.902	2.301
5557.057	2.300
5557.240	2.298
5557.395	2.298
5557.578	2.298
5557.735	2.298
5557.890	2.298
5558.073	2.298
5558.229	2.298
5558.412	2.298
5558.568	2.298
5558.723	2.298
5558.907	2.298
5559.062	2.297
5559.245	2.294
5559.402	2.294
5559.557	2.293
5559.740	2.293
5559.895	2.293
5560.078	2.293
5560.235	2.293
5560.390	2.293
5560.573	2.293
5560.729	2.293
5560.912	2.293
5561.068	2.293
5561.223	2.293
5561.407	2.293
5561.562	2.293
5561.745	2.291
5561.902	2.292
5562.057	2.292
5562.240	2.292
5562.395	2.293
5562.578	2.291
5562.735	2.291
5562.890	2.291
5563.073	2.290
5563.229	2.289
5563.412	2.290
5563.568	2.289
5563.723	2.291
5563.907	2.290
5564.062	2.290
5564.245	2.288
5564.402	2.290
5564.557	2.291
5564.740	2.291
5564.895	2.292
5565.078	2.293
5565.235	2.291
5565.390	2.293
5565.573	2.293
5565.729	2.293
5565.912	2.292
5566.068	2.292
5566.223	2.293
5566.407	2.293
5566.562	2.293
5566.745	2.293
5566.902	2.293
5567.057	2.293
5567.240	2.293
5567.395	2.293
5567.578	2.293
5567.735	2.293
5567.890	2.293
5568.073	2.293
5568.229	2.296
5568.412	2.294
5568.568	2.293
5568.723	2.298
5568.907	2.298
5569.062	2.296
5569.245	2.297
5569.402	2.297
5569.557	2.298
5569.740	2.298
5569.895	2.298
5570.078	2.298
5570.235	2.298
5570.390	2.298
5570.573	2.298
5570.729	2.298
5570.885	2.298
5571.068	2.298
5571.223	2.298
5571.407	2.299
5571.562	2.298
5571.745	2.301
5571.902	2.299
5572.057	2.301
5572.240	2.302
5572.395	2.302
5572.578	2.303
5572.735	2.303
5572.890	2.303
5573.073	2.303
5573.229	2.303
5573.385	2.303
5573.568	2.303
5573.723	2.303
5573.907	2.303
5574.062	2.303
5574.245	2.303
5574.402	2.303
5574.557	2.303
5574.740	2.303
5574.895	2.303
5575.052	2.303
5575.235	2.303
5575.390	2.303
5575.573	2.303
5575.729	2.303
5575.912	2.303
5576.068	2.303
5576.223	2.303
5576.407	2.303
5576.562	2.303
5576.718	2.303
5576.902	2.303
5577.057	2.303
5577.240	2.303
5577.395	2.303
5577.578	2.303
5577.735	2.303
5577.890	2.303
5578.073	2.303
5578.229	2.303
5578.385	2.303
5578.568	2.302
5578.723	2.303
5578.907	2.302
5579.062	2.303
5579.218	2.303
5579.402	2.300
5579.557	2.299
5579.740	2.299
5579.895	2.299
5580.052	2.298
5580.235	2.298
5580.390	2.298
5580.573	2.298
5580.729	2.298
5580.912	2.298
5581.068	2.298
5581.223	2.298
5581.407	2.293
5581.562	2.293
5581.718	2.293
5581.902	2.293
5582.057	2.293
5582.240	2.293
5582.395	2.292
5582.578	2.292
5582.735	2.291
5582.890	2.289
5583.073	2.287
5583.229	2.287
5583.412	2.287
5583.568	2.287
5583.723	2.287
5583.907	2.287
5584.062	2.287
5584.245	2.287
5584.402	2.287
5584.557	2.286
5584.740	2.285
5584.895	2.283
5585.078	2.282
5585.235	2.282
5585.390	2.282
5585.573	2.282
5585.729	2.282
5585.885	2.281
5586.068	2.279
5586.223	2.279
5586.407	2.277
5586.562	2.278
5586.745	2.277
5586.902	2.277
5587.057	2.277
5587.240	2.277
5587.395	2.275
5587.552	2.275
5587.735	2.274
5587.890	2.273
5588.073	2.272
5588.229	2.272
5588.412	2.272
5588.568	2.272
5588.723	2.271
5588.907	2.271
5589.062	2.272
5589.245	2.271
5589.402	2.270
5589.557	2.269
5589.740	2.269
5589.895	2.267
5590.078	2.268
5590.235	2.267
5590.390	2.267
5590.573	2.267
5590.729	2.267
5590.912	2.267
5591.068	2.267
5591.223	2.267
5591.407	2.267
5591.562	2.267
5591.718	2.267
5591.902	2.267
5592.057	2.267
5592.240	2.267
5592.395	2.267
5592.578	2.267
5592.735	2.267
5592.890	2.267
5593.073	2.267
5593.229	2.267
5593.385	2.266
5593.568	2.267
5593.723	2.266
5593.907	2.267
5594.062	2.267
5594.245	2.267
5594.402	2.267
5594.557	2.267
5594.740	2.267
5594.895	2.266
5595.052	2.267
5595.235	2.267
5595.390	2.267
5595.573	2.267
5595.729	2.266
5595.912	2.267
5596.068	2.266
5596.223	2.267
5596.407	2.267
5596.562	2.267
5596.745	2.266
5596.902	2.267
5597.057	2.267
5597.240	2.267
5597.395	2.267
5597.552	2.267
5597.735	2.266
5597.890	2.267
5598.073	2.267
5598.229	2.267
5598.412	2.267
5598.568	2.267
5598.723	2.267
5598.907	2.267
5599.062	2.267
5599.245	2.266
5599.402	2.267
5599.557	2.267
5599.740	2.267
5599.895	2.267
5600.052	2.267
5600.235	2.267
5600.390	2.267
5600.573	2.267
5600.729	2.267
5600.885	2.267
5601.068	2.266
5601.223	2.267
5601.407	2.267
5601.562	2.267
5601.718	2.267
5601.902	2.265
5602.057	2.267
5602.240	2.265
5602.395	2.264
5602.578	2.264
5602.735	2.263
5602.890	2.264
5603.073	2.262
5603.229	2.262
5603.385	2.262
5603.568	2.262
5603.723	2.261
5603.907	2.262
5604.062	2.259
5604.218	2.257
5604.402	2.258
5604.557	2.258
5604.740	2.257
5604.895	2.257
5605.078	2.256
5605.235	2.257
5605.390	2.257
5605.573	2.254
5605.729	2.253
5605.912	2.252
5606.068	2.252
5606.223	2.252
5606.407	2.252
5606.562	2.252
5606.745	2.252
5606.902	2.248
5607.057	2.247
5607.240	2.247
5607.395	2.247
5607.552	2.247
5607.735	2.247
5607.890	2.247
5608.073	2.247
5608.229	2.242
5608.412	2.242
5608.568	2.242
5608.723	2.242
5608.907	2.241
5609.062	2.239
5609.218	2.237
5609.402	2.236
5609.557	2.236
5609.740	2.236
5609.895	2.236
5610.078	2.236
5610.235	2.236
5610.390	2.232
5610.573	2.231
5610.729	2.231
5610.912	2.227
5611.068	2.226
5611.223	2.226
5611.407	2.226
5611.562	2.226
5611.718	2.226
5611.902	2.225
5612.057	2.223
5612.213	2.222
5612.395	2.221
5612.578	2.221
5612.735	2.221
5612.890	2.219
5613.073	2.217
5613.229	2.216
5613.385	2.216
5613.568	2.216
5613.723	2.215
5613.907	2.214
5614.062	2.211
5614.218	2.211
5614.402	2.211
5614.557	2.211
5614.740	2.210
5614.895	2.207
5615.052	2.208
5615.235	2.207
5615.390	2.206
5615.573	2.206
5615.729	2.206
5615.885	2.206
5616.068	2.206
5616.223	2.206
5616.407	2.204
5616.562	2.205
5616.718	2.204
5616.902	2.202
5617.057	2.201
5617.240	2.201
5617.395	2.201
5617.552	2.200
5617.735	2.201
5617.890	2.201
5618.073	2.200
5618.229	2.197
5618.385	2.197
5618.568	2.196
5618.723	2.196
5618.907	2.196
5619.062	2.196
5619.218	2.196
5619.402	2.196
5619.557	2.196
5619.740	2.196
5619.895	2.196
5620.052	2.195
5620.235	2.195
5620.390	2.196
5620.573	2.194
5620.729	2.195
5620.885	2.194
5621.068	2.194
5621.223	2.196
5621.407	2.193
5621.562	2.192
5621.718	2.192
5621.902	2.193
5622.057	2.191
5622.240	2.192
5622.395	2.191
5622.552	2.191
5622.735	2.191
5622.890	2.191
5623.073	2.191
5623.229	2.191
5623.412	2.191
5623.568	2.192
5623.723	2.191
5623.907	2.192
5624.062	2.191
5624.218	2.191
5624.402	2.192
5624.557	2.191
5624.740	2.191
5624.895	2.191
5625.052	2.191
5625.235	2.191
5625.390	2.191
5625.573	2.191
5625.729	2.191
5625.885	2.191
5626.068	2.191
5626.223	2.191
5626.407	2.191
5626.562	2.191
5626.718	2.191
5626.902	2.191
5627.057	2.191
5627.240	2.191
5627.395	2.191
5627.552	2.191
5627.735	2.191
5627.890	2.191
5628.073	2.191
5628.229	2.191
5628.385	2.188
5628.568	2.189
5628.723	2.186
5628.907	2.189
5629.062	2.185
5629.218	2.185
5629.402	2.185
5629.557	2.185
5629.740	2.185
5629.895	2.185
5630.052	2.185
5630.235	2.185
5630.390	2.185
5630.573	2.185
5630.729	2.185
5630.885	2.185
5631.068	2.184
5631.223	2.181
5631.407	2.180
5631.562	2.180
5631.718	2.180
5631.902	2.180
5632.057	2.180
5632.240	2.179
5632.395	2.177
5632.552	2.176
5632.735	2.175
5632.890	2.172
5633.073	2.173
5633.229	2.170
5633.385	2.170
5633.568	2.170
5633.723	2.170
5633.907	2.170
5634.062	2.168
5634.218	2.167
5634.402	2.165
5634.557	2.165
5634.740	2.165
5634.895	2.165
5635.052	2.162
5635.235	2.162
5635.390	2.160
5635.573	2.160
5635.729	2.160
5635.885	2.157
5636.068	2.155
5636.223	2.155
5636.407	2.153
5636.562	2.151
5636.718	2.150
5636.902	2.150
5637.057	2.150
5637.240	2.149
5637.395	2.146
5637.552	2.145
5637.735	2.145
5637.890	2.142
5638.073	2.143
5638.229	2.140
5638.385	2.140
5638.568	2.140
5638.723	2.137
5638.907	2.134
5639.062	2.134
5639.218	2.134
5639.402	2.134
5639.557	2.130
5639.740	2.129
5639.895	2.129
5640.052	2.125
5640.235	2.124
5640.390	2.124
5640.573	2.124
5640.729	2.124
5640.885	2.123
5641.068	2.123
5641.223	2.121
5641.407	2.119
5641.562	2.119
5641.718	2.119
5641.902	2.117
5642.057	2.117
5642.240	2.115
5642.395	2.114
5642.552	2.114
5642.735	2.114
5642.890	2.113
5643.073	2.114
5643.229	2.109
5643.385	2.109
5643.568	2.109
5643.723	2.109
5643.907	2.108
5644.062	2.104
5644.245	2.104
5644.402	2.104
5644.557	2.104
5644.740	2.104
5644.895	2.104
5645.052	2.104
5645.235	2.103
5645.390	2.102
5645.573	2.100
5645.729	2.099
5645.885	2.099
5646.068	2.099
5646.223	2.099
5646.407	2.099
5646.562	2.099
5646.718	2.099
5646.902	2.096
5647.057	2.098
5647.240	2.097
5647.395	2.095
5647.552	2.095
5647.735	2.095
5647.890	2.094
5648.073	2.095
5648.229	2.095
5648.385	2.094
5648.568	2.094
5648.723	2.094
5648.907	2.094
5649.062	2.094
5649.218	2.094
5649.402	2.094
5649.557	2.093
5649.740	2.094
5649.895	2.094
5650.052	2.094
5650.235	2.093
5650.390	2.093
5650.573	2.094
5650.729	2.094
5650.885	2.094
5651.068	2.094
5651.223	2.092
5651.407	2.094
5651.562	2.094
5651.718	2.094
5651.902	2.094
5652.057	2.094
5652.240	2.094
5652.395	2.093
5652.552	2.091
5652.735	2.092
5652.890	2.090
5653.073	2.093
5653.229	2.091
5653.385	2.092
5653.568	2.094
5653.723	2.092
5653.907	2.092
5654.062	2.090
5654.218	2.090
5654.402	2.091
5654.557	2.089
5654.740	2.089
5654.895	2.089
5655.052	2.089
5655.235	2.089
5655.390	2.089
5655.573	2.089
5655.729	2.089
5655.885	2.089
5656.068	2.089
5656.223	2.089
5656.407	2.089
5656.562	2.089
5656.718	2.087
5656.902	2.087
5657.057	2.084
5657.240	2.084
5657.395	2.084
5657.552	2.084
5657.735	2.084
5657.890	2.084
5658.073	2.084
5658.229	2.084
5658.385	2.084
5658.568	2.084
5658.723	2.083
5658.907	2.084
5659.062	2.079
5659.218	2.078
5659.402	2.078
5659.557	2.078
5659.740	2.078
5659.895	2.078
5660.052	2.077
5660.235	2.077
5660.390	2.073
5660.573	2.073
5660.729	2.073
5660.885	2.073
5661.068	2.072
5661.223	2.071
5661.407	2.069
5661.562	2.068
5661.718	2.068
5661.902	2.063
5662.057	2.063
5662.240	2.063
5662.395	2.062
5662.552	2.060
5662.735	2.058
5662.890	2.058
5663.073	2.058
5663.229	2.058
5663.385	2.057
5663.568	2.055
5663.723	2.053
5663.907	2.053
5664.062	2.050
5664.218	2.049
5664.402	2.048
5664.557	2.048
5664.740	2.048
5664.895	2.044
5665.052	2.043
5665.235	2.043
5665.390	2.043
5665.573	2.042
5665.729	2.038
5665.885	2.038
5666.068	2.038
5666.223	2.037
5666.407	2.033
5666.562	2.033
5666.718	2.033
5666.902	2.030
5667.057	2.029
5667.240	2.029
5667.395	2.027
5667.552	2.027
5667.735	2.023
5667.890	2.022
5668.073	2.022
5668.229	2.022
5668.385	2.019
5668.568	2.018
5668.723	2.017
5668.907	2.016
5669.062	2.014
5669.218	2.012
5669.402	2.011
5669.557	2.008
5669.740	2.009
5669.895	2.007
5670.052	2.007
5670.235	2.006
5670.390	2.004
5670.573	2.002
5670.729	2.002
5670.885	2.002
5671.068	2.002
5671.223	2.000
5671.407	1.997
5671.562	1.997
5671.718	1.997
5671.902	1.997
5672.057	1.997
5672.240	1.994
5672.395	1.996
5672.552	1.993
5672.735	1.992
5672.890	1.992
5673.073	1.992
5673.229	1.992
5673.385	1.992
5673.568	1.991
5673.723	1.991
5673.907	1.990
5674.062	1.988
5674.218	1.987
5674.402	1.987
5674.557	1.987
5674.740	1.987
5674.895	1.986
5675.052	1.985
5675.235	1.985
5675.390	1.982
5675.573	1.982
5675.729	1.982
5675.885	1.982
5676.068	1.982
5676.223	1.982
5676.407	1.982
5676.562	1.982
5676.718	1.982
5676.902	1.982
5677.057	1.982
5677.240	1.982
5677.395	1.982
5677.552	1.982
5677.735	1.981
5677.890	1.982
5678.073	1.982
5678.229	1.982
5678.385	1.981
5678.568	1.979
5678.723	1.979
5678.907	1.979
5679.062	1.980
5679.218	1.978
5679.402	1.979
5679.557	1.980
5679.740	1.981
5679.895	1.980
5680.052	1.976
5680.235	1.977
5680.390	1.976
5680.573	1.978
5680.729	1.979
5680.885	1.977
5681.068	1.978
5681.223	1.978
5681.407	1.976
5681.562	1.978
5681.718	1.977
5681.902	1.976
5682.057	1.977
5682.240	1.976
5682.395	1.976
5682.552	1.976
5682.735	1.976
5682.890	1.976
5683.073	1.976
5683.229	1.976
5683.385	1.976
5683.568	1.977
5683.723	1.976
5683.907	1.976
5684.062	1.976
5684.218	1.976
5684.402	1.976
5684.557	1.976
5684.740	1.976
5684.895	1.976
5685.052	1.976
5685.235	1.976
5685.390	1.976
5685.573	1.974
5685.729	1.972
5685.885	1.971
5686.068	1.971
5686.223	1.971
5686.380	1.971
5686.562	1.970
5686.718	1.971
5686.902	1.971
5687.057	1.970
5687.213	1.970
5687.395	1.967
5687.552	1.966
5687.735	1.966
5687.890	1.966
5688.047	1.966
5688.229	1.966
5688.385	1.962
5688.568	1.961
5688.723	1.961
5688.880	1.961
5689.062	1.961
5689.218	1.961
5689.402	1.961
5689.557	1.961
5689.713	1.959
5689.895	1.956
5690.052	1.956
5690.235	1.956
5690.390	1.956
5690.547	1.951
5690.729	1.953
5690.885	1.951
5691.068	1.951
5691.223	1.951
5691.380	1.950
5691.562	1.946
5691.718	1.946
5691.902	1.945
5692.057	1.942
5692.213	1.942
5692.395	1.941
5692.552	1.941
5692.735	1.941
5692.890	1.941
5693.047	1.938
5693.229	1.936
5693.385	1.936
5693.568	1.931
5693.723	1.931
5693.880	1.931
5694.062	1.928
5694.218	1.928
5694.402	1.925
5694.557	1.925
5694.713	1.923
5694.895	1.920
5695.052	1.920
5695.235	1.920
5695.390	1.919
5695.547	1.916
5695.729	1.915
5695.885	1.915
5696.068	1.914
5696.223	1.914
5696.380	1.913
5696.562	1.910
5696.718	1.910
5696.902	1.909
5697.057	1.906
5697.213	1.905
5697.395	1.902
5697.552	1.901
5697.735	1.900
5697.890	1.900
5698.047	1.900
5698.229	1.900
5698.385	1.900
5698.568	1.897
5698.723	1.896
5698.880	1.895
5699.062	1.895
5699.218	1.893
5699.402	1.892
5699.557	1.890
5699.740	1.890
5699.895	1.890
5700.052	1.888
5700.235	1.887
5700.390	1.886
5700.547	1.885
5700.729	1.885
5700.885	1.884
5701.068	1.884
5701.223	1.881
5701.380	1.880
5701.562	1.880
5701.718	1.880
5701.902	1.880
5702.057	1.880
5702.213	1.879
5702.395	1.879
5702.552	1.877
5702.735	1.876
5702.890	1.877
5703.047	1.876
5703.229	1.874
5703.385	1.874
5703.568	1.874
5703.723	1.874
5703.880	1.874
5704.062	1.874
5704.218	1.874
5704.402	1.872
5704.557	1.871
5704.713	1.871
5704.895	1.870
5705.052	1.870
5705.235	1.871
5705.390	1.870
5705.573	1.869
5705.729	1.869
5705.885	1.869
5706.068	1.869
5706.223	1.869
5706.380	1.869
5706.562	1.869
5706.718	1.869
5706.902	1.869
5707.057	1.869
5707.213	1.869
5707.395	1.869
5707.552	1.869
5707.735	1.869
5707.890	1.869
5708.047	1.869
5708.229	1.869
5708.385	1.869
5708.568	1.869
5708.723	1.869
5708.880	1.869
5709.062	1.869
5709.218	1.869
5709.402	1.869
5709.557	1.869
5709.713	1.869
5709.895	1.869
5710.052	1.869
5710.235	1.869
5710.390	1.869
5710.547	1.868
5710.729	1.869
5710.885	1.869
5711.068	1.869
5711.223	1.868
5711.380	1.867
5711.562	1.868
5711.718	1.868
5711.902	1.869
5712.057	1.866
5712.213	1.864
5712.395	1.865
5712.552	1.865
5712.735	1.865
5712.890	1.864
5713.047	1.864
5713.229	1.863
5713.385	1.864
5713.568	1.864
5713.723	1.863
5713.880	1.863
5714.062	1.863
5714.218	1.859
5714.402	1.862
5714.557	1.859
5714.713	1.860
5714.895	1.859
5715.052	1.859
5715.235	1.859
5715.390	1.859
5715.547	1.859
5715.729	1.859
5715.885	1.859
5716.068	1.858
5716.223	1.858
5716.380	1.857
5716.562	1.856
5716.718	1.854
5716.902	1.854
5717.057	1.854
5717.213	1.854
5717.395	1.854
5717.552	1.853
5717.735	1.852
5717.890	1.851
5718.047	1.850
5718.229	1.849
5718.385	1.849
5718.568	1.849
5718.723	1.847
5718.880	1.845
5719.062	1.844
5719.218	1.843
5719.402	1.840
5719.557	1.839
5719.713	1.839
5719.895	1.839
5720.052	1.839
5720.235	1.839
5720.390	1.839
5720.547	1.835
5720.729	1.834
5720.885	1.834
5721.068	1.834
5721.223	1.831
5721.380	1.829
5721.562	1.829
5721.718	1.829
5721.902	1.827
5722.057	1.825
5722.240	1.823
5722.395	1.823
5722.552	1.820
5722.735	1.818
5722.890	1.818
5723.047	1.818
5723.229	1.818
5723.385	1.813
5723.568	1.813
5723.723	1.813
5723.880	1.813
5724.062	1.813
5724.218	1.813
5724.402	1.809
5724.557	1.809
5724.713	1.808
5724.895	1.807
5725.052	1.803
5725.235	1.803
5725.390	1.803
5725.547	1.800
5725.729	1.798
5725.885	1.798
5726.068	1.798
5726.223	1.798
5726.380	1.797
5726.562	1.795
5726.718	1.793
5726.902	1.793
5727.057	1.792
5727.213	1.789
5727.395	1.788
5727.552	1.788
5727.735	1.788
5727.890	1.788
5728.047	1.785
5728.229	1.784
5728.385	1.783
5728.568	1.782
5728.723	1.779
5728.880	1.778
5729.062	1.778
5729.218	1.778
5729.402	1.778
5729.557	1.778
5729.713	1.778
5729.895	1.777
5730.052	1.774
5730.235	1.774
5730.390	1.772
5730.547	1.773
5730.729	1.772
5730.885	1.772
5731.068	1.772
5731.223	1.772
5731.380	1.772
5731.562	1.772
5731.718	1.769
5731.902	1.769
5732.057	1.768
5732.213	1.767
5732.395	1.767
5732.552	1.767
5732.735	1.767
5732.890	1.765
5733.047	1.767
5733.229	1.765
5733.385	1.765
5733.568	1.764
5733.723	1.763
5733.880	1.763
5734.062	1.762
5734.218	1.762
5734.402	1.762
5734.557	1.762
5734.713	1.762
5734.895	1.762
5735.052	1.762
5735.235	1.762
5735.390	1.762
5735.547	1.762
5735.729	1.762
5735.885	1.762
5736.068	1.762
5736.223	1.762
5736.380	1.761
5736.562	1.762
5736.718	1.761
5736.902	1.761
5737.057	1.762
5737.213	1.762
5737.395	1.762
5737.552	1.761
5737.735	1.759
5737.890	1.762
5738.047	1.760
5738.229	1.758
5738.385	1.759
5738.568	1.757
5738.723	1.757
5738.880	1.757
5739.062	1.757
5739.218	1.760
5739.402	1.757
5739.557	1.757
5739.713	1.758
5739.895	1.757
5740.052	1.757
5740.235	1.757
5740.390	1.757
5740.547	1.757
5740.729	1.757
5740.885	1.757
5741.068	1.757
5741.223	1.757
5741.380	1.757
5741.562	1.757
5741.718	1.757
5741.902	1.757
5742.057	1.757
5742.213	1.757
5742.395	1.757
5742.552	1.757
5742.735	1.757
5742.890	1.757
5743.047	1.757
5743.229	1.757
5743.385	1.757
5743.568	1.757
5743.723	1.757
5743.880	1.757
5744.062	1.757
5744.218	1.755
5744.402	1.756
5744.557	1.757
5744.713	1.755
5744.895	1.755
5745.052	1.754
5745.235	1.752
5745.390	1.752
5745.547	1.752
5745.729	1.752
5745.885	1.752
5746.068	1.752
5746.223	1.752
5746.380	1.750
5746.562	1.748
5746.718	1.750
5746.902	1.747
5747.057	1.747
5747.213	1.747
5747.395	1.747
5747.552	1.747
5747.735	1.747
5747.890	1.745
5748.047	1.744
5748.229	1.743
5748.385	1.742
5748.568	1.742
5748.723	1.742
5748.880	1.739
5749.062	1.739
5749.218	1.737
5749.402	1.737
5749.557	1.737
5749.713	1.737
5749.895	1.734
5750.052	1.732
5750.235	1.732
5750.390	1.732
5750.547	1.732
5750.729	1.732
5750.885	1.730
5751.068	1.730
5751.223	1.727
5751.380	1.727
5751.562	1.726
5751.718	1.725
5751.902	1.723
5752.057	1.722
5752.213	1.722
5752.395	1.720
5752.552	1.716
5752.735	1.716
5752.890	1.716
5753.047	1.716
5753.229	1.713
5753.385	1.713
5753.568	1.711
5753.723	1.711
5753.880	1.710
5754.062	1.707
5754.218	1.707
5754.402	1.706
5754.557	1.706
5754.713	1.706
5754.895	1.705
5755.052	1.702
5755.235	1.701
5755.390	1.700
5755.547	1.696
5755.729	1.696
5755.885	1.696
5756.068	1.694
5756.223	1.693
5756.380	1.691
5756.562	1.691
5756.718	1.691
5756.902	1.691
5757.057	1.689
5757.213	1.688
5757.395	1.686
5757.552	1.686
5757.735	1.684
5757.890	1.681
5758.047	1.683
5758.229	1.681
5758.385	1.681
5758.568	1.681
5758.723	1.678
5758.880	1.676
5759.062	1.676
5759.218	1.676
5759.402	1.673
5759.557	1.671
5759.713	1.671
5759.895	1.671
5760.052	1.671
5760.235	1.670
5760.390	1.670
5760.547	1.667
5760.729	1.666
5760.885	1.665
5761.068	1.665
5761.223	1.665
5761.380	1.665
5761.562	1.665
5761.718	1.665
5761.902	1.665
5762.057	1.665
5762.213	1.662
5762.395	1.661
5762.552	1.660
5762.735	1.660
5762.890	1.659
5763.047	1.657
5763.229	1.658
5763.385	1.657
5763.568	1.655
5763.723	1.655
5763.880	1.655
5764.062	1.655
5764.218	1.655
5764.402	1.655
5764.557	1.655
5764.713	1.655
5764.895	1.655
5765.052	1.655
5765.235	1.652
5765.390	1.650
5765.547	1.652
5765.729	1.650
5765.885	1.650
5766.068	1.650
5766.223	1.650
5766.380	1.650
5766.562	1.650
5766.718	1.650
5766.902	1.650
5767.057	1.650
5767.213	1.650
5767.395	1.650
5767.552	1.650
5767.735	1.650
5767.890	1.648
5768.047	1.648
5768.229	1.648
5768.385	1.645
5768.568	1.645
5768.723	1.646
5768.880	1.646
5769.062	1.645
5769.218	1.645
5769.402	1.645
5769.557	1.645
5769.713	1.645
5769.895	1.645
5770.052	1.645
5770.235	1.645
5770.390	1.643
5770.547	1.645
5770.729	1.644
5770.885	1.644
5771.068	1.642
5771.223	1.642
5771.380	1.643
5771.562	1.640
5771.718	1.641
5771.902	1.640
5772.057	1.640
5772.213	1.640
5772.395	1.640
5772.552	1.640
5772.708	1.640
5772.890	1.640
5773.047	1.639
5773.229	1.639
5773.385	1.637
5773.542	1.636
5773.723	1.635
5773.880	1.636
5774.062	1.635
5774.218	1.635
5774.402	1.635
5774.557	1.635
5774.713	1.635
5774.895	1.635
5775.052	1.635
5775.235	1.635
5775.390	1.634
5775.547	1.633
5775.729	1.631
5775.885	1.631
5776.068	1.630
5776.223	1.630
5776.380	1.630
5776.562	1.630
5776.718	1.630
5776.902	1.629
5777.057	1.627
5777.213	1.626
5777.395	1.625
5777.552	1.625
5777.735	1.625
5777.890	1.625
5778.047	1.625
5778.229	1.625
5778.385	1.624
5778.568	1.620
5778.723	1.620
5778.880	1.620
5779.062	1.620
5779.218	1.615
5779.402	1.614
5779.557	1.614
5779.713	1.614
5779.895	1.614
5780.052	1.614
5780.235	1.614
5780.390	1.610
5780.547	1.609
5780.729	1.609
5780.885	1.609
5781.068	1.609
5781.223	1.608
5781.380	1.604
5781.562	1.604
5781.718	1.603
5781.902	1.600
5782.057	1.600
5782.213	1.599
5782.395	1.597
5782.552	1.596
5782.735	1.594
5782.890	1.594
5783.047	1.594
5783.229	1.594
5783.385	1.592
5783.542	1.589
5783.723	1.589
5783.880	1.588
5784.062	1.584
5784.218	1.584
5784.402	1.584
5784.557	1.581
5784.713	1.580
5784.895	1.579
5785.052	1.579
5785.235	1.578
5785.390	1.574
5785.547	1.574
5785.729	1.574
5785.885	1.570
5786.042	1.570
5786.223	1.569
5786.380	1.569
5786.562	1.565
5786.718	1.563
5786.902	1.563
5787.057	1.560
5787.213	1.559
5787.395	1.558
5787.552	1.555
5787.735	1.555
5787.890	1.553
5788.047	1.553
5788.229	1.553
5788.385	1.553
5788.542	1.553
5788.723	1.552
5788.880	1.548
5789.062	1.548
5789.218	1.547
5789.375	1.546
5789.557	1.543
5789.713	1.542
5789.895	1.541
5790.052	1.539
5790.235	1.538
5790.390	1.537
5790.547	1.534
5790.729	1.533
5790.885	1.533
5791.068	1.533
5791.223	1.533
5791.380	1.533
5791.562	1.533
5791.718	1.533
5791.875	1.531
5792.057	1.529
5792.213	1.528
5792.395	1.528
5792.552	1.526
5792.708	1.525
5792.890	1.524
5793.047	1.523
5793.229	1.523
5793.385	1.522
5793.542	1.519
5793.723	1.518
5793.880	1.518
5794.062	1.518
5794.218	1.518
5794.375	1.516
5794.557	1.514
5794.713	1.514
5794.895	1.513
5795.052	1.513
5795.235	1.512
5795.390	1.512
5795.547	1.512
5795.729	1.512
5795.885	1.512
5796.042	1.512
5796.223	1.512
5796.380	1.512
5796.562	1.512
5796.718	1.512
5796.875	1.510
5797.057	1.509
5797.213	1.507
5797.395	1.507
5797.552	1.507
5797.708	1.507
5797.890	1.507
5798.047	1.507
5798.229	1.507
5798.385	1.507
5798.542	1.507
5798.723	1.507
5798.880	1.507
5799.062	1.507
5799.218	1.503
5799.375	1.506
5799.557	1.503
5799.713	1.503
5799.895	1.502
5800.052	1.502
5800.235	1.502
5800.390	1.502
5800.547	1.502
5800.729	1.502
5800.885	1.502
5801.068	1.502
5801.223	1.501
5801.380	1.501
5801.562	1.499
5801.718	1.500
5801.902	1.499
5802.057	1.500
5802.213	1.497
5802.395	1.497
5802.552	1.497
5802.735	1.497
5802.890	1.497
5803.047	1.497
5803.229	1.496
5803.385	1.497
5803.568	1.493
5803.723	1.493
5803.880	1.494
5804.062	1.493
5804.218	1.493
5804.402	1.492
5804.557	1.492
5804.713	1.492
5804.895	1.492
5805.052	1.492
5805.235	1.492
5805.390	1.492
5805.547	1.491
5805.729	1.491
5805.885	1.490
5806.068	1.489
5806.223	1.487
5806.380	1.487
5806.562	1.487
5806.718	1.487
5806.902	1.487
5807.057	1.487
5807.213	1.485
5807.395	1.485
5807.552	1.484
5807.708	1.486
5807.890	1.482
5808.047	1.482
5808.229	1.482
5808.385	1.481
5808.542	1.480
5808.723	1.478
5808.880	1.478
5809.062	1.477
5809.218	1.477
5809.375	1.477
5809.557	1.476
5809.713	1.475
5809.895	1.474
5810.052	1.473
5810.208	1.472
5810.390	1.472
5810.547	1.472
5810.729	1.472
5810.885	1.471
5811.042	1.470
5811.223	1.468
5811.380	1.467
5811.562	1.467
5811.718	1.467
5811.875	1.465
5812.057	1.461
5812.213	1.461
5812.395	1.461
5812.552	1.461
5812.708	1.460
5812.890	1.456
5813.047	1.456
5813.229	1.455
5813.385	1.452
5813.542	1.451
5813.723	1.451
5813.880	1.451
5814.062	1.451
5814.218	1.451
5814.375	1.447
5814.557	1.446
5814.713	1.445
5814.895	1.444
5815.052	1.441
5815.208	1.441
5815.390	1.441
5815.547	1.438
5815.729	1.436
5815.885	1.436
5816.042	1.436
5816.223	1.435
5816.380	1.432
5816.562	1.431
5816.718	1.431
5816.875	1.430
5817.057	1.427
5817.213	1.426
5817.395	1.426
5817.552	1.423
5817.708	1.421
5817.890	1.421
5818.047	1.421
5818.229	1.421
5818.385	1.421
5818.542	1.419
5818.723	1.418
5818.880	1.416
5819.062	1.416
5819.218	1.411
5819.375	1.411
5819.557	1.411
5819.713	1.409
5819.895	1.408
5820.052	1.405
5820.208	1.405
5820.390	1.405
5820.547	1.405
5820.729	1.400
5820.885	1.400
5821.042	1.400
5821.223	1.399
5821.380	1.400
5821.562	1.396
5821.718	1.395
5821.875	1.395
5822.057	1.395
5822.213	1.395
5822.395	1.394
5822.552	1.390
5822.735	1.390
5822.890	1.390
5823.047	1.390
5823.229	1.390
5823.385	1.390
5823.542	1.388
5823.723	1.385
5823.880	1.385
5824.062	1.385
5824.218	1.385
5824.375	1.385
5824.557	1.385
5824.713	1.383
5824.895	1.382
5825.052	1.380
5825.235	1.380
5825.390	1.380
5825.547	1.380
5825.729	1.380
5825.885	1.379
5826.068	1.379
5826.223	1.377
5826.380	1.376
5826.562	1.375
5826.718	1.375
5826.902	1.375
5827.057	1.375
5827.213	1.374
5827.395	1.374
5827.552	1.375
5827.708	1.375
5827.890	1.375
5828.047	1.374
5828.229	1.372
5828.385	1.371
5828.568	1.371
5828.723	1.370
5828.880	1.370
5829.062	1.370
5829.218	1.370
5829.375	1.370
5829.557	1.370
5829.713	1.370
5829.895	1.370
5830.052	1.369
5830.208	1.370
5830.390	1.369
5830.547	1.369
5830.729	1.368
5830.885	1.366
5831.068	1.365
5831.223	1.367
5831.380	1.365
5831.562	1.365
5831.718	1.365
5831.902	1.365
5832.057	1.365
5832.213	1.365
5832.395	1.365
5832.552	1.363
5832.708	1.363
5832.890	1.364
5833.047	1.364
5833.229	1.360
5833.385	1.360
5833.568	1.360
5833.723	1.360
5833.880	1.360
5834.062	1.360
5834.218	1.360
5834.375	1.360
5834.557	1.360
5834.713	1.360
5834.895	1.357
5835.052	1.358
5835.235	1.356
5835.390	1.355
5835.547	1.354
5835.729	1.354
5835.885	1.354
5836.042	1.354
5836.223	1.354
5836.380	1.354
5836.562	1.353
5836.718	1.354
5836.902	1.351
5837.057	1.349
5837.213	1.349
5837.395	1.349
5837.552	1.349
5837.708	1.349
5837.890	1.349
5838.047	1.349
5838.229	1.349
5838.385	1.349
5838.542	1.349
5838.723	1.349
5838.880	1.348
5839.062	1.346
5839.218	1.345
5839.375	1.344
5839.557	1.344
5839.713	1.344
5839.895	1.344
5840.052	1.343
5840.208	1.343
5840.390	1.340
5840.547	1.339
5840.729	1.340
5840.885	1.340
5841.068	1.339
5841.223	1.339
5841.380	1.339
5841.562	1.339
5841.718	1.339
5841.875	1.339
5842.057	1.336
5842.213	1.335
5842.395	1.334
5842.552	1.334
5842.735	1.334
5842.890	1.331
5843.047	1.331
5843.229	1.329
5843.385	1.329
5843.568	1.329
5843.723	1.329
5843.880	1.329
5844.062	1.327
5844.218	1.325
5844.375	1.324
5844.557	1.324
5844.713	1.324
5844.895	1.324
5845.052	1.324
5845.208	1.323
5845.390	1.319
5845.547	1.319
5845.729	1.319
5845.885	1.319
5846.042	1.317
5846.223	1.315
5846.380	1.314
5846.562	1.314
5846.718	1.313
5846.875	1.309
5847.057	1.309
5847.213	1.309
5847.395	1.308
5847.552	1.308
5847.708	1.304
5847.890	1.305
5848.047	1.303
5848.229	1.303
5848.385	1.303
5848.542	1.303
5848.723	1.303
5848.880	1.302
5849.062	1.298
5849.218	1.298
5849.375	1.298
5849.557	1.295
5849.713	1.295
5849.895	1.293
5850.052	1.293
5850.208	1.292
5850.390	1.288
5850.547	1.288
5850.729	1.288
5850.885	1.288
5851.042	1.287
5851.223	1.283
5851.380	1.283
5851.562	1.283
5851.718	1.281
5851.875	1.280
5852.057	1.278
5852.213	1.278
5852.395	1.278
5852.552	1.277
5852.708	1.276
5852.890	1.275
5853.047	1.273
5853.229	1.273
5853.385	1.273
5853.542	1.269
5853.723	1.269
5853.880	1.269
5854.062	1.268
5854.218	1.268
5854.375	1.268
5854.557	1.268
5854.713	1.268
5854.895	1.267
5855.052	1.266
5855.208	1.264
5855.390	1.263
5855.547	1.263
5855.729	1.263
5855.885	1.263
5856.042	1.262
5856.223	1.258
5856.380	1.258
5856.562	1.258
5856.718	1.258
5856.875	1.258
5857.057	1.257
5857.213	1.258
5857.395	1.256
5857.552	1.254
5857.708	1.255
5857.890	1.253
5858.047	1.253
5858.229	1.253
5858.385	1.252
5858.542	1.252
5858.723	1.251
5858.880	1.251
5859.062	1.249
5859.218	1.247
5859.375	1.247
5859.557	1.247
5859.713	1.247
5859.870	1.247
5860.052	1.247
5860.208	1.247
5860.390	1.247
5860.547	1.247
5860.729	1.247
5860.885	1.246
5861.042	1.247
5861.223	1.246
5861.380	1.246
5861.562	1.245
5861.718	1.243
5861.875	1.245
5862.057	1.242
5862.213	1.242
5862.395	1.242
5862.552	1.242
5862.708	1.242
5862.890	1.242
5863.047	1.242
5863.203	1.242
5863.385	1.242
5863.542	1.241
5863.723	1.240
5863.880	1.241
5864.062	1.238
5864.218	1.237
5864.375	1.237
5864.557	1.237
5864.713	1.238
5864.895	1.237
5865.052	1.237
5865.208	1.237
5865.390	1.237
5865.547	1.237
5865.703	1.237
5865.885	1.237
5866.042	1.237
5866.223	1.237
5866.380	1.236
5866.562	1.236
5866.718	1.237
5866.875	1.235
5867.057	1.233
5867.213	1.233
5867.395	1.232
5867.552	1.232
5867.708	1.233
5867.890	1.232
5868.047	1.232
5868.229	1.232
5868.385	1.232
5868.542	1.232
5868.723	1.231
5868.880	1.231
5869.062	1.229
5869.218	1.230
5869.375	1.231
5869.557	1.229
5869.713	1.227
5869.895	1.227
5870.052	1.227
5870.208	1.227
5870.390	1.227
5870.547	1.227
5870.729	1.227
5870.885	1.227
5871.042	1.227
5871.223	1.227
5871.380	1.227
5871.562	1.227
5871.718	1.227
5871.875	1.226
5872.057	1.226
5872.213	1.226
5872.395	1.223
5872.552	1.222
5872.708	1.222
5872.890	1.222
5873.047	1.222
5873.229	1.222
5873.385	1.222
5873.542	1.220
5873.723	1.221
5873.880	1.222
5874.062	1.219
5874.218	1.218
5874.375	1.217
5874.557	1.217
5874.713	1.217
5874.895	1.217
5875.052	1.217
5875.208	1.217
5875.390	1.217
5875.547	1.217
5875.729	1.216
5875.885	1.214
5876.042	1.213
5876.223	1.213
5876.380	1.212
5876.562	1.212
5876.718	1.212
5876.875	1.212
5877.057	1.211
5877.213	1.208
5877.395	1.207
5877.552	1.207
5877.708	1.207
5877.890	1.207
5878.047	1.207
5878.229	1.207
5878.385	1.207
5878.542	1.205
5878.723	1.206
5878.880	1.201
5879.062	1.201
5879.218	1.201
5879.375	1.201
5879.557	1.201
5879.713	1.199
5879.895	1.198
5880.052	1.197
5880.208	1.196
5880.390	1.196
5880.547	1.196
5880.729	1.196
5880.885	1.195
5881.042	1.195
5881.223	1.192
5881.380	1.191
5881.562	1.191
5881.718	1.191
5881.875	1.189
5882.057	1.189
5882.213	1.186
5882.395	1.186
5882.552	1.186
5882.708	1.184
5882.890	1.183
5883.047	1.181
5883.229	1.182
5883.385	1.181
5883.542	1.181
5883.723	1.181
5883.880	1.181
5884.062	1.180
5884.218	1.179
5884.375	1.176
5884.557	1.176
5884.713	1.176
5884.895	1.176
5885.052	1.175
5885.208	1.175
5885.390	1.173
5885.547	1.171
5885.729	1.171
5885.885	1.171
5886.042	1.167
5886.223	1.166
5886.380	1.166
5886.562	1.166
5886.718	1.166
5886.875	1.166
5887.057	1.166
5887.213	1.166
5887.395	1.165
5887.552	1.165
5887.708	1.163
5887.890	1.162
5888.047	1.162
5888.203	1.161
5888.385	1.161
5888.542	1.161
5888.723	1.161
5888.880	1.161
5889.037	1.161
5889.218	1.158
5889.375	1.159
5889.557	1.156
5889.713	1.156
5889.870	1.156
5890.052	1.156
5890.208	1.156
5890.390	1.156
5890.547	1.156
5890.703	1.154
5890.885	1.154
5891.042	1.152
5891.223	1.152
5891.380	1.152
5891.537	1.150
5891.718	1.151
5891.875	1.150
5892.057	1.150
5892.213	1.150
5892.370	1.150
5892.552	1.150
5892.708	1.150
5892.890	1.150
5893.047	1.150
5893.203	1.150
5893.385	1.150
5893.542	1.150
5893.723	1.150
5893.880	1.150
5894.037	1.150
5894.218	1.147
5894.375	1.148
5894.557	1.150
5894.713	1.150
5894.870	1.149
5895.052	1.147
5895.208	1.150
5895.390	1.149
5895.547	1.147
5895.703	1.146
5895.885	1.149
5896.042	1.146
5896.223	1.147
5896.380	1.146
5896.537	1.147
5896.718	1.146
5896.875	1.145
5897.057	1.145
5897.213	1.145
5897.370	1.147
5897.552	1.145
5897.708	1.145
5897.890	1.145
5898.047	1.145
5898.203	1.145
5898.385	1.145
5898.542	1.145
5898.723	1.145
5898.880	1.145
5899.037	1.145
5899.218	1.145
5899.375	1.145
5899.557	1.145
5899.713	1.145
5899.870	1.145
5900.052	1.145
5900.208	1.145
5900.390	1.145
5900.547	1.145
5900.703	1.145
5900.885	1.145
5901.042	1.145
5901.223	1.145
5901.380	1.145
5901.537	1.145
5901.718	1.145
5901.875	1.145
5902.057	1.145
5902.213	1.145
5902.370	1.145
5902.552	1.145
5902.708	1.145
5902.890	1.145
5903.047	1.145
5903.203	1.145
5903.385	1.145
5903.542	1.145
5903.723	1.145
5903.880	1.145
5904.037	1.145
5904.218	1.145
5904.375	1.145
5904.557	1.145
5904.713	1.145
5904.870	1.145
5905.052	1.145
5905.208	1.145
5905.390	1.145
5905.547	1.145
5905.703	1.145
5905.885	1.145
5906.042	1.145
5906.223	1.144
5906.380	1.143
5906.537	1.144
5906.718	1.144
5906.875	1.142
5907.057	1.145
5907.213	1.142
5907.370	1.141
5907.552	1.140
5907.708	1.141
5907.890	1.140
5908.047	1.140
5908.203	1.140
5908.385	1.140
5908.542	1.140
5908.723	1.140
5908.880	1.140
5909.037	1.140
5909.218	1.140
5909.375	1.140
5909.557	1.140
5909.713	1.140
5909.870	1.140
5910.052	1.139
5910.208	1.139
5910.390	1.139
5910.547	1.139
5910.703	1.139
5910.885	1.137
5911.042	1.135
5911.223	1.135
5911.380	1.136
5911.537	1.135
5911.718	1.135
5911.875	1.135
5912.057	1.135
5912.213	1.135
5912.370	1.135
5912.552	1.133
5912.708	1.134
5912.890	1.133
5913.047	1.132
5913.203	1.132
5913.385	1.131
5913.542	1.130
5913.723	1.130
5913.880	1.130
5914.037	1.130
5914.218	1.130
5914.375	1.130
5914.557	1.130
5914.713	1.130
5914.870	1.128
5915.052	1.128
5915.208	1.126
5915.390	1.125
5915.547	1.125
5915.703	1.125
5915.885	1.125
5916.042	1.125
5916.223	1.125
5916.380	1.125
5916.537	1.125
5916.718	1.125
5916.875	1.125
5917.057	1.125
5917.213	1.123
5917.370	1.122
5917.552	1.122
5917.708	1.122
5917.890	1.121
5918.047	1.120
5918.203	1.120
5918.385	1.120
5918.542	1.120
5918.723	1.120
5918.880	1.119
5919.037	1.120
5919.218	1.120
5919.375	1.119
5919.557	1.118
5919.713	1.118
5919.870	1.116
5920.052	1.116
5920.208	1.116
5920.390	1.115
5920.547	1.116
5920.703	1.115
5920.885	1.115
5921.042	1.115
5921.223	1.115
5921.380	1.115
5921.537	1.115
5921.718	1.114
5921.875	1.115
5922.057	1.115
5922.213	1.115
5922.370	1.115
5922.552	1.115
5922.708	1.115
5922.890	1.115
5923.047	1.115
5923.203	1.114
5923.385	1.114
5923.542	1.115
5923.723	1.114
5923.880	1.115
5924.037	1.115
5924.218	1.114
5924.375	1.115
5924.557	1.115
5924.713	1.115
5924.870	1.115
5925.052	1.115
5925.208	1.115
5925.390	1.115
5925.547	1.115
5925.703	1.115
5925.885	1.115
5926.042	1.115
5926.223	1.115
5926.380	1.115
5926.537	1.115
5926.718	1.115
5926.875	1.116
5927.057	1.115
5927.213	1.117
5927.370	1.118
5927.552	1.117
5927.708	1.119
5927.890	1.118
5928.047	1.118
5928.203	1.116
5928.385	1.117
5928.542	1.118
5928.723	1.118
5928.880	1.119
5929.037	1.120
5929.218	1.120
5929.375	1.120
5929.557	1.120
5929.713	1.120
5929.870	1.120
5930.052	1.120
5930.208	1.120
5930.390	1.120
5930.547	1.120
5930.703	1.120
5930.885	1.120
5931.042	1.122
5931.223	1.122
5931.380	1.123
5931.537	1.123
5931.718	1.124
5931.875	1.124
5932.057	1.125
5932.213	1.125
5932.370	1.125
5932.552	1.125
5932.708	1.125
5932.890	1.125
5933.047	1.125
5933.203	1.125
5933.385	1.125
5933.542	1.125
5933.723	1.125
5933.880	1.125
5934.037	1.125
5934.218	1.125
5934.375	1.125
5934.557	1.125
5934.713	1.125
5934.870	1.125
5935.052	1.125
5935.208	1.126
5935.390	1.127
5935.547	1.126
5935.703	1.127
5935.885	1.128
5936.042	1.130
5936.223	1.129
5936.380	1.130
5936.537	1.130
5936.718	1.130
5936.875	1.130
5937.057	1.130
5937.213	1.130
5937.370	1.130
5937.552	1.130
5937.708	1.130
5937.890	1.130
5938.047	1.131
5938.203	1.131
5938.385	1.131
5938.542	1.131
5938.723	1.133
5938.880	1.133
5939.037	1.134
5939.218	1.134
5939.375	1.135
5939.557	1.135
5939.713	1.134
5939.870	1.135
5940.052	1.135
5940.208	1.135
5940.390	1.135
5940.547	1.135
5940.703	1.135
5940.885	1.135
5941.042	1.135
5941.223	1.135
5941.380	1.135
5941.537	1.135
5941.718	1.135
5941.875	1.135
5942.057	1.135
5942.213	1.135
5942.370	1.136
5942.552	1.135
5942.708	1.136
5942.890	1.135
5943.047	1.135
5943.203	1.135
5943.385	1.136
5943.542	1.135
5943.723	1.135
5943.880	1.135
5944.037	1.135
5944.218	1.135
5944.375	1.135
5944.557	1.135
5944.713	1.136
5944.870	1.136
5945.052	1.135
5945.208	1.137
5945.390	1.136
5945.547	1.139
5945.703	1.137
5945.885	1.136
5946.042	1.135
5946.223	1.135
5946.380	1.136
5946.537	1.136
5946.718	1.136
5946.875	1.136
5947.057	1.135
5947.213	1.135
5947.370	1.136
5947.552	1.136
5947.708	1.135
5947.890	1.135
5948.047	1.135
5948.203	1.135
5948.385	1.135
5948.542	1.135
5948.723	1.135
5948.880	1.135
5949.037	1.135
5949.218	1.135
5949.375	1.135
5949.557	1.135
5949.713	1.135
5949.870	1.135
5950.052	1.135
5950.208	1.135
5950.390	1.135
5950.547	1.134
5950.703	1.135
5950.885	1.135
5951.042	1.135
5951.223	1.135
5951.380	1.135
5951.537	1.133
5951.718	1.134
5951.875	1.133
5952.057	1.135
5952.213	1.133
5952.370	1.133
5952.552	1.134
5952.708	1.132
5952.890	1.133
5953.047	1.132
5953.203	1.133
5953.385	1.135
5953.542	1.133
5953.723	1.132
5953.880	1.132
5954.037	1.133
5954.218	1.131
5954.375	1.130
5954.557	1.133
5954.713	1.132
5954.870	1.133
5955.052	1.132
5955.208	1.132
5955.390	1.132
5955.547	1.133
5955.703	1.133
5955.885	1.131
5956.042	1.133
5956.223	1.133
5956.380	1.131
5956.537	1.132
5956.718	1.134
5956.875	1.133
5957.057	1.133
5957.213	1.133
5957.370	1.135
5957.552	1.135
5957.708	1.135
5957.890	1.135
5958.047	1.135
5958.203	1.135
5958.385	1.135
5958.542	1.135
5958.723	1.135
5958.880	1.135
5959.037	1.135
5959.218	1.135
5959.375	1.135
5959.557	1.135
5959.713	1.135
5959.870	1.135
5960.052	1.135
5960.208	1.136
5960.390	1.135
5960.547	1.136
5960.703	1.136
5960.885	1.139
5961.042	1.138
5961.223	1.138
5961.380	1.139
5961.537	1.139
5961.718	1.139
5961.875	1.140
5962.057	1.140
5962.213	1.140
5962.370	1.140
5962.552	1.140
5962.708	1.141
5962.890	1.140
5963.047	1.141
5963.203	1.142
5963.385	1.144
5963.542	1.143
5963.723	1.143
5963.880	1.145
5964.037	1.145
5964.218	1.145
5964.375	1.145
5964.557	1.145
5964.713	1.145
5964.870	1.145
5965.052	1.145
5965.208	1.145
5965.390	1.145
5965.547	1.145
5965.703	1.145
5965.885	1.145
5966.042	1.145
5966.223	1.146
5966.380	1.148
5966.537	1.149
5966.718	1.146
5966.875	1.148
5967.057	1.150
5967.213	1.150
5967.370	1.150
5967.552	1.150
5967.708	1.150
5967.890	1.150
5968.047	1.150
5968.203	1.150
5968.385	1.150
5968.542	1.150
5968.723	1.150
5968.880	1.154
5969.037	1.153
5969.218	1.155
5969.375	1.152
5969.557	1.156
5969.713	1.155
5969.870	1.156
5970.052	1.156
5970.208	1.156
5970.390	1.156
5970.547	1.156
5970.703	1.156
5970.885	1.156
5971.042	1.156
5971.223	1.156
5971.380	1.158
5971.537	1.156
5971.718	1.156
5971.875	1.158
5972.057	1.160
5972.213	1.159
5972.370	1.161
5972.552	1.161
5972.708	1.161
5972.890	1.161
5973.047	1.161
5973.203	1.161
5973.385	1.161
5973.542	1.162
5973.723	1.161
5973.880	1.161
5974.037	1.161
5974.218	1.161
5974.375	1.161
5974.557	1.162
5974.713	1.163
5974.870	1.164
5975.052	1.164
5975.208	1.166
5975.390	1.164
5975.547	1.166
5975.703	1.166
5975.885	1.166
5976.042	1.165
5976.223	1.166
5976.380	1.166
5976.537	1.166
5976.718	1.166
5976.875	1.166
5977.057	1.166
5977.213	1.166
5977.370	1.166
5977.552	1.166
5977.708	1.166
5977.890	1.166
5978.047	1.166
5978.203	1.166
5978.385	1.166
5978.542	1.167
5978.723	1.168
5978.880	1.166
5979.037	1.167
5979.218	1.167
5979.375	1.167
5979.557	1.166
5979.713	1.169
5979.870	1.167
5980.052	1.168
5980.208	1.168
5980.390	1.168
5980.547	1.171
5980.703	1.168
5980.885	1.169
5981.042	1.169
5981.223	1.170
5981.380	1.170
5981.537	1.170
5981.718	1.170
5981.875	1.170
5982.057	1.170
5982.213	1.169
5982.370	1.169
5982.552	1.169
5982.708	1.169
5982.890	1.169
5983.047	1.169
5983.203	1.170
5983.385	1.168
5983.542	1.170
5983.723	1.167
5983.880	1.168
5984.037	1.167
5984.218	1.167
5984.375	1.167
5984.557	1.166
5984.713	1.166
5984.870	1.166
5985.052	1.167
5985.208	1.166
5985.390	1.167
5985.547	1.166
5985.703	1.166
5985.885	1.166
5986.042	1.166
5986.223	1.166
5986.380	1.166
5986.537	1.166
5986.718	1.166
5986.875	1.166
5987.057	1.166
5987.213	1.166
5987.370	1.166
5987.552	1.166
5987.708	1.166
5987.890	1.166
5988.047	1.166
5988.203	1.166
5988.385	1.166
5988.542	1.166
5988.723	1.166
5988.880	1.166
5989.037	1.166
5989.218	1.166
5989.375	1.166
5989.557	1.166
5989.713	1.166
5989.870	1.166
5990.052	1.166
5990.208	1.166
5990.390	1.166
5990.547	1.166
5990.703	1.166
5990.885	1.166
5991.042	1.166
5991.223	1.166
5991.380	1.166
5991.537	1.166
5991.718	1.166
5991.875	1.166
5992.057	1.166
5992.213	1.166
5992.370	1.166
5992.552	1.166
5992.708	1.166
5992.890	1.166
5993.047	1.166
5993.203	1.166
5993.385	1.166
5993.542	1.166
5993.723	1.166
5993.880	1.166
5994.037	1.166
5994.218	1.166
5994.375	1.166
5994.557	1.166
5994.713	1.166
5994.870	1.166
5995.052	1.166
5995.208	1.166
5995.390	1.166
5995.547	1.166
5995.703	1.166
5995.885	1.166
5996.042	1.166
5996.223	1.166
5996.380	1.167
5996.537	1.166
5996.718	1.167
5996.875	1.168
5997.057	1.170
5997.213	1.168
5997.370	1.169
5997.552	1.169
5997.708	1.169
5997.890	1.171
5998.047	1.171
5998.203	1.171
5998.385	1.172
5998.542	1.171
5998.723	1.171
5998.880	1.171
5999.037	1.171
5999.218	1.171
5999.375	1.172
5999.557	1.172
5999.713	1.171
5999.870	1.172
6000.052	1.171
6000.208	1.175
6000.390	1.173
6000.547	1.173
6000.703	1.174
6000.885	1.174
6001.042	1.176
6001.198	1.176
6001.380	1.176
6001.537	1.176
6001.718	1.176
6001.875	1.176
6002.032	1.175
6002.213	1.176
6002.370	1.176
6002.552	1.176
6002.708	1.176
6002.865	1.176
6003.047	1.176
6003.203	1.176
6003.385	1.176
6003.542	1.176
6003.698	1.176
6003.880	1.176
6004.037	1.176
6004.218	1.176
6004.375	1.177
6004.532	1.177
6004.713	1.177
6004.870	1.177
6005.052	1.177
6005.208	1.179
6005.365	1.177
6005.547	1.177
6005.703	1.179
6005.885	1.179
6006.042	1.180
6006.198	1.180
6006.380	1.178
6006.537	1.180
6006.718	1.179
6006.875	1.180
6007.032	1.179
6007.213	1.181
6007.370	1.181
6007.552	1.181
6007.708	1.181
6007.865	1.181
6008.047	1.180
6008.203	1.181
6008.385	1.181
6008.542	1.181
6008.698	1.181
6008.880	1.181
6009.037	1.181
6009.218	1.181
6009.375	1.181
6009.532	1.181
6009.713	1.181
6009.870	1.181
6010.052	1.180
6010.208	1.181
6010.365	1.181
6010.547	1.181
6010.703	1.181
6010.885	1.181
6011.042	1.181
6011.198	1.181
6011.380	1.181
6011.537	1.181
6011.718	1.181
6011.875	1.180
6012.032	1.181
6012.213	1.179
6012.370	1.181
6012.552	1.179
6012.708	1.181
6012.865	1.181
6013.047	1.179
6013.203	1.179
6013.385	1.180
6013.542	1.179
6013.698	1.178
6013.880	1.177
6014.037	1.177
6014.218	1.177
6014.375	1.176
6014.532	1.176
6014.713	1.177
6014.870	1.176
6015.052	1.176
6015.208	1.176
6015.365	1.176
6015.547	1.176
6015.703	1.176
6015.885	1.176
6016.042	1.176
6016.198	1.176
6016.380	1.176
6016.537	1.176
6016.718	1.175
6016.875	1.176
6017.032	1.175
6017.213	1.174
6017.370	1.176
6017.552	1.174
6017.708	1.174
6017.865	1.176
6018.047	1.173
6018.203	1.171
6018.385	1.171
6018.542	1.171
6018.698	1.171
6018.880	1.171
6019.037	1.171
6019.218	1.171
6019.375	1.169
6019.532	1.169
6019.713	1.169
6019.870	1.166
6020.052	1.166
6020.208	1.166
6020.365	1.166
6020.547	1.166
6020.703	1.166
6020.885	1.166
6021.042	1.166
6021.198	1.166
6021.380	1.166
6021.537	1.166
6021.718	1.166
6021.875	1.166
6022.032	1.162
6022.213	1.162
6022.370	1.161
6022.552	1.161
6022.708	1.161
6022.865	1.161
6023.047	1.161
6023.203	1.161
6023.385	1.161
6023.542	1.161
6023.698	1.161
6023.880	1.159
6024.037	1.157
6024.218	1.158
6024.375	1.156
6024.532	1.156
6024.713	1.156
6024.870	1.156
6025.052	1.156
6025.208	1.156
6025.365	1.156
6025.547	1.156
6025.703	1.155
6025.885	1.156
6026.042	1.156
6026.198	1.156
6026.380	1.155
6026.537	1.154
6026.718	1.155
6026.875	1.153
6027.032	1.153
6027.213	1.151
6027.370	1.151
6027.552	1.150
6027.708	1.150
6027.865	1.150
6028.047	1.150
6028.203	1.150
6028.385	1.150
6028.542	1.150
6028.698	1.150
6028.880	1.150
6029.037	1.148
6029.218	1.147
6029.375	1.150
6029.532	1.146
6029.713	1.149
6029.870	1.146
6030.052	1.147
6030.208	1.145
6030.365	1.145
6030.547	1.145
6030.703	1.145
6030.885	1.145
6031.042	1.145
6031.198	1.145
6031.380	1.145
6031.537	1.145
6031.718	1.145
6031.875	1.145
6032.032	1.145
6032.213	1.145
6032.370	1.145
6032.552	1.145
6032.708	1.145
6032.865	1.145
6033.047	1.145
6033.203	1.145
6033.385	1.145
6033.542	1.145
6033.698	1.145
6033.880	1.145
6034.037	1.145
6034.218	1.145
6034.375	1.145
6034.532	1.145
6034.713	1.142
6034.870	1.145
6035.052	1.145
6035.208	1.143
6035.365	1.142
6035.547	1.141
6035.703	1.140
6035.885	1.140
6036.042	1.141
6036.198	1.140
6036.380	1.140
6036.537	1.140
6036.718	1.140
6036.875	1.140
6037.032	1.140
6037.213	1.140
6037.370	1.140
6037.552	1.140
6037.708	1.140
6037.865	1.140
6038.047	1.140
6038.203	1.137
6038.385	1.137
6038.542	1.136
6038.698	1.136
6038.880	1.136
6039.037	1.135
6039.218	1.135
6039.375	1.135
6039.532	1.135
6039.713	1.135
6039.870	1.135
6040.052	1.135
6040.208	1.135
6040.365	1.135
6040.547	1.135
6040.703	1.135
6040.885	1.135
6041.042	1.135
6041.198	1.134
6041.380	1.130
6041.537	1.130
6041.718	1.131
6041.875	1.133
6042.032	1.132
6042.213	1.131
6042.370	1.130
6042.552	1.130
6042.708	1.130
6042.865	1.130
6043.047	1.130
6043.203	1.130
6043.385	1.128
6043.542	1.128
6043.698	1.128
6043.880	1.129
6044.037	1.128
6044.218	1.126
6044.375	1.125
6044.532	1.125
6044.713	1.125
6044.870	1.125
6045.052	1.125
6045.208	1.125
6045.365	1.125
6045.547	1.125
6045.703	1.125
6045.885	1.125
6046.042	1.125
6046.198	1.124
6046.380	1.122
6046.537	1.120
6046.718	1.120
6046.875	1.120
6047.032	1.120
6047.213	1.120
6047.370	1.120
6047.552	1.120
6047.708	1.120
6047.865	1.120
6048.047	1.120
6048.203	1.120
6048.385	1.119
6048.542	1.118
6048.698	1.117
6048.880	1.116
6049.037	1.115
6049.218	1.115
6049.375	1.115
6049.532	1.115
6049.713	1.115
6049.870	1.115
6050.052	1.114
6050.208	1.113
6050.365	1.111
6050.547	1.110
6050.703	1.110
6050.885	1.110
6051.042	1.110
6051.198	1.110
6051.380	1.110
6051.537	1.110
6051.718	1.108
6051.875	1.107
6052.032	1.105
6052.213	1.105
6052.370	1.105
6052.552	1.105
6052.708	1.105
6052.865	1.105
6053.047	1.105
6053.203	1.105
6053.385	1.105
6053.542	1.103
6053.698	1.099
6053.880	1.099
6054.037	1.099
6054.218	1.099
6054.375	1.099
6054.532	1.099
6054.713	1.097
6054.870	1.095
6055.052	1.094
6055.208	1.094
6055.365	1.094
6055.547	1.094
6055.703	1.094
6055.885	1.094
6056.042	1.093
6056.198	1.090
6056.380	1.090
6056.537	1.090
6056.718	1.089
6056.875	1.088
6057.032	1.086
6057.213	1.084
6057.370	1.084
6057.552	1.084
6057.708	1.084
6057.865	1.084
6058.047	1.084
6058.203	1.084
6058.385	1.082
6058.542	1.082
6058.698	1.079
6058.880	1.079
6059.037	1.079
6059.218	1.079
6059.375	1.079
6059.532	1.079
6059.713	1.079
6059.870	1.078
6060.052	1.078
6060.208	1.077
6060.365	1.077
6060.547	1.075
6060.703	1.074
6060.885	1.074
6061.042	1.074
6061.198	1.071
6061.380	1.069
6061.537	1.069
6061.718	1.069
6061.875	1.069
6062.032	1.066
6062.213	1.066
6062.370	1.066
6062.552	1.065
6062.708	1.064
6062.865	1.064
6063.047	1.064
6063.203	1.064
6063.385	1.064
6063.542	1.064
6063.698	1.063
6063.880	1.064
6064.037	1.064
6064.218	1.061
6064.375	1.060
6064.532	1.059
6064.713	1.059
6064.870	1.059
6065.052	1.059
6065.208	1.059
6065.365	1.058
6065.547	1.057
6065.703	1.059
6065.885	1.055
6066.042	1.054
6066.198	1.054
6066.380	1.054
6066.537	1.054
6066.718	1.054
6066.875	1.054
6067.032	1.054
6067.213	1.054
6067.370	1.053
6067.552	1.054
6067.708	1.051
6067.865	1.050
6068.047	1.049
6068.203	1.049
6068.385	1.049
6068.542	1.048
6068.698	1.046
6068.880	1.045
6069.037	1.044
6069.218	1.044
6069.375	1.043
6069.532	1.043
6069.713	1.043
6069.870	1.043
6070.052	1.043
6070.208	1.043
6070.365	1.043
6070.547	1.043
6070.703	1.043
6070.885	1.043
6071.042	1.042
6071.198	1.038
6071.380	1.039
6071.537	1.038
6071.718	1.038
6071.875	1.038
6072.032	1.038
6072.213	1.038
6072.370	1.038
6072.527	1.038
6072.708	1.038
6072.865	1.034
6073.047	1.034
6073.203	1.033
6073.385	1.033
6073.542	1.033
6073.698	1.033
6073.880	1.032
6074.037	1.032
6074.218	1.032
6074.375	1.030
6074.532	1.029
6074.713	1.028
6074.870	1.028
6075.052	1.028
6075.208	1.028
6075.365	1.028
6075.547	1.028
6075.703	1.028
6075.860	1.027
6076.042	1.026
6076.198	1.026
6076.380	1.023
6076.537	1.023
6076.718	1.023
6076.875	1.023
6077.032	1.023
6077.213	1.023
6077.370	1.023
6077.552	1.022
6077.708	1.021
6077.865	1.019
6078.047	1.019
6078.203	1.018
6078.385	1.018
6078.542	1.018
6078.698	1.018
6078.880	1.018
6079.037	1.018
6079.218	1.018
6079.375	1.015
6079.532	1.014
6079.713	1.013
6079.870	1.013
6080.052	1.013
6080.208	1.013
6080.365	1.012
6080.547	1.013
6080.703	1.013
6080.885	1.010
6081.042	1.011
6081.198	1.011
6081.380	1.011
6081.537	1.009
6081.718	1.008
6081.875	1.008
6082.032	1.008
6082.213	1.008
6082.370	1.007
6082.552	1.007
6082.708	1.006
6082.865	1.004
6083.047	1.006
6083.203	1.003
6083.385	1.003
6083.542	1.003
6083.698	1.003
6083.880	1.001
6084.037	1.000
6084.218	0.999
6084.375	0.998
6084.532	0.998
6084.713	0.998
6084.870	0.998
6085.052	0.998
6085.208	0.998
6085.365	0.997
6085.547	0.995
6085.703	0.994
6085.885	0.993
6086.042	0.992
6086.198	0.992
6086.380	0.992
6086.537	0.992
6086.718	0.992
6086.875	0.990
6087.032	0.987
6087.213	0.987
6087.370	0.987
6087.552	0.986
6087.708	0.986
6087.865	0.986
6088.047	0.986
6088.203	0.983
6088.385	0.982
6088.542	0.982
6088.698	0.982
6088.880	0.982
6089.037	0.982
6089.218	0.982
6089.375	0.982
6089.532	0.982
6089.713	0.981
6089.870	0.982
6090.052	0.980
6090.208	0.978
6090.365	0.978
6090.547	0.977
6090.703	0.977
6090.885	0.977
6091.042	0.974
6091.198	0.973
6091.380	0.972
6091.537	0.972
6091.718	0.972
6091.875	0.971
6092.032	0.968
6092.213	0.968
6092.370	0.967
6092.552	0.967
6092.708	0.967
6092.865	0.965
6093.047	0.965
6093.203	0.963
6093.385	0.962
6093.542	0.962
6093.698	0.962
6093.880	0.962
6094.037	0.962
6094.218	0.962
6094.375	0.960
6094.532	0.957
6094.713	0.957
6094.870	0.957
6095.027	0.956
6095.208	0.957
6095.365	0.954
6095.547	0.954
6095.703	0.952
6095.860	0.952
6096.042	0.952
6096.198	0.950
6096.380	0.950
6096.537	0.947
6096.693	0.947
6096.875	0.947
6097.032	0.947
6097.213	0.947
6097.370	0.946
6097.527	0.944
6097.708	0.943
6097.865	0.941
6098.047	0.941
6098.203	0.941
6098.360	0.941
6098.542	0.941
6098.698	0.941
6098.880	0.941
6099.037	0.941
6099.193	0.940
6099.375	0.937
6099.532	0.936
6099.713	0.936
6099.870	0.936
6100.027	0.936
6100.208	0.936
6100.365	0.935
6100.547	0.933
6100.703	0.931
6100.860	0.931
6101.042	0.931
6101.198	0.931
6101.380	0.931
6101.537	0.927
6101.693	0.929
6101.875	0.928
6102.032	0.926
6102.213	0.926
6102.370	0.926
6102.527	0.926
6102.708	0.924
6102.865	0.924
6103.047	0.922
6103.203	0.921
6103.360	0.921
6103.542	0.921
6103.698	0.921
6103.880	0.920
6104.037	0.921
6104.193	0.918
6104.375	0.920
6104.532	0.917
6104.713	0.916
6104.870	0.916
6105.052	0.916
6105.208	0.916
6105.365	0.916
6105.547	0.915
6105.703	0.915
6105.885	0.914
6106.042	0.911
6106.198	0.911
6106.380	0.911
6106.537	0.911
6106.718	0.911
6106.875	0.910
6107.032	0.911
6107.213	0.907
6107.370	0.908
6107.552	0.906
6107.708	0.907
6107.865	0.906
6108.047	0.906
6108.203	0.906
6108.360	0.906
6108.542	0.905
6108.698	0.903
6108.880	0.901
6109.037	0.902
6109.193	0.901
6109.375	0.901
6109.532	0.901
6109.713	0.901
6109.870	0.901
6110.027	0.901
6110.208	0.901
6110.365	0.899
6110.547	0.899
6110.703	0.896
6110.860	0.896
6111.042	0.896
6111.198	0.896
6111.380	0.896
6111.537	0.896
6111.693	0.895
6111.875	0.894
6112.032	0.895
6112.213	0.891
6112.370	0.890
6112.527	0.890
6112.708	0.890
6112.865	0.890
6113.047	0.890
6113.203	0.889
6113.360	0.890
6113.542	0.887
6113.698	0.885
6113.880	0.886
6114.037	0.885
6114.193	0.885
6114.375	0.881
6114.532	0.881
6114.713	0.880
6114.870	0.881
6115.027	0.880
6115.208	0.880
6115.365	0.880
6115.547	0.880
6115.703	0.880
6115.860	0.880
6116.042	0.880
6116.198	0.879
6116.380	0.879
6116.537	0.879
6116.693	0.879
6116.875	0.875
6117.032	0.875
6117.213	0.875
6117.370	0.875
6117.527	0.875
6117.708	0.873
6117.865	0.873
6118.047	0.871
6118.203	0.870
6118.360	0.870
6118.542	0.870
6118.698	0.867
6118.880	0.868
6119.037	0.868
6119.193	0.867
6119.375	0.866
6119.532	0.865
6119.713	0.865
6119.870	0.865
6120.027	0.865
6120.208	0.865
6120.365	0.863
6120.547	0.863
6120.703	0.860
6120.860	0.862
6121.042	0.860
6121.198	0.860
6121.380	0.860
6121.537	0.860
6121.693	0.860
6121.875	0.857
6122.032	0.856
6122.213	0.856
6122.370	0.856
6122.527	0.855
6122.708	0.855
6122.865	0.855
6123.047	0.855
6123.203	0.855
6123.360	0.854
6123.542	0.852
6123.698	0.851
6123.880	0.850
6124.037	0.850
6124.193	0.850
6124.375	0.850
6124.532	0.850
6124.713	0.850
6124.870	0.850
6125.027	0.848
6125.208	0.847
6125.365	0.845
6125.547	0.845
6125.703	0.845
6125.860	0.845
6126.042	0.843
6126.198	0.840
6126.380	0.839
6126.537	0.839
6126.693	0.839
6126.875	0.839
6127.032	0.839
6127.213	0.839
6127.370	0.839
6127.527	0.839
6127.708	0.836
6127.865	0.834
6128.047	0.834
6128.203	0.834
6128.360	0.834
6128.542	0.834
6128.698	0.832
6128.880	0.829
6129.037	0.829
6129.193	0.829
6129.375	0.829
6129.532	0.829
6129.713	0.829
6129.870	0.829
6130.027	0.829
6130.208	0.827
6130.365	0.826
6130.547	0.824
6130.703	0.824
6130.860	0.823
6131.042	0.823
6131.198	0.822
6131.380	0.821
6131.537	0.822
6131.693	0.819
6131.875	0.819
6132.032	0.819
6132.213	0.819
6132.370	0.819
6132.527	0.819
6132.708	0.819
6132.865	0.818
6133.047	0.818
6133.203	0.814
6133.360	0.814
6133.542	0.814
6133.698	0.814
6133.880	0.814
6134.037	0.814
6134.193	0.812
6134.375	0.811
6134.532	0.809
6134.713	0.809
6134.870	0.809
6135.027	0.809
6135.208	0.809
6135.365	0.809
6135.547	0.809
6135.703	0.804
6135.860	0.806
6136.042	0.804
6136.198	0.805
6136.380	0.804
6136.537	0.801
6136.693	0.800
6136.875	0.799
6137.032	0.799
6137.213	0.799
6137.370	0.799
6137.527	0.799
6137.708	0.799
6137.865	0.799
6138.047	0.798
6138.203	0.799
6138.360	0.799
6138.542	0.797
6138.698	0.797
6138.880	0.796
6139.037	0.794
6139.193	0.794
6139.375	0.794
6139.532	0.794
6139.713	0.794
6139.870	0.794
6140.027	0.793
6140.208	0.791
6140.365	0.790
6140.547	0.788
6140.703	0.788
6140.860	0.788
6141.042	0.788
6141.198	0.788
6141.380	0.787
6141.537	0.784
6141.693	0.784
6141.875	0.783
6142.032	0.783
6142.213	0.783
6142.370	0.783
6142.527	0.783
6142.708	0.783
6142.865	0.783
6143.047	0.781
6143.203	0.781
6143.360	0.778
6143.542	0.778
6143.698	0.778
6143.880	0.778
6144.037	0.778
6144.193	0.778
6144.375	0.778
6144.532	0.777
6144.713	0.777
6144.870	0.775
6145.027	0.776
6145.208	0.773
6145.365	0.773
6145.547	0.773
6145.703	0.773
6145.860	0.773
6146.042	0.773
6146.198	0.773
6146.380	0.771
6146.537	0.771
6146.693	0.771
6146.875	0.769
6147.032	0.769
6147.213	0.768
6147.370	0.768
6147.527	0.768
6147.708	0.768
6147.865	0.768
6148.047	0.767
6148.203	0.768
6148.360	0.767
6148.542	0.766
6148.698	0.766
6148.880	0.764
6149.037	0.763
6149.193	0.763
6149.375	0.761
6149.532	0.760
6149.713	0.760
6149.870	0.760
6150.027	0.759
6150.208	0.758
6150.365	0.758
6150.547	0.758
6150.703	0.758
6150.860	0.758
6151.042	0.758
6151.198	0.757
6151.380	0.756
6151.537	0.754
6151.693	0.753
6151.875	0.753
6152.032	0.754
6152.213	0.753
6152.370	0.753
6152.527	0.753
6152.708	0.753
6152.865	0.753
6153.047	0.753
6153.203	0.752
6153.360	0.749
6153.542	0.749
6153.698	0.748
6153.880	0.748
6154.037	0.748
6154.193	0.748
6154.375	0.748
6154.532	0.747
6154.713	0.744
6154.870	0.747
6155.027	0.747
6155.208	0.743
6155.365	0.743
6155.547	0.743
6155.703	0.743
6155.860	0.742
6156.042	0.743
6156.198	0.743
6156.380	0.743
6156.537	0.743
6156.693	0.739
6156.875	0.738
6157.032	0.738
6157.213	0.738
6157.370	0.738
6157.527	0.738
6157.708	0.738
6157.865	0.738
6158.047	0.738
6158.203	0.736
6158.360	0.737
6158.542	0.736
6158.698	0.734
6158.880	0.733
6159.037	0.732
6159.193	0.732
6159.375	0.732
6159.532	0.732
6159.713	0.732
6159.870	0.732
6160.027	0.729
6160.208	0.729
6160.365	0.727
6160.520	0.727
6160.703	0.727
6160.860	0.727
6161.042	0.727
6161.198	0.727
6161.380	0.727
6161.537	0.727
6161.693	0.727
6161.875	0.727
6162.032	0.727
6162.187	0.726
6162.370	0.725
6162.527	0.722
6162.708	0.722
6162.865	0.722
6163.020	0.722
6163.203	0.721
6163.360	0.721
6163.542	0.719
6163.698	0.718
6163.880	0.717
6164.037	0.717
6164.193	0.717
6164.375	0.717
6164.532	0.717
6164.713	0.717
6164.870	0.717
6165.027	0.717
6165.208	0.716
6165.365	0.715
6165.547	0.713
6165.703	0.712
6165.860	0.712
6166.042	0.712
6166.198	0.712
6166.380	0.712
6166.537	0.712
6166.693	0.710
6166.875	0.709
6167.032	0.709
6167.213	0.708
6167.370	0.707
6167.527	0.707
6167.708	0.707
6167.865	0.705
6168.047	0.706
6168.203	0.704
6168.360	0.704
6168.542	0.703
6168.698	0.702
6168.880	0.702
6169.037	0.702
6169.193	0.702
6169.375	0.701
6169.532	0.701
6169.713	0.698
6169.870	0.698
6170.027	0.698
6170.208	0.697
6170.365	0.697
6170.547	0.697
6170.703	0.697
6170.860	0.697
6171.042	0.697
6171.198	0.697
6171.380	0.693
6171.537	0.692
6171.693	0.692
6171.875	0.692
6172.032	0.692
6172.213	0.692
6172.370	0.692
6172.527	0.691
6172.708	0.692
6172.865	0.688
6173.047	0.689
6173.203	0.687
6173.360	0.687
6173.542	0.687
6173.698	0.687
6173.880	0.687
6174.037	0.686
6174.193	0.686
6174.375	0.686
6174.532	0.682
6174.713	0.681
6174.870	0.681
6175.027	0.681
6175.208	0.681
6175.365	0.681
6175.547	0.681
6175.703	0.680
6175.860	0.680
6176.042	0.677
6176.198	0.676
6176.380	0.676
6176.537	0.676
6176.693	0.676
6176.875	0.676
6177.032	0.675
6177.213	0.676
6177.370	0.676
6177.527	0.676
6177.708	0.673
6177.865	0.675
6178.047	0.673
6178.203	0.674
6178.360	0.671
6178.542	0.671
6178.698	0.671
6178.854	0.671
6179.037	0.671
6179.193	0.671
6179.375	0.671
6179.532	0.670
6179.713	0.669
6179.870	0.670
6180.027	0.669
6180.208	0.666
6180.365	0.666
6180.547	0.666
6180.703	0.666
6180.860	0.666
6181.042	0.666
6181.198	0.666
6181.380	0.664
6181.537	0.661
6181.693	0.662
6181.875	0.661
6182.032	0.661
6182.213	0.661
6182.370	0.661
6182.527	0.661
6182.708	0.660
6182.865	0.660
6183.047	0.658
6183.203	0.656
6183.360	0.657
6183.542	0.656
6183.698	0.656
6183.880	0.656
6184.037	0.656
6184.193	0.656
6184.375	0.656
6184.532	0.656
6184.713	0.656
6184.870	0.656
6185.027	0.656
6185.208	0.656
6185.365	0.656
6185.547	0.653
6185.703	0.653
6185.860	0.652
6186.042	0.652
6186.198	0.652
6186.380	0.651
6186.537	0.652
6186.693	0.651
6186.875	0.651
6187.032	0.651
6187.213	0.651
6187.370	0.651
6187.527	0.650
6187.708	0.647
6187.865	0.647
6188.047	0.646
6188.203	0.646
6188.360	0.646
6188.542	0.646
6188.698	0.646
6188.880	0.646
6189.037	0.646
6189.193	0.643
6189.375	0.643
6189.532	0.641
6189.713	0.641
6189.870	0.641
6190.027	0.641
6190.208	0.641
6190.365	0.641
6190.547	0.640
6190.703	0.639
6190.860	0.640
6191.042	0.636
6191.198	0.636
6191.380	0.636
6191.537	0.636
6191.693	0.636
6191.875	0.636
6192.032	0.636
6192.187	0.636
6192.370	0.636
6192.527	0.636
6192.708	0.636
6192.865	0.635
6193.047	0.636
6193.203	0.631
6193.360	0.630
6193.542	0.630
6193.698	0.630
6193.880	0.630
6194.037	0.630
6194.193	0.630
6194.375	0.630
6194.532	0.630
6194.713	0.628
6194.870	0.628
6195.027	0.625
6195.208	0.625
6195.365	0.625
6195.547	0.625
6195.703	0.625
6195.860	0.625
6196.042	0.624
6196.198	0.625
6196.380	0.622
6196.537	0.621
6196.693	0.621
6196.875	0.620
6197.032	0.620
6197.213	0.620
6197.370	0.620
6197.527	0.620
6197.708	0.620
6197.865	0.620
6198.047	0.616
6198.203	0.616
6198.360	0.616
6198.542	0.616
6198.698	0.615
6198.854	0.615
6199.037	0.615
6199.193	0.615
6199.375	0.615
6199.532	0.615
6199.713	0.615
6199.870	0.615
6200.027	0.614
6200.208	0.612
6200.365	0.610
6200.547	0.612
6200.703	0.610
6200.860	0.610
6201.042	0.611
6201.198	0.610
6201.380	0.610
6201.537	0.610
6201.693	0.608
6201.875	0.607
6202.032	0.606
6202.213	0.607
6202.370	0.605
6202.527	0.606
6202.708	0.605
6202.865	0.605
6203.047	0.605
6203.203	0.605
6203.360	0.605
6203.542	0.604
6203.698	0.605
6203.880	0.603
6204.037	0.602
6204.193	0.602
6204.375	0.601
6204.532	0.600
6204.713	0.600
6204.870	0.599
6205.027	0.597
6205.208	0.597
6205.365	0.595
6205.547	0.595
6205.703	0.595
6205.860	0.595
6206.042	0.595
6206.198	0.595
6206.380	0.595
6206.537	0.594
6206.693	0.595
6206.875	0.595
6207.032	0.591
6207.213	0.592
6207.370	0.590
6207.527	0.590
6207.708	0.590
6207.865	0.590
6208.020	0.590
6208.203	0.590
6208.360	0.590
6208.542	0.590
6208.698	0.590
6208.854	0.586
6209.037	0.585
6209.193	0.585
6209.375	0.585
6209.532	0.585
6209.687	0.585
6209.870	0.585
6210.027	0.585
6210.208	0.584
6210.365	0.583
6210.520	0.581
6210.703	0.582
6210.860	0.579
6211.042	0.579
6211.198	0.579
6211.354	0.579
6211.537	0.579
6211.693	0.579
6211.875	0.578
6212.032	0.576
6212.187	0.574
6212.370	0.575
6212.527	0.574
6212.708	0.574
6212.865	0.574
6213.020	0.574
6213.203	0.574
6213.360	0.574
6213.542	0.574
6213.698	0.574
6213.854	0.574
6214.037	0.574
6214.193	0.574
6214.375	0.572
6214.532	0.569
6214.687	0.571
6214.870	0.570
6215.027	0.569
6215.208	0.569
6215.365	0.569
6215.520	0.569
6215.703	0.569
6215.860	0.569
6216.042	0.569
6216.198	0.567
6216.354	0.566
6216.537	0.565
6216.693	0.565
6216.875	0.564
6217.032	0.564
6217.187	0.564
6217.370	0.564
6217.527	0.564
6217.708	0.563
6217.865	0.564
6218.020	0.563
6218.203	0.563
6218.360	0.562
6218.542	0.562
6218.698	0.560
6218.854	0.560
6219.037	0.559
6219.193	0.559
6219.375	0.558
6219.532	0.559
6219.687	0.557
6219.870	0.557
6220.027	0.556
6220.208	0.554
6220.365	0.555
6220.520	0.554
6220.703	0.554
6220.860	0.554
6221.042	0.554
6221.198	0.554
6221.354	0.554
6221.537	0.554
6221.693	0.554
6221.875	0.554
6222.032	0.554
6222.187	0.554
6222.370	0.551
6222.527	0.551
6222.708	0.549
6222.865	0.549
6223.020	0.549
6223.203	0.549
6223.360	0.549
6223.542	0.549
6223.698	0.549
6223.854	0.549
6224.037	0.549
6224.193	0.547
6224.375	0.547
6224.532	0.545
6224.687	0.545
6224.870	0.545
6225.027	0.545
6225.208	0.544
6225.365	0.544
6225.520	0.544
6225.703	0.544
6225.860	0.544
6226.042	0.544
6226.198	0.544
6226.354	0.542
6226.537	0.543
6226.693	0.540
6226.875	0.541
6227.032	0.539
6227.187	0.539
6227.370	0.539
6227.527	0.539
6227.708	0.539
6227.865	0.538
6228.020	0.539
6228.203	0.539
6228.360	0.537
6228.542	0.535
6228.698	0.534
6228.854	0.535
6229.037	0.534
6229.193	0.534
6229.375	0.534
6229.532	0.534
6229.687	0.534
6229.870	0.534
6230.027	0.534
6230.208	0.534
6230.365	0.530
6230.520	0.534
6230.703	0.529
6230.860	0.529
6231.042	0.528
6231.198	0.529
6231.354	0.528
6231.537	0.528
6231.693	0.528
6231.875	0.528
6232.032	0.528
6232.187	0.528
6232.370	0.528
6232.527	0.528
6232.708	0.528
6232.865	0.528
6233.020	0.523
6233.203	0.523
6233.360	0.523
6233.542	0.523
6233.698	0.523
6233.854	0.523
6234.037	0.523
6234.193	0.523
6234.375	0.523
6234.532	0.523
6234.687	0.523
6234.870	0.522
6235.027	0.523
6235.208	0.520
6235.365	0.522
6235.520	0.519
6235.703	0.518
6235.860	0.518
6236.042	0.518
6236.198	0.518
6236.354	0.518
6236.537	0.518
6236.693	0.517
6236.875	0.517
6237.032	0.517
6237.187	0.515
6237.370	0.514
6237.527	0.513
6237.708	0.513
6237.865	0.514
6238.020	0.513
6238.203	0.513
6238.360	0.513
6238.542	0.513
6238.698	0.513
6238.854	0.513
6239.037	0.512
6239.193	0.511
6239.375	0.511
6239.532	0.508
6239.687	0.508
6239.870	0.508
6240.027	0.509
6240.208	0.508
6240.365	0.508
6240.520	0.508
6240.703	0.508
6240.860	0.508
6241.042	0.508
6241.198	0.506
6241.354	0.506
6241.537	0.506
6241.693	0.504
6241.875	0.503
6242.032	0.503
6242.187	0.503
6242.370	0.503
6242.527	0.503
6242.708	0.503
6242.865	0.502
6243.020	0.503
6243.203	0.499
6243.360	0.499
6243.542	0.500
6243.698	0.498
6243.854	0.498
6244.037	0.498
6244.193	0.498
6244.375	0.498
6244.532	0.498
6244.687	0.498
6244.870	0.498
6245.027	0.497
6245.208	0.496
6245.365	0.493
6245.520	0.494
6245.703	0.494
6245.860	0.493
6246.042	0.493
6246.198	0.493
6246.354	0.493
6246.537	0.493
6246.693	0.493
6246.875	0.493
6247.032	0.493
6247.187	0.493
6247.370	0.493
6247.527	0.492
6247.708	0.493
6247.865	0.490
6248.020	0.490
6248.203	0.489
6248.360	0.488
6248.542	0.488
6248.698	0.488
6248.854	0.488
6249.037	0.488
6249.193	0.488
6249.375	0.487
6249.532	0.488
6249.687	0.487
6249.843	0.485
6250.027	0.484
6250.208	0.483
6250.365	0.483
6250.520	0.483
6250.703	0.483
6250.860	0.483
6251.042	0.483
6251.198	0.483
6251.354	0.483
6251.537	0.482
6251.693	0.483
6251.875	0.483
6252.032	0.480
6252.187	0.478
6252.370	0.479
6252.527	0.477
6252.708	0.477
6252.865	0.477
6253.020	0.477
6253.203	0.477
6253.360	0.477
6253.542	0.476
6253.698	0.475
6253.854	0.473
6254.037	0.472
6254.193	0.472
6254.375	0.472
6254.532	0.472
6254.687	0.472
6254.870	0.472
6255.027	0.472
6255.208	0.472
6255.365	0.472
6255.520	0.472
6255.703	0.472
6255.860	0.472
6256.042	0.472
6256.198	0.472
6256.354	0.470
6256.537	0.471
6256.693	0.471
6256.875	0.469
6257.032	0.469
6257.187	0.468
6257.370	0.467
6257.527	0.467
6257.708	0.467
6257.865	0.467
6258.020	0.467
6258.203	0.466
6258.360	0.467
6258.542	0.467
6258.698	0.466
6258.854	0.466
6259.037	0.465
6259.193	0.465
6259.375	0.462
6259.532	0.463
6259.687	0.463
6259.870	0.462
6260.027	0.462
6260.208	0.462
6260.365	0.462
6260.520	0.462
6260.703	0.462
6260.860	0.462
6261.042	0.460
6261.198	0.459
6261.354	0.458
6261.537	0.458
6261.693	0.457
6261.875	0.458
6262.032	0.457
6262.187	0.457
6262.370	0.457
6262.527	0.457
6262.708	0.457
6262.865	0.456
6263.020	0.455
6263.203	0.456
6263.360	0.454
6263.542	0.453
6263.698	0.452
6263.854	0.453
6264.037	0.452
6264.193	0.452
6264.375	0.452
6264.532	0.452
6264.687	0.452
6264.870	0.452
6265.027	0.452
6265.208	0.452
6265.365	0.452
6265.520	0.452
6265.703	0.452
6265.860	0.452
6266.042	0.450
6266.198	0.448
6266.354	0.449
6266.537	0.447
6266.693	0.447
6266.875	0.447
6267.032	0.447
6267.187	0.447
6267.370	0.447
6267.527	0.447
6267.708	0.447
6267.865	0.447
6268.020	0.447
6268.203	0.447
6268.360	0.446
6268.542	0.443
6268.698	0.445
6268.854	0.443
6269.037	0.443
6269.193	0.443
6269.375	0.442
6269.532	0.442
6269.687	0.442
6269.870	0.442
6270.027	0.442
6270.208	0.442
6270.365	0.442
6270.520	0.442
6270.703	0.442
6270.860	0.442
6271.042	0.441
6271.198	0.438
6271.354	0.440
6271.537	0.437
6271.693	0.437
6271.875	0.437
6272.032	0.437
6272.187	0.437
6272.370	0.437
6272.527	0.437
6272.708	0.435
6272.865	0.436
6273.020	0.432
6273.203	0.433
6273.360	0.432
6273.542	0.432
6273.698	0.432
6273.854	0.432
6274.037	0.432
6274.193	0.432
6274.375	0.432
6274.532	0.432
6274.687	0.432
6274.870	0.432
6275.027	0.432
6275.208	0.432
6275.365	0.432
6275.520	0.432
6275.703	0.432
6275.860	0.431
6276.042	0.428
6276.198	0.429
6276.354	0.427
6276.537	0.426
6276.693	0.426
6276.875	0.426
6277.032	0.426
6277.187	0.426
6277.370	0.426
6277.527	0.426
6277.708	0.426
6277.865	0.426
6278.020	0.426
6278.203	0.426
6278.360	0.422
6278.542	0.424
6278.698	0.423
6278.854	0.422
6279.037	0.421
6279.193	0.421
6279.375	0.421
6279.532	0.421
6279.687	0.421
6279.870	0.421
6280.027	0.421
6280.208	0.421
6280.365	0.421
6280.520	0.421
6280.703	0.420
6280.860	0.419
6281.042	0.416
6281.198	0.418
6281.354	0.417
6281.537	0.417
6281.693	0.416
6281.875	0.416
6282.032	0.416
6282.187	0.416
6282.370	0.416
6282.527	0.416
6282.708	0.415
6282.865	0.415
6283.020	0.413
6283.203	0.413
6283.360	0.412
6283.542	0.411
6283.698	0.411
6283.854	0.411
6284.037	0.412
6284.193	0.411
6284.348	0.411
6284.532	0.411
6284.687	0.411
6284.870	0.411
6285.027	0.411
6285.208	0.410
6285.365	0.411
6285.520	0.409
6285.703	0.409
6285.860	0.406
6286.042	0.406
6286.198	0.406
6286.354	0.406
6286.537	0.406
6286.693	0.406
6286.875	0.406
6287.032	0.406
6287.187	0.406
6287.370	0.406
6287.527	0.406
6287.708	0.406
6287.865	0.404
6288.020	0.404
6288.203	0.402
6288.360	0.403
6288.542	0.401
6288.698	0.401
6288.854	0.401
6289.037	0.401
6289.193	0.401
6289.348	0.401
6289.532	0.401
6289.687	0.401
6289.870	0.401
6290.027	0.401
6290.182	0.401
6290.365	0.400
6290.520	0.398
6290.703	0.399
6290.860	0.398
6291.015	0.398
6291.198	0.398
6291.354	0.397
6291.537	0.396
6291.693	0.396
6291.848	0.396
6292.032	0.396
6292.187	0.396
6292.370	0.394
6292.527	0.393
6292.682	0.393
6292.865	0.393
6293.020	0.392
6293.203	0.391
6293.360	0.391
6293.515	0.391
6293.698	0.391
6293.854	0.391
6294.037	0.391
6294.193	0.391
6294.348	0.391
6294.532	0.391
6294.687	0.391
6294.870	0.391
6295.027	0.391
6295.182	0.391
6295.365	0.390
6295.520	0.390
6295.703	0.391
6295.860	0.389
6296.042	0.387
6296.198	0.386
6296.354	0.386
6296.537	0.386
6296.693	0.387
6296.875	0.386
6297.032	0.386
6297.187	0.386
6297.370	0.386
6297.527	0.386
6297.708	0.385
6297.865	0.386
6298.020	0.385
6298.203	0.383
6298.360	0.382
6298.515	0.382
6298.698	0.381
6298.854	0.381
6299.037	0.381
6299.193	0.381
6299.348	0.381
6299.532	0.381
6299.687	0.381
6299.870	0.379
6300.027	0.380
6300.182	0.380
6300.365	0.377
6300.520	0.378
6300.703	0.376
6300.860	0.377
6301.042	0.376
6301.198	0.377
6301.354	0.376
6301.537	0.376
6301.693	0.376
6301.875	0.376
6302.032	0.376
6302.187	0.376
6302.370	0.376
6302.527	0.375
6302.682	0.375
6302.865	0.374
6303.020	0.373
6303.203	0.371
6303.360	0.370
6303.542	0.370
6303.698	0.370
6303.854	0.370
6304.037	0.370
6304.193	0.370
6304.348	0.370
6304.532	0.370
6304.687	0.370
6304.870	0.370
6305.027	0.370
6305.182	0.370
6305.365	0.370
6305.520	0.367
6305.703	0.365
6305.860	0.365
6306.015	0.366
6306.198	0.365
6306.354	0.366
6306.537	0.365
6306.693	0.365
6306.848	0.365
6307.032	0.365
6307.187	0.365
6307.370	0.365
6307.527	0.365
6307.682	0.365
6307.865	0.365
6308.020	0.365
6308.203	0.365
6308.360	0.364
6308.542	0.362
6308.698	0.364
6308.854	0.361
6309.037	0.360
6309.193	0.360
6309.348	0.360
6309.532	0.360
6309.687	0.360
6309.870	0.360
6310.027	0.360
6310.208	0.360
6310.365	0.360
6310.520	0.359
6310.703	0.359
6310.860	0.358
6311.015	0.356
6311.198	0.357
6311.354	0.355
6311.537	0.357
6311.693	0.355
6311.848	0.355
6312.032	0.355
6312.187	0.355
6312.370	0.355
6312.527	0.355
6312.682	0.355
6312.865	0.354
6313.020	0.354
6313.203	0.352
6313.360	0.352
6313.515	0.351
6313.698	0.351
6313.854	0.350
6314.037	0.350
6314.193	0.350
6314.375	0.350
6314.532	0.350
6314.687	0.350
6314.870	0.350
6315.027	0.350
6315.208	0.350
6315.365	0.350
6315.520	0.350
6315.703	0.350
6315.860	0.350
6316.042	0.349
6316.198	0.348
6316.354	0.348
6316.537	0.345
6316.693	0.345
6316.875	0.346
6317.032	0.345
6317.187	0.345
6317.370	0.345
6317.527	0.345
6317.682	0.345
6317.865	0.345
6318.020	0.345
6318.203	0.345
6318.360	0.345
6318.515	0.345
6318.698	0.342
6318.854	0.344
6319.037	0.342
6319.193	0.342
6319.348	0.341
6319.532	0.341
6319.687	0.341
6319.870	0.340
6320.027	0.340
6320.182	0.340
6320.365	0.340
6320.520	0.340
6320.703	0.340
6320.860	0.340
6321.015	0.340
6321.198	0.340
6321.354	0.340
6321.537	0.339
6321.693	0.336
6321.848	0.336
6322.032	0.335
6322.187	0.337
6322.370	0.335
6322.527	0.335
6322.682	0.335
6322.865	0.335
6323.020	0.335
6323.203	0.335
6323.360	0.335
6323.515	0.335
6323.698	0.335
6323.854	0.334
6324.037	0.335
6324.193	0.332
6324.348	0.331
6324.532	0.330
6324.687	0.333
6324.870	0.330
6325.027	0.330
6325.182	0.330
6325.365	0.330
6325.520	0.330
6325.703	0.330
6325.860	0.330
6326.015	0.330
6326.198	0.330
6326.354	0.330
6326.537	0.330
6326.693	0.330
6326.848	0.330
6327.032	0.330
6327.187	0.330
6327.370	0.328
6327.527	0.328
6327.682	0.326
6327.865	0.326
6328.020	0.325
6328.203	0.326
6328.360	0.325
6328.515	0.325
6328.698	0.325
6328.854	0.325
6329.037	0.325
6329.193	0.325
6329.348	0.325
6329.532	0.325
6329.687	0.325
6329.870	0.325
6330.027	0.325
6330.182	0.325
6330.365	0.324
6330.520	0.325
6330.703	0.322
6330.860	0.319
6331.015	0.320
6331.198	0.319
6331.354	0.319
6331.537	0.319
6331.693	0.320
6331.848	0.320
6332.032	0.319
6332.187	0.319
6332.370	0.319
6332.527	0.319
6332.682	0.319
6332.865	0.319
6333.020	0.319
6333.203	0.319
6333.360	0.319
6333.515	0.319
6333.698	0.318
6333.854	0.315
6334.037	0.318
6334.193	0.316
6334.348	0.315
6334.532	0.315
6334.687	0.314
6334.870	0.314
6335.027	0.314
6335.182	0.314
6335.365	0.314
6335.520	0.314
6335.703	0.314
6335.860	0.314
6336.015	0.313
6336.198	0.313
6336.354	0.312
6336.537	0.313
6336.693	0.312
6336.848	0.311
6337.032	0.310
6337.187	0.309
6337.370	0.309
6337.527	0.309
6337.682	0.309
6337.865	0.309
6338.020	0.309
6338.203	0.309
6338.360	0.309
6338.515	0.309
6338.698	0.309
6338.854	0.309
6339.037	0.309
6339.193	0.309
6339.348	0.309
6339.532	0.309
6339.687	0.308
6339.870	0.308
6340.027	0.308
6340.182	0.309
6340.365	0.307
6340.520	0.306
6340.703	0.306
6340.860	0.304
6341.015	0.304
6341.198	0.304
6341.354	0.304
6341.537	0.304
6341.693	0.304
6341.848	0.304
6342.032	0.304
6342.187	0.304
6342.370	0.304
6342.527	0.303
6342.682	0.302
6342.865	0.302
6343.020	0.302
6343.203	0.301
6343.360	0.300
6343.515	0.300
6343.698	0.299
6343.854	0.299
6344.037	0.299
6344.193	0.299
6344.348	0.299
6344.532	0.299
6344.687	0.299
6344.870	0.299
6345.027	0.299
6345.182	0.298
6345.365	0.299
6345.520	0.297
6345.703	0.297
6345.860	0.295
6346.015	0.297
6346.198	0.295
6346.354	0.295
6346.537	0.294
6346.693	0.294
6346.848	0.294
6347.032	0.295
6347.187	0.294
6347.370	0.294
6347.527	0.294
6347.682	0.294
6347.865	0.294
6348.020	0.294
6348.203	0.294
6348.360	0.293
6348.515	0.291
6348.698	0.291
6348.854	0.290
6349.037	0.290
6349.193	0.290
6349.348	0.289
6349.532	0.289
6349.687	0.289
6349.870	0.289
6350.027	0.290
6350.182	0.289
6350.365	0.289
6350.520	0.289
6350.703	0.289
6350.860	0.289
6351.015	0.289
6351.198	0.289
6351.354	0.289
6351.537	0.289
6351.693	0.289
6351.848	0.289
6352.032	0.289
6352.187	0.288
6352.370	0.289
6352.527	0.287
6352.682	0.286
6352.865	0.285
6353.020	0.285
6353.203	0.284
6353.360	0.284
6353.515	0.285
6353.698	0.284
6353.854	0.285
6354.037	0.284
6354.193	0.284
6354.348	0.284
6354.532	0.284
6354.687	0.284
6354.870	0.284
6355.027	0.283
6355.182	0.284
6355.365	0.282
6355.520	0.284
6355.703	0.281
6355.860	0.281
6356.015	0.280
6356.198	0.280
6356.354	0.279
6356.537	0.279
6356.693	0.279
6356.848	0.279
6357.032	0.279
6357.187	0.279
6357.370	0.279
6357.527	0.279
6357.682	0.279
6357.865	0.279
6358.020	0.279
6358.203	0.279
6358.360	0.279
6358.515	0.276
6358.698	0.276
6358.854	0.278
6359.037	0.274
6359.193	0.274
6359.348	0.277
6359.532	0.274
6359.687	0.274
6359.870	0.274
6360.027	0.275
6360.182	0.274
6360.365	0.274
6360.520	0.274
6360.703	0.274
6360.860	0.274
6361.015	0.274
6361.198	0.274
6361.354	0.274
6361.537	0.271
6361.693	0.270
6361.848	0.271
6362.032	0.270
6362.187	0.270
6362.370	0.269
6362.527	0.268
6362.682	0.268
6362.865	0.268
6363.020	0.268
6363.203	0.268
6363.360	0.268
6363.515	0.268
6363.698	0.268
6363.854	0.268
6364.037	0.268
6364.193	0.268
6364.348	0.268
6364.532	0.268
6364.687	0.268
6364.870	0.266
6365.027	0.266
6365.182	0.264
6365.365	0.264
6365.520	0.263
6365.677	0.263
6365.860	0.263
6366.015	0.263
6366.198	0.263
6366.354	0.263
6366.510	0.263
6366.693	0.263
6366.848	0.263
6367.032	0.263
6367.187	0.263
6367.370	0.263
6367.527	0.263
6367.682	0.263
6367.865	0.263
6368.020	0.263
6368.203	0.262
6368.360	0.262
6368.515	0.262
6368.698	0.260
6368.854	0.260
6369.037	0.259
6369.193	0.259
6369.348	0.259
6369.532	0.259
6369.687	0.258
6369.843	0.258
6370.027	0.258
6370.182	0.258
6370.365	0.258
6370.520	0.258
6370.703	0.258
6370.860	0.258
6371.015	0.258
6371.198	0.257
6371.354	0.258
6371.537	0.258
6371.693	0.256
6371.848	0.255
6372.032	0.254
6372.187	0.256
6372.370	0.253
6372.527	0.253
6372.682	0.254
6372.865	0.253
6373.020	0.253
6373.177	0.253
6373.360	0.253
6373.515	0.253
6373.698	0.253
6373.854	0.253
6374.010	0.253
6374.193	0.253
6374.348	0.253
6374.532	0.253
6374.687	0.253
6374.870	0.252
6375.027	0.251
6375.182	0.248
6375.365	0.249
6375.520	0.249
6375.677	0.250
6375.860	0.248
6376.015	0.248
6376.198	0.248
6376.354	0.248
6376.537	0.248
6376.693	0.248
6376.848	0.248
6377.032	0.248
6377.187	0.248
6377.370	0.248
6377.527	0.248
6377.682	0.248
6377.865	0.248
6378.020	0.248
6378.203	0.248
6378.360	0.248
6378.515	0.248
6378.698	0.248
6378.854	0.248
6379.010	0.247
6379.167	0.245
6379.348	0.246
6379.532	0.245
6379.687	0.246
6379.870	0.243
6380.027	0.244
6380.182	0.243
6380.365	0.243
6380.520	0.243
6380.703	0.243
6380.860	0.243
6381.015	0.243
6381.198	0.243
6381.354	0.243
6381.537	0.242
6381.693	0.243
6381.848	0.242
6382.032	0.242
6382.187	0.242
6382.343	0.240
6382.527	0.241
6382.682	0.240
6382.865	0.240
6383.020	0.239
6383.203	0.239
6383.360	0.239
6383.515	0.238
6383.698	0.239
6383.854	0.238
6384.037	0.238
6384.193	0.238
6384.348	0.238
6384.532	0.238
6384.687	0.238
6384.843	0.238
6385.027	0.238
6385.182	0.238
6385.365	0.238
6385.520	0.238
6385.677	0.235
6385.860	0.238
6386.015	0.236
6386.198	0.236
6386.354	0.234
6386.510	0.233
6386.693	0.235
6386.848	0.233
6387.032	0.233
6387.187	0.233
6387.343	0.233
6387.527	0.234
6387.682	0.233
6387.865	0.233
6388.020	0.233
6388.203	0.233
6388.360	0.230
6388.515	0.233
6388.698	0.229
6388.854	0.229
6389.037	0.229
6389.193	0.230
6389.348	0.228
6389.532	0.228
6389.687	0.228
6389.843	0.229
6390.027	0.228
6390.182	0.228
6390.365	0.228
6390.520	0.228
6390.703	0.228
6390.860	0.228
6391.015	0.228
6391.198	0.228
6391.354	0.228
6391.537	0.228
6391.693	0.228
6391.848	0.228
6392.032	0.228
6392.187	0.228
6392.343	0.228
6392.527	0.228
6392.682	0.228
6392.865	0.228
6393.020	0.227
6393.177	0.226
6393.360	0.226
6393.515	0.226
6393.698	0.227
6393.854	0.226
6394.010	0.224
6394.193	0.223
6394.348	0.223
6394.532	0.223
6394.687	0.223
6394.870	0.223
6395.027	0.223
6395.182	0.223
6395.365	0.223
6395.520	0.223
6395.677	0.223
6395.860	0.223
6396.015	0.223
6396.198	0.223
6396.354	0.223
6396.510	0.222
6396.693	0.221
6396.848	0.221
6397.032	0.221
6397.187	0.220
6397.370	0.217
6397.527	0.218
6397.682	0.217
6397.865	0.217
6398.020	0.217
6398.177	0.217
6398.360	0.217
6398.515	0.217
6398.698	0.217
6398.854	0.217
6399.010	0.217
6399.193	0.217
6399.348	0.217
6399.532	0.216
6399.687	0.217
6399.843	0.215
6400.027	0.214
6400.182	0.212
6400.365	0.213
6400.520	0.212
6400.703	0.213
6400.860	0.212
6401.015	0.212
6401.198	0.212
6401.354	0.212
6401.510	0.212
6401.693	0.212
6401.848	0.212
6402.032	0.212
6402.187	0.212
6402.343	0.212
6402.527	0.212
6402.682	0.212
6402.865	0.212
6403.020	0.212
6403.177	0.211
6403.360	0.211
6403.515	0.209
6403.698	0.210
6403.854	0.209
6404.010	0.207
6404.193	0.208
6404.348	0.207
6404.532	0.207
6404.687	0.207
6404.843	0.207
6405.027	0.207
6405.182	0.207
6405.365	0.207
6405.520	0.207
6405.677	0.207
6405.860	0.207
6406.015	0.207
6406.198	0.207
6406.354	0.207
6406.510	0.207
6406.693	0.206
6406.848	0.204
6407.032	0.205
6407.187	0.204
6407.343	0.205
6407.527	0.205
6407.682	0.204
6407.865	0.202
6408.020	0.204
6408.177	0.203
6408.360	0.202
6408.515	0.202
6408.698	0.202
6408.854	0.202
6409.010	0.202
6409.193	0.202
6409.348	0.202
6409.532	0.202
6409.687	0.202
6409.843	0.202
6410.027	0.202
6410.182	0.202
6410.365	0.202
6410.520	0.202
6410.677	0.202
6410.860	0.201
6411.015	0.202
6411.198	0.202
6411.354	0.200
6411.510	0.201
6411.693	0.200
6411.848	0.200
6412.032	0.197
6412.187	0.199
6412.343	0.197
6412.527	0.197
6412.682	0.197
6412.865	0.197
6413.020	0.197
6413.177	0.197
6413.360	0.197
6413.515	0.197
6413.698	0.197
6413.854	0.197
6414.010	0.197
6414.193	0.197
6414.348	0.197
6414.532	0.197
6414.687	0.196
6414.843	0.196
6415.027	0.197
6415.182	0.196
6415.365	0.195
6415.520	0.195
6415.677	0.193
6415.860	0.194
6416.015	0.193
6416.198	0.192
6416.354	0.192
6416.510	0.192
6416.693	0.192
6416.848	0.192
6417.032	0.192
6417.187	0.192
6417.343	0.192
6417.527	0.192
6417.682	0.190
6417.865	0.192
6418.020	0.189
6418.177	0.189
6418.360	0.191
6418.515	0.189
6418.698	0.189
6418.854	0.189
6419.010	0.188
6419.193	0.187
6419.348	0.188
6419.532	0.187
6419.687	0.187
6419.843	0.187
6420.027	0.187
6420.182	0.187
6420.365	0.187
6420.520	0.187
6420.677	0.187
6420.860	0.187
6421.015	0.187
6421.198	0.187
6421.354	0.187
6421.510	0.187
6421.693	0.186
6421.848	0.187
6422.032	0.187
6422.187	0.186
6422.343	0.185
6422.527	0.186
6422.682	0.184
6422.865	0.183
6423.020	0.183
6423.177	0.182
6423.360	0.182
6423.515	0.183
6423.698	0.182
6423.854	0.182
6424.010	0.182
6424.193	0.182
6424.348	0.182
6424.532	0.182
6424.687	0.182
6424.843	0.182
6425.027	0.182
6425.182	0.182
6425.365	0.182
6425.520	0.182
6425.677	0.182
6425.833	0.182
6426.015	0.182
6426.198	0.181
6426.354	0.181
6426.510	0.181
6426.693	0.180
6426.848	0.178
6427.032	0.180
6427.187	0.177
6427.343	0.178
6427.527	0.178
6427.682	0.178
6427.865	0.177
6428.020	0.177
6428.177	0.177
6428.360	0.177
6428.515	0.177
6428.698	0.177
6428.854	0.177
6429.010	0.177
6429.193	0.177
6429.348	0.177
6429.532	0.177
6429.687	0.177
6429.843	0.177
6430.027	0.177
6430.182	0.175
6430.365	0.176
6430.520	0.174
6430.677	0.174
6430.860	0.174
6431.015	0.175
6431.198	0.173
6431.354	0.173
6431.510	0.172
6431.693	0.172
6431.848	0.172
6432.032	0.172
6432.187	0.172
6432.343	0.172
6432.527	0.172
6432.682	0.172
6432.865	0.172
6433.020	0.172
6433.177	0.172
6433.360	0.172
6433.515	0.172
6433.698	0.172
6433.854	0.172
6434.010	0.172
6434.193	0.172
6434.348	0.171
6434.532	0.170
6434.687	0.168
6434.843	0.170
6435.027	0.171
6435.182	0.168
6435.365	0.168
6435.520	0.166
6435.677	0.166
6435.860	0.167
6436.015	0.169
6436.198	0.166
6436.354	0.166
6436.510	0.166
6436.693	0.166
6436.848	0.166
6437.032	0.166
6437.187	0.166
6437.343	0.166
6437.527	0.166
6437.682	0.166
6437.865	0.166
6438.020	0.166
6438.177	0.166
6438.360	0.166
6438.515	0.166
6438.698	0.166
6438.854	0.166
6439.010	0.166
6439.193	0.166
6439.348	0.165
6439.532	0.166
6439.687	0.164
6439.843	0.163
6440.027	0.163
6440.182	0.162
6440.365	0.161
6440.520	0.161
6440.677	0.162
6440.860	0.161
6441.015	0.161
6441.198	0.161
6441.354	0.162
6441.510	0.162
6441.693	0.161
6441.848	0.161
6442.032	0.161
6442.187	0.161
6442.343	0.161
6442.527	0.161
6442.682	0.161
6442.865	0.161
6443.020	0.161
6443.177	0.161
6443.360	0.161
6443.515	0.161
6443.698	0.161
6443.854	0.161
6444.010	0.160
6444.193	0.161
6444.348	0.160
6444.532	0.159
6444.687	0.159
6444.843	0.160
6445.027	0.158
6445.182	0.157
6445.365	0.156
6445.520	0.158
6445.677	0.156
6445.860	0.156
6446.015	0.156
6446.198	0.156
6446.354	0.156
6446.510	0.156
6446.693	0.156
6446.848	0.156
6447.032	0.156
6447.187	0.156
6447.343	0.156
6447.527	0.156
6447.682	0.156
6447.865	0.156
6448.020	0.155
6448.177	0.156
6448.360	0.156
6448.515	0.155
6448.698	0.156
6448.854	0.155
6449.010	0.156
6449.193	0.155
6449.348	0.155
6449.532	0.152
6449.687	0.154
6449.843	0.153
6450.027	0.153
6450.182	0.154
6450.365	0.155
6450.520	0.152
6450.677	0.152
6450.860	0.152
6451.015	0.151
6451.198	0.151
6451.354	0.151
6451.510	0.151
6451.693	0.151
6451.848	0.151
6452.032	0.151
6452.187	0.151
6452.343	0.151
6452.527	0.150
6452.682	0.150
6452.865	0.149
6453.020	0.150
6453.177	0.149
6453.360	0.149
6453.515	0.147
6453.698	0.149
6453.854	0.147
6454.010	0.146
6454.193	0.146
6454.348	0.147
6454.532	0.146
6454.687	0.146
6454.843	0.146
6455.027	0.146
6455.182	0.146
6455.365	0.146
6455.520	0.146
6455.677	0.146
6455.860	0.146
6456.015	0.146
6456.198	0.146
6456.354	0.146
6456.510	0.146
6456.693	0.146
6456.848	0.146
6457.032	0.146
6457.187	0.146
6457.343	0.146
6457.527	0.146
6457.682	0.146
6457.865	0.146
6458.020	0.146
6458.177	0.146
6458.360	0.146
6458.515	0.146
6458.698	0.145
6458.854	0.145
6459.010	0.145
6459.193	0.142
6459.348	0.144
6459.532	0.141
6459.687	0.141
6459.843	0.141
6460.027	0.141
6460.182	0.141
6460.365	0.141
6460.520	0.142
6460.677	0.141
6460.860	0.141
6461.015	0.141
6461.198	0.141
6461.354	0.141
6461.510	0.141
6461.693	0.141
6461.848	0.141
6462.032	0.141
6462.187	0.141
6462.343	0.140
6462.527	0.139
6462.682	0.141
6462.865	0.140
6463.020	0.140
6463.177	0.138
6463.360	0.139
6463.515	0.138
6463.698	0.136
6463.854	0.137
6464.010	0.137
6464.193	0.136
6464.348	0.136
6464.532	0.136
6464.687	0.136
6464.843	0.136
6465.027	0.136
6465.182	0.136
6465.365	0.136
6465.520	0.136
6465.677	0.136
6465.860	0.136
6466.015	0.136
6466.198	0.136
6466.354	0.136
6466.510	0.136
6466.693	0.135
6466.848	0.135
6467.032	0.136
6467.187	0.135
6467.343	0.136
6467.527	0.134
6467.682	0.132
6467.865	0.132
6468.020	0.133
6468.177	0.132
6468.360	0.132
6468.515	0.131
6468.698	0.131
6468.854	0.131
6469.010	0.132
6469.193	0.131
6469.348	0.131
6469.532	0.131
6469.687	0.131
6469.843	0.131
6470.027	0.131
6470.182	0.131
6470.365	0.131
6470.520	0.131
6470.677	0.131
6470.860	0.131
6471.015	0.130
6471.198	0.129
6471.354	0.129
6471.510	0.129
6471.693	0.129
6471.848	0.130
6472.032	0.128
6472.187	0.129
6472.343	0.129
6472.527	0.127
6472.682	0.129
6472.865	0.127
6473.020	0.126
6473.177	0.126
6473.360	0.127
6473.515	0.126
6473.698	0.126
6473.854	0.126
6474.010	0.126
6474.193	0.126
6474.348	0.126
6474.532	0.126
6474.687	0.126
6474.843	0.126
6475.027	0.126
6475.182	0.126
6475.365	0.126
6475.520	0.126
6475.677	0.126
6475.860	0.126
6476.015	0.126
6476.198	0.126
6476.354	0.126
6476.510	0.125
6476.693	0.126
6476.848	0.126
6477.032	0.126
6477.187	0.126
6477.343	0.126
6477.527	0.126
6477.682	0.125
6477.865	0.123
6478.020	0.124
6478.177	0.124
6478.360	0.124
6478.515	0.124
6478.698	0.121
6478.854	0.121
6479.010	0.121
6479.193	0.121
6479.348	0.121
6479.532	0.121
6479.687	0.121
6479.843	0.121
6480.027	0.121
6480.182	0.121
6480.365	0.121
6480.520	0.121
6480.677	0.121
6480.860	0.121
6481.015	0.121
6481.172	0.121
6481.354	0.121
6481.510	0.121
6481.693	0.121
6481.848	0.121
6482.005	0.120
6482.187	0.121
6482.343	0.121
6482.527	0.121
6482.682	0.120
6482.838	0.120
6483.020	0.118
6483.177	0.118
6483.360	0.116
6483.515	0.117
6483.672	0.115
6483.854	0.116
6484.010	0.115
6484.193	0.115
6484.348	0.115
6484.532	0.115
6484.687	0.115
6484.843	0.115
6485.027	0.115
6485.182	0.115
6485.338	0.115
6485.520	0.115
6485.677	0.115
6485.860	0.115
6486.015	0.115
6486.172	0.115
6486.354	0.115
6486.510	0.115
6486.693	0.115
6486.848	0.115
6487.005	0.115
6487.187	0.115
6487.343	0.115
6487.527	0.115
6487.682	0.115
6487.838	0.115
6488.020	0.115
6488.177	0.113
6488.360	0.115
6488.515	0.112
6488.672	0.114
6488.854	0.112
6489.010	0.113
6489.193	0.111
6489.348	0.110
6489.505	0.110
6489.687	0.110
6489.843	0.111
6490.027	0.110
6490.182	0.111
6490.338	0.110
6490.520	0.110
6490.677	0.110
6490.860	0.110
6491.015	0.110
6491.172	0.110
6491.354	0.110
6491.510	0.110
6491.693	0.110
6491.848	0.110
6492.005	0.110
6492.187	0.109
6492.343	0.109
6492.527	0.109
6492.682	0.108
6492.838	0.109
6493.020	0.107
6493.177	0.106
6493.360	0.106
6493.515	0.107
6493.672	0.105
6493.854	0.106
6494.010	0.105
6494.193	0.105
6494.348	0.105
6494.505	0.105
6494.687	0.105
6494.843	0.105
6495.027	0.105
6495.182	0.105
6495.338	0.105
6495.520	0.105
6495.677	0.105
6495.860	0.105
6496.015	0.105
6496.172	0.105
6496.354	0.105
6496.510	0.105
6496.693	0.105
6496.848	0.105
6497.005	0.105
6497.187	0.105
6497.343	0.105
6497.527	0.104
6497.682	0.105
6497.838	0.105
6498.020	0.104
6498.177	0.105
6498.360	0.103
6498.515	0.102
6498.672	0.103
6498.854	0.103
6499.010	0.101
6499.193	0.102
6499.348	0.101
6499.532	0.100
6499.687	0.100
6499.843	0.100
6500.027	0.100
6500.182	0.100
6500.365	0.100
6500.520	0.100
6500.677	0.100
6500.860	0.100
6501.015	0.100
6501.172	0.100
6501.354	0.100
6501.510	0.100
6501.693	0.100
6501.848	0.100
6502.005	0.100
6502.187	0.100
6502.343	0.099
6502.527	0.100
6502.682	0.099
6502.838	0.100
6503.020	0.099
6503.177	0.099
6503.360	0.099
6503.515	0.100
6503.672	0.100
6503.854	0.099
6504.010	0.098
6504.193	0.098
6504.348	0.098
6504.532	0.096
6504.687	0.096
6504.843	0.097
6505.027	0.095
6505.182	0.096
6505.365	0.095
6505.520	0.095
6505.677	0.095
6505.860	0.095
6506.015	0.095
6506.172	0.095
6506.354	0.095
6506.510	0.095
6506.693	0.095
6506.848	0.095
6507.005	0.095
6507.187	0.095
6507.343	0.095
6507.527	0.094
6507.682	0.095
6507.838	0.095
6508.020	0.095
6508.177	0.094
6508.360	0.095
6508.515	0.094
6508.698	0.093
6508.854	0.093
6509.010	0.093
6509.193	0.092
6509.348	0.093
6509.505	0.093
6509.687	0.090
6509.843	0.093
6510.027	0.091
6510.182	0.091
6510.365	0.090
6510.520	0.090
6510.677	0.090
6510.860	0.090
6511.015	0.090
6511.172	0.090
6511.354	0.090
6511.510	0.090
6511.693	0.090
6511.848	0.090
6512.005	0.090
6512.187	0.090
6512.343	0.090
6512.527	0.090
6512.682	0.090
6512.838	0.090
6513.020	0.090
6513.177	0.089
6513.360	0.090
6513.515	0.088
6513.672	0.090
6513.854	0.088
6514.010	0.087
6514.193	0.087
6514.348	0.089
6514.505	0.086
6514.687	0.087
6514.843	0.087
6515.027	0.085
6515.182	0.087
6515.338	0.086
6515.520	0.086
6515.677	0.085
6515.860	0.085
6516.015	0.086
6516.172	0.085
6516.354	0.085
6516.510	0.085
6516.693	0.085
6516.848	0.085
6517.005	0.085
6517.187	0.085
6517.343	0.085
6517.527	0.085
6517.682	0.085
6517.838	0.085
6518.020	0.085
6518.177	0.085
6518.360	0.085
6518.515	0.085
6518.672	0.085
6518.854	0.085
6519.010	0.085
6519.193	0.085
6519.348	0.085
6519.505	0.084
6519.687	0.085
6519.843	0.085
6520.027	0.084
6520.182	0.083
6520.338	0.083
6520.520	0.085
6520.677	0.082
6520.860	0.083
6521.015	0.081
6521.172	0.081
6521.354	0.081
6521.510	0.080
6521.693	0.081
6521.848	0.081
6522.005	0.081
6522.187	0.080
6522.343	0.081
6522.527	0.080
6522.682	0.080
6522.838	0.080
6523.020	0.080
6523.177	0.080
6523.360	0.080
6523.515	0.080
6523.672	0.080
6523.854	0.080
6524.010	0.080
6524.193	0.080
6524.348	0.080
6524.505	0.080
6524.687	0.080
6524.843	0.080
6525.027	0.080
6525.182	0.080
6525.338	0.080
6525.520	0.080
6525.677	0.080
6525.860	0.080
6526.015	0.079
6526.172	0.079
6526.354	0.080
6526.510	0.080
6526.693	0.078
6526.848	0.077
6527.005	0.080
6527.187	0.078
6527.343	0.078
6527.527	0.079
6527.682	0.078
6527.838	0.078
6528.020	0.076
6528.177	0.076
6528.360	0.075
6528.515	0.076
6528.672	0.075
6528.854	0.075
6529.010	0.075
6529.193	0.075
6529.348	0.075
6529.505	0.075
6529.687	0.075
6529.843	0.075
6530.027	0.075
6530.182	0.075
6530.338	0.075
6530.520	0.075
6530.677	0.075
6530.860	0.075
6531.015	0.075
6531.172	0.075
6531.354	0.075
6531.510	0.075
6531.693	0.075
6531.848	0.075
6532.005	0.075
6532.187	0.075
6532.343	0.075
6532.527	0.075
6532.682	0.075
6532.838	0.075
6533.020	0.074
6533.177	0.074
6533.360	0.075
6533.515	0.073
6533.672	0.073
6533.854	0.070
6534.010	0.071
6534.193	0.073
6534.348	0.072
6534.505	0.072
6534.687	0.071
6534.843	0.070
6535.027	0.070
6535.182	0.071
6535.338	0.070
6535.520	0.070
6535.677	0.070
6535.860	0.071
6536.015	0.070
6536.172	0.070
6536.354	0.070
6536.510	0.070
6536.693	0.070
6536.848	0.070
6537.005	0.070
6537.187	0.070
6537.343	0.070
6537.527	0.070
6537.682	0.069
6537.838	0.070
6538.020	0.069
6538.177	0.070
6538.360	0.069
6538.515	0.069
6538.672	0.068
6538.854	0.068
6539.010	0.065
6539.193	0.068
6539.348	0.065
6539.505	0.067
6539.687	0.067
6539.843	0.065
6540.027	0.065
6540.182	0.065
6540.338	0.065
6540.520	0.065
6540.677	0.065
6540.860	0.065
6541.015	0.065
6541.172	0.065
6541.354	0.065
6541.510	0.065
6541.693	0.065
6541.848	0.065
6542.005	0.065
6542.187	0.065
6542.343	0.065
6542.527	0.065
6542.682	0.065
6542.838	0.065
6543.020	0.065
6543.177	0.065
6543.360	0.065
6543.515	0.065
6543.672	0.065
6543.854	0.065
6544.010	0.065
6544.193	0.065
6544.348	0.065
6544.505	0.065
6544.687	0.065
6544.843	0.065
6545.027	0.065
6545.182	0.065
6545.338	0.065
6545.520	0.065
6545.677	0.065
6545.860	0.065
6546.015	0.065
6546.172	0.065
6546.354	0.065
6546.510	0.064
6546.693	0.063
6546.848	0.065
6547.005	0.064
6547.187	0.064
6547.343	0.062
6547.527	0.062
6547.682	0.062
6547.838	0.061
6548.020	0.063
6548.177	0.059
6548.360	0.059
6548.515	0.060
6548.672	0.059
6548.854	0.059
6549.010	0.059
6549.193	0.059
6549.348	0.060
6549.505	0.060
6549.687	0.059
6549.843	0.060
6550.027	0.059
6550.182	0.059
6550.338	0.059
6550.520	0.059
6550.677	0.059
6550.860	0.059
6551.015	0.059
6551.172	0.059
6551.354	0.059
6551.510	0.059
6551.693	0.059
6551.848	0.059
6552.005	0.059
6552.187	0.059
6552.343	0.059
6552.527	0.059
6552.682	0.059
6552.838	0.059
6553.020	0.059
6553.177	0.058
6553.360	0.059
6553.515	0.059
6553.672	0.059
6553.854	0.056
6554.010	0.055
6554.193	0.057
6554.348	0.057
6554.505	0.056
6554.687	0.055
6554.843	0.054
6555.027	0.056
6555.182	0.054
6555.338	0.054
6555.520	0.055
6555.677	0.054
6555.860	0.055
6556.015	0.054
6556.172	0.054
6556.354	0.054
6556.510	0.054
6556.693	0.054
6556.848	0.054
6557.005	0.054
6557.187	0.054
6557.343	0.054
6557.527	0.054
6557.682	0.054
6557.838	0.054
6558.020	0.054
6558.177	0.054
6558.360	0.053
6558.515	0.053
6558.672	0.054
6558.854	0.054
6559.010	0.054
6559.193	0.054
6559.348	0.054
6559.505	0.053
6559.687	0.054
6559.843	0.053
6560.027	0.054
6560.182	0.052
6560.338	0.053
6560.520	0.053
6560.677	0.051
6560.860	0.053
6561.015	0.053
6561.172	0.050
6561.354	0.051
6561.510	0.050
6561.693	0.050
6561.848	0.049
6562.005	0.049
6562.187	0.050
6562.343	0.049
6562.527	0.049
6562.682	0.049
6562.838	0.049
6563.020	0.049
6563.177	0.049
6563.333	0.049
6563.515	0.049
6563.672	0.049
6563.854	0.049
6564.010	0.049
6564.193	0.049
6564.348	0.049
6564.505	0.049
6564.687	0.049
6564.843	0.049
6565.000	0.049
6565.182	0.049
6565.338	0.049
6565.520	0.049
6565.677	0.049
6565.860	0.049
6566.015	0.048
6566.172	0.049
6566.354	0.049
6566.510	0.049
6566.693	0.049
6566.848	0.049
6567.005	0.048
6567.187	0.048
6567.343	0.048
6567.500	0.048
6567.682	0.047
6567.838	0.047
6568.020	0.046
6568.177	0.047
6568.360	0.044
6568.515	0.046
6568.672	0.044
6568.854	0.045
6569.010	0.044
6569.193	0.044
6569.348	0.044
6569.505	0.045
6569.687	0.044
6569.843	0.044
6570.027	0.044
6570.182	0.045
6570.338	0.044
6570.520	0.044
6570.677	0.044
6570.833	0.044
6571.015	0.044
6571.172	0.044
6571.354	0.044
6571.510	0.044
6571.693	0.044
6571.848	0.044
6572.005	0.044
6572.187	0.044
6572.343	0.044
6572.500	0.044
6572.682	0.044
6572.838	0.044
6573.020	0.044
6573.177	0.044
6573.360	0.044
6573.515	0.044
6573.672	0.044
6573.854	0.044
6574.010	0.044
6574.193	0.044
6574.348	0.044
6574.505	0.043
6574.687	0.043
6574.843	0.044
6575.027	0.042
6575.182	0.042
6575.338	0.042
6575.520	0.043
6575.677	0.043
6575.833	0.043
6576.015	0.041
6576.172	0.040
6576.354	0.042
6576.510	0.041
6576.693	0.041
6576.848	0.040
6577.005	0.039
6577.187	0.039
6577.343	0.039
6577.527	0.039
6577.682	0.039
6577.838	0.039
6578.020	0.039
6578.177	0.041
6578.360	0.039
6578.515	0.039
6578.672	0.039
6578.854	0.039
6579.010	0.039
6579.167	0.039
6579.348	0.039
6579.505	0.039
6579.687	0.039
6579.843	0.039
6580.000	0.039
6580.182	0.039
6580.338	0.039
6580.520	0.039
6580.677	0.039
6580.860	0.039
6581.015	0.039
6581.172	0.039
6581.354	0.039
6581.510	0.039
6581.667	0.039
6581.848	0.039
6582.005	0.039
6582.187	0.039
6582.343	0.039
6582.527	0.039
6582.682	0.039
6582.838	0.039
6583.020	0.039
6583.177	0.038
6583.333	0.038
6583.515	0.039
6583.672	0.039
6583.854	0.037
6584.010	0.037
6584.193	0.039
6584.348	0.038
6584.505	0.036
6584.687	0.036
6584.843	0.036
6585.027	0.036
6585.182	0.036
6585.338	0.036
6585.520	0.034
6585.677	0.035
6585.860	0.035
6586.015	0.035
6586.172	0.034
6586.354	0.034
6586.510	0.034
6586.667	0.034
6586.848	0.034
6587.005	0.034
6587.187	0.034
6587.343	0.034
6587.527	0.034
6587.682	0.034
6587.838	0.034
6588.020	0.034
6588.177	0.034
6588.333	0.034
6588.515	0.034
6588.672	0.034
6588.854	0.034
6589.010	0.034
6589.193	0.034
6589.348	0.034
6589.505	0.034
6589.687	0.034
6589.843	0.034
6590.000	0.034
6590.182	0.034
6590.338	0.034
6590.520	0.034
6590.677	0.034
6590.860	0.034
6591.015	0.034
6591.172	0.034
6591.354	0.033
6591.510	0.034
6591.693	0.033
6591.848	0.033
6592.005	0.032
6592.187	0.034
6592.343	0.031
6592.527	0.033
6592.682	0.031
6592.838	0.031
6593.020	0.030
6593.177	0.031
6593.360	0.029
6593.515	0.030
6593.672	0.030
6593.854	0.031
6594.010	0.029
6594.193	0.029
6594.348	0.031
6594.505	0.030
6594.687	0.029
6594.843	0.029
6595.027	0.029
6595.182	0.030
6595.338	0.029
6595.520	0.029
6595.677	0.029
6595.860	0.029
6596.015	0.029
6596.172	0.029
6596.354	0.029
6596.510	0.029
6596.667	0.029
6596.848	0.029
6597.005	0.029
6597.187	0.029
6597.343	0.029
6597.527	0.029
6597.682	0.029
6597.838	0.029
6598.020	0.029
6598.177	0.029
6598.360	0.029
6598.515	0.027
6598.672	0.027
6598.854	0.025
6599.010	0.027
6599.167	0.026
6599.348	0.026
6599.505	0.024
6599.687	0.025
6599.843	0.027
6600.027	0.027
6600.182	0.026
6600.338	0.025
6600.520	0.026
6600.677	0.025
6600.833	0.025
6601.015	0.024
6601.172	0.025
6601.354	0.025
6601.510	0.024
6601.667	0.025
6601.848	0.024
6602.005	0.024
6602.187	0.024
6602.343	0.024
6602.500	0.024
6602.682	0.024
6602.838	0.024
6603.020	0.024
6603.177	0.025
6603.333	0.024
6603.515	0.024
6603.672	0.024
6603.854	0.024
6604.010	0.024
6604.167	0.024
6604.348	0.024
6604.505	0.024
6604.687	0.024
6604.843	0.024
6605.000	0.024
6605.182	0.024
6605.338	0.024
6605.520	0.024
6605.677	0.024
6605.833	0.023
6606.015	0.024
6606.172	0.024
6606.354	0.024
6606.510	0.023
6606.667	0.022
6606.848	0.023
6607.005	0.024
6607.187	0.024
6607.343	0.023
6607.500	0.024
6607.682	0.023
6607.838	0.023
6608.020	0.022
6608.177	0.022
6608.360	0.022
6608.515	0.020
6608.672	0.021
6608.854	0.021
6609.010	0.021
6609.167	0.020
6609.348	0.019
6609.505	0.019
6609.687	0.019
6609.843	0.019
6610.000	0.019
6610.182	0.019
6610.338	0.019
6610.520	0.019
6610.677	0.019
6610.833	0.019
6611.015	0.019
6611.172	0.019
6611.354	0.019
6611.510	0.019
6611.693	0.019
6611.848	0.019
6612.005	0.019
6612.187	0.019
6612.343	0.019
6612.500	0.019
6612.682	0.019
6612.838	0.019
6613.020	0.019
6613.177	0.019
6613.333	0.019
6613.515	0.019
6613.672	0.019
6613.854	0.019
6614.010	0.019
6614.167	0.019
6614.348	0.019
6614.505	0.019
6614.687	0.019
6614.843	0.019
6615.000	0.019
6615.182	0.019
6615.338	0.019
6615.520	0.019
6615.677	0.019
6615.833	0.018
6616.015	0.019
6616.172	0.019
6616.354	0.019
6616.510	0.018
6616.667	0.017
6616.848	0.019
6617.005	0.017
6617.187	0.017
6617.343	0.019
6617.527	0.018
6617.682	0.016
6617.838	0.018
6618.020	0.018
6618.177	0.018
6618.333	0.016
6618.515	0.018
6618.672	0.017
6618.854	0.015
6619.010	0.015
6619.193	0.016
6619.348	0.015
6619.505	0.014
6619.687	0.015
6619.843	0.014
6620.000	0.014
6620.182	0.014
6620.338	0.014
6620.520	0.014
6620.677	0.014
6620.860	0.014
6621.015	0.014
6621.172	0.014
6621.354	0.014
6621.510	0.014
6621.667	0.014
6621.848	0.014
6622.005	0.014
6622.187	0.014
6622.343	0.014
6622.500	0.014
6622.682	0.014
6622.838	0.014
6623.020	0.014
6623.177	0.014
6623.333	0.014
6623.515	0.014
6623.672	0.014
6623.854	0.014
6624.010	0.014
6624.167	0.014
6624.348	0.014
6624.505	0.014
6624.687	0.013
6624.843	0.013
6625.000	0.014
6625.182	0.014
6625.338	0.013
6625.520	0.014
6625.677	0.012
6625.860	0.011
6626.015	0.013
6626.172	0.014
6626.354	0.013
6626.510	0.014
6626.667	0.010
6626.848	0.012
6627.005	0.014
6627.187	0.011
6627.343	0.010
6627.527	0.014
6627.682	0.010
6627.838	0.011
6628.020	0.009
6628.177	0.010
6628.333	0.010
6628.515	0.008
6628.672	0.008
6628.854	0.009
6629.010	0.010
6629.193	0.008
6629.348	0.008
6629.505	0.009
6629.687	0.008
6629.843	0.008
6630.000	0.008
6630.182	0.008
6630.338	0.008
6630.520	0.008
6630.677	0.008
6630.833	0.008
6631.015	0.008
6631.172	0.008
6631.354	0.008
6631.510	0.008
6631.667	0.008
6631.848	0.008
6632.005	0.008
6632.187	0.008
6632.343	0.008
6632.500	0.008
6632.682	0.008
6632.838	0.008
6633.020	0.008
6633.177	0.008
6633.333	0.008
6633.515	0.008
6633.672	0.008
6633.854	0.008
6634.010	0.008
6634.167	0.008
6634.348	0.008
6634.505	0.008
6634.687	0.008
6634.843	0.008
6635.000	0.007
6635.182	0.008
6635.338	0.007
6635.520	0.008
6635.677	0.008
6635.833	0.008
6636.015	0.006
6636.172	0.006
6636.354	0.008
6636.510	0.006
6636.667	0.006
6636.848	0.007
6637.005	0.008
6637.187	0.006
6637.343	0.005
6637.500	0.007
6637.682	0.005
6637.838	0.005
6638.020	0.006
6638.177	0.005
6638.333	0.004
6638.515	0.003
6638.672	0.003
6638.854	0.004
6639.010	0.003
6639.167	0.005
6639.348	0.003
6639.505	0.004
6639.687	0.003
6639.843	0.003
6640.000	0.004
6640.182	0.003
6640.338	0.003
6640.520	0.004
6640.677	0.003
6640.833	0.003
6641.015	0.003
6641.172	0.003
6641.354	0.003
6641.510	0.003
6641.667	0.003
6641.848	0.003
6642.005	0.003
6642.187	0.003
6642.343	0.003
6642.500	0.003
6642.682	0.003
6642.838	0.003
6643.020	0.003
6643.177	0.003
6643.333	0.003
6643.515	0.003
6643.672	0.003
6643.854	0.003
6644.010	0.003
6644.167	0.003
6644.348	0.003
6644.505	0.003
6644.687	0.003
6644.843	0.003
6645.000	0.003
6645.182	0.003
6645.338	0.003
6645.520	0.003
6645.677	0.003
6645.833	0.003
6646.015	0.003
6646.172	0.003
6646.354	0.003
6646.510	0.003
6646.667	0.003
6646.848	0.002
6647.005	0.003
6647.187	0.002
6647.343	0.003
6647.500	0.003
6647.682	0.003
6647.838	0.003
6648.020	0.003
6648.177	0.003
6648.333	0.001
6648.515	0.002
6648.672	0.003
6648.854	0.002
6649.010	0.002
6649.167	0.002
6649.348	0.002
6649.505	0.003
6649.662	0.002
6649.843	0.002
6650.000	0.002
6650.182	0.001
6650.338	0.000
6650.520	0.001
6650.677	-0.001
6650.833	0.000
6651.015	0.001
6651.172	0.001
6651.354	0.000
6651.510	0.001
6651.667	0.000
6651.848	-0.001
6652.005	-0.001
6652.187	-0.001
6652.343	-0.001
6652.500	-0.002
6652.682	-0.002
6652.838	-0.002
6653.020	-0.001
6653.177	-0.002
6653.333	0.001
6653.515	-0.001
6653.672	-0.002
6653.854	-0.002
6654.010	-0.002
6654.167	-0.002
6654.348	-0.002
6654.505	-0.002
6654.687	-0.002
6654.843	-0.002
6655.000	-0.001
6655.182	-0.001
6655.338	-0.002
6655.495	-0.002
6655.677	-0.002
6655.833	-0.002
6656.015	-0.002
6656.172	-0.002
6656.354	-0.002
6656.510	-0.002
6656.667	-0.002
6656.848	-0.002
6657.005	-0.002
6657.162	-0.002
6657.343	-0.002
6657.500	-0.002
6657.682	-0.002
6657.838	-0.002
6658.020	-0.002
6658.177	-0.002
6658.333	-0.002
6658.515	-0.002
6658.672	-0.002
6658.828	-0.002
6659.010	-0.002
6659.167	-0.002
6659.348	-0.003
6659.505	-0.002
6659.687	-0.003
6659.843	-0.002
6660.000	-0.002
6660.182	-0.002
6660.338	-0.002
6660.495	-0.002
6660.677	-0.002
6660.833	-0.002
6661.015	-0.002
6661.172	-0.003
6661.354	-0.002
6661.510	-0.003
6661.667	-0.003
6661.848	-0.003
6662.005	-0.003
6662.162	-0.005
6662.343	-0.003
6662.500	-0.003
6662.682	-0.002
6662.838	-0.003
6663.020	-0.004
6663.177	-0.004
6663.333	-0.004
6663.515	-0.003
6663.672	-0.003
6663.854	-0.006
6664.010	-0.005
6664.167	-0.003
6664.348	-0.005
6664.505	-0.007
6664.687	-0.005
6664.843	-0.005
6665.000	-0.005
6665.182	-0.007
6665.338	-0.005
6665.520	-0.007
6665.677	-0.007
6665.833	-0.005
6666.015	-0.007
6666.172	-0.007
6666.354	-0.006
6666.510	-0.007
6666.667	-0.007
6666.848	-0.006
6667.005	-0.007
6667.187	-0.007
6667.343	-0.007
6667.500	-0.007
6667.682	-0.007
6667.838	-0.007
6668.020	-0.007
6668.177	-0.007
6668.333	-0.007
6668.515	-0.007
6668.672	-0.007
6668.828	-0.007
6669.010	-0.007
6669.167	-0.007
6669.348	-0.007
6669.505	-0.007
6669.687	-0.007
6669.843	-0.007
6670.000	-0.007
6670.182	-0.007
6670.338	-0.007
6670.495	-0.007
6670.677	-0.007
6670.833	-0.007
6671.015	-0.007
6671.172	-0.007
6671.354	-0.007
6671.510	-0.007
6671.667	-0.007
6671.848	-0.007
6672.005	-0.007
6672.162	-0.007
6672.343	-0.007
6672.500	-0.007
6672.682	-0.007
6672.838	-0.007
6673.020	-0.007
6673.177	-0.007
6673.333	-0.007
6673.515	-0.008
6673.672	-0.008
6673.854	-0.008
6674.010	-0.007
6674.167	-0.008
6674.348	-0.008
6674.505	-0.007
6674.687	-0.007
6674.843	-0.007
6675.000	-0.008
6675.182	-0.007
6675.338	-0.007
6675.520	-0.009
6675.677	-0.009
6675.833	-0.009
6676.015	-0.009
6676.172	-0.009
6676.354	-0.008
6676.510	-0.009
6676.667	-0.008
6676.848	-0.009
6677.005	-0.009
6677.187	-0.009
6677.343	-0.009
6677.500	-0.010
6677.682	-0.010
6677.838	-0.010
6677.995	-0.011
6678.177	-0.012
6678.333	-0.012
6678.515	-0.009
6678.672	-0.009
6678.854	-0.011
6679.010	-0.009
6679.167	-0.012
6679.348	-0.009
6679.505	-0.011
6679.662	-0.011
6679.843	-0.010
6680.000	-0.012
6680.182	-0.012
6680.338	-0.011
6680.520	-0.012
6680.677	-0.012
6680.833	-0.012
6681.015	-0.011
6681.172	-0.012
6681.328	-0.012
6681.510	-0.011
6681.667	-0.012
6681.848	-0.012
6682.005	-0.012
6682.162	-0.012
6682.343	-0.012
6682.500	-0.012
6682.682	-0.012
6682.838	-0.012
6682.995	-0.012
6683.177	-0.012
6683.333	-0.012
6683.515	-0.012
6683.672	-0.012
6683.828	-0.012
6684.010	-0.013
6684.167	-0.012
6684.348	-0.012
6684.505	-0.012
6684.662	-0.012
6684.843	-0.012
6685.000	-0.012
6685.182	-0.012
6685.338	-0.012
6685.495	-0.013
6685.677	-0.012
6685.833	-0.012
6686.015	-0.012
6686.172	-0.012
6686.328	-0.013
6686.510	-0.012
6686.667	-0.014
6686.848	-0.014
6687.005	-0.013
6687.187	-0.014
6687.343	-0.013
6687.500	-0.015
6687.682	-0.015
6687.838	-0.013
6687.995	-0.014
6688.177	-0.015
6688.333	-0.015
6688.515	-0.015
6688.672	-0.016
6688.854	-0.015
6689.010	-0.015
6689.167	-0.016
6689.348	-0.015
6689.505	-0.017
6689.662	-0.015
6689.843	-0.015
6690.000	-0.016
6690.182	-0.017
6690.338	-0.017
6690.520	-0.017
6690.677	-0.017
6690.833	-0.016
6691.015	-0.015
6691.172	-0.017
6691.328	-0.017
6691.510	-0.017
6691.667	-0.017
6691.848	-0.017
6692.005	-0.017
6692.162	-0.017
6692.343	-0.017
6692.500	-0.017
6692.682	-0.017
6692.838	-0.017
6692.995	-0.017
6693.177	-0.017
6693.333	-0.017
6693.515	-0.017
6693.672	-0.017
6693.828	-0.017
6694.010	-0.017
6694.167	-0.017
6694.348	-0.017
6694.505	-0.017
6694.662	-0.017
6694.843	-0.017
6695.000	-0.017
6695.182	-0.017
6695.338	-0.017
6695.495	-0.017
6695.677	-0.017
6695.833	-0.017
6696.015	-0.017
6696.172	-0.017
6696.354	-0.017
6696.510	-0.017
6696.667	-0.017
6696.848	-0.017
6697.005	-0.017
6697.162	-0.017
6697.343	-0.017
6697.500	-0.017
6697.682	-0.017
6697.838	-0.017
6698.020	-0.017
6698.177	-0.017
6698.333	-0.017
6698.515	-0.017
6698.672	-0.017
6698.828	-0.017
6699.010	-0.017
6699.167	-0.017
6699.348	-0.017
6699.505	-0.017
6699.662	-0.017
6699.843	-0.017
6700.000	-0.017
6700.182	-0.017
6700.338	-0.017
6700.495	-0.017
6700.677	-0.017
6700.833	-0.019
6701.015	-0.017
6701.172	-0.017
6701.354	-0.017
6701.510	-0.017
6701.667	-0.017
6701.848	-0.017
6702.005	-0.017
6702.162	-0.017
6702.343	-0.017
6702.500	-0.018
6702.682	-0.019
6702.838	-0.017
6703.020	-0.018
6703.177	-0.018
6703.333	-0.020
6703.515	-0.018
6703.672	-0.018
6703.828	-0.019
6704.010	-0.020
6704.167	-0.017
6704.348	-0.018
6704.505	-0.018
6704.687	-0.020
6704.843	-0.019
6705.000	-0.020
6705.182	-0.018
6705.338	-0.019
6705.495	-0.021
6705.677	-0.020
6705.833	-0.020
6706.015	-0.021
6706.172	-0.018
6706.354	-0.020
6706.510	-0.021
6706.667	-0.021
6706.848	-0.019
6707.005	-0.020
6707.162	-0.020
6707.343	-0.022
6707.500	-0.022
6707.682	-0.022
6707.838	-0.022
6708.020	-0.022
6708.177	-0.021
6708.333	-0.021
6708.515	-0.022
6708.672	-0.022
6708.828	-0.022
6709.010	-0.021
6709.167	-0.022
6709.348	-0.022
6709.505	-0.022
6709.687	-0.021
6709.843	-0.022
6710.000	-0.022
6710.182	-0.021
6710.338	-0.022
6710.495	-0.022
6710.677	-0.022
6710.833	-0.022
6711.015	-0.022
6711.172	-0.022
6711.328	-0.022
6711.510	-0.022
6711.667	-0.022
6711.848	-0.022
6712.005	-0.022
6712.162	-0.022
6712.343	-0.022
6712.500	-0.022
6712.682	-0.023
6712.838	-0.022
6713.020	-0.022
6713.177	-0.022
6713.333	-0.022
6713.515	-0.022
6713.672	-0.022
6713.828	-0.022
6714.010	-0.022
6714.167	-0.022
6714.348	-0.022
6714.505	-0.022
6714.662	-0.022
6714.843	-0.022
6715.000	-0.022
6715.182	-0.022
6715.338	-0.022
6715.495	-0.022
6715.677	-0.022
6715.833	-0.022
6716.015	-0.022
6716.172	-0.022
6716.328	-0.022
6716.510	-0.022
6716.667	-0.022
6716.848	-0.022
6717.005	-0.022
6717.162	-0.024
6717.343	-0.023
6717.500	-0.023
6717.682	-0.022
6717.838	-0.022
6717.995	-0.023
6718.177	-0.024
6718.333	-0.022
6718.515	-0.022
6718.672	-0.023
6718.828	-0.022
6719.010	-0.025
6719.167	-0.024
6719.348	-0.022
6719.505	-0.023
6719.662	-0.024
6719.843	-0.025
6720.000	-0.024
6720.182	-0.023
6720.338	-0.023
6720.495	-0.022
6720.677	-0.025
6720.833	-0.026
6721.015	-0.026
6721.172	-0.026
6721.328	-0.026
6721.510	-0.025
6721.667	-0.025
6721.848	-0.025
6722.005	-0.025
6722.162	-0.026
6722.343	-0.026
6722.500	-0.027
6722.682	-0.026
6722.838	-0.026
6722.995	-0.026
6723.177	-0.026
6723.333	-0.026
6723.515	-0.027
6723.672	-0.027
6723.828	-0.027
6724.010	-0.027
6724.167	-0.027
6724.348	-0.026
6724.505	-0.027
6724.662	-0.027
6724.843	-0.027
6725.000	-0.027
6725.182	-0.027
6725.338	-0.027
6725.495	-0.027
6725.677	-0.027
6725.833	-0.027
6726.015	-0.027
6726.172	-0.027
6726.328	-0.027
6726.510	-0.027
6726.667	-0.027
6726.848	-0.027
6727.005	-0.027
6727.162	-0.027
6727.343	-0.027
6727.500	-0.027
6727.682	-0.027
6727.838	-0.027
6727.995	-0.027
6728.177	-0.027
6728.333	-0.027
6728.515	-0.027
6728.672	-0.027
6728.828	-0.027
6729.010	-0.027
6729.167	-0.027
6729.348	-0.027
6729.505	-0.027
6729.662	-0.027
6729.843	-0.027
6730.000	-0.027
6730.182	-0.027
6730.338	-0.027
6730.495	-0.027
6730.677	-0.027
6730.833	-0.027
6731.015	-0.027
6731.172	-0.027
6731.328	-0.027
6731.510	-0.027
6731.667	-0.027
6731.848	-0.027
6732.005	-0.027
6732.162	-0.027
6732.343	-0.027
6732.500	-0.027
6732.682	-0.027
6732.838	-0.027
6732.995	-0.027
6733.177	-0.027
6733.333	-0.028
6733.515	-0.027
6733.672	-0.027
6733.828	-0.027
6734.010	-0.027
6734.167	-0.027
6734.348	-0.027
6734.505	-0.028
6734.662	-0.027
6734.843	-0.027
6735.000	-0.028
6735.182	-0.027
6735.338	-0.029
6735.495	-0.027
6735.677	-0.029
6735.833	-0.029
6736.015	-0.030
6736.172	-0.028
6736.328	-0.028
6736.510	-0.029
6736.667	-0.030
6736.848	-0.031
6737.005	-0.027
6737.162	-0.030
6737.343	-0.032
6737.500	-0.029
6737.682	-0.031
6737.838	-0.028
6737.995	-0.032
6738.177	-0.030
6738.333	-0.031
6738.515	-0.029
6738.672	-0.028
6738.828	-0.031
6739.010	-0.031
6739.167	-0.032
6739.348	-0.032
6739.505	-0.030
6739.662	-0.032
6739.843	-0.030
6740.000	-0.032
6740.182	-0.031
6740.338	-0.031
6740.495	-0.032
6740.677	-0.032
6740.833	-0.032
6741.015	-0.032
6741.172	-0.031
6741.328	-0.032
6741.510	-0.032
6741.667	-0.032
6741.848	-0.032
6742.005	-0.032
6742.162	-0.032
6742.343	-0.032
6742.500	-0.032
6742.682	-0.032
6742.838	-0.032
6742.995	-0.032
6743.177	-0.032
6743.333	-0.032
6743.515	-0.032
6743.672	-0.032
6743.828	-0.032
6744.010	-0.032
6744.167	-0.032
6744.348	-0.032
6744.505	-0.032
6744.662	-0.032
6744.843	-0.032
6745.000	-0.032
6745.182	-0.032
6745.338	-0.032
6745.495	-0.032
6745.677	-0.032
6745.833	-0.032
6746.015	-0.032
6746.172	-0.032
6746.328	-0.032
6746.510	-0.032
6746.667	-0.032
6746.848	-0.032
6747.005	-0.032
6747.162	-0.032
6747.343	-0.032
6747.500	-0.032
6747.682	-0.032
6747.838	-0.032
6747.995	-0.032
6748.177	-0.032
6748.333	-0.032
6748.515	-0.032
6748.672	-0.032
6748.828	-0.032
6749.010	-0.032
6749.167	-0.032
6749.348	-0.032
6749.505	-0.032
6749.662	-0.032
6749.843	-0.032
6750.000	-0.032
6750.182	-0.032
6750.338	-0.032
6750.495	-0.032
6750.677	-0.032
6750.833	-0.032
6751.015	-0.033
6751.172	-0.032
6751.328	-0.032
6751.510	-0.032
6751.667	-0.033
6751.848	-0.034
6752.005	-0.032
6752.162	-0.034
6752.343	-0.032
6752.500	-0.034
6752.682	-0.032
6752.838	-0.033
6752.995	-0.033
6753.177	-0.034
6753.333	-0.033
6753.515	-0.032
6753.672	-0.033
6753.828	-0.034
6754.010	-0.033
6754.167	-0.034
6754.348	-0.032
6754.505	-0.033
6754.662	-0.032
6754.843	-0.034
6755.000	-0.033
6755.182	-0.036
6755.338	-0.033
6755.495	-0.033
6755.677	-0.035
6755.833	-0.035
6756.015	-0.033
6756.172	-0.034
6756.328	-0.032
6756.510	-0.035
6756.667	-0.035
6756.848	-0.037
6757.005	-0.037
6757.162	-0.035
6757.343	-0.035
6757.500	-0.036
6757.682	-0.036
6757.838	-0.035
6757.995	-0.034
6758.177	-0.037
6758.333	-0.037
6758.515	-0.037
6758.672	-0.037
6758.828	-0.037
6759.010	-0.036
6759.167	-0.036
6759.348	-0.037
6759.505	-0.037
6759.662	-0.037
6759.843	-0.036
6760.000	-0.037
6760.182	-0.036
6760.338	-0.037
6760.495	-0.037
6760.677	-0.037
6760.833	-0.037
6761.015	-0.037
6761.172	-0.037
6761.328	-0.037
6761.510	-0.037
6761.667	-0.037
6761.848	-0.037
6762.005	-0.037
6762.162	-0.037
6762.343	-0.037
6762.500	-0.037
6762.682	-0.037
6762.838	-0.037
6762.995	-0.037
6763.177	-0.037
6763.333	-0.037
6763.515	-0.037
6763.672	-0.037
6763.828	-0.037
6764.010	-0.037
6764.167	-0.037
6764.348	-0.037
6764.505	-0.037
6764.662	-0.037
6764.843	-0.037
6765.000	-0.037
6765.182	-0.037
6765.338	-0.037
6765.495	-0.037
6765.677	-0.037
6765.833	-0.037
6766.015	-0.037
6766.172	-0.037
6766.328	-0.037
6766.510	-0.037
6766.667	-0.037
6766.848	-0.037
6767.005	-0.037
6767.162	-0.037
6767.343	-0.037
6767.500	-0.037
6767.682	-0.037
6767.838	-0.037
6767.995	-0.037
6768.177	-0.037
6768.333	-0.037
6768.515	-0.037
6768.672	-0.037
6768.828	-0.037
6769.010	-0.037
6769.167	-0.037
6769.348	-0.037
6769.505	-0.037
6769.662	-0.037
6769.843	-0.037
6770.000	-0.037
6770.182	-0.037
6770.338	-0.037
6770.495	-0.037
6770.677	-0.037
6770.833	-0.037
6771.015	-0.037
6771.172	-0.037
6771.328	-0.037
6771.510	-0.037
6771.667	-0.037
6771.848	-0.037
6772.005	-0.037
6772.162	-0.037
6772.343	-0.037
6772.500	-0.037
6772.682	-0.037
6772.838	-0.037
6772.995	-0.037
6773.177	-0.037
6773.333	-0.037
6773.515	-0.037
6773.672	-0.037
6773.828	-0.037
6774.010	-0.037
6774.167	-0.037
6774.348	-0.037
6774.505	-0.037
6774.662	-0.037
6774.843	-0.037
6775.000	-0.037
6775.182	-0.037
6775.338	-0.037
6775.495	-0.037
6775.677	-0.037
6775.833	-0.037
6776.015	-0.037
6776.172	-0.037
6776.328	-0.037
6776.510	-0.037
6776.667	-0.037
6776.848	-0.037
6777.005	-0.037
6777.162	-0.037
6777.343	-0.037
6777.500	-0.037
6777.682	-0.037
6777.838	-0.037
6777.995	-0.038
6778.177	-0.037
6778.333	-0.037
6778.515	-0.037
6778.645	-0.037
6778.828	-0.037
6779.010	-0.037
6779.167	-0.039
6779.348	-0.037
6779.505	-0.037
6779.662	-0.038
6779.843	-0.038
6780.000	-0.037
6780.182	-0.038
6780.338	-0.037
6780.495	-0.037
6780.677	-0.039
6780.833	-0.038
6781.015	-0.037
6781.172	-0.038
6781.328	-0.037
6781.510	-0.039
6781.667	-0.038
6781.848	-0.038
6782.005	-0.037
6782.162	-0.038
6782.343	-0.038
6782.500	-0.039
6782.657	-0.040
6782.838	-0.041
6782.995	-0.038
6783.177	-0.040
6783.333	-0.040
6783.515	-0.039
6783.672	-0.038
6783.828	-0.041
6784.010	-0.042
6784.167	-0.042
6784.348	-0.040
6784.505	-0.038
6784.662	-0.042
6784.843	-0.041
6785.000	-0.040
6785.182	-0.040
6785.338	-0.040
6785.495	-0.041
6785.677	-0.041
6785.833	-0.040
6786.015	-0.039
6786.172	-0.041
6786.328	-0.042
6786.510	-0.042
6786.667	-0.041
6786.848	-0.042
6787.005	-0.042
6787.162	-0.041
6787.343	-0.043
6787.500	-0.043
6787.682	-0.043
6787.838	-0.042
6787.995	-0.043
6788.177	-0.041
6788.333	-0.042
6788.515	-0.041
6788.672	-0.041
6788.828	-0.043
6789.010	-0.043
6789.167	-0.043
6789.348	-0.043
6789.505	-0.042
6789.662	-0.042
6789.843	-0.043
6790.000	-0.043
6790.182	-0.043
6790.338	-0.043
6790.495	-0.043
6790.677	-0.043
6790.833	-0.043
6791.015	-0.043
6791.172	-0.043
6791.328	-0.043
6791.510	-0.043
6791.667	-0.043
6791.848	-0.043
6792.005	-0.043
6792.162	-0.043
6792.343	-0.043
6792.500	-0.043
6792.682	-0.043
6792.838	-0.043
6792.995	-0.043
6793.177	-0.043
6793.333	-0.043
6793.515	-0.043
6793.672	-0.043
6793.828	-0.043
6794.010	-0.043
6794.167	-0.043
6794.348	-0.043
6794.505	-0.043
6794.662	-0.043
6794.843	-0.043
6795.000	-0.043
6795.157	-0.043
6795.338	-0.043
6795.495	-0.043
6795.677	-0.043
6795.833	-0.043
6796.015	-0.043
6796.172	-0.043
6796.328	-0.043
6796.510	-0.043
6796.667	-0.043
6796.823	-0.043
6797.005	-0.043
6797.162	-0.043
6797.343	-0.043
6797.500	-0.043
6797.657	-0.043
6797.838	-0.043
6797.995	-0.043
6798.177	-0.043
6798.333	-0.043
6798.490	-0.043
6798.672	-0.043
6798.828	-0.043
6799.010	-0.043
6799.167	-0.043
6799.323	-0.043
6799.505	-0.043
6799.662	-0.043
6799.843	-0.043
6800.000	-0.043
6800.157	-0.043
6800.338	-0.043
6800.495	-0.043
6800.677	-0.043
6800.833	-0.043
6800.990	-0.043
6801.172	-0.043
6801.328	-0.043
6801.510	-0.043
6801.667	-0.043
6801.823	-0.043
6802.005	-0.043
6802.162	-0.043
6802.343	-0.043
6802.500	-0.043
6802.657	-0.043
6802.838	-0.043
6802.995	-0.043
6803.177	-0.043
6803.333	-0.043
6803.490	-0.043
6803.672	-0.043
6803.828	-0.043
6804.010	-0.043
6804.167	-0.043
6804.323	-0.043
6804.505	-0.043
6804.662	-0.043
6804.843	-0.043
6805.000	-0.043
6805.157	-0.043
6805.338	-0.043
6805.495	-0.044
6805.677	-0.043
6805.833	-0.043
6805.990	-0.043
6806.172	-0.043
6806.328	-0.044
6806.510	-0.043
6806.667	-0.043
6806.823	-0.043
6807.005	-0.043
6807.162	-0.044
6807.343	-0.045
6807.500	-0.043
6807.657	-0.043
6807.838	-0.043
6807.995	-0.043
6808.177	-0.045
6808.333	-0.046
6808.490	-0.044
6808.672	-0.044
6808.828	-0.043
6809.010	-0.045
6809.167	-0.044
6809.323	-0.046
6809.505	-0.044
6809.662	-0.046
6809.843	-0.047
6810.000	-0.046
6810.157	-0.045
6810.338	-0.047
6810.495	-0.044
6810.677	-0.044
6810.833	-0.046
6810.990	-0.046
6811.172	-0.045
6811.328	-0.046
6811.510	-0.045
6811.667	-0.048
6811.823	-0.045
6812.005	-0.047
6812.162	-0.043
6812.343	-0.048
6812.500	-0.046
6812.657	-0.048
6812.838	-0.047
6812.995	-0.048
6813.177	-0.048
6813.333	-0.046
6813.490	-0.047
6813.672	-0.048
6813.828	-0.048
6814.010	-0.046
6814.167	-0.045
6814.323	-0.047
6814.505	-0.048
6814.662	-0.047
6814.843	-0.048
6815.000	-0.046
6815.157	-0.048
6815.338	-0.048
6815.495	-0.048
6815.677	-0.048
6815.833	-0.047
6815.990	-0.047
6816.172	-0.048
6816.328	-0.048
6816.510	-0.048
6816.667	-0.048
6816.823	-0.048
6817.005	-0.048
6817.162	-0.048
6817.343	-0.047
6817.500	-0.048
6817.657	-0.048
6817.838	-0.048
6817.995	-0.048
6818.177	-0.048
6818.333	-0.048
6818.490	-0.048
6818.672	-0.048
6818.828	-0.048
6819.010	-0.048
6819.167	-0.048
6819.323	-0.048
6819.505	-0.048
6819.662	-0.048
6819.843	-0.048
6820.000	-0.048
6820.157	-0.048
6820.338	-0.048
6820.495	-0.048
6820.677	-0.048
6820.833	-0.048
6820.990	-0.048
6821.172	-0.048
6821.328	-0.048
6821.510	-0.048
6821.667	-0.048
6821.823	-0.048
6822.005	-0.048
6822.162	-0.048
6822.343	-0.048
6822.500	-0.048
6822.657	-0.048
6822.838	-0.048
6822.995	-0.048
6823.177	-0.048
6823.333	-0.048
6823.490	-0.048
6823.672	-0.048
6823.828	-0.048
6824.010	-0.048
6824.167	-0.048
6824.323	-0.048
6824.505	-0.048
6824.662	-0.048
6824.843	-0.048
6825.000	-0.048
6825.157	-0.048
6825.338	-0.048
6825.495	-0.048
6825.677	-0.048
6825.833	-0.048
6825.990	-0.048
6826.172	-0.048
6826.328	-0.048
6826.510	-0.048
6826.667	-0.048
6826.823	-0.048
6827.005	-0.048
6827.162	-0.048
6827.343	-0.048
6827.500	-0.048
6827.657	-0.048
6827.838	-0.048
6827.995	-0.048
6828.177	-0.048
6828.333	-0.048
6828.490	-0.048
6828.672	-0.048
6828.828	-0.048
6829.010	-0.048
6829.167	-0.048
6829.323	-0.048
6829.505	-0.048
6829.662	-0.048
6829.843	-0.048
6830.000	-0.048
6830.157	-0.048
6830.338	-0.048
6830.495	-0.048
6830.677	-0.048
6830.833	-0.048
6830.990	-0.048
6831.172	-0.048
6831.328	-0.048
6831.510	-0.048
6831.667	-0.048
6831.823	-0.048
6832.005	-0.048
6832.162	-0.048
6832.343	-0.048
6832.500	-0.048
6832.657	-0.048
6832.838	-0.048
6832.995	-0.048
6833.177	-0.048
6833.333	-0.048
6833.490	-0.048
6833.672	-0.048
6833.828	-0.048
6834.010	-0.049
6834.167	-0.048
6834.323	-0.049
6834.505	-0.049
6834.662	-0.048
6834.843	-0.049
6835.000	-0.048
6835.157	-0.048
6835.338	-0.048
6835.495	-0.048
6835.677	-0.048
6835.833	-0.048
6835.990	-0.048
6836.172	-0.048
6836.328	-0.048
6836.510	-0.048
6836.667	-0.048
6836.823	-0.048
6837.005	-0.049
6837.162	-0.048
6837.343	-0.050
6837.500	-0.048
6837.657	-0.049
6837.838	-0.049
6837.995	-0.048
6838.177	-0.048
6838.333	-0.048
6838.490	-0.048
6838.672	-0.049
6838.828	-0.049
6839.010	-0.048
6839.167	-0.049
6839.323	-0.048
6839.505	-0.048
6839.662	-0.049
6839.843	-0.049
6840.000	-0.049
6840.157	-0.049
6840.338	-0.050
6840.495	-0.049
6840.677	-0.049
6840.833	-0.049
6840.990	-0.049
6841.172	-0.049
6841.328	-0.049
6841.510	-0.050
6841.667	-0.050
6841.823	-0.049
6842.005	-0.049
6842.162	-0.049
6842.343	-0.049
6842.500	-0.049
6842.657	-0.049
6842.838	-0.050
6842.995	-0.051
6843.177	-0.049
6843.333	-0.049
6843.490	-0.049
6843.672	-0.050
6843.828	-0.051
6844.010	-0.049
6844.167	-0.051
6844.323	-0.051
6844.505	-0.049
6844.662	-0.051
6844.843	-0.050
6845.000	-0.049
6845.157	-0.050
6845.338	-0.049
6845.495	-0.051
6845.677	-0.049
6845.833	-0.050
6845.990	-0.051
6846.172	-0.049
6846.328	-0.051
6846.510	-0.049
6846.667	-0.052
6846.823	-0.050
6847.005	-0.050
6847.162	-0.050
6847.343	-0.050
6847.500	-0.052
6847.657	-0.051
6847.838	-0.053
6847.995	-0.051
6848.177	-0.053
6848.333	-0.051
6848.490	-0.052
6848.672	-0.051
6848.828	-0.052
6849.010	-0.050
6849.167	-0.052
6849.323	-0.052
6849.505	-0.051
6849.662	-0.052
6849.843	-0.053
6850.000	-0.053
6850.157	-0.052
6850.338	-0.052
6850.495	-0.053
6850.677	-0.052
6850.833	-0.053
6850.990	-0.053
6851.172	-0.053
6851.328	-0.053
6851.510	-0.053
6851.667	-0.053
6851.823	-0.050
6852.005	-0.051
6852.162	-0.052
6852.343	-0.053
6852.500	-0.051
6852.657	-0.053
6852.838	-0.052
6852.995	-0.053
6853.177	-0.052
6853.333	-0.052
6853.490	-0.052
6853.672	-0.053
6853.828	-0.051
6854.010	-0.052
6854.167	-0.052
6854.323	-0.053
6854.505	-0.053
6854.662	-0.053
6854.843	-0.053
6855.000	-0.053
6855.157	-0.053
6855.338	-0.053
6855.495	-0.053
6855.677	-0.053
6855.833	-0.053
6855.990	-0.053
6856.172	-0.053
6856.328	-0.053
6856.510	-0.051
6856.667	-0.053
6856.823	-0.053
6857.005	-0.053
6857.162	-0.052
6857.343	-0.053
6857.500	-0.053
6857.657	-0.053
6857.838	-0.053
6857.995	-0.053
6858.177	-0.053
6858.333	-0.053
6858.490	-0.053
6858.672	-0.053
6858.828	-0.053
6859.010	-0.053
6859.167	-0.053
6859.323	-0.053
6859.505	-0.053
6859.662	-0.053
6859.843	-0.053
6860.000	-0.053
6860.157	-0.053
6860.338	-0.053
6860.495	-0.053
6860.677	-0.053
6860.833	-0.053
6860.990	-0.053
6861.172	-0.053
6861.328	-0.053
6861.510	-0.053
6861.667	-0.053
6861.823	-0.053
6862.005	-0.053
6862.162	-0.053
6862.343	-0.053
6862.500	-0.053
6862.657	-0.053
6862.838	-0.053
6862.995	-0.053
6863.177	-0.053
6863.333	-0.054
6863.490	-0.053
6863.672	-0.053
6863.828	-0.053
6864.010	-0.053
6864.167	-0.053
6864.323	-0.053
6864.505	-0.053
6864.662	-0.053
6864.843	-0.053
6865.000	-0.053
6865.157	-0.053
6865.338	-0.053
6865.495	-0.053
6865.677	-0.053
6865.833	-0.053
6865.990	-0.053
6866.172	-0.053
6866.328	-0.053
6866.510	-0.053
6866.667	-0.053
6866.823	-0.053
6867.005	-0.053
6867.162	-0.053
6867.343	-0.053
6867.500	-0.054
6867.657	-0.053
6867.838	-0.054
6867.995	-0.053
6868.177	-0.054
6868.333	-0.054
6868.490	-0.053
6868.672	-0.054
6868.828	-0.053
6869.010	-0.053
6869.167	-0.053
6869.323	-0.053
6869.505	-0.053
6869.662	-0.053
6869.843	-0.054
6870.000	-0.054
6870.157	-0.053
6870.338	-0.053
6870.495	-0.053
6870.677	-0.053
6870.833	-0.054
6870.990	-0.055
6871.172	-0.054
6871.328	-0.054
6871.510	-0.053
6871.667	-0.054
6871.823	-0.054
6872.005	-0.053
6872.162	-0.054
6872.343	-0.054
6872.500	-0.054
6872.657	-0.054
6872.838	-0.054
6872.995	-0.054
6873.177	-0.054
6873.333	-0.054
6873.490	-0.054
6873.672	-0.053
6873.828	-0.054
6874.010	-0.054
6874.167	-0.054
6874.323	-0.053
6874.505	-0.054
6874.662	-0.054
6874.818	-0.054
6875.000	-0.054
6875.157	-0.054
6875.338	-0.056
6875.495	-0.054
6875.652	-0.055
6875.833	-0.054
6875.990	-0.053
6876.172	-0.055
6876.328	-0.053
6876.510	-0.055
6876.667	-0.054
6876.823	-0.054
6877.005	-0.057
6877.162	-0.054
6877.343	-0.054
6877.500	-0.054
6877.657	-0.055
6877.838	-0.055
6877.995	-0.054
6878.152	-0.056
6878.333	-0.054
6878.490	-0.054
6878.672	-0.056
6878.828	-0.055
6878.985	-0.056
6879.167	-0.055
6879.323	-0.058
6879.505	-0.057
6879.662	-0.054
6879.818	-0.056
6880.000	-0.055
6880.157	-0.058
6880.338	-0.056
6880.495	-0.057
6880.677	-0.056
6880.833	-0.058
6880.990	-0.056
6881.172	-0.056
6881.328	-0.056
6881.485	-0.056
6881.667	-0.058
6881.823	-0.056
6882.005	-0.057
6882.162	-0.057
6882.318	-0.055
6882.500	-0.057
6882.657	-0.057
6882.838	-0.055
6882.995	-0.057
6883.152	-0.055
6883.333	-0.056
6883.490	-0.054
6883.672	-0.056
6883.828	-0.056
6883.985	-0.056
6884.167	-0.056
6884.323	-0.058
6884.505	-0.056
6884.662	-0.058
6884.843	-0.058
6885.000	-0.057
6885.157	-0.057
6885.338	-0.057
6885.495	-0.056
6885.652	-0.056
6885.833	-0.058
6885.990	-0.058
6886.172	-0.058
6886.328	-0.058
6886.510	-0.058
6886.667	-0.058
6886.823	-0.058
6887.005	-0.057
6887.162	-0.058
6887.318	-0.058
6887.500	-0.058
6887.657	-0.058
6887.838	-0.058
6887.995	-0.057
6888.177	-0.058
6888.333	-0.057
6888.490	-0.058
6888.672	-0.057
6888.828	-0.058
6889.010	-0.057
6889.167	-0.058
6889.323	-0.058
6889.505	-0.057
6889.662	-0.058
6889.818	-0.058
6890.000	-0.058
6890.157	-0.057
6890.338	-0.058
6890.495	-0.057
6890.652	-0.058
6890.833	-0.058
6890.990	-0.057
6891.172	-0.057
6891.328	-0.058
6891.510	-0.058
6891.667	-0.058
6891.823	-0.058
6892.005	-0.058
6892.162	-0.058
6892.343	-0.058
6892.500	-0.058
6892.657	-0.058
6892.838	-0.058
6892.995	-0.058
6893.152	-0.058
6893.333	-0.058
6893.490	-0.058
6893.672	-0.058
6893.828	-0.058
6894.010	-0.058
6894.167	-0.057
6894.323	-0.058
6894.505	-0.058
6894.662	-0.058
6894.843	-0.058
6895.000	-0.058
6895.157	-0.058
6895.338	-0.058
6895.495	-0.058
6895.652	-0.058
6895.833	-0.058
6895.990	-0.058
6896.172	-0.057
6896.328	-0.058
6896.510	-0.058
6896.667	-0.058
6896.823	-0.058
6897.005	-0.058
6897.162	-0.058
6897.318	-0.058
6897.500	-0.058
6897.657	-0.058
6897.838	-0.058
6897.995	-0.058
6898.152	-0.058
6898.333	-0.058
6898.490	-0.058
6898.672	-0.058
6898.828	-0.058
6899.010	-0.058
6899.167	-0.058
6899.323	-0.058
6899.505	-0.058
6899.662	-0.058
6899.818	-0.058
6900.000	-0.058
6900.157	-0.058
6900.338	-0.058
6900.495	-0.058
6900.677	-0.058
6900.833	-0.057
6900.990	-0.058
6901.172	-0.058
6901.328	-0.058
6901.485	-0.058
6901.667	-0.058
6901.823	-0.058
6902.005	-0.058
6902.162	-0.058
6902.343	-0.058
6902.500	-0.058
6902.657	-0.058
6902.838	-0.058
6902.995	-0.058
6903.152	-0.058
6903.333	-0.058
6903.490	-0.058
6903.672	-0.058
6903.828	-0.058
6904.010	-0.058
6904.167	-0.058
6904.323	-0.058
6904.505	-0.058
6904.662	-0.058
6904.818	-0.058
6905.000	-0.058
6905.157	-0.058
6905.338	-0.058
6905.495	-0.058
6905.677	-0.058
6905.833	-0.058
6905.990	-0.058
6906.172	-0.058
6906.328	-0.058
6906.510	-0.058
6906.667	-0.058
6906.823	-0.058
6907.005	-0.058
6907.162	-0.058
6907.318	-0.058
6907.500	-0.058
6907.657	-0.058
6907.838	-0.058
6907.995	-0.058
6908.152	-0.058
6908.333	-0.058
6908.490	-0.058
6908.672	-0.058
6908.828	-0.058
6909.010	-0.058
6909.167	-0.058
6909.323	-0.058
6909.505	-0.058
6909.662	-0.058
6909.843	-0.058
6910.000	-0.058
6910.157	-0.058
6910.338	-0.058
6910.495	-0.058
6910.652	-0.058
6910.833	-0.058
6910.990	-0.058
6911.172	-0.058
6911.328	-0.058
6911.485	-0.058
6911.667	-0.058
6911.823	-0.058
6912.005	-0.058
6912.162	-0.058
6912.318	-0.058
6912.500	-0.058
6912.657	-0.058
6912.838	-0.058
6912.995	-0.058
6913.152	-0.058
6913.333	-0.058
6913.490	-0.058
6913.672	-0.058
6913.828	-0.058
6913.985	-0.058
6914.167	-0.058
6914.323	-0.058
6914.505	-0.058
6914.662	-0.058
6914.818	-0.058
6915.000	-0.058
6915.157	-0.058
6915.338	-0.058
6915.495	-0.058
6915.652	-0.058
6915.833	-0.058
6915.990	-0.058
6916.172	-0.058
6916.328	-0.058
6916.485	-0.058
6916.667	-0.058
6916.823	-0.058
6917.005	-0.058
6917.162	-0.058
6917.318	-0.058
6917.500	-0.058
6917.657	-0.058
6917.838	-0.058
6917.995	-0.058
6918.152	-0.058
6918.333	-0.058
6918.490	-0.058
6918.672	-0.058
6918.828	-0.058
6918.985	-0.058
6919.167	-0.058
6919.323	-0.058
6919.505	-0.058
6919.662	-0.058
6919.818	-0.058
6920.000	-0.058
6920.157	-0.058
6920.338	-0.058
6920.495	-0.058
6920.652	-0.058
6920.833	-0.058
6920.990	-0.058
6921.172	-0.058
6921.328	-0.058
6921.485	-0.058
6921.667	-0.058
6921.823	-0.058
6922.005	-0.058
6922.162	-0.058
6922.318	-0.058
6922.500	-0.058
6922.657	-0.058
6922.838	-0.058
6922.995	-0.058
6923.152	-0.058
6923.333	-0.058
6923.490	-0.058
6923.672	-0.058
6923.828	-0.058
6923.985	-0.058
6924.167	-0.058
6924.323	-0.059
6924.505	-0.058
6924.662	-0.058
6924.818	-0.058
6925.000	-0.058
6925.157	-0.058
6925.338	-0.058
6925.495	-0.058
6925.652	-0.058
6925.833	-0.059
6925.990	-0.058
6926.172	-0.058
6926.328	-0.058
6926.485	-0.058
6926.667	-0.059
6926.823	-0.058
6927.005	-0.058
6927.162	-0.059
6927.318	-0.058
6927.500	-0.058
6927.657	-0.059
6927.838	-0.058
6927.995	-0.059
6928.152	-0.059
6928.333	-0.058
6928.490	-0.058
6928.672	-0.058
6928.828	-0.059
6928.985	-0.059
6929.167	-0.060
6929.323	-0.059
6929.505	-0.058
6929.662	-0.058
6929.818	-0.058
6930.000	-0.059
6930.157	-0.059
6930.338	-0.060
6930.495	-0.058
6930.652	-0.058
6930.833	-0.058
6930.990	-0.060
6931.172	-0.058
6931.328	-0.058
6931.485	-0.058
6931.667	-0.060
6931.823	-0.059
6932.005	-0.059
6932.162	-0.059
6932.318	-0.058
6932.500	-0.058
6932.657	-0.058
6932.838	-0.058
6932.995	-0.059
6933.152	-0.058
6933.333	-0.060
6933.490	-0.060
6933.672	-0.059
6933.828	-0.060
6933.985	-0.059
6934.167	-0.060
6934.323	-0.060
6934.505	-0.060
6934.662	-0.060
6934.818	-0.061
6935.000	-0.058
6935.157	-0.059
6935.338	-0.059
6935.495	-0.058
6935.652	-0.060
6935.833	-0.059
6935.990	-0.059
6936.172	-0.059
6936.328	-0.059
6936.485	-0.058
6936.667	-0.060
6936.823	-0.059
6937.005	-0.060
6937.162	-0.060
6937.318	-0.059
6937.500	-0.060
6937.657	-0.058
6937.838	-0.060
6937.995	-0.060
6938.152	-0.060
6938.333	-0.060
6938.490	-0.060
6938.672	-0.060
6938.828	-0.061
6938.985	-0.060
6939.167	-0.060
6939.323	-0.058
6939.505	-0.060
6939.662	-0.060
6939.818	-0.060
6940.000	-0.059
6940.157	-0.060
6940.338	-0.060
6940.495	-0.060
6940.652	-0.060
6940.833	-0.059
6940.990	-0.058
6941.172	-0.060
6941.328	-0.060
6941.485	-0.061
6941.667	-0.059
6941.823	-0.060
6942.005	-0.060
6942.162	-0.062
6942.318	-0.061
6942.500	-0.060
6942.657	-0.061
6942.838	-0.062
6942.995	-0.061
6943.152	-0.060
6943.333	-0.062
6943.490	-0.060
6943.672	-0.060
6943.828	-0.061
6943.985	-0.060
6944.167	-0.060
6944.323	-0.061
6944.505	-0.061
6944.662	-0.060
6944.818	-0.060
6945.000	-0.060
6945.157	-0.062
6945.338	-0.061
6945.495	-0.061
6945.652	-0.062
6945.833	-0.061
6945.990	-0.060
6946.172	-0.061
6946.328	-0.062
6946.485	-0.062
6946.667	-0.063
6946.823	-0.063
6947.005	-0.062
6947.162	-0.063
6947.318	-0.062
6947.500	-0.060
6947.657	-0.063
6947.838	-0.062
6947.995	-0.061
6948.152	-0.060
6948.333	-0.060
6948.490	-0.061
6948.672	-0.061
6948.828	-0.060
6948.985	-0.063
6949.167	-0.060
6949.323	-0.061
6949.505	-0.060
6949.662	-0.062
6949.818	-0.063
6950.000	-0.061
6950.157	-0.063
6950.338	-0.063
6950.495	-0.060
6950.652	-0.062
6950.833	-0.062
6950.990	-0.062
6951.172	-0.063
6951.328	-0.060
6951.485	-0.062
6951.667	-0.062
6951.823	-0.062
6952.005	-0.060
6952.162	-0.063
6952.318	-0.063
6952.500	-0.063
6952.657	-0.061
6952.838	-0.062
6952.995	-0.062
6953.152	-0.063
6953.333	-0.062
6953.490	-0.063
6953.672	-0.062
6953.828	-0.061
6953.985	-0.062
6954.167	-0.062
6954.323	-0.061
6954.505	-0.062
6954.662	-0.063
6954.818	-0.063
6955.000	-0.061
6955.157	-0.062
6955.312	-0.062
6955.495	-0.062
6955.652	-0.062
6955.833	-0.063
6955.990	-0.061
6956.172	-0.063
6956.328	-0.062
6956.485	-0.063
6956.667	-0.061
6956.823	-0.062
6956.979	-0.062
6957.162	-0.062
6957.318	-0.062
6957.500	-0.062
6957.657	-0.063
6957.812	-0.063
6957.995	-0.063
6958.152	-0.063
6958.333	-0.063
6958.490	-0.062
6958.672	-0.063
6958.828	-0.063
6958.985	-0.062
6959.167	-0.063
6959.323	-0.063
6959.505	-0.062
6959.662	-0.062
6959.818	-0.063
6960.000	-0.063
6960.157	-0.062
6960.338	-0.063
6960.495	-0.062
6960.652	-0.063
6960.833	-0.063
6960.990	-0.063
6961.172	-0.063
6961.328	-0.063
6961.485	-0.063
6961.667	-0.063
6961.823	-0.063
6961.979	-0.063
6962.162	-0.063
6962.318	-0.063
6962.500	-0.063
6962.657	-0.063
6962.838	-0.062
6962.995	-0.063
6963.152	-0.063
6963.333	-0.063
6963.490	-0.062
6963.645	-0.063
6963.828	-0.063
6963.985	-0.063
6964.167	-0.062
6964.323	-0.063
6964.505	-0.063
6964.662	-0.063
6964.818	-0.063
6965.000	-0.063
6965.157	-0.063
6965.338	-0.063
6965.495	-0.063
6965.652	-0.063
6965.833	-0.063
6965.990	-0.063
6966.145	-0.063
6966.328	-0.063
6966.485	-0.063
6966.667	-0.063
6966.823	-0.063
6967.005	-0.063
6967.162	-0.063
6967.318	-0.063
6967.500	-0.063
6967.657	-0.063
6967.838	-0.063
6967.995	-0.062
6968.152	-0.063
6968.333	-0.063
6968.490	-0.063
6968.672	-0.063
6968.828	-0.063
6968.985	-0.063
6969.167	-0.063
6969.323	-0.063
6969.479	-0.063
6969.662	-0.063
6969.818	-0.063
6970.000	-0.063
6970.157	-0.063
6970.338	-0.063
6970.495	-0.063
6970.652	-0.063
6970.833	-0.063
6970.990	-0.063
6971.145	-0.063
6971.328	-0.063
6971.485	-0.063
6971.667	-0.063
6971.823	-0.063
6972.005	-0.063
6972.162	-0.063
6972.318	-0.063
6972.500	-0.063
6972.657	-0.063
6972.812	-0.063
6972.995	-0.063
6973.152	-0.063
6973.333	-0.063
6973.490	-0.063
6973.645	-0.063
6973.828	-0.063
6973.985	-0.063
6974.167	-0.063
6974.323	-0.063
6974.505	-0.063
6974.662	-0.063
6974.818	-0.063
6975.000	-0.063
6975.157	-0.063
6975.312	-0.063
6975.495	-0.063
6975.652	-0.063
6975.833	-0.063
6975.990	-0.063
6976.172	-0.063
6976.328	-0.063
6976.485	-0.063
6976.667	-0.063
6976.823	-0.063
6977.005	-0.063
6977.162	-0.063
6977.318	-0.063
6977.500	-0.063
6977.657	-0.063
6977.812	-0.063
6977.995	-0.063
6978.152	-0.063
6978.333	-0.063
6978.490	-0.063
6978.645	-0.063
6978.828	-0.063
6978.985	-0.063
6979.167	-0.063
6979.323	-0.063
6979.505	-0.063
6979.662	-0.063
6979.818	-0.063
6980.000	-0.063
6980.157	-0.063
6980.312	-0.063
6980.495	-0.063
6980.652	-0.063
6980.833	-0.063
6980.990	-0.063
6981.145	-0.063
6981.328	-0.063
6981.485	-0.063
6981.667	-0.063
6981.823	-0.063
6982.005	-0.063
6982.162	-0.063
6982.318	-0.063
6982.500	-0.063
6982.657	-0.063
6982.838	-0.063
6982.995	-0.063
6983.152	-0.063
6983.333	-0.062
6983.490	-0.063
6983.645	-0.063
6983.828	-0.063
6983.985	-0.063
6984.167	-0.063
6984.323	-0.063
6984.505	-0.063
6984.662	-0.063
6984.818	-0.063
6985.000	-0.063
6985.157	-0.063
6985.338	-0.063
6985.495	-0.063
6985.652	-0.063
6985.833	-0.063
6985.990	-0.063
6986.145	-0.063
6986.328	-0.063
6986.485	-0.063
6986.667	-0.063
6986.823	-0.063
6986.979	-0.063
6987.162	-0.063
6987.318	-0.063
6987.500	-0.063
6987.657	-0.063
6987.838	-0.063
6987.995	-0.063
6988.152	-0.063
6988.333	-0.063
6988.490	-0.063
6988.672	-0.063
6988.828	-0.063
6988.985	-0.063
6989.167	-0.063
6989.323	-0.063
6989.479	-0.063
6989.662	-0.063
6989.818	-0.063
6990.000	-0.063
6990.157	-0.063
6990.312	-0.063
6990.495	-0.063
6990.652	-0.063
6990.833	-0.063
6990.990	-0.063
6991.145	-0.063
6991.328	-0.063
6991.485	-0.063
6991.667	-0.063
6991.823	-0.063
6991.979	-0.063
6992.162	-0.063
6992.318	-0.063
6992.500	-0.063
6992.657	-0.063
6992.812	-0.063
6992.995	-0.063
6993.152	-0.063
6993.333	-0.063
6993.490	-0.063
6993.645	-0.063
6993.828	-0.063
6993.985	-0.063
6994.167	-0.063
6994.323	-0.063
6994.479	-0.063
6994.662	-0.063
6994.818	-0.063
6995.000	-0.063
6995.157	-0.063
6995.312	-0.063
6995.495	-0.063
6995.652	-0.063
6995.833	-0.063
6995.990	-0.063
6996.145	-0.063
6996.328	-0.063
6996.485	-0.063
6996.667	-0.063
6996.823	-0.063
6996.979	-0.063
6997.162	-0.063
6997.318	-0.063
6997.500	-0.063
6997.657	-0.063
6997.812	-0.063
6997.995	-0.063
6998.152	-0.063
6998.333	-0.063
6998.490	-0.063
6998.645	-0.063
6998.828	-0.063
6998.985	-0.063
6999.167	-0.063
6999.323	-0.063
6999.479	-0.063
6999.662	-0.063
6999.818	-0.063
7000.000	-0.063
7000.157	-0.063
