3500.027	-0.043
3501.302	-0.042
3501.537	-0.043
3501.642	-0.043
3501.797	-0.043
3501.980	-0.043
3502.135	-0.042
3502.292	-0.042
3502.475	-0.043
3502.630	-0.043
3502.813	-0.042
3502.968	-0.043
3503.125	-0.043
3503.308	-0.042
3503.463	-0.043
3503.647	-0.042
3503.802	-0.043
3503.958	-0.042
3504.142	-0.043
3504.297	-0.042
3504.480	-0.043
3504.635	-0.043
3504.792	-0.042
3504.975	-0.042
3505.130	-0.042
3505.313	-0.043
3505.468	-0.043
3505.625	-0.042
3505.808	-0.043
3505.963	-0.042
3506.120	-0.043
3506.302	-0.042
3506.458	-0.041
3506.642	-0.042
3506.797	-0.041
3506.980	-0.042
3507.135	-0.043
3507.292	-0.042
3507.475	-0.043
3507.630	-0.041
3507.787	-0.042
3507.968	-0.040
3508.125	-0.041
3508.308	-0.043
3508.463	-0.042
3508.647	-0.042
3508.802	-0.042
3508.958	-0.043
3509.142	-0.043
3509.297	-0.042
3509.480	-0.042
3509.635	-0.041
3509.792	-0.041
3509.975	-0.042
3510.130	-0.040
3510.287	-0.039
3510.468	-0.038
3510.625	-0.039
3510.808	-0.040
3510.963	-0.038
3511.147	-0.042
3511.302	-0.040
3511.458	-0.040
3511.642	-0.040
3511.797	-0.040
3511.953	-0.040
3512.135	-0.041
3512.292	-0.040
3512.475	-0.041
3512.630	-0.040
3512.813	-0.039
3512.968	-0.038
3513.125	-0.040
3513.308	-0.039
3513.463	-0.039
3513.647	-0.039
3513.802	-0.040
3513.958	-0.040
3514.142	-0.038
3514.297	-0.040
3514.480	-0.039
3514.635	-0.037
3514.792	-0.041
3514.975	-0.040
3515.130	-0.038
3515.313	-0.039
3515.468	-0.040
3515.625	-0.038
3515.808	-0.040
3515.963	-0.040
3516.147	-0.040
3516.302	-0.038
3516.458	-0.038
3516.642	-0.038
3516.797	-0.039
3516.953	-0.039
3517.135	-0.039
3517.292	-0.038
3517.475	-0.039
3517.630	-0.039
3517.787	-0.039
3517.968	-0.041
3518.125	-0.039
3518.308	-0.038
3518.463	-0.040
3518.647	-0.039
3518.802	-0.038
3518.958	-0.039
3519.142	-0.039
3519.297	-0.038
3519.480	-0.037
3519.635	-0.039
3519.792	-0.038
3519.975	-0.040
3520.130	-0.038
3520.313	-0.038
3520.468	-0.039
3520.625	-0.037
3520.808	-0.038
3520.963	-0.038
3521.120	-0.039
3521.302	-0.038
3521.458	-0.040
3521.642	-0.037
3521.797	-0.037
3521.953	-0.037
3522.135	-0.038
3522.292	-0.037
3522.475	-0.037
3522.630	-0.038
3522.787	-0.037
3522.968	-0.037
3523.125	-0.038
3523.308	-0.038
3523.463	-0.037
3523.620	-0.037
3523.802	-0.038
3523.958	-0.037
3524.142	-0.038
3524.297	-0.039
3524.453	-0.038
3524.635	-0.037
3524.792	-0.039
3524.975	-0.037
3525.130	-0.037
3525.287	-0.037
3525.468	-0.038
3525.625	-0.037
3525.808	-0.037
3525.963	-0.037
3526.120	-0.037
3526.302	-0.037
3526.458	-0.037
3526.642	-0.037
3526.797	-0.037
3526.953	-0.037
3527.135	-0.037
3527.292	-0.037
3527.475	-0.037
3527.630	-0.037
3527.787	-0.037
3527.968	-0.037
3528.125	-0.038
3528.308	-0.037
3528.463	-0.037
3528.620	-0.037
3528.802	-0.038
3528.958	-0.037
3529.142	-0.037
3529.297	-0.037
3529.453	-0.037
3529.635	-0.037
3529.792	-0.037
3529.975	-0.037
3530.130	-0.037
3530.287	-0.037
3530.468	-0.037
3530.625	-0.037
3530.808	-0.037
3530.963	-0.037
3531.120	-0.037
3531.302	-0.037
3531.458	-0.037
3531.642	-0.037
3531.797	-0.037
3531.953	-0.038
3532.135	-0.037
3532.292	-0.037
3532.475	-0.037
3532.630	-0.037
3532.787	-0.037
3532.968	-0.037
3533.125	-0.037
3533.308	-0.037
3533.463	-0.037
3533.620	-0.037
3533.802	-0.037
3533.958	-0.037
3534.142	-0.037
3534.297	-0.037
3534.453	-0.037
3534.635	-0.037
3534.792	-0.037
3534.975	-0.037
3535.130	-0.037
3535.287	-0.037
3535.468	-0.037
3535.625	-0.037
3535.808	-0.037
3535.963	-0.037
3536.120	-0.037
3536.302	-0.037
3536.458	-0.037
3536.642	-0.037
3536.797	-0.037
3536.953	-0.037
3537.135	-0.037
3537.292	-0.037
3537.475	-0.037
3537.630	-0.037
3537.787	-0.037
3537.968	-0.037
3538.125	-0.037
3538.308	-0.037
3538.463	-0.037
3538.620	-0.037
3538.802	-0.037
3538.958	-0.037
3539.142	-0.037
3539.297	-0.037
3539.453	-0.037
3539.635	-0.037
3539.792	-0.037
3539.975	-0.037
3540.130	-0.037
3540.287	-0.037
3540.468	-0.037
3540.625	-0.037
3540.808	-0.037
3540.963	-0.037
3541.120	-0.037
3541.302	-0.037
3541.458	-0.037
3541.642	-0.037
3541.797	-0.037
3541.953	-0.037
3542.135	-0.037
3542.292	-0.037
3542.475	-0.037
3542.630	-0.037
3542.787	-0.037
3542.968	-0.037
3543.125	-0.037
3543.308	-0.037
3543.463	-0.037
3543.620	-0.037
3543.802	-0.037
3543.958	-0.037
3544.142	-0.037
3544.297	-0.037
3544.453	-0.037
3544.635	-0.037
3544.792	-0.037
3544.975	-0.037
3545.130	-0.037
3545.287	-0.037
3545.468	-0.037
3545.625	-0.037
3545.808	-0.037
3545.963	-0.037
3546.120	-0.037
3546.302	-0.037
3546.458	-0.037
3546.642	-0.037
3546.797	-0.037
3546.953	-0.037
3547.135	-0.037
3547.292	-0.037
3547.475	-0.037
3547.630	-0.037
3547.787	-0.037
3547.968	-0.037
3548.125	-0.037
3548.308	-0.037
3548.463	-0.037
3548.620	-0.037
3548.802	-0.037
3548.958	-0.037
3549.142	-0.037
3549.297	-0.037
3549.453	-0.037
3549.635	-0.037
3549.792	-0.037
3549.975	-0.037
3550.130	-0.037
3550.287	-0.037
3550.468	-0.037
3550.625	-0.037
3550.808	-0.037
3550.963	-0.037
3551.120	-0.037
3551.302	-0.037
3551.458	-0.037
3551.642	-0.037
3551.797	-0.037
3551.953	-0.037
3552.135	-0.037
3552.292	-0.037
3552.475	-0.037
3552.630	-0.037
3552.787	-0.037
3552.968	-0.037
3553.125	-0.037
3553.308	-0.037
3553.463	-0.037
3553.620	-0.037
3553.802	-0.037
3553.958	-0.037
3554.142	-0.037
3554.297	-0.037
3554.453	-0.037
3554.635	-0.037
3554.792	-0.037
3554.975	-0.037
3555.130	-0.037
3555.287	-0.037
3555.468	-0.037
3555.625	-0.037
3555.808	-0.037
3555.963	-0.037
3556.120	-0.037
3556.302	-0.037
3556.458	-0.037
3556.642	-0.037
3556.797	-0.037
3556.953	-0.037
3557.135	-0.037
3557.292	-0.037
3557.475	-0.037
3557.630	-0.037
3557.787	-0.037
3557.968	-0.037
3558.125	-0.037
3558.308	-0.037
3558.463	-0.037
3558.620	-0.037
3558.802	-0.037
3558.958	-0.037
3559.142	-0.037
3559.297	-0.037
3559.453	-0.036
3559.635	-0.037
3559.792	-0.037
3559.975	-0.037
3560.130	-0.037
3560.287	-0.036
3560.468	-0.037
3560.625	-0.037
3560.808	-0.037
3560.963	-0.037
3561.120	-0.037
3561.302	-0.037
3561.458	-0.037
3561.642	-0.037
3561.797	-0.036
3561.953	-0.035
3562.135	-0.037
3562.292	-0.037
3562.475	-0.037
3562.630	-0.034
3562.787	-0.035
3562.968	-0.036
3563.125	-0.034
3563.308	-0.036
3563.463	-0.036
3563.620	-0.036
3563.802	-0.033
3563.958	-0.036
3564.142	-0.035
3564.297	-0.036
3564.453	-0.037
3564.635	-0.036
3564.792	-0.035
3564.975	-0.033
3565.130	-0.035
3565.287	-0.037
3565.468	-0.035
3565.625	-0.034
3565.808	-0.035
3565.963	-0.036
3566.120	-0.036
3566.302	-0.033
3566.458	-0.035
3566.642	-0.036
3566.797	-0.034
3566.953	-0.034
3567.135	-0.033
3567.292	-0.034
3567.475	-0.036
3567.630	-0.034
3567.787	-0.032
3567.968	-0.033
3568.125	-0.035
3568.308	-0.034
3568.463	-0.035
3568.620	-0.034
3568.802	-0.032
3568.958	-0.035
3569.142	-0.034
3569.297	-0.032
3569.453	-0.033
3569.635	-0.034
3569.792	-0.033
3569.975	-0.032
3570.130	-0.032
3570.287	-0.032
3570.468	-0.033
3570.625	-0.033
3570.808	-0.032
3570.963	-0.032
3571.120	-0.033
3571.302	-0.033
3571.458	-0.035
3571.642	-0.032
3571.797	-0.032
3571.953	-0.034
3572.135	-0.032
3572.292	-0.032
3572.475	-0.032
3572.630	-0.032
3572.787	-0.032
3572.968	-0.033
3573.125	-0.032
3573.308	-0.032
3573.463	-0.032
3573.620	-0.032
3573.802	-0.032
3573.958	-0.034
3574.142	-0.032
3574.297	-0.032
3574.453	-0.032
3574.635	-0.032
3574.792	-0.032
3574.975	-0.033
3575.130	-0.032
3575.287	-0.032
3575.468	-0.033
3575.625	-0.032
3575.808	-0.032
3575.963	-0.032
3576.120	-0.032
3576.302	-0.032
3576.458	-0.032
3576.642	-0.032
3576.797	-0.033
3576.953	-0.032
3577.135	-0.032
3577.292	-0.032
3577.475	-0.032
3577.630	-0.032
3577.787	-0.032
3577.968	-0.033
3578.125	-0.032
3578.308	-0.032
3578.463	-0.032
3578.620	-0.032
3578.802	-0.032
3578.958	-0.032
3579.142	-0.032
3579.297	-0.032
3579.453	-0.032
3579.635	-0.032
3579.792	-0.032
3579.975	-0.032
3580.130	-0.032
3580.287	-0.032
3580.468	-0.032
3580.625	-0.032
3580.808	-0.032
3580.963	-0.032
3581.120	-0.032
3581.302	-0.032
3581.458	-0.032
3581.642	-0.032
3581.797	-0.032
3581.953	-0.032
3582.135	-0.032
3582.292	-0.032
3582.475	-0.032
3582.630	-0.032
3582.787	-0.032
3582.968	-0.032
3583.125	-0.032
3583.282	-0.032
3583.463	-0.032
3583.620	-0.032
3583.802	-0.032
3583.958	-0.032
3584.142	-0.032
3584.297	-0.032
3584.453	-0.032
3584.635	-0.032
3584.792	-0.032
3584.975	-0.032
3585.130	-0.032
3585.287	-0.032
3585.468	-0.032
3585.625	-0.032
3585.808	-0.032
3585.963	-0.032
3586.120	-0.032
3586.302	-0.032
3586.458	-0.032
3586.642	-0.032
3586.797	-0.032
3586.953	-0.032
3587.135	-0.032
3587.292	-0.032
3587.475	-0.032
3587.630	-0.032
3587.787	-0.032
3587.968	-0.032
3588.125	-0.032
3588.308	-0.032
3588.463	-0.032
3588.620	-0.032
3588.802	-0.032
3588.958	-0.032
3589.142	-0.032
3589.297	-0.032
3589.453	-0.032
3589.635	-0.032
3589.792	-0.032
3589.975	-0.032
3590.130	-0.032
3590.287	-0.032
3590.468	-0.032
3590.625	-0.032
3590.808	-0.032
3590.963	-0.032
3591.120	-0.032
3591.302	-0.032
3591.458	-0.032
3591.642	-0.032
3591.797	-0.032
3591.953	-0.032
3592.135	-0.032
3592.292	-0.031
3592.475	-0.032
3592.630	-0.032
3592.787	-0.032
3592.968	-0.032
3593.125	-0.032
3593.308	-0.032
3593.463	-0.032
3593.620	-0.032
3593.802	-0.032
3593.958	-0.032
3594.142	-0.032
3594.297	-0.032
3594.453	-0.032
3594.635	-0.032
3594.792	-0.032
3594.975	-0.032
3595.130	-0.032
3595.287	-0.032
3595.468	-0.031
3595.625	-0.032
3595.808	-0.032
3595.963	-0.032
3596.120	-0.032
3596.302	-0.031
3596.458	-0.032
3596.642	-0.032
3596.797	-0.032
3596.953	-0.031
3597.135	-0.032
3597.292	-0.030
3597.475	-0.031
3597.630	-0.032
3597.787	-0.029
3597.968	-0.031
3598.125	-0.031
3598.308	-0.030
3598.463	-0.032
3598.620	-0.031
3598.802	-0.032
3598.958	-0.030
3599.142	-0.031
3599.297	-0.031
3599.453	-0.029
3599.635	-0.032
3599.792	-0.031
3599.975	-0.028
3600.130	-0.030
3600.287	-0.030
3600.468	-0.030
3600.625	-0.032
3600.808	-0.031
3600.963	-0.029
3601.120	-0.031
3601.302	-0.031
3601.458	-0.029
3601.642	-0.030
3601.797	-0.027
3601.953	-0.030
3602.135	-0.029
3602.292	-0.029
3602.475	-0.028
3602.630	-0.028
3602.787	-0.029
3602.968	-0.029
3603.125	-0.029
3603.308	-0.029
3603.463	-0.027
3603.620	-0.029
3603.802	-0.027
3603.958	-0.030
3604.142	-0.029
3604.297	-0.029
3604.453	-0.027
3604.635	-0.027
3604.792	-0.028
3604.975	-0.027
3605.130	-0.027
3605.287	-0.028
3605.468	-0.028
3605.625	-0.027
3605.808	-0.030
3605.963	-0.028
3606.120	-0.027
3606.302	-0.027
3606.458	-0.027
3606.642	-0.027
3606.797	-0.027
3606.953	-0.027
3607.135	-0.028
3607.292	-0.027
3607.475	-0.028
3607.630	-0.027
3607.787	-0.027
3607.968	-0.028
3608.125	-0.028
3608.308	-0.027
3608.463	-0.028
3608.620	-0.027
3608.802	-0.027
3608.958	-0.027
3609.142	-0.027
3609.297	-0.027
3609.453	-0.027
3609.635	-0.027
3609.792	-0.027
3609.975	-0.027
3610.130	-0.027
3610.287	-0.027
3610.468	-0.028
3610.625	-0.027
3610.808	-0.027
3610.963	-0.027
3611.120	-0.027
3611.302	-0.027
3611.458	-0.027
3611.642	-0.027
3611.797	-0.027
3611.953	-0.027
3612.135	-0.027
3612.292	-0.027
3612.475	-0.027
3612.630	-0.028
3612.787	-0.027
3612.968	-0.027
3613.125	-0.027
3613.308	-0.027
3613.463	-0.027
3613.620	-0.027
3613.802	-0.027
3613.958	-0.027
3614.142	-0.027
3614.297	-0.027
3614.453	-0.027
3614.635	-0.027
3614.792	-0.027
3614.975	-0.027
3615.130	-0.027
3615.287	-0.027
3615.468	-0.027
3615.625	-0.027
3615.808	-0.027
3615.963	-0.027
3616.120	-0.027
3616.302	-0.027
3616.458	-0.027
3616.642	-0.027
3616.797	-0.027
3616.953	-0.027
3617.135	-0.027
3617.292	-0.027
3617.475	-0.027
3617.630	-0.027
3617.787	-0.027
3617.968	-0.027
3618.125	-0.027
3618.308	-0.027
3618.463	-0.027
3618.620	-0.027
3618.802	-0.027
3618.958	-0.027
3619.142	-0.027
3619.297	-0.027
3619.453	-0.027
3619.635	-0.027
3619.792	-0.027
3619.975	-0.027
3620.130	-0.027
3620.287	-0.027
3620.468	-0.027
3620.625	-0.027
3620.808	-0.027
3620.963	-0.027
3621.120	-0.027
3621.302	-0.027
3621.458	-0.027
3621.642	-0.027
3621.797	-0.026
3621.953	-0.026
3622.135	-0.026
3622.292	-0.026
3622.475	-0.026
3622.630	-0.026
3622.787	-0.026
3622.968	-0.027
3623.125	-0.026
3623.282	-0.026
3623.463	-0.027
3623.620	-0.027
3623.802	-0.027
3623.958	-0.027
3624.115	-0.026
3624.297	-0.026
3624.453	-0.027
3624.635	-0.026
3624.792	-0.026
3624.948	-0.027
3625.130	-0.026
3625.287	-0.024
3625.468	-0.026
3625.625	-0.026
3625.808	-0.026
3625.963	-0.025
3626.120	-0.026
3626.302	-0.026
3626.458	-0.026
3626.615	-0.026
3626.797	-0.026
3626.953	-0.026
3627.135	-0.025
3627.292	-0.025
3627.448	-0.026
3627.630	-0.026
3627.787	-0.025
3627.968	-0.026
3628.125	-0.026
3628.282	-0.026
3628.463	-0.026
3628.620	-0.024
3628.802	-0.025
3628.958	-0.026
3629.115	-0.026
3629.297	-0.023
3629.453	-0.024
3629.635	-0.025
3629.792	-0.024
3629.948	-0.024
3630.130	-0.024
3630.287	-0.025
3630.468	-0.024
3630.625	-0.024
3630.782	-0.023
3630.963	-0.025
3631.120	-0.023
3631.302	-0.024
3631.458	-0.023
3631.615	-0.022
3631.797	-0.024
3631.953	-0.024
3632.135	-0.022
3632.292	-0.025
3632.448	-0.024
3632.630	-0.022
3632.787	-0.022
3632.968	-0.022
3633.125	-0.024
3633.282	-0.023
3633.463	-0.024
3633.620	-0.023
3633.802	-0.022
3633.958	-0.022
3634.115	-0.022
3634.297	-0.023
3634.453	-0.023
3634.635	-0.022
3634.792	-0.022
3634.948	-0.022
3635.130	-0.022
3635.287	-0.022
3635.468	-0.022
3635.625	-0.022
3635.782	-0.022
3635.963	-0.022
3636.120	-0.022
3636.302	-0.022
3636.458	-0.022
3636.615	-0.022
3636.797	-0.022
3636.953	-0.022
3637.135	-0.022
3637.292	-0.022
3637.448	-0.022
3637.630	-0.022
3637.787	-0.022
3637.968	-0.022
3638.125	-0.022
3638.282	-0.022
3638.463	-0.022
3638.620	-0.022
3638.802	-0.022
3638.958	-0.022
3639.115	-0.022
3639.297	-0.022
3639.453	-0.022
3639.635	-0.022
3639.792	-0.022
3639.948	-0.022
3640.130	-0.022
3640.287	-0.022
3640.468	-0.022
3640.625	-0.023
3640.782	-0.022
3640.963	-0.022
3641.120	-0.022
3641.302	-0.022
3641.458	-0.022
3641.615	-0.022
3641.797	-0.022
3641.953	-0.022
3642.135	-0.022
3642.292	-0.022
3642.448	-0.022
3642.630	-0.022
3642.787	-0.022
3642.968	-0.022
3643.125	-0.022
3643.282	-0.022
3643.463	-0.022
3643.620	-0.022
3643.802	-0.022
3643.958	-0.022
3644.115	-0.022
3644.297	-0.022
3644.453	-0.022
3644.635	-0.022
3644.792	-0.022
3644.948	-0.022
3645.130	-0.022
3645.287	-0.022
3645.468	-0.022
3645.625	-0.022
3645.782	-0.022
3645.963	-0.022
3646.120	-0.022
3646.302	-0.022
3646.458	-0.022
3646.615	-0.022
3646.797	-0.022
3646.953	-0.022
3647.135	-0.022
3647.292	-0.021
3647.448	-0.022
3647.630	-0.022
3647.787	-0.022
3647.968	-0.022
3648.125	-0.022
3648.282	-0.022
3648.463	-0.022
3648.620	-0.021
3648.802	-0.022
3648.958	-0.022
3649.115	-0.021
3649.297	-0.022
3649.453	-0.022
3649.635	-0.021
3649.792	-0.022
3649.948	-0.021
3650.130	-0.022
3650.287	-0.022
3650.468	-0.020
3650.625	-0.021
3650.782	-0.022
3650.963	-0.021
3651.120	-0.020
3651.302	-0.022
3651.458	-0.022
3651.615	-0.021
3651.797	-0.022
3651.953	-0.022
3652.135	-0.022
3652.292	-0.022
3652.475	-0.020
3652.630	-0.021
3652.787	-0.021
3652.968	-0.022
3653.125	-0.022
3653.282	-0.021
3653.463	-0.020
3653.620	-0.020
3653.802	-0.021
3653.958	-0.019
3654.115	-0.022
3654.297	-0.020
3654.453	-0.018
3654.635	-0.020
3654.792	-0.021
3654.948	-0.019
3655.130	-0.019
3655.287	-0.018
3655.468	-0.019
3655.625	-0.019
3655.782	-0.020
3655.963	-0.020
3656.120	-0.017
3656.302	-0.018
3656.458	-0.018
3656.615	-0.020
3656.797	-0.019
3656.953	-0.019
3657.135	-0.019
3657.292	-0.020
3657.448	-0.018
3657.630	-0.017
3657.787	-0.018
3657.968	-0.017
3658.125	-0.018
3658.282	-0.018
3658.463	-0.017
3658.620	-0.018
3658.802	-0.018
3658.958	-0.017
3659.115	-0.019
3659.297	-0.018
3659.453	-0.020
3659.635	-0.018
3659.792	-0.018
3659.948	-0.018
3660.130	-0.018
3660.287	-0.017
3660.468	-0.017
3660.625	-0.017
3660.782	-0.017
3660.963	-0.017
3661.120	-0.017
3661.302	-0.017
3661.458	-0.017
3661.615	-0.017
3661.797	-0.017
3661.953	-0.017
3662.135	-0.017
3662.292	-0.017
3662.448	-0.017
3662.630	-0.017
3662.787	-0.017
3662.968	-0.017
3663.125	-0.017
3663.282	-0.017
3663.463	-0.017
3663.620	-0.017
3663.802	-0.017
3663.958	-0.017
3664.115	-0.017
3664.297	-0.017
3664.453	-0.017
3664.635	-0.017
3664.792	-0.017
3664.948	-0.017
3665.130	-0.017
3665.287	-0.017
3665.468	-0.017
3665.625	-0.017
3665.782	-0.017
3665.963	-0.017
3666.120	-0.017
3666.302	-0.017
3666.458	-0.017
3666.615	-0.017
3666.797	-0.017
3666.953	-0.017
3667.135	-0.017
3667.292	-0.017
3667.448	-0.017
3667.630	-0.017
3667.787	-0.017
3667.968	-0.017
3668.125	-0.017
3668.282	-0.017
3668.463	-0.017
3668.620	-0.017
3668.802	-0.017
3668.958	-0.017
3669.115	-0.017
3669.297	-0.017
3669.453	-0.017
3669.635	-0.017
3669.792	-0.017
3669.948	-0.017
3670.130	-0.017
3670.287	-0.017
3670.468	-0.017
3670.625	-0.017
3670.782	-0.017
3670.963	-0.017
3671.120	-0.017
3671.302	-0.017
3671.458	-0.017
3671.615	-0.017
3671.797	-0.017
3671.953	-0.017
3672.135	-0.017
3672.292	-0.017
3672.448	-0.017
3672.630	-0.017
3672.787	-0.017
3672.968	-0.017
3673.125	-0.017
3673.282	-0.017
3673.463	-0.017
3673.620	-0.017
3673.802	-0.017
3673.958	-0.017
3674.115	-0.017
3674.297	-0.017
3674.453	-0.017
3674.635	-0.017
3674.792	-0.017
3674.948	-0.017
3675.130	-0.017
3675.287	-0.017
3675.468	-0.017
3675.625	-0.017
3675.782	-0.017
3675.963	-0.017
3676.120	-0.017
3676.302	-0.017
3676.458	-0.017
3676.615	-0.017
3676.797	-0.017
3676.953	-0.017
3677.135	-0.017
3677.292	-0.017
3677.448	-0.017
3677.630	-0.017
3677.787	-0.017
3677.968	-0.017
3678.125	-0.017
3678.282	-0.017
3678.463	-0.017
3678.620	-0.017
3678.802	-0.017
3678.958	-0.016
3679.115	-0.016
3679.297	-0.017
3679.453	-0.017
3679.635	-0.017
3679.792	-0.017
3679.948	-0.017
3680.130	-0.017
3680.287	-0.017
3680.468	-0.017
3680.625	-0.016
3680.782	-0.015
3680.963	-0.015
3681.120	-0.016
3681.302	-0.015
3681.458	-0.017
3681.615	-0.015
3681.797	-0.017
3681.953	-0.015
3682.135	-0.015
3682.292	-0.017
3682.448	-0.015
3682.630	-0.017
3682.787	-0.015
3682.968	-0.016
3683.125	-0.017
3683.282	-0.015
3683.463	-0.016
3683.620	-0.016
3683.802	-0.016
3683.958	-0.017
3684.115	-0.017
3684.297	-0.016
3684.453	-0.016
3684.635	-0.015
3684.792	-0.014
3684.948	-0.015
3685.130	-0.014
3685.287	-0.015
3685.468	-0.016
3685.625	-0.015
3685.782	-0.015
3685.963	-0.015
3686.120	-0.015
3686.302	-0.015
3686.458	-0.012
3686.615	-0.014
3686.797	-0.012
3686.953	-0.015
3687.135	-0.013
3687.292	-0.014
3687.448	-0.014
3687.630	-0.013
3687.787	-0.012
3687.968	-0.015
3688.125	-0.014
3688.282	-0.013
3688.463	-0.012
3688.620	-0.013
3688.802	-0.014
3688.958	-0.012
3689.115	-0.014
3689.297	-0.012
3689.453	-0.012
3689.635	-0.013
3689.792	-0.012
3689.948	-0.012
3690.130	-0.013
3690.287	-0.012
3690.468	-0.012
3690.625	-0.012
3690.782	-0.012
3690.963	-0.012
3691.120	-0.013
3691.302	-0.012
3691.458	-0.012
3691.615	-0.012
3691.797	-0.012
3691.953	-0.012
3692.135	-0.012
3692.292	-0.012
3692.448	-0.012
3692.630	-0.012
3692.787	-0.012
3692.968	-0.012
3693.125	-0.012
3693.282	-0.012
3693.463	-0.012
3693.620	-0.012
3693.802	-0.012
3693.958	-0.012
3694.115	-0.012
3694.297	-0.012
3694.453	-0.012
3694.635	-0.012
3694.792	-0.012
3694.948	-0.012
3695.130	-0.012
3695.287	-0.012
3695.468	-0.012
3695.625	-0.012
3695.782	-0.012
3695.963	-0.012
3696.120	-0.012
3696.302	-0.012
3696.458	-0.012
3696.615	-0.011
3696.797	-0.012
3696.953	-0.012
3697.135	-0.012
3697.292	-0.011
3697.448	-0.012
3697.630	-0.012
3697.787	-0.012
3697.968	-0.012
3698.125	-0.012
3698.282	-0.012
3698.463	-0.012
3698.620	-0.011
3698.802	-0.011
3698.958	-0.012
3699.115	-0.011
3699.297	-0.012
3699.453	-0.012
3699.635	-0.012
3699.792	-0.012
3699.948	-0.011
3700.130	-0.011
3700.287	-0.012
3700.468	-0.011
3700.625	-0.010
3700.782	-0.011
3700.963	-0.009
3701.120	-0.009
3701.302	-0.012
3701.458	-0.009
3701.615	-0.011
3701.797	-0.012
3701.953	-0.010
3702.135	-0.011
3702.292	-0.010
3702.448	-0.009
3702.630	-0.009
3702.787	-0.009
3702.968	-0.011
3703.125	-0.009
3703.282	-0.010
3703.463	-0.010
3703.620	-0.010
3703.802	-0.009
3703.958	-0.011
3704.115	-0.009
3704.297	-0.009
3704.453	-0.008
3704.635	-0.009
3704.792	-0.007
3704.948	-0.009
3705.130	-0.008
3705.287	-0.008
3705.468	-0.008
3705.625	-0.007
3705.782	-0.007
3705.963	-0.009
3706.120	-0.008
3706.302	-0.007
3706.458	-0.007
3706.615	-0.007
3706.797	-0.007
3706.953	-0.008
3707.135	-0.007
3707.292	-0.008
3707.448	-0.007
3707.630	-0.007
3707.787	-0.008
3707.968	-0.007
3708.125	-0.007
3708.282	-0.007
3708.463	-0.007
3708.620	-0.008
3708.802	-0.007
3708.958	-0.007
3709.115	-0.007
3709.297	-0.007
3709.453	-0.007
3709.635	-0.007
3709.792	-0.007
3709.948	-0.007
3710.130	-0.007
3710.287	-0.007
3710.468	-0.007
3710.625	-0.007
3710.782	-0.007
3710.963	-0.007
3711.120	-0.007
3711.302	-0.007
3711.458	-0.007
3711.615	-0.007
3711.797	-0.007
3711.953	-0.007
3712.135	-0.007
3712.292	-0.007
3712.448	-0.007
3712.630	-0.007
3712.787	-0.007
3712.968	-0.007
3713.125	-0.007
3713.282	-0.007
3713.463	-0.007
3713.620	-0.007
3713.802	-0.007
3713.958	-0.007
3714.115	-0.007
3714.297	-0.007
3714.453	-0.007
3714.635	-0.007
3714.792	-0.007
3714.948	-0.007
3715.130	-0.007
3715.287	-0.007
3715.468	-0.007
3715.625	-0.007
3715.782	-0.007
3715.963	-0.007
3716.120	-0.007
3716.302	-0.007
3716.458	-0.007
3716.615	-0.007
3716.797	-0.007
3716.953	-0.007
3717.135	-0.007
3717.292	-0.007
3717.448	-0.007
3717.630	-0.007
3717.787	-0.007
3717.968	-0.007
3718.125	-0.007
3718.282	-0.007
3718.463	-0.006
3718.620	-0.007
3718.802	-0.007
3718.958	-0.005
3719.115	-0.007
3719.297	-0.006
3719.453	-0.006
3719.635	-0.007
3719.792	-0.007
3719.948	-0.006
3720.130	-0.007
3720.287	-0.007
3720.468	-0.007
3720.625	-0.007
3720.782	-0.006
3720.963	-0.006
3721.120	-0.007
3721.302	-0.005
3721.458	-0.007
3721.615	-0.004
3721.797	-0.006
3721.953	-0.007
3722.135	-0.006
3722.292	-0.006
3722.448	-0.003
3722.630	-0.006
3722.787	-0.005
3722.968	-0.004
3723.125	-0.005
3723.282	-0.003
3723.463	-0.003
3723.620	-0.003
3723.777	-0.003
3723.958	-0.004
3724.115	-0.004
3724.297	-0.003
3724.453	-0.005
3724.635	-0.004
3724.792	-0.003
3724.948	-0.003
3725.130	-0.003
3725.287	-0.003
3725.468	-0.003
3725.625	-0.003
3725.782	-0.002
3725.963	-0.002
3726.120	-0.003
3726.302	-0.002
3726.458	-0.002
3726.615	-0.002
3726.797	-0.003
3726.953	-0.002
3727.135	-0.003
3727.292	-0.002
3727.448	-0.002
3727.630	-0.002
3727.787	-0.002
3727.943	-0.002
3728.125	-0.002
3728.282	-0.002
3728.463	-0.002
3728.620	-0.002
3728.777	-0.002
3728.958	-0.002
3729.115	-0.002
3729.297	-0.002
3729.453	-0.002
3729.635	-0.002
3729.792	-0.002
3729.948	-0.002
3730.130	-0.002
3730.287	-0.002
3730.443	-0.002
3730.625	-0.002
3730.782	-0.002
3730.963	-0.002
3731.120	-0.002
3731.277	-0.002
3731.458	-0.002
3731.615	-0.002
3731.797	-0.002
3731.953	-0.002
3732.110	-0.002
3732.292	-0.002
3732.448	-0.002
3732.630	-0.002
3732.787	-0.002
3732.943	-0.002
3733.125	-0.002
3733.282	-0.002
3733.463	-0.002
3733.620	-0.002
3733.777	-0.002
3733.958	-0.002
3734.115	-0.002
3734.297	-0.002
3734.453	-0.002
3734.610	-0.002
3734.792	-0.002
3734.948	-0.002
3735.130	-0.002
3735.287	-0.002
3735.468	-0.002
3735.625	-0.002
3735.782	-0.002
3735.963	-0.002
3736.120	-0.002
3736.302	-0.002
3736.458	-0.002
3736.615	-0.002
3736.797	-0.002
3736.953	-0.002
3737.135	-0.002
3737.292	0.000
3737.448	-0.002
3737.630	-0.002
3737.787	-0.001
3737.968	-0.002
3738.125	0.000
3738.282	-0.002
3738.463	-0.001
3738.620	0.000
3738.802	0.000
3738.958	-0.001
3739.115	-0.001
3739.297	0.000
3739.453	-0.002
3739.610	0.000
3739.792	-0.002
3739.948	-0.001
3740.130	0.000
3740.287	0.000
3740.468	0.000
3740.625	0.000
3740.782	-0.001
3740.963	0.000
3741.120	0.001
3741.302	0.002
3741.458	0.000
3741.615	0.000
3741.797	0.000
3741.953	0.001
3742.110	0.002
3742.292	0.001
3742.448	0.000
3742.630	0.002
3742.787	0.002
3742.943	0.001
3743.125	0.001
3743.282	0.001
3743.463	0.002
3743.620	0.002
3743.777	0.002
3743.958	0.003
3744.115	0.003
3744.297	0.003
3744.453	0.002
3744.610	0.003
3744.792	0.002
3744.948	0.002
3745.130	0.003
3745.287	0.002
3745.443	0.003
3745.625	0.003
3745.782	0.003
3745.963	0.003
3746.120	0.003
3746.277	0.003
3746.458	0.003
3746.615	0.003
3746.797	0.003
3746.953	0.003
3747.110	0.003
3747.292	0.003
3747.448	0.003
3747.630	0.003
3747.787	0.003
3747.943	0.003
3748.125	0.003
3748.282	0.003
3748.463	0.003
3748.620	0.003
3748.777	0.003
3748.958	0.003
3749.115	0.003
3749.297	0.003
3749.453	0.003
3749.610	0.003
3749.792	0.003
3749.948	0.002
3750.130	0.003
3750.287	0.003
3750.468	0.003
3750.625	0.003
3750.782	0.003
3750.963	0.003
3751.120	0.003
3751.277	0.003
3751.458	0.003
3751.615	0.003
3751.797	0.003
3751.953	0.003
3752.110	0.003
3752.292	0.003
3752.448	0.003
3752.630	0.003
3752.787	0.003
3752.943	0.003
3753.125	0.003
3753.282	0.003
3753.463	0.003
3753.620	0.003
3753.777	0.003
3753.958	0.003
3754.115	0.003
3754.297	0.003
3754.453	0.003
3754.610	0.003
3754.792	0.003
3754.948	0.003
3755.130	0.003
3755.287	0.003
3755.443	0.003
3755.625	0.003
3755.782	0.003
3755.963	0.003
3756.120	0.003
3756.277	0.003
3756.458	0.003
3756.615	0.003
3756.797	0.004
3756.953	0.003
3757.110	0.003
3757.292	0.003
3757.448	0.003
3757.630	0.003
3757.787	0.003
3757.943	0.003
3758.125	0.003
3758.282	0.003
3758.463	0.006
3758.620	0.003
3758.777	0.005
3758.958	0.005
3759.115	0.003
3759.297	0.005
3759.453	0.007
3759.610	0.003
3759.792	0.004
3759.948	0.005
3760.130	0.005
3760.287	0.004
3760.468	0.006
3760.625	0.005
3760.782	0.008
3760.963	0.006
3761.120	0.007
3761.302	0.006
3761.458	0.006
3761.615	0.004
3761.797	0.008
3761.953	0.008
3762.135	0.008
3762.292	0.008
3762.448	0.008
3762.630	0.008
3762.787	0.008
3762.968	0.008
3763.125	0.008
3763.282	0.008
3763.463	0.008
3763.620	0.008
3763.802	0.008
3763.958	0.008
3764.115	0.008
3764.297	0.008
3764.453	0.008
3764.635	0.008
3764.792	0.008
3764.948	0.008
3765.130	0.008
3765.287	0.008
3765.468	0.008
3765.625	0.008
3765.782	0.008
3765.963	0.008
3766.120	0.008
3766.302	0.008
3766.458	0.008
3766.615	0.008
3766.797	0.008
3766.953	0.008
3767.135	0.008
3767.292	0.009
3767.448	0.008
3767.630	0.008
3767.787	0.008
3767.943	0.008
3768.125	0.008
3768.282	0.008
3768.463	0.008
3768.620	0.008
3768.777	0.008
3768.958	0.008
3769.115	0.008
3769.297	0.008
3769.453	0.008
3769.610	0.008
3769.792	0.008
3769.948	0.008
3770.130	0.009
3770.287	0.008
3770.443	0.008
3770.625	0.008
3770.782	0.010
3770.963	0.009
3771.120	0.008
3771.302	0.008
3771.458	0.008
3771.615	0.008
3771.797	0.009
3771.953	0.009
3772.110	0.008
3772.292	0.010
3772.448	0.009
3772.630	0.008
3772.787	0.010
3772.943	0.011
3773.125	0.009
3773.282	0.009
3773.463	0.008
3773.620	0.010
3773.777	0.011
3773.958	0.012
3774.115	0.011
3774.297	0.011
3774.453	0.010
3774.610	0.013
3774.792	0.011
3774.948	0.012
3775.130	0.012
3775.287	0.012
3775.468	0.012
3775.625	0.014
3775.782	0.012
3775.963	0.014
3776.120	0.014
3776.277	0.014
3776.458	0.012
3776.615	0.013
3776.797	0.014
3776.953	0.014
3777.110	0.014
3777.292	0.013
3777.448	0.014
3777.630	0.014
3777.787	0.014
3777.943	0.014
3778.125	0.014
3778.282	0.014
3778.463	0.014
3778.620	0.014
3778.777	0.014
3778.958	0.014
3779.115	0.013
3779.297	0.014
3779.453	0.014
3779.610	0.014
3779.792	0.014
3779.948	0.014
3780.130	0.014
3780.287	0.014
3780.443	0.014
3780.625	0.014
3780.782	0.014
3780.963	0.014
3781.120	0.014
3781.277	0.014
3781.458	0.014
3781.615	0.014
3781.797	0.014
3781.953	0.014
3782.110	0.014
3782.292	0.014
3782.448	0.014
3782.630	0.014
3782.787	0.014
3782.943	0.014
3783.125	0.014
3783.282	0.014
3783.463	0.014
3783.620	0.014
3783.777	0.014
3783.958	0.014
3784.115	0.014
3784.297	0.014
3784.453	0.014
3784.610	0.014
3784.792	0.014
3784.948	0.015
3785.130	0.015
3785.287	0.014
3785.443	0.017
3785.625	0.016
3785.782	0.015
3785.963	0.014
3786.120	0.015
3786.302	0.014
3786.458	0.019
3786.615	0.016
3786.797	0.018
3786.953	0.017
3787.110	0.018
3787.292	0.019
3787.448	0.018
3787.630	0.017
3787.787	0.018
3787.943	0.019
3788.125	0.019
3788.282	0.019
3788.463	0.017
3788.620	0.018
3788.777	0.019
3788.958	0.019
3789.115	0.019
3789.297	0.019
3789.453	0.019
3789.610	0.019
3789.792	0.019
3789.948	0.019
3790.130	0.019
3790.287	0.019
3790.443	0.019
3790.625	0.019
3790.782	0.019
3790.963	0.018
3791.120	0.019
3791.277	0.019
3791.458	0.019
3791.615	0.019
3791.797	0.019
3791.953	0.019
3792.110	0.019
3792.292	0.019
3792.448	0.019
3792.630	0.019
3792.787	0.019
3792.943	0.019
3793.125	0.019
3793.282	0.019
3793.463	0.019
3793.620	0.019
3793.777	0.019
3793.958	0.019
3794.115	0.019
3794.297	0.019
3794.453	0.019
3794.610	0.019
3794.792	0.019
3794.948	0.019
3795.130	0.019
3795.287	0.019
3795.443	0.019
3795.625	0.019
3795.782	0.019
3795.963	0.019
3796.120	0.019
3796.277	0.019
3796.458	0.019
3796.615	0.019
3796.797	0.019
3796.953	0.019
3797.110	0.019
3797.292	0.019
3797.448	0.019
3797.630	0.019
3797.787	0.019
3797.943	0.019
3798.125	0.019
3798.282	0.019
3798.463	0.019
3798.620	0.019
3798.777	0.019
3798.958	0.019
3799.115	0.019
3799.297	0.019
3799.453	0.020
3799.610	0.019
3799.792	0.019
3799.948	0.019
3800.130	0.019
3800.287	0.019
3800.443	0.019
3800.625	0.019
3800.782	0.019
3800.963	0.020
3801.120	0.019
3801.277	0.019
3801.458	0.022
3801.615	0.021
3801.797	0.021
3801.953	0.022
3802.110	0.022
3802.292	0.019
3802.448	0.020
3802.630	0.019
3802.787	0.021
3802.943	0.020
3803.125	0.023
3803.282	0.023
3803.463	0.024
3803.620	0.023
3803.777	0.021
3803.958	0.023
3804.115	0.023
3804.297	0.023
3804.453	0.022
3804.610	0.023
3804.792	0.023
3804.948	0.023
3805.130	0.023
3805.287	0.024
3805.443	0.021
3805.625	0.023
3805.782	0.024
3805.938	0.024
3806.120	0.024
3806.277	0.024
3806.458	0.024
3806.615	0.024
3806.797	0.023
3806.953	0.024
3807.110	0.024
3807.292	0.024
3807.448	0.024
3807.630	0.024
3807.787	0.024
3807.943	0.024
3808.125	0.024
3808.282	0.024
3808.463	0.024
3808.620	0.024
3808.777	0.023
3808.958	0.024
3809.115	0.024
3809.297	0.024
3809.453	0.024
3809.610	0.024
3809.792	0.024
3809.948	0.024
3810.130	0.024
3810.287	0.024
3810.443	0.024
3810.625	0.024
3810.782	0.024
3810.963	0.024
3811.120	0.024
3811.277	0.024
3811.458	0.024
3811.615	0.024
3811.797	0.024
3811.953	0.024
3812.110	0.024
3812.292	0.024
3812.448	0.024
3812.630	0.024
3812.787	0.024
3812.943	0.024
3813.125	0.024
3813.282	0.024
3813.463	0.024
3813.620	0.024
3813.777	0.024
3813.958	0.024
3814.115	0.024
3814.297	0.024
3814.453	0.024
3814.610	0.024
3814.792	0.024
3814.948	0.024
3815.130	0.025
3815.287	0.024
3815.443	0.024
3815.625	0.024
3815.782	0.024
3815.963	0.024
3816.120	0.025
3816.277	0.024
3816.458	0.024
3816.615	0.024
3816.797	0.024
3816.953	0.024
3817.110	0.024
3817.292	0.025
3817.448	0.024
3817.630	0.025
3817.787	0.024
3817.943	0.025
3818.125	0.025
3818.282	0.025
3818.463	0.027
3818.620	0.026
3818.777	0.025
3818.958	0.026
3819.115	0.026
3819.297	0.025
3819.453	0.025
3819.610	0.028
3819.792	0.027
3819.948	0.028
3820.130	0.026
3820.287	0.028
3820.443	0.027
3820.625	0.026
3820.782	0.028
3820.963	0.027
3821.120	0.027
3821.277	0.028
3821.458	0.028
3821.615	0.029
3821.797	0.029
3821.953	0.029
3822.110	0.029
3822.292	0.029
3822.448	0.029
3822.630	0.029
3822.787	0.029
3822.943	0.029
3823.125	0.029
3823.282	0.029
3823.463	0.029
3823.620	0.029
3823.777	0.029
3823.958	0.029
3824.115	0.029
3824.297	0.029
3824.453	0.029
3824.610	0.030
3824.792	0.029
3824.948	0.029
3825.130	0.029
3825.287	0.029
3825.443	0.029
3825.625	0.030
3825.782	0.029
3825.963	0.029
3826.120	0.029
3826.277	0.029
3826.458	0.029
3826.615	0.030
3826.772	0.029
3826.953	0.029
3827.110	0.029
3827.292	0.029
3827.448	0.029
3827.630	0.030
3827.787	0.031
3827.943	0.029
3828.125	0.031
3828.282	0.031
3828.463	0.032
3828.620	0.031
3828.777	0.030
3828.958	0.033
3829.115	0.032
3829.297	0.032
3829.453	0.031
3829.610	0.032
3829.792	0.032
3829.948	0.033
3830.130	0.033
3830.287	0.033
3830.443	0.033
3830.625	0.033
3830.782	0.033
3830.938	0.034
3831.120	0.034
3831.277	0.034
3831.458	0.033
3831.615	0.034
3831.797	0.034
3831.953	0.034
3832.110	0.034
3832.292	0.034
3832.448	0.034
3832.630	0.034
3832.787	0.034
3832.943	0.034
3833.125	0.034
3833.282	0.034
3833.463	0.034
3833.620	0.034
3833.777	0.034
3833.958	0.034
3834.115	0.034
3834.272	0.034
3834.453	0.034
3834.610	0.034
3834.792	0.034
3834.948	0.034
3835.130	0.034
3835.287	0.034
3835.443	0.034
3835.625	0.034
3835.782	0.034
3835.963	0.034
3836.120	0.034
3836.277	0.034
3836.458	0.034
3836.615	0.034
3836.772	0.034
3836.953	0.034
3837.110	0.034
3837.292	0.034
3837.448	0.034
3837.605	0.034
3837.787	0.034
3837.943	0.034
3838.125	0.034
3838.282	0.034
3838.438	0.034
3838.620	0.034
3838.777	0.035
3838.958	0.034
3839.115	0.034
3839.297	0.034
3839.453	0.034
3839.610	0.035
3839.792	0.035
3839.948	0.035
3840.130	0.035
3840.287	0.035
3840.443	0.036
3840.625	0.036
3840.782	0.036
3840.938	0.036
3841.120	0.035
3841.277	0.036
3841.458	0.037
3841.615	0.038
3841.797	0.036
3841.953	0.036
3842.110	0.038
3842.292	0.038
3842.448	0.038
3842.605	0.038
3842.787	0.039
3842.943	0.038
3843.125	0.038
3843.282	0.039
3843.463	0.039
3843.620	0.039
3843.777	0.037
3843.958	0.039
3844.115	0.039
3844.297	0.038
3844.453	0.039
3844.610	0.039
3844.792	0.039
3844.948	0.039
3845.105	0.039
3845.287	0.039
3845.443	0.039
3845.625	0.039
3845.782	0.039
3845.963	0.039
3846.120	0.039
3846.277	0.039
3846.458	0.039
3846.615	0.039
3846.772	0.039
3846.953	0.039
3847.110	0.039
3847.292	0.039
3847.448	0.039
3847.630	0.039
3847.787	0.039
3847.943	0.039
3848.125	0.039
3848.282	0.039
3848.438	0.039
3848.620	0.039
3848.777	0.039
3848.958	0.039
3849.115	0.039
3849.272	0.039
3849.453	0.039
3849.610	0.039
3849.792	0.039
3849.948	0.039
3850.105	0.039
3850.287	0.039
3850.443	0.039
3850.625	0.039
3850.782	0.039
3850.963	0.040
3851.120	0.039
3851.277	0.039
3851.458	0.039
3851.615	0.040
3851.772	0.039
3851.953	0.040
3852.110	0.040
3852.292	0.040
3852.448	0.041
3852.630	0.040
3852.787	0.042
3852.943	0.041
3853.125	0.041
3853.282	0.043
3853.438	0.042
3853.620	0.041
3853.777	0.042
3853.958	0.042
3854.115	0.043
3854.297	0.042
3854.453	0.042
3854.610	0.042
3854.792	0.044
3854.948	0.043
3855.130	0.044
3855.287	0.044
3855.443	0.043
3855.625	0.044
3855.782	0.044
3855.963	0.044
3856.120	0.044
3856.277	0.044
3856.458	0.044
3856.615	0.044
3856.797	0.044
3856.953	0.044
3857.110	0.044
3857.292	0.044
3857.448	0.044
3857.630	0.044
3857.787	0.044
3857.943	0.044
3858.125	0.044
3858.282	0.044
3858.463	0.044
3858.620	0.044
3858.777	0.044
3858.958	0.044
3859.115	0.044
3859.297	0.045
3859.453	0.044
3859.610	0.044
3859.792	0.044
3859.948	0.044
3860.130	0.044
3860.287	0.044
3860.443	0.044
3860.625	0.044
3860.782	0.044
3860.963	0.044
3861.120	0.045
3861.277	0.044
3861.458	0.044
3861.615	0.044
3861.797	0.045
3861.953	0.044
3862.110	0.044
3862.292	0.044
3862.448	0.045
3862.630	0.045
3862.787	0.048
3862.943	0.044
3863.125	0.046
3863.282	0.047
3863.463	0.048
3863.620	0.048
3863.777	0.048
3863.958	0.048
3864.115	0.047
3864.297	0.047
3864.453	0.049
3864.610	0.048
3864.792	0.048
3864.948	0.048
3865.130	0.049
3865.287	0.049
3865.443	0.049
3865.625	0.049
3865.782	0.049
3865.963	0.049
3866.120	0.049
3866.277	0.049
3866.458	0.049
3866.615	0.048
3866.772	0.049
3866.953	0.049
3867.110	0.049
3867.292	0.049
3867.448	0.049
3867.630	0.049
3867.787	0.049
3867.943	0.049
3868.125	0.049
3868.282	0.049
3868.438	0.049
3868.620	0.049
3868.777	0.049
3868.958	0.049
3869.115	0.049
3869.297	0.049
3869.453	0.049
3869.610	0.049
3869.792	0.049
3869.948	0.050
3870.105	0.049
3870.287	0.049
3870.443	0.049
3870.625	0.050
3870.782	0.049
3870.938	0.049
3871.120	0.050
3871.277	0.050
3871.458	0.051
3871.615	0.052
3871.797	0.051
3871.953	0.050
3872.110	0.052
3872.292	0.053
3872.448	0.052
3872.605	0.050
3872.787	0.053
3872.943	0.053
3873.125	0.053
3873.282	0.054
3873.438	0.053
3873.620	0.053
3873.777	0.054
3873.958	0.054
3874.115	0.054
3874.272	0.053
3874.453	0.054
3874.610	0.054
3874.792	0.054
3874.948	0.054
3875.105	0.054
3875.287	0.054
3875.443	0.054
3875.625	0.054
3875.782	0.054
3875.938	0.054
3876.120	0.054
3876.277	0.054
3876.458	0.054
3876.615	0.054
3876.772	0.054
3876.953	0.054
3877.110	0.054
3877.292	0.054
3877.448	0.054
3877.605	0.054
3877.787	0.055
3877.943	0.055
3878.125	0.054
3878.282	0.056
3878.463	0.056
3878.620	0.056
3878.777	0.055
3878.958	0.055
3879.115	0.056
3879.272	0.056
3879.453	0.057
3879.610	0.056
3879.792	0.058
3879.948	0.058
3880.130	0.059
3880.287	0.059
3880.443	0.059
3880.625	0.059
3880.782	0.059
3880.938	0.059
3881.120	0.059
3881.277	0.059
3881.458	0.059
3881.615	0.059
3881.772	0.059
3881.953	0.059
3882.110	0.059
3882.292	0.059
3882.448	0.059
3882.605	0.059
3882.787	0.059
3882.943	0.059
3883.125	0.059
3883.282	0.059
3883.438	0.059
3883.620	0.059
3883.777	0.059
3883.958	0.059
3884.115	0.059
3884.272	0.059
3884.453	0.060
3884.610	0.059
3884.792	0.059
3884.948	0.060
3885.105	0.059
3885.287	0.060
3885.443	0.060
3885.625	0.060
3885.782	0.060
3885.938	0.062
3886.120	0.062
3886.277	0.061
3886.458	0.061
3886.615	0.060
3886.772	0.062
3886.953	0.062
3887.110	0.062
3887.292	0.062
3887.448	0.065
3887.605	0.062
3887.787	0.065
3887.943	0.064
3888.125	0.063
3888.282	0.064
3888.463	0.065
3888.620	0.065
3888.777	0.064
3888.958	0.065
3889.115	0.065
3889.272	0.065
3889.453	0.065
3889.610	0.065
3889.792	0.065
3889.948	0.065
3890.130	0.065
3890.287	0.065
3890.443	0.065
3890.625	0.065
3890.782	0.065
3890.938	0.065
3891.120	0.065
3891.277	0.065
3891.458	0.065
3891.615	0.065
3891.772	0.065
3891.953	0.065
3892.110	0.065
3892.292	0.065
3892.448	0.065
3892.605	0.065
3892.787	0.065
3892.943	0.065
3893.125	0.065
3893.282	0.065
3893.463	0.065
3893.620	0.065
3893.777	0.065
3893.958	0.065
3894.115	0.065
3894.272	0.065
3894.453	0.065
3894.610	0.065
3894.792	0.065
3894.948	0.065
3895.130	0.066
3895.287	0.066
3895.443	0.067
3895.625	0.067
3895.782	0.067
3895.938	0.066
3896.120	0.067
3896.277	0.065
3896.458	0.069
3896.615	0.069
3896.797	0.070
3896.953	0.070
3897.110	0.070
3897.292	0.069
3897.448	0.070
3897.605	0.070
3897.787	0.070
3897.943	0.070
3898.125	0.070
3898.282	0.070
3898.463	0.070
3898.620	0.070
3898.777	0.070
3898.958	0.070
3899.115	0.070
3899.272	0.070
3899.453	0.070
3899.610	0.070
3899.792	0.070
3899.948	0.072
3900.105	0.072
3900.287	0.071
3900.443	0.071
3900.625	0.072
3900.782	0.070
3900.963	0.073
3901.120	0.074
3901.277	0.074
3901.458	0.074
3901.615	0.075
3901.772	0.074
3901.953	0.075
3902.110	0.075
3902.292	0.075
3902.448	0.075
3902.630	0.075
3902.787	0.074
3902.943	0.075
3903.125	0.075
3903.282	0.075
3903.438	0.075
3903.620	0.075
3903.777	0.075
3903.958	0.075
3904.115	0.075
3904.297	0.075
3904.453	0.075
3904.610	0.075
3904.792	0.075
3904.948	0.075
3905.105	0.075
3905.287	0.075
3905.443	0.075
3905.625	0.075
3905.782	0.075
3905.963	0.075
3906.120	0.075
3906.277	0.075
3906.458	0.076
3906.615	0.076
3906.772	0.076
3906.953	0.076
3907.110	0.077
3907.292	0.077
3907.448	0.078
3907.630	0.080
3907.787	0.079
3907.943	0.076
3908.125	0.078
3908.282	0.078
3908.438	0.079
3908.620	0.080
3908.777	0.079
3908.958	0.079
3909.115	0.079
3909.297	0.080
3909.453	0.080
3909.610	0.080
3909.792	0.080
3909.948	0.080
3910.130	0.080
3910.287	0.080
3910.443	0.080
3910.625	0.080
3910.782	0.080
3910.938	0.080
3911.120	0.080
3911.277	0.080
3911.458	0.080
3911.615	0.080
3911.772	0.080
3911.953	0.080
3912.110	0.080
3912.292	0.080
3912.448	0.080
3912.605	0.080
3912.787	0.081
3912.943	0.081
3913.125	0.081
3913.282	0.080
3913.438	0.080
3913.620	0.082
3913.777	0.083
3913.958	0.082
3914.115	0.083
3914.272	0.085
3914.453	0.083
3914.610	0.085
3914.792	0.084
3914.948	0.085
3915.105	0.085
3915.287	0.085
3915.443	0.085
3915.625	0.085
3915.782	0.085
3915.938	0.085
3916.120	0.085
3916.277	0.085
3916.458	0.085
3916.615	0.085
3916.772	0.085
3916.953	0.085
3917.110	0.085
3917.292	0.085
3917.448	0.085
3917.605	0.085
3917.787	0.085
3917.943	0.085
3918.100	0.085
3918.282	0.085
3918.438	0.085
3918.620	0.085
3918.777	0.085
3918.958	0.085
3919.115	0.085
3919.272	0.086
3919.453	0.086
3919.610	0.086
3919.792	0.088
3919.948	0.086
3920.105	0.089
3920.287	0.087
3920.443	0.087
3920.625	0.088
3920.782	0.087
3920.938	0.089
3921.120	0.090
3921.277	0.089
3921.458	0.090
3921.615	0.090
3921.772	0.090
3921.953	0.090
3922.110	0.090
3922.292	0.090
3922.448	0.090
3922.605	0.090
3922.787	0.090
3922.943	0.090
3923.125	0.090
3923.282	0.090
3923.438	0.090
3923.620	0.090
3923.777	0.090
3923.958	0.090
3924.115	0.091
3924.272	0.091
3924.453	0.092
3924.610	0.092
3924.792	0.093
3924.948	0.092
3925.105	0.093
3925.287	0.093
3925.443	0.094
3925.625	0.093
3925.782	0.093
3925.938	0.095
3926.120	0.095
3926.277	0.095
3926.458	0.095
3926.615	0.095
3926.772	0.095
3926.953	0.095
3927.110	0.095
3927.292	0.095
3927.448	0.095
3927.605	0.095
3927.787	0.095
3927.943	0.095
3928.125	0.095
3928.282	0.095
3928.438	0.095
3928.620	0.095
3928.777	0.095
3928.958	0.096
3929.115	0.096
3929.272	0.098
3929.453	0.097
3929.610	0.098
3929.792	0.098
3929.948	0.097
3930.105	0.098
3930.287	0.098
3930.443	0.100
3930.625	0.099
3930.782	0.100
3930.938	0.100
3931.120	0.100
3931.277	0.100
3931.458	0.100
3931.615	0.100
3931.772	0.100
3931.953	0.100
3932.110	0.100
3932.292	0.100
3932.448	0.100
3932.605	0.100
3932.787	0.100
3932.943	0.100
3933.125	0.100
3933.282	0.100
3933.438	0.100
3933.620	0.100
3933.777	0.100
3933.958	0.100
3934.115	0.101
3934.272	0.101
3934.453	0.103
3934.610	0.100
3934.792	0.103
3934.948	0.103
3935.105	0.101
3935.287	0.103
3935.443	0.104
3935.625	0.105
3935.782	0.104
3935.938	0.105
3936.120	0.104
3936.277	0.105
3936.458	0.104
3936.615	0.105
3936.772	0.105
3936.953	0.105
3937.110	0.105
3937.292	0.105
3937.448	0.105
3937.605	0.105
3937.787	0.105
3937.943	0.105
3938.125	0.105
3938.282	0.105
3938.438	0.105
3938.620	0.105
3938.777	0.105
3938.958	0.105
3939.115	0.105
3939.272	0.105
3939.453	0.105
3939.610	0.106
3939.792	0.105
3939.948	0.106
3940.105	0.105
3940.287	0.108
3940.443	0.107
3940.625	0.108
3940.782	0.108
3940.938	0.110
3941.120	0.110
3941.277	0.110
3941.458	0.110
3941.615	0.110
3941.772	0.110
3941.953	0.110
3942.110	0.110
3942.292	0.110
3942.448	0.110
3942.605	0.110
3942.787	0.110
3942.943	0.110
3943.125	0.111
3943.282	0.114
3943.438	0.111
3943.620	0.111
3943.777	0.114
3943.958	0.113
3944.115	0.114
3944.272	0.115
3944.453	0.115
3944.610	0.115
3944.792	0.115
3944.948	0.115
3945.105	0.115
3945.287	0.115
3945.443	0.115
3945.625	0.115
3945.782	0.115
3945.938	0.115
3946.120	0.115
3946.277	0.115
3946.458	0.115
3946.615	0.115
3946.772	0.115
3946.953	0.115
3947.110	0.115
3947.292	0.115
3947.448	0.115
3947.605	0.115
3947.787	0.115
3947.943	0.117
3948.125	0.117
3948.282	0.116
3948.438	0.117
3948.620	0.119
3948.777	0.121
3948.958	0.120
3949.115	0.121
3949.297	0.120
3949.453	0.121
3949.610	0.121
3949.792	0.121
3949.948	0.120
3950.105	0.121
3950.287	0.121
3950.443	0.121
3950.625	0.121
3950.782	0.121
3950.938	0.121
3951.120	0.121
3951.277	0.121
3951.458	0.121
3951.615	0.121
3951.772	0.121
3951.953	0.122
3952.110	0.123
3952.292	0.123
3952.448	0.123
3952.605	0.124
3952.787	0.125
3952.943	0.125
3953.125	0.126
3953.282	0.126
3953.438	0.126
3953.620	0.126
3953.777	0.126
3953.958	0.126
3954.115	0.126
3954.272	0.126
3954.453	0.126
3954.610	0.126
3954.792	0.126
3954.948	0.126
3955.105	0.126
3955.287	0.126
3955.443	0.126
3955.625	0.126
3955.782	0.126
3955.938	0.126
3956.120	0.126
3956.277	0.127
3956.458	0.127
3956.615	0.127
3956.772	0.128
3956.953	0.129
3957.110	0.131
3957.292	0.129
3957.448	0.129
3957.605	0.128
3957.787	0.130
3957.943	0.131
3958.125	0.131
3958.282	0.131
3958.438	0.131
3958.620	0.131
3958.777	0.131
3958.958	0.131
3959.115	0.131
3959.272	0.131
3959.453	0.131
3959.610	0.131
3959.792	0.131
3959.948	0.131
3960.105	0.131
3960.287	0.132
3960.443	0.132
3960.625	0.132
3960.782	0.133
3960.938	0.134
3961.120	0.134
3961.277	0.135
3961.458	0.135
3961.615	0.136
3961.772	0.135
3961.953	0.136
3962.110	0.135
3962.292	0.136
3962.448	0.136
3962.605	0.136
3962.787	0.136
3962.943	0.136
3963.125	0.136
3963.282	0.136
3963.438	0.137
3963.620	0.136
3963.777	0.138
3963.958	0.137
3964.115	0.137
3964.272	0.138
3964.453	0.139
3964.610	0.140
3964.767	0.140
3964.948	0.141
3965.105	0.138
3965.287	0.141
3965.443	0.141
3965.600	0.141
3965.782	0.141
3965.938	0.141
3966.120	0.141
3966.277	0.141
3966.458	0.141
3966.615	0.141
3966.772	0.141
3966.953	0.141
3967.110	0.141
3967.267	0.142
3967.448	0.141
3967.605	0.143
3967.787	0.144
3967.943	0.144
3968.125	0.146
3968.282	0.146
3968.438	0.146
3968.620	0.146
3968.777	0.146
3968.933	0.146
3969.115	0.146
3969.272	0.146
3969.453	0.146
3969.610	0.146
3969.792	0.146
3969.948	0.146
3970.105	0.146
3970.287	0.146
3970.443	0.146
3970.600	0.146
3970.782	0.146
3970.938	0.146
3971.120	0.146
3971.277	0.146
3971.458	0.146
3971.615	0.146
3971.772	0.146
3971.953	0.146
3972.110	0.148
3972.267	0.149
3972.448	0.151
3972.605	0.150
3972.787	0.151
3972.943	0.151
3973.125	0.151
3973.282	0.151
3973.438	0.151
3973.620	0.151
3973.777	0.152
3973.958	0.153
3974.115	0.154
3974.272	0.153
3974.453	0.153
3974.610	0.154
3974.767	0.155
3974.948	0.155
3975.105	0.156
3975.287	0.155
3975.443	0.155
3975.625	0.155
3975.782	0.156
3975.938	0.156
3976.120	0.156
3976.277	0.156
3976.433	0.156
3976.615	0.156
3976.772	0.156
3976.953	0.156
3977.110	0.156
3977.292	0.157
3977.448	0.157
3977.605	0.157
3977.787	0.156
3977.943	0.158
3978.100	0.157
3978.282	0.161
3978.438	0.161
3978.620	0.161
3978.777	0.161
3978.958	0.161
3979.115	0.161
3979.272	0.161
3979.453	0.161
3979.610	0.161
3979.767	0.161
3979.948	0.161
3980.105	0.161
3980.287	0.161
3980.443	0.161
3980.625	0.161
3980.782	0.161
3980.938	0.161
3981.120	0.161
3981.277	0.164
3981.433	0.161
3981.615	0.162
3981.772	0.166
3981.953	0.164
3982.110	0.166
3982.292	0.166
3982.448	0.166
3982.605	0.166
3982.787	0.166
3982.943	0.166
3983.100	0.166
3983.282	0.166
3983.438	0.166
3983.593	0.166
3983.777	0.166
3983.933	0.166
3984.115	0.166
3984.272	0.166
3984.453	0.166
3984.610	0.166
3984.792	0.166
3984.948	0.167
3985.105	0.167
3985.287	0.169
3985.443	0.169
3985.600	0.167
3985.782	0.171
3985.938	0.171
3986.120	0.172
3986.277	0.172
3986.458	0.172
3986.615	0.172
3986.772	0.172
3986.953	0.172
3987.110	0.172
3987.267	0.172
3987.448	0.172
3987.605	0.172
3987.787	0.172
3987.943	0.173
3988.125	0.172
3988.282	0.173
3988.438	0.174
3988.620	0.174
3988.777	0.177
3988.933	0.177
3989.115	0.176
3989.272	0.177
3989.453	0.177
3989.610	0.177
3989.767	0.177
3989.948	0.177
3990.105	0.177
3990.287	0.177
3990.443	0.177
3990.625	0.177
3990.782	0.178
3990.938	0.179
3991.120	0.180
3991.277	0.180
3991.433	0.181
3991.615	0.182
3991.772	0.181
3991.953	0.182
3992.110	0.181
3992.292	0.182
3992.448	0.182
3992.605	0.182
3992.787	0.182
3992.943	0.182
3993.100	0.182
3993.282	0.182
3993.438	0.182
3993.620	0.182
3993.777	0.182
3993.958	0.183
3994.115	0.183
3994.272	0.184
3994.453	0.184
3994.610	0.186
3994.767	0.187
3994.948	0.187
3995.105	0.187
3995.287	0.187
3995.443	0.187
3995.625	0.187
3995.782	0.187
3995.938	0.187
3996.120	0.187
3996.277	0.187
3996.433	0.187
3996.615	0.187
3996.772	0.187
3996.953	0.187
3997.110	0.187
3997.292	0.189
3997.448	0.188
3997.605	0.189
3997.787	0.189
3997.943	0.192
3998.100	0.190
3998.282	0.192
3998.438	0.191
3998.620	0.192
3998.777	0.192
3998.958	0.192
3999.115	0.192
3999.272	0.193
3999.453	0.192
3999.610	0.192
3999.767	0.195
3999.948	0.196
4000.105	0.196
4000.287	0.197
4000.443	0.197
4000.625	0.197
4000.782	0.197
4000.938	0.197
4001.120	0.197
4001.277	0.197
4001.433	0.197
4001.615	0.197
4001.772	0.197
4001.953	0.197
4002.110	0.198
4002.267	0.197
4002.448	0.198
4002.605	0.202
4002.787	0.201
4002.943	0.201
4003.125	0.201
4003.282	0.202
4003.438	0.202
4003.620	0.202
4003.777	0.202
4003.933	0.202
4004.115	0.202
4004.272	0.202
4004.453	0.202
4004.610	0.202
4004.792	0.202
4004.948	0.202
4005.105	0.202
4005.287	0.202
4005.443	0.202
4005.600	0.203
4005.782	0.203
4005.938	0.206
4006.120	0.205
4006.277	0.207
4006.458	0.206
4006.615	0.206
4006.772	0.207
4006.953	0.207
4007.110	0.207
4007.267	0.207
4007.448	0.207
4007.605	0.208
4007.787	0.207
4007.943	0.207
4008.125	0.207
4008.282	0.207
4008.438	0.208
4008.620	0.208
4008.777	0.208
4008.933	0.208
4009.115	0.212
4009.272	0.212
4009.453	0.212
4009.610	0.212
4009.767	0.212
4009.948	0.212
4010.105	0.212
4010.287	0.212
4010.443	0.212
4010.600	0.212
4010.782	0.212
4010.938	0.215
4011.120	0.214
4011.277	0.214
4011.433	0.213
4011.615	0.217
4011.772	0.217
4011.953	0.217
4012.110	0.217
4012.267	0.217
4012.448	0.217
4012.605	0.217
4012.787	0.217
4012.943	0.217
4013.100	0.217
4013.282	0.219
4013.438	0.219
4013.620	0.220
4013.777	0.223
4013.958	0.222
4014.115	0.222
4014.272	0.223
4014.453	0.223
4014.610	0.223
4014.767	0.223
4014.948	0.223
4015.105	0.223
4015.287	0.223
4015.443	0.223
4015.600	0.223
4015.782	0.223
4015.938	0.223
4016.120	0.225
4016.277	0.224
4016.433	0.226
4016.615	0.224
4016.772	0.228
4016.953	0.228
4017.110	0.228
4017.267	0.228
4017.448	0.228
4017.605	0.228
4017.787	0.228
4017.943	0.228
4018.100	0.228
4018.282	0.228
4018.438	0.228
4018.620	0.228
4018.777	0.228
4018.933	0.228
4019.115	0.228
4019.272	0.229
4019.453	0.231
4019.610	0.232
4019.767	0.231
4019.948	0.233
4020.105	0.233
4020.287	0.232
4020.443	0.233
4020.600	0.233
4020.782	0.233
4020.938	0.233
4021.120	0.233
4021.277	0.234
4021.433	0.234
4021.615	0.235
4021.772	0.234
4021.953	0.236
4022.110	0.237
4022.267	0.238
4022.448	0.238
4022.605	0.238
4022.787	0.238
4022.943	0.238
4023.100	0.238
4023.282	0.238
4023.438	0.238
4023.620	0.238
4023.777	0.238
4023.933	0.238
4024.115	0.240
4024.272	0.238
4024.453	0.240
4024.610	0.240
4024.767	0.242
4024.948	0.241
4025.105	0.243
4025.287	0.243
4025.443	0.243
4025.600	0.243
4025.782	0.243
4025.938	0.243
4026.120	0.243
4026.277	0.243
4026.433	0.244
4026.615	0.245
4026.772	0.245
4026.953	0.245
4027.110	0.247
4027.267	0.247
4027.448	0.248
4027.605	0.248
4027.787	0.248
4027.943	0.248
4028.100	0.248
4028.282	0.248
4028.438	0.248
4028.620	0.248
4028.777	0.248
4028.933	0.248
4029.115	0.248
4029.272	0.248
4029.427	0.248
4029.610	0.248
4029.767	0.248
4029.948	0.248
4030.105	0.249
4030.287	0.251
4030.443	0.251
4030.600	0.252
4030.782	0.252
4030.938	0.253
4031.120	0.252
4031.277	0.253
4031.433	0.253
4031.615	0.253
4031.772	0.253
4031.953	0.253
4032.110	0.253
4032.267	0.253
4032.448	0.253
4032.605	0.254
4032.787	0.255
4032.943	0.257
4033.100	0.257
4033.282	0.258
4033.438	0.258
4033.620	0.258
4033.777	0.258
4033.933	0.258
4034.115	0.258
4034.272	0.258
4034.453	0.258
4034.610	0.258
4034.767	0.258
4034.948	0.258
4035.105	0.261
4035.287	0.260
4035.443	0.262
4035.600	0.262
4035.782	0.262
4035.938	0.262
4036.120	0.263
4036.277	0.263
4036.433	0.263
4036.615	0.263
4036.772	0.263
4036.953	0.263
4037.110	0.263
4037.267	0.263
4037.448	0.263
4037.605	0.263
4037.787	0.263
4037.943	0.264
4038.100	0.265
4038.282	0.267
4038.438	0.267
4038.620	0.267
4038.777	0.268
4038.933	0.268
4039.115	0.268
4039.272	0.268
4039.453	0.268
4039.610	0.268
4039.767	0.268
4039.948	0.268
4040.105	0.268
4040.287	0.268
4040.443	0.268
4040.600	0.268
4040.782	0.268
4040.938	0.272
4041.120	0.271
4041.277	0.271
4041.433	0.273
4041.615	0.274
4041.772	0.274
4041.953	0.274
4042.110	0.274
4042.267	0.274
4042.448	0.274
4042.605	0.274
4042.787	0.274
4042.943	0.275
4043.100	0.274
4043.282	0.275
4043.438	0.278
4043.620	0.276
4043.777	0.279
4043.933	0.279
4044.115	0.278
4044.272	0.278
4044.453	0.279
4044.610	0.278
4044.767	0.279
4044.948	0.279
4045.105	0.279
4045.287	0.279
4045.443	0.279
4045.600	0.279
4045.782	0.279
4045.938	0.281
4046.120	0.282
4046.277	0.282
4046.433	0.284
4046.615	0.284
4046.772	0.284
4046.953	0.284
4047.110	0.284
4047.267	0.284
4047.448	0.284
4047.605	0.284
4047.787	0.284
4047.943	0.284
4048.100	0.284
4048.282	0.284
4048.438	0.285
4048.620	0.285
4048.777	0.286
4048.933	0.289
4049.115	0.287
4049.272	0.289
4049.453	0.289
4049.610	0.288
4049.767	0.289
4049.948	0.289
4050.105	0.289
4050.287	0.289
4050.443	0.289
4050.600	0.289
4050.782	0.289
4050.938	0.289
4051.120	0.289
4051.277	0.289
4051.433	0.289
4051.615	0.290
4051.772	0.292
4051.953	0.291
4052.110	0.292
4052.267	0.293
4052.448	0.294
4052.605	0.294
4052.787	0.294
4052.943	0.294
4053.100	0.294
4053.282	0.294
4053.438	0.294
4053.620	0.294
4053.777	0.294
4053.933	0.295
4054.115	0.294
4054.272	0.294
4054.453	0.296
4054.610	0.297
4054.767	0.299
4054.948	0.299
4055.105	0.299
4055.287	0.299
4055.443	0.299
4055.600	0.299
4055.782	0.299
4055.938	0.299
4056.120	0.299
4056.277	0.300
4056.433	0.302
4056.615	0.302
4056.772	0.303
4056.953	0.303
4057.110	0.303
4057.267	0.303
4057.448	0.304
4057.605	0.304
4057.787	0.304
4057.943	0.304
4058.100	0.304
4058.282	0.304
4058.438	0.305
4058.620	0.305
4058.777	0.305
4058.933	0.307
4059.115	0.307
4059.272	0.309
4059.453	0.309
4059.610	0.309
4059.767	0.309
4059.948	0.309
4060.105	0.309
4060.287	0.309
4060.443	0.309
4060.600	0.309
4060.782	0.309
4060.938	0.309
4061.120	0.309
4061.277	0.309
4061.433	0.309
4061.615	0.309
4061.772	0.309
4061.953	0.309
4062.110	0.310
4062.267	0.310
4062.448	0.313
4062.605	0.313
4062.787	0.312
4062.943	0.314
4063.100	0.313
4063.282	0.314
4063.438	0.314
4063.620	0.314
4063.777	0.314
4063.933	0.314
4064.115	0.314
4064.272	0.318
4064.453	0.318
4064.610	0.319
4064.767	0.318
4064.948	0.319
4065.105	0.319
4065.287	0.319
4065.443	0.319
4065.600	0.319
4065.782	0.319
4065.938	0.319
4066.120	0.319
4066.277	0.319
4066.433	0.319
4066.615	0.319
4066.772	0.319
4066.953	0.319
4067.110	0.319
4067.267	0.322
4067.448	0.323
4067.605	0.325
4067.787	0.324
4067.943	0.324
4068.100	0.325
4068.282	0.324
4068.438	0.325
4068.620	0.325
4068.777	0.325
4068.933	0.325
4069.115	0.325
4069.272	0.325
4069.453	0.325
4069.610	0.325
4069.767	0.328
4069.948	0.325
4070.105	0.329
4070.287	0.327
4070.443	0.330
4070.600	0.330
4070.782	0.330
4070.938	0.330
4071.120	0.330
4071.277	0.330
4071.433	0.330
4071.615	0.330
4071.772	0.330
4071.953	0.330
4072.110	0.330
4072.267	0.330
4072.448	0.330
4072.605	0.330
4072.787	0.330
4072.943	0.331
4073.100	0.331
4073.282	0.334
4073.438	0.335
4073.620	0.335
4073.777	0.335
4073.933	0.335
4074.115	0.335
4074.272	0.335
4074.453	0.335
4074.610	0.335
4074.767	0.335
4074.948	0.335
4075.105	0.336
4075.287	0.335
4075.443	0.337
4075.600	0.340
4075.782	0.340
4075.938	0.340
4076.093	0.339
4076.277	0.340
4076.433	0.340
4076.615	0.340
4076.772	0.340
4076.953	0.340
4077.110	0.341
4077.267	0.342
4077.448	0.340
4077.605	0.341
4077.787	0.342
4077.943	0.344
4078.100	0.343
4078.282	0.345
4078.438	0.345
4078.620	0.345
4078.777	0.345
4078.933	0.345
4079.115	0.345
4079.272	0.346
4079.453	0.345
4079.610	0.345
4079.767	0.345
4079.948	0.345
4080.105	0.346
4080.287	0.347
4080.443	0.347
4080.600	0.350
4080.782	0.350
4080.938	0.350
4081.120	0.350
4081.277	0.350
4081.433	0.350
4081.615	0.350
4081.772	0.350
4081.953	0.351
4082.110	0.350
4082.267	0.351
4082.448	0.352
4082.605	0.353
4082.787	0.353
4082.943	0.353
4083.100	0.355
4083.282	0.354
4083.438	0.355
4083.620	0.355
4083.777	0.355
4083.933	0.355
4084.115	0.357
4084.272	0.356
4084.453	0.359
4084.610	0.356
4084.767	0.358
4084.948	0.360
4085.105	0.360
4085.287	0.360
4085.443	0.360
4085.600	0.360
4085.782	0.360
4085.938	0.360
4086.120	0.360
4086.277	0.360
4086.433	0.360
4086.615	0.360
4086.772	0.360
4086.953	0.360
4087.110	0.363
4087.267	0.363
4087.448	0.364
4087.605	0.365
4087.787	0.365
4087.943	0.365
4088.100	0.365
4088.282	0.365
4088.438	0.365
4088.620	0.365
4088.777	0.365
4088.933	0.365
4089.115	0.365
4089.272	0.365
4089.453	0.365
4089.610	0.367
4089.767	0.367
4089.948	0.368
4090.105	0.370
4090.287	0.370
4090.443	0.370
4090.600	0.370
4090.782	0.370
4090.938	0.370
4091.120	0.370
4091.277	0.371
4091.433	0.370
4091.615	0.371
4091.772	0.371
4091.953	0.373
4092.110	0.375
4092.267	0.376
4092.448	0.375
4092.605	0.376
4092.787	0.376
4092.943	0.376
4093.100	0.376
4093.282	0.376
4093.438	0.377
4093.620	0.376
4093.777	0.377
4093.933	0.378
4094.115	0.379
4094.272	0.379
4094.453	0.380
4094.610	0.381
4094.767	0.381
4094.948	0.381
4095.105	0.381
4095.287	0.381
4095.443	0.381
4095.600	0.381
4095.782	0.382
4095.938	0.382
4096.120	0.384
4096.277	0.385
4096.433	0.386
4096.615	0.386
4096.771	0.386
4096.953	0.386
4097.110	0.386
4097.267	0.386
4097.448	0.386
4097.605	0.387
4097.787	0.386
4097.943	0.387
4098.100	0.390
4098.282	0.391
4098.438	0.391
4098.620	0.391
4098.777	0.391
4098.933	0.391
4099.115	0.391
4099.271	0.391
4099.453	0.391
4099.610	0.391
4099.767	0.391
4099.948	0.391
4100.105	0.391
4100.260	0.391
4100.443	0.391
4100.600	0.391
4100.782	0.392
4100.938	0.394
4101.120	0.393
4101.277	0.396
4101.433	0.396
4101.615	0.396
4101.771	0.397
4101.953	0.396
4102.110	0.396
4102.267	0.397
4102.448	0.399
4102.605	0.399
4102.760	0.400
4102.943	0.401
4103.125	0.401
4103.282	0.401
4103.438	0.401
4103.593	0.401
4103.777	0.401
4103.933	0.401
4104.115	0.401
4104.271	0.401
4104.453	0.401
4104.610	0.402
4104.767	0.403
4104.948	0.404
4105.105	0.404
4105.260	0.406
4105.443	0.406
4105.600	0.406
4105.782	0.406
4105.938	0.406
4106.093	0.407
4106.277	0.406
4106.433	0.406
4106.615	0.406
4106.771	0.406
4106.927	0.409
4107.110	0.407
4107.267	0.409
4107.448	0.411
4107.605	0.411
4107.760	0.411
4107.943	0.411
4108.100	0.411
4108.282	0.411
4108.438	0.411
4108.593	0.411
4108.777	0.412
4108.933	0.415
4109.115	0.414
4109.271	0.414
4109.427	0.416
4109.610	0.416
4109.767	0.416
4109.948	0.416
4110.105	0.416
4110.260	0.416
4110.443	0.416
4110.600	0.418
4110.782	0.416
4110.938	0.417
4111.093	0.417
4111.277	0.419
4111.433	0.421
4111.615	0.421
4111.771	0.421
4111.927	0.421
4112.110	0.421
4112.267	0.421
4112.448	0.421
4112.605	0.422
4112.760	0.423
4112.943	0.423
4113.100	0.424
4113.282	0.426
4113.438	0.426
4113.593	0.426
4113.777	0.426
4113.933	0.426
4114.115	0.426
4114.271	0.426
4114.427	0.426
4114.610	0.426
4114.767	0.427
4114.948	0.427
4115.105	0.430
4115.260	0.431
4115.443	0.431
4115.600	0.432
4115.782	0.432
4115.938	0.432
4116.093	0.432
4116.277	0.432
4116.433	0.432
4116.615	0.432
4116.771	0.432
4116.927	0.432
4117.110	0.433
4117.267	0.436
4117.448	0.437
4117.605	0.437
4117.760	0.437
4117.943	0.437
4118.100	0.437
4118.282	0.438
4118.438	0.438
4118.593	0.438
4118.777	0.441
4118.933	0.440
4119.115	0.441
4119.271	0.442
4119.427	0.442
4119.610	0.442
4119.767	0.442
4119.948	0.442
4120.105	0.442
4120.260	0.442
4120.443	0.442
4120.600	0.443
4120.782	0.442
4120.938	0.442
4121.093	0.444
4121.277	0.445
4121.433	0.447
4121.615	0.447
4121.771	0.447
4121.927	0.447
4122.110	0.447
4122.267	0.448
4122.448	0.448
4122.605	0.449
4122.760	0.451
4122.943	0.452
4123.100	0.452
4123.282	0.452
4123.438	0.452
4123.593	0.452
4123.777	0.452
4123.933	0.452
4124.115	0.452
4124.271	0.452
4124.427	0.452
4124.610	0.452
4124.767	0.452
4124.948	0.454
4125.105	0.455
4125.260	0.456
4125.443	0.457
4125.600	0.457
4125.782	0.457
4125.938	0.457
4126.093	0.457
4126.277	0.457
4126.433	0.460
4126.615	0.459
4126.771	0.459
4126.927	0.461
4127.110	0.462
4127.267	0.462
4127.448	0.462
4127.605	0.461
4127.760	0.462
4127.943	0.462
4128.100	0.462
4128.282	0.464
4128.438	0.465
4128.593	0.466
4128.777	0.467
4128.933	0.467
4129.115	0.467
4129.271	0.467
4129.427	0.467
4129.610	0.467
4129.767	0.468
4129.948	0.467
4130.105	0.469
4130.260	0.471
4130.443	0.471
4130.600	0.472
4130.782	0.472
4130.938	0.472
4131.093	0.472
4131.277	0.472
4131.433	0.472
4131.615	0.472
4131.771	0.472
4131.927	0.472
4132.110	0.474
4132.267	0.473
4132.448	0.474
4132.605	0.477
4132.760	0.477
4132.943	0.477
4133.100	0.477
4133.282	0.477
4133.438	0.478
4133.593	0.477
4133.777	0.479
4133.933	0.480
4134.115	0.480
4134.271	0.483
4134.427	0.483
4134.610	0.482
4134.767	0.483
4134.948	0.483
4135.105	0.483
4135.260	0.483
4135.443	0.483
4135.600	0.483
4135.782	0.483
4135.938	0.483
4136.093	0.485
4136.277	0.486
4136.433	0.488
4136.615	0.488
4136.771	0.488
4136.927	0.488
4137.110	0.488
4137.267	0.488
4137.448	0.488
4137.605	0.489
4137.760	0.489
4137.943	0.490
4138.100	0.492
4138.282	0.492
4138.438	0.493
4138.593	0.493
4138.777	0.493
4138.933	0.493
4139.115	0.493
4139.271	0.493
4139.427	0.493
4139.610	0.493
4139.767	0.493
4139.948	0.493
4140.105	0.493
4140.260	0.495
4140.443	0.495
4140.600	0.496
4140.782	0.498
4140.938	0.498
4141.093	0.498
4141.277	0.498
4141.433	0.498
4141.615	0.498
4141.771	0.498
4141.927	0.500
4142.110	0.500
4142.267	0.501
4142.448	0.500
4142.605	0.503
4142.787	0.503
4142.943	0.503
4143.100	0.503
4143.282	0.503
4143.438	0.503
4143.593	0.504
4143.777	0.503
4143.933	0.505
4144.115	0.506
4144.271	0.506
4144.427	0.508
4144.610	0.508
4144.767	0.508
4144.948	0.508
4145.105	0.508
4145.260	0.508
4145.443	0.508
4145.600	0.508
4145.782	0.510
4145.938	0.511
4146.093	0.512
4146.277	0.513
4146.433	0.511
4146.615	0.513
4146.771	0.513
4146.927	0.513
4147.110	0.513
4147.267	0.513
4147.448	0.513
4147.605	0.513
4147.760	0.514
4147.943	0.516
4148.100	0.517
4148.282	0.517
4148.438	0.517
4148.593	0.518
4148.777	0.518
4148.933	0.518
4149.115	0.518
4149.271	0.518
4149.427	0.520
4149.610	0.522
4149.767	0.523
4149.948	0.523
4150.105	0.523
4150.260	0.523
4150.443	0.523
4150.600	0.523
4150.782	0.523
4150.938	0.523
4151.093	0.525
4151.277	0.523
4151.433	0.524
4151.615	0.527
4151.771	0.527
4151.927	0.528
4152.110	0.528
4152.267	0.528
4152.448	0.528
4152.605	0.528
4152.760	0.528
4152.943	0.528
4153.100	0.528
4153.282	0.528
4153.438	0.528
4153.593	0.529
4153.777	0.531
4153.933	0.533
4154.115	0.533
4154.271	0.534
4154.427	0.534
4154.610	0.534
4154.767	0.534
4154.948	0.534
4155.105	0.534
4155.260	0.534
4155.443	0.534
4155.600	0.534
4155.782	0.534
4155.938	0.535
4156.093	0.535
4156.277	0.537
4156.433	0.538
4156.615	0.539
4156.771	0.539
4156.927	0.539
4157.110	0.539
4157.267	0.539
4157.448	0.539
4157.605	0.539
4157.760	0.541
4157.943	0.542
4158.100	0.543
4158.282	0.544
4158.438	0.544
4158.593	0.544
4158.777	0.544
4158.933	0.544
4159.115	0.544
4159.271	0.545
4159.427	0.545
4159.610	0.547
4159.767	0.549
4159.948	0.549
4160.105	0.549
4160.260	0.549
4160.443	0.549
4160.600	0.549
4160.782	0.549
4160.938	0.549
4161.093	0.550
4161.277	0.550
4161.433	0.550
4161.615	0.552
4161.771	0.554
4161.927	0.553
4162.110	0.554
4162.267	0.554
4162.448	0.554
4162.605	0.554
4162.760	0.554
4162.943	0.554
4163.100	0.554
4163.282	0.554
4163.438	0.554
4163.593	0.555
4163.777	0.556
4163.933	0.559
4164.115	0.559
4164.271	0.559
4164.427	0.559
4164.610	0.559
4164.767	0.560
4164.948	0.559
4165.105	0.562
4165.260	0.563
4165.443	0.564
4165.600	0.564
4165.782	0.564
4165.938	0.564
4166.093	0.564
4166.277	0.564
4166.433	0.565
4166.615	0.564
4166.771	0.564
4166.927	0.565
4167.110	0.567
4167.267	0.568
4167.448	0.568
4167.605	0.569
4167.760	0.569
4167.943	0.569
4168.100	0.569
4168.282	0.569
4168.438	0.570
4168.593	0.569
4168.777	0.570
4168.933	0.573
4169.115	0.573
4169.271	0.573
4169.427	0.573
4169.610	0.574
4169.767	0.574
4169.948	0.574
4170.105	0.574
4170.260	0.574
4170.443	0.574
4170.600	0.575
4170.782	0.575
4170.938	0.575
4171.093	0.578
4171.277	0.579
4171.433	0.579
4171.615	0.579
4171.771	0.579
4171.927	0.579
4172.110	0.579
4172.267	0.579
4172.448	0.580
4172.605	0.579
4172.760	0.580
4172.943	0.582
4173.100	0.583
4173.282	0.582
4173.438	0.584
4173.593	0.585
4173.777	0.585
4173.933	0.585
4174.115	0.585
4174.271	0.585
4174.427	0.585
4174.610	0.585
4174.767	0.588
4174.948	0.589
4175.105	0.588
4175.260	0.590
4175.443	0.590
4175.600	0.590
4175.782	0.590
4175.938	0.590
4176.093	0.590
4176.277	0.590
4176.433	0.590
4176.615	0.590
4176.771	0.590
4176.927	0.590
4177.110	0.590
4177.267	0.590
4177.448	0.593
4177.605	0.595
4177.760	0.595
4177.943	0.595
4178.100	0.595
4178.282	0.595
4178.438	0.595
4178.593	0.595
4178.777	0.595
4178.933	0.595
4179.115	0.596
4179.271	0.596
4179.427	0.598
4179.610	0.600
4179.767	0.600
4179.948	0.600
4180.105	0.600
4180.260	0.600
4180.443	0.600
4180.600	0.600
4180.782	0.601
4180.938	0.601
4181.093	0.603
4181.277	0.605
4181.433	0.605
4181.615	0.605
4181.771	0.605
4181.927	0.605
4182.110	0.605
4182.267	0.605
4182.448	0.605
4182.605	0.605
4182.760	0.605
4182.943	0.605
4183.100	0.607
4183.282	0.608
4183.438	0.609
4183.593	0.610
4183.777	0.610
4183.933	0.610
4184.115	0.610
4184.271	0.610
4184.427	0.610
4184.610	0.610
4184.767	0.611
4184.948	0.614
4185.105	0.614
4185.260	0.615
4185.443	0.615
4185.600	0.615
4185.782	0.615
4185.938	0.615
4186.093	0.615
4186.277	0.615
4186.433	0.615
4186.615	0.615
4186.771	0.615
4186.927	0.615
4187.110	0.617
4187.267	0.617
4187.422	0.618
4187.605	0.620
4187.760	0.620
4187.943	0.620
4188.100	0.620
4188.282	0.620
4188.438	0.620
4188.593	0.620
4188.777	0.620
4188.933	0.622
4189.115	0.622
4189.271	0.624
4189.427	0.624
4189.610	0.624
4189.767	0.625
4189.948	0.625
4190.105	0.625
4190.260	0.625
4190.443	0.625
4190.600	0.626
4190.782	0.628
4190.938	0.628
4191.093	0.630
4191.277	0.628
4191.433	0.630
4191.615	0.630
4191.771	0.630
4191.927	0.630
4192.110	0.630
4192.267	0.630
4192.448	0.630
4192.605	0.630
4192.760	0.634
4192.943	0.634
4193.100	0.636
4193.282	0.636
4193.438	0.636
4193.593	0.636
4193.777	0.636
4193.933	0.636
4194.115	0.636
4194.271	0.636
4194.427	0.636
4194.610	0.636
4194.767	0.636
4194.948	0.636
4195.105	0.639
4195.260	0.636
4195.443	0.639
4195.600	0.640
4195.782	0.641
4195.938	0.641
4196.093	0.641
4196.277	0.641
4196.433	0.641
4196.615	0.642
4196.771	0.641
4196.927	0.642
4197.110	0.644
4197.267	0.644
4197.448	0.645
4197.605	0.646
4197.760	0.646
4197.943	0.646
4198.100	0.646
4198.282	0.646
4198.438	0.646
4198.593	0.646
4198.777	0.646
4198.933	0.647
4199.115	0.646
4199.271	0.648
4199.427	0.650
4199.610	0.651
4199.767	0.651
4199.948	0.651
4200.105	0.651
4200.260	0.651
4200.443	0.651
4200.600	0.651
4200.782	0.653
4200.938	0.653
4201.093	0.655
4201.277	0.656
4201.433	0.655
4201.615	0.656
4201.771	0.656
4201.927	0.656
4202.110	0.656
4202.267	0.656
4202.448	0.656
4202.605	0.656
4202.760	0.656
4202.943	0.656
4203.100	0.656
4203.255	0.656
4203.438	0.656
4203.593	0.657
4203.777	0.658
4203.933	0.660
4204.115	0.661
4204.271	0.660
4204.427	0.661
4204.610	0.661
4204.767	0.661
4204.922	0.661
4205.105	0.661
4205.260	0.661
4205.443	0.663
4205.600	0.664
4205.782	0.665
4205.938	0.666
4206.093	0.666
4206.277	0.666
4206.433	0.666
4206.615	0.666
4206.771	0.666
4206.927	0.666
4207.110	0.666
4207.267	0.666
4207.422	0.666
4207.605	0.667
4207.760	0.670
4207.943	0.671
4208.100	0.671
4208.282	0.671
4208.438	0.671
4208.593	0.671
4208.777	0.671
4208.933	0.671
4209.088	0.672
4209.271	0.672
4209.427	0.673
4209.610	0.671
4209.767	0.672
4209.948	0.675
4210.105	0.675
4210.260	0.676
4210.443	0.676
4210.600	0.676
4210.755	0.676
4210.938	0.676
4211.093	0.676
4211.277	0.676
4211.433	0.676
4211.615	0.676
4211.771	0.676
4211.927	0.676
4212.110	0.677
4212.267	0.679
4212.422	0.680
4212.605	0.681
4212.760	0.681
4212.943	0.681
4213.100	0.681
4213.282	0.681
4213.438	0.682
4213.593	0.684
4213.777	0.687
4213.933	0.686
4214.088	0.686
4214.271	0.687
4214.427	0.687
4214.610	0.687
4214.767	0.687
4214.948	0.687
4215.105	0.687
4215.260	0.687
4215.443	0.687
4215.600	0.687
4215.755	0.690
4215.938	0.691
4216.093	0.690
4216.277	0.692
4216.433	0.692
4216.615	0.692
4216.771	0.692
4216.927	0.692
4217.110	0.692
4217.267	0.692
4217.422	0.692
4217.605	0.692
4217.760	0.692
4217.943	0.692
4218.100	0.692
4218.282	0.697
4218.438	0.696
4218.593	0.697
4218.777	0.696
4218.933	0.697
4219.088	0.697
4219.271	0.697
4219.427	0.697
4219.610	0.697
4219.767	0.697
4219.922	0.697
4220.105	0.698
4220.260	0.698
4220.443	0.699
4220.600	0.701
4220.782	0.700
4220.938	0.701
4221.093	0.702
4221.277	0.702
4221.433	0.702
4221.615	0.702
4221.771	0.702
4221.927	0.702
4222.110	0.703
4222.267	0.704
4222.422	0.704
4222.605	0.704
4222.760	0.707
4222.943	0.707
4223.100	0.707
4223.282	0.707
4223.438	0.707
4223.593	0.707
4223.777	0.709
4223.933	0.710
4224.088	0.709
4224.271	0.711
4224.427	0.712
4224.610	0.711
4224.767	0.712
4224.948	0.712
4225.105	0.712
4225.260	0.712
4225.443	0.712
4225.600	0.712
4225.782	0.712
4225.938	0.712
4226.093	0.714
4226.277	0.716
4226.433	0.715
4226.588	0.716
4226.771	0.717
4226.927	0.717
4227.110	0.717
4227.267	0.717
4227.448	0.717
4227.605	0.717
4227.760	0.717
4227.943	0.717
4228.100	0.717
4228.255	0.717
4228.438	0.717
4228.593	0.717
4228.777	0.719
4228.933	0.721
4229.115	0.720
4229.271	0.722
4229.427	0.722
4229.610	0.722
4229.767	0.722
4229.922	0.722
4230.105	0.722
4230.260	0.722
4230.443	0.723
4230.600	0.724
4230.782	0.725
4230.938	0.726
4231.093	0.727
4231.277	0.727
4231.433	0.727
4231.615	0.727
4231.771	0.727
4231.927	0.727
4232.110	0.727
4232.267	0.727
4232.422	0.727
4232.605	0.728
4232.760	0.728
4232.943	0.727
4233.100	0.732
4233.282	0.731
4233.438	0.732
4233.593	0.732
4233.777	0.732
4233.933	0.732
4234.088	0.732
4234.271	0.732
4234.427	0.732
4234.610	0.732
4234.767	0.732
4234.948	0.733
4235.105	0.735
4235.260	0.737
4235.443	0.737
4235.600	0.738
4235.755	0.738
4235.938	0.738
4236.093	0.738
4236.277	0.738
4236.433	0.738
4236.615	0.738
4236.771	0.738
4236.927	0.738
4237.110	0.738
4237.267	0.739
4237.422	0.738
4237.605	0.739
4237.760	0.740
4237.943	0.741
4238.100	0.743
4238.282	0.743
4238.438	0.743
4238.593	0.743
4238.777	0.743
4238.933	0.743
4239.115	0.743
4239.271	0.743
4239.427	0.744
4239.610	0.748
4239.767	0.745
4239.922	0.748
4240.105	0.748
4240.260	0.748
4240.443	0.748
4240.600	0.748
4240.782	0.748
4240.938	0.749
4241.093	0.749
4241.277	0.750
4241.433	0.751
4241.588	0.753
4241.771	0.752
4241.927	0.753
4242.110	0.753
4242.267	0.753
4242.448	0.753
4242.605	0.753
4242.760	0.753
4242.943	0.753
4243.100	0.753
4243.255	0.753
4243.438	0.753
4243.593	0.753
4243.777	0.754
4243.933	0.755
4244.115	0.753
4244.271	0.755
4244.427	0.758
4244.610	0.758
4244.767	0.758
4244.922	0.758
4245.105	0.758
4245.260	0.758
4245.443	0.758
4245.600	0.758
4245.755	0.758
4245.938	0.758
4246.093	0.759
4246.277	0.761
4246.433	0.763
4246.588	0.763
4246.771	0.763
4246.927	0.763
4247.110	0.763
4247.267	0.764
4247.422	0.766
4247.605	0.765
4247.760	0.765
4247.943	0.766
4248.100	0.766
4248.255	0.767
4248.438	0.768
4248.593	0.768
4248.777	0.768
4248.933	0.768
4249.088	0.768
4249.271	0.768
4249.427	0.768
4249.610	0.768
4249.767	0.769
4249.922	0.769
4250.105	0.771
4250.260	0.771
4250.443	0.773
4250.600	0.772
4250.755	0.773
4250.938	0.773
4251.093	0.773
4251.277	0.773
4251.433	0.773
4251.588	0.773
4251.771	0.773
4251.927	0.773
4252.110	0.774
4252.267	0.774
4252.422	0.776
4252.605	0.777
4252.760	0.777
4252.943	0.778
4253.100	0.778
4253.255	0.778
4253.438	0.778
4253.593	0.778
4253.777	0.778
4253.933	0.778
4254.088	0.778
4254.271	0.778
4254.427	0.778
4254.610	0.780
4254.767	0.780
4254.922	0.781
4255.105	0.781
4255.260	0.782
4255.443	0.783
4255.600	0.783
4255.755	0.783
4255.938	0.783
4256.093	0.783
4256.277	0.783
4256.433	0.783
4256.588	0.783
4256.771	0.783
4256.927	0.783
4257.110	0.785
4257.267	0.786
4257.422	0.788
4257.605	0.788
4257.760	0.788
4257.943	0.788
4258.100	0.788
4258.255	0.788
4258.438	0.788
4258.593	0.788
4258.777	0.788
4258.933	0.790
4259.088	0.790
4259.271	0.792
4259.427	0.793
4259.610	0.794
4259.767	0.794
4259.922	0.793
4260.105	0.794
4260.260	0.794
4260.443	0.794
4260.600	0.794
4260.755	0.794
4260.938	0.795
4261.093	0.794
4261.277	0.795
4261.433	0.795
4261.588	0.799
4261.771	0.799
4261.927	0.799
4262.110	0.799
4262.267	0.799
4262.422	0.799
4262.605	0.799
4262.760	0.799
4262.943	0.799
4263.100	0.799
4263.255	0.799
4263.438	0.799
4263.593	0.799
4263.777	0.799
4263.933	0.800
4264.088	0.800
4264.271	0.801
4264.427	0.803
4264.610	0.802
4264.767	0.804
4264.922	0.804
4265.105	0.804
4265.260	0.804
4265.443	0.804
4265.600	0.807
4265.755	0.807
4265.938	0.806
4266.093	0.809
4266.277	0.809
4266.433	0.809
4266.588	0.809
4266.771	0.809
4266.927	0.809
4267.110	0.809
4267.267	0.809
4267.422	0.809
4267.605	0.809
4267.760	0.810
4267.943	0.809
4268.100	0.810
4268.255	0.812
4268.438	0.811
4268.593	0.811
4268.777	0.812
4268.933	0.813
4269.088	0.814
4269.271	0.814
4269.427	0.814
4269.610	0.814
4269.767	0.814
4269.922	0.814
4270.105	0.815
4270.260	0.814
4270.443	0.817
4270.600	0.816
4270.755	0.818
4270.938	0.817
4271.093	0.819
4271.277	0.819
4271.433	0.819
4271.588	0.819
4271.771	0.819
4271.927	0.819
4272.110	0.819
4272.267	0.819
4272.422	0.819
4272.605	0.819
4272.760	0.819
4272.943	0.820
4273.100	0.820
4273.255	0.821
4273.438	0.823
4273.593	0.823
4273.777	0.824
4273.933	0.824
4274.088	0.824
4274.271	0.824
4274.427	0.824
4274.610	0.825
4274.767	0.824
4274.922	0.826
4275.105	0.824
4275.260	0.827
4275.443	0.827
4275.600	0.828
4275.755	0.829
4275.938	0.828
4276.093	0.829
4276.277	0.829
4276.433	0.829
4276.588	0.829
4276.771	0.829
4276.927	0.829
4277.110	0.830
4277.267	0.832
4277.422	0.834
4277.605	0.834
4277.760	0.834
4277.943	0.834
4278.100	0.834
4278.255	0.834
4278.438	0.834
4278.593	0.834
4278.777	0.834
4278.933	0.834
4279.088	0.835
4279.271	0.835
4279.427	0.835
4279.610	0.839
4279.767	0.839
4279.922	0.839
4280.105	0.839
4280.260	0.839
4280.443	0.839
4280.600	0.839
4280.755	0.839
4280.938	0.839
4281.093	0.839
4281.277	0.839
4281.433	0.839
4281.588	0.841
4281.771	0.841
4281.927	0.840
4282.110	0.843
4282.267	0.844
4282.422	0.844
4282.605	0.845
4282.760	0.845
4282.943	0.845
4283.100	0.845
4283.255	0.845
4283.438	0.845
4283.593	0.847
4283.777	0.849
4283.933	0.849
4284.088	0.850
4284.271	0.850
4284.427	0.850
4284.610	0.850
4284.767	0.850
4284.922	0.850
4285.105	0.851
4285.260	0.851
4285.443	0.852
4285.600	0.853
4285.755	0.855
4285.938	0.855
4286.093	0.855
4286.277	0.855
4286.433	0.855
4286.588	0.855
4286.771	0.855
4286.927	0.855
4287.110	0.855
4287.267	0.855
4287.422	0.855
4287.605	0.855
4287.760	0.855
4287.943	0.856
4288.100	0.856
4288.255	0.858
4288.438	0.858
4288.593	0.859
4288.777	0.860
4288.933	0.860
4289.088	0.860
4289.271	0.860
4289.427	0.860
4289.610	0.860
4289.767	0.860
4289.922	0.861
4290.105	0.860
4290.260	0.862
4290.443	0.861
4290.600	0.863
4290.755	0.865
4290.938	0.865
4291.093	0.864
4291.277	0.865
4291.433	0.865
4291.588	0.865
4291.771	0.865
4291.927	0.865
4292.110	0.867
4292.267	0.867
4292.422	0.867
4292.605	0.868
4292.760	0.869
4292.943	0.870
4293.100	0.870
4293.255	0.870
4293.438	0.870
4293.593	0.870
4293.777	0.871
4293.933	0.871
4294.088	0.871
4294.271	0.873
4294.427	0.873
4294.610	0.873
4294.767	0.874
4294.922	0.875
4295.105	0.875
4295.260	0.875
4295.443	0.875
4295.600	0.875
4295.755	0.875
4295.938	0.875
4296.093	0.875
4296.277	0.876
4296.433	0.877
4296.588	0.878
4296.771	0.880
4296.927	0.879
4297.110	0.880
4297.267	0.880
4297.422	0.880
4297.605	0.880
4297.760	0.880
4297.943	0.880
4298.100	0.880
4298.255	0.880
4298.438	0.880
4298.593	0.880
4298.750	0.880
4298.933	0.880
4299.088	0.882
4299.271	0.885
4299.427	0.882
4299.610	0.885
4299.767	0.885
4299.922	0.886
4300.105	0.885
4300.260	0.885
4300.443	0.885
4300.600	0.885
4300.755	0.887
4300.938	0.890
4301.093	0.889
4301.277	0.890
4301.433	0.889
4301.588	0.890
4301.771	0.890
4301.927	0.890
4302.110	0.890
4302.267	0.890
4302.422	0.890
4302.605	0.890
4302.760	0.892
4302.917	0.892
4303.100	0.896
4303.255	0.896
4303.438	0.896
4303.593	0.896
4303.750	0.896
4303.933	0.896
4304.088	0.896
4304.271	0.896
4304.427	0.896
4304.610	0.897
4304.767	0.897
4304.922	0.897
4305.105	0.901
4305.260	0.900
4305.417	0.901
4305.600	0.901
4305.755	0.901
4305.938	0.901
4306.093	0.901
4306.277	0.901
4306.433	0.901
4306.588	0.901
4306.771	0.901
4306.927	0.901
4307.083	0.901
4307.267	0.902
4307.422	0.902
4307.605	0.902
4307.760	0.905
4307.943	0.906
4308.100	0.905
4308.255	0.906
4308.438	0.906
4308.593	0.906
4308.750	0.906
4308.933	0.906
4309.088	0.906
4309.271	0.907
4309.427	0.908
4309.610	0.908
4309.767	0.907
4309.922	0.911
4310.105	0.909
4310.260	0.911
4310.417	0.911
4310.600	0.911
4310.755	0.911
4310.938	0.911
4311.093	0.911
4311.250	0.912
4311.433	0.913
4311.588	0.916
4311.771	0.916
4311.927	0.916
4312.110	0.916
4312.267	0.916
4312.422	0.916
4312.605	0.916
4312.760	0.916
4312.917	0.916
4313.100	0.916
4313.255	0.916
4313.438	0.916
4313.593	0.918
4313.777	0.918
4313.933	0.919
4314.088	0.920
4314.271	0.920
4314.427	0.921
4314.583	0.919
4314.767	0.920
4314.922	0.921
4315.105	0.921
4315.260	0.921
4315.443	0.921
4315.600	0.922
4315.755	0.921
4315.938	0.921
4316.093	0.922
4316.250	0.921
4316.433	0.923
4316.588	0.923
4316.771	0.925
4316.927	0.926
4317.083	0.926
4317.267	0.926
4317.422	0.926
4317.605	0.926
4317.760	0.927
4317.943	0.927
4318.100	0.930
4318.255	0.931
4318.438	0.931
4318.593	0.931
4318.750	0.931
4318.933	0.931
4319.088	0.931
4319.271	0.931
4319.427	0.931
4319.610	0.931
4319.767	0.932
4319.922	0.933
4320.105	0.933
4320.260	0.931
4320.417	0.935
4320.600	0.936
4320.755	0.936
4320.938	0.936
4321.093	0.936
4321.250	0.936
4321.433	0.936
4321.588	0.936
4321.771	0.937
4321.927	0.936
4322.110	0.936
4322.267	0.937
4322.422	0.941
4322.605	0.940
4322.760	0.941
4322.943	0.941
4323.100	0.941
4323.255	0.941
4323.438	0.941
4323.593	0.941
4323.750	0.941
4323.933	0.941
4324.088	0.941
4324.271	0.943
4324.427	0.942
4324.610	0.945
4324.767	0.945
4324.922	0.946
4325.105	0.946
4325.260	0.947
4325.417	0.947
4325.600	0.947
4325.755	0.947
4325.938	0.947
4326.093	0.947
4326.277	0.947
4326.433	0.947
4326.588	0.947
4326.771	0.948
4326.927	0.950
4327.083	0.952
4327.267	0.951
4327.422	0.952
4327.605	0.952
4327.760	0.952
4327.943	0.952
4328.100	0.952
4328.255	0.952
4328.438	0.952
4328.593	0.952
4328.750	0.956
4328.933	0.954
4329.088	0.957
4329.271	0.957
4329.427	0.957
4329.610	0.957
4329.767	0.957
4329.922	0.957
4330.105	0.957
4330.260	0.957
4330.417	0.958
4330.600	0.958
4330.755	0.960
4330.938	0.960
4331.093	0.962
4331.277	0.961
4331.433	0.961
4331.588	0.962
4331.771	0.962
4331.927	0.962
4332.083	0.962
4332.267	0.962
4332.422	0.962
4332.605	0.962
4332.760	0.962
4332.943	0.962
4333.100	0.963
4333.255	0.962
4333.438	0.964
4333.593	0.963
4333.750	0.966
4333.933	0.965
4334.088	0.967
4334.271	0.967
4334.427	0.967
4334.583	0.967
4334.767	0.967
4334.922	0.967
4335.105	0.969
4335.260	0.969
4335.443	0.969
4335.600	0.971
4335.755	0.972
4335.938	0.972
4336.093	0.972
4336.277	0.972
4336.433	0.972
4336.588	0.972
4336.771	0.972
4336.927	0.972
4337.083	0.973
4337.267	0.974
4337.422	0.975
4337.605	0.974
4337.760	0.975
4337.943	0.975
4338.100	0.975
4338.255	0.977
4338.438	0.977
4338.593	0.977
4338.750	0.977
4338.933	0.977
4339.088	0.977
4339.271	0.977
4339.427	0.979
4339.610	0.980
4339.767	0.980
4339.922	0.981
4340.105	0.982
4340.260	0.982
4340.443	0.982
4340.600	0.982
4340.755	0.982
4340.938	0.982
4341.093	0.982
4341.250	0.982
4341.433	0.982
4341.588	0.982
4341.771	0.982
4341.927	0.982
4342.110	0.984
4342.267	0.985
4342.422	0.986
4342.605	0.986
4342.760	0.986
4342.917	0.987
4343.100	0.987
4343.255	0.987
4343.438	0.987
4343.593	0.987
4343.750	0.988
4343.933	0.987
4344.088	0.987
4344.271	0.987
4344.427	0.987
4344.583	0.990
4344.767	0.990
4344.922	0.992
4345.105	0.992
4345.260	0.992
4345.417	0.992
4345.600	0.992
4345.755	0.992
4345.938	0.992
4346.093	0.992
4346.250	0.992
4346.433	0.992
4346.588	0.992
4346.771	0.996
4346.927	0.996
4347.083	0.998
4347.267	0.997
4347.422	0.998
4347.605	0.998
4347.760	0.998
4347.917	0.998
4348.100	0.998
4348.255	0.998
4348.438	0.998
4348.593	0.998
4348.750	0.999
4348.933	1.000
4349.088	1.003
4349.271	1.003
4349.427	1.002
4349.583	1.003
4349.767	1.003
4349.922	1.003
4350.105	1.003
4350.260	1.003
4350.417	1.003
4350.600	1.003
4350.755	1.006
4350.938	1.003
4351.093	1.006
4351.250	1.008
4351.433	1.008
4351.588	1.008
4351.771	1.008
4351.927	1.007
4352.083	1.008
4352.267	1.008
4352.422	1.009
4352.605	1.009
4352.760	1.010
4352.917	1.009
4353.100	1.011
4353.255	1.013
4353.438	1.012
4353.593	1.013
4353.750	1.013
4353.933	1.013
4354.088	1.013
4354.271	1.013
4354.427	1.013
4354.583	1.013
4354.767	1.014
4354.922	1.015
4355.105	1.015
4355.260	1.015
4355.417	1.014
4355.600	1.018
4355.755	1.017
4355.938	1.018
4356.093	1.018
4356.250	1.018
4356.433	1.018
4356.588	1.018
4356.771	1.018
4356.927	1.018
4357.083	1.020
4357.267	1.020
4357.422	1.021
4357.605	1.022
4357.760	1.021
4357.917	1.023
4358.100	1.023
4358.255	1.023
4358.438	1.023
4358.593	1.023
4358.750	1.023
4358.933	1.023
4359.088	1.024
4359.271	1.023
4359.427	1.024
4359.583	1.024
4359.767	1.026
4359.922	1.028
4360.105	1.028
4360.260	1.027
4360.417	1.028
4360.600	1.028
4360.755	1.028
4360.938	1.028
4361.093	1.028
4361.250	1.028
4361.433	1.030
4361.588	1.029
4361.771	1.033
4361.927	1.032
4362.083	1.032
4362.267	1.033
4362.422	1.033
4362.605	1.033
4362.760	1.033
4362.917	1.033
4363.100	1.033
4363.255	1.036
4363.438	1.034
4363.593	1.038
4363.750	1.036
4363.933	1.037
4364.088	1.038
4364.271	1.038
4364.427	1.038
4364.583	1.038
4364.767	1.038
4364.922	1.038
4365.105	1.038
4365.260	1.038
4365.417	1.039
4365.600	1.040
4365.755	1.042
4365.938	1.043
4366.093	1.043
4366.250	1.043
4366.433	1.043
4366.588	1.043
4366.771	1.043
4366.927	1.043
4367.083	1.043
4367.267	1.043
4367.422	1.043
4367.605	1.043
4367.760	1.043
4367.917	1.044
4368.100	1.046
4368.255	1.046
4368.438	1.048
4368.593	1.049
4368.750	1.049
4368.933	1.049
4369.088	1.049
4369.271	1.049
4369.427	1.049
4369.583	1.051
4369.767	1.049
4369.922	1.051
4370.105	1.052
4370.260	1.053
4370.417	1.054
4370.600	1.054
4370.755	1.054
4370.938	1.054
4371.093	1.054
4371.250	1.054
4371.433	1.054
4371.588	1.054
4371.771	1.054
4371.927	1.056
4372.083	1.058
4372.267	1.058
4372.422	1.059
4372.605	1.059
4372.760	1.059
4372.917	1.059
4373.100	1.059
4373.255	1.059
4373.438	1.059
4373.593	1.059
4373.750	1.060
4373.933	1.061
4374.088	1.063
4374.271	1.062
4374.427	1.064
4374.583	1.064
4374.767	1.064
4374.922	1.064
4375.105	1.064
4375.260	1.064
4375.417	1.064
4375.600	1.064
4375.755	1.064
4375.938	1.064
4376.093	1.065
4376.250	1.066
4376.433	1.067
4376.588	1.069
4376.771	1.069
4376.927	1.069
4377.083	1.069
4377.267	1.069
4377.422	1.069
4377.605	1.069
4377.760	1.069
4377.917	1.069
4378.100	1.069
4378.255	1.071
4378.438	1.069
4378.593	1.071
4378.750	1.072
4378.933	1.074
4379.088	1.074
4379.271	1.074
4379.427	1.074
4379.583	1.074
4379.767	1.075
4379.922	1.074
4380.105	1.074
4380.260	1.075
4380.417	1.077
4380.600	1.077
4380.755	1.079
4380.938	1.079
4381.093	1.079
4381.250	1.079
4381.433	1.079
4381.588	1.079
4381.771	1.079
4381.927	1.079
4382.083	1.080
4382.267	1.082
4382.422	1.083
4382.605	1.082
4382.760	1.084
4382.917	1.084
4383.100	1.084
4383.255	1.084
4383.438	1.084
4383.593	1.084
4383.750	1.084
4383.933	1.084
4384.088	1.084
4384.271	1.084
4384.427	1.088
4384.583	1.084
4384.767	1.086
4384.922	1.088
4385.105	1.088
4385.260	1.089
4385.417	1.089
4385.600	1.089
4385.755	1.090
4385.938	1.089
4386.093	1.090
4386.250	1.093
4386.433	1.094
4386.588	1.094
4386.771	1.094
4386.927	1.094
4387.083	1.094
4387.267	1.094
4387.422	1.094
4387.605	1.094
4387.760	1.094
4387.917	1.097
4388.100	1.096
4388.255	1.097
4388.438	1.098
4388.593	1.099
4388.750	1.099
4388.933	1.099
4389.088	1.099
4389.271	1.099
4389.427	1.099
4389.583	1.099
4389.767	1.103
4389.922	1.099
4390.105	1.100
4390.260	1.104
4390.417	1.105
4390.600	1.105
4390.755	1.105
4390.938	1.105
4391.093	1.105
4391.250	1.105
4391.433	1.105
4391.588	1.105
4391.771	1.105
4391.927	1.105
4392.083	1.105
4392.267	1.105
4392.422	1.107
4392.605	1.109
4392.760	1.107
4392.917	1.108
4393.100	1.109
4393.255	1.110
4393.438	1.110
4393.593	1.111
4393.750	1.111
4393.933	1.111
4394.088	1.111
4394.271	1.112
4394.427	1.114
4394.583	1.115
4394.767	1.115
4394.922	1.115
4395.105	1.115
4395.260	1.115
4395.417	1.115
4395.600	1.115
4395.755	1.116
4395.938	1.116
4396.093	1.116
4396.250	1.119
4396.433	1.120
4396.588	1.120
4396.771	1.120
4396.927	1.120
4397.083	1.120
4397.267	1.120
4397.422	1.120
4397.605	1.121
4397.760	1.122
4397.917	1.123
4398.100	1.123
4398.255	1.125
4398.438	1.125
4398.593	1.125
4398.750	1.125
4398.933	1.125
4399.088	1.125
4399.271	1.126
4399.427	1.125
4399.583	1.126
4399.767	1.127
4399.922	1.130
4400.105	1.129
4400.260	1.129
4400.417	1.130
4400.600	1.130
4400.755	1.130
4400.938	1.130
4401.093	1.130
4401.250	1.130
4401.433	1.133
4401.588	1.133
4401.771	1.133
4401.927	1.135
4402.083	1.133
4402.267	1.134
4402.422	1.135
4402.605	1.135
4402.760	1.135
4402.917	1.135
4403.100	1.135
4403.255	1.135
4403.438	1.139
4403.593	1.139
4403.750	1.140
4403.933	1.140
4404.088	1.140
4404.271	1.140
4404.427	1.140
4404.583	1.141
4404.767	1.140
4404.922	1.140
4405.105	1.142
4405.260	1.144
4405.417	1.145
4405.600	1.145
4405.755	1.145
4405.938	1.145
4406.093	1.145
4406.250	1.145
4406.433	1.145
4406.588	1.145
4406.745	1.145
4406.927	1.145
4407.083	1.146
4407.267	1.145
4407.422	1.146
4407.605	1.146
4407.760	1.148
4407.917	1.149
4408.100	1.149
4408.255	1.150
4408.412	1.150
4408.593	1.150
4408.750	1.150
4408.933	1.150
4409.088	1.153
4409.271	1.151
4409.427	1.155
4409.583	1.156
4409.767	1.154
4409.922	1.156
4410.078	1.156
4410.260	1.156
4410.417	1.156
4410.600	1.156
4410.755	1.156
4410.912	1.157
4411.093	1.157
4411.250	1.157
4411.433	1.160
4411.588	1.160
4411.771	1.161
4411.927	1.161
4412.083	1.161
4412.267	1.161
4412.422	1.161
4412.578	1.161
4412.760	1.161
4412.917	1.161
4413.100	1.161
4413.255	1.162
4413.438	1.163
4413.593	1.166
4413.750	1.166
4413.933	1.166
4414.088	1.166
4414.271	1.166
4414.427	1.166
4414.583	1.166
4414.767	1.166
4414.922	1.166
4415.078	1.167
4415.260	1.168
4415.417	1.169
4415.600	1.171
4415.755	1.170
4415.938	1.171
4416.093	1.171
4416.250	1.172
4416.433	1.172
4416.588	1.173
4416.771	1.174
4416.927	1.176
4417.083	1.176
4417.267	1.176
4417.422	1.176
4417.605	1.176
4417.760	1.176
4417.917	1.176
4418.100	1.176
4418.255	1.176
4418.412	1.177
4418.593	1.177
4418.750	1.179
4418.933	1.181
4419.088	1.179
4419.245	1.180
4419.427	1.181
4419.583	1.181
4419.767	1.181
4419.922	1.181
4420.105	1.181
4420.260	1.181
4420.417	1.183
4420.600	1.184
4420.755	1.184
4420.938	1.186
4421.093	1.186
4421.250	1.186
4421.433	1.186
4421.588	1.186
4421.771	1.186
4421.927	1.186
4422.083	1.186
4422.267	1.186
4422.422	1.186
4422.605	1.190
4422.760	1.189
4422.917	1.190
4423.100	1.191
4423.255	1.191
4423.438	1.190
4423.593	1.191
4423.750	1.191
4423.933	1.191
4424.088	1.192
4424.245	1.193
4424.427	1.194
4424.583	1.196
4424.767	1.196
4424.922	1.196
4425.105	1.196
4425.260	1.196
4425.417	1.196
4425.600	1.196
4425.755	1.197
4425.912	1.196
4426.093	1.198
4426.250	1.198
4426.433	1.201
4426.588	1.201
4426.771	1.201
4426.927	1.201
4427.083	1.201
4427.267	1.201
4427.422	1.201
4427.578	1.201
4427.760	1.203
4427.917	1.202
4428.100	1.204
4428.255	1.206
4428.438	1.207
4428.593	1.207
4428.750	1.207
4428.933	1.207
4429.088	1.207
4429.271	1.207
4429.427	1.207
4429.583	1.207
4429.767	1.207
4429.922	1.208
4430.105	1.208
4430.260	1.210
4430.417	1.212
4430.600	1.211
4430.755	1.212
4430.912	1.212
4431.093	1.212
4431.250	1.213
4431.433	1.213
4431.588	1.213
4431.771	1.217
4431.927	1.217
4432.083	1.216
4432.267	1.217
4432.422	1.217
4432.578	1.217
4432.760	1.217
4432.917	1.217
4433.100	1.217
4433.255	1.217
4433.412	1.218
4433.593	1.222
4433.750	1.221
4433.933	1.221
4434.088	1.221
4434.245	1.222
4434.427	1.222
4434.583	1.222
4434.767	1.222
4434.922	1.223
4435.078	1.223
4435.260	1.223
4435.417	1.225
4435.600	1.226
4435.755	1.227
4435.912	1.227
4436.093	1.227
4436.250	1.227
4436.433	1.227
4436.588	1.227
4436.771	1.227
4436.927	1.227
4437.083	1.228
4437.267	1.228
4437.422	1.228
4437.578	1.231
4437.760	1.230
4437.917	1.232
4438.100	1.231
4438.255	1.232
4438.412	1.232
4438.593	1.232
4438.750	1.233
4438.933	1.234
4439.088	1.236
4439.245	1.237
4439.427	1.237
4439.583	1.237
4439.767	1.237
4439.922	1.237
4440.078	1.237
4440.260	1.237
4440.417	1.239
4440.600	1.242
4440.755	1.241
4440.912	1.242
4441.093	1.242
4441.250	1.242
4441.433	1.242
4441.588	1.242
4441.745	1.242
4441.927	1.243
4442.083	1.244
4442.267	1.243
4442.422	1.246
4442.578	1.247
4442.760	1.247
4442.917	1.247
4443.100	1.246
4443.255	1.247
4443.412	1.247
4443.593	1.247
4443.750	1.247
4443.933	1.247
4444.088	1.248
4444.245	1.251
4444.427	1.248
4444.583	1.251
4444.767	1.252
4444.922	1.252
4445.078	1.252
4445.260	1.252
4445.417	1.253
4445.600	1.254
4445.755	1.256
4445.912	1.256
4446.093	1.257
4446.250	1.258
4446.433	1.258
4446.588	1.258
4446.745	1.258
4446.927	1.258
4447.083	1.258
4447.267	1.258
4447.422	1.258
4447.578	1.260
4447.760	1.263
4447.917	1.262
4448.100	1.263
4448.255	1.263
4448.412	1.263
4448.593	1.263
4448.750	1.264
4448.933	1.264
4449.088	1.268
4449.271	1.268
4449.427	1.268
4449.583	1.268
4449.767	1.268
4449.922	1.268
4450.078	1.268
4450.260	1.268
4450.417	1.268
4450.600	1.268
4450.755	1.270
4450.912	1.269
4451.093	1.271
4451.250	1.273
4451.433	1.272
4451.588	1.273
4451.745	1.273
4451.927	1.273
4452.083	1.274
4452.267	1.273
4452.422	1.274
4452.578	1.277
4452.760	1.278
4452.917	1.277
4453.100	1.278
4453.255	1.278
4453.412	1.278
4453.593	1.278
4453.750	1.279
4453.933	1.279
4454.088	1.281
4454.245	1.282
4454.427	1.283
4454.583	1.283
4454.767	1.283
4454.922	1.283
4455.078	1.283
4455.260	1.283
4455.417	1.283
4455.600	1.284
4455.755	1.286
4455.912	1.287
4456.093	1.288
4456.250	1.288
4456.433	1.288
4456.588	1.288
4456.745	1.288
4456.927	1.288
4457.083	1.288
4457.267	1.288
4457.422	1.288
4457.578	1.288
4457.760	1.289
4457.917	1.288
4458.100	1.290
4458.255	1.293
4458.412	1.293
4458.593	1.293
4458.750	1.293
4458.933	1.293
4459.088	1.293
4459.245	1.295
4459.427	1.296
4459.583	1.297
4459.767	1.297
4459.922	1.298
4460.078	1.298
4460.260	1.298
4460.417	1.298
4460.600	1.298
4460.755	1.298
4460.912	1.300
4461.093	1.299
4461.250	1.301
4461.433	1.303
4461.588	1.303
4461.745	1.303
4461.927	1.303
4462.083	1.303
4462.267	1.303
4462.422	1.303
4462.578	1.303
4462.760	1.304
4462.917	1.304
4463.100	1.307
4463.255	1.309
4463.412	1.309
4463.593	1.309
4463.750	1.309
4463.933	1.309
4464.088	1.309
4464.245	1.309
4464.427	1.309
4464.583	1.309
4464.767	1.309
4464.922	1.309
4465.078	1.311
4465.260	1.314
4465.417	1.314
4465.600	1.314
4465.755	1.314
4465.912	1.314
4466.093	1.314
4466.250	1.314
4466.433	1.314
4466.588	1.315
4466.745	1.315
4466.927	1.318
4467.083	1.318
4467.267	1.319
4467.422	1.319
4467.578	1.319
4467.760	1.320
4467.917	1.320
4468.100	1.320
4468.255	1.322
4468.412	1.324
4468.593	1.323
4468.750	1.324
4468.933	1.324
4469.088	1.324
4469.245	1.324
4469.427	1.324
4469.583	1.324
4469.767	1.325
4469.922	1.324
4470.078	1.326
4470.260	1.329
4470.417	1.329
4470.600	1.329
4470.755	1.329
4470.912	1.329
4471.093	1.329
4471.250	1.330
4471.433	1.332
4471.588	1.334
4471.745	1.334
4471.927	1.334
4472.083	1.334
4472.267	1.335
4472.422	1.335
4472.578	1.335
4472.760	1.338
4472.917	1.338
4473.100	1.339
4473.255	1.339
4473.412	1.339
4473.593	1.339
4473.750	1.339
4473.933	1.339
4474.088	1.340
4474.245	1.340
4474.427	1.342
4474.583	1.343
4474.767	1.343
4474.922	1.344
4475.078	1.344
4475.260	1.344
4475.417	1.344
4475.600	1.344
4475.755	1.344
4475.912	1.346
4476.093	1.347
4476.250	1.348
4476.433	1.348
4476.588	1.349
4476.745	1.349
4476.927	1.349
4477.083	1.349
4477.267	1.349
4477.422	1.352
4477.578	1.353
4477.760	1.352
4477.917	1.354
4478.100	1.353
4478.255	1.354
4478.412	1.354
4478.593	1.354
4478.750	1.354
4478.933	1.354
4479.088	1.355
4479.245	1.357
4479.427	1.359
4479.583	1.360
4479.767	1.360
4479.922	1.360
4480.078	1.360
4480.260	1.360
4480.417	1.362
4480.600	1.363
4480.755	1.363
4480.912	1.365
4481.093	1.365
4481.250	1.365
4481.433	1.365
4481.588	1.369
4481.745	1.365
4481.927	1.368
4482.083	1.367
4482.267	1.368
4482.422	1.370
4482.578	1.370
4482.760	1.370
4482.917	1.370
4483.100	1.370
4483.255	1.370
4483.412	1.370
4483.593	1.370
4483.750	1.371
4483.933	1.372
4484.088	1.372
4484.245	1.375
4484.427	1.375
4484.583	1.375
4484.767	1.375
4484.922	1.376
4485.078	1.377
4485.260	1.377
4485.417	1.377
4485.600	1.379
4485.755	1.380
4485.912	1.380
4486.093	1.380
4486.250	1.380
4486.433	1.381
4486.588	1.382
4486.745	1.385
4486.927	1.385
4487.083	1.385
4487.267	1.385
4487.422	1.385
4487.578	1.385
4487.760	1.385
4487.917	1.386
4488.100	1.388
4488.255	1.388
4488.412	1.389
4488.593	1.390
4488.750	1.390
4488.933	1.390
4489.088	1.390
4489.245	1.390
4489.427	1.390
4489.583	1.391
4489.767	1.393
4489.922	1.393
4490.078	1.395
4490.260	1.395
4490.417	1.395
4490.600	1.395
4490.755	1.395
4490.912	1.395
4491.093	1.396
4491.250	1.395
4491.433	1.398
4491.588	1.399
4491.745	1.400
4491.927	1.400
4492.083	1.400
4492.267	1.400
4492.422	1.400
4492.578	1.402
4492.760	1.405
4492.917	1.405
4493.100	1.405
4493.255	1.405
4493.412	1.405
4493.593	1.405
4493.750	1.405
4493.933	1.405
4494.088	1.405
4494.245	1.405
4494.427	1.407
4494.583	1.408
4494.767	1.410
4494.922	1.411
4495.078	1.411
4495.260	1.411
4495.417	1.411
4495.600	1.412
4495.755	1.413
4495.912	1.415
4496.093	1.416
4496.250	1.416
4496.433	1.416
4496.588	1.416
4496.745	1.416
4496.927	1.417
4497.083	1.416
4497.267	1.419
4497.422	1.421
4497.578	1.421
4497.760	1.421
4497.917	1.421
4498.100	1.421
4498.255	1.422
4498.412	1.423
4498.593	1.423
4498.750	1.426
4498.933	1.426
4499.088	1.426
4499.245	1.426
4499.427	1.426
4499.583	1.426
4499.767	1.428
4499.922	1.428
4500.078	1.428
4500.260	1.429
4500.417	1.431
4500.600	1.431
4500.755	1.431
4500.912	1.431
4501.093	1.431
4501.250	1.431
4501.433	1.431
4501.588	1.431
4501.745	1.431
4501.927	1.432
4502.083	1.436
4502.267	1.435
4502.422	1.436
4502.578	1.436
4502.760	1.436
4502.917	1.436
4503.100	1.438
4503.255	1.441
4503.412	1.441
4503.593	1.441
4503.750	1.441
4503.933	1.443
4504.088	1.441
4504.245	1.442
4504.427	1.444
4504.583	1.445
4504.767	1.446
4504.922	1.446
4505.078	1.446
4505.260	1.446
4505.417	1.446
4505.600	1.446
4505.755	1.447
4505.912	1.449
4506.093	1.448
4506.250	1.450
4506.433	1.450
4506.588	1.451
4506.745	1.451
4506.927	1.451
4507.083	1.451
4507.267	1.451
4507.422	1.451
4507.578	1.451
4507.760	1.453
4507.917	1.456
4508.100	1.456
4508.255	1.456
4508.412	1.456
4508.593	1.456
4508.750	1.456
4508.933	1.458
4509.088	1.457
4509.245	1.460
4509.427	1.461
4509.583	1.461
4509.767	1.461
4509.922	1.461
4510.078	1.461
4510.260	1.461
4510.417	1.461
4510.600	1.462
4510.755	1.466
4510.912	1.467
4511.093	1.467
4511.250	1.467
4511.433	1.467
4511.588	1.467
4511.745	1.467
4511.927	1.467
4512.083	1.469
4512.267	1.472
4512.422	1.472
4512.578	1.472
4512.760	1.472
4512.917	1.472
4513.100	1.472
4513.255	1.472
4513.412	1.473
4513.593	1.472
4513.750	1.472
4513.933	1.473
4514.088	1.475
4514.245	1.477
4514.427	1.476
4514.583	1.477
4514.767	1.477
4514.922	1.477
4515.078	1.477
4515.260	1.477
4515.417	1.478
4515.600	1.478
4515.755	1.480
4515.912	1.482
4516.093	1.482
4516.250	1.482
4516.433	1.482
4516.588	1.484
4516.745	1.486
4516.927	1.487
4517.083	1.487
4517.267	1.487
4517.422	1.487
4517.578	1.487
4517.760	1.487
4517.917	1.487
4518.100	1.487
4518.255	1.488
4518.412	1.490
4518.593	1.492
4518.750	1.491
4518.933	1.492
4519.088	1.492
4519.245	1.492
4519.427	1.492
4519.583	1.492
4519.767	1.492
4519.922	1.494
4520.078	1.495
4520.260	1.495
4520.417	1.497
4520.600	1.497
4520.755	1.497
4520.912	1.497
4521.093	1.497
4521.250	1.498
4521.433	1.499
4521.588	1.501
4521.745	1.502
4521.927	1.502
4522.083	1.502
4522.267	1.502
4522.422	1.502
4522.578	1.502
4522.760	1.503
4522.917	1.503
4523.100	1.505
4523.255	1.507
4523.412	1.507
4523.593	1.507
4523.750	1.507
4523.933	1.507
4524.088	1.507
4524.245	1.507
4524.427	1.507
4524.583	1.507
4524.767	1.508
4524.922	1.509
4525.078	1.512
4525.260	1.512
4525.417	1.512
4525.600	1.512
4525.755	1.512
4525.912	1.512
4526.093	1.512
4526.250	1.512
4526.433	1.513
4526.588	1.516
4526.745	1.515
4526.927	1.514
4527.083	1.518
4527.267	1.518
4527.422	1.518
4527.578	1.518
4527.760	1.518
4527.917	1.519
4528.100	1.519
4528.255	1.519
4528.412	1.523
4528.593	1.522
4528.750	1.523
4528.933	1.523
4529.088	1.523
4529.245	1.523
4529.427	1.524
4529.583	1.525
4529.767	1.526
4529.922	1.527
4530.078	1.528
4530.260	1.528
4530.417	1.528
4530.600	1.528
4530.755	1.528
4530.912	1.529
4531.093	1.531
4531.250	1.531
4531.433	1.533
4531.588	1.533
4531.745	1.533
4531.927	1.533
4532.083	1.533
4532.267	1.533
4532.422	1.533
4532.578	1.533
4532.760	1.533
4532.917	1.533
4533.073	1.535
4533.255	1.534
4533.412	1.535
4533.593	1.538
4533.750	1.538
4533.933	1.538
4534.088	1.538
4534.245	1.538
4534.427	1.539
4534.583	1.541
4534.767	1.539
4534.922	1.541
4535.078	1.543
4535.260	1.543
4535.417	1.543
4535.600	1.543
4535.755	1.544
4535.912	1.543
4536.093	1.544
4536.250	1.545
4536.407	1.544
4536.588	1.546
4536.745	1.547
4536.927	1.547
4537.083	1.548
4537.267	1.548
4537.422	1.548
4537.578	1.549
4537.760	1.549
4537.917	1.550
4538.073	1.552
4538.255	1.553
4538.412	1.553
4538.593	1.553
4538.750	1.553
4538.933	1.553
4539.088	1.553
4539.245	1.553
4539.427	1.553
4539.583	1.553
4539.740	1.553
4539.922	1.553
4540.078	1.556
4540.260	1.556
4540.417	1.558
4540.573	1.558
4540.755	1.558
4540.912	1.558
4541.093	1.558
4541.250	1.558
4541.407	1.558
4541.588	1.559
4541.745	1.559
4541.927	1.563
4542.083	1.562
4542.240	1.563
4542.422	1.563
4542.578	1.563
4542.760	1.563
4542.917	1.564
4543.100	1.563
4543.255	1.567
4543.412	1.569
4543.593	1.567
4543.750	1.569
4543.907	1.568
4544.088	1.569
4544.245	1.569
4544.427	1.569
4544.583	1.569
4544.740	1.569
4544.922	1.569
4545.078	1.569
4545.260	1.569
4545.417	1.569
4545.573	1.570
4545.755	1.573
4545.912	1.573
4546.093	1.574
4546.250	1.574
4546.433	1.574
4546.588	1.574
4546.745	1.574
4546.927	1.575
4547.083	1.575
4547.240	1.576
4547.422	1.576
4547.578	1.578
4547.760	1.579
4547.917	1.579
4548.100	1.579
4548.255	1.579
4548.412	1.579
4548.593	1.580
4548.750	1.580
4548.933	1.581
4549.088	1.582
4549.245	1.582
4549.427	1.584
4549.583	1.584
4549.740	1.584
4549.922	1.584
4550.078	1.584
4550.260	1.584
4550.417	1.584
4550.573	1.584
4550.755	1.585
4550.912	1.584
4551.093	1.586
4551.250	1.586
4551.433	1.589
4551.588	1.589
4551.745	1.589
4551.927	1.589
4552.083	1.589
4552.240	1.589
4552.422	1.591
4552.578	1.591
4552.760	1.594
4552.917	1.594
4553.073	1.594
4553.255	1.594
4553.412	1.594
4553.593	1.594
4553.750	1.594
4553.933	1.594
4554.088	1.594
4554.245	1.594
4554.427	1.596
4554.583	1.596
4554.767	1.595
4554.922	1.599
4555.078	1.598
4555.260	1.598
4555.417	1.599
4555.573	1.599
4555.755	1.599
4555.912	1.599
4556.093	1.599
4556.250	1.600
4556.407	1.599
4556.588	1.603
4556.745	1.603
4556.927	1.603
4557.083	1.604
4557.240	1.604
4557.422	1.604
4557.578	1.604
4557.760	1.606
4557.917	1.604
4558.100	1.605
4558.255	1.606
4558.412	1.607
4558.593	1.606
4558.750	1.608
4558.933	1.609
4559.088	1.609
4559.245	1.609
4559.427	1.609
4559.583	1.609
4559.740	1.609
4559.922	1.612
4560.078	1.612
4560.260	1.614
4560.417	1.614
4560.573	1.614
4560.755	1.614
4560.912	1.614
4561.093	1.614
4561.250	1.614
4561.407	1.614
4561.588	1.614
4561.745	1.614
4561.927	1.615
4562.083	1.614
4562.240	1.615
4562.422	1.618
4562.578	1.618
4562.760	1.620
4562.917	1.620
4563.073	1.620
4563.255	1.620
4563.412	1.620
4563.593	1.620
4563.750	1.621
4563.907	1.624
4564.088	1.625
4564.245	1.625
4564.427	1.625
4564.583	1.625
4564.740	1.625
4564.922	1.625
4565.078	1.625
4565.260	1.625
4565.417	1.625
4565.573	1.627
4565.755	1.626
4565.912	1.627
4566.093	1.630
4566.250	1.630
4566.407	1.630
4566.588	1.630
4566.745	1.630
4566.927	1.630
4567.083	1.630
4567.240	1.630
4567.422	1.630
4567.578	1.630
4567.760	1.631
4567.917	1.630
4568.073	1.630
4568.255	1.632
4568.412	1.634
4568.593	1.632
4568.750	1.635
4568.907	1.635
4569.088	1.635
4569.245	1.635
4569.427	1.635
4569.583	1.635
4569.740	1.635
4569.922	1.635
4570.078	1.636
4570.260	1.636
4570.417	1.635
4570.573	1.636
4570.755	1.640
4570.912	1.640
4571.093	1.639
4571.250	1.639
4571.433	1.640
4571.588	1.640
4571.745	1.640
4571.927	1.640
4572.083	1.640
4572.240	1.640
4572.422	1.642
4572.578	1.642
4572.760	1.641
4572.917	1.645
4573.073	1.645
4573.255	1.645
4573.412	1.645
4573.593	1.645
4573.750	1.645
4573.907	1.645
4574.088	1.647
4574.245	1.648
4574.427	1.647
4574.583	1.648
4574.740	1.650
4574.922	1.650
4575.078	1.650
4575.260	1.650
4575.417	1.650
4575.573	1.650
4575.755	1.650
4575.912	1.650
4576.093	1.650
4576.250	1.652
4576.407	1.653
4576.588	1.654
4576.745	1.654
4576.927	1.654
4577.083	1.655
4577.240	1.655
4577.422	1.655
4577.578	1.655
4577.760	1.655
4577.917	1.655
4578.073	1.655
4578.255	1.656
4578.412	1.656
4578.593	1.656
4578.750	1.659
4578.907	1.660
4579.088	1.659
4579.245	1.660
4579.427	1.660
4579.583	1.660
4579.740	1.662
4579.922	1.662
4580.078	1.665
4580.260	1.665
4580.417	1.665
4580.573	1.665
4580.755	1.665
4580.912	1.665
4581.093	1.665
4581.250	1.665
4581.407	1.665
4581.588	1.665
4581.745	1.666
4581.927	1.666
4582.083	1.668
4582.240	1.666
4582.422	1.667
4582.578	1.668
4582.760	1.670
4582.917	1.671
4583.073	1.671
4583.255	1.671
4583.412	1.671
4583.593	1.671
4583.750	1.671
4583.907	1.671
4584.088	1.671
4584.245	1.675
4584.427	1.674
4584.583	1.674
4584.740	1.675
4584.922	1.676
4585.078	1.676
4585.260	1.676
4585.417	1.676
4585.573	1.676
4585.755	1.676
4585.912	1.676
4586.093	1.676
4586.250	1.676
4586.407	1.676
4586.588	1.679
4586.745	1.679
4586.927	1.680
4587.083	1.680
4587.240	1.680
4587.422	1.681
4587.578	1.681
4587.760	1.681
4587.917	1.681
4588.073	1.681
4588.255	1.681
4588.412	1.681
4588.593	1.682
4588.750	1.681
4588.907	1.682
4589.088	1.684
4589.245	1.685
4589.427	1.686
4589.583	1.686
4589.740	1.686
4589.922	1.686
4590.078	1.686
4590.260	1.687
4590.417	1.688
4590.573	1.689
4590.755	1.688
4590.912	1.691
4591.093	1.691
4591.250	1.691
4591.407	1.691
4591.588	1.691
4591.745	1.691
4591.927	1.691
4592.083	1.691
4592.240	1.691
4592.422	1.692
4592.578	1.693
4592.760	1.694
4592.917	1.695
4593.073	1.695
4593.255	1.696
4593.412	1.696
4593.593	1.696
4593.750	1.696
4593.907	1.696
4594.088	1.696
4594.245	1.696
4594.427	1.696
4594.583	1.697
4594.740	1.696
4594.922	1.698
4595.078	1.699
4595.260	1.699
4595.417	1.700
4595.573	1.701
4595.755	1.701
4595.912	1.701
4596.093	1.701
4596.250	1.702
4596.407	1.703
4596.588	1.705
4596.745	1.705
4596.927	1.702
4597.083	1.706
4597.240	1.705
4597.422	1.706
4597.578	1.705
4597.760	1.706
4597.917	1.706
4598.073	1.706
4598.255	1.706
4598.412	1.707
4598.593	1.706
4598.750	1.706
4598.907	1.707
4599.088	1.710
4599.245	1.710
4599.427	1.711
4599.583	1.711
4599.740	1.711
4599.922	1.711
4600.078	1.711
4600.260	1.711
4600.417	1.711
4600.600	1.711
4600.755	1.711
4600.912	1.711
4601.093	1.711
4601.250	1.711
4601.407	1.712
4601.588	1.714
4601.745	1.716
4601.927	1.716
4602.083	1.716
4602.240	1.716
4602.422	1.716
4602.578	1.716
4602.760	1.716
4602.917	1.716
4603.073	1.717
4603.255	1.718
4603.412	1.717
4603.593	1.717
4603.750	1.721
4603.907	1.717
4604.088	1.722
4604.245	1.722
4604.427	1.722
4604.583	1.722
4604.740	1.722
4604.922	1.722
4605.078	1.722
4605.260	1.722
4605.417	1.722
4605.573	1.722
4605.755	1.722
4605.912	1.722
4606.093	1.722
4606.250	1.726
4606.407	1.726
4606.588	1.727
4606.745	1.727
4606.927	1.727
4607.083	1.727
4607.240	1.727
4607.422	1.727
4607.578	1.727
4607.760	1.729
4607.917	1.730
4608.073	1.731
4608.255	1.730
4608.412	1.732
4608.593	1.732
4608.750	1.732
4608.907	1.732
4609.088	1.732
4609.245	1.732
4609.427	1.732
4609.583	1.732
4609.740	1.732
4609.922	1.733
4610.078	1.732
4610.260	1.733
4610.417	1.735
4610.573	1.734
4610.755	1.737
4610.912	1.737
4611.093	1.737
4611.250	1.737
4611.407	1.737
4611.588	1.737
4611.745	1.737
4611.927	1.737
4612.083	1.737
4612.240	1.737
4612.422	1.740
4612.578	1.739
4612.760	1.741
4612.917	1.741
4613.073	1.742
4613.255	1.740
4613.412	1.742
4613.593	1.742
4613.750	1.742
4613.907	1.743
4614.088	1.742
4614.245	1.744
4614.427	1.746
4614.583	1.746
4614.740	1.747
4614.922	1.747
4615.078	1.747
4615.260	1.747
4615.417	1.747
4615.573	1.747
4615.755	1.747
4615.912	1.747
4616.093	1.747
4616.250	1.750
4616.407	1.751
4616.588	1.750
4616.745	1.751
4616.927	1.752
4617.083	1.751
4617.240	1.752
4617.422	1.752
4617.578	1.752
4617.760	1.752
4617.917	1.752
4618.073	1.752
4618.255	1.752
4618.412	1.754
4618.593	1.753
4618.750	1.755
4618.907	1.755
4619.088	1.756
4619.245	1.757
4619.427	1.757
4619.583	1.757
4619.740	1.757
4619.922	1.757
4620.078	1.757
4620.260	1.757
4620.417	1.757
4620.573	1.757
4620.755	1.757
4620.912	1.759
4621.093	1.758
4621.250	1.760
4621.407	1.761
4621.588	1.761
4621.745	1.761
4621.927	1.762
4622.083	1.762
4622.240	1.762
4622.422	1.762
4622.578	1.762
4622.760	1.762
4622.917	1.762
4623.073	1.763
4623.255	1.762
4623.412	1.765
4623.593	1.764
4623.750	1.766
4623.907	1.767
4624.088	1.767
4624.245	1.767
4624.427	1.767
4624.583	1.767
4624.740	1.767
4624.922	1.767
4625.078	1.767
4625.260	1.767
4625.417	1.769
4625.573	1.770
4625.755	1.771
4625.912	1.772
4626.093	1.772
4626.250	1.772
4626.407	1.772
4626.588	1.772
4626.745	1.772
4626.927	1.772
4627.083	1.772
4627.240	1.772
4627.422	1.772
4627.578	1.773
4627.760	1.773
4627.917	1.774
4628.073	1.772
4628.255	1.777
4628.412	1.777
4628.593	1.778
4628.750	1.778
4628.907	1.778
4629.088	1.778
4629.245	1.778
4629.427	1.778
4629.583	1.778
4629.740	1.778
4629.922	1.778
4630.078	1.778
4630.260	1.778
4630.417	1.778
4630.573	1.778
4630.755	1.780
4630.912	1.780
4631.093	1.779
4631.250	1.780
4631.407	1.779
4631.588	1.782
4631.745	1.783
4631.927	1.783
4632.083	1.783
4632.240	1.783
4632.422	1.784
4632.578	1.784
4632.760	1.784
4632.917	1.784
4633.073	1.784
4633.255	1.787
4633.412	1.788
4633.593	1.788
4633.750	1.788
4633.907	1.788
4634.088	1.788
4634.245	1.788
4634.427	1.788
4634.583	1.788
4634.740	1.788
4634.922	1.788
4635.078	1.790
4635.235	1.790
4635.417	1.790
4635.573	1.793
4635.755	1.793
4635.912	1.793
4636.093	1.793
4636.250	1.793
4636.407	1.793
4636.588	1.793
4636.745	1.793
4636.927	1.793
4637.083	1.793
4637.240	1.794
4637.422	1.795
4637.578	1.797
4637.760	1.798
4637.917	1.798
4638.073	1.798
4638.255	1.798
4638.412	1.798
4638.568	1.798
4638.750	1.798
4638.907	1.798
4639.088	1.798
4639.245	1.798
4639.427	1.798
4639.583	1.798
4639.740	1.798
4639.922	1.798
4640.078	1.798
4640.260	1.798
4640.417	1.799
4640.573	1.798
4640.755	1.800
4640.912	1.803
4641.093	1.802
4641.250	1.803
4641.407	1.802
4641.588	1.803
4641.745	1.803
4641.927	1.803
4642.083	1.803
4642.240	1.803
4642.422	1.803
4642.578	1.804
4642.760	1.804
4642.917	1.807
4643.073	1.804
4643.255	1.806
4643.412	1.808
4643.593	1.808
4643.750	1.808
4643.907	1.808
4644.088	1.808
4644.245	1.808
4644.402	1.809
4644.583	1.808
4644.740	1.808
4644.922	1.808
4645.078	1.810
4645.235	1.812
4645.417	1.813
4645.573	1.813
4645.755	1.812
4645.912	1.813
4646.068	1.813
4646.250	1.813
4646.407	1.813
4646.588	1.813
4646.745	1.813
4646.927	1.813
4647.083	1.813
4647.240	1.813
4647.422	1.813
4647.578	1.813
4647.735	1.814
4647.917	1.815
4648.073	1.816
4648.255	1.818
4648.412	1.817
4648.593	1.818
4648.750	1.818
4648.907	1.818
4649.088	1.818
4649.245	1.818
4649.427	1.818
4649.583	1.818
4649.740	1.818
4649.922	1.818
4650.078	1.818
4650.260	1.818
4650.417	1.818
4650.573	1.818
4650.755	1.818
4650.912	1.819
4651.068	1.819
4651.250	1.821
4651.407	1.823
4651.588	1.823
4651.745	1.823
4651.927	1.823
4652.083	1.823
4652.240	1.823
4652.422	1.823
4652.578	1.823
4652.735	1.827
4652.917	1.824
4653.073	1.827
4653.255	1.826
4653.412	1.828
4653.593	1.829
4653.750	1.829
4653.907	1.829
4654.088	1.829
4654.245	1.829
4654.402	1.829
4654.583	1.829
4654.740	1.829
4654.922	1.829
4655.078	1.829
4655.235	1.829
4655.417	1.833
4655.573	1.832
4655.755	1.833
4655.912	1.833
4656.068	1.834
4656.250	1.834
4656.407	1.834
4656.588	1.834
4656.745	1.834
4656.927	1.834
4657.083	1.834
4657.240	1.834
4657.422	1.834
4657.578	1.834
4657.760	1.835
4657.917	1.835
4658.073	1.835
4658.255	1.835
4658.412	1.835
4658.593	1.838
4658.750	1.838
4658.907	1.839
4659.088	1.839
4659.245	1.839
4659.402	1.839
4659.583	1.839
4659.740	1.839
4659.922	1.839
4660.078	1.839
4660.260	1.839
4660.417	1.839
4660.573	1.840
4660.755	1.839
4660.912	1.841
4661.093	1.842
4661.250	1.843
4661.407	1.844
4661.588	1.844
4661.745	1.844
4661.927	1.844
4662.083	1.844
4662.240	1.844
4662.422	1.844
4662.578	1.844
4662.735	1.844
4662.917	1.846
4663.073	1.846
4663.255	1.845
4663.412	1.845
4663.593	1.846
4663.750	1.846
4663.907	1.849
4664.088	1.849
4664.245	1.848
4664.402	1.849
4664.583	1.849
4664.740	1.849
4664.922	1.849
4665.078	1.849
4665.235	1.850
4665.417	1.850
4665.573	1.850
4665.755	1.850
4665.912	1.852
4666.068	1.851
4666.250	1.851
4666.407	1.852
4666.588	1.853
4666.745	1.854
4666.902	1.854
4667.083	1.854
4667.240	1.854
4667.422	1.854
4667.578	1.854
4667.760	1.854
4667.917	1.855
4668.073	1.854
4668.255	1.855
4668.412	1.855
4668.568	1.857
4668.750	1.857
4668.907	1.859
4669.088	1.858
4669.245	1.859
4669.427	1.859
4669.583	1.859
4669.740	1.859
4669.922	1.859
4670.078	1.859
4670.260	1.859
4670.417	1.859
4670.573	1.859
4670.755	1.860
4670.912	1.860
4671.068	1.861
4671.250	1.863
4671.407	1.862
4671.588	1.863
4671.745	1.864
4671.902	1.863
4672.083	1.863
4672.240	1.864
4672.422	1.864
4672.578	1.864
4672.735	1.864
4672.917	1.864
4673.073	1.865
4673.255	1.867
4673.412	1.866
4673.568	1.868
4673.750	1.869
4673.907	1.868
4674.088	1.869
4674.245	1.869
4674.402	1.869
4674.583	1.869
4674.740	1.869
4674.922	1.869
4675.078	1.869
4675.235	1.869
4675.417	1.869
4675.573	1.869
4675.755	1.869
4675.912	1.869
4676.068	1.869
4676.250	1.869
4676.407	1.871
4676.588	1.874
4676.745	1.874
4676.902	1.874
4677.083	1.874
4677.240	1.874
4677.422	1.874
4677.578	1.874
4677.735	1.874
4677.917	1.874
4678.073	1.874
4678.255	1.874
4678.412	1.875
4678.568	1.875
4678.750	1.876
4678.907	1.877
4679.088	1.878
4679.245	1.880
4679.402	1.878
4679.583	1.880
4679.740	1.880
4679.922	1.879
4680.078	1.880
4680.235	1.880
4680.417	1.880
4680.573	1.880
4680.755	1.880
4680.912	1.880
4681.068	1.880
4681.250	1.880
4681.407	1.880
4681.588	1.880
4681.745	1.880
4681.902	1.880
4682.083	1.881
4682.240	1.881
4682.422	1.884
4682.578	1.884
4682.735	1.882
4682.917	1.881
4683.073	1.885
4683.255	1.885
4683.412	1.885
4683.568	1.885
4683.750	1.885
4683.907	1.885
4684.088	1.885
4684.245	1.885
4684.402	1.885
4684.583	1.886
4684.740	1.886
4684.922	1.886
4685.078	1.888
4685.235	1.886
4685.417	1.889
4685.573	1.890
4685.755	1.890
4685.912	1.889
4686.068	1.890
4686.250	1.890
4686.407	1.890
4686.588	1.890
4686.745	1.890
4686.902	1.890
4687.083	1.890
4687.240	1.892
4687.422	1.892
4687.578	1.892
4687.735	1.893
4687.917	1.893
4688.073	1.894
4688.255	1.895
4688.412	1.895
4688.568	1.895
4688.750	1.895
4688.907	1.895
4689.088	1.895
4689.245	1.895
4689.402	1.895
4689.583	1.895
4689.740	1.895
4689.922	1.896
4690.078	1.897
4690.235	1.895
4690.417	1.897
4690.573	1.900
4690.755	1.899
4690.912	1.898
4691.068	1.899
4691.250	1.899
4691.407	1.900
4691.588	1.900
4691.745	1.900
4691.902	1.900
4692.083	1.900
4692.240	1.900
4692.422	1.900
4692.578	1.900
4692.735	1.900
4692.917	1.901
4693.073	1.902
4693.255	1.904
4693.412	1.903
4693.568	1.903
4693.750	1.905
4693.907	1.905
4694.088	1.904
4694.245	1.905
4694.402	1.905
4694.583	1.905
4694.740	1.905
4694.922	1.905
4695.078	1.905
4695.235	1.906
4695.417	1.907
4695.573	1.907
4695.755	1.910
4695.912	1.907
4696.068	1.910
4696.250	1.910
4696.407	1.910
4696.588	1.910
4696.745	1.910
4696.902	1.910
4697.083	1.910
4697.240	1.910
4697.422	1.910
4697.578	1.910
4697.735	1.910
4697.917	1.910
4698.073	1.911
4698.255	1.911
4698.412	1.912
4698.568	1.915
4698.750	1.914
4698.907	1.914
4699.088	1.914
4699.245	1.914
4699.402	1.915
4699.583	1.915
4699.740	1.915
4699.922	1.915
4700.078	1.915
4700.235	1.915
4700.417	1.915
4700.573	1.915
4700.755	1.916
4700.912	1.916
4701.068	1.918
4701.250	1.919
4701.407	1.919
4701.588	1.919
4701.745	1.918
4701.902	1.919
4702.083	1.918
4702.240	1.920
4702.422	1.920
4702.578	1.920
4702.760	1.920
4702.917	1.920
4703.073	1.920
4703.255	1.920
4703.412	1.920
4703.568	1.920
4703.750	1.920
4703.907	1.920
4704.088	1.920
4704.245	1.922
4704.402	1.920
4704.583	1.922
4704.740	1.925
4704.922	1.924
4705.078	1.922
4705.235	1.924
4705.417	1.925
4705.573	1.925
4705.755	1.925
4705.912	1.925
4706.068	1.925
4706.250	1.925
4706.407	1.925
4706.588	1.925
4706.745	1.925
4706.902	1.925
4707.083	1.925
4707.240	1.926
4707.422	1.926
4707.578	1.926
4707.735	1.926
4707.917	1.926
4708.073	1.929
4708.255	1.927
4708.412	1.931
4708.568	1.931
4708.750	1.931
4708.907	1.931
4709.088	1.931
4709.245	1.931
4709.402	1.931
4709.583	1.931
4709.740	1.931
4709.922	1.931
4710.078	1.931
4710.235	1.933
4710.417	1.934
4710.573	1.935
4710.755	1.935
4710.912	1.936
4711.068	1.936
4711.250	1.936
4711.407	1.934
4711.588	1.936
4711.745	1.936
4711.902	1.936
4712.083	1.936
4712.240	1.936
4712.422	1.936
4712.578	1.936
4712.735	1.936
4712.917	1.936
4713.073	1.936
4713.255	1.939
4713.412	1.940
4713.568	1.940
4713.750	1.940
4713.907	1.941
4714.088	1.941
4714.245	1.941
4714.402	1.941
4714.583	1.941
4714.740	1.941
4714.922	1.941
4715.078	1.941
4715.235	1.941
4715.417	1.941
4715.573	1.941
4715.755	1.941
4715.912	1.941
4716.068	1.941
4716.250	1.941
4716.407	1.941
4716.588	1.941
4716.745	1.942
4716.902	1.941
4717.083	1.941
4717.240	1.946
4717.422	1.942
4717.578	1.942
4717.735	1.944
4717.917	1.944
4718.073	1.946
4718.255	1.945
4718.412	1.946
4718.568	1.946
4718.750	1.945
4718.907	1.945
4719.088	1.947
4719.245	1.946
4719.402	1.946
4719.583	1.947
4719.740	1.949
4719.922	1.949
4720.078	1.951
4720.235	1.951
4720.417	1.951
4720.573	1.951
4720.730	1.951
4720.912	1.951
4721.068	1.951
4721.250	1.951
4721.407	1.951
4721.588	1.951
4721.745	1.951
4721.902	1.951
4722.083	1.951
4722.240	1.951
4722.422	1.952
4722.578	1.953
4722.735	1.953
4722.917	1.953
4723.073	1.954
4723.255	1.955
4723.412	1.955
4723.568	1.955
4723.750	1.954
4723.907	1.956
4724.088	1.956
4724.245	1.956
4724.402	1.956
4724.583	1.956
4724.740	1.956
4724.896	1.956
4725.078	1.956
4725.235	1.956
4725.417	1.956
4725.573	1.956
4725.755	1.958
4725.912	1.957
4726.068	1.956
4726.250	1.957
4726.407	1.958
4726.588	1.958
4726.745	1.960
4726.902	1.959
4727.083	1.960
4727.240	1.960
4727.422	1.961
4727.578	1.960
4727.735	1.961
4727.917	1.961
4728.073	1.961
4728.255	1.961
4728.412	1.961
4728.568	1.961
4728.750	1.961
4728.907	1.961
4729.063	1.961
4729.245	1.961
4729.402	1.961
4729.583	1.961
4729.740	1.961
4729.896	1.961
4730.078	1.961
4730.235	1.961
4730.417	1.961
4730.573	1.961
4730.755	1.961
4730.912	1.961
4731.068	1.961
4731.250	1.962
4731.407	1.962
4731.588	1.961
4731.745	1.962
4731.902	1.965
4732.083	1.962
4732.240	1.964
4732.422	1.963
4732.578	1.965
4732.735	1.965
4732.917	1.965
4733.073	1.966
4733.255	1.966
4733.412	1.966
4733.568	1.966
4733.750	1.966
4733.907	1.966
4734.063	1.966
4734.245	1.966
4734.402	1.966
4734.583	1.966
4734.740	1.966
4734.922	1.968
4735.078	1.966
4735.235	1.968
4735.417	1.969
4735.573	1.971
4735.755	1.971
4735.912	1.971
4736.068	1.971
4736.250	1.971
4736.407	1.971
4736.563	1.971
4736.745	1.971
4736.902	1.971
4737.083	1.972
4737.240	1.971
4737.396	1.971
4737.578	1.971
4737.735	1.972
4737.917	1.971
4738.073	1.973
4738.230	1.971
4738.412	1.971
4738.568	1.972
4738.750	1.972
4738.907	1.973
4739.088	1.975
4739.245	1.976
4739.402	1.976
4739.583	1.976
4739.740	1.976
4739.896	1.976
4740.078	1.976
4740.235	1.976
4740.417	1.976
4740.573	1.976
4740.730	1.976
4740.912	1.976
4741.068	1.976
4741.250	1.976
4741.407	1.976
4741.588	1.976
4741.745	1.976
4741.902	1.976
4742.083	1.976
4742.240	1.976
4742.396	1.976
4742.578	1.978
4742.735	1.977
4742.917	1.978
4743.073	1.978
4743.230	1.977
4743.412	1.981
4743.568	1.982
4743.750	1.982
4743.907	1.982
4744.088	1.982
4744.245	1.982
4744.402	1.982
4744.583	1.982
4744.740	1.982
4744.896	1.982
4745.078	1.982
4745.235	1.982
4745.417	1.982
4745.573	1.982
4745.755	1.982
4745.912	1.982
4746.068	1.982
4746.250	1.982
4746.407	1.982
4746.588	1.982
4746.745	1.984
4746.902	1.982
4747.083	1.985
4747.240	1.987
4747.396	1.984
4747.578	1.987
4747.735	1.987
4747.917	1.986
4748.073	1.987
4748.255	1.987
4748.412	1.987
4748.568	1.987
4748.750	1.987
4748.907	1.987
4749.088	1.987
4749.245	1.987
4749.402	1.987
4749.583	1.987
4749.740	1.987
4749.896	1.987
4750.078	1.988
4750.235	1.989
4750.417	1.988
4750.573	1.991
4750.730	1.991
4750.912	1.991
4751.068	1.992
4751.250	1.989
4751.407	1.990
4751.563	1.992
4751.745	1.992
4751.902	1.992
4752.083	1.992
4752.240	1.992
4752.422	1.992
4752.578	1.992
4752.735	1.992
4752.917	1.992
4753.073	1.992
4753.255	1.992
4753.412	1.993
4753.568	1.992
4753.750	1.993
4753.907	1.992
4754.088	1.992
4754.245	1.992
4754.402	1.992
4754.583	1.993
4754.740	1.993
4754.896	1.993
4755.078	1.993
4755.235	1.997
4755.417	1.997
4755.573	1.997
4755.730	1.997
4755.912	1.997
4756.068	1.996
4756.250	1.997
4756.407	1.997
4756.563	1.997
4756.745	1.997
4756.902	1.997
4757.083	1.997
4757.240	1.997
4757.422	1.997
4757.578	1.997
4757.735	1.997
4757.917	1.997
4758.073	1.997
4758.255	1.997
4758.412	1.998
4758.568	1.997
4758.750	1.998
4758.907	1.999
4759.063	1.999
4759.245	1.999
4759.402	2.000
4759.583	2.001
4759.740	2.001
4759.922	2.002
4760.078	2.001
4760.235	2.002
4760.417	2.000
4760.573	2.002
4760.730	2.002
4760.912	2.002
4761.068	2.002
4761.250	2.002
4761.407	2.002
4761.588	2.002
4761.745	2.002
4761.902	2.002
4762.083	2.002
4762.240	2.002
4762.422	2.002
4762.578	2.002
4762.735	2.002
4762.917	2.002
4763.073	2.003
4763.230	2.003
4763.412	2.002
4763.568	2.002
4763.750	2.003
4763.907	2.002
4764.063	2.003
4764.245	2.002
4764.402	2.003
4764.583	2.005
4764.740	2.006
4764.896	2.007
4765.078	2.005
4765.235	2.005
4765.417	2.006
4765.573	2.007
4765.730	2.007
4765.912	2.007
4766.068	2.007
4766.250	2.007
4766.407	2.007
4766.563	2.007
4766.745	2.007
4766.902	2.007
4767.083	2.007
4767.240	2.007
4767.396	2.007
4767.578	2.007
4767.735	2.007
4767.917	2.007
4768.073	2.007
4768.230	2.007
4768.412	2.007
4768.568	2.007
4768.750	2.010
4768.907	2.008
4769.063	2.010
4769.245	2.010
4769.402	2.010
4769.583	2.009
4769.740	2.011
4769.896	2.011
4770.078	2.012
4770.235	2.011
4770.417	2.012
4770.573	2.012
4770.730	2.012
4770.912	2.012
4771.068	2.012
4771.250	2.012
4771.407	2.012
4771.563	2.012
4771.745	2.013
4771.902	2.012
4772.083	2.012
4772.240	2.012
4772.396	2.012
4772.578	2.013
4772.735	2.014
4772.917	2.013
4773.073	2.014
4773.230	2.016
4773.412	2.015
4773.568	2.014
4773.750	2.017
4773.907	2.016
4774.063	2.017
4774.245	2.016
4774.402	2.017
4774.583	2.017
4774.740	2.017
4774.896	2.017
4775.078	2.016
4775.235	2.017
4775.417	2.017
4775.573	2.017
4775.730	2.017
4775.912	2.017
4776.068	2.017
4776.250	2.017
4776.407	2.017
4776.563	2.017
4776.745	2.017
4776.902	2.018
4777.083	2.020
4777.240	2.020
4777.396	2.019
4777.578	2.022
4777.735	2.021
4777.917	2.021
4778.073	2.021
4778.230	2.019
4778.412	2.019
4778.568	2.022
4778.750	2.021
4778.907	2.021
4779.088	2.022
4779.245	2.021
4779.402	2.021
4779.583	2.021
4779.740	2.022
4779.896	2.022
4780.078	2.022
4780.235	2.022
4780.417	2.022
4780.573	2.022
4780.730	2.022
4780.912	2.022
4781.068	2.022
4781.250	2.022
4781.407	2.022
4781.563	2.022
4781.745	2.022
4781.902	2.022
4782.083	2.022
4782.240	2.022
4782.396	2.022
4782.578	2.022
4782.735	2.022
4782.917	2.022
4783.073	2.023
4783.230	2.022
4783.412	2.022
4783.568	2.022
4783.750	2.022
4783.907	2.022
4784.063	2.022
4784.245	2.022
4784.402	2.022
4784.583	2.023
4784.740	2.022
4784.896	2.024
4785.078	2.023
4785.235	2.025
4785.417	2.026
4785.573	2.024
4785.730	2.025
4785.912	2.027
4786.068	2.026
4786.250	2.026
4786.407	2.027
4786.588	2.027
4786.745	2.027
4786.902	2.027
4787.083	2.027
4787.240	2.027
4787.396	2.027
4787.578	2.027
4787.735	2.027
4787.917	2.027
4788.073	2.029
4788.230	2.028
4788.412	2.027
4788.568	2.027
4788.750	2.027
4788.907	2.027
4789.063	2.027
4789.245	2.028
4789.402	2.028
4789.583	2.028
4789.740	2.028
4789.896	2.028
4790.078	2.031
4790.235	2.033
4790.417	2.032
4790.573	2.032
4790.730	2.032
4790.912	2.032
4791.068	2.031
4791.250	2.030
4791.407	2.032
4791.563	2.033
4791.745	2.031
4791.902	2.033
4792.083	2.032
4792.240	2.033
4792.396	2.033
4792.578	2.033
4792.735	2.033
4792.917	2.033
4793.073	2.033
4793.230	2.033
4793.412	2.033
4793.568	2.033
4793.750	2.033
4793.907	2.033
4794.063	2.033
4794.245	2.033
4794.402	2.033
4794.583	2.033
4794.740	2.033
4794.896	2.033
4795.078	2.033
4795.235	2.033
4795.417	2.033
4795.573	2.033
4795.730	2.033
4795.912	2.033
4796.068	2.033
4796.250	2.033
4796.407	2.033
4796.563	2.033
4796.745	2.034
4796.902	2.034
4797.083	2.034
4797.240	2.033
4797.396	2.033
4797.578	2.033
4797.735	2.033
4797.917	2.034
4798.073	2.037
4798.230	2.037
4798.412	2.034
4798.568	2.036
4798.750	2.037
4798.907	2.035
4799.063	2.037
4799.245	2.038
4799.402	2.037
4799.583	2.038
4799.740	2.038
4799.896	2.038
4800.078	2.038
4800.235	2.038
4800.417	2.038
4800.573	2.038
4800.730	2.038
4800.912	2.038
4801.068	2.038
4801.250	2.038
4801.407	2.038
4801.563	2.038
4801.745	2.038
4801.902	2.038
4802.083	2.038
4802.240	2.038
4802.396	2.038
4802.578	2.038
4802.735	2.038
4802.917	2.038
4803.073	2.038
4803.230	2.038
4803.412	2.038
4803.568	2.038
4803.750	2.038
4803.907	2.038
4804.063	2.038
4804.245	2.038
4804.402	2.038
4804.583	2.038
4804.740	2.038
4804.896	2.038
4805.078	2.038
4805.235	2.038
4805.417	2.038
4805.573	2.038
4805.730	2.038
4805.912	2.038
4806.068	2.038
4806.250	2.038
4806.407	2.038
4806.563	2.038
4806.745	2.038
4806.902	2.038
4807.083	2.038
4807.240	2.038
4807.396	2.039
4807.578	2.038
4807.735	2.038
4807.917	2.039
4808.073	2.038
4808.230	2.039
4808.412	2.042
4808.568	2.038
4808.750	2.040
4808.907	2.040
4809.063	2.041
4809.245	2.041
4809.402	2.042
4809.583	2.041
4809.740	2.040
4809.896	2.040
4810.078	2.040
4810.235	2.040
4810.417	2.042
4810.573	2.040
4810.730	2.039
4810.912	2.039
4811.068	2.041
4811.250	2.041
4811.407	2.042
4811.563	2.041
4811.745	2.040
4811.902	2.042
4812.083	2.042
4812.240	2.043
4812.396	2.042
4812.578	2.041
4812.735	2.042
4812.917	2.042
4813.073	2.042
4813.230	2.042
4813.412	2.040
4813.568	2.040
4813.750	2.038
4813.907	2.040
4814.063	2.039
4814.245	2.040
4814.402	2.041
4814.583	2.043
4814.740	2.041
4814.896	2.040
4815.078	2.041
4815.235	2.040
4815.417	2.041
4815.573	2.039
4815.730	2.040
4815.912	2.038
4816.068	2.041
4816.250	2.039
4816.407	2.041
4816.563	2.041
4816.745	2.038
4816.902	2.038
4817.083	2.038
4817.240	2.039
4817.396	2.038
4817.578	2.038
4817.735	2.040
4817.917	2.038
4818.073	2.041
4818.230	2.038
4818.412	2.039
4818.568	2.038
4818.750	2.038
4818.907	2.038
4819.063	2.038
4819.245	2.040
4819.402	2.039
4819.583	2.038
4819.740	2.038
4819.896	2.038
4820.078	2.038
4820.235	2.038
4820.417	2.038
4820.573	2.038
4820.730	2.038
4820.912	2.038
4821.068	2.038
4821.250	2.038
4821.407	2.038
4821.563	2.038
4821.745	2.038
4821.902	2.038
4822.083	2.038
4822.240	2.038
4822.396	2.038
4822.578	2.038
4822.735	2.038
4822.917	2.038
4823.073	2.038
4823.230	2.038
4823.412	2.038
4823.568	2.038
4823.750	2.038
4823.907	2.038
4824.063	2.038
4824.245	2.038
4824.402	2.038
4824.583	2.038
4824.740	2.038
4824.896	2.038
4825.078	2.038
4825.235	2.038
4825.417	2.038
4825.573	2.038
4825.730	2.038
4825.912	2.038
4826.068	2.038
4826.250	2.038
4826.407	2.038
4826.563	2.038
4826.745	2.038
4826.902	2.038
4827.083	2.038
4827.240	2.038
4827.396	2.038
4827.578	2.038
4827.735	2.038
4827.917	2.038
4828.073	2.038
4828.230	2.038
4828.412	2.038
4828.568	2.038
4828.750	2.038
4828.907	2.038
4829.063	2.038
4829.245	2.038
4829.402	2.038
4829.583	2.038
4829.740	2.038
4829.896	2.038
4830.078	2.038
4830.235	2.038
4830.417	2.038
4830.573	2.038
4830.730	2.038
4830.912	2.038
4831.068	2.038
4831.250	2.038
4831.407	2.038
4831.563	2.038
4831.745	2.038
4831.902	2.038
4832.083	2.038
4832.240	2.038
4832.396	2.038
4832.578	2.038
4832.735	2.038
4832.917	2.038
4833.073	2.038
4833.230	2.038
4833.412	2.038
4833.568	2.038
4833.750	2.038
4833.907	2.038
4834.063	2.038
4834.245	2.038
4834.402	2.038
4834.583	2.038
4834.740	2.038
4834.896	2.038
4835.078	2.038
4835.235	2.038
4835.417	2.038
4835.573	2.038
4835.730	2.038
4835.912	2.038
4836.068	2.038
4836.250	2.038
4836.407	2.038
4836.563	2.038
4836.745	2.038
4836.902	2.038
4837.083	2.038
4837.240	2.038
4837.396	2.038
4837.578	2.038
4837.735	2.038
4837.917	2.038
4838.073	2.038
4838.230	2.038
4838.412	2.038
4838.568	2.038
4838.750	2.038
4838.907	2.038
4839.063	2.038
4839.245	2.038
4839.402	2.038
4839.583	2.038
4839.740	2.038
4839.896	2.038
4840.078	2.038
4840.235	2.038
4840.417	2.038
4840.573	2.038
4840.730	2.038
4840.912	2.038
4841.068	2.038
4841.250	2.038
4841.407	2.038
4841.563	2.038
4841.745	2.038
4841.902	2.038
4842.083	2.038
4842.240	2.038
4842.396	2.038
4842.578	2.038
4842.735	2.038
4842.917	2.038
4843.073	2.038
4843.230	2.038
4843.412	2.038
4843.568	2.038
4843.750	2.038
4843.907	2.038
4844.063	2.037
4844.245	2.038
4844.402	2.038
4844.583	2.038
4844.740	2.038
4844.896	2.038
4845.078	2.038
4845.235	2.038
4845.417	2.038
4845.573	2.038
4845.730	2.038
4845.912	2.037
4846.068	2.038
4846.250	2.038
4846.407	2.038
4846.563	2.038
4846.745	2.038
4846.902	2.038
4847.083	2.038
4847.240	2.038
4847.396	2.038
4847.578	2.038
4847.735	2.037
4847.917	2.038
4848.073	2.038
4848.230	2.038
4848.412	2.037
4848.568	2.038
4848.750	2.038
4848.907	2.038
4849.063	2.036
4849.245	2.038
4849.402	2.037
4849.583	2.038
4849.740	2.037
4849.896	2.035
4850.078	2.035
4850.235	2.034
4850.417	2.033
4850.573	2.036
4850.730	2.035
4850.912	2.035
4851.068	2.034
4851.250	2.035
4851.407	2.036
4851.563	2.036
4851.745	2.033
4851.902	2.033
4852.083	2.033
4852.240	2.033
4852.396	2.033
4852.578	2.033
4852.735	2.033
4852.917	2.033
4853.073	2.033
4853.230	2.033
4853.412	2.033
4853.568	2.033
4853.750	2.033
4853.907	2.033
4854.063	2.033
4854.245	2.033
4854.402	2.033
4854.583	2.033
4854.740	2.033
4854.896	2.033
4855.078	2.033
4855.235	2.033
4855.417	2.033
4855.573	2.033
4855.730	2.033
4855.912	2.033
4856.068	2.033
4856.250	2.033
4856.407	2.033
4856.563	2.033
4856.745	2.033
4856.902	2.033
4857.083	2.033
4857.240	2.033
4857.396	2.033
4857.578	2.033
4857.735	2.033
4857.917	2.033
4858.073	2.033
4858.230	2.033
4858.412	2.033
4858.568	2.033
4858.750	2.033
4858.907	2.033
4859.063	2.033
4859.245	2.033
4859.402	2.033
4859.583	2.033
4859.740	2.033
4859.896	2.032
4860.078	2.033
4860.235	2.033
4860.417	2.033
4860.573	2.031
4860.730	2.033
4860.912	2.032
4861.068	2.033
4861.250	2.033
4861.407	2.032
4861.563	2.030
4861.745	2.030
4861.902	2.030
4862.083	2.029
4862.240	2.028
4862.396	2.027
4862.578	2.028
4862.735	2.027
4862.917	2.027
4863.073	2.028
4863.230	2.027
4863.412	2.027
4863.568	2.028
4863.725	2.027
4863.907	2.028
4864.063	2.028
4864.245	2.027
4864.402	2.027
4864.583	2.027
4864.740	2.027
4864.896	2.027
4865.078	2.027
4865.235	2.027
4865.392	2.027
4865.573	2.027
4865.730	2.027
4865.912	2.027
4866.068	2.027
4866.250	2.027
4866.407	2.027
4866.563	2.027
4866.745	2.027
4866.902	2.027
4867.083	2.027
4867.240	2.027
4867.396	2.027
4867.578	2.027
4867.735	2.027
4867.917	2.027
4868.073	2.027
4868.230	2.027
4868.412	2.027
4868.568	2.027
4868.750	2.027
4868.907	2.027
4869.063	2.027
4869.245	2.027
4869.402	2.025
4869.583	2.027
4869.740	2.027
4869.896	2.027
4870.078	2.026
4870.235	2.027
4870.417	2.025
4870.573	2.027
4870.730	2.026
4870.912	2.025
4871.068	2.027
4871.250	2.026
4871.407	2.024
4871.563	2.024
4871.745	2.024
4871.902	2.024
4872.058	2.025
4872.240	2.024
4872.396	2.025
4872.578	2.023
4872.735	2.023
4872.917	2.025
4873.073	2.025
4873.230	2.025
4873.385	2.023
4873.568	2.022
4873.750	2.023
4873.907	2.023
4874.063	2.022
4874.245	2.022
4874.402	2.022
4874.583	2.022
4874.740	2.022
4874.896	2.022
4875.078	2.022
4875.235	2.022
4875.417	2.022
4875.573	2.022
4875.730	2.022
4875.912	2.022
4876.068	2.022
4876.250	2.022
4876.407	2.022
4876.563	2.022
4876.745	2.022
4876.902	2.022
4877.083	2.022
4877.240	2.022
4877.396	2.022
4877.578	2.022
4877.735	2.022
4877.917	2.022
4878.073	2.022
4878.230	2.022
4878.412	2.022
4878.568	2.022
4878.750	2.022
4878.907	2.022
4879.063	2.022
4879.245	2.022
4879.402	2.022
4879.583	2.022
4879.740	2.022
4879.896	2.022
4880.078	2.022
4880.235	2.022
4880.417	2.022
4880.573	2.022
4880.730	2.022
4880.912	2.022
4881.068	2.022
4881.250	2.022
4881.407	2.022
4881.563	2.022
4881.745	2.022
4881.902	2.022
4882.083	2.022
4882.240	2.022
4882.396	2.022
4882.578	2.022
4882.735	2.022
4882.917	2.022
4883.073	2.022
4883.230	2.022
4883.412	2.022
4883.568	2.022
4883.750	2.022
4883.907	2.022
4884.063	2.022
4884.245	2.022
4884.402	2.022
4884.583	2.022
4884.740	2.022
4884.896	2.022
4885.078	2.022
4885.235	2.022
4885.417	2.022
4885.573	2.022
4885.730	2.021
4885.912	2.022
4886.068	2.022
4886.250	2.022
4886.407	2.022
4886.563	2.022
4886.745	2.022
4886.902	2.022
4887.083	2.022
4887.240	2.022
4887.396	2.022
4887.578	2.022
4887.735	2.022
4887.917	2.022
4888.073	2.022
4888.230	2.022
4888.412	2.022
4888.568	2.022
4888.750	2.022
4888.907	2.022
4889.063	2.022
4889.245	2.022
4889.402	2.022
4889.583	2.022
4889.740	2.022
4889.896	2.021
4890.078	2.022
4890.235	2.022
4890.417	2.022
4890.573	2.022
4890.730	2.022
4890.912	2.022
4891.068	2.022
4891.250	2.021
4891.407	2.022
4891.563	2.022
4891.745	2.022
4891.902	2.022
4892.083	2.022
4892.240	2.022
4892.396	2.022
4892.578	2.022
4892.735	2.022
4892.917	2.022
4893.073	2.022
4893.230	2.022
4893.412	2.022
4893.568	2.022
4893.750	2.022
4893.907	2.022
4894.063	2.022
4894.245	2.022
4894.402	2.022
4894.583	2.022
4894.740	2.022
4894.896	2.022
4895.078	2.022
4895.235	2.021
4895.417	2.022
4895.573	2.021
4895.730	2.022
4895.912	2.022
4896.068	2.022
4896.250	2.022
4896.407	2.022
4896.563	2.022
4896.745	2.022
4896.902	2.022
4897.083	2.022
4897.240	2.022
4897.396	2.022
4897.578	2.022
4897.735	2.022
4897.917	2.022
4898.073	2.022
4898.230	2.022
4898.412	2.022
4898.568	2.022
4898.750	2.022
4898.907	2.022
4899.063	2.022
4899.245	2.022
4899.402	2.022
4899.558	2.022
4899.740	2.022
4899.896	2.022
4900.078	2.022
4900.235	2.022
4900.392	2.022
4900.573	2.022
4900.730	2.022
4900.912	2.022
4901.068	2.022
4901.225	2.022
4901.407	2.022
4901.563	2.022
4901.745	2.022
4901.902	2.022
4902.058	2.022
4902.240	2.022
4902.396	2.022
4902.578	2.021
4902.735	2.021
4902.892	2.022
4903.073	2.022
4903.230	2.022
4903.412	2.022
4903.568	2.022
4903.725	2.022
4903.907	2.022
4904.063	2.022
4904.245	2.022
4904.402	2.022
4904.558	2.022
4904.740	2.022
4904.896	2.022
4905.078	2.022
4905.235	2.022
4905.392	2.022
4905.573	2.022
4905.730	2.022
4905.912	2.022
4906.068	2.022
4906.225	2.022
4906.407	2.022
4906.563	2.022
4906.745	2.022
4906.902	2.022
4907.058	2.022
4907.240	2.022
4907.396	2.022
4907.578	2.022
4907.735	2.022
4907.892	2.022
4908.073	2.022
4908.230	2.022
4908.412	2.022
4908.568	2.022
4908.725	2.022
4908.907	2.022
4909.063	2.022
4909.245	2.022
4909.402	2.022
4909.558	2.022
4909.740	2.022
4909.896	2.022
4910.078	2.022
4910.235	2.022
4910.392	2.022
4910.573	2.022
4910.730	2.022
4910.912	2.022
4911.068	2.022
4911.225	2.022
4911.407	2.022
4911.563	2.022
4911.745	2.022
4911.902	2.022
4912.058	2.022
4912.240	2.022
4912.396	2.022
4912.578	2.022
4912.735	2.022
4912.892	2.022
4913.073	2.022
4913.230	2.022
4913.412	2.022
4913.568	2.022
4913.725	2.022
4913.907	2.022
4914.063	2.022
4914.245	2.022
4914.402	2.022
4914.558	2.022
4914.740	2.022
4914.896	2.022
4915.078	2.022
4915.235	2.024
4915.392	2.022
4915.573	2.022
4915.730	2.022
4915.912	2.023
4916.068	2.022
4916.225	2.022
4916.407	2.022
4916.563	2.024
4916.745	2.022
4916.902	2.022
4917.058	2.022
4917.240	2.023
4917.396	2.022
4917.578	2.022
4917.735	2.022
4917.892	2.024
4918.073	2.023
4918.230	2.022
4918.412	2.022
4918.568	2.022
4918.725	2.023
4918.907	2.023
4919.063	2.022
4919.245	2.022
4919.402	2.022
4919.558	2.027
4919.740	2.023
4919.896	2.023
4920.078	2.022
4920.235	2.023
4920.392	2.022
4920.573	2.022
4920.730	2.022
4920.912	2.024
4921.068	2.022
4921.225	2.026
4921.407	2.025
4921.563	2.024
4921.745	2.026
4921.902	2.024
4922.058	2.025
4922.240	2.027
4922.396	2.027
4922.578	2.027
4922.735	2.027
4922.892	2.027
4923.073	2.027
4923.230	2.027
4923.412	2.027
4923.568	2.027
4923.725	2.027
4923.907	2.027
4924.063	2.027
4924.245	2.027
4924.402	2.027
4924.558	2.027
4924.740	2.027
4924.896	2.027
4925.078	2.027
4925.235	2.027
4925.392	2.027
4925.573	2.027
4925.730	2.027
4925.912	2.027
4926.068	2.027
4926.225	2.028
4926.407	2.027
4926.563	2.027
4926.745	2.027
4926.902	2.027
4927.058	2.027
4927.240	2.027
4927.396	2.027
4927.578	2.027
4927.735	2.027
4927.892	2.027
4928.073	2.027
4928.230	2.027
4928.412	2.027
4928.568	2.027
4928.725	2.027
4928.907	2.027
4929.063	2.027
4929.245	2.027
4929.402	2.027
4929.558	2.027
4929.740	2.027
4929.896	2.027
4930.078	2.027
4930.235	2.027
4930.392	2.028
4930.573	2.027
4930.730	2.029
4930.912	2.029
4931.068	2.027
4931.225	2.027
4931.407	2.027
4931.563	2.027
4931.745	2.027
4931.902	2.029
4932.058	2.027
4932.240	2.030
4932.396	2.029
4932.578	2.030
4932.735	2.030
4932.892	2.032
4933.073	2.033
4933.230	2.033
4933.412	2.032
4933.568	2.029
4933.725	2.032
4933.907	2.030
4934.063	2.030
4934.245	2.033
4934.402	2.030
4934.558	2.032
4934.740	2.030
4934.896	2.032
4935.078	2.032
4935.235	2.032
4935.392	2.031
4935.573	2.030
4935.730	2.033
4935.912	2.031
4936.068	2.033
4936.225	2.031
4936.407	2.032
4936.563	2.032
4936.745	2.033
4936.902	2.033
4937.058	2.033
4937.240	2.033
4937.396	2.033
4937.578	2.033
4937.735	2.033
4937.892	2.033
4938.073	2.033
4938.230	2.033
4938.412	2.033
4938.568	2.033
4938.725	2.033
4938.907	2.033
4939.063	2.033
4939.245	2.033
4939.402	2.033
4939.558	2.033
4939.740	2.033
4939.896	2.033
4940.078	2.033
4940.235	2.033
4940.392	2.033
4940.573	2.033
4940.730	2.033
4940.912	2.033
4941.068	2.033
4941.225	2.033
4941.407	2.033
4941.563	2.035
4941.745	2.033
4941.902	2.033
4942.058	2.033
4942.240	2.033
4942.396	2.034
4942.578	2.034
4942.735	2.033
4942.892	2.034
4943.073	2.035
4943.230	2.037
4943.412	2.036
4943.568	2.034
4943.725	2.037
4943.907	2.033
4944.063	2.036
4944.245	2.036
4944.402	2.036
4944.558	2.037
4944.740	2.037
4944.896	2.038
4945.078	2.038
4945.235	2.036
4945.392	2.038
4945.573	2.038
4945.730	2.038
4945.912	2.038
4946.068	2.038
4946.225	2.038
4946.407	2.038
4946.563	2.038
4946.745	2.038
4946.902	2.038
4947.058	2.038
4947.240	2.038
4947.396	2.038
4947.578	2.038
4947.735	2.038
4947.892	2.038
4948.073	2.038
4948.230	2.038
4948.412	2.038
4948.568	2.038
4948.725	2.038
4948.907	2.038
4949.063	2.038
4949.245	2.038
4949.402	2.040
4949.558	2.038
4949.740	2.039
4949.896	2.040
4950.078	2.040
4950.235	2.040
4950.392	2.042
4950.573	2.042
4950.730	2.042
4950.912	2.043
4951.068	2.043
4951.225	2.042
4951.407	2.042
4951.563	2.043
4951.745	2.042
4951.902	2.043
4952.058	2.043
4952.240	2.043
4952.396	2.043
4952.578	2.043
4952.735	2.043
4952.892	2.043
4953.073	2.043
4953.230	2.043
4953.412	2.043
4953.568	2.043
4953.725	2.043
4953.907	2.043
4954.063	2.043
4954.245	2.043
4954.402	2.043
4954.558	2.043
4954.740	2.043
4954.896	2.044
4955.078	2.044
4955.235	2.043
4955.392	2.044
4955.573	2.045
4955.730	2.044
4955.912	2.044
4956.068	2.044
4956.225	2.044
4956.407	2.046
4956.563	2.047
4956.745	2.047
4956.902	2.044
4957.058	2.044
4957.240	2.047
4957.396	2.048
4957.578	2.047
4957.735	2.048
4957.892	2.048
4958.073	2.048
4958.230	2.048
4958.412	2.048
4958.568	2.048
4958.725	2.048
4958.907	2.048
4959.063	2.048
4959.245	2.048
4959.402	2.048
4959.558	2.048
4959.740	2.048
4959.896	2.049
4960.078	2.049
4960.235	2.050
4960.392	2.049
4960.573	2.050
4960.730	2.050
4960.912	2.052
4961.068	2.052
4961.225	2.050
4961.407	2.052
4961.563	2.051
4961.745	2.052
4961.902	2.052
4962.058	2.053
4962.240	2.053
4962.396	2.053
4962.578	2.053
4962.735	2.053
4962.892	2.053
4963.073	2.053
4963.230	2.053
4963.412	2.053
4963.568	2.053
4963.725	2.053
4963.907	2.053
4964.063	2.053
4964.245	2.054
4964.402	2.055
4964.558	2.056
4964.740	2.055
4964.896	2.057
4965.078	2.057
4965.235	2.057
4965.392	2.058
4965.573	2.058
4965.730	2.058
4965.912	2.058
4966.068	2.058
4966.225	2.058
4966.407	2.058
4966.563	2.058
4966.745	2.058
4966.902	2.058
4967.058	2.058
4967.240	2.058
4967.396	2.058
4967.578	2.058
4967.735	2.058
4967.892	2.058
4968.073	2.058
4968.230	2.060
4968.412	2.062
4968.568	2.060
4968.725	2.060
4968.907	2.063
4969.063	2.062
4969.245	2.062
4969.402	2.062
4969.558	2.063
4969.740	2.063
4969.896	2.063
4970.078	2.063
4970.235	2.063
4970.392	2.063
4970.573	2.063
4970.730	2.063
4970.912	2.063
4971.068	2.063
4971.225	2.063
4971.407	2.063
4971.563	2.063
4971.745	2.063
4971.902	2.063
4972.058	2.064
4972.240	2.065
4972.396	2.065
4972.578	2.068
4972.735	2.068
4972.892	2.067
4973.073	2.067
4973.230	2.068
4973.412	2.068
4973.568	2.068
4973.725	2.068
4973.907	2.068
4974.063	2.068
4974.245	2.069
4974.402	2.068
4974.558	2.069
4974.740	2.069
4974.896	2.071
4975.078	2.070
4975.235	2.072
4975.392	2.073
4975.573	2.072
4975.730	2.073
4975.912	2.073
4976.068	2.073
4976.225	2.073
4976.407	2.073
4976.563	2.073
4976.745	2.073
4976.902	2.073
4977.058	2.073
4977.240	2.076
4977.396	2.077
4977.578	2.077
4977.735	2.078
4977.892	2.076
4978.073	2.078
4978.230	2.078
4978.412	2.078
4978.568	2.078
4978.725	2.078
4978.907	2.078
4979.063	2.078
4979.245	2.078
4979.402	2.078
4979.558	2.078
4979.740	2.078
4979.896	2.079
4980.078	2.081
4980.235	2.081
4980.392	2.083
4980.573	2.082
4980.730	2.083
4980.912	2.084
4981.068	2.084
4981.225	2.084
4981.407	2.084
4981.563	2.084
4981.745	2.084
4981.902	2.084
4982.058	2.084
4982.240	2.084
4982.396	2.084
4982.578	2.084
4982.735	2.084
4982.892	2.087
4983.073	2.085
4983.230	2.087
4983.412	2.088
4983.568	2.087
4983.725	2.089
4983.907	2.089
4984.063	2.089
4984.245	2.089
4984.402	2.089
4984.558	2.089
4984.740	2.089
4984.896	2.089
4985.078	2.089
4985.235	2.089
4985.392	2.089
4985.573	2.091
4985.730	2.094
4985.912	2.094
4986.068	2.093
4986.225	2.094
4986.407	2.094
4986.563	2.094
4986.745	2.094
4986.902	2.094
4987.058	2.094
4987.240	2.096
4987.396	2.097
4987.578	2.097
4987.735	2.097
4987.892	2.098
4988.073	2.099
4988.230	2.099
4988.412	2.099
4988.568	2.099
4988.725	2.099
4988.907	2.099
4989.063	2.100
4989.245	2.101
4989.402	2.102
4989.558	2.103
4989.740	2.104
4989.896	2.104
4990.078	2.104
4990.235	2.104
4990.392	2.104
4990.573	2.104
4990.730	2.104
4990.912	2.104
4991.068	2.104
4991.225	2.106
4991.407	2.105
4991.563	2.105
4991.745	2.109
4991.902	2.108
4992.058	2.109
4992.240	2.109
4992.396	2.109
4992.578	2.109
4992.735	2.109
4992.892	2.110
4993.073	2.110
4993.230	2.111
4993.412	2.112
4993.568	2.112
4993.725	2.114
4993.907	2.114
4994.063	2.114
4994.245	2.114
4994.402	2.114
4994.558	2.116
4994.740	2.114
4994.896	2.115
4995.078	2.117
4995.235	2.117
4995.392	2.119
4995.573	2.119
4995.730	2.119
4995.912	2.119
4996.068	2.119
4996.225	2.119
4996.407	2.119
4996.563	2.119
4996.745	2.119
4996.902	2.119
4997.058	2.121
4997.240	2.121
4997.396	2.123
4997.578	2.124
4997.735	2.124
4997.892	2.124
4998.073	2.124
4998.230	2.124
4998.412	2.124
4998.568	2.124
4998.725	2.124
4998.907	2.125
4999.063	2.124
4999.245	2.127
4999.402	2.127
4999.558	2.129
4999.740	2.129
4999.896	2.129
5000.078	2.129
5000.235	2.129
5000.392	2.129
5000.573	2.129
5000.730	2.130
5000.912	2.129
5001.068	2.133
5001.225	2.134
5001.407	2.134
5001.563	2.134
5001.718	2.134
5001.902	2.134
5002.058	2.134
5002.240	2.135
5002.396	2.135
5002.552	2.140
5002.735	2.140
5002.892	2.140
5003.073	2.140
5003.230	2.139
5003.385	2.140
5003.568	2.140
5003.725	2.140
5003.907	2.140
5004.063	2.140
5004.218	2.140
5004.402	2.140
5004.558	2.142
5004.740	2.145
5004.896	2.145
5005.078	2.145
5005.235	2.145
5005.392	2.145
5005.573	2.145
5005.730	2.145
5005.912	2.146
5006.068	2.146
5006.225	2.148
5006.407	2.148
5006.563	2.149
5006.718	2.150
5006.902	2.150
5007.058	2.150
5007.240	2.150
5007.396	2.150
5007.552	2.151
5007.735	2.152
5007.892	2.152
5008.073	2.155
5008.230	2.155
5008.385	2.155
5008.568	2.155
5008.725	2.155
5008.907	2.155
5009.063	2.155
5009.245	2.156
5009.402	2.158
5009.558	2.160
5009.740	2.159
5009.896	2.159
5010.078	2.160
5010.235	2.160
5010.392	2.160
5010.573	2.160
5010.730	2.160
5010.885	2.162
5011.068	2.163
5011.225	2.165
5011.407	2.164
5011.563	2.165
5011.718	2.165
5011.902	2.165
5012.058	2.165
5012.240	2.165
5012.396	2.165
5012.552	2.165
5012.735	2.165
5012.892	2.167
5013.073	2.170
5013.230	2.169
5013.385	2.170
5013.568	2.170
5013.725	2.170
5013.907	2.170
5014.063	2.173
5014.218	2.173
5014.402	2.174
5014.558	2.174
5014.740	2.175
5014.896	2.175
5015.052	2.175
5015.235	2.175
5015.392	2.176
5015.573	2.177
5015.730	2.178
5015.885	2.177
5016.068	2.180
5016.225	2.180
5016.407	2.180
5016.563	2.180
5016.745	2.180
5016.902	2.180
5017.058	2.182
5017.240	2.183
5017.396	2.185
5017.578	2.185
5017.735	2.185
5017.892	2.185
5018.073	2.185
5018.230	2.185
5018.412	2.185
5018.568	2.185
5018.725	2.185
5018.907	2.185
5019.063	2.185
5019.245	2.186
5019.402	2.186
5019.558	2.188
5019.740	2.191
5019.896	2.191
5020.052	2.191
5020.235	2.191
5020.392	2.191
5020.573	2.191
5020.730	2.193
5020.885	2.194
5021.068	2.196
5021.225	2.196
5021.407	2.196
5021.563	2.196
5021.745	2.196
5021.902	2.197
5022.058	2.197
5022.240	2.197
5022.396	2.198
5022.552	2.201
5022.735	2.201
5022.892	2.200
5023.073	2.201
5023.230	2.201
5023.385	2.202
5023.568	2.201
5023.725	2.203
5023.907	2.205
5024.063	2.206
5024.218	2.205
5024.402	2.206
5024.558	2.206
5024.740	2.206
5024.896	2.206
5025.052	2.206
5025.235	2.206
5025.392	2.207
5025.573	2.208
5025.730	2.208
5025.885	2.210
5026.068	2.211
5026.225	2.211
5026.407	2.211
5026.563	2.211
5026.718	2.211
5026.902	2.212
5027.058	2.211
5027.240	2.214
5027.396	2.214
5027.552	2.215
5027.735	2.216
5027.892	2.216
5028.073	2.216
5028.230	2.216
5028.385	2.216
5028.568	2.216
5028.725	2.217
5028.907	2.219
5029.063	2.221
5029.218	2.221
5029.402	2.221
5029.558	2.221
5029.740	2.221
5029.896	2.221
5030.052	2.221
5030.235	2.223
5030.392	2.222
5030.573	2.224
5030.730	2.225
5030.885	2.225
5031.068	2.226
5031.225	2.226
5031.407	2.226
5031.563	2.226
5031.718	2.226
5031.902	2.226
5032.058	2.227
5032.240	2.229
5032.396	2.231
5032.552	2.231
5032.735	2.231
5032.892	2.231
5033.073	2.231
5033.230	2.231
5033.385	2.232
5033.568	2.233
5033.725	2.236
5033.907	2.236
5034.063	2.236
5034.218	2.236
5034.402	2.236
5034.558	2.236
5034.740	2.236
5034.896	2.236
5035.052	2.237
5035.235	2.239
5035.392	2.241
5035.573	2.242
5035.730	2.241
5035.885	2.242
5036.068	2.242
5036.225	2.242
5036.407	2.242
5036.563	2.242
5036.718	2.242
5036.902	2.243
5037.058	2.245
5037.240	2.247
5037.396	2.247
5037.552	2.247
5037.735	2.247
5037.892	2.247
5038.073	2.247
5038.230	2.247
5038.385	2.247
5038.568	2.247
5038.725	2.247
5038.907	2.248
5039.063	2.249
5039.218	2.252
5039.402	2.251
5039.558	2.252
5039.740	2.252
5039.896	2.252
5040.052	2.252
5040.235	2.252
5040.392	2.253
5040.573	2.253
5040.730	2.256
5040.885	2.256
5041.068	2.257
5041.225	2.257
5041.407	2.257
5041.563	2.257
5041.718	2.257
5041.902	2.257
5042.058	2.259
5042.240	2.259
5042.396	2.262
5042.552	2.262
5042.735	2.262
5042.892	2.262
5043.073	2.262
5043.230	2.263
5043.385	2.262
5043.568	2.263
5043.725	2.263
5043.907	2.264
5044.063	2.264
5044.218	2.266
5044.402	2.267
5044.558	2.267
5044.740	2.267
5044.896	2.267
5045.052	2.267
5045.235	2.267
5045.392	2.267
5045.573	2.267
5045.730	2.267
5045.885	2.269
5046.068	2.268
5046.225	2.268
5046.407	2.270
5046.563	2.271
5046.718	2.270
5046.902	2.270
5047.058	2.272
5047.240	2.272
5047.396	2.273
5047.552	2.276
5047.735	2.276
5047.892	2.277
5048.073	2.276
5048.230	2.276
5048.385	2.277
5048.568	2.277
5048.725	2.277
5048.907	2.277
5049.063	2.277
5049.218	2.277
5049.402	2.277
5049.558	2.278
5049.740	2.277
5049.896	2.281
5050.052	2.282
5050.235	2.282
5050.392	2.282
5050.573	2.282
5050.730	2.282
5050.885	2.282
5051.068	2.283
5051.225	2.285
5051.407	2.286
5051.563	2.287
5051.718	2.287
5051.902	2.287
5052.058	2.287
5052.240	2.287
5052.396	2.287
5052.552	2.287
5052.735	2.287
5052.892	2.287
5053.073	2.287
5053.230	2.287
5053.385	2.287
5053.568	2.287
5053.725	2.289
5053.907	2.289
5054.063	2.293
5054.218	2.292
5054.402	2.293
5054.558	2.293
5054.740	2.293
5054.896	2.293
5055.052	2.293
5055.235	2.294
5055.392	2.293
5055.573	2.294
5055.730	2.297
5055.885	2.296
5056.068	2.298
5056.225	2.298
5056.407	2.298
5056.563	2.299
5056.718	2.299
5056.902	2.299
5057.058	2.301
5057.240	2.303
5057.396	2.303
5057.552	2.303
5057.735	2.303
5057.892	2.303
5058.073	2.303
5058.230	2.303
5058.385	2.304
5058.568	2.307
5058.725	2.306
5058.907	2.307
5059.063	2.308
5059.218	2.308
5059.402	2.308
5059.558	2.308
5059.740	2.308
5059.896	2.308
5060.052	2.309
5060.235	2.310
5060.392	2.311
5060.573	2.313
5060.730	2.312
5060.885	2.313
5061.068	2.313
5061.225	2.314
5061.407	2.315
5061.563	2.316
5061.718	2.318
5061.902	2.318
5062.058	2.318
5062.240	2.318
5062.396	2.318
5062.552	2.318
5062.735	2.318
5062.892	2.319
5063.073	2.320
5063.230	2.320
5063.385	2.321
5063.568	2.323
5063.725	2.322
5063.907	2.323
5064.063	2.323
5064.218	2.323
5064.402	2.323
5064.558	2.323
5064.740	2.324
5064.896	2.326
5065.052	2.327
5065.235	2.328
5065.392	2.328
5065.573	2.328
5065.730	2.328
5065.885	2.328
5066.068	2.328
5066.225	2.328
5066.407	2.328
5066.563	2.328
5066.718	2.329
5066.902	2.331
5067.058	2.331
5067.240	2.332
5067.396	2.332
5067.552	2.333
5067.735	2.333
5067.892	2.333
5068.073	2.333
5068.230	2.334
5068.385	2.334
5068.568	2.336
5068.725	2.338
5068.907	2.338
5069.063	2.337
5069.218	2.338
5069.402	2.338
5069.558	2.338
5069.740	2.338
5069.896	2.339
5070.052	2.338
5070.235	2.341
5070.392	2.341
5070.573	2.340
5070.730	2.342
5070.885	2.344
5071.068	2.344
5071.225	2.344
5071.407	2.345
5071.563	2.344
5071.718	2.347
5071.902	2.344
5072.058	2.346
5072.240	2.346
5072.396	2.349
5072.552	2.349
5072.735	2.349
5072.892	2.349
5073.073	2.349
5073.230	2.349
5073.385	2.349
5073.568	2.349
5073.725	2.349
5073.907	2.349
5074.063	2.351
5074.218	2.353
5074.402	2.354
5074.558	2.354
5074.740	2.354
5074.896	2.354
5075.052	2.354
5075.235	2.354
5075.392	2.355
5075.573	2.356
5075.730	2.357
5075.885	2.358
5076.068	2.359
5076.225	2.359
5076.407	2.359
5076.563	2.359
5076.718	2.359
5076.902	2.359
5077.058	2.359
5077.240	2.359
5077.396	2.360
5077.578	2.361
5077.735	2.362
5077.892	2.363
5078.073	2.363
5078.230	2.364
5078.412	2.364
5078.568	2.364
5078.725	2.364
5078.907	2.364
5079.063	2.364
5079.218	2.364
5079.402	2.364
5079.558	2.366
5079.740	2.367
5079.896	2.367
5080.052	2.369
5080.235	2.369
5080.392	2.369
5080.573	2.369
5080.730	2.369
5080.885	2.369
5081.068	2.369
5081.225	2.371
5081.407	2.372
5081.563	2.370
5081.718	2.372
5081.902	2.372
5082.058	2.372
5082.240	2.373
5082.396	2.374
5082.552	2.374
5082.735	2.374
5082.892	2.374
5083.073	2.374
5083.230	2.374
5083.385	2.374
5083.568	2.376
5083.725	2.378
5083.907	2.377
5084.063	2.378
5084.218	2.378
5084.402	2.379
5084.558	2.379
5084.713	2.379
5084.896	2.379
5085.052	2.379
5085.235	2.379
5085.392	2.379
5085.573	2.381
5085.730	2.383
5085.885	2.383
5086.068	2.384
5086.225	2.384
5086.407	2.384
5086.563	2.384
5086.718	2.384
5086.902	2.384
5087.058	2.384
5087.240	2.384
5087.396	2.384
5087.552	2.384
5087.735	2.385
5087.892	2.384
5088.073	2.384
5088.230	2.385
5088.385	2.389
5088.568	2.388
5088.725	2.389
5088.907	2.389
5089.063	2.389
5089.218	2.389
5089.402	2.389
5089.558	2.389
5089.740	2.389
5089.896	2.389
5090.052	2.389
5090.235	2.389
5090.392	2.390
5090.573	2.390
5090.730	2.390
5090.885	2.392
5091.068	2.394
5091.225	2.394
5091.407	2.395
5091.563	2.395
5091.718	2.395
5091.902	2.395
5092.058	2.395
5092.213	2.395
5092.396	2.395
5092.552	2.395
5092.735	2.396
5092.892	2.397
5093.073	2.395
5093.230	2.400
5093.385	2.398
5093.568	2.400
5093.725	2.400
5093.907	2.400
5094.063	2.400
5094.218	2.400
5094.402	2.400
5094.558	2.400
5094.740	2.400
5094.896	2.400
5095.052	2.400
5095.235	2.400
5095.392	2.400
5095.547	2.400
5095.730	2.401
5095.885	2.400
5096.068	2.405
5096.225	2.405
5096.407	2.405
5096.563	2.405
5096.718	2.405
5096.902	2.405
5097.058	2.405
5097.240	2.405
5097.396	2.405
5097.552	2.405
5097.735	2.405
5097.892	2.405
5098.047	2.406
5098.230	2.406
5098.385	2.406
5098.568	2.406
5098.725	2.406
5098.880	2.409
5099.063	2.408
5099.218	2.410
5099.402	2.410
5099.558	2.410
5099.740	2.410
5099.896	2.410
5100.052	2.410
5100.235	2.410
5100.392	2.410
5100.573	2.410
5100.730	2.410
5100.885	2.410
5101.068	2.410
5101.225	2.410
5101.407	2.410
5101.563	2.410
5101.718	2.411
5101.902	2.410
5102.058	2.411
5102.240	2.411
5102.396	2.412
5102.552	2.412
5102.735	2.412
5102.892	2.413
5103.073	2.412
5103.230	2.413
5103.385	2.414
5103.568	2.415
5103.725	2.415
5103.880	2.415
5104.063	2.415
5104.218	2.415
5104.402	2.415
5104.558	2.415
5104.713	2.415
5104.896	2.415
5105.052	2.415
5105.235	2.415
5105.392	2.416
5105.547	2.415
5105.730	2.416
5105.885	2.417
5106.068	2.415
5106.225	2.417
5106.407	2.416
5106.563	2.416
5106.718	2.418
5106.902	2.420
5107.058	2.420
5107.240	2.420
5107.396	2.420
5107.552	2.419
5107.735	2.420
5107.892	2.419
5108.073	2.420
5108.230	2.420
5108.385	2.420
5108.568	2.420
5108.725	2.420
5108.907	2.420
5109.063	2.420
5109.218	2.420
5109.402	2.420
5109.558	2.420
5109.740	2.420
5109.896	2.420
5110.052	2.420
5110.235	2.420
5110.392	2.420
5110.547	2.421
5110.730	2.420
5110.885	2.423
5111.068	2.423
5111.225	2.422
5111.407	2.423
5111.563	2.422
5111.718	2.422
5111.902	2.422
5112.058	2.423
5112.240	2.423
5112.396	2.424
5112.552	2.424
5112.735	2.424
5112.892	2.424
5113.073	2.423
5113.230	2.425
5113.385	2.424
5113.568	2.425
5113.725	2.425
5113.907	2.425
5114.063	2.425
5114.218	2.425
5114.402	2.424
5114.558	2.425
5114.740	2.425
5114.896	2.425
5115.052	2.425
5115.235	2.425
5115.392	2.425
5115.547	2.425
5115.730	2.425
5115.885	2.425
5116.068	2.425
5116.225	2.425
5116.380	2.425
5116.563	2.425
5116.718	2.425
5116.902	2.425
5117.058	2.425
5117.240	2.425
5117.396	2.425
5117.552	2.425
5117.735	2.425
5117.892	2.425
5118.073	2.425
5118.230	2.425
5118.385	2.425
5118.568	2.425
5118.725	2.425
5118.880	2.425
5119.063	2.425
5119.218	2.425
5119.402	2.425
5119.558	2.425
5119.740	2.426
5119.896	2.425
5120.052	2.425
5120.235	2.426
5120.392	2.425
5120.573	2.425
5120.730	2.425
5120.885	2.425
5121.068	2.425
5121.225	2.425
5121.380	2.425
5121.563	2.425
5121.718	2.425
5121.902	2.425
5122.058	2.425
5122.213	2.425
5122.396	2.425
5122.552	2.426
5122.735	2.425
5122.892	2.426
5123.047	2.426
5123.230	2.425
5123.385	2.426
5123.568	2.426
5123.725	2.425
5123.880	2.425
5124.063	2.425
5124.218	2.426
5124.402	2.425
5124.558	2.426
5124.740	2.425
5124.896	2.425
5125.052	2.425
5125.235	2.425
5125.392	2.426
5125.573	2.426
5125.730	2.425
5125.885	2.425
5126.068	2.425
5126.225	2.425
5126.380	2.425
5126.563	2.425
5126.718	2.426
5126.902	2.425
5127.058	2.426
5127.213	2.426
5127.396	2.425
5127.552	2.425
5127.735	2.425
5127.892	2.425
5128.047	2.425
5128.230	2.425
5128.385	2.425
5128.568	2.425
5128.725	2.425
5128.880	2.425
5129.063	2.426
5129.218	2.425
5129.402	2.425
5129.558	2.425
5129.713	2.425
5129.896	2.425
5130.052	2.425
5130.235	2.425
5130.392	2.425
5130.547	2.425
5130.730	2.425
5130.885	2.425
5131.068	2.425
5131.225	2.425
5131.380	2.425
5131.563	2.425
5131.718	2.425
5131.902	2.424
5132.058	2.425
5132.213	2.425
5132.396	2.425
5132.552	2.424
5132.735	2.425
5132.892	2.425
5133.047	2.425
5133.230	2.425
5133.385	2.425
5133.568	2.424
5133.725	2.425
5133.907	2.425
5134.063	2.424
5134.218	2.424
5134.402	2.425
5134.558	2.423
5134.713	2.424
5134.896	2.423
5135.052	2.422
5135.235	2.424
5135.392	2.423
5135.547	2.421
5135.730	2.423
5135.885	2.423
5136.068	2.423
5136.225	2.422
5136.380	2.421
5136.563	2.422
5136.718	2.420
5136.902	2.420
5137.058	2.421
5137.213	2.420
5137.396	2.420
5137.552	2.421
5137.735	2.420
5137.892	2.420
5138.047	2.420
5138.230	2.420
5138.385	2.420
5138.568	2.420
5138.725	2.420
5138.880	2.420
5139.063	2.420
5139.218	2.420
5139.402	2.420
5139.558	2.420
5139.713	2.420
5139.896	2.420
5140.052	2.420
5140.235	2.420
5140.392	2.420
5140.547	2.420
5140.730	2.420
5140.885	2.420
5141.068	2.419
5141.225	2.420
5141.380	2.418
5141.563	2.420
5141.718	2.420
5141.902	2.419
5142.058	2.419
5142.213	2.418
5142.396	2.419
5142.552	2.419
5142.735	2.417
5142.892	2.417
5143.047	2.415
5143.230	2.417
5143.385	2.417
5143.568	2.416
5143.725	2.416
5143.880	2.416
5144.063	2.416
5144.218	2.415
5144.402	2.415
5144.558	2.415
5144.713	2.415
5144.896	2.415
5145.052	2.415
5145.235	2.416
5145.392	2.415
5145.547	2.415
5145.730	2.415
5145.885	2.415
5146.068	2.415
5146.225	2.415
5146.380	2.415
5146.563	2.415
5146.718	2.414
5146.902	2.415
5147.058	2.415
5147.213	2.415
5147.396	2.415
5147.552	2.414
5147.735	2.414
5147.892	2.413
5148.047	2.412
5148.230	2.414
5148.385	2.413
5148.568	2.410
5148.725	2.412
5148.880	2.412
5149.063	2.410
5149.218	2.410
5149.402	2.412
5149.558	2.410
5149.713	2.410
5149.896	2.410
5150.052	2.410
5150.235	2.410
5150.392	2.410
5150.547	2.410
5150.730	2.410
5150.885	2.410
5151.068	2.410
5151.225	2.410
5151.380	2.410
5151.563	2.410
5151.718	2.410
5151.902	2.410
5152.058	2.410
5152.213	2.410
5152.396	2.410
5152.552	2.410
5152.735	2.410
5152.892	2.410
5153.047	2.410
5153.230	2.410
5153.385	2.410
5153.568	2.409
5153.725	2.408
5153.880	2.409
5154.063	2.409
5154.218	2.409
5154.402	2.409
5154.558	2.407
5154.713	2.407
5154.896	2.406
5155.052	2.407
5155.235	2.406
5155.392	2.405
5155.547	2.405
5155.730	2.405
5155.885	2.405
5156.068	2.406
5156.225	2.405
5156.380	2.405
5156.563	2.405
5156.718	2.405
5156.902	2.405
5157.058	2.405
5157.213	2.405
5157.396	2.405
5157.552	2.405
5157.735	2.405
5157.892	2.405
5158.047	2.405
5158.230	2.405
5158.385	2.405
5158.568	2.404
5158.725	2.404
5158.880	2.405
5159.063	2.404
5159.218	2.403
5159.402	2.402
5159.558	2.404
5159.713	2.402
5159.896	2.400
5160.052	2.401
5160.235	2.400
5160.392	2.400
5160.547	2.400
5160.730	2.400
5160.885	2.400
5161.068	2.400
5161.225	2.400
5161.380	2.400
5161.563	2.400
5161.718	2.400
5161.902	2.400
5162.058	2.400
5162.213	2.400
5162.396	2.400
5162.552	2.400
5162.735	2.400
5162.892	2.400
5163.047	2.400
5163.230	2.400
5163.385	2.400
5163.568	2.400
5163.725	2.398
5163.880	2.400
5164.063	2.398
5164.218	2.398
5164.402	2.398
5164.558	2.396
5164.713	2.398
5164.896	2.395
5165.052	2.396
5165.235	2.395
5165.392	2.395
5165.547	2.395
5165.730	2.395
5165.885	2.396
5166.068	2.395
5166.225	2.395
5166.380	2.395
5166.563	2.395
5166.718	2.395
5166.902	2.395
5167.058	2.395
5167.213	2.394
5167.396	2.395
5167.552	2.395
5167.735	2.395
5167.892	2.394
5168.047	2.392
5168.230	2.392
5168.385	2.392
5168.568	2.393
5168.725	2.394
5168.880	2.391
5169.063	2.392
5169.218	2.392
5169.402	2.392
5169.558	2.391
5169.713	2.390
5169.896	2.389
5170.052	2.389
5170.235	2.389
5170.392	2.389
5170.547	2.389
5170.730	2.389
5170.885	2.389
5171.068	2.389
5171.225	2.389
5171.380	2.389
5171.563	2.389
5171.718	2.389
5171.902	2.389
5172.058	2.389
5172.213	2.389
5172.396	2.389
5172.552	2.389
5172.735	2.389
5172.892	2.389
5173.047	2.386
5173.230	2.386
5173.385	2.387
5173.568	2.387
5173.725	2.385
5173.880	2.386
5174.063	2.385
5174.218	2.384
5174.402	2.384
5174.558	2.384
5174.713	2.384
5174.896	2.384
5175.052	2.384
5175.235	2.384
5175.392	2.384
5175.547	2.384
5175.730	2.384
5175.885	2.384
5176.068	2.384
5176.225	2.384
5176.380	2.384
5176.563	2.384
5176.718	2.384
5176.902	2.384
5177.058	2.384
5177.213	2.383
5177.396	2.383
5177.552	2.383
5177.735	2.383
5177.892	2.383
5178.047	2.384
5178.230	2.380
5178.385	2.379
5178.568	2.381
5178.725	2.379
5178.880	2.379
5179.063	2.379
5179.218	2.380
5179.402	2.379
5179.558	2.379
5179.713	2.379
5179.896	2.379
5180.052	2.379
5180.208	2.379
5180.392	2.379
5180.547	2.379
5180.730	2.379
5180.885	2.379
5181.068	2.379
5181.225	2.379
5181.380	2.378
5181.563	2.377
5181.718	2.377
5181.902	2.378
5182.058	2.376
5182.213	2.376
5182.396	2.374
5182.552	2.375
5182.735	2.374
5182.892	2.374
5183.047	2.374
5183.230	2.374
5183.385	2.374
5183.568	2.374
5183.725	2.374
5183.880	2.374
5184.063	2.374
5184.218	2.374
5184.375	2.374
5184.558	2.374
5184.713	2.374
5184.896	2.374
5185.052	2.374
5185.208	2.373
5185.392	2.374
5185.547	2.373
5185.730	2.372
5185.885	2.371
5186.068	2.372
5186.225	2.371
5186.380	2.369
5186.563	2.371
5186.718	2.369
5186.875	2.369
5187.058	2.369
5187.213	2.369
5187.396	2.369
5187.552	2.369
5187.708	2.369
5187.892	2.369
5188.047	2.369
5188.230	2.369
5188.385	2.369
5188.542	2.369
5188.725	2.369
5188.880	2.369
5189.063	2.369
5189.218	2.369
5189.402	2.369
5189.558	2.369
5189.713	2.369
5189.896	2.369
5190.052	2.369
5190.208	2.369
5190.392	2.369
5190.547	2.368
5190.730	2.365
5190.885	2.367
5191.068	2.366
5191.225	2.368
5191.380	2.364
5191.563	2.365
5191.718	2.364
5191.875	2.364
5192.058	2.364
5192.213	2.364
5192.396	2.364
5192.552	2.364
5192.708	2.365
5192.892	2.364
5193.047	2.364
5193.230	2.364
5193.385	2.364
5193.542	2.364
5193.725	2.364
5193.880	2.364
5194.063	2.364
5194.218	2.364
5194.375	2.364
5194.558	2.364
5194.713	2.364
5194.896	2.363
5195.052	2.364
5195.235	2.363
5195.392	2.361
5195.547	2.361
5195.730	2.361
5195.885	2.360
5196.042	2.360
5196.225	2.359
5196.380	2.359
5196.563	2.360
5196.718	2.360
5196.875	2.359
5197.058	2.359
5197.213	2.359
5197.396	2.359
5197.552	2.359
5197.735	2.359
5197.892	2.359
5198.047	2.359
5198.230	2.359
5198.385	2.359
5198.568	2.359
5198.725	2.359
5198.880	2.359
5199.063	2.359
5199.218	2.359
5199.402	2.359
5199.558	2.359
5199.713	2.357
5199.896	2.359
5200.052	2.359
5200.235	2.356
5200.392	2.357
5200.547	2.356
5200.730	2.356
5200.885	2.355
5201.068	2.354
5201.225	2.354
5201.380	2.355
5201.563	2.355
5201.718	2.354
5201.902	2.354
5202.058	2.354
5202.213	2.354
5202.396	2.354
5202.552	2.354
5202.735	2.354
5202.892	2.354
5203.047	2.354
5203.230	2.354
5203.385	2.354
5203.542	2.354
5203.725	2.354
5203.880	2.354
5204.063	2.354
5204.218	2.353
5204.402	2.354
5204.558	2.352
5204.713	2.353
5204.896	2.351
5205.052	2.351
5205.208	2.349
5205.392	2.349
5205.547	2.349
5205.730	2.349
5205.885	2.349
5206.068	2.349
5206.225	2.349
5206.380	2.349
5206.563	2.349
5206.718	2.349
5206.875	2.349
5207.058	2.349
5207.213	2.349
5207.396	2.349
5207.552	2.349
5207.735	2.349
5207.892	2.349
5208.047	2.349
5208.230	2.349
5208.385	2.349
5208.542	2.349
5208.725	2.349
5208.880	2.349
5209.063	2.349
5209.218	2.349
5209.402	2.349
5209.558	2.349
5209.713	2.349
5209.896	2.349
5210.052	2.348
5210.208	2.346
5210.392	2.349
5210.547	2.346
5210.730	2.347
5210.885	2.346
5211.068	2.346
5211.225	2.347
5211.380	2.345
5211.563	2.345
5211.718	2.344
5211.875	2.346
5212.058	2.344
5212.213	2.344
5212.396	2.344
5212.552	2.344
5212.735	2.344
5212.892	2.344
5213.047	2.344
5213.230	2.344
5213.385	2.344
5213.542	2.344
5213.725	2.344
5213.880	2.344
5214.063	2.344
5214.218	2.344
5214.402	2.344
5214.558	2.344
5214.713	2.344
5214.896	2.344
5215.052	2.344
5215.208	2.343
5215.392	2.344
5215.547	2.341
5215.730	2.342
5215.885	2.343
5216.068	2.344
5216.225	2.343
5216.380	2.342
5216.563	2.340
5216.718	2.340
5216.902	2.340
5217.058	2.340
5217.213	2.338
5217.396	2.339
5217.552	2.338
5217.735	2.338
5217.892	2.339
5218.047	2.339
5218.230	2.338
5218.385	2.338
5218.568	2.338
5218.725	2.339
5218.880	2.338
5219.063	2.338
5219.218	2.338
5219.375	2.338
5219.558	2.338
5219.713	2.338
5219.896	2.338
5220.052	2.338
5220.208	2.338
5220.392	2.338
5220.547	2.338
5220.730	2.338
5220.885	2.338
5221.042	2.338
5221.225	2.337
5221.380	2.336
5221.563	2.335
5221.718	2.336
5221.902	2.336
5222.058	2.336
5222.213	2.333
5222.396	2.336
5222.552	2.336
5222.708	2.333
5222.892	2.334
5223.047	2.336
5223.230	2.333
5223.385	2.333
5223.568	2.333
5223.725	2.333
5223.880	2.333
5224.063	2.333
5224.218	2.333
5224.375	2.333
5224.558	2.333
5224.713	2.333
5224.896	2.333
5225.052	2.333
5225.208	2.333
5225.392	2.333
5225.547	2.333
5225.730	2.333
5225.885	2.332
5226.042	2.333
5226.225	2.333
5226.380	2.332
5226.563	2.332
5226.718	2.332
5226.902	2.333
5227.058	2.333
5227.213	2.333
5227.396	2.332
5227.552	2.332
5227.708	2.332
5227.892	2.331
5228.047	2.330
5228.230	2.328
5228.385	2.330
5228.568	2.329
5228.725	2.328
5228.880	2.328
5229.063	2.329
5229.218	2.328
5229.375	2.328
5229.558	2.328
5229.713	2.328
5229.896	2.328
5230.052	2.328
5230.208	2.328
5230.392	2.328
5230.547	2.328
5230.730	2.328
5230.885	2.328
5231.042	2.328
5231.225	2.328
5231.380	2.328
5231.563	2.328
5231.718	2.328
5231.902	2.328
5232.058	2.328
5232.213	2.327
5232.396	2.328
5232.552	2.328
5232.708	2.328
5232.892	2.328
5233.047	2.328
5233.230	2.328
5233.385	2.328
5233.542	2.328
5233.725	2.327
5233.880	2.327
5234.063	2.328
5234.218	2.328
5234.375	2.328
5234.558	2.328
5234.713	2.325
5234.896	2.324
5235.052	2.326
5235.235	2.327
5235.392	2.325
5235.547	2.326
5235.730	2.327
5235.885	2.326
5236.042	2.324
5236.225	2.325
5236.380	2.324
5236.563	2.323
5236.718	2.324
5236.902	2.324
5237.058	2.325
5237.213	2.323
5237.396	2.323
5237.552	2.323
5237.708	2.323
5237.892	2.323
5238.047	2.323
5238.230	2.323
5238.385	2.323
5238.542	2.323
5238.725	2.323
5238.880	2.323
5239.063	2.323
5239.218	2.323
5239.375	2.323
5239.558	2.323
5239.713	2.323
5239.896	2.323
5240.052	2.323
5240.208	2.323
5240.392	2.323
5240.547	2.323
5240.730	2.323
5240.885	2.322
5241.042	2.323
5241.225	2.322
5241.380	2.323
5241.563	2.321
5241.718	2.321
5241.902	2.321
5242.058	2.318
5242.213	2.320
5242.396	2.319
5242.552	2.321
5242.708	2.318
5242.892	2.319
5243.047	2.318
5243.230	2.319
5243.385	2.320
5243.568	2.320
5243.725	2.320
5243.880	2.320
5244.063	2.320
5244.218	2.321
5244.375	2.319
5244.558	2.320
5244.713	2.318
5244.896	2.319
5245.052	2.318
5245.235	2.318
5245.392	2.319
5245.547	2.318
5245.730	2.318
5245.885	2.318
5246.042	2.318
5246.225	2.318
5246.380	2.318
5246.563	2.318
5246.718	2.318
5246.875	2.318
5247.058	2.318
5247.213	2.318
5247.396	2.318
5247.552	2.318
5247.708	2.318
5247.892	2.318
5248.047	2.318
5248.230	2.318
5248.385	2.318
5248.542	2.318
5248.725	2.318
5248.880	2.318
5249.063	2.318
5249.218	2.318
5249.375	2.318
5249.558	2.318
5249.713	2.318
5249.896	2.318
5250.052	2.318
5250.208	2.318
5250.392	2.318
5250.547	2.318
5250.730	2.318
5250.885	2.318
5251.042	2.318
5251.225	2.318
5251.380	2.318
5251.563	2.318
5251.718	2.318
5251.875	2.318
5252.058	2.317
5252.213	2.317
5252.396	2.316
5252.552	2.315
5252.708	2.316
5252.892	2.317
5253.047	2.315
5253.230	2.315
5253.385	2.315
5253.568	2.315
5253.725	2.317
5253.880	2.315
5254.063	2.314
5254.218	2.313
5254.375	2.314
5254.558	2.315
5254.713	2.315
5254.896	2.315
5255.052	2.314
5255.208	2.314
5255.392	2.315
5255.547	2.314
5255.730	2.313
5255.885	2.314
5256.068	2.313
5256.225	2.313
5256.380	2.313
5256.563	2.313
5256.718	2.313
5256.875	2.313
5257.058	2.313
5257.213	2.313
5257.396	2.313
5257.552	2.313
5257.708	2.313
5257.892	2.313
5258.047	2.313
5258.230	2.313
5258.385	2.313
5258.542	2.313
5258.725	2.313
5258.880	2.313
5259.063	2.313
5259.218	2.312
5259.375	2.313
5259.558	2.313
5259.713	2.312
5259.896	2.313
5260.052	2.313
5260.208	2.312
5260.392	2.313
5260.547	2.311
5260.730	2.311
5260.885	2.310
5261.042	2.311
5261.225	2.312
5261.380	2.309
5261.563	2.310
5261.718	2.312
5261.875	2.310
5262.058	2.310
5262.213	2.313
5262.396	2.312
5262.552	2.313
5262.708	2.313
5262.892	2.313
5263.047	2.312
5263.230	2.313
5263.385	2.313
5263.542	2.311
5263.725	2.311
5263.880	2.311
5264.063	2.309
5264.218	2.309
5264.375	2.310
5264.558	2.310
5264.713	2.310
5264.896	2.308
5265.052	2.310
5265.208	2.309
5265.392	2.308
5265.547	2.308
5265.730	2.308
5265.885	2.308
5266.042	2.308
5266.225	2.308
5266.380	2.308
5266.563	2.308
5266.718	2.309
5266.875	2.308
5267.058	2.308
5267.213	2.308
5267.396	2.308
5267.552	2.308
5267.708	2.308
5267.892	2.308
5268.047	2.308
5268.230	2.308
5268.385	2.308
5268.542	2.308
5268.725	2.308
5268.880	2.308
5269.063	2.308
5269.218	2.308
5269.375	2.308
5269.558	2.308
5269.713	2.308
5269.896	2.308
5270.052	2.308
5270.208	2.308
5270.392	2.308
5270.547	2.308
5270.730	2.308
5270.885	2.308
5271.042	2.308
5271.225	2.308
5271.380	2.308
5271.563	2.308
5271.718	2.308
5271.875	2.308
5272.058	2.308
5272.213	2.308
5272.396	2.308
5272.552	2.308
5272.708	2.308
5272.892	2.308
5273.047	2.308
5273.230	2.308
5273.385	2.308
5273.542	2.308
5273.725	2.308
5273.880	2.308
5274.063	2.308
5274.218	2.308
5274.375	2.308
5274.558	2.308
5274.713	2.308
5274.896	2.308
5275.052	2.308
5275.208	2.308
5275.392	2.308
5275.547	2.308
5275.730	2.308
5275.885	2.308
5276.042	2.308
5276.225	2.307
5276.380	2.308
5276.563	2.308
5276.718	2.308
5276.875	2.308
5277.058	2.308
5277.213	2.308
5277.396	2.308
5277.552	2.308
5277.708	2.308
5277.892	2.308
5278.047	2.308
5278.230	2.308
5278.385	2.307
5278.542	2.308
5278.725	2.307
5278.880	2.308
5279.063	2.308
5279.218	2.308
5279.375	2.308
5279.558	2.307
5279.713	2.308
5279.896	2.307
5280.052	2.308
5280.208	2.308
5280.392	2.308
5280.547	2.308
5280.730	2.308
5280.885	2.307
5281.042	2.306
5281.225	2.308
5281.380	2.308
5281.563	2.308
5281.718	2.306
5281.875	2.308
5282.058	2.308
5282.213	2.308
5282.396	2.307
5282.552	2.308
5282.708	2.307
5282.892	2.307
5283.047	2.307
5283.230	2.308
5283.385	2.307
5283.542	2.307
5283.725	2.308
5283.880	2.306
5284.063	2.306
5284.218	2.308
5284.375	2.307
5284.558	2.307
5284.713	2.306
5284.896	2.306
5285.052	2.307
5285.208	2.306
5285.392	2.305
5285.547	2.305
5285.730	2.306
5285.885	2.305
5286.042	2.304
5286.225	2.303
5286.380	2.306
5286.563	2.303
5286.718	2.306
5286.875	2.304
5287.058	2.304
5287.213	2.306
5287.396	2.307
5287.552	2.305
5287.708	2.307
5287.892	2.306
5288.047	2.305
5288.230	2.304
5288.385	2.306
5288.542	2.303
5288.725	2.303
5288.880	2.306
5289.063	2.305
5289.218	2.305
5289.375	2.304
5289.558	2.304
5289.713	2.307
5289.896	2.304
5290.052	2.308
5290.208	2.306
5290.392	2.307
5290.547	2.305
5290.730	2.306
5290.885	2.307
5291.042	2.306
5291.225	2.305
5291.380	2.304
5291.563	2.304
5291.718	2.305
5291.875	2.304
5292.058	2.305
5292.213	2.306
5292.396	2.304
5292.552	2.303
5292.708	2.304
5292.892	2.305
5293.047	2.303
5293.230	2.303
5293.385	2.304
5293.542	2.304
5293.725	2.303
5293.880	2.304
5294.063	2.303
5294.218	2.303
5294.375	2.303
5294.558	2.303
5294.713	2.303
5294.896	2.304
5295.052	2.304
5295.208	2.305
5295.392	2.305
5295.547	2.304
5295.730	2.304
5295.885	2.304
5296.042	2.304
5296.225	2.304
5296.380	2.303
5296.563	2.304
5296.718	2.304
5296.875	2.304
5297.058	2.304
5297.213	2.306
5297.396	2.304
5297.552	2.304
5297.708	2.304
5297.892	2.304
5298.047	2.304
5298.230	2.303
5298.385	2.304
5298.542	2.305
5298.725	2.304
5298.880	2.304
5299.063	2.304
5299.218	2.304
5299.375	2.305
5299.558	2.305
5299.713	2.303
5299.896	2.303
5300.052	2.303
5300.208	2.305
5300.392	2.304
5300.547	2.304
5300.730	2.304
5300.885	2.303
5301.042	2.305
5301.225	2.305
5301.380	2.304
5301.563	2.303
5301.718	2.305
5301.875	2.307
5302.058	2.304
5302.213	2.304
5302.396	2.304
5302.552	2.304
5302.708	2.304
5302.892	2.304
5303.047	2.305
5303.230	2.304
5303.385	2.304
5303.542	2.307
5303.725	2.305
5303.880	2.304
5304.063	2.304
5304.218	2.304
5304.375	2.306
5304.558	2.304
5304.713	2.304
5304.896	2.305
5305.052	2.304
5305.208	2.305
5305.392	2.305
5305.547	2.305
5305.730	2.306
5305.885	2.303
5306.042	2.305
5306.225	2.307
5306.380	2.306
5306.563	2.307
5306.718	2.307
5306.875	2.306
5307.058	2.305
5307.213	2.303
5307.396	2.304
5307.552	2.304
5307.708	2.306
5307.892	2.307
5308.047	2.308
5308.230	2.308
5308.385	2.306
5308.542	2.306
5308.725	2.306
5308.880	2.308
5309.063	2.305
5309.218	2.308
5309.375	2.304
5309.558	2.307
5309.713	2.306
5309.896	2.306
5310.052	2.305
5310.208	2.307
5310.392	2.308
5310.547	2.308
5310.730	2.307
5310.885	2.308
5311.042	2.308
5311.225	2.307
5311.380	2.308
5311.563	2.308
5311.718	2.308
5311.875	2.308
5312.058	2.308
5312.213	2.307
5312.396	2.308
5312.552	2.307
5312.708	2.308
5312.892	2.308
5313.047	2.308
5313.230	2.308
5313.385	2.308
5313.542	2.308
5313.725	2.308
5313.880	2.308
5314.063	2.308
5314.218	2.308
5314.375	2.308
5314.558	2.308
5314.713	2.307
5314.896	2.307
5315.052	2.308
5315.208	2.308
5315.392	2.307
5315.547	2.308
5315.730	2.308
5315.885	2.308
5316.042	2.308
5316.225	2.308
5316.380	2.308
5316.563	2.308
5316.718	2.308
5316.875	2.308
5317.058	2.308
5317.213	2.308
5317.396	2.308
5317.552	2.308
5317.708	2.308
5317.892	2.308
5318.047	2.308
5318.230	2.308
5318.385	2.308
5318.542	2.308
5318.725	2.308
5318.880	2.308
5319.063	2.308
5319.218	2.308
5319.375	2.308
5319.558	2.308
5319.713	2.308
5319.896	2.308
5320.052	2.308
5320.208	2.308
5320.392	2.308
5320.547	2.308
5320.703	2.308
5320.885	2.308
5321.042	2.308
5321.225	2.308
5321.380	2.308
5321.563	2.308
5321.718	2.308
5321.875	2.308
5322.058	2.308
5322.213	2.308
5322.370	2.308
5322.552	2.308
5322.708	2.308
5322.892	2.308
5323.047	2.308
5323.230	2.309
5323.385	2.308
5323.542	2.308
5323.725	2.308
5323.880	2.308
5324.037	2.308
5324.218	2.308
5324.375	2.308
5324.558	2.308
5324.713	2.308
5324.896	2.308
5325.052	2.308
5325.208	2.309
5325.392	2.308
5325.547	2.308
5325.730	2.308
5325.885	2.309
5326.042	2.309
5326.225	2.309
5326.380	2.310
5326.563	2.308
5326.718	2.308
5326.875	2.308
5327.058	2.308
5327.213	2.310
5327.396	2.310
5327.552	2.311
5327.708	2.310
5327.892	2.310
5328.047	2.311
5328.230	2.310
5328.385	2.310
5328.542	2.312
5328.725	2.310
5328.880	2.309
5329.063	2.312
5329.218	2.310
5329.375	2.310
5329.558	2.312
5329.713	2.311
5329.870	2.312
5330.052	2.310
5330.208	2.312
5330.392	2.310
5330.547	2.313
5330.730	2.312
5330.885	2.313
5331.042	2.311
5331.225	2.313
5331.380	2.312
5331.537	2.312
5331.718	2.313
5331.875	2.313
5332.058	2.313
5332.213	2.313
5332.370	2.312
5332.552	2.313
5332.708	2.312
5332.892	2.313
5333.047	2.313
5333.203	2.313
5333.385	2.313
5333.542	2.312
5333.725	2.313
5333.880	2.313
5334.063	2.313
5334.218	2.313
5334.375	2.313
5334.558	2.313
5334.713	2.313
5334.870	2.313
5335.052	2.313
5335.208	2.313
5335.392	2.313
5335.547	2.313
5335.730	2.313
5335.885	2.313
5336.042	2.314
5336.225	2.313
5336.380	2.313
5336.537	2.313
5336.718	2.314
5336.875	2.314
5337.058	2.313
5337.213	2.314
5337.396	2.315
5337.552	2.313
5337.708	2.315
5337.892	2.314
5338.047	2.314
5338.203	2.315
5338.385	2.315
5338.542	2.316
5338.725	2.315
5338.880	2.318
5339.063	2.314
5339.218	2.317
5339.375	2.315
5339.558	2.316
5339.713	2.315
5339.870	2.317
5340.052	2.317
5340.208	2.316
5340.392	2.317
5340.547	2.316
5340.730	2.317
5340.885	2.317
5341.042	2.318
5341.225	2.318
5341.380	2.318
5341.537	2.318
5341.718	2.318
5341.875	2.318
5342.058	2.318
5342.213	2.318
5342.396	2.318
5342.552	2.318
5342.708	2.318
5342.892	2.318
5343.047	2.318
5343.203	2.318
5343.385	2.318
5343.542	2.318
5343.725	2.318
5343.880	2.318
5344.063	2.318
5344.218	2.318
5344.375	2.318
5344.558	2.318
5344.713	2.318
5344.870	2.318
5345.052	2.318
5345.208	2.318
5345.392	2.318
5345.547	2.318
5345.703	2.319
5345.885	2.319
5346.042	2.318
5346.225	2.318
5346.380	2.318
5346.537	2.318
5346.718	2.318
5346.875	2.318
5347.058	2.319
5347.213	2.318
5347.396	2.319
5347.552	2.318
5347.708	2.319
5347.892	2.321
5348.047	2.320
5348.203	2.318
5348.385	2.319
5348.542	2.320
5348.725	2.319
5348.880	2.321
5349.063	2.321
5349.218	2.320
5349.375	2.323
5349.558	2.321
5349.713	2.322
5349.870	2.321
5350.052	2.320
5350.208	2.322
5350.392	2.323
5350.547	2.322
5350.730	2.323
5350.885	2.323
5351.042	2.323
5351.225	2.323
5351.380	2.323
5351.537	2.323
5351.718	2.323
5351.875	2.323
5352.058	2.323
5352.213	2.323
5352.370	2.323
5352.552	2.323
5352.708	2.323
5352.892	2.323
5353.047	2.323
5353.203	2.323
5353.385	2.323
5353.542	2.323
5353.725	2.323
5353.880	2.323
5354.037	2.323
5354.218	2.323
5354.375	2.323
5354.558	2.324
5354.713	2.323
5354.870	2.325
5355.052	2.323
5355.208	2.325
5355.392	2.325
5355.547	2.323
5355.703	2.323
5355.885	2.325
5356.042	2.324
5356.225	2.324
5356.380	2.327
5356.537	2.324
5356.718	2.327
5356.875	2.326
5357.058	2.326
5357.213	2.326
5357.370	2.327
5357.552	2.327
5357.708	2.327
5357.892	2.328
5358.047	2.328
5358.203	2.327
5358.385	2.328
5358.542	2.328
5358.725	2.328
5358.880	2.328
5359.037	2.328
5359.218	2.328
5359.375	2.328
5359.558	2.328
5359.713	2.328
5359.870	2.327
5360.052	2.328
5360.208	2.328
5360.392	2.328
5360.547	2.328
5360.703	2.328
5360.885	2.328
5361.042	2.328
5361.225	2.328
5361.380	2.328
5361.537	2.328
5361.718	2.328
5361.875	2.328
5362.058	2.328
5362.213	2.328
5362.370	2.328
5362.552	2.328
5362.708	2.328
5362.892	2.328
5363.047	2.328
5363.203	2.328
5363.385	2.329
5363.542	2.328
5363.725	2.328
5363.880	2.331
5364.037	2.329
5364.218	2.329
5364.375	2.331
5364.558	2.330
5364.713	2.331
5364.870	2.332
5365.052	2.332
5365.208	2.332
5365.392	2.333
5365.547	2.333
5365.703	2.332
5365.885	2.332
5366.042	2.332
5366.225	2.333
5366.380	2.333
5366.537	2.332
5366.718	2.333
5366.875	2.333
5367.058	2.333
5367.213	2.333
5367.370	2.333
5367.552	2.333
5367.708	2.333
5367.892	2.333
5368.047	2.333
5368.203	2.333
5368.385	2.333
5368.542	2.333
5368.725	2.333
5368.880	2.333
5369.037	2.334
5369.218	2.333
5369.375	2.333
5369.558	2.333
5369.713	2.334
5369.870	2.334
5370.052	2.334
5370.208	2.335
5370.392	2.334
5370.547	2.337
5370.703	2.338
5370.885	2.336
5371.042	2.338
5371.225	2.337
5371.380	2.338
5371.537	2.338
5371.718	2.338
5371.875	2.338
5372.058	2.338
5372.213	2.338
5372.370	2.338
5372.552	2.338
5372.708	2.338
5372.892	2.338
5373.047	2.338
5373.203	2.338
5373.385	2.338
5373.542	2.338
5373.725	2.338
5373.880	2.338
5374.037	2.338
5374.218	2.338
5374.375	2.338
5374.558	2.338
5374.713	2.338
5374.870	2.338
5375.052	2.340
5375.208	2.338
5375.392	2.339
5375.547	2.339
5375.703	2.338
5375.885	2.338
5376.042	2.341
5376.225	2.340
5376.380	2.340
5376.537	2.344
5376.718	2.344
5376.875	2.344
5377.058	2.344
5377.213	2.344
5377.370	2.344
5377.552	2.344
5377.708	2.344
5377.892	2.344
5378.047	2.344
5378.203	2.344
5378.385	2.344
5378.542	2.344
5378.725	2.344
5378.880	2.344
5379.037	2.344
5379.218	2.344
5379.375	2.344
5379.558	2.344
5379.713	2.344
5379.870	2.344
5380.052	2.345
5380.208	2.346
5380.392	2.344
5380.547	2.347
5380.703	2.348
5380.885	2.347
5381.042	2.349
5381.225	2.349
5381.380	2.348
5381.537	2.348
5381.718	2.349
5381.875	2.349
5382.058	2.349
5382.213	2.349
5382.370	2.349
5382.552	2.349
5382.708	2.349
5382.892	2.349
5383.047	2.349
5383.203	2.349
5383.385	2.349
5383.542	2.349
5383.725	2.349
5383.880	2.349
5384.037	2.349
5384.218	2.349
5384.375	2.349
5384.558	2.349
5384.713	2.349
5384.870	2.349
5385.052	2.349
5385.208	2.349
5385.392	2.349
5385.547	2.349
5385.703	2.349
5385.885	2.349
5386.042	2.350
5386.225	2.349
5386.380	2.351
5386.537	2.352
5386.718	2.352
5386.875	2.352
5387.058	2.353
5387.213	2.352
5387.370	2.353
5387.552	2.354
5387.708	2.353
5387.892	2.354
5388.047	2.354
5388.203	2.354
5388.385	2.354
5388.542	2.354
5388.725	2.354
5388.880	2.354
5389.037	2.355
5389.218	2.354
5389.375	2.354
5389.558	2.354
5389.713	2.354
5389.870	2.354
5390.052	2.354
5390.208	2.357
5390.392	2.358
5390.547	2.357
5390.703	2.358
5390.885	2.359
5391.042	2.359
5391.225	2.359
5391.380	2.359
5391.537	2.359
5391.718	2.359
5391.875	2.359
5392.058	2.359
5392.213	2.359
5392.370	2.359
5392.552	2.359
5392.708	2.359
5392.892	2.359
5393.047	2.359
5393.203	2.359
5393.385	2.359
5393.542	2.359
5393.725	2.359
5393.880	2.359
5394.037	2.359
5394.218	2.359
5394.375	2.360
5394.558	2.362
5394.713	2.362
5394.870	2.364
5395.052	2.364
5395.208	2.364
5395.392	2.363
5395.547	2.364
5395.703	2.362
5395.885	2.364
5396.042	2.363
5396.225	2.364
5396.380	2.364
5396.537	2.364
5396.718	2.363
5396.875	2.364
5397.058	2.364
5397.213	2.364
5397.370	2.364
5397.552	2.364
5397.708	2.364
5397.892	2.364
5398.047	2.364
5398.203	2.364
5398.385	2.364
5398.542	2.364
5398.725	2.364
5398.880	2.364
5399.037	2.366
5399.218	2.366
5399.375	2.366
5399.558	2.367
5399.713	2.366
5399.870	2.367
5400.052	2.369
5400.208	2.369
5400.392	2.369
5400.547	2.369
5400.703	2.369
5400.885	2.369
5401.042	2.369
5401.225	2.369
5401.380	2.369
5401.537	2.369
5401.718	2.369
5401.875	2.369
5402.058	2.369
5402.213	2.369
5402.370	2.369
5402.552	2.369
5402.708	2.370
5402.892	2.369
5403.047	2.371
5403.203	2.370
5403.385	2.371
5403.542	2.370
5403.725	2.371
5403.880	2.372
5404.037	2.372
5404.218	2.372
5404.375	2.374
5404.558	2.374
5404.713	2.374
5404.870	2.374
5405.052	2.374
5405.208	2.374
5405.392	2.374
5405.547	2.374
5405.703	2.374
5405.885	2.374
5406.042	2.374
5406.225	2.375
5406.380	2.374
5406.537	2.375
5406.718	2.378
5406.875	2.377
5407.058	2.378
5407.213	2.378
5407.370	2.377
5407.552	2.378
5407.708	2.378
5407.892	2.379
5408.047	2.379
5408.203	2.379
5408.385	2.379
5408.542	2.379
5408.725	2.379
5408.880	2.379
5409.037	2.379
5409.218	2.379
5409.375	2.379
5409.558	2.379
5409.713	2.379
5409.870	2.380
5410.052	2.381
5410.208	2.381
5410.392	2.382
5410.547	2.383
5410.703	2.384
5410.885	2.383
5411.042	2.384
5411.225	2.384
5411.380	2.384
5411.537	2.384
5411.718	2.384
5411.875	2.384
5412.058	2.384
5412.213	2.384
5412.370	2.384
5412.552	2.384
5412.708	2.384
5412.892	2.384
5413.047	2.384
5413.203	2.384
5413.385	2.385
5413.542	2.384
5413.725	2.385
5413.880	2.387
5414.037	2.386
5414.218	2.389
5414.375	2.389
5414.558	2.389
5414.713	2.389
5414.870	2.389
5415.052	2.389
5415.208	2.389
5415.392	2.389
5415.547	2.389
5415.703	2.389
5415.885	2.389
5416.042	2.389
5416.225	2.389
5416.380	2.389
5416.537	2.389
5416.718	2.389
5416.875	2.389
5417.058	2.389
5417.213	2.392
5417.370	2.391
5417.552	2.393
5417.708	2.392
5417.892	2.392
5418.047	2.393
5418.203	2.395
5418.385	2.394
5418.542	2.395
5418.725	2.395
5418.880	2.395
5419.037	2.395
5419.218	2.395
5419.375	2.395
5419.558	2.395
5419.713	2.395
5419.870	2.395
5420.052	2.397
5420.208	2.397
5420.392	2.399
5420.547	2.399
5420.703	2.399
5420.885	2.400
5421.042	2.400
5421.225	2.400
5421.380	2.400
5421.537	2.400
5421.718	2.400
5421.875	2.400
5422.058	2.400
5422.213	2.400
5422.370	2.400
5422.552	2.400
5422.708	2.400
5422.892	2.400
5423.047	2.400
5423.203	2.400
5423.385	2.400
5423.542	2.400
5423.725	2.400
5423.880	2.403
5424.037	2.403
5424.218	2.405
5424.375	2.405
5424.558	2.405
5424.713	2.405
5424.870	2.405
5425.052	2.405
5425.208	2.405
5425.392	2.405
5425.547	2.405
5425.703	2.405
5425.885	2.405
5426.042	2.405
5426.225	2.406
5426.380	2.406
5426.537	2.406
5426.718	2.409
5426.875	2.408
5427.058	2.409
5427.213	2.409
5427.370	2.410
5427.552	2.410
5427.708	2.410
5427.892	2.410
5428.047	2.410
5428.203	2.410
5428.385	2.410
5428.542	2.410
5428.725	2.410
5428.880	2.410
5429.037	2.410
5429.218	2.410
5429.375	2.410
5429.558	2.410
5429.713	2.411
5429.870	2.411
5430.052	2.411
5430.208	2.412
5430.392	2.413
5430.547	2.415
5430.703	2.413
5430.885	2.415
5431.042	2.414
5431.225	2.415
5431.380	2.415
5431.537	2.415
5431.718	2.415
5431.875	2.415
5432.058	2.415
5432.213	2.415
5432.370	2.415
5432.552	2.417
5432.708	2.417
5432.892	2.417
5433.047	2.417
5433.203	2.418
5433.385	2.420
5433.542	2.419
5433.725	2.420
5433.880	2.420
5434.037	2.420
5434.218	2.420
5434.375	2.420
5434.558	2.420
5434.713	2.420
5434.870	2.420
5435.052	2.421
5435.208	2.420
5435.392	2.420
5435.547	2.423
5435.703	2.424
5435.885	2.423
5436.042	2.423
5436.225	2.424
5436.380	2.425
5436.537	2.424
5436.718	2.425
5436.875	2.425
5437.058	2.425
5437.213	2.425
5437.370	2.425
5437.552	2.425
5437.708	2.425
5437.892	2.425
5438.047	2.425
5438.203	2.425
5438.385	2.425
5438.542	2.426
5438.725	2.428
5438.880	2.427
5439.037	2.427
5439.218	2.428
5439.375	2.429
5439.558	2.429
5439.713	2.429
5439.870	2.430
5440.052	2.430
5440.208	2.430
5440.392	2.430
5440.547	2.429
5440.703	2.430
5440.885	2.430
5441.042	2.430
5441.225	2.430
5441.380	2.430
5441.537	2.430
5441.718	2.430
5441.875	2.431
5442.058	2.432
5442.213	2.430
5442.370	2.434
5442.552	2.434
5442.708	2.433
5442.892	2.434
5443.047	2.435
5443.203	2.435
5443.385	2.434
5443.542	2.434
5443.698	2.435
5443.880	2.435
5444.037	2.435
5444.218	2.435
5444.375	2.435
5444.558	2.435
5444.713	2.435
5444.870	2.437
5445.052	2.435
5445.208	2.438
5445.365	2.438
5445.547	2.437
5445.703	2.439
5445.885	2.440
5446.042	2.440
5446.225	2.440
5446.380	2.440
5446.537	2.440
5446.718	2.440
5446.875	2.440
5447.032	2.440
5447.213	2.440
5447.370	2.440
5447.552	2.442
5447.708	2.441
5447.892	2.441
5448.047	2.441
5448.203	2.445
5448.385	2.445
5448.542	2.444
5448.698	2.445
5448.880	2.445
5449.037	2.445
5449.218	2.445
5449.375	2.445
5449.558	2.445
5449.713	2.445
5449.870	2.445
5450.052	2.445
5450.208	2.445
5450.365	2.447
5450.547	2.445
5450.703	2.450
5450.885	2.448
5451.042	2.448
5451.225	2.450
5451.380	2.451
5451.537	2.450
5451.718	2.451
5451.875	2.451
5452.032	2.451
5452.213	2.451
5452.370	2.451
5452.552	2.451
5452.708	2.451
5452.892	2.451
5453.047	2.451
5453.203	2.451
5453.385	2.451
5453.542	2.451
5453.698	2.451
5453.880	2.451
5454.037	2.451
5454.218	2.451
5454.375	2.451
5454.558	2.452
5454.713	2.452
5454.870	2.456
5455.052	2.456
5455.208	2.456
5455.365	2.456
5455.547	2.456
5455.703	2.456
5455.885	2.456
5456.042	2.456
5456.225	2.456
5456.380	2.456
5456.537	2.456
5456.718	2.458
5456.875	2.459
5457.032	2.459
5457.213	2.459
5457.370	2.459
5457.552	2.460
5457.708	2.461
5457.892	2.461
5458.047	2.461
5458.203	2.461
5458.385	2.461
5458.542	2.461
5458.698	2.461
5458.880	2.461
5459.037	2.462
5459.218	2.461
5459.375	2.462
5459.558	2.463
5459.713	2.465
5459.870	2.464
5460.052	2.463
5460.208	2.463
5460.365	2.466
5460.547	2.466
5460.703	2.466
5460.885	2.466
5461.042	2.466
5461.225	2.466
5461.380	2.466
5461.537	2.466
5461.718	2.467
5461.875	2.466
5462.032	2.466
5462.213	2.466
5462.370	2.466
5462.552	2.468
5462.708	2.467
5462.892	2.468
5463.047	2.468
5463.203	2.468
5463.385	2.468
5463.542	2.469
5463.725	2.471
5463.880	2.471
5464.037	2.471
5464.218	2.471
5464.375	2.471
5464.532	2.471
5464.713	2.471
5464.870	2.471
5465.052	2.471
5465.208	2.471
5465.392	2.472
5465.547	2.471
5465.703	2.471
5465.885	2.474
5466.042	2.472
5466.198	2.474
5466.380	2.474
5466.537	2.475
5466.718	2.476
5466.875	2.476
5467.058	2.476
5467.213	2.476
5467.370	2.476
5467.552	2.476
5467.708	2.476
5467.865	2.477
5468.047	2.477
5468.203	2.477
5468.385	2.477
5468.542	2.479
5468.725	2.478
5468.880	2.481
5469.037	2.481
5469.218	2.481
5469.375	2.481
5469.532	2.481
5469.713	2.481
5469.870	2.481
5470.052	2.481
5470.208	2.481
5470.392	2.481
5470.547	2.481
5470.703	2.481
5470.885	2.482
5471.042	2.484
5471.198	2.484
5471.380	2.482
5471.537	2.485
5471.718	2.482
5471.875	2.485
5472.058	2.485
5472.213	2.486
5472.370	2.486
5472.552	2.486
5472.708	2.486
5472.865	2.486
5473.047	2.486
5473.203	2.486
5473.385	2.486
5473.542	2.487
5473.725	2.486
5473.880	2.487
5474.037	2.487
5474.218	2.487
5474.375	2.488
5474.532	2.489
5474.713	2.491
5474.870	2.490
5475.052	2.491
5475.208	2.491
5475.392	2.491
5475.547	2.491
5475.703	2.491
5475.885	2.491
5476.042	2.491
5476.198	2.491
5476.380	2.491
5476.537	2.491
5476.693	2.491
5476.875	2.491
5477.032	2.496
5477.213	2.493
5477.370	2.493
5477.552	2.496
5477.708	2.494
5477.892	2.496
5478.047	2.495
5478.203	2.496
5478.385	2.496
5478.542	2.496
5478.698	2.496
5478.880	2.496
5479.037	2.496
5479.218	2.496
5479.375	2.496
5479.558	2.496
5479.713	2.496
5479.870	2.497
5480.052	2.499
5480.208	2.500
5480.365	2.499
5480.547	2.502
5480.703	2.502
5480.885	2.502
5481.042	2.501
5481.198	2.502
5481.380	2.502
5481.537	2.502
5481.718	2.502
5481.875	2.502
5482.032	2.503
5482.213	2.503
5482.370	2.505
5482.552	2.503
5482.708	2.504
5482.865	2.507
5483.047	2.507
5483.203	2.506
5483.385	2.506
5483.542	2.507
5483.698	2.507
5483.880	2.507
5484.037	2.507
5484.218	2.507
5484.375	2.507
5484.532	2.507
5484.713	2.508
5484.870	2.508
5485.052	2.508
5485.208	2.509
5485.365	2.508
5485.547	2.508
5485.703	2.510
5485.885	2.512
5486.042	2.512
5486.198	2.512
5486.380	2.512
5486.537	2.512
5486.718	2.512
5486.875	2.512
5487.032	2.512
5487.213	2.512
5487.370	2.512
5487.552	2.512
5487.708	2.512
5487.865	2.512
5488.047	2.512
5488.203	2.512
5488.385	2.513
5488.542	2.513
5488.698	2.514
5488.880	2.515
5489.037	2.514
5489.218	2.516
5489.375	2.516
5489.532	2.517
5489.713	2.517
5489.870	2.516
5490.052	2.516
5490.208	2.517
5490.365	2.517
5490.547	2.517
5490.703	2.518
5490.885	2.517
5491.042	2.520
5491.198	2.520
5491.380	2.520
5491.537	2.522
5491.718	2.521
5491.875	2.522
5492.032	2.522
5492.213	2.522
5492.370	2.522
5492.552	2.522
5492.708	2.522
5492.865	2.522
5493.047	2.522
5493.203	2.522
5493.385	2.522
5493.542	2.522
5493.698	2.522
5493.880	2.523
5494.037	2.525
5494.218	2.525
5494.375	2.523
5494.532	2.526
5494.713	2.525
5494.870	2.525
5495.052	2.526
5495.208	2.527
5495.365	2.526
5495.547	2.527
5495.703	2.527
5495.885	2.527
5496.042	2.527
5496.198	2.527
5496.380	2.528
5496.537	2.527
5496.718	2.529
5496.875	2.528
5497.032	2.528
5497.213	2.530
5497.370	2.531
5497.552	2.531
5497.708	2.532
5497.865	2.532
5498.047	2.532
5498.203	2.531
5498.385	2.532
5498.542	2.532
5498.698	2.532
5498.880	2.532
5499.037	2.532
5499.218	2.532
5499.375	2.532
5499.532	2.532
5499.713	2.532
5499.870	2.532
5500.052	2.532
5500.208	2.532
5500.365	2.532
5500.547	2.532
5500.703	2.532
5500.885	2.533
5501.042	2.537
5501.198	2.535
5501.380	2.535
5501.537	2.536
5501.718	2.536
5501.875	2.536
5502.032	2.536
5502.213	2.536
5502.370	2.537
5502.552	2.537
5502.708	2.537
5502.865	2.537
5503.047	2.537
5503.203	2.537
5503.385	2.537
5503.542	2.537
5503.698	2.537
5503.880	2.538
5504.037	2.539
5504.218	2.538
5504.375	2.540
5504.532	2.538
5504.713	2.541
5504.870	2.542
5505.052	2.542
5505.208	2.542
5505.365	2.542
5505.547	2.542
5505.703	2.542
5505.885	2.542
5506.042	2.542
5506.198	2.542
5506.380	2.542
5506.537	2.542
5506.718	2.543
5506.875	2.543
5507.032	2.543
5507.213	2.542
5507.370	2.542
5507.552	2.545
5507.708	2.544
5507.865	2.546
5508.047	2.546
5508.203	2.547
5508.385	2.547
5508.542	2.547
5508.698	2.547
5508.880	2.547
5509.037	2.547
5509.218	2.547
5509.375	2.547
5509.532	2.547
5509.713	2.547
5509.870	2.547
5510.052	2.547
5510.208	2.547
5510.365	2.547
5510.547	2.547
5510.703	2.548
5510.885	2.547
5511.042	2.547
5511.198	2.548
5511.380	2.550
5511.537	2.551
5511.718	2.553
5511.875	2.552
5512.032	2.553
5512.213	2.553
5512.370	2.553
5512.552	2.553
5512.708	2.553
5512.865	2.553
5513.047	2.553
5513.203	2.553
5513.385	2.553
5513.542	2.553
5513.698	2.553
5513.880	2.553
5514.037	2.553
5514.218	2.553
5514.375	2.553
5514.532	2.553
5514.713	2.553
5514.870	2.553
5515.052	2.553
5515.208	2.553
5515.365	2.554
5515.547	2.554
5515.703	2.555
5515.885	2.558
5516.042	2.558
5516.198	2.558
5516.380	2.558
5516.537	2.558
5516.718	2.558
5516.875	2.558
5517.032	2.558
5517.213	2.558
5517.370	2.558
5517.552	2.558
5517.708	2.558
5517.865	2.558
5518.047	2.559
5518.203	2.560
5518.385	2.561
5518.542	2.561
5518.698	2.561
5518.880	2.562
5519.037	2.562
5519.218	2.562
5519.375	2.563
5519.532	2.562
5519.713	2.563
5519.870	2.563
5520.052	2.563
5520.208	2.563
5520.365	2.562
5520.547	2.563
5520.703	2.563
5520.885	2.563
5521.042	2.563
5521.198	2.563
5521.380	2.563
5521.537	2.563
5521.718	2.563
5521.875	2.563
5522.032	2.563
5522.213	2.564
5522.370	2.563
5522.552	2.563
5522.708	2.563
5522.865	2.564
5523.047	2.564
5523.203	2.566
5523.360	2.564
5523.542	2.565
5523.698	2.567
5523.880	2.566
5524.037	2.566
5524.218	2.567
5524.375	2.568
5524.532	2.568
5524.713	2.568
5524.870	2.567
5525.052	2.568
5525.208	2.568
5525.365	2.568
5525.547	2.568
5525.703	2.568
5525.885	2.568
5526.042	2.568
5526.198	2.568
5526.380	2.568
5526.537	2.568
5526.718	2.568
5526.875	2.568
5527.032	2.568
5527.213	2.568
5527.370	2.568
5527.552	2.569
5527.708	2.569
5527.865	2.568
5528.047	2.569
5528.203	2.571
5528.385	2.570
5528.542	2.570
5528.698	2.570
5528.880	2.569
5529.037	2.570
5529.218	2.572
5529.375	2.573
5529.532	2.572
5529.713	2.573
5529.870	2.572
5530.052	2.573
5530.208	2.573
5530.365	2.573
5530.547	2.573
5530.703	2.573
5530.885	2.573
5531.042	2.573
5531.198	2.573
5531.380	2.573
5531.537	2.573
5531.718	2.573
5531.875	2.573
5532.032	2.573
5532.213	2.573
5532.370	2.573
5532.552	2.573
5532.708	2.573
5532.865	2.573
5533.047	2.573
5533.203	2.573
5533.360	2.573
5533.542	2.573
5533.698	2.573
5533.880	2.573
5534.037	2.573
5534.218	2.574
5534.375	2.573
5534.532	2.573
5534.713	2.573
5534.870	2.573
5535.027	2.574
5535.208	2.574
5535.365	2.574
5535.547	2.575
5535.703	2.574
5535.885	2.574
5536.042	2.576
5536.198	2.576
5536.380	2.577
5536.537	2.576
5536.718	2.576
5536.875	2.575
5537.032	2.578
5537.213	2.576
5537.370	2.576
5537.527	2.577
5537.708	2.577
5537.865	2.576
5538.047	2.577
5538.203	2.578
5538.360	2.577
5538.542	2.578
5538.698	2.578
5538.880	2.578
5539.037	2.578
5539.218	2.578
5539.375	2.578
5539.532	2.578
5539.713	2.578
5539.870	2.578
5540.027	2.578
5540.208	2.578
5540.365	2.578
5540.547	2.578
5540.703	2.578
5540.885	2.578
5541.042	2.578
5541.198	2.578
5541.380	2.578
5541.537	2.578
5541.693	2.578
5541.875	2.578
5542.032	2.578
5542.188	2.578
5542.370	2.578
5542.527	2.578
5542.708	2.578
5542.865	2.578
5543.047	2.578
5543.203	2.578
5543.385	2.578
5543.542	2.578
5543.698	2.578
5543.880	2.578
5544.037	2.579
5544.193	2.578
5544.375	2.578
5544.532	2.578
5544.713	2.578
5544.870	2.578
5545.052	2.578
5545.208	2.578
5545.365	2.578
5545.547	2.579
5545.703	2.578
5545.860	2.581
5546.042	2.579
5546.198	2.578
5546.380	2.579
5546.537	2.580
5546.718	2.578
5546.875	2.580
5547.032	2.578
5547.213	2.580
5547.370	2.581
5547.552	2.583
5547.708	2.580
5547.865	2.578
5548.047	2.581
5548.203	2.581
5548.360	2.581
5548.542	2.582
5548.698	2.579
5548.880	2.581
5549.037	2.580
5549.218	2.581
5549.375	2.579
5549.532	2.579
5549.713	2.579
5549.870	2.580
5550.052	2.581
5550.208	2.580
5550.365	2.578
5550.547	2.580
5550.703	2.580
5550.860	2.579
5551.042	2.580
5551.198	2.579
5551.380	2.578
5551.537	2.579
5551.693	2.578
5551.875	2.580
5552.032	2.578
5552.213	2.578
5552.370	2.578
5552.552	2.579
5552.708	2.579
5552.865	2.578
5553.047	2.578
5553.203	2.579
5553.385	2.578
5553.542	2.578
5553.698	2.578
5553.880	2.578
5554.037	2.578
5554.193	2.578
5554.375	2.578
5554.532	2.578
5554.713	2.578
5554.870	2.578
5555.052	2.578
5555.208	2.578
5555.365	2.578
5555.547	2.578
5555.703	2.578
5555.860	2.578
5556.042	2.578
5556.198	2.578
5556.380	2.578
5556.537	2.578
5556.718	2.578
5556.875	2.578
5557.032	2.578
5557.213	2.578
5557.370	2.578
5557.552	2.578
5557.708	2.579
5557.865	2.578
5558.047	2.578
5558.203	2.578
5558.385	2.578
5558.542	2.578
5558.698	2.578
5558.880	2.578
5559.037	2.578
5559.193	2.578
5559.375	2.578
5559.532	2.578
5559.713	2.578
5559.870	2.578
5560.052	2.576
5560.208	2.578
5560.365	2.577
5560.547	2.577
5560.703	2.576
5560.885	2.578
5561.042	2.577
5561.198	2.576
5561.380	2.574
5561.537	2.573
5561.693	2.574
5561.875	2.573
5562.032	2.574
5562.213	2.573
5562.370	2.573
5562.552	2.574
5562.708	2.573
5562.865	2.575
5563.047	2.576
5563.203	2.578
5563.360	2.576
5563.542	2.574
5563.698	2.574
5563.880	2.573
5564.037	2.573
5564.218	2.573
5564.375	2.573
5564.532	2.573
5564.713	2.573
5564.870	2.573
5565.027	2.573
5565.208	2.573
5565.365	2.574
5565.547	2.573
5565.703	2.573
5565.885	2.573
5566.042	2.573
5566.198	2.573
5566.380	2.573
5566.537	2.573
5566.693	2.573
5566.875	2.573
5567.032	2.573
5567.213	2.573
5567.370	2.573
5567.552	2.573
5567.708	2.573
5567.865	2.573
5568.047	2.573
5568.203	2.572
5568.360	2.573
5568.542	2.573
5568.698	2.572
5568.880	2.572
5569.037	2.573
5569.193	2.572
5569.375	2.570
5569.532	2.570
5569.713	2.568
5569.870	2.568
5570.052	2.568
5570.208	2.568
5570.365	2.569
5570.547	2.568
5570.703	2.568
5570.860	2.568
5571.042	2.568
5571.198	2.568
5571.380	2.568
5571.537	2.568
5571.718	2.568
5571.875	2.568
5572.032	2.568
5572.213	2.568
5572.370	2.568
5572.527	2.567
5572.708	2.566
5572.865	2.566
5573.047	2.564
5573.203	2.564
5573.385	2.565
5573.542	2.564
5573.698	2.564
5573.880	2.564
5574.037	2.563
5574.193	2.563
5574.375	2.563
5574.532	2.563
5574.713	2.563
5574.870	2.563
5575.027	2.563
5575.208	2.563
5575.365	2.563
5575.547	2.563
5575.703	2.563
5575.860	2.563
5576.042	2.562
5576.198	2.563
5576.380	2.562
5576.537	2.561
5576.693	2.559
5576.875	2.559
5577.032	2.559
5577.213	2.559
5577.370	2.558
5577.527	2.558
5577.708	2.558
5577.865	2.558
5578.047	2.558
5578.203	2.558
5578.360	2.558
5578.542	2.557
5578.698	2.558
5578.880	2.556
5579.037	2.555
5579.193	2.555
5579.375	2.554
5579.532	2.554
5579.713	2.554
5579.870	2.553
5580.027	2.553
5580.208	2.553
5580.365	2.553
5580.547	2.553
5580.703	2.553
5580.860	2.553
5581.042	2.553
5581.198	2.553
5581.380	2.553
5581.537	2.553
5581.693	2.553
5581.875	2.553
5582.032	2.552
5582.213	2.552
5582.370	2.549
5582.527	2.549
5582.708	2.547
5582.865	2.547
5583.047	2.547
5583.203	2.547
5583.360	2.547
5583.542	2.547
5583.698	2.547
5583.880	2.547
5584.037	2.547
5584.193	2.546
5584.375	2.547
5584.532	2.547
5584.713	2.547
5584.870	2.547
5585.027	2.542
5585.208	2.542
5585.365	2.542
5585.547	2.542
5585.703	2.542
5585.860	2.542
5586.042	2.542
5586.198	2.542
5586.380	2.542
5586.537	2.542
5586.693	2.542
5586.875	2.542
5587.032	2.539
5587.213	2.537
5587.370	2.538
5587.527	2.537
5587.708	2.537
5587.865	2.537
5588.047	2.537
5588.203	2.537
5588.360	2.537
5588.542	2.537
5588.698	2.536
5588.855	2.537
5589.037	2.536
5589.193	2.537
5589.375	2.534
5589.532	2.532
5589.713	2.533
5589.870	2.532
5590.027	2.533
5590.208	2.532
5590.365	2.532
5590.547	2.532
5590.703	2.532
5590.860	2.531
5591.042	2.532
5591.198	2.532
5591.380	2.531
5591.537	2.530
5591.693	2.530
5591.875	2.527
5592.032	2.527
5592.213	2.528
5592.370	2.527
5592.527	2.528
5592.708	2.527
5592.865	2.527
5593.047	2.527
5593.203	2.526
5593.360	2.524
5593.542	2.523
5593.698	2.526
5593.880	2.524
5594.037	2.522
5594.193	2.522
5594.375	2.522
5594.532	2.522
5594.713	2.522
5594.870	2.522
5595.027	2.522
5595.208	2.522
5595.365	2.519
5595.547	2.519
5595.703	2.517
5595.860	2.517
5596.042	2.517
5596.198	2.517
5596.380	2.517
5596.537	2.517
5596.693	2.516
5596.875	2.516
5597.032	2.513
5597.213	2.512
5597.370	2.512
5597.527	2.513
5597.708	2.512
5597.865	2.512
5598.047	2.512
5598.203	2.512
5598.360	2.512
5598.542	2.512
5598.698	2.512
5598.880	2.512
5599.037	2.511
5599.193	2.509
5599.375	2.511
5599.532	2.508
5599.713	2.508
5599.870	2.507
5600.027	2.506
5600.208	2.507
5600.365	2.507
5600.547	2.505
5600.703	2.505
5600.860	2.502
5601.042	2.504
5601.198	2.502
5601.380	2.502
5601.537	2.502
5601.693	2.502
5601.875	2.502
5602.032	2.502
5602.213	2.502
5602.370	2.499
5602.527	2.497
5602.708	2.498
5602.865	2.496
5603.047	2.496
5603.203	2.496
5603.360	2.496
5603.542	2.496
5603.698	2.496
5603.880	2.494
5604.037	2.493
5604.193	2.494
5604.375	2.491
5604.532	2.491
5604.713	2.491
5604.870	2.491
5605.027	2.491
5605.208	2.491
5605.365	2.489
5605.547	2.489
5605.703	2.488
5605.860	2.486
5606.042	2.486
5606.198	2.486
5606.380	2.486
5606.537	2.486
5606.693	2.486
5606.875	2.485
5607.032	2.485
5607.213	2.485
5607.370	2.483
5607.527	2.482
5607.708	2.481
5607.865	2.481
5608.047	2.481
5608.203	2.480
5608.360	2.481
5608.542	2.480
5608.698	2.480
5608.880	2.477
5609.037	2.476
5609.193	2.476
5609.375	2.476
5609.532	2.476
5609.713	2.475
5609.870	2.474
5610.027	2.473
5610.208	2.472
5610.365	2.471
5610.547	2.471
5610.703	2.471
5610.860	2.471
5611.042	2.471
5611.198	2.471
5611.380	2.470
5611.537	2.467
5611.693	2.466
5611.875	2.467
5612.032	2.467
5612.213	2.467
5612.370	2.467
5612.527	2.466
5612.708	2.466
5612.865	2.465
5613.047	2.464
5613.203	2.462
5613.360	2.461
5613.542	2.461
5613.698	2.461
5613.880	2.461
5614.037	2.460
5614.193	2.457
5614.375	2.458
5614.532	2.456
5614.713	2.456
5614.870	2.456
5615.027	2.456
5615.208	2.455
5615.365	2.456
5615.547	2.456
5615.703	2.453
5615.860	2.451
5616.042	2.451
5616.198	2.451
5616.380	2.451
5616.537	2.451
5616.693	2.451
5616.875	2.451
5617.032	2.450
5617.213	2.446
5617.370	2.446
5617.527	2.446
5617.708	2.446
5617.865	2.445
5618.047	2.445
5618.203	2.445
5618.360	2.445
5618.542	2.444
5618.698	2.441
5618.880	2.440
5619.037	2.440
5619.193	2.440
5619.375	2.440
5619.532	2.440
5619.713	2.440
5619.870	2.440
5620.027	2.439
5620.208	2.436
5620.365	2.437
5620.547	2.436
5620.703	2.435
5620.860	2.434
5621.042	2.434
5621.198	2.434
5621.380	2.430
5621.537	2.431
5621.693	2.430
5621.875	2.430
5622.032	2.430
5622.213	2.430
5622.370	2.429
5622.527	2.429
5622.708	2.429
5622.865	2.428
5623.047	2.426
5623.203	2.425
5623.360	2.425
5623.542	2.424
5623.698	2.425
5623.880	2.425
5624.037	2.424
5624.193	2.421
5624.375	2.420
5624.532	2.420
5624.713	2.420
5624.870	2.420
5625.027	2.417
5625.208	2.415
5625.365	2.416
5625.547	2.415
5625.703	2.415
5625.860	2.415
5626.042	2.413
5626.198	2.412
5626.380	2.410
5626.537	2.410
5626.693	2.410
5626.875	2.410
5627.032	2.410
5627.213	2.410
5627.370	2.410
5627.527	2.407
5627.708	2.405
5627.865	2.406
5628.047	2.405
5628.203	2.405
5628.360	2.405
5628.542	2.405
5628.698	2.404
5628.880	2.400
5629.037	2.400
5629.193	2.400
5629.375	2.400
5629.532	2.400
5629.713	2.400
5629.870	2.397
5630.027	2.398
5630.208	2.395
5630.365	2.395
5630.547	2.395
5630.703	2.393
5630.860	2.391
5631.042	2.392
5631.198	2.392
5631.380	2.390
5631.537	2.389
5631.693	2.389
5631.875	2.389
5632.032	2.389
5632.213	2.389
5632.370	2.389
5632.527	2.385
5632.708	2.384
5632.865	2.384
5633.047	2.384
5633.203	2.384
5633.360	2.384
5633.542	2.384
5633.698	2.383
5633.880	2.381
5634.037	2.381
5634.193	2.379
5634.375	2.379
5634.532	2.379
5634.713	2.379
5634.870	2.377
5635.027	2.374
5635.208	2.374
5635.365	2.374
5635.521	2.373
5635.703	2.374
5635.860	2.371
5636.042	2.372
5636.198	2.369
5636.355	2.369
5636.537	2.369
5636.693	2.369
5636.875	2.369
5637.032	2.369
5637.213	2.369
5637.370	2.368
5637.527	2.366
5637.708	2.364
5637.865	2.364
5638.021	2.364
5638.203	2.363
5638.360	2.361
5638.542	2.359
5638.698	2.361
5638.880	2.359
5639.037	2.359
5639.193	2.359
5639.375	2.358
5639.532	2.357
5639.688	2.355
5639.870	2.354
5640.027	2.354
5640.208	2.354
5640.365	2.352
5640.521	2.352
5640.703	2.349
5640.860	2.349
5641.042	2.349
5641.198	2.349
5641.380	2.349
5641.537	2.349
5641.693	2.349
5641.875	2.349
5642.032	2.346
5642.188	2.344
5642.370	2.344
5642.527	2.344
5642.708	2.344
5642.865	2.344
5643.047	2.342
5643.203	2.339
5643.360	2.338
5643.542	2.338
5643.698	2.338
5643.855	2.338
5644.037	2.336
5644.193	2.334
5644.375	2.333
5644.532	2.333
5644.713	2.332
5644.870	2.332
5645.027	2.328
5645.208	2.328
5645.365	2.328
5645.521	2.328
5645.703	2.328
5645.860	2.328
5646.042	2.327
5646.198	2.327
5646.380	2.325
5646.537	2.324
5646.693	2.323
5646.875	2.323
5647.032	2.323
5647.188	2.323
5647.370	2.323
5647.527	2.322
5647.708	2.319
5647.865	2.318
5648.021	2.318
5648.203	2.318
5648.360	2.316
5648.542	2.316
5648.698	2.313
5648.880	2.313
5649.037	2.313
5649.193	2.313
5649.375	2.312
5649.532	2.310
5649.713	2.309
5649.870	2.308
5650.027	2.308
5650.208	2.308
5650.365	2.308
5650.521	2.308
5650.703	2.308
5650.860	2.305
5651.042	2.304
5651.198	2.304
5651.380	2.303
5651.537	2.303
5651.693	2.303
5651.875	2.302
5652.032	2.300
5652.213	2.298
5652.370	2.298
5652.527	2.298
5652.708	2.297
5652.865	2.295
5653.021	2.293
5653.203	2.293
5653.360	2.293
5653.542	2.293
5653.698	2.293
5653.880	2.293
5654.037	2.293
5654.193	2.290
5654.375	2.289
5654.532	2.287
5654.688	2.287
5654.870	2.287
5655.027	2.287
5655.208	2.287
5655.365	2.287
5655.521	2.285
5655.703	2.286
5655.860	2.283
5656.042	2.283
5656.198	2.282
5656.355	2.282
5656.537	2.282
5656.693	2.280
5656.875	2.278
5657.032	2.277
5657.213	2.277
5657.370	2.277
5657.527	2.277
5657.708	2.277
5657.865	2.276
5658.021	2.274
5658.203	2.273
5658.360	2.272
5658.542	2.272
5658.698	2.272
5658.880	2.272
5659.037	2.270
5659.193	2.272
5659.375	2.267
5659.532	2.267
5659.688	2.267
5659.870	2.267
5660.027	2.265
5660.208	2.264
5660.365	2.264
5660.521	2.263
5660.703	2.263
5660.860	2.262
5661.042	2.262
5661.198	2.262
5661.380	2.259
5661.537	2.257
5661.693	2.257
5661.875	2.256
5662.032	2.254
5662.213	2.253
5662.370	2.254
5662.527	2.252
5662.708	2.252
5662.865	2.252
5663.021	2.252
5663.203	2.251
5663.360	2.250
5663.542	2.248
5663.698	2.247
5663.880	2.247
5664.037	2.247
5664.193	2.247
5664.375	2.247
5664.532	2.243
5664.688	2.242
5664.870	2.242
5665.027	2.242
5665.208	2.242
5665.365	2.241
5665.521	2.239
5665.703	2.241
5665.860	2.237
5666.042	2.236
5666.198	2.236
5666.355	2.236
5666.537	2.236
5666.693	2.236
5666.875	2.233
5667.032	2.231
5667.188	2.231
5667.370	2.231
5667.527	2.231
5667.708	2.229
5667.865	2.229
5668.021	2.227
5668.203	2.226
5668.360	2.226
5668.542	2.226
5668.698	2.226
5668.855	2.225
5669.037	2.225
5669.193	2.222
5669.375	2.221
5669.532	2.221
5669.713	2.221
5669.870	2.221
5670.027	2.220
5670.208	2.217
5670.365	2.216
5670.521	2.216
5670.703	2.216
5670.860	2.216
5671.042	2.214
5671.198	2.212
5671.355	2.213
5671.537	2.211
5671.693	2.211
5671.875	2.211
5672.032	2.211
5672.188	2.210
5672.370	2.207
5672.527	2.208
5672.708	2.207
5672.865	2.206
5673.021	2.206
5673.203	2.205
5673.360	2.204
5673.542	2.203
5673.698	2.201
5673.855	2.201
5674.037	2.201
5674.193	2.201
5674.375	2.201
5674.532	2.197
5674.688	2.196
5674.870	2.196
5675.027	2.196
5675.208	2.196
5675.365	2.195
5675.521	2.196
5675.703	2.193
5675.860	2.192
5676.042	2.191
5676.198	2.191
5676.355	2.191
5676.537	2.190
5676.693	2.188
5676.875	2.186
5677.032	2.185
5677.188	2.185
5677.370	2.185
5677.527	2.185
5677.708	2.185
5677.865	2.184
5678.021	2.180
5678.203	2.180
5678.360	2.180
5678.542	2.180
5678.698	2.178
5678.855	2.176
5679.037	2.175
5679.193	2.175
5679.375	2.175
5679.532	2.175
5679.688	2.174
5679.870	2.174
5680.027	2.172
5680.208	2.170
5680.365	2.170
5680.521	2.170
5680.703	2.168
5680.860	2.168
5681.042	2.168
5681.198	2.165
5681.380	2.165
5681.537	2.165
5681.693	2.165
5681.875	2.164
5682.032	2.165
5682.188	2.161
5682.370	2.160
5682.527	2.160
5682.708	2.160
5682.865	2.160
5683.021	2.160
5683.203	2.157
5683.360	2.155
5683.542	2.155
5683.698	2.155
5683.855	2.155
5684.037	2.155
5684.193	2.152
5684.375	2.151
5684.532	2.150
5684.688	2.150
5684.870	2.148
5685.027	2.150
5685.208	2.147
5685.365	2.146
5685.521	2.145
5685.703	2.145
5685.860	2.145
5686.042	2.145
5686.198	2.144
5686.355	2.144
5686.537	2.141
5686.693	2.140
5686.875	2.140
5687.032	2.140
5687.188	2.140
5687.370	2.136
5687.527	2.135
5687.708	2.134
5687.865	2.134
5688.021	2.134
5688.203	2.134
5688.360	2.134
5688.542	2.129
5688.698	2.129
5688.880	2.129
5689.037	2.129
5689.193	2.129
5689.375	2.128
5689.532	2.129
5689.688	2.129
5689.870	2.128
5690.027	2.125
5690.208	2.125
5690.365	2.124
5690.521	2.124
5690.703	2.124
5690.860	2.124
5691.042	2.122
5691.198	2.119
5691.355	2.119
5691.537	2.119
5691.693	2.119
5691.875	2.117
5692.032	2.115
5692.188	2.114
5692.370	2.114
5692.527	2.114
5692.708	2.114
5692.865	2.114
5693.021	2.113
5693.203	2.111
5693.360	2.112
5693.542	2.109
5693.698	2.111
5693.855	2.109
5694.037	2.106
5694.193	2.106
5694.375	2.104
5694.532	2.104
5694.688	2.104
5694.870	2.104
5695.027	2.104
5695.208	2.104
5695.365	2.104
5695.521	2.101
5695.703	2.100
5695.860	2.099
5696.042	2.099
5696.198	2.099
5696.355	2.098
5696.537	2.096
5696.693	2.095
5696.875	2.095
5697.032	2.094
5697.188	2.094
5697.370	2.094
5697.527	2.093
5697.708	2.089
5697.865	2.089
5698.021	2.089
5698.203	2.089
5698.360	2.089
5698.542	2.089
5698.698	2.089
5698.855	2.085
5699.037	2.086
5699.193	2.084
5699.375	2.084
5699.532	2.084
5699.688	2.084
5699.870	2.083
5700.027	2.083
5700.208	2.080
5700.365	2.078
5700.521	2.078
5700.703	2.078
5700.860	2.078
5701.042	2.078
5701.198	2.073
5701.355	2.073
5701.537	2.073
5701.693	2.073
5701.875	2.073
5702.032	2.073
5702.188	2.073
5702.370	2.072
5702.527	2.072
5702.708	2.069
5702.865	2.068
5703.021	2.068
5703.203	2.068
5703.360	2.065
5703.542	2.064
5703.698	2.063
5703.855	2.063
5704.037	2.063
5704.193	2.063
5704.375	2.062
5704.532	2.062
5704.688	2.058
5704.870	2.058
5705.027	2.058
5705.208	2.058
5705.365	2.058
5705.521	2.057
5705.703	2.054
5705.860	2.053
5706.042	2.053
5706.198	2.053
5706.355	2.052
5706.537	2.050
5706.693	2.048
5706.875	2.048
5707.032	2.048
5707.188	2.048
5707.370	2.048
5707.527	2.048
5707.708	2.048
5707.865	2.044
5708.021	2.044
5708.203	2.043
5708.360	2.043
5708.542	2.043
5708.698	2.043
5708.855	2.043
5709.037	2.038
5709.193	2.041
5709.375	2.038
5709.532	2.038
5709.688	2.038
5709.870	2.038
5710.027	2.038
5710.208	2.037
5710.365	2.036
5710.521	2.033
5710.703	2.033
5710.860	2.033
5711.042	2.033
5711.198	2.030
5711.355	2.029
5711.537	2.027
5711.693	2.027
5711.875	2.027
5712.032	2.027
5712.188	2.026
5712.370	2.026
5712.527	2.023
5712.708	2.023
5712.865	2.022
5713.021	2.022
5713.203	2.022
5713.360	2.022
5713.542	2.022
5713.698	2.021
5713.855	2.019
5714.037	2.018
5714.193	2.017
5714.375	2.017
5714.532	2.017
5714.688	2.017
5714.870	2.016
5715.027	2.013
5715.208	2.014
5715.365	2.012
5715.521	2.012
5715.703	2.010
5715.860	2.012
5716.042	2.011
5716.198	2.008
5716.355	2.007
5716.537	2.007
5716.693	2.007
5716.875	2.006
5717.032	2.007
5717.188	2.004
5717.370	2.004
5717.527	2.003
5717.708	2.002
5717.865	2.002
5718.021	2.002
5718.203	2.002
5718.360	2.001
5718.542	2.000
5718.698	1.999
5718.855	1.997
5719.037	1.997
5719.193	1.997
5719.375	1.997
5719.532	1.995
5719.688	1.993
5719.870	1.993
5720.027	1.992
5720.208	1.992
5720.365	1.992
5720.521	1.992
5720.703	1.992
5720.860	1.990
5721.042	1.987
5721.198	1.987
5721.355	1.987
5721.537	1.987
5721.693	1.987
5721.875	1.982
5722.032	1.982
5722.188	1.982
5722.370	1.982
5722.527	1.982
5722.708	1.982
5722.865	1.982
5723.021	1.981
5723.203	1.978
5723.360	1.978
5723.542	1.976
5723.698	1.976
5723.855	1.976
5724.037	1.976
5724.193	1.976
5724.375	1.976
5724.532	1.975
5724.688	1.975
5724.870	1.972
5725.027	1.972
5725.208	1.971
5725.365	1.971
5725.521	1.971
5725.703	1.968
5725.860	1.967
5726.042	1.967
5726.198	1.966
5726.355	1.966
5726.537	1.966
5726.693	1.966
5726.875	1.966
5727.032	1.962
5727.188	1.961
5727.370	1.961
5727.527	1.961
5727.708	1.961
5727.865	1.961
5728.021	1.961
5728.203	1.961
5728.360	1.961
5728.542	1.961
5728.698	1.960
5728.855	1.959
5729.037	1.957
5729.193	1.956
5729.375	1.956
5729.532	1.955
5729.688	1.954
5729.870	1.954
5730.027	1.951
5730.208	1.952
5730.365	1.951
5730.521	1.951
5730.703	1.951
5730.860	1.951
5731.042	1.951
5731.198	1.950
5731.355	1.948
5731.537	1.947
5731.693	1.946
5731.875	1.946
5732.032	1.945
5732.188	1.944
5732.370	1.942
5732.527	1.942
5732.708	1.941
5732.865	1.941
5733.021	1.941
5733.203	1.941
5733.360	1.941
5733.542	1.941
5733.698	1.941
5733.855	1.940
5734.037	1.936
5734.193	1.936
5734.375	1.936
5734.532	1.936
5734.688	1.936
5734.870	1.936
5735.027	1.936
5735.208	1.936
5735.365	1.934
5735.521	1.932
5735.703	1.931
5735.860	1.931
5736.042	1.931
5736.198	1.930
5736.355	1.929
5736.537	1.927
5736.693	1.925
5736.875	1.925
5737.032	1.925
5737.188	1.925
5737.370	1.924
5737.527	1.924
5737.708	1.921
5737.865	1.920
5738.021	1.920
5738.203	1.920
5738.360	1.920
5738.542	1.920
5738.698	1.920
5738.855	1.920
5739.037	1.919
5739.193	1.915
5739.375	1.915
5739.532	1.915
5739.688	1.915
5739.870	1.914
5740.027	1.915
5740.208	1.914
5740.365	1.910
5740.521	1.910
5740.703	1.910
5740.860	1.910
5741.042	1.909
5741.198	1.910
5741.355	1.908
5741.537	1.909
5741.693	1.907
5741.875	1.905
5742.032	1.905
5742.188	1.905
5742.370	1.905
5742.527	1.904
5742.708	1.902
5742.865	1.901
5743.021	1.900
5743.203	1.900
5743.360	1.900
5743.542	1.900
5743.698	1.899
5743.855	1.898
5744.037	1.896
5744.193	1.895
5744.375	1.895
5744.532	1.895
5744.688	1.895
5744.870	1.894
5745.027	1.893
5745.208	1.894
5745.365	1.890
5745.521	1.891
5745.703	1.891
5745.860	1.890
5746.042	1.890
5746.198	1.889
5746.355	1.889
5746.537	1.886
5746.693	1.885
5746.875	1.886
5747.032	1.885
5747.188	1.885
5747.370	1.885
5747.527	1.884
5747.708	1.883
5747.865	1.881
5748.021	1.880
5748.203	1.880
5748.360	1.880
5748.542	1.880
5748.698	1.880
5748.855	1.880
5749.037	1.880
5749.193	1.879
5749.375	1.878
5749.532	1.874
5749.688	1.874
5749.870	1.874
5750.027	1.874
5750.208	1.874
5750.365	1.874
5750.521	1.873
5750.703	1.869
5750.860	1.869
5751.042	1.869
5751.198	1.869
5751.355	1.869
5751.537	1.869
5751.693	1.869
5751.875	1.867
5752.032	1.864
5752.188	1.864
5752.370	1.864
5752.527	1.864
5752.708	1.862
5752.865	1.861
5753.021	1.859
5753.203	1.859
5753.360	1.859
5753.542	1.859
5753.698	1.859
5753.855	1.859
5754.037	1.859
5754.193	1.858
5754.375	1.854
5754.532	1.854
5754.688	1.854
5754.870	1.854
5755.027	1.854
5755.183	1.854
5755.365	1.854
5755.521	1.852
5755.703	1.852
5755.860	1.849
5756.042	1.849
5756.198	1.849
5756.355	1.848
5756.537	1.848
5756.693	1.846
5756.850	1.846
5757.032	1.844
5757.188	1.844
5757.370	1.844
5757.527	1.844
5757.708	1.841
5757.865	1.839
5758.021	1.840
5758.203	1.839
5758.360	1.839
5758.542	1.839
5758.698	1.839
5758.855	1.838
5759.037	1.836
5759.193	1.835
5759.375	1.834
5759.532	1.834
5759.688	1.834
5759.870	1.834
5760.027	1.830
5760.183	1.829
5760.365	1.829
5760.521	1.829
5760.703	1.829
5760.860	1.829
5761.042	1.827
5761.198	1.824
5761.355	1.823
5761.537	1.823
5761.693	1.823
5761.875	1.821
5762.032	1.818
5762.188	1.819
5762.370	1.818
5762.527	1.818
5762.708	1.818
5762.865	1.818
5763.021	1.818
5763.203	1.817
5763.360	1.814
5763.542	1.813
5763.698	1.813
5763.855	1.813
5764.037	1.813
5764.193	1.813
5764.350	1.813
5764.532	1.813
5764.688	1.810
5764.870	1.809
5765.027	1.808
5765.208	1.808
5765.365	1.808
5765.521	1.806
5765.703	1.804
5765.860	1.803
5766.042	1.803
5766.198	1.803
5766.355	1.801
5766.537	1.800
5766.693	1.799
5766.875	1.798
5767.032	1.798
5767.188	1.798
5767.370	1.798
5767.527	1.798
5767.683	1.798
5767.865	1.797
5768.021	1.795
5768.203	1.793
5768.360	1.793
5768.542	1.793
5768.698	1.793
5768.855	1.792
5769.037	1.791
5769.193	1.788
5769.375	1.788
5769.532	1.788
5769.688	1.788
5769.870	1.788
5770.027	1.786
5770.183	1.785
5770.365	1.783
5770.521	1.783
5770.703	1.783
5770.860	1.782
5771.042	1.781
5771.198	1.778
5771.355	1.778
5771.537	1.778
5771.693	1.778
5771.850	1.778
5772.032	1.776
5772.188	1.772
5772.370	1.773
5772.527	1.772
5772.708	1.772
5772.865	1.772
5773.021	1.772
5773.203	1.772
5773.360	1.768
5773.542	1.767
5773.698	1.767
5773.855	1.767
5774.037	1.767
5774.193	1.763
5774.375	1.762
5774.532	1.762
5774.688	1.762
5774.870	1.762
5775.027	1.759
5775.183	1.758
5775.365	1.757
5775.521	1.757
5775.703	1.757
5775.860	1.757
5776.042	1.755
5776.198	1.755
5776.355	1.752
5776.537	1.752
5776.693	1.752
5776.875	1.751
5777.032	1.748
5777.188	1.747
5777.370	1.747
5777.527	1.747
5777.708	1.747
5777.865	1.744
5778.021	1.744
5778.203	1.742
5778.360	1.743
5778.542	1.742
5778.698	1.740
5778.855	1.738
5779.037	1.737
5779.193	1.737
5779.375	1.737
5779.532	1.737
5779.688	1.737
5779.870	1.737
5780.027	1.735
5780.208	1.732
5780.365	1.732
5780.521	1.731
5780.703	1.732
5780.860	1.730
5781.042	1.727
5781.198	1.727
5781.355	1.727
5781.537	1.727
5781.693	1.726
5781.875	1.722
5782.032	1.722
5782.188	1.722
5782.370	1.722
5782.527	1.721
5782.708	1.717
5782.865	1.716
5783.021	1.717
5783.203	1.716
5783.360	1.716
5783.542	1.715
5783.698	1.713
5783.855	1.712
5784.037	1.711
5784.193	1.711
5784.375	1.711
5784.532	1.707
5784.688	1.707
5784.870	1.706
5785.027	1.706
5785.183	1.706
5785.365	1.706
5785.521	1.705
5785.703	1.704
5785.860	1.701
5786.042	1.701
5786.198	1.701
5786.355	1.701
5786.537	1.698
5786.693	1.698
5786.875	1.696
5787.032	1.696
5787.188	1.696
5787.370	1.696
5787.527	1.696
5787.708	1.696
5787.865	1.694
5788.021	1.691
5788.203	1.691
5788.360	1.691
5788.517	1.691
5788.698	1.688
5788.855	1.688
5789.037	1.686
5789.193	1.686
5789.350	1.686
5789.532	1.683
5789.688	1.683
5789.870	1.681
5790.027	1.681
5790.183	1.681
5790.365	1.681
5790.521	1.681
5790.703	1.681
5790.860	1.678
5791.042	1.676
5791.198	1.676
5791.355	1.676
5791.537	1.676
5791.693	1.673
5791.850	1.672
5792.032	1.671
5792.188	1.671
5792.370	1.671
5792.527	1.670
5792.683	1.668
5792.865	1.666
5793.021	1.665
5793.203	1.665
5793.360	1.665
5793.517	1.665
5793.698	1.665
5793.855	1.664
5794.037	1.660
5794.193	1.660
5794.350	1.660
5794.532	1.659
5794.688	1.656
5794.870	1.655
5795.027	1.655
5795.183	1.655
5795.365	1.655
5795.521	1.655
5795.703	1.652
5795.860	1.650
5796.017	1.650
5796.198	1.650
5796.355	1.650
5796.537	1.649
5796.693	1.650
5796.850	1.648
5797.032	1.645
5797.188	1.645
5797.370	1.645
5797.527	1.644
5797.683	1.640
5797.865	1.640
5798.021	1.640
5798.203	1.640
5798.360	1.638
5798.517	1.638
5798.698	1.637
5798.855	1.635
5799.037	1.635
5799.193	1.635
5799.350	1.635
5799.532	1.635
5799.688	1.633
5799.870	1.630
5800.027	1.630
5800.183	1.630
5800.365	1.630
5800.521	1.627
5800.703	1.625
5800.860	1.625
5801.017	1.625
5801.198	1.625
5801.355	1.625
5801.537	1.624
5801.693	1.621
5801.850	1.620
5802.032	1.620
5802.188	1.620
5802.370	1.618
5802.527	1.619
5802.683	1.614
5802.865	1.615
5803.021	1.614
5803.203	1.614
5803.360	1.614
5803.517	1.614
5803.698	1.614
5803.855	1.614
5804.037	1.611
5804.193	1.609
5804.350	1.609
5804.532	1.609
5804.688	1.608
5804.870	1.608
5805.027	1.606
5805.183	1.608
5805.365	1.604
5805.521	1.604
5805.703	1.604
5805.860	1.601
5806.017	1.600
5806.198	1.599
5806.355	1.599
5806.537	1.599
5806.693	1.597
5806.850	1.595
5807.032	1.594
5807.188	1.594
5807.370	1.594
5807.527	1.594
5807.683	1.593
5807.865	1.590
5808.021	1.589
5808.203	1.589
5808.360	1.589
5808.517	1.588
5808.698	1.585
5808.855	1.585
5809.037	1.584
5809.193	1.584
5809.350	1.584
5809.532	1.584
5809.688	1.584
5809.870	1.583
5810.027	1.580
5810.183	1.579
5810.365	1.579
5810.521	1.578
5810.703	1.574
5810.860	1.575
5811.017	1.574
5811.198	1.574
5811.355	1.574
5811.537	1.574
5811.693	1.571
5811.850	1.569
5812.032	1.569
5812.188	1.569
5812.370	1.569
5812.527	1.568
5812.683	1.569
5812.865	1.567
5813.021	1.566
5813.203	1.565
5813.360	1.564
5813.517	1.563
5813.698	1.563
5813.855	1.562
5814.037	1.561
5814.193	1.559
5814.350	1.558
5814.532	1.558
5814.688	1.558
5814.870	1.556
5815.027	1.554
5815.183	1.553
5815.365	1.553
5815.521	1.553
5815.703	1.553
5815.860	1.553
5816.017	1.552
5816.198	1.552
5816.355	1.549
5816.537	1.548
5816.693	1.548
5816.850	1.548
5817.032	1.546
5817.188	1.544
5817.370	1.543
5817.527	1.543
5817.683	1.543
5817.865	1.543
5818.021	1.539
5818.203	1.539
5818.360	1.538
5818.517	1.538
5818.698	1.537
5818.855	1.537
5819.037	1.535
5819.193	1.533
5819.350	1.533
5819.532	1.533
5819.688	1.533
5819.870	1.532
5820.027	1.531
5820.183	1.530
5820.365	1.529
5820.521	1.528
5820.703	1.528
5820.860	1.528
5821.017	1.528
5821.198	1.526
5821.355	1.523
5821.537	1.523
5821.693	1.523
5821.850	1.523
5822.032	1.523
5822.188	1.522
5822.370	1.520
5822.527	1.518
5822.683	1.518
5822.865	1.518
5823.021	1.518
5823.203	1.517
5823.360	1.514
5823.517	1.512
5823.698	1.512
5823.855	1.512
5824.037	1.512
5824.193	1.512
5824.350	1.510
5824.532	1.507
5824.688	1.508
5824.870	1.507
5825.027	1.507
5825.183	1.507
5825.365	1.507
5825.521	1.507
5825.703	1.504
5825.860	1.502
5826.017	1.502
5826.198	1.502
5826.355	1.502
5826.537	1.502
5826.693	1.502
5826.850	1.499
5827.032	1.497
5827.188	1.497
5827.370	1.497
5827.527	1.494
5827.683	1.492
5827.865	1.492
5828.021	1.492
5828.203	1.492
5828.360	1.492
5828.517	1.491
5828.698	1.490
5828.855	1.490
5829.037	1.489
5829.193	1.488
5829.350	1.487
5829.532	1.487
5829.688	1.487
5829.870	1.487
5830.027	1.486
5830.183	1.487
5830.365	1.484
5830.521	1.483
5830.703	1.482
5830.860	1.481
5831.017	1.480
5831.198	1.478
5831.355	1.477
5831.537	1.477
5831.693	1.477
5831.850	1.477
5832.032	1.476
5832.188	1.473
5832.370	1.473
5832.527	1.472
5832.683	1.472
5832.865	1.472
5833.021	1.471
5833.203	1.471
5833.360	1.468
5833.517	1.467
5833.698	1.467
5833.855	1.467
5834.037	1.467
5834.193	1.467
5834.350	1.466
5834.532	1.465
5834.688	1.461
5834.870	1.461
5835.027	1.461
5835.183	1.461
5835.365	1.461
5835.521	1.461
5835.703	1.460
5835.860	1.458
5836.017	1.456
5836.198	1.456
5836.355	1.456
5836.537	1.455
5836.693	1.454
5836.850	1.454
5837.032	1.452
5837.188	1.451
5837.370	1.451
5837.527	1.451
5837.683	1.451
5837.865	1.451
5838.021	1.450
5838.203	1.449
5838.360	1.446
5838.517	1.446
5838.698	1.446
5838.855	1.445
5839.037	1.443
5839.193	1.441
5839.350	1.441
5839.532	1.441
5839.688	1.440
5839.870	1.439
5840.027	1.437
5840.183	1.438
5840.365	1.436
5840.521	1.436
5840.703	1.436
5840.860	1.436
5841.017	1.433
5841.198	1.432
5841.355	1.431
5841.537	1.431
5841.693	1.431
5841.850	1.431
5842.032	1.431
5842.188	1.430
5842.370	1.428
5842.527	1.428
5842.683	1.426
5842.865	1.426
5843.021	1.426
5843.203	1.426
5843.360	1.425
5843.517	1.424
5843.698	1.423
5843.855	1.421
5844.037	1.421
5844.193	1.421
5844.350	1.421
5844.532	1.421
5844.688	1.421
5844.870	1.418
5845.027	1.417
5845.183	1.416
5845.365	1.416
5845.521	1.416
5845.703	1.414
5845.860	1.412
5846.017	1.411
5846.198	1.411
5846.355	1.411
5846.537	1.411
5846.693	1.410
5846.850	1.410
5847.032	1.407
5847.188	1.408
5847.370	1.406
5847.527	1.405
5847.683	1.405
5847.865	1.405
5848.021	1.405
5848.203	1.405
5848.360	1.400
5848.517	1.402
5848.698	1.400
5848.855	1.400
5849.037	1.400
5849.193	1.399
5849.350	1.399
5849.532	1.396
5849.688	1.395
5849.870	1.395
5850.027	1.395
5850.183	1.394
5850.365	1.393
5850.521	1.390
5850.703	1.391
5850.860	1.390
5851.017	1.390
5851.198	1.390
5851.355	1.390
5851.537	1.390
5851.693	1.390
5851.850	1.388
5852.032	1.389
5852.188	1.387
5852.370	1.386
5852.527	1.385
5852.683	1.385
5852.865	1.384
5853.021	1.384
5853.203	1.382
5853.360	1.381
5853.517	1.380
5853.698	1.380
5853.855	1.380
5854.037	1.380
5854.193	1.380
5854.350	1.379
5854.532	1.378
5854.688	1.375
5854.870	1.375
5855.027	1.375
5855.183	1.375
5855.365	1.373
5855.521	1.371
5855.703	1.370
5855.860	1.370
5856.017	1.370
5856.198	1.370
5856.355	1.370
5856.537	1.370
5856.693	1.370
5856.850	1.370
5857.032	1.367
5857.188	1.367
5857.370	1.365
5857.527	1.365
5857.683	1.365
5857.865	1.364
5858.021	1.362
5858.203	1.360
5858.360	1.360
5858.517	1.360
5858.698	1.360
5858.855	1.360
5859.037	1.359
5859.193	1.359
5859.350	1.356
5859.532	1.356
5859.688	1.354
5859.870	1.354
5860.027	1.354
5860.183	1.354
5860.365	1.354
5860.521	1.353
5860.703	1.350
5860.860	1.350
5861.017	1.349
5861.198	1.349
5861.355	1.349
5861.537	1.349
5861.693	1.349
5861.850	1.348
5862.032	1.348
5862.188	1.347
5862.370	1.347
5862.527	1.345
5862.683	1.344
5862.865	1.344
5863.021	1.344
5863.203	1.344
5863.360	1.343
5863.517	1.339
5863.698	1.339
5863.855	1.339
5864.037	1.339
5864.193	1.339
5864.350	1.339
5864.532	1.339
5864.688	1.337
5864.870	1.337
5865.027	1.335
5865.183	1.335
5865.365	1.334
5865.521	1.334
5865.703	1.333
5865.860	1.332
5866.017	1.332
5866.198	1.330
5866.355	1.329
5866.537	1.329
5866.693	1.329
5866.850	1.329
5867.032	1.329
5867.188	1.329
5867.370	1.329
5867.527	1.327
5867.683	1.327
5867.865	1.326
5868.021	1.324
5868.203	1.324
5868.360	1.324
5868.517	1.324
5868.698	1.324
5868.855	1.323
5869.037	1.323
5869.193	1.321
5869.350	1.321
5869.532	1.320
5869.688	1.319
5869.870	1.319
5870.027	1.319
5870.183	1.319
5870.365	1.318
5870.521	1.318
5870.703	1.317
5870.860	1.315
5871.017	1.315
5871.198	1.314
5871.355	1.314
5871.537	1.314
5871.693	1.314
5871.850	1.313
5872.032	1.311
5872.188	1.309
5872.370	1.309
5872.527	1.309
5872.683	1.309
5872.865	1.309
5873.021	1.309
5873.203	1.306
5873.360	1.307
5873.517	1.305
5873.698	1.305
5873.855	1.303
5874.037	1.303
5874.193	1.303
5874.350	1.303
5874.532	1.303
5874.688	1.303
5874.870	1.303
5875.027	1.301
5875.183	1.301
5875.365	1.299
5875.521	1.298
5875.703	1.298
5875.860	1.298
5876.017	1.298
5876.198	1.298
5876.355	1.298
5876.537	1.298
5876.693	1.297
5876.850	1.295
5877.032	1.293
5877.188	1.293
5877.370	1.293
5877.527	1.292
5877.683	1.292
5877.865	1.289
5878.021	1.288
5878.203	1.288
5878.360	1.288
5878.517	1.288
5878.698	1.288
5878.855	1.288
5879.037	1.288
5879.193	1.288
5879.350	1.288
5879.532	1.288
5879.688	1.287
5879.870	1.285
5880.027	1.285
5880.183	1.283
5880.365	1.283
5880.521	1.283
5880.703	1.283
5880.860	1.283
5881.017	1.282
5881.198	1.282
5881.355	1.281
5881.537	1.280
5881.693	1.278
5881.850	1.278
5882.032	1.278
5882.188	1.278
5882.370	1.278
5882.527	1.278
5882.683	1.278
5882.865	1.277
5883.021	1.277
5883.203	1.274
5883.360	1.273
5883.517	1.273
5883.698	1.273
5883.855	1.273
5884.037	1.273
5884.193	1.272
5884.350	1.273
5884.532	1.271
5884.688	1.269
5884.870	1.268
5885.027	1.268
5885.183	1.268
5885.365	1.268
5885.521	1.268
5885.703	1.268
5885.860	1.268
5886.017	1.268
5886.198	1.267
5886.355	1.267
5886.510	1.267
5886.693	1.265
5886.850	1.263
5887.032	1.263
5887.188	1.263
5887.343	1.263
5887.527	1.263
5887.683	1.263
5887.865	1.263
5888.021	1.260
5888.177	1.259
5888.360	1.258
5888.517	1.260
5888.698	1.258
5888.855	1.258
5889.037	1.258
5889.193	1.258
5889.350	1.258
5889.532	1.258
5889.688	1.258
5889.843	1.257
5890.027	1.257
5890.183	1.255
5890.365	1.256
5890.521	1.253
5890.677	1.254
5890.860	1.253
5891.017	1.252
5891.198	1.252
5891.355	1.252
5891.510	1.252
5891.693	1.250
5891.850	1.252
5892.032	1.251
5892.188	1.249
5892.343	1.251
5892.527	1.249
5892.683	1.247
5892.865	1.247
5893.021	1.247
5893.177	1.247
5893.360	1.247
5893.517	1.247
5893.698	1.247
5893.855	1.247
5894.010	1.247
5894.193	1.247
5894.350	1.246
5894.532	1.246
5894.688	1.242
5894.843	1.242
5895.027	1.242
5895.183	1.242
5895.365	1.242
5895.521	1.242
5895.677	1.242
5895.860	1.242
5896.017	1.242
5896.198	1.242
5896.355	1.242
5896.510	1.240
5896.693	1.238
5896.850	1.239
5897.032	1.237
5897.188	1.237
5897.343	1.237
5897.527	1.237
5897.683	1.236
5897.865	1.237
5898.021	1.237
5898.177	1.237
5898.360	1.236
5898.517	1.234
5898.698	1.235
5898.855	1.234
5899.010	1.233
5899.193	1.233
5899.350	1.232
5899.532	1.232
5899.688	1.232
5899.843	1.232
5900.027	1.232
5900.183	1.232
5900.365	1.232
5900.521	1.232
5900.677	1.232
5900.860	1.231
5901.017	1.231
5901.198	1.230
5901.355	1.230
5901.510	1.229
5901.693	1.227
5901.850	1.227
5902.032	1.227
5902.188	1.227
5902.343	1.227
5902.527	1.227
5902.683	1.227
5902.865	1.227
5903.021	1.227
5903.177	1.227
5903.360	1.227
5903.517	1.227
5903.698	1.227
5903.855	1.226
5904.010	1.226
5904.193	1.226
5904.350	1.227
5904.532	1.224
5904.688	1.224
5904.843	1.223
5905.027	1.222
5905.183	1.222
5905.365	1.222
5905.521	1.223
5905.677	1.223
5905.860	1.222
5906.017	1.222
5906.198	1.222
5906.355	1.222
5906.510	1.222
5906.693	1.222
5906.850	1.221
5907.032	1.222
5907.188	1.222
5907.343	1.220
5907.527	1.221
5907.683	1.220
5907.865	1.218
5908.021	1.217
5908.177	1.218
5908.360	1.218
5908.517	1.218
5908.698	1.218
5908.855	1.218
5909.010	1.217
5909.193	1.217
5909.350	1.217
5909.532	1.217
5909.688	1.217
5909.843	1.217
5910.027	1.217
5910.183	1.217
5910.365	1.217
5910.521	1.217
5910.677	1.217
5910.860	1.217
5911.017	1.216
5911.198	1.217
5911.355	1.216
5911.510	1.216
5911.693	1.216
5911.850	1.214
5912.032	1.215
5912.188	1.213
5912.343	1.213
5912.527	1.213
5912.683	1.213
5912.865	1.212
5913.021	1.214
5913.177	1.212
5913.360	1.212
5913.517	1.212
5913.698	1.213
5913.855	1.212
5914.010	1.212
5914.193	1.212
5914.350	1.212
5914.532	1.212
5914.688	1.212
5914.843	1.212
5915.027	1.212
5915.183	1.212
5915.365	1.212
5915.521	1.210
5915.677	1.212
5915.860	1.212
5916.017	1.211
5916.198	1.211
5916.355	1.211
5916.510	1.210
5916.693	1.212
5916.850	1.210
5917.032	1.209
5917.188	1.207
5917.343	1.208
5917.527	1.207
5917.683	1.209
5917.865	1.207
5918.021	1.207
5918.177	1.208
5918.360	1.207
5918.517	1.207
5918.698	1.207
5918.855	1.207
5919.010	1.207
5919.193	1.207
5919.350	1.207
5919.532	1.207
5919.688	1.207
5919.843	1.207
5920.027	1.207
5920.183	1.207
5920.365	1.207
5920.521	1.207
5920.677	1.207
5920.860	1.207
5921.017	1.207
5921.198	1.207
5921.355	1.207
5921.510	1.207
5921.693	1.207
5921.850	1.207
5922.032	1.207
5922.188	1.207
5922.343	1.207
5922.527	1.207
5922.683	1.207
5922.865	1.207
5923.021	1.207
5923.177	1.207
5923.360	1.207
5923.517	1.207
5923.698	1.207
5923.855	1.207
5924.010	1.207
5924.193	1.207
5924.350	1.207
5924.532	1.207
5924.688	1.207
5924.843	1.207
5925.027	1.207
5925.183	1.207
5925.365	1.207
5925.521	1.207
5925.677	1.207
5925.860	1.207
5926.017	1.207
5926.198	1.207
5926.355	1.207
5926.510	1.207
5926.693	1.207
5926.850	1.207
5927.032	1.207
5927.188	1.207
5927.343	1.207
5927.527	1.207
5927.683	1.207
5927.865	1.207
5928.021	1.207
5928.177	1.207
5928.360	1.207
5928.517	1.207
5928.698	1.207
5928.855	1.207
5929.010	1.207
5929.193	1.207
5929.350	1.207
5929.532	1.207
5929.688	1.207
5929.843	1.207
5930.027	1.207
5930.183	1.207
5930.365	1.207
5930.521	1.207
5930.677	1.207
5930.860	1.207
5931.017	1.207
5931.198	1.207
5931.355	1.207
5931.510	1.207
5931.693	1.207
5931.850	1.207
5932.032	1.207
5932.188	1.207
5932.343	1.207
5932.527	1.207
5932.683	1.207
5932.865	1.207
5933.021	1.207
5933.177	1.207
5933.360	1.207
5933.517	1.207
5933.698	1.207
5933.855	1.207
5934.010	1.207
5934.193	1.207
5934.350	1.207
5934.532	1.207
5934.688	1.207
5934.843	1.207
5935.027	1.207
5935.183	1.207
5935.365	1.207
5935.521	1.207
5935.677	1.207
5935.860	1.207
5936.017	1.207
5936.198	1.207
5936.355	1.207
5936.510	1.207
5936.693	1.207
5936.850	1.207
5937.032	1.207
5937.188	1.207
5937.343	1.207
5937.527	1.207
5937.683	1.207
5937.865	1.207
5938.021	1.207
5938.177	1.207
5938.360	1.207
5938.517	1.207
5938.698	1.207
5938.855	1.207
5939.010	1.207
5939.193	1.209
5939.350	1.208
5939.532	1.207
5939.688	1.207
5939.843	1.209
5940.027	1.207
5940.183	1.208
5940.365	1.208
5940.521	1.207
5940.677	1.208
5940.860	1.207
5941.017	1.208
5941.198	1.208
5941.355	1.210
5941.510	1.210
5941.693	1.212
5941.850	1.210
5942.032	1.211
5942.188	1.211
5942.343	1.212
5942.527	1.212
5942.683	1.212
5942.865	1.212
5943.021	1.212
5943.177	1.212
5943.360	1.210
5943.517	1.212
5943.698	1.212
5943.855	1.212
5944.010	1.212
5944.193	1.212
5944.350	1.212
5944.532	1.212
5944.688	1.212
5944.843	1.212
5945.027	1.212
5945.183	1.212
5945.365	1.212
5945.521	1.212
5945.677	1.212
5945.860	1.212
5946.017	1.212
5946.198	1.212
5946.355	1.212
5946.510	1.212
5946.693	1.213
5946.850	1.212
5947.032	1.213
5947.188	1.212
5947.343	1.213
5947.527	1.213
5947.683	1.213
5947.865	1.214
5948.021	1.213
5948.177	1.216
5948.360	1.214
5948.517	1.215
5948.698	1.214
5948.855	1.216
5949.010	1.217
5949.193	1.217
5949.350	1.217
5949.532	1.217
5949.688	1.217
5949.843	1.217
5950.027	1.217
5950.183	1.217
5950.365	1.217
5950.521	1.217
5950.677	1.217
5950.860	1.217
5951.017	1.217
5951.198	1.217
5951.355	1.217
5951.510	1.217
5951.693	1.217
5951.850	1.217
5952.032	1.217
5952.188	1.217
5952.343	1.217
5952.527	1.217
5952.683	1.217
5952.865	1.217
5953.021	1.217
5953.177	1.217
5953.360	1.218
5953.517	1.218
5953.698	1.217
5953.855	1.217
5954.010	1.217
5954.193	1.218
5954.350	1.217
5954.532	1.218
5954.688	1.218
5954.843	1.219
5955.027	1.218
5955.183	1.219
5955.365	1.221
5955.521	1.218
5955.677	1.221
5955.860	1.222
5956.017	1.219
5956.198	1.221
5956.355	1.221
5956.510	1.221
5956.693	1.222
5956.850	1.222
5957.032	1.221
5957.188	1.222
5957.343	1.222
5957.527	1.222
5957.683	1.222
5957.865	1.222
5958.021	1.222
5958.177	1.222
5958.360	1.222
5958.517	1.222
5958.698	1.222
5958.855	1.222
5959.010	1.222
5959.193	1.222
5959.350	1.222
5959.532	1.223
5959.688	1.222
5959.843	1.224
5960.027	1.222
5960.183	1.224
5960.365	1.223
5960.521	1.222
5960.677	1.225
5960.860	1.224
5961.017	1.224
5961.198	1.223
5961.355	1.225
5961.510	1.223
5961.693	1.225
5961.850	1.225
5962.032	1.227
5962.188	1.227
5962.343	1.227
5962.527	1.227
5962.683	1.227
5962.865	1.227
5963.021	1.227
5963.177	1.227
5963.360	1.227
5963.517	1.227
5963.698	1.227
5963.855	1.227
5964.010	1.227
5964.193	1.227
5964.350	1.227
5964.532	1.227
5964.688	1.227
5964.843	1.227
5965.027	1.227
5965.183	1.227
5965.365	1.227
5965.521	1.227
5965.677	1.227
5965.860	1.227
5966.017	1.227
5966.198	1.227
5966.355	1.227
5966.510	1.227
5966.693	1.227
5966.850	1.227
5967.032	1.228
5967.188	1.228
5967.343	1.230
5967.527	1.230
5967.683	1.229
5967.865	1.230
5968.021	1.230
5968.177	1.230
5968.360	1.230
5968.517	1.230
5968.698	1.230
5968.855	1.232
5969.010	1.232
5969.193	1.232
5969.350	1.231
5969.532	1.231
5969.688	1.232
5969.843	1.232
5970.027	1.232
5970.183	1.232
5970.365	1.232
5970.521	1.232
5970.677	1.232
5970.860	1.232
5971.017	1.232
5971.198	1.232
5971.355	1.232
5971.510	1.232
5971.693	1.232
5971.850	1.232
5972.032	1.232
5972.188	1.232
5972.343	1.232
5972.527	1.232
5972.683	1.232
5972.865	1.233
5973.021	1.232
5973.177	1.232
5973.360	1.233
5973.517	1.235
5973.698	1.236
5973.855	1.237
5974.010	1.234
5974.193	1.237
5974.350	1.237
5974.532	1.237
5974.688	1.237
5974.843	1.237
5975.027	1.236
5975.183	1.237
5975.365	1.237
5975.521	1.237
5975.677	1.237
5975.860	1.237
5976.017	1.237
5976.198	1.237
5976.355	1.237
5976.510	1.237
5976.693	1.237
5976.850	1.237
5977.032	1.237
5977.188	1.237
5977.343	1.238
5977.527	1.237
5977.683	1.237
5977.865	1.238
5978.021	1.238
5978.177	1.238
5978.360	1.238
5978.517	1.241
5978.698	1.241
5978.855	1.240
5979.010	1.240
5979.193	1.241
5979.350	1.242
5979.532	1.242
5979.688	1.242
5979.843	1.241
5980.027	1.242
5980.183	1.241
5980.365	1.242
5980.521	1.242
5980.677	1.242
5980.860	1.242
5981.017	1.241
5981.198	1.242
5981.355	1.242
5981.510	1.242
5981.693	1.242
5981.850	1.242
5982.032	1.242
5982.188	1.242
5982.343	1.242
5982.527	1.242
5982.683	1.242
5982.865	1.242
5983.021	1.242
5983.177	1.242
5983.360	1.242
5983.517	1.242
5983.698	1.242
5983.855	1.242
5984.010	1.242
5984.193	1.242
5984.350	1.245
5984.532	1.243
5984.688	1.242
5984.843	1.244
5985.027	1.244
5985.183	1.246
5985.365	1.243
5985.521	1.244
5985.677	1.246
5985.860	1.246
5986.017	1.245
5986.172	1.245
5986.355	1.247
5986.510	1.246
5986.693	1.246
5986.850	1.247
5987.005	1.246
5987.188	1.247
5987.343	1.246
5987.527	1.247
5987.683	1.247
5987.838	1.247
5988.021	1.247
5988.177	1.247
5988.360	1.247
5988.517	1.247
5988.672	1.247
5988.855	1.247
5989.010	1.247
5989.193	1.247
5989.350	1.247
5989.505	1.247
5989.688	1.247
5989.843	1.247
5990.027	1.247
5990.183	1.247
5990.338	1.247
5990.521	1.247
5990.677	1.247
5990.860	1.247
5991.017	1.247
5991.172	1.247
5991.355	1.247
5991.510	1.247
5991.693	1.247
5991.850	1.247
5992.005	1.247
5992.188	1.247
5992.343	1.248
5992.527	1.247
5992.683	1.247
5992.838	1.247
5993.021	1.247
5993.177	1.248
5993.360	1.248
5993.517	1.247
5993.672	1.247
5993.855	1.249
5994.010	1.250
5994.193	1.249
5994.350	1.250
5994.505	1.251
5994.688	1.250
5994.843	1.251
5995.027	1.250
5995.183	1.250
5995.338	1.252
5995.521	1.252
5995.677	1.251
5995.860	1.252
5996.017	1.252
5996.172	1.252
5996.355	1.252
5996.510	1.252
5996.693	1.252
5996.850	1.252
5997.005	1.252
5997.188	1.252
5997.343	1.252
5997.527	1.252
5997.683	1.252
5997.838	1.252
5998.021	1.252
5998.177	1.252
5998.360	1.252
5998.517	1.252
5998.672	1.252
5998.855	1.252
5999.010	1.252
5999.193	1.252
5999.350	1.252
5999.505	1.252
5999.688	1.252
5999.843	1.252
6000.027	1.251
6000.183	1.252
6000.338	1.252
6000.521	1.252
6000.677	1.252
6000.860	1.252
6001.017	1.252
6001.172	1.252
6001.355	1.252
6001.510	1.252
6001.693	1.252
6001.850	1.252
6002.005	1.252
6002.188	1.252
6002.343	1.252
6002.527	1.252
6002.683	1.252
6002.865	1.252
6003.021	1.252
6003.177	1.252
6003.360	1.252
6003.517	1.252
6003.672	1.252
6003.855	1.252
6004.010	1.252
6004.193	1.252
6004.350	1.252
6004.532	1.252
6004.688	1.252
6004.843	1.252
6005.027	1.252
6005.183	1.252
6005.338	1.252
6005.521	1.252
6005.677	1.252
6005.860	1.252
6006.017	1.252
6006.172	1.252
6006.355	1.252
6006.510	1.252
6006.693	1.252
6006.850	1.252
6007.005	1.252
6007.188	1.252
6007.343	1.252
6007.527	1.252
6007.683	1.252
6007.838	1.252
6008.021	1.252
6008.177	1.252
6008.360	1.252
6008.517	1.252
6008.698	1.252
6008.855	1.251
6009.010	1.251
6009.193	1.252
6009.350	1.250
6009.532	1.252
6009.688	1.250
6009.843	1.250
6010.027	1.249
6010.183	1.252
6010.365	1.249
6010.521	1.248
6010.677	1.248
6010.860	1.247
6011.017	1.249
6011.198	1.247
6011.355	1.248
6011.510	1.248
6011.693	1.247
6011.850	1.247
6012.032	1.247
6012.188	1.248
6012.343	1.247
6012.527	1.247
6012.683	1.247
6012.838	1.247
6013.021	1.247
6013.177	1.247
6013.360	1.247
6013.517	1.247
6013.672	1.247
6013.855	1.247
6014.010	1.247
6014.193	1.247
6014.350	1.247
6014.505	1.247
6014.688	1.247
6014.843	1.247
6015.027	1.247
6015.183	1.247
6015.338	1.247
6015.521	1.247
6015.677	1.247
6015.860	1.247
6016.017	1.247
6016.172	1.247
6016.355	1.246
6016.510	1.247
6016.693	1.247
6016.850	1.247
6017.005	1.246
6017.188	1.245
6017.343	1.245
6017.527	1.244
6017.683	1.244
6017.838	1.245
6018.021	1.242
6018.177	1.242
6018.360	1.242
6018.517	1.243
6018.672	1.242
6018.855	1.244
6019.010	1.242
6019.193	1.242
6019.350	1.242
6019.505	1.242
6019.688	1.242
6019.843	1.242
6020.027	1.242
6020.183	1.242
6020.338	1.242
6020.521	1.242
6020.677	1.242
6020.860	1.242
6021.017	1.242
6021.172	1.242
6021.355	1.241
6021.510	1.241
6021.693	1.241
6021.850	1.241
6022.005	1.242
6022.188	1.240
6022.343	1.241
6022.527	1.238
6022.683	1.237
6022.838	1.238
6023.021	1.237
6023.177	1.237
6023.360	1.237
6023.517	1.237
6023.672	1.237
6023.855	1.237
6024.010	1.237
6024.193	1.237
6024.350	1.237
6024.505	1.237
6024.688	1.237
6024.843	1.237
6025.027	1.237
6025.183	1.235
6025.338	1.237
6025.521	1.237
6025.677	1.235
6025.860	1.234
6026.017	1.235
6026.172	1.233
6026.355	1.232
6026.510	1.232
6026.693	1.232
6026.850	1.232
6027.005	1.232
6027.188	1.232
6027.343	1.232
6027.527	1.232
6027.683	1.232
6027.838	1.232
6028.021	1.232
6028.177	1.232
6028.360	1.231
6028.517	1.232
6028.672	1.228
6028.855	1.229
6029.010	1.229
6029.193	1.228
6029.350	1.227
6029.505	1.227
6029.688	1.227
6029.843	1.227
6030.027	1.227
6030.183	1.227
6030.338	1.227
6030.521	1.227
6030.677	1.227
6030.860	1.227
6031.017	1.227
6031.172	1.227
6031.355	1.227
6031.510	1.226
6031.693	1.223
6031.850	1.224
6032.005	1.224
6032.188	1.224
6032.343	1.224
6032.527	1.222
6032.683	1.222
6032.838	1.222
6033.021	1.222
6033.177	1.222
6033.360	1.222
6033.517	1.222
6033.672	1.222
6033.855	1.222
6034.010	1.222
6034.193	1.220
6034.350	1.219
6034.505	1.218
6034.688	1.218
6034.843	1.217
6035.027	1.217
6035.183	1.217
6035.338	1.217
6035.521	1.217
6035.677	1.217
6035.860	1.216
6036.017	1.217
6036.172	1.217
6036.355	1.217
6036.510	1.217
6036.693	1.214
6036.850	1.213
6037.005	1.213
6037.188	1.213
6037.343	1.212
6037.527	1.213
6037.683	1.212
6037.838	1.212
6038.021	1.211
6038.177	1.212
6038.360	1.210
6038.517	1.210
6038.672	1.208
6038.855	1.207
6039.010	1.207
6039.193	1.207
6039.350	1.207
6039.505	1.207
6039.688	1.207
6039.843	1.207
6040.027	1.207
6040.183	1.207
6040.338	1.207
6040.521	1.206
6040.677	1.207
6040.860	1.206
6041.017	1.206
6041.172	1.201
6041.355	1.202
6041.510	1.202
6041.693	1.201
6041.850	1.201
6042.005	1.201
6042.188	1.201
6042.343	1.201
6042.527	1.201
6042.683	1.201
6042.838	1.197
6043.021	1.200
6043.177	1.197
6043.360	1.196
6043.517	1.197
6043.672	1.196
6043.855	1.196
6044.010	1.196
6044.193	1.196
6044.350	1.196
6044.505	1.195
6044.688	1.196
6044.843	1.191
6045.027	1.192
6045.183	1.192
6045.338	1.192
6045.521	1.191
6045.677	1.191
6045.860	1.191
6046.017	1.191
6046.172	1.190
6046.355	1.190
6046.510	1.190
6046.693	1.188
6046.850	1.186
6047.005	1.186
6047.188	1.186
6047.343	1.186
6047.527	1.186
6047.683	1.186
6047.838	1.186
6048.021	1.186
6048.177	1.186
6048.360	1.186
6048.517	1.186
6048.672	1.182
6048.855	1.182
6049.010	1.181
6049.193	1.181
6049.350	1.181
6049.505	1.181
6049.688	1.181
6049.843	1.181
6050.027	1.181
6050.183	1.181
6050.338	1.180
6050.521	1.179
6050.677	1.176
6050.860	1.176
6051.017	1.176
6051.172	1.176
6051.355	1.176
6051.510	1.176
6051.693	1.175
6051.850	1.175
6052.005	1.173
6052.188	1.171
6052.343	1.171
6052.527	1.172
6052.683	1.171
6052.838	1.171
6053.021	1.169
6053.177	1.171
6053.360	1.167
6053.517	1.167
6053.672	1.166
6053.855	1.166
6054.010	1.166
6054.193	1.166
6054.350	1.166
6054.505	1.166
6054.688	1.166
6054.843	1.166
6055.027	1.166
6055.183	1.162
6055.338	1.162
6055.521	1.161
6055.677	1.162
6055.860	1.161
6056.017	1.161
6056.172	1.161
6056.355	1.161
6056.510	1.161
6056.693	1.160
6056.850	1.161
6057.005	1.160
6057.188	1.157
6057.343	1.156
6057.527	1.156
6057.683	1.156
6057.838	1.156
6058.021	1.156
6058.177	1.156
6058.360	1.156
6058.517	1.155
6058.672	1.151
6058.855	1.152
6059.010	1.151
6059.193	1.150
6059.350	1.150
6059.505	1.150
6059.688	1.150
6059.843	1.150
6060.027	1.148
6060.183	1.147
6060.338	1.146
6060.521	1.145
6060.677	1.145
6060.860	1.145
6061.017	1.145
6061.172	1.145
6061.355	1.145
6061.510	1.145
6061.693	1.145
6061.850	1.145
6062.005	1.143
6062.188	1.142
6062.343	1.142
6062.527	1.141
6062.683	1.140
6062.838	1.140
6063.021	1.140
6063.177	1.140
6063.360	1.140
6063.517	1.139
6063.672	1.138
6063.855	1.138
6064.010	1.136
6064.193	1.135
6064.350	1.135
6064.505	1.135
6064.688	1.135
6064.843	1.135
6065.027	1.133
6065.183	1.132
6065.338	1.130
6065.521	1.131
6065.677	1.130
6065.860	1.130
6066.017	1.130
6066.172	1.129
6066.355	1.128
6066.510	1.126
6066.693	1.125
6066.850	1.125
6067.005	1.125
6067.188	1.125
6067.343	1.125
6067.527	1.125
6067.683	1.125
6067.838	1.124
6068.021	1.123
6068.177	1.121
6068.360	1.122
6068.517	1.120
6068.672	1.120
6068.855	1.120
6069.010	1.120
6069.193	1.120
6069.350	1.118
6069.505	1.117
6069.688	1.116
6069.843	1.115
6070.027	1.115
6070.183	1.115
6070.338	1.114
6070.521	1.112
6070.677	1.112
6070.860	1.111
6071.017	1.111
6071.172	1.110
6071.355	1.110
6071.510	1.110
6071.693	1.110
6071.850	1.108
6072.005	1.105
6072.188	1.105
6072.343	1.105
6072.527	1.105
6072.683	1.105
6072.838	1.105
6073.021	1.105
6073.177	1.105
6073.333	1.105
6073.517	1.104
6073.672	1.100
6073.855	1.100
6074.010	1.099
6074.193	1.099
6074.350	1.099
6074.505	1.097
6074.688	1.098
6074.843	1.096
6075.027	1.095
6075.183	1.094
6075.338	1.094
6075.521	1.094
6075.677	1.094
6075.860	1.094
6076.017	1.094
6076.172	1.092
6076.355	1.091
6076.510	1.089
6076.693	1.089
6076.850	1.089
6077.005	1.089
6077.188	1.088
6077.343	1.089
6077.527	1.084
6077.683	1.084
6077.838	1.084
6078.021	1.084
6078.177	1.084
6078.360	1.083
6078.517	1.082
6078.672	1.081
6078.855	1.079
6079.010	1.079
6079.193	1.079
6079.350	1.079
6079.505	1.079
6079.688	1.079
6079.843	1.078
6080.027	1.078
6080.183	1.076
6080.338	1.077
6080.521	1.074
6080.677	1.074
6080.860	1.074
6081.017	1.074
6081.172	1.073
6081.355	1.072
6081.510	1.070
6081.693	1.069
6081.850	1.069
6082.005	1.069
6082.188	1.069
6082.343	1.068
6082.527	1.067
6082.683	1.066
6082.838	1.064
6083.021	1.064
6083.177	1.064
6083.360	1.064
6083.517	1.064
6083.672	1.064
6083.855	1.064
6084.010	1.060
6084.193	1.063
6084.350	1.059
6084.505	1.059
6084.688	1.059
6084.843	1.059
6085.000	1.059
6085.183	1.059
6085.338	1.056
6085.521	1.054
6085.677	1.054
6085.860	1.054
6086.017	1.054
6086.172	1.054
6086.355	1.054
6086.510	1.052
6086.693	1.051
6086.850	1.049
6087.005	1.049
6087.188	1.049
6087.343	1.049
6087.527	1.049
6087.683	1.044
6087.838	1.044
6088.021	1.043
6088.177	1.043
6088.360	1.043
6088.517	1.043
6088.672	1.043
6088.855	1.043
6089.010	1.043
6089.193	1.043
6089.350	1.042
6089.505	1.042
6089.688	1.039
6089.843	1.038
6090.027	1.038
6090.183	1.038
6090.338	1.038
6090.521	1.036
6090.677	1.034
6090.860	1.033
6091.017	1.033
6091.172	1.033
6091.355	1.033
6091.510	1.032
6091.693	1.029
6091.850	1.028
6092.005	1.028
6092.188	1.028
6092.343	1.027
6092.527	1.027
6092.683	1.026
6092.838	1.025
6093.021	1.024
6093.177	1.023
6093.360	1.023
6093.517	1.023
6093.672	1.023
6093.855	1.023
6094.010	1.023
6094.193	1.023
6094.350	1.023
6094.505	1.019
6094.688	1.019
6094.843	1.018
6095.027	1.018
6095.183	1.018
6095.338	1.018
6095.521	1.018
6095.677	1.017
6095.860	1.014
6096.017	1.013
6096.172	1.013
6096.355	1.013
6096.510	1.013
6096.693	1.013
6096.850	1.012
6097.005	1.012
6097.188	1.009
6097.343	1.008
6097.527	1.008
6097.683	1.009
6097.838	1.008
6098.021	1.008
6098.177	1.007
6098.360	1.004
6098.517	1.003
6098.672	1.003
6098.828	1.003
6099.010	1.003
6099.193	1.003
6099.350	1.003
6099.505	1.003
6099.688	0.999
6099.843	0.999
6100.000	0.998
6100.183	0.998
6100.338	0.998
6100.521	0.998
6100.677	0.998
6100.833	0.998
6101.017	0.993
6101.172	0.993
6101.355	0.992
6101.510	0.992
6101.667	0.992
6101.850	0.992
6102.005	0.992
6102.188	0.991
6102.343	0.991
6102.500	0.989
6102.683	0.987
6102.838	0.987
6103.021	0.987
6103.177	0.986
6103.333	0.984
6103.517	0.984
6103.672	0.982
6103.855	0.982
6104.010	0.982
6104.167	0.982
6104.350	0.982
6104.505	0.982
6104.688	0.982
6104.843	0.982
6105.000	0.980
6105.183	0.977
6105.338	0.977
6105.521	0.977
6105.677	0.977
6105.833	0.976
6106.017	0.977
6106.172	0.976
6106.355	0.972
6106.510	0.972
6106.667	0.972
6106.850	0.972
6107.005	0.972
6107.188	0.972
6107.343	0.971
6107.500	0.971
6107.683	0.969
6107.838	0.968
6108.021	0.968
6108.177	0.967
6108.333	0.967
6108.517	0.966
6108.672	0.964
6108.855	0.963
6109.010	0.962
6109.167	0.963
6109.350	0.962
6109.505	0.962
6109.688	0.962
6109.843	0.961
6110.000	0.960
6110.183	0.958
6110.338	0.958
6110.521	0.957
6110.677	0.956
6110.833	0.957
6111.017	0.954
6111.172	0.953
6111.355	0.952
6111.510	0.952
6111.667	0.952
6111.850	0.952
6112.005	0.952
6112.188	0.950
6112.343	0.950
6112.500	0.947
6112.683	0.947
6112.838	0.947
6113.021	0.947
6113.177	0.946
6113.333	0.947
6113.517	0.944
6113.672	0.943
6113.855	0.941
6114.010	0.941
6114.167	0.941
6114.350	0.941
6114.505	0.941
6114.688	0.941
6114.843	0.941
6115.000	0.941
6115.183	0.940
6115.338	0.940
6115.521	0.937
6115.677	0.936
6115.833	0.936
6116.017	0.935
6116.172	0.936
6116.355	0.935
6116.510	0.934
6116.667	0.933
6116.850	0.931
6117.005	0.931
6117.188	0.931
6117.343	0.931
6117.500	0.931
6117.683	0.930
6117.838	0.927
6118.021	0.927
6118.177	0.926
6118.333	0.926
6118.517	0.926
6118.672	0.923
6118.855	0.922
6119.010	0.921
6119.167	0.921
6119.350	0.921
6119.505	0.921
6119.688	0.921
6119.843	0.920
6120.000	0.921
6120.183	0.920
6120.338	0.917
6120.521	0.917
6120.677	0.916
6120.833	0.916
6121.017	0.916
6121.172	0.916
6121.355	0.916
6121.510	0.915
6121.667	0.913
6121.850	0.913
6122.005	0.911
6122.188	0.911
6122.343	0.911
6122.500	0.911
6122.683	0.909
6122.838	0.909
6123.021	0.907
6123.177	0.906
6123.333	0.906
6123.517	0.906
6123.672	0.905
6123.855	0.904
6124.010	0.903
6124.167	0.901
6124.350	0.901
6124.505	0.901
6124.688	0.901
6124.843	0.901
6125.000	0.901
6125.183	0.901
6125.338	0.901
6125.521	0.898
6125.677	0.897
6125.833	0.896
6126.017	0.896
6126.172	0.896
6126.355	0.896
6126.510	0.894
6126.667	0.891
6126.850	0.890
6127.005	0.890
6127.188	0.890
6127.343	0.890
6127.500	0.890
6127.683	0.890
6127.838	0.890
6128.021	0.890
6128.177	0.886
6128.333	0.885
6128.517	0.885
6128.672	0.885
6128.855	0.885
6129.010	0.884
6129.167	0.883
6129.350	0.880
6129.505	0.880
6129.688	0.880
6129.843	0.881
6130.000	0.880
6130.183	0.880
6130.338	0.880
6130.521	0.880
6130.677	0.880
6130.833	0.879
6131.017	0.877
6131.172	0.875
6131.355	0.875
6131.510	0.875
6131.667	0.875
6131.850	0.875
6132.005	0.872
6132.188	0.873
6132.343	0.870
6132.500	0.870
6132.683	0.870
6132.838	0.870
6133.021	0.870
6133.177	0.870
6133.333	0.870
6133.517	0.869
6133.672	0.870
6133.855	0.868
6134.010	0.866
6134.167	0.865
6134.350	0.865
6134.505	0.864
6134.688	0.865
6134.843	0.862
6135.000	0.862
6135.183	0.861
6135.338	0.860
6135.521	0.860
6135.677	0.860
6135.833	0.860
6136.017	0.860
6136.172	0.859
6136.355	0.859
6136.510	0.857
6136.667	0.855
6136.850	0.855
6137.005	0.855
6137.188	0.855
6137.343	0.855
6137.500	0.855
6137.683	0.855
6137.838	0.855
6138.021	0.854
6138.177	0.852
6138.333	0.850
6138.517	0.850
6138.672	0.850
6138.855	0.850
6139.010	0.850
6139.167	0.850
6139.350	0.850
6139.505	0.850
6139.688	0.848
6139.843	0.847
6140.000	0.846
6140.183	0.845
6140.338	0.845
6140.521	0.845
6140.677	0.842
6140.833	0.840
6141.017	0.841
6141.172	0.839
6141.355	0.839
6141.510	0.839
6141.667	0.839
6141.850	0.839
6142.005	0.839
6142.188	0.836
6142.343	0.836
6142.500	0.834
6142.683	0.835
6142.838	0.834
6143.021	0.834
6143.177	0.834
6143.333	0.834
6143.517	0.833
6143.672	0.832
6143.855	0.829
6144.010	0.829
6144.167	0.829
6144.350	0.829
6144.505	0.829
6144.688	0.829
6144.843	0.829
6145.000	0.828
6145.183	0.826
6145.338	0.824
6145.521	0.824
6145.677	0.824
6145.833	0.824
6146.017	0.824
6146.172	0.823
6146.355	0.820
6146.510	0.821
6146.667	0.820
6146.850	0.819
6147.005	0.819
6147.188	0.819
6147.343	0.819
6147.500	0.819
6147.683	0.819
6147.838	0.819
6148.021	0.819
6148.177	0.819
6148.333	0.819
6148.517	0.817
6148.672	0.815
6148.855	0.814
6149.010	0.814
6149.167	0.814
6149.350	0.814
6149.505	0.812
6149.688	0.811
6149.843	0.811
6150.000	0.810
6150.183	0.809
6150.338	0.809
6150.521	0.809
6150.677	0.809
6150.833	0.809
6151.017	0.808
6151.172	0.807
6151.355	0.805
6151.510	0.805
6151.667	0.804
6151.850	0.804
6152.005	0.804
6152.188	0.804
6152.343	0.804
6152.500	0.802
6152.683	0.800
6152.838	0.800
6153.021	0.800
6153.177	0.799
6153.333	0.799
6153.517	0.799
6153.672	0.799
6153.855	0.799
6154.010	0.799
6154.167	0.798
6154.350	0.796
6154.505	0.794
6154.688	0.794
6154.843	0.794
6155.000	0.794
6155.183	0.794
6155.338	0.794
6155.521	0.794
6155.677	0.794
6155.833	0.790
6156.017	0.789
6156.172	0.790
6156.355	0.788
6156.510	0.788
6156.667	0.788
6156.850	0.788
6157.005	0.788
6157.188	0.786
6157.343	0.783
6157.500	0.783
6157.683	0.783
6157.838	0.783
6158.021	0.783
6158.177	0.783
6158.333	0.783
6158.517	0.780
6158.672	0.778
6158.855	0.778
6159.010	0.778
6159.167	0.778
6159.350	0.778
6159.505	0.778
6159.662	0.778
6159.843	0.778
6160.000	0.778
6160.183	0.778
6160.338	0.777
6160.521	0.774
6160.677	0.775
6160.833	0.774
6161.017	0.773
6161.172	0.773
6161.355	0.773
6161.510	0.773
6161.667	0.773
6161.850	0.773
6162.005	0.769
6162.188	0.768
6162.343	0.768
6162.500	0.768
6162.683	0.768
6162.838	0.768
6162.995	0.768
6163.177	0.768
6163.333	0.767
6163.517	0.766
6163.672	0.764
6163.855	0.765
6164.010	0.763
6164.167	0.763
6164.350	0.763
6164.505	0.763
6164.662	0.762
6164.843	0.761
6165.000	0.760
6165.183	0.758
6165.338	0.758
6165.521	0.758
6165.677	0.758
6165.833	0.758
6166.017	0.758
6166.172	0.758
6166.328	0.757
6166.510	0.754
6166.667	0.754
6166.850	0.753
6167.005	0.754
6167.188	0.753
6167.343	0.753
6167.500	0.753
6167.683	0.753
6167.838	0.753
6167.995	0.751
6168.177	0.750
6168.333	0.749
6168.517	0.749
6168.672	0.748
6168.828	0.748
6169.010	0.747
6169.167	0.747
6169.350	0.745
6169.505	0.743
6169.688	0.744
6169.843	0.743
6170.000	0.743
6170.183	0.743
6170.338	0.743
6170.521	0.743
6170.677	0.743
6170.833	0.742
6171.017	0.742
6171.172	0.740
6171.328	0.738
6171.510	0.738
6171.667	0.738
6171.850	0.738
6172.005	0.738
6172.188	0.738
6172.343	0.738
6172.500	0.737
6172.683	0.738
6172.838	0.734
6173.021	0.736
6173.177	0.734
6173.333	0.733
6173.517	0.732
6173.672	0.732
6173.855	0.732
6174.010	0.732
6174.167	0.732
6174.350	0.731
6174.505	0.729
6174.688	0.727
6174.843	0.727
6175.000	0.727
6175.183	0.727
6175.338	0.727
6175.521	0.727
6175.677	0.727
6175.833	0.727
6176.017	0.727
6176.172	0.726
6176.355	0.724
6176.510	0.723
6176.667	0.722
6176.850	0.722
6177.005	0.722
6177.162	0.722
6177.343	0.721
6177.500	0.721
6177.683	0.721
6177.838	0.720
6178.021	0.719
6178.177	0.718
6178.333	0.717
6178.517	0.717
6178.672	0.717
6178.828	0.717
6179.010	0.717
6179.167	0.717
6179.350	0.717
6179.505	0.717
6179.688	0.717
6179.843	0.715
6180.000	0.714
6180.183	0.712
6180.338	0.712
6180.521	0.712
6180.677	0.712
6180.833	0.712
6181.017	0.712
6181.172	0.709
6181.355	0.708
6181.510	0.708
6181.667	0.707
6181.850	0.707
6182.005	0.707
6182.188	0.707
6182.343	0.707
6182.500	0.707
6182.683	0.704
6182.838	0.703
6183.021	0.702
6183.177	0.702
6183.333	0.702
6183.517	0.702
6183.672	0.701
6183.828	0.699
6184.010	0.700
6184.167	0.698
6184.350	0.697
6184.505	0.697
6184.688	0.697
6184.843	0.697
6185.000	0.697
6185.183	0.697
6185.338	0.697
6185.521	0.696
6185.677	0.697
6185.833	0.695
6186.017	0.693
6186.172	0.692
6186.355	0.692
6186.510	0.692
6186.667	0.692
6186.850	0.692
6187.005	0.692
6187.188	0.692
6187.343	0.692
6187.500	0.691
6187.683	0.687
6187.838	0.687
6188.021	0.687
6188.177	0.687
6188.333	0.687
6188.517	0.687
6188.672	0.687
6188.855	0.684
6189.010	0.684
6189.167	0.683
6189.350	0.681
6189.505	0.681
6189.688	0.681
6189.843	0.681
6190.000	0.681
6190.183	0.681
6190.338	0.681
6190.521	0.678
6190.677	0.678
6190.833	0.677
6191.017	0.676
6191.172	0.676
6191.355	0.676
6191.510	0.676
6191.667	0.676
6191.850	0.676
6192.005	0.676
6192.188	0.673
6192.343	0.671
6192.500	0.672
6192.683	0.672
6192.838	0.671
6192.995	0.671
6193.177	0.671
6193.333	0.671
6193.517	0.671
6193.672	0.669
6193.828	0.670
6194.010	0.668
6194.167	0.668
6194.350	0.667
6194.505	0.666
6194.662	0.666
6194.843	0.666
6195.000	0.666
6195.183	0.665
6195.338	0.664
6195.495	0.665
6195.677	0.662
6195.833	0.663
6196.017	0.661
6196.172	0.661
6196.328	0.661
6196.510	0.661
6196.667	0.661
6196.850	0.660
6197.005	0.659
6197.162	0.658
6197.343	0.656
6197.500	0.656
6197.683	0.656
6197.838	0.656
6197.995	0.656
6198.177	0.656
6198.333	0.656
6198.517	0.656
6198.672	0.656
6198.828	0.656
6199.010	0.656
6199.167	0.656
6199.350	0.653
6199.505	0.653
6199.662	0.655
6199.843	0.652
6200.000	0.651
6200.183	0.651
6200.338	0.651
6200.495	0.651
6200.677	0.650
6200.833	0.649
6201.017	0.649
6201.172	0.648
6201.328	0.647
6201.510	0.647
6201.667	0.646
6201.850	0.646
6202.005	0.646
6202.162	0.646
6202.343	0.646
6202.500	0.646
6202.683	0.645
6202.838	0.646
6202.995	0.645
6203.177	0.642
6203.333	0.643
6203.517	0.642
6203.672	0.641
6203.828	0.641
6204.010	0.641
6204.167	0.637
6204.350	0.639
6204.505	0.639
6204.662	0.636
6204.843	0.637
6205.000	0.636
6205.183	0.636
6205.338	0.636
6205.495	0.636
6205.677	0.636
6205.833	0.636
6206.017	0.636
6206.172	0.635
6206.328	0.635
6206.510	0.633
6206.667	0.630
6206.850	0.631
6207.005	0.630
6207.162	0.630
6207.343	0.630
6207.500	0.630
6207.683	0.630
6207.838	0.630
6207.995	0.628
6208.177	0.627
6208.333	0.626
6208.517	0.626
6208.672	0.625
6208.828	0.625
6209.010	0.625
6209.167	0.625
6209.350	0.625
6209.505	0.624
6209.662	0.625
6209.843	0.623
6210.000	0.623
6210.183	0.620
6210.338	0.621
6210.495	0.621
6210.677	0.620
6210.833	0.620
6211.017	0.619
6211.172	0.620
6211.328	0.620
6211.510	0.619
6211.667	0.615
6211.850	0.617
6212.005	0.618
6212.162	0.615
6212.343	0.615
6212.500	0.615
6212.683	0.615
6212.838	0.615
6212.995	0.615
6213.177	0.615
6213.333	0.615
6213.517	0.615
6213.672	0.614
6213.828	0.613
6214.010	0.610
6214.167	0.610
6214.350	0.611
6214.505	0.610
6214.662	0.610
6214.843	0.610
6215.000	0.610
6215.183	0.610
6215.338	0.609
6215.495	0.608
6215.677	0.605
6215.833	0.605
6216.017	0.605
6216.172	0.605
6216.328	0.605
6216.510	0.605
6216.667	0.605
6216.850	0.605
6217.005	0.605
6217.162	0.604
6217.343	0.604
6217.500	0.603
6217.683	0.602
6217.838	0.601
6217.995	0.600
6218.177	0.600
6218.333	0.600
6218.517	0.600
6218.672	0.600
6218.828	0.598
6219.010	0.597
6219.167	0.597
6219.350	0.595
6219.505	0.596
6219.662	0.595
6219.843	0.595
6220.000	0.595
6220.183	0.595
6220.338	0.595
6220.495	0.595
6220.677	0.595
6220.833	0.595
6221.017	0.593
6221.172	0.590
6221.328	0.590
6221.510	0.590
6221.667	0.590
6221.850	0.590
6222.005	0.590
6222.162	0.590
6222.343	0.590
6222.500	0.590
6222.683	0.590
6222.838	0.588
6222.995	0.587
6223.177	0.585
6223.333	0.585
6223.517	0.585
6223.672	0.585
6223.828	0.585
6224.010	0.585
6224.167	0.585
6224.350	0.583
6224.505	0.581
6224.662	0.581
6224.843	0.579
6225.000	0.579
6225.183	0.579
6225.338	0.579
6225.495	0.579
6225.677	0.579
6225.833	0.579
6226.017	0.579
6226.172	0.578
6226.328	0.578
6226.510	0.575
6226.667	0.575
6226.850	0.574
6227.005	0.575
6227.162	0.574
6227.343	0.574
6227.500	0.574
6227.683	0.574
6227.838	0.574
6227.995	0.574
6228.177	0.573
6228.333	0.573
6228.517	0.572
6228.672	0.570
6228.828	0.570
6229.010	0.569
6229.167	0.569
6229.350	0.569
6229.505	0.569
6229.688	0.569
6229.843	0.569
6230.000	0.568
6230.183	0.568
6230.338	0.567
6230.495	0.567
6230.677	0.565
6230.833	0.565
6231.017	0.564
6231.172	0.564
6231.355	0.564
6231.510	0.564
6231.667	0.564
6231.850	0.564
6232.005	0.562
6232.188	0.562
6232.343	0.562
6232.500	0.562
6232.683	0.561
6232.838	0.559
6232.995	0.559
6233.177	0.559
6233.333	0.559
6233.517	0.558
6233.672	0.558
6233.828	0.558
6234.010	0.557
6234.167	0.556
6234.350	0.555
6234.505	0.555
6234.662	0.554
6234.843	0.554
6235.000	0.554
6235.183	0.554
6235.338	0.554
6235.495	0.554
6235.677	0.554
6235.833	0.554
6236.017	0.554
6236.172	0.554
6236.328	0.553
6236.510	0.552
6236.667	0.551
6236.850	0.549
6237.005	0.550
6237.162	0.549
6237.343	0.549
6237.500	0.549
6237.683	0.549
6237.838	0.549
6237.995	0.549
6238.177	0.548
6238.333	0.545
6238.517	0.545
6238.672	0.545
6238.828	0.544
6239.010	0.544
6239.167	0.544
6239.350	0.544
6239.505	0.544
6239.662	0.544
6239.843	0.542
6240.000	0.541
6240.183	0.541
6240.338	0.539
6240.495	0.540
6240.677	0.539
6240.833	0.539
6241.017	0.539
6241.172	0.539
6241.328	0.539
6241.510	0.538
6241.667	0.537
6241.850	0.539
6242.005	0.539
6242.162	0.537
6242.343	0.535
6242.500	0.534
6242.683	0.534
6242.838	0.534
6242.995	0.534
6243.177	0.534
6243.333	0.534
6243.517	0.534
6243.672	0.534
6243.828	0.533
6244.010	0.530
6244.167	0.532
6244.350	0.531
6244.505	0.529
6244.662	0.528
6244.843	0.528
6245.000	0.528
6245.183	0.528
6245.338	0.528
6245.495	0.528
6245.677	0.528
6245.833	0.528
6246.017	0.528
6246.172	0.527
6246.328	0.525
6246.510	0.526
6246.667	0.526
6246.850	0.523
6247.005	0.523
6247.162	0.523
6247.343	0.523
6247.500	0.523
6247.683	0.523
6247.838	0.523
6247.995	0.523
6248.177	0.523
6248.333	0.523
6248.517	0.522
6248.672	0.522
6248.828	0.519
6249.010	0.520
6249.167	0.518
6249.350	0.518
6249.505	0.518
6249.662	0.518
6249.843	0.518
6250.000	0.518
6250.183	0.513
6250.338	0.514
6250.521	0.514
6250.677	0.514
6250.833	0.513
6251.017	0.513
6251.172	0.513
6251.328	0.513
6251.510	0.513
6251.667	0.513
6251.850	0.513
6252.005	0.513
6252.162	0.513
6252.343	0.512
6252.500	0.513
6252.683	0.512
6252.838	0.511
6252.995	0.509
6253.177	0.508
6253.333	0.508
6253.517	0.508
6253.672	0.508
6253.828	0.508
6254.010	0.508
6254.167	0.508
6254.350	0.508
6254.505	0.508
6254.662	0.508
6254.843	0.506
6255.000	0.507
6255.183	0.505
6255.338	0.504
6255.495	0.504
6255.677	0.503
6255.833	0.503
6256.017	0.503
6256.172	0.503
6256.328	0.503
6256.510	0.503
6256.667	0.503
6256.850	0.502
6257.005	0.502
6257.162	0.500
6257.343	0.499
6257.500	0.499
6257.683	0.500
6257.838	0.499
6257.995	0.498
6258.177	0.498
6258.333	0.498
6258.517	0.498
6258.672	0.498
6258.828	0.497
6259.010	0.498
6259.167	0.494
6259.350	0.494
6259.505	0.493
6259.662	0.493
6259.843	0.493
6260.000	0.493
6260.183	0.493
6260.338	0.493
6260.495	0.493
6260.677	0.493
6260.833	0.493
6261.017	0.493
6261.172	0.493
6261.328	0.493
6261.510	0.493
6261.667	0.493
6261.850	0.493
6262.005	0.491
6262.162	0.489
6262.343	0.489
6262.500	0.489
6262.683	0.488
6262.838	0.488
6262.995	0.488
6263.177	0.488
6263.333	0.488
6263.517	0.488
6263.672	0.487
6263.828	0.485
6264.010	0.487
6264.167	0.484
6264.350	0.483
6264.505	0.483
6264.662	0.483
6264.843	0.483
6265.000	0.483
6265.183	0.483
6265.338	0.483
6265.495	0.482
6265.677	0.483
6265.833	0.483
6266.017	0.483
6266.172	0.483
6266.328	0.481
6266.510	0.481
6266.667	0.482
6266.850	0.478
6267.005	0.477
6267.162	0.477
6267.343	0.477
6267.500	0.477
6267.683	0.477
6267.838	0.477
6267.995	0.476
6268.177	0.475
6268.333	0.473
6268.517	0.472
6268.672	0.472
6268.828	0.472
6269.010	0.472
6269.167	0.472
6269.350	0.472
6269.505	0.472
6269.662	0.472
6269.843	0.472
6270.000	0.472
6270.183	0.472
6270.338	0.472
6270.495	0.472
6270.677	0.472
6270.833	0.471
6271.017	0.469
6271.172	0.468
6271.328	0.468
6271.510	0.467
6271.667	0.467
6271.850	0.467
6272.005	0.467
6272.162	0.467
6272.343	0.467
6272.500	0.466
6272.683	0.467
6272.838	0.466
6272.995	0.463
6273.177	0.463
6273.333	0.463
6273.517	0.462
6273.672	0.462
6273.828	0.462
6274.010	0.462
6274.167	0.462
6274.350	0.462
6274.505	0.462
6274.662	0.462
6274.843	0.461
6275.000	0.461
6275.183	0.459
6275.338	0.457
6275.495	0.457
6275.677	0.457
6275.833	0.457
6276.017	0.457
6276.172	0.457
6276.328	0.457
6276.510	0.457
6276.667	0.457
6276.850	0.455
6277.005	0.453
6277.162	0.454
6277.343	0.452
6277.500	0.452
6277.683	0.452
6277.838	0.452
6277.995	0.452
6278.177	0.452
6278.333	0.452
6278.517	0.452
6278.672	0.452
6278.828	0.452
6279.010	0.452
6279.167	0.451
6279.350	0.452
6279.505	0.450
6279.662	0.449
6279.843	0.449
6280.000	0.448
6280.183	0.449
6280.338	0.447
6280.495	0.447
6280.677	0.447
6280.833	0.447
6281.017	0.447
6281.172	0.447
6281.328	0.447
6281.510	0.447
6281.667	0.446
6281.823	0.446
6282.005	0.443
6282.162	0.443
6282.343	0.442
6282.500	0.442
6282.657	0.442
6282.838	0.442
6282.995	0.442
6283.177	0.442
6283.333	0.442
6283.517	0.442
6283.672	0.441
6283.828	0.440
6284.010	0.442
6284.167	0.441
6284.350	0.439
6284.505	0.439
6284.662	0.438
6284.843	0.437
6285.000	0.437
6285.157	0.437
6285.338	0.437
6285.495	0.437
6285.677	0.436
6285.833	0.437
6285.990	0.434
6286.172	0.433
6286.328	0.432
6286.510	0.432
6286.667	0.432
6286.823	0.432
6287.005	0.432
6287.162	0.432
6287.343	0.432
6287.500	0.432
6287.657	0.432
6287.838	0.432
6287.995	0.432
6288.177	0.432
6288.333	0.430
6288.490	0.430
6288.672	0.429
6288.828	0.427
6289.010	0.428
6289.167	0.427
6289.323	0.426
6289.505	0.427
6289.662	0.428
6289.843	0.426
6290.000	0.426
6290.183	0.426
6290.338	0.426
6290.495	0.426
6290.677	0.426
6290.833	0.426
6291.017	0.426
6291.172	0.426
6291.328	0.426
6291.510	0.426
6291.667	0.421
6291.823	0.423
6292.005	0.423
6292.162	0.422
6292.343	0.421
6292.500	0.421
6292.683	0.421
6292.838	0.421
6292.995	0.421
6293.177	0.421
6293.333	0.421
6293.490	0.421
6293.672	0.421
6293.828	0.421
6294.010	0.419
6294.167	0.418
6294.350	0.416
6294.505	0.416
6294.662	0.416
6294.843	0.416
6295.000	0.416
6295.183	0.416
6295.338	0.416
6295.495	0.416
6295.677	0.415
6295.833	0.415
6296.017	0.416
6296.172	0.415
6296.328	0.412
6296.510	0.411
6296.667	0.411
6296.850	0.411
6297.005	0.411
6297.162	0.411
6297.343	0.411
6297.500	0.411
6297.683	0.411
6297.838	0.411
6297.995	0.411
6298.177	0.410
6298.333	0.409
6298.490	0.409
6298.672	0.408
6298.828	0.409
6299.010	0.406
6299.167	0.406
6299.323	0.406
6299.505	0.406
6299.662	0.406
6299.843	0.406
6300.000	0.406
6300.183	0.406
6300.338	0.406
6300.495	0.406
6300.677	0.406
6300.833	0.405
6301.017	0.405
6301.172	0.404
6301.328	0.402
6301.510	0.402
6301.667	0.401
6301.823	0.401
6302.005	0.401
6302.162	0.401
6302.343	0.401
6302.500	0.401
6302.683	0.401
6302.838	0.400
6302.995	0.400
6303.177	0.401
6303.333	0.399
6303.517	0.400
6303.672	0.397
6303.828	0.396
6304.010	0.396
6304.167	0.397
6304.323	0.396
6304.505	0.396
6304.662	0.396
6304.843	0.396
6305.000	0.396
6305.157	0.395
6305.338	0.396
6305.495	0.394
6305.677	0.392
6305.833	0.393
6305.990	0.393
6306.172	0.391
6306.328	0.391
6306.510	0.391
6306.667	0.391
6306.823	0.391
6307.005	0.391
6307.162	0.391
6307.343	0.391
6307.500	0.391
6307.657	0.391
6307.838	0.391
6307.995	0.390
6308.177	0.390
6308.333	0.387
6308.490	0.388
6308.672	0.386
6308.828	0.386
6309.010	0.386
6309.167	0.386
6309.323	0.386
6309.505	0.386
6309.662	0.386
6309.843	0.386
6310.000	0.386
6310.157	0.386
6310.338	0.386
6310.495	0.385
6310.677	0.384
6310.833	0.382
6311.017	0.382
6311.172	0.381
6311.328	0.381
6311.510	0.381
6311.667	0.381
6311.823	0.381
6312.005	0.381
6312.162	0.381
6312.343	0.381
6312.500	0.380
6312.657	0.378
6312.838	0.379
6312.995	0.377
6313.177	0.376
6313.333	0.376
6313.490	0.376
6313.672	0.376
6313.828	0.376
6314.010	0.376
6314.167	0.376
6314.323	0.376
6314.505	0.376
6314.662	0.376
6314.843	0.375
6315.000	0.376
6315.183	0.375
6315.338	0.374
6315.495	0.372
6315.677	0.370
6315.833	0.370
6316.017	0.371
6316.172	0.370
6316.328	0.370
6316.510	0.370
6316.667	0.370
6316.850	0.370
6317.005	0.370
6317.162	0.370
6317.343	0.370
6317.500	0.370
6317.683	0.368
6317.838	0.370
6317.995	0.367
6318.177	0.368
6318.333	0.366
6318.517	0.366
6318.672	0.365
6318.828	0.365
6319.010	0.365
6319.167	0.365
6319.323	0.365
6319.505	0.365
6319.662	0.365
6319.818	0.365
6320.000	0.365
6320.157	0.365
6320.338	0.365
6320.495	0.365
6320.677	0.364
6320.833	0.364
6320.990	0.361
6321.172	0.361
6321.328	0.362
6321.510	0.360
6321.667	0.360
6321.823	0.360
6322.005	0.360
6322.162	0.360
6322.343	0.360
6322.500	0.360
6322.657	0.360
6322.838	0.359
6322.995	0.360
6323.177	0.360
6323.333	0.360
6323.490	0.359
6323.672	0.360
6323.828	0.359
6324.010	0.355
6324.167	0.355
6324.350	0.356
6324.505	0.355
6324.662	0.355
6324.843	0.354
6325.000	0.355
6325.157	0.355
6325.338	0.354
6325.495	0.354
6325.677	0.353
6325.833	0.353
6325.990	0.353
6326.172	0.351
6326.328	0.352
6326.510	0.351
6326.667	0.351
6326.823	0.350
6327.005	0.350
6327.162	0.350
6327.343	0.350
6327.500	0.350
6327.657	0.350
6327.838	0.350
6327.995	0.350
6328.177	0.350
6328.333	0.350
6328.490	0.349
6328.672	0.349
6328.828	0.348
6329.010	0.346
6329.167	0.348
6329.323	0.346
6329.505	0.346
6329.662	0.345
6329.843	0.345
6330.000	0.345
6330.157	0.345
6330.338	0.345
6330.495	0.345
6330.677	0.345
6330.833	0.345
6330.990	0.345
6331.172	0.345
6331.328	0.345
6331.510	0.345
6331.667	0.345
6331.823	0.345
6332.005	0.345
6332.162	0.343
6332.343	0.342
6332.500	0.341
6332.657	0.340
6332.838	0.340
6332.995	0.340
6333.177	0.340
6333.333	0.340
6333.490	0.340
6333.672	0.340
6333.828	0.340
6334.010	0.340
6334.167	0.340
6334.323	0.338
6334.505	0.339
6334.662	0.338
6334.843	0.336
6335.000	0.336
6335.157	0.335
6335.338	0.335
6335.495	0.335
6335.677	0.335
6335.833	0.335
6335.990	0.335
6336.172	0.335
6336.328	0.335
6336.510	0.335
6336.667	0.334
6336.823	0.332
6337.005	0.335
6337.162	0.331
6337.343	0.330
6337.500	0.330
6337.657	0.330
6337.838	0.330
6337.995	0.330
6338.177	0.330
6338.333	0.330
6338.490	0.330
6338.672	0.330
6338.828	0.330
6339.010	0.330
6339.167	0.330
6339.323	0.330
6339.480	0.330
6339.662	0.330
6339.843	0.330
6340.000	0.330
6340.157	0.330
6340.338	0.328
6340.495	0.327
6340.677	0.327
6340.833	0.330
6340.990	0.325
6341.172	0.327
6341.328	0.325
6341.510	0.325
6341.667	0.325
6341.823	0.325
6342.005	0.325
6342.162	0.325
6342.343	0.325
6342.500	0.325
6342.657	0.325
6342.838	0.325
6342.995	0.325
6343.177	0.325
6343.333	0.325
6343.490	0.325
6343.672	0.324
6343.828	0.323
6344.010	0.321
6344.167	0.320
6344.323	0.319
6344.505	0.319
6344.662	0.319
6344.843	0.319
6345.000	0.319
6345.157	0.319
6345.338	0.319
6345.495	0.319
6345.677	0.319
6345.833	0.319
6345.990	0.319
6346.172	0.319
6346.328	0.319
6346.510	0.319
6346.667	0.318
6346.823	0.318
6347.005	0.317
6347.162	0.316
6347.343	0.317
6347.500	0.315
6347.657	0.316
6347.838	0.314
6347.995	0.314
6348.177	0.314
6348.333	0.314
6348.490	0.314
6348.672	0.314
6348.828	0.314
6349.010	0.313
6349.167	0.312
6349.323	0.313
6349.505	0.312
6349.662	0.312
6349.843	0.310
6350.000	0.309
6350.157	0.309
6350.338	0.309
6350.495	0.309
6350.677	0.309
6350.833	0.309
6350.990	0.309
6351.172	0.309
6351.328	0.309
6351.510	0.309
6351.667	0.309
6351.823	0.309
6352.005	0.309
6352.162	0.309
6352.343	0.309
6352.500	0.308
6352.657	0.308
6352.838	0.308
6352.995	0.306
6353.177	0.304
6353.333	0.306
6353.490	0.307
6353.672	0.304
6353.828	0.304
6354.010	0.304
6354.167	0.304
6354.323	0.304
6354.505	0.304
6354.662	0.304
6354.843	0.304
6355.000	0.304
6355.157	0.303
6355.338	0.303
6355.495	0.303
6355.677	0.302
6355.833	0.300
6355.990	0.299
6356.172	0.299
6356.328	0.299
6356.510	0.299
6356.667	0.299
6356.823	0.299
6357.005	0.299
6357.162	0.299
6357.343	0.299
6357.500	0.299
6357.657	0.299
6357.838	0.299
6357.995	0.298
6358.177	0.299
6358.333	0.298
6358.490	0.295
6358.672	0.296
6358.828	0.294
6359.010	0.295
6359.167	0.296
6359.323	0.294
6359.505	0.294
6359.662	0.294
6359.843	0.294
6360.000	0.294
6360.157	0.294
6360.338	0.294
6360.495	0.294
6360.677	0.293
6360.833	0.294
6360.990	0.293
6361.172	0.292
6361.328	0.291
6361.510	0.291
6361.667	0.290
6361.823	0.290
6362.005	0.289
6362.162	0.289
6362.343	0.289
6362.500	0.289
6362.657	0.289
6362.838	0.289
6362.995	0.289
6363.177	0.289
6363.333	0.289
6363.490	0.289
6363.672	0.289
6363.828	0.289
6364.010	0.289
6364.167	0.289
6364.323	0.289
6364.505	0.289
6364.662	0.289
6364.843	0.289
6365.000	0.288
6365.157	0.289
6365.338	0.287
6365.495	0.286
6365.677	0.285
6365.833	0.285
6365.990	0.284
6366.172	0.284
6366.328	0.284
6366.510	0.284
6366.667	0.284
6366.823	0.284
6367.005	0.284
6367.162	0.284
6367.343	0.284
6367.500	0.284
6367.657	0.283
6367.838	0.284
6367.995	0.284
6368.177	0.282
6368.333	0.282
6368.490	0.282
6368.672	0.281
6368.828	0.279
6369.010	0.279
6369.167	0.279
6369.323	0.279
6369.505	0.279
6369.662	0.279
6369.843	0.279
6370.000	0.279
6370.157	0.279
6370.338	0.279
6370.495	0.279
6370.677	0.279
6370.833	0.279
6370.990	0.279
6371.172	0.279
6371.328	0.277
6371.510	0.278
6371.667	0.278
6371.823	0.276
6372.005	0.274
6372.162	0.276
6372.343	0.274
6372.500	0.274
6372.657	0.274
6372.838	0.274
6372.995	0.274
6373.177	0.274
6373.333	0.274
6373.490	0.274
6373.672	0.274
6373.828	0.273
6374.010	0.273
6374.167	0.274
6374.323	0.272
6374.505	0.271
6374.662	0.269
6374.843	0.268
6375.000	0.269
6375.157	0.268
6375.338	0.268
6375.495	0.268
6375.677	0.268
6375.833	0.268
6375.990	0.268
6376.172	0.268
6376.328	0.268
6376.510	0.268
6376.667	0.268
6376.823	0.268
6377.005	0.268
6377.162	0.268
6377.343	0.268
6377.500	0.268
6377.657	0.268
6377.838	0.268
6377.995	0.268
6378.177	0.267
6378.333	0.264
6378.490	0.264
6378.672	0.264
6378.828	0.263
6379.010	0.263
6379.167	0.263
6379.323	0.263
6379.505	0.263
6379.662	0.263
6379.843	0.263
6380.000	0.263
6380.157	0.263
6380.338	0.263
6380.495	0.263
6380.677	0.263
6380.833	0.263
6380.990	0.262
6381.172	0.261
6381.328	0.260
6381.510	0.260
6381.667	0.259
6381.823	0.259
6382.005	0.260
6382.162	0.259
6382.343	0.258
6382.500	0.258
6382.657	0.258
6382.838	0.258
6382.995	0.258
6383.177	0.258
6383.333	0.258
6383.490	0.258
6383.672	0.258
6383.828	0.257
6384.010	0.256
6384.167	0.256
6384.323	0.256
6384.505	0.253
6384.662	0.255
6384.843	0.254
6385.000	0.254
6385.157	0.253
6385.338	0.253
6385.495	0.253
6385.677	0.253
6385.833	0.253
6385.990	0.253
6386.172	0.253
6386.328	0.253
6386.510	0.253
6386.667	0.252
6386.823	0.251
6387.005	0.251
6387.162	0.253
6387.343	0.249
6387.500	0.248
6387.657	0.250
6387.838	0.248
6387.995	0.248
6388.177	0.248
6388.333	0.248
6388.490	0.248
6388.672	0.248
6388.828	0.248
6389.010	0.248
6389.167	0.248
6389.323	0.248
6389.505	0.248
6389.662	0.248
6389.843	0.248
6390.000	0.248
6390.157	0.247
6390.338	0.248
6390.495	0.248
6390.677	0.248
6390.833	0.248
6390.990	0.246
6391.172	0.245
6391.328	0.245
6391.510	0.245
6391.667	0.244
6391.823	0.243
6392.005	0.245
6392.162	0.244
6392.343	0.243
6392.500	0.243
6392.657	0.243
6392.838	0.243
6392.995	0.243
6393.177	0.243
6393.333	0.243
6393.490	0.243
6393.672	0.242
6393.828	0.242
6394.010	0.242
6394.167	0.242
6394.323	0.241
6394.505	0.242
6394.662	0.240
6394.843	0.240
6395.000	0.240
6395.157	0.240
6395.338	0.238
6395.495	0.238
6395.677	0.238
6395.833	0.238
6395.990	0.238
6396.172	0.238
6396.328	0.238
6396.510	0.238
6396.667	0.238
6396.823	0.238
6397.005	0.238
6397.162	0.238
6397.343	0.237
6397.500	0.238
6397.657	0.238
6397.838	0.238
6397.995	0.237
6398.177	0.234
6398.333	0.235
6398.490	0.234
6398.672	0.233
6398.828	0.234
6399.010	0.234
6399.167	0.234
6399.323	0.233
6399.505	0.233
6399.662	0.233
6399.843	0.233
6400.000	0.233
6400.157	0.233
6400.338	0.233
6400.495	0.232
6400.677	0.232
6400.833	0.230
6400.990	0.230
6401.172	0.232
6401.328	0.229
6401.510	0.228
6401.667	0.228
6401.823	0.228
6402.005	0.228
6402.162	0.228
6402.318	0.228
6402.500	0.228
6402.657	0.228
6402.838	0.228
6402.995	0.228
6403.177	0.228
6403.333	0.228
6403.490	0.228
6403.672	0.228
6403.828	0.228
6404.010	0.228
6404.167	0.228
6404.323	0.228
6404.505	0.228
6404.662	0.227
6404.843	0.227
6405.000	0.227
6405.157	0.227
6405.338	0.226
6405.495	0.226
6405.677	0.224
6405.833	0.224
6405.990	0.223
6406.172	0.223
6406.328	0.223
6406.510	0.223
6406.667	0.223
6406.823	0.223
6407.005	0.223
6407.162	0.223
6407.343	0.223
6407.500	0.223
6407.657	0.223
6407.838	0.223
6407.995	0.223
6408.152	0.223
6408.333	0.220
6408.490	0.222
6408.672	0.221
6408.828	0.221
6409.010	0.220
6409.167	0.217
6409.323	0.217
6409.505	0.218
6409.662	0.217
6409.818	0.217
6410.000	0.217
6410.157	0.217
6410.338	0.217
6410.495	0.217
6410.652	0.217
6410.833	0.217
6410.990	0.217
6411.172	0.217
6411.328	0.217
6411.485	0.217
6411.667	0.216
6411.823	0.215
6412.005	0.215
6412.162	0.214
6412.318	0.214
6412.500	0.215
6412.657	0.213
6412.838	0.212
6412.995	0.212
6413.152	0.212
6413.333	0.213
6413.490	0.212
6413.672	0.212
6413.828	0.212
6413.985	0.212
6414.167	0.212
6414.323	0.212
6414.505	0.212
6414.662	0.211
6414.818	0.211
6415.000	0.211
6415.157	0.211
6415.338	0.209
6415.495	0.210
6415.652	0.208
6415.833	0.207
6415.990	0.208
6416.172	0.207
6416.328	0.207
6416.485	0.207
6416.667	0.207
6416.823	0.207
6417.005	0.207
6417.162	0.207
6417.318	0.207
6417.500	0.207
6417.657	0.207
6417.838	0.207
6417.995	0.207
6418.152	0.207
6418.333	0.207
6418.490	0.207
6418.672	0.207
6418.828	0.204
6418.985	0.206
6419.167	0.204
6419.323	0.205
6419.505	0.206
6419.662	0.203
6419.818	0.206
6420.000	0.203
6420.157	0.202
6420.338	0.202
6420.495	0.202
6420.652	0.202
6420.833	0.202
6420.990	0.202
6421.172	0.202
6421.328	0.202
6421.485	0.202
6421.667	0.202
6421.823	0.202
6422.005	0.202
6422.162	0.202
6422.318	0.202
6422.500	0.202
6422.657	0.202
6422.838	0.202
6422.995	0.202
6423.152	0.200
6423.333	0.199
6423.490	0.198
6423.672	0.198
6423.828	0.198
6423.985	0.198
6424.167	0.197
6424.323	0.197
6424.505	0.197
6424.662	0.197
6424.818	0.197
6425.000	0.197
6425.157	0.197
6425.338	0.197
6425.495	0.197
6425.652	0.197
6425.833	0.197
6425.990	0.197
6426.172	0.197
6426.328	0.197
6426.485	0.197
6426.667	0.197
6426.823	0.196
6427.005	0.195
6427.162	0.196
6427.318	0.194
6427.500	0.194
6427.657	0.193
6427.838	0.192
6427.995	0.192
6428.152	0.192
6428.333	0.193
6428.490	0.192
6428.672	0.192
6428.828	0.192
6428.985	0.192
6429.167	0.192
6429.323	0.192
6429.505	0.192
6429.662	0.190
6429.818	0.191
6430.000	0.189
6430.157	0.190
6430.338	0.189
6430.495	0.187
6430.652	0.188
6430.833	0.188
6430.990	0.188
6431.172	0.187
6431.328	0.187
6431.485	0.187
6431.667	0.188
6431.823	0.187
6432.005	0.187
6432.162	0.187
6432.318	0.187
6432.500	0.187
6432.657	0.187
6432.838	0.187
6432.995	0.187
6433.152	0.187
6433.333	0.187
6433.490	0.187
6433.672	0.187
6433.828	0.187
6433.985	0.186
6434.167	0.187
6434.323	0.187
6434.505	0.185
6434.662	0.184
6434.818	0.183
6435.000	0.183
6435.157	0.182
6435.338	0.183
6435.495	0.182
6435.652	0.182
6435.833	0.182
6435.990	0.182
6436.172	0.182
6436.328	0.182
6436.485	0.182
6436.667	0.182
6436.823	0.182
6437.005	0.182
6437.162	0.182
6437.318	0.182
6437.500	0.182
6437.657	0.182
6437.838	0.182
6437.995	0.182
6438.152	0.182
6438.333	0.182
6438.490	0.181
6438.672	0.181
6438.828	0.181
6438.985	0.182
6439.167	0.180
6439.323	0.181
6439.505	0.178
6439.662	0.178
6439.818	0.179
6440.000	0.178
6440.157	0.177
6440.338	0.177
6440.495	0.177
6440.677	0.178
6440.833	0.177
6440.990	0.178
6441.172	0.177
6441.328	0.177
6441.485	0.177
6441.667	0.177
6441.823	0.177
6442.005	0.177
6442.162	0.177
6442.318	0.177
6442.500	0.177
6442.657	0.177
6442.838	0.177
6442.995	0.177
6443.152	0.175
6443.333	0.174
6443.490	0.172
6443.672	0.172
6443.828	0.173
6443.985	0.172
6444.167	0.172
6444.323	0.172
6444.505	0.172
6444.662	0.172
6444.818	0.172
6445.000	0.172
6445.157	0.172
6445.338	0.172
6445.495	0.172
6445.652	0.172
6445.833	0.172
6445.990	0.172
6446.172	0.172
6446.328	0.172
6446.485	0.171
6446.667	0.170
6446.823	0.172
6447.005	0.172
6447.162	0.169
6447.318	0.168
6447.500	0.168
6447.657	0.170
6447.838	0.169
6447.995	0.168
6448.152	0.166
6448.333	0.167
6448.490	0.167
6448.672	0.166
6448.828	0.166
6448.985	0.166
6449.167	0.166
6449.323	0.166
6449.505	0.166
6449.662	0.166
6449.818	0.166
6450.000	0.166
6450.157	0.166
6450.338	0.166
6450.495	0.166
6450.652	0.166
6450.833	0.166
6450.990	0.166
6451.172	0.166
6451.328	0.166
6451.485	0.166
6451.667	0.166
6451.823	0.166
6452.005	0.164
6452.162	0.166
6452.318	0.165
6452.500	0.166
6452.657	0.165
6452.838	0.165
6452.995	0.162
6453.152	0.161
6453.333	0.161
6453.490	0.162
6453.672	0.161
6453.828	0.162
6453.985	0.161
6454.167	0.161
6454.323	0.161
6454.505	0.161
6454.662	0.161
6454.818	0.161
6455.000	0.161
6455.157	0.161
6455.338	0.161
6455.495	0.161
6455.652	0.161
6455.833	0.161
6455.990	0.161
6456.172	0.161
6456.328	0.161
6456.485	0.161
6456.667	0.161
6456.823	0.161
6457.005	0.161
6457.162	0.161
6457.318	0.161
6457.500	0.161
6457.657	0.160
6457.838	0.160
6457.995	0.158
6458.152	0.158
6458.333	0.156
6458.490	0.156
6458.672	0.156
6458.828	0.156
6458.985	0.156
6459.167	0.156
6459.323	0.156
6459.505	0.156
6459.662	0.156
6459.818	0.156
6460.000	0.156
6460.157	0.156
6460.338	0.156
6460.495	0.156
6460.652	0.156
6460.833	0.156
6460.990	0.156
6461.172	0.156
6461.328	0.156
6461.485	0.155
6461.667	0.155
6461.823	0.155
6462.005	0.153
6462.162	0.154
6462.318	0.151
6462.500	0.151
6462.657	0.153
6462.838	0.151
6462.995	0.152
6463.152	0.152
6463.333	0.151
6463.490	0.151
6463.672	0.151
6463.828	0.151
6463.985	0.151
6464.167	0.151
6464.323	0.151
6464.505	0.151
6464.662	0.151
6464.818	0.149
6465.000	0.151
6465.157	0.149
6465.338	0.150
6465.495	0.149
6465.652	0.149
6465.833	0.149
6465.990	0.149
6466.172	0.146
6466.328	0.149
6466.485	0.147
6466.667	0.146
6466.823	0.146
6467.005	0.147
6467.162	0.146
6467.318	0.147
6467.500	0.146
6467.657	0.146
6467.838	0.146
6467.995	0.146
6468.152	0.146
6468.333	0.146
6468.490	0.146
6468.672	0.146
6468.828	0.146
6468.985	0.146
6469.167	0.146
6469.323	0.146
6469.505	0.146
6469.662	0.146
6469.818	0.146
6470.000	0.146
6470.157	0.146
6470.338	0.146
6470.495	0.146
6470.652	0.146
6470.833	0.144
6470.990	0.145
6471.172	0.144
6471.328	0.145
6471.485	0.144
6471.667	0.144
6471.823	0.143
6472.005	0.144
6472.162	0.144
6472.318	0.144
6472.500	0.142
6472.657	0.141
6472.838	0.141
6472.995	0.141
6473.152	0.141
6473.333	0.141
6473.490	0.141
6473.672	0.141
6473.828	0.141
6473.985	0.141
6474.167	0.141
6474.323	0.141
6474.505	0.141
6474.662	0.139
6474.818	0.141
6475.000	0.141
6475.157	0.140
6475.338	0.141
6475.495	0.139
6475.652	0.139
6475.833	0.138
6475.990	0.138
6476.172	0.138
6476.328	0.137
6476.485	0.137
6476.667	0.136
6476.823	0.137
6477.005	0.137
6477.162	0.138
6477.318	0.136
6477.500	0.136
6477.657	0.136
6477.838	0.137
6477.995	0.136
6478.152	0.136
6478.333	0.136
6478.490	0.136
6478.672	0.136
6478.828	0.136
6478.985	0.136
6479.167	0.136
6479.323	0.136
6479.505	0.135
6479.662	0.136
6479.818	0.133
6480.000	0.135
6480.157	0.133
6480.338	0.134
6480.495	0.135
6480.652	0.132
6480.833	0.131
6480.990	0.133
6481.172	0.132
6481.328	0.131
6481.485	0.131
6481.667	0.131
6481.823	0.131
6482.005	0.131
6482.162	0.131
6482.318	0.131
6482.500	0.131
6482.657	0.131
6482.838	0.131
6482.995	0.131
6483.152	0.131
6483.333	0.131
6483.490	0.131
6483.672	0.131
6483.828	0.131
6483.985	0.130
6484.167	0.129
6484.323	0.130
6484.505	0.130
6484.662	0.131
6484.818	0.128
6485.000	0.128
6485.157	0.127
6485.338	0.127
6485.495	0.127
6485.652	0.127
6485.833	0.127
6485.990	0.126
6486.172	0.126
6486.328	0.126
6486.485	0.126
6486.667	0.126
6486.823	0.126
6487.005	0.126
6487.162	0.126
6487.318	0.126
6487.500	0.126
6487.657	0.126
6487.838	0.126
6487.995	0.126
6488.152	0.126
6488.333	0.126
6488.490	0.126
6488.672	0.126
6488.828	0.126
6488.985	0.126
6489.167	0.126
6489.323	0.126
6489.505	0.126
6489.662	0.126
6489.818	0.126
6490.000	0.126
6490.157	0.126
6490.338	0.126
6490.495	0.126
6490.652	0.124
6490.833	0.123
6490.990	0.124
6491.172	0.123
6491.328	0.122
6491.485	0.123
6491.667	0.122
6491.823	0.122
6492.005	0.121
6492.162	0.121
6492.318	0.121
6492.500	0.121
6492.657	0.121
6492.838	0.121
6492.995	0.121
6493.152	0.121
6493.333	0.121
6493.490	0.121
6493.672	0.121
6493.828	0.121
6493.985	0.121
6494.167	0.121
6494.323	0.121
6494.505	0.121
6494.662	0.121
6494.818	0.119
6495.000	0.120
6495.157	0.120
6495.338	0.119
6495.495	0.119
6495.652	0.120
6495.833	0.117
6495.990	0.117
6496.172	0.116
6496.328	0.118
6496.485	0.117
6496.667	0.117
6496.823	0.116
6497.005	0.115
6497.162	0.115
6497.318	0.115
6497.500	0.115
6497.657	0.115
6497.838	0.115
6497.995	0.115
6498.152	0.115
6498.333	0.115
6498.490	0.115
6498.646	0.115
6498.828	0.115
6498.985	0.115
6499.167	0.115
6499.323	0.115
6499.480	0.115
6499.662	0.115
6499.818	0.115
6500.000	0.115
6500.157	0.115
6500.338	0.115
6500.495	0.115
6500.652	0.115
6500.833	0.115
6500.990	0.114
6501.172	0.112
6501.328	0.112
6501.485	0.113
6501.667	0.111
6501.823	0.111
6502.005	0.111
6502.162	0.111
6502.318	0.111
6502.500	0.110
6502.657	0.110
6502.838	0.110
6502.995	0.110
6503.152	0.110
6503.333	0.110
6503.490	0.110
6503.672	0.110
6503.828	0.110
6503.985	0.110
6504.167	0.110
6504.323	0.110
6504.505	0.110
6504.662	0.110
6504.818	0.110
6505.000	0.109
6505.157	0.108
6505.338	0.109
6505.495	0.107
6505.652	0.106
6505.833	0.106
6505.990	0.106
6506.146	0.106
6506.328	0.106
6506.485	0.105
6506.667	0.105
6506.823	0.105
6507.005	0.105
6507.162	0.105
6507.318	0.105
6507.500	0.105
6507.657	0.105
6507.813	0.105
6507.995	0.105
6508.152	0.105
6508.333	0.105
6508.490	0.105
6508.672	0.105
6508.828	0.105
6508.985	0.104
6509.167	0.105
6509.323	0.105
6509.505	0.105
6509.662	0.105
6509.818	0.105
6510.000	0.105
6510.157	0.104
6510.338	0.105
6510.495	0.105
6510.652	0.104
6510.833	0.104
6510.990	0.103
6511.172	0.102
6511.328	0.103
6511.485	0.101
6511.667	0.102
6511.823	0.100
6512.005	0.100
6512.162	0.101
6512.318	0.102
6512.500	0.100
6512.657	0.100
6512.813	0.100
6512.995	0.100
6513.152	0.100
6513.333	0.100
6513.490	0.100
6513.646	0.100
6513.828	0.100
6513.985	0.100
6514.167	0.100
6514.323	0.100
6514.480	0.100
6514.662	0.100
6514.818	0.100
6515.000	0.100
6515.157	0.100
6515.313	0.100
6515.495	0.100
6515.652	0.100
6515.833	0.100
6515.990	0.100
6516.172	0.100
6516.328	0.100
6516.485	0.099
6516.667	0.098
6516.823	0.098
6517.005	0.097
6517.162	0.098
6517.318	0.098
6517.500	0.097
6517.657	0.097
6517.838	0.095
6517.995	0.096
6518.152	0.095
6518.333	0.095
6518.490	0.095
6518.672	0.095
6518.828	0.095
6518.985	0.095
6519.167	0.096
6519.323	0.095
6519.505	0.095
6519.662	0.095
6519.818	0.095
6520.000	0.095
6520.157	0.095
6520.313	0.095
6520.495	0.095
6520.652	0.095
6520.833	0.095
6520.990	0.095
6521.172	0.095
6521.328	0.095
6521.485	0.094
6521.667	0.095
6521.823	0.093
6522.005	0.095
6522.162	0.091
6522.318	0.093
6522.500	0.092
6522.657	0.091
6522.838	0.092
6522.995	0.092
6523.152	0.091
6523.333	0.090
6523.490	0.092
6523.672	0.090
6523.828	0.091
6523.985	0.090
6524.167	0.090
6524.323	0.090
6524.480	0.090
6524.662	0.090
6524.818	0.090
6525.000	0.090
6525.157	0.090
6525.338	0.090
6525.495	0.090
6525.652	0.090
6525.833	0.090
6525.990	0.090
6526.146	0.090
6526.328	0.090
6526.485	0.090
6526.667	0.090
6526.823	0.090
6527.005	0.089
6527.162	0.090
6527.318	0.090
6527.500	0.088
6527.657	0.089
6527.838	0.090
6527.995	0.087
6528.152	0.088
6528.333	0.088
6528.490	0.086
6528.672	0.087
6528.828	0.085
6528.985	0.087
6529.167	0.085
6529.323	0.085
6529.480	0.085
6529.662	0.085
6529.818	0.085
6530.000	0.085
6530.157	0.085
6530.338	0.085
6530.495	0.085
6530.652	0.085
6530.833	0.085
6530.990	0.085
6531.146	0.085
6531.328	0.085
6531.485	0.085
6531.667	0.085
6531.823	0.085
6532.005	0.085
6532.162	0.085
6532.318	0.085
6532.500	0.085
6532.657	0.085
6532.813	0.085
6532.995	0.084
6533.152	0.084
6533.333	0.085
6533.490	0.085
6533.672	0.085
6533.828	0.085
6533.985	0.083
6534.167	0.085
6534.323	0.082
6534.505	0.083
6534.662	0.083
6534.818	0.081
6535.000	0.083
6535.157	0.081
6535.338	0.081
6535.495	0.080
6535.652	0.081
6535.833	0.080
6535.990	0.080
6536.172	0.080
6536.328	0.081
6536.485	0.081
6536.667	0.080
6536.823	0.080
6536.980	0.080
6537.162	0.080
6537.318	0.080
6537.500	0.080
6537.657	0.080
6537.813	0.080
6537.995	0.080
6538.152	0.080
6538.333	0.080
6538.490	0.080
6538.646	0.080
6538.828	0.080
6538.985	0.080
6539.167	0.080
6539.323	0.080
6539.480	0.080
6539.662	0.080
6539.818	0.080
6540.000	0.080
6540.157	0.080
6540.313	0.079
6540.495	0.078
6540.652	0.079
6540.833	0.076
6540.990	0.078
6541.172	0.076
6541.328	0.077
6541.485	0.076
6541.667	0.076
6541.823	0.076
6541.980	0.075
6542.162	0.076
6542.318	0.076
6542.500	0.076
6542.657	0.076
6542.813	0.075
6542.995	0.075
6543.152	0.075
6543.333	0.075
6543.490	0.075
6543.646	0.075
6543.828	0.075
6543.985	0.075
6544.167	0.075
6544.323	0.075
6544.480	0.075
6544.662	0.075
6544.818	0.075
6545.000	0.075
6545.157	0.075
6545.313	0.075
6545.495	0.075
6545.652	0.075
6545.833	0.074
6545.990	0.075
6546.172	0.075
6546.328	0.075
6546.485	0.074
6546.667	0.075
6546.823	0.075
6546.980	0.074
6547.162	0.072
6547.318	0.074
6547.500	0.072
6547.657	0.072
6547.838	0.073
6547.995	0.073
6548.152	0.071
6548.333	0.071
6548.490	0.070
6548.646	0.070
6548.828	0.070
6548.985	0.070
6549.167	0.070
6549.323	0.070
6549.480	0.070
6549.662	0.070
6549.818	0.070
6550.000	0.070
6550.157	0.070
6550.313	0.070
6550.495	0.070
6550.652	0.070
6550.833	0.070
6550.990	0.070
6551.146	0.070
6551.328	0.070
6551.485	0.068
6551.667	0.069
6551.823	0.070
6551.980	0.070
6552.162	0.070
6552.318	0.070
6552.500	0.068
6552.657	0.068
6552.838	0.066
6552.995	0.069
6553.152	0.066
6553.333	0.068
6553.490	0.067
6553.646	0.068
6553.828	0.066
6553.985	0.067
6554.167	0.065
6554.323	0.065
6554.505	0.065
6554.662	0.065
6554.818	0.065
6555.000	0.065
6555.157	0.065
6555.313	0.065
6555.495	0.065
6555.652	0.065
6555.833	0.065
6555.990	0.065
6556.146	0.065
6556.328	0.065
6556.485	0.065
6556.667	0.065
6556.823	0.065
6556.980	0.065
6557.162	0.065
6557.318	0.065
6557.500	0.065
6557.657	0.065
6557.813	0.065
6557.995	0.065
6558.152	0.065
6558.333	0.065
6558.490	0.065
6558.646	0.065
6558.828	0.065
6558.985	0.065
6559.167	0.065
6559.323	0.065
6559.505	0.065
6559.662	0.065
6559.818	0.065
6560.000	0.065
6560.157	0.064
6560.313	0.065
6560.495	0.065
6560.652	0.065
6560.833	0.064
6560.990	0.063
6561.146	0.065
6561.328	0.064
6561.485	0.064
6561.667	0.062
6561.823	0.063
6561.980	0.063
6562.162	0.061
6562.318	0.062
6562.500	0.061
6562.657	0.061
6562.838	0.061
6562.995	0.059
6563.152	0.061
6563.333	0.060
6563.490	0.059
6563.646	0.060
6563.828	0.060
6563.985	0.060
6564.167	0.059
6564.323	0.060
6564.480	0.059
6564.662	0.059
6564.818	0.059
6565.000	0.059
6565.157	0.059
6565.313	0.059
6565.495	0.059
6565.652	0.059
6565.833	0.059
6565.990	0.059
6566.146	0.059
6566.328	0.059
6566.485	0.059
6566.667	0.059
6566.823	0.059
6566.980	0.059
6567.162	0.059
6567.318	0.059
6567.500	0.059
6567.657	0.058
6567.813	0.059
6567.995	0.059
6568.152	0.059
6568.333	0.057
6568.490	0.054
6568.646	0.056
6568.828	0.058
6568.985	0.059
6569.167	0.059
6569.323	0.057
6569.480	0.054
6569.662	0.055
6569.818	0.054
6570.000	0.054
6570.157	0.054
6570.313	0.056
6570.495	0.054
6570.652	0.054
6570.833	0.055
6570.990	0.054
6571.146	0.054
6571.328	0.054
6571.485	0.054
6571.667	0.054
6571.823	0.054
6571.980	0.054
6572.162	0.054
6572.318	0.054
6572.500	0.054
6572.657	0.054
6572.813	0.054
6572.995	0.054
6573.152	0.054
6573.333	0.054
6573.490	0.054
6573.646	0.054
6573.828	0.054
6573.985	0.054
6574.167	0.054
6574.323	0.054
6574.480	0.053
6574.662	0.054
6574.818	0.053
6575.000	0.053
6575.157	0.051
6575.313	0.051
6575.495	0.053
6575.652	0.051
6575.833	0.053
6575.990	0.050
6576.146	0.050
6576.328	0.050
6576.485	0.049
6576.667	0.051
6576.823	0.049
6576.980	0.049
6577.162	0.049
6577.318	0.049
6577.500	0.049
6577.657	0.049
6577.813	0.050
6577.995	0.049
6578.152	0.049
6578.333	0.049
6578.490	0.049
6578.646	0.049
6578.828	0.049
6578.985	0.049
6579.167	0.049
6579.323	0.049
6579.480	0.049
6579.662	0.049
6579.818	0.049
6580.000	0.049
6580.157	0.049
6580.313	0.049
6580.495	0.048
6580.652	0.049
6580.833	0.049
6580.990	0.049
6581.146	0.048
6581.328	0.048
6581.485	0.049
6581.667	0.048
6581.823	0.048
6581.980	0.048
6582.162	0.047
6582.318	0.047
6582.500	0.047
6582.657	0.046
6582.813	0.045
6582.995	0.048
6583.152	0.045
6583.333	0.045
6583.490	0.044
6583.646	0.045
6583.828	0.044
6583.985	0.045
6584.167	0.045
6584.323	0.045
6584.480	0.045
6584.662	0.044
6584.818	0.045
6585.000	0.044
6585.157	0.044
6585.313	0.044
6585.495	0.044
6585.652	0.044
6585.808	0.044
6585.990	0.044
6586.146	0.044
6586.328	0.044
6586.485	0.044
6586.667	0.044
6586.823	0.044
6586.980	0.044
6587.162	0.044
6587.318	0.044
6587.475	0.044
6587.657	0.044
6587.813	0.044
6587.995	0.044
6588.152	0.044
6588.333	0.044
6588.490	0.044
6588.646	0.044
6588.828	0.044
6588.985	0.044
6589.142	0.043
6589.323	0.043
6589.480	0.043
6589.662	0.042
6589.818	0.042
6590.000	0.043
6590.157	0.042
6590.313	0.041
6590.495	0.042
6590.652	0.041
6590.833	0.042
6590.990	0.040
6591.146	0.043
6591.328	0.040
6591.485	0.041
6591.667	0.041
6591.823	0.041
6591.980	0.040
6592.162	0.040
6592.318	0.040
6592.475	0.039
6592.657	0.039
6592.813	0.039
6592.995	0.039
6593.152	0.039
6593.333	0.039
6593.490	0.039
6593.646	0.039
6593.828	0.039
6593.985	0.039
6594.142	0.039
6594.323	0.039
6594.480	0.039
6594.662	0.039
6594.818	0.039
6595.000	0.039
6595.157	0.039
6595.313	0.039
6595.495	0.039
6595.652	0.039
6595.833	0.039
6595.990	0.039
6596.146	0.039
6596.328	0.039
6596.485	0.039
6596.667	0.039
6596.823	0.039
6596.980	0.039
6597.162	0.039
6597.318	0.039
6597.500	0.039
6597.657	0.039
6597.813	0.039
6597.995	0.039
6598.152	0.038
6598.333	0.039
6598.490	0.039
6598.646	0.038
6598.828	0.038
6598.985	0.038
6599.142	0.036
6599.323	0.038
6599.480	0.037
6599.662	0.037
6599.818	0.036
6600.000	0.036
6600.157	0.036
6600.313	0.036
6600.495	0.034
6600.652	0.035
6600.833	0.036
6600.990	0.034
6601.146	0.035
6601.328	0.034
6601.485	0.035
6601.667	0.034
6601.823	0.034
6601.980	0.034
6602.162	0.034
6602.318	0.034
6602.475	0.034
6602.657	0.034
6602.813	0.034
6602.995	0.034
6603.152	0.034
6603.333	0.034
6603.490	0.034
6603.646	0.034
6603.828	0.034
6603.985	0.034
6604.142	0.034
6604.323	0.034
6604.480	0.034
6604.662	0.034
6604.818	0.034
6605.000	0.034
6605.157	0.034
6605.313	0.034
6605.495	0.034
6605.652	0.034
6605.808	0.034
6605.990	0.034
6606.146	0.034
6606.328	0.033
6606.485	0.034
6606.667	0.033
6606.823	0.034
6606.980	0.032
6607.162	0.034
6607.318	0.032
6607.500	0.034
6607.657	0.031
6607.813	0.032
6607.995	0.031
6608.152	0.029
6608.333	0.032
6608.490	0.032
6608.646	0.031
6608.828	0.032
6608.985	0.031
6609.167	0.029
6609.323	0.029
6609.480	0.030
6609.662	0.029
6609.818	0.031
6610.000	0.031
6610.157	0.030
6610.313	0.030
6610.495	0.029
6610.652	0.029
6610.833	0.029
6610.990	0.029
6611.146	0.029
6611.328	0.029
6611.485	0.029
6611.667	0.029
6611.823	0.029
6611.980	0.029
6612.162	0.029
6612.318	0.029
6612.475	0.029
6612.657	0.029
6612.813	0.029
6612.995	0.028
6613.152	0.029
6613.333	0.028
6613.490	0.029
6613.646	0.028
6613.828	0.029
6613.985	0.029
6614.167	0.029
6614.323	0.027
6614.480	0.028
6614.662	0.026
6614.818	0.029
6615.000	0.026
6615.157	0.026
6615.313	0.028
6615.495	0.028
6615.652	0.025
6615.808	0.025
6615.990	0.025
6616.146	0.025
6616.328	0.024
6616.485	0.024
6616.667	0.024
6616.823	0.025
6616.980	0.025
6617.162	0.025
6617.318	0.024
6617.500	0.024
6617.657	0.024
6617.813	0.024
6617.995	0.024
6618.152	0.024
6618.333	0.024
6618.490	0.024
6618.646	0.024
6618.828	0.024
6618.985	0.024
6619.142	0.024
6619.323	0.024
6619.480	0.024
6619.662	0.024
6619.818	0.024
6620.000	0.024
6620.157	0.024
6620.313	0.024
6620.495	0.024
6620.652	0.024
6620.808	0.024
6620.990	0.024
6621.146	0.024
6621.328	0.024
6621.485	0.024
6621.667	0.024
6621.823	0.024
6621.980	0.023
6622.162	0.023
6622.318	0.024
6622.500	0.024
6622.657	0.024
6622.813	0.023
6622.995	0.024
6623.152	0.022
6623.308	0.023
6623.490	0.024
6623.646	0.023
6623.828	0.022
6623.985	0.022
6624.167	0.022
6624.323	0.022
6624.480	0.021
6624.662	0.022
6624.818	0.019
6624.975	0.020
6625.157	0.020
6625.313	0.019
6625.495	0.021
6625.652	0.020
6625.833	0.019
6625.990	0.019
6626.146	0.019
6626.328	0.019
6626.485	0.019
6626.642	0.019
6626.823	0.019
6626.980	0.019
6627.162	0.019
6627.318	0.019
6627.475	0.019
6627.657	0.019
6627.813	0.019
6627.995	0.019
6628.152	0.019
6628.308	0.019
6628.490	0.019
6628.646	0.019
6628.828	0.019
6628.985	0.019
6629.142	0.019
6629.323	0.019
6629.480	0.019
6629.662	0.019
6629.818	0.019
6629.975	0.019
6630.157	0.019
6630.313	0.019
6630.495	0.019
6630.652	0.019
6630.808	0.019
6630.990	0.019
6631.146	0.019
6631.328	0.019
6631.485	0.019
6631.642	0.019
6631.823	0.019
6631.980	0.019
6632.162	0.019
6632.318	0.019
6632.475	0.019
6632.657	0.019
6632.813	0.019
6632.995	0.019
6633.152	0.018
6633.308	0.018
6633.490	0.019
6633.646	0.019
6633.828	0.019
6633.985	0.018
6634.167	0.019
6634.323	0.019
6634.480	0.019
6634.662	0.019
6634.818	0.017
6634.975	0.019
6635.157	0.016
6635.313	0.017
6635.495	0.019
6635.652	0.017
6635.833	0.018
6635.990	0.017
6636.146	0.018
6636.328	0.016
6636.485	0.016
6636.642	0.015
6636.823	0.014
6636.980	0.016
6637.162	0.014
6637.318	0.015
6637.500	0.014
6637.657	0.014
6637.813	0.015
6637.995	0.014
6638.152	0.014
6638.308	0.014
6638.490	0.014
6638.646	0.014
6638.828	0.014
6638.985	0.014
6639.142	0.014
6639.323	0.014
6639.480	0.014
6639.662	0.014
6639.818	0.014
6639.975	0.014
6640.157	0.014
6640.313	0.014
6640.495	0.014
6640.652	0.014
6640.808	0.014
6640.990	0.014
6641.146	0.014
6641.328	0.014
6641.485	0.014
6641.642	0.014
6641.823	0.014
6641.980	0.014
6642.162	0.014
6642.318	0.014
6642.475	0.014
6642.657	0.014
6642.813	0.014
6642.995	0.014
6643.152	0.014
6643.308	0.014
6643.490	0.013
6643.646	0.014
6643.828	0.014
6643.985	0.012
6644.167	0.013
6644.323	0.011
6644.480	0.013
6644.662	0.012
6644.818	0.011
6644.975	0.013
6645.157	0.011
6645.313	0.012
6645.495	0.011
6645.652	0.011
6645.833	0.012
6645.990	0.010
6646.146	0.012
6646.328	0.010
6646.485	0.009
6646.642	0.009
6646.823	0.009
6646.980	0.009
6647.162	0.008
6647.318	0.010
6647.500	0.008
6647.657	0.008
6647.813	0.008
6647.995	0.008
6648.152	0.009
6648.308	0.008
6648.490	0.009
6648.646	0.008
6648.828	0.009
6648.985	0.008
6649.167	0.008
6649.323	0.008
6649.480	0.008
6649.662	0.008
6649.818	0.008
6649.975	0.008
6650.157	0.008
6650.313	0.008
6650.495	0.008
6650.652	0.008
6650.808	0.008
6650.990	0.008
6651.146	0.008
6651.328	0.008
6651.485	0.008
6651.642	0.008
6651.823	0.008
6651.980	0.008
6652.162	0.008
6652.318	0.008
6652.475	0.008
6652.657	0.008
6652.813	0.008
6652.995	0.008
6653.152	0.008
6653.308	0.008
6653.490	0.008
6653.646	0.008
6653.828	0.008
6653.985	0.008
6654.167	0.008
6654.323	0.008
6654.480	0.008
6654.662	0.008
6654.818	0.008
6654.975	0.008
6655.157	0.006
6655.313	0.008
6655.495	0.008
6655.652	0.007
6655.808	0.007
6655.990	0.007
6656.146	0.007
6656.328	0.003
6656.485	0.007
6656.642	0.007
6656.823	0.005
6656.980	0.004
6657.162	0.003
6657.318	0.003
6657.500	0.004
6657.657	0.005
6657.813	0.003
6657.995	0.004
6658.152	0.005
6658.308	0.004
6658.490	0.004
6658.646	0.003
6658.828	0.004
6658.985	0.003
6659.167	0.003
6659.323	0.004
6659.480	0.003
6659.662	0.003
6659.818	0.003
6659.975	0.003
6660.157	0.003
6660.313	0.003
6660.495	0.003
6660.652	0.003
6660.808	0.003
6660.990	0.003
6661.146	0.003
6661.328	0.003
6661.485	0.003
6661.642	0.003
6661.823	0.003
6661.980	0.003
6662.162	0.003
6662.318	0.003
6662.500	0.003
6662.657	0.003
6662.813	0.003
6662.995	0.003
6663.152	0.003
6663.308	0.003
6663.490	0.003
6663.646	0.003
6663.828	0.003
6663.985	0.003
6664.142	0.003
6664.323	0.003
6664.480	0.003
6664.662	0.003
6664.818	0.003
6664.975	0.003
6665.157	0.003
6665.313	0.003
6665.495	0.003
6665.652	0.003
6665.808	0.003
6665.990	0.003
6666.146	0.003
6666.328	0.003
6666.485	0.003
6666.642	0.003
6666.823	0.002
6666.980	0.003
6667.162	0.003
6667.318	0.003
6667.475	0.003
6667.657	0.003
6667.813	0.003
6667.995	0.003
6668.152	0.003
6668.308	0.003
6668.490	0.003
6668.646	0.002
6668.828	0.002
6668.985	0.002
6669.142	0.002
6669.323	0.002
6669.480	0.003
6669.662	0.001
6669.818	0.002
6669.975	0.002
6670.157	0.002
6670.313	0.001
6670.495	0.000
6670.652	0.002
6670.808	0.001
6670.990	0.002
6671.146	0.002
6671.328	0.001
6671.485	0.000
6671.642	0.000
6671.823	0.001
6671.980	0.000
6672.162	-0.001
6672.318	0.000
6672.475	-0.002
6672.657	-0.001
6672.813	-0.001
6672.995	-0.001
6673.152	-0.002
6673.308	-0.002
6673.490	0.000
6673.646	-0.001
6673.828	-0.002
6673.985	-0.002
6674.142	-0.002
6674.323	0.000
6674.480	-0.002
6674.662	-0.001
6674.818	-0.002
6674.975	-0.002
6675.157	-0.002
6675.313	-0.002
6675.495	-0.002
6675.652	-0.002
6675.808	-0.002
6675.990	-0.002
6676.146	-0.002
6676.328	-0.002
6676.485	-0.002
6676.642	-0.001
6676.823	-0.002
6676.980	-0.002
6677.162	-0.002
6677.318	-0.002
6677.475	-0.002
6677.657	-0.002
6677.813	-0.002
6677.995	-0.002
6678.152	-0.002
6678.308	-0.002
6678.490	-0.002
6678.646	-0.002
6678.828	-0.002
6678.985	-0.002
6679.142	-0.002
6679.323	-0.002
6679.480	-0.002
6679.662	-0.002
6679.818	-0.002
6679.975	-0.002
6680.157	-0.002
6680.313	-0.002
6680.495	-0.002
6680.652	-0.002
6680.808	-0.002
6680.990	-0.002
6681.146	-0.002
6681.328	-0.002
6681.485	-0.003
6681.642	-0.003
6681.823	-0.002
6681.980	-0.002
6682.162	-0.002
6682.318	-0.002
6682.475	-0.002
6682.657	-0.003
6682.813	-0.003
6682.995	-0.002
6683.152	-0.002
6683.308	-0.003
6683.490	-0.002
6683.646	-0.004
6683.828	-0.003
6683.985	-0.003
6684.142	-0.003
6684.323	-0.004
6684.480	-0.003
6684.662	-0.005
6684.818	-0.005
6684.975	-0.004
6685.157	-0.004
6685.313	-0.005
6685.495	-0.005
6685.652	-0.004
6685.808	-0.006
6685.990	-0.006
6686.146	-0.006
6686.328	-0.005
6686.485	-0.005
6686.642	-0.007
6686.823	-0.006
6686.980	-0.006
6687.162	-0.007
6687.318	-0.006
6687.475	-0.005
6687.657	-0.007
6687.813	-0.006
6687.995	-0.006
6688.152	-0.007
6688.308	-0.007
6688.490	-0.007
6688.646	-0.006
6688.828	-0.007
6688.985	-0.007
6689.142	-0.007
6689.323	-0.007
6689.480	-0.007
6689.662	-0.007
6689.818	-0.007
6689.975	-0.007
6690.157	-0.007
6690.313	-0.007
6690.495	-0.007
6690.652	-0.007
6690.808	-0.007
6690.990	-0.007
6691.146	-0.007
6691.328	-0.007
6691.485	-0.007
6691.642	-0.007
6691.823	-0.007
6691.980	-0.007
6692.162	-0.007
6692.318	-0.007
6692.475	-0.007
6692.657	-0.007
6692.813	-0.007
6692.995	-0.007
6693.152	-0.007
6693.308	-0.007
6693.490	-0.007
6693.646	-0.007
6693.828	-0.007
6693.985	-0.007
6694.142	-0.007
6694.323	-0.007
6694.480	-0.007
6694.662	-0.007
6694.818	-0.007
6694.975	-0.007
6695.157	-0.007
6695.313	-0.007
6695.495	-0.007
6695.652	-0.007
6695.808	-0.007
6695.990	-0.007
6696.146	-0.007
6696.328	-0.007
6696.485	-0.007
6696.642	-0.009
6696.823	-0.007
6696.980	-0.007
6697.162	-0.007
6697.318	-0.007
6697.475	-0.009
6697.657	-0.008
6697.813	-0.007
6697.995	-0.008
6698.152	-0.009
6698.308	-0.008
6698.490	-0.009
6698.646	-0.009
6698.828	-0.009
6698.985	-0.009
6699.142	-0.008
6699.323	-0.007
6699.480	-0.009
6699.662	-0.010
6699.818	-0.009
6699.975	-0.009
6700.157	-0.011
6700.313	-0.010
6700.495	-0.009
6700.652	-0.012
6700.808	-0.011
6700.990	-0.012
6701.146	-0.009
6701.328	-0.010
6701.485	-0.012
6701.642	-0.012
6701.823	-0.012
6701.980	-0.011
6702.162	-0.012
6702.318	-0.011
6702.475	-0.012
6702.657	-0.012
6702.813	-0.012
6702.995	-0.012
6703.152	-0.012
6703.308	-0.012
6703.490	-0.012
6703.646	-0.012
6703.828	-0.011
6703.985	-0.012
6704.142	-0.012
6704.323	-0.012
6704.480	-0.011
6704.662	-0.011
6704.818	-0.012
6704.975	-0.012
6705.157	-0.012
6705.313	-0.012
6705.495	-0.012
6705.652	-0.012
6705.808	-0.012
6705.990	-0.013
6706.146	-0.012
6706.328	-0.011
6706.485	-0.012
6706.642	-0.012
6706.823	-0.012
6706.980	-0.012
6707.162	-0.012
6707.318	-0.012
6707.475	-0.012
6707.657	-0.012
6707.813	-0.012
6707.995	-0.012
6708.152	-0.012
6708.308	-0.012
6708.490	-0.012
6708.646	-0.012
6708.828	-0.012
6708.985	-0.015
6709.142	-0.013
6709.323	-0.014
6709.480	-0.012
6709.662	-0.013
6709.818	-0.012
6709.975	-0.012
6710.157	-0.013
6710.313	-0.015
6710.495	-0.013
6710.652	-0.012
6710.808	-0.014
6710.990	-0.014
6711.146	-0.013
6711.328	-0.014
6711.485	-0.014
6711.642	-0.014
6711.823	-0.015
6711.980	-0.015
6712.162	-0.014
6712.318	-0.015
6712.475	-0.014
6712.657	-0.016
6712.813	-0.016
6712.995	-0.015
6713.152	-0.015
6713.308	-0.017
6713.490	-0.017
6713.646	-0.017
6713.828	-0.017
6713.985	-0.017
6714.142	-0.017
6714.323	-0.017
6714.480	-0.017
6714.662	-0.016
6714.818	-0.017
6714.975	-0.017
6715.157	-0.017
6715.313	-0.017
6715.495	-0.017
6715.652	-0.017
6715.808	-0.015
6715.990	-0.017
6716.146	-0.017
6716.328	-0.017
6716.485	-0.017
6716.642	-0.017
6716.823	-0.017
6716.980	-0.017
6717.162	-0.017
6717.318	-0.017
6717.475	-0.017
6717.657	-0.017
6717.813	-0.017
6717.995	-0.017
6718.152	-0.017
6718.308	-0.017
6718.490	-0.017
6718.646	-0.017
6718.828	-0.017
6718.985	-0.017
6719.142	-0.017
6719.323	-0.017
6719.480	-0.017
6719.662	-0.017
6719.818	-0.017
6719.975	-0.017
6720.157	-0.017
6720.313	-0.017
6720.495	-0.017
6720.652	-0.017
6720.808	-0.017
6720.990	-0.017
6721.146	-0.017
6721.302	-0.017
6721.485	-0.017
6721.642	-0.017
6721.823	-0.017
6721.980	-0.017
6722.162	-0.017
6722.318	-0.017
6722.475	-0.017
6722.657	-0.017
6722.813	-0.017
6722.968	-0.017
6723.152	-0.017
6723.308	-0.017
6723.490	-0.017
6723.646	-0.017
6723.828	-0.017
6723.985	-0.017
6724.142	-0.017
6724.323	-0.017
6724.480	-0.017
6724.635	-0.017
6724.818	-0.017
6724.975	-0.017
6725.157	-0.017
6725.313	-0.017
6725.468	-0.017
6725.652	-0.017
6725.808	-0.018
6725.990	-0.017
6726.146	-0.017
6726.302	-0.017
6726.485	-0.018
6726.642	-0.017
6726.823	-0.017
6726.980	-0.017
6727.162	-0.017
6727.318	-0.018
6727.475	-0.017
6727.657	-0.017
6727.813	-0.017
6727.968	-0.018
6728.152	-0.020
6728.308	-0.017
6728.490	-0.017
6728.646	-0.017
6728.828	-0.017
6728.985	-0.020
6729.142	-0.018
6729.323	-0.017
6729.480	-0.020
6729.635	-0.018
6729.818	-0.019
6729.975	-0.020
6730.157	-0.018
6730.313	-0.018
6730.495	-0.019
6730.652	-0.019
6730.808	-0.017
6730.990	-0.020
6731.146	-0.020
6731.302	-0.019
6731.485	-0.020
6731.642	-0.020
6731.823	-0.020
6731.980	-0.022
6732.135	-0.021
6732.318	-0.021
6732.475	-0.020
6732.657	-0.022
6732.813	-0.021
6732.995	-0.022
6733.152	-0.021
6733.308	-0.022
6733.490	-0.022
6733.646	-0.021
6733.802	-0.022
6733.985	-0.020
6734.142	-0.021
6734.323	-0.022
6734.480	-0.022
6734.662	-0.022
6734.818	-0.021
6734.975	-0.022
6735.157	-0.022
6735.313	-0.022
6735.495	-0.022
6735.652	-0.022
6735.808	-0.022
6735.990	-0.022
6736.146	-0.021
6736.302	-0.022
6736.485	-0.022
6736.642	-0.022
6736.823	-0.022
6736.980	-0.022
6737.162	-0.022
6737.318	-0.022
6737.475	-0.022
6737.657	-0.022
6737.813	-0.022
6737.968	-0.022
6738.152	-0.022
6738.308	-0.022
6738.490	-0.022
6738.646	-0.022
6738.828	-0.022
6738.985	-0.022
6739.142	-0.022
6739.323	-0.022
6739.480	-0.022
6739.635	-0.022
6739.818	-0.022
6739.975	-0.022
6740.157	-0.022
6740.313	-0.022
6740.468	-0.022
6740.652	-0.022
6740.808	-0.022
6740.990	-0.022
6741.146	-0.022
6741.302	-0.022
6741.485	-0.022
6741.642	-0.022
6741.823	-0.022
6741.980	-0.022
6742.162	-0.022
6742.318	-0.022
6742.475	-0.022
6742.657	-0.022
6742.813	-0.022
6742.968	-0.023
6743.152	-0.022
6743.308	-0.022
6743.490	-0.022
6743.646	-0.022
6743.828	-0.022
6743.985	-0.022
6744.142	-0.023
6744.323	-0.022
6744.480	-0.022
6744.635	-0.022
6744.818	-0.023
6744.975	-0.022
6745.157	-0.022
6745.313	-0.022
6745.495	-0.022
6745.652	-0.022
6745.808	-0.024
6745.990	-0.023
6746.146	-0.025
6746.302	-0.023
6746.485	-0.024
6746.642	-0.023
6746.823	-0.024
6746.980	-0.024
6747.162	-0.024
6747.318	-0.024
6747.475	-0.025
6747.657	-0.023
6747.813	-0.022
6747.968	-0.022
6748.152	-0.024
6748.308	-0.024
6748.490	-0.024
6748.646	-0.022
6748.828	-0.026
6748.985	-0.024
6749.142	-0.026
6749.323	-0.025
6749.480	-0.024
6749.635	-0.026
6749.818	-0.026
6749.975	-0.026
6750.157	-0.026
6750.313	-0.026
6750.495	-0.026
6750.652	-0.026
6750.808	-0.026
6750.990	-0.026
6751.146	-0.026
6751.302	-0.026
6751.485	-0.026
6751.642	-0.026
6751.823	-0.026
6751.980	-0.026
6752.135	-0.026
6752.318	-0.027
6752.475	-0.027
6752.657	-0.027
6752.813	-0.026
6752.968	-0.027
6753.152	-0.027
6753.308	-0.026
6753.490	-0.026
6753.646	-0.027
6753.802	-0.027
6753.985	-0.027
6754.142	-0.027
6754.323	-0.027
6754.480	-0.027
6754.635	-0.026
6754.818	-0.027
6754.975	-0.027
6755.157	-0.027
6755.313	-0.027
6755.468	-0.026
6755.652	-0.027
6755.808	-0.027
6755.990	-0.027
6756.146	-0.027
6756.302	-0.027
6756.485	-0.027
6756.642	-0.027
6756.823	-0.027
6756.980	-0.027
6757.135	-0.027
6757.318	-0.027
6757.475	-0.027
6757.657	-0.027
6757.813	-0.027
6757.968	-0.027
6758.152	-0.027
6758.308	-0.027
6758.490	-0.027
6758.646	-0.027
6758.802	-0.027
6758.985	-0.027
6759.142	-0.027
6759.323	-0.027
6759.480	-0.027
6759.635	-0.027
6759.818	-0.027
6759.975	-0.027
6760.157	-0.027
6760.313	-0.028
6760.468	-0.027
6760.652	-0.027
6760.808	-0.027
6760.990	-0.027
6761.146	-0.027
6761.302	-0.027
6761.485	-0.027
6761.642	-0.027
6761.823	-0.027
6761.980	-0.027
6762.135	-0.027
6762.318	-0.027
6762.475	-0.027
6762.657	-0.027
6762.813	-0.027
6762.968	-0.027
6763.152	-0.028
6763.308	-0.027
6763.490	-0.027
6763.646	-0.027
6763.802	-0.027
6763.985	-0.027
6764.142	-0.027
6764.323	-0.027
6764.480	-0.027
6764.635	-0.027
6764.818	-0.028
6764.975	-0.027
6765.157	-0.027
6765.313	-0.028
6765.468	-0.027
6765.652	-0.029
6765.808	-0.028
6765.990	-0.027
6766.146	-0.027
6766.302	-0.030
6766.485	-0.029
6766.642	-0.028
6766.823	-0.028
6766.980	-0.029
6767.135	-0.028
6767.318	-0.027
6767.475	-0.029
6767.657	-0.028
6767.813	-0.029
6767.968	-0.029
6768.152	-0.030
6768.308	-0.030
6768.490	-0.030
6768.646	-0.029
6768.802	-0.030
6768.985	-0.029
6769.142	-0.029
6769.323	-0.029
6769.480	-0.031
6769.635	-0.031
6769.818	-0.032
6769.975	-0.030
6770.157	-0.032
6770.313	-0.032
6770.468	-0.030
6770.652	-0.029
6770.808	-0.032
6770.990	-0.031
6771.146	-0.032
6771.302	-0.032
6771.485	-0.032
6771.642	-0.032
6771.823	-0.031
6771.980	-0.031
6772.135	-0.032
6772.318	-0.032
6772.475	-0.031
6772.657	-0.032
6772.813	-0.031
6772.968	-0.031
6773.152	-0.031
6773.308	-0.032
6773.490	-0.032
6773.646	-0.032
6773.802	-0.032
6773.985	-0.032
6774.142	-0.032
6774.323	-0.032
6774.480	-0.032
6774.635	-0.032
6774.818	-0.032
6774.975	-0.032
6775.157	-0.032
6775.313	-0.032
6775.468	-0.032
6775.652	-0.032
6775.808	-0.032
6775.990	-0.032
6776.146	-0.032
6776.302	-0.032
6776.485	-0.032
6776.642	-0.032
6776.823	-0.032
6776.980	-0.032
6777.135	-0.032
6777.318	-0.032
6777.475	-0.032
6777.657	-0.032
6777.813	-0.032
6777.968	-0.032
6778.152	-0.032
6778.308	-0.032
6778.490	-0.032
6778.646	-0.032
6778.802	-0.032
6778.985	-0.032
6779.142	-0.032
6779.323	-0.032
6779.480	-0.032
6779.635	-0.032
6779.818	-0.032
6779.975	-0.032
6780.157	-0.032
6780.313	-0.032
6780.468	-0.032
6780.652	-0.032
6780.808	-0.032
6780.990	-0.032
6781.146	-0.032
6781.302	-0.032
6781.485	-0.032
6781.642	-0.032
6781.823	-0.032
6781.980	-0.032
6782.135	-0.032
6782.318	-0.032
6782.475	-0.032
6782.657	-0.032
6782.813	-0.032
6782.968	-0.032
6783.152	-0.032
6783.308	-0.032
6783.490	-0.032
6783.646	-0.032
6783.802	-0.033
6783.985	-0.032
6784.142	-0.032
6784.323	-0.032
6784.480	-0.032
6784.635	-0.033
6784.818	-0.032
6784.975	-0.032
6785.157	-0.032
6785.313	-0.032
6785.468	-0.033
6785.652	-0.034
6785.808	-0.033
6785.990	-0.033
6786.146	-0.034
6786.302	-0.033
6786.485	-0.034
6786.642	-0.032
6786.823	-0.032
6786.980	-0.033
6787.135	-0.032
6787.318	-0.033
6787.475	-0.033
6787.657	-0.033
6787.813	-0.035
6787.968	-0.033
6788.152	-0.034
6788.308	-0.035
6788.490	-0.032
6788.646	-0.033
6788.802	-0.035
6788.985	-0.033
6789.142	-0.033
6789.323	-0.032
6789.480	-0.033
6789.635	-0.033
6789.818	-0.033
6789.975	-0.034
6790.157	-0.034
6790.313	-0.035
6790.468	-0.036
6790.652	-0.036
6790.808	-0.034
6790.990	-0.033
6791.146	-0.035
6791.302	-0.034
6791.485	-0.035
6791.642	-0.032
6791.823	-0.035
6791.980	-0.037
6792.135	-0.035
6792.318	-0.034
6792.475	-0.037
6792.657	-0.036
6792.813	-0.037
6792.968	-0.037
6793.152	-0.034
6793.308	-0.037
6793.490	-0.037
6793.646	-0.036
6793.802	-0.036
6793.985	-0.035
6794.142	-0.037
6794.323	-0.036
6794.480	-0.035
6794.635	-0.037
6794.818	-0.037
6794.975	-0.037
6795.157	-0.037
6795.313	-0.037
6795.468	-0.037
6795.652	-0.037
6795.808	-0.037
6795.990	-0.036
6796.146	-0.037
6796.302	-0.037
6796.485	-0.037
6796.642	-0.037
6796.823	-0.037
6796.980	-0.037
6797.135	-0.037
6797.318	-0.037
6797.475	-0.037
6797.657	-0.037
6797.813	-0.037
6797.968	-0.037
6798.152	-0.037
6798.308	-0.037
6798.490	-0.037
6798.646	-0.037
6798.802	-0.037
6798.985	-0.037
6799.142	-0.037
6799.323	-0.037
6799.480	-0.037
6799.635	-0.037
6799.818	-0.037
6799.975	-0.037
6800.157	-0.037
6800.313	-0.037
6800.468	-0.037
6800.652	-0.037
6800.808	-0.037
6800.990	-0.037
6801.146	-0.037
6801.302	-0.037
6801.485	-0.037
6801.642	-0.037
6801.823	-0.037
6801.980	-0.037
6802.135	-0.037
6802.318	-0.037
6802.475	-0.037
6802.657	-0.037
6802.813	-0.037
6802.968	-0.037
6803.152	-0.037
6803.308	-0.037
6803.490	-0.037
6803.646	-0.037
6803.802	-0.037
6803.985	-0.037
6804.142	-0.037
6804.323	-0.037
6804.480	-0.037
6804.635	-0.037
6804.818	-0.037
6804.975	-0.037
6805.157	-0.037
6805.313	-0.037
6805.468	-0.037
6805.652	-0.037
6805.808	-0.037
6805.990	-0.037
6806.146	-0.037
6806.302	-0.037
6806.485	-0.037
6806.642	-0.037
6806.823	-0.037
6806.980	-0.037
6807.135	-0.037
6807.318	-0.037
6807.475	-0.037
6807.657	-0.037
6807.813	-0.037
6807.968	-0.037
6808.152	-0.037
6808.308	-0.037
6808.490	-0.037
6808.646	-0.037
6808.802	-0.037
6808.985	-0.037
6809.142	-0.037
6809.323	-0.037
6809.480	-0.037
6809.635	-0.037
6809.818	-0.037
6809.975	-0.037
6810.157	-0.037
6810.313	-0.037
6810.468	-0.037
6810.652	-0.037
6810.808	-0.037
6810.990	-0.037
6811.146	-0.037
6811.302	-0.037
6811.485	-0.037
6811.642	-0.037
6811.823	-0.037
6811.980	-0.037
6812.135	-0.037
6812.318	-0.037
6812.475	-0.037
6812.630	-0.037
6812.813	-0.037
6812.968	-0.037
6813.152	-0.037
6813.308	-0.037
6813.490	-0.037
6813.646	-0.037
6813.802	-0.037
6813.985	-0.037
6814.142	-0.037
6814.323	-0.037
6814.480	-0.037
6814.635	-0.037
6814.818	-0.037
6814.975	-0.037
6815.157	-0.037
6815.313	-0.037
6815.468	-0.037
6815.652	-0.037
6815.808	-0.037
6815.990	-0.037
6816.146	-0.037
6816.302	-0.037
6816.485	-0.037
6816.642	-0.037
6816.823	-0.037
6816.980	-0.037
6817.135	-0.038
6817.318	-0.037
6817.475	-0.038
6817.657	-0.037
6817.813	-0.037
6817.968	-0.038
6818.152	-0.037
6818.308	-0.037
6818.490	-0.038
6818.646	-0.037
6818.802	-0.038
6818.985	-0.038
6819.142	-0.037
6819.323	-0.037
6819.480	-0.037
6819.635	-0.037
6819.818	-0.037
6819.975	-0.039
6820.157	-0.038
6820.313	-0.039
6820.468	-0.038
6820.652	-0.038
6820.808	-0.037
6820.990	-0.037
6821.146	-0.039
6821.302	-0.039
6821.485	-0.039
6821.642	-0.040
6821.823	-0.038
6821.980	-0.038
6822.135	-0.039
6822.318	-0.039
6822.475	-0.039
6822.657	-0.038
6822.813	-0.041
6822.968	-0.039
6823.152	-0.041
6823.308	-0.038
6823.490	-0.041
6823.646	-0.041
6823.802	-0.041
6823.985	-0.040
6824.142	-0.040
6824.323	-0.042
6824.480	-0.038
6824.635	-0.040
6824.818	-0.039
6824.975	-0.041
6825.157	-0.040
6825.313	-0.038
6825.468	-0.042
6825.652	-0.042
6825.808	-0.039
6825.990	-0.039
6826.146	-0.042
6826.302	-0.042
6826.485	-0.042
6826.642	-0.041
6826.823	-0.039
6826.980	-0.043
6827.135	-0.041
6827.318	-0.042
6827.475	-0.042
6827.657	-0.041
6827.813	-0.043
6827.968	-0.043
6828.152	-0.042
6828.308	-0.043
6828.490	-0.043
6828.646	-0.041
6828.802	-0.042
6828.985	-0.042
6829.142	-0.042
6829.323	-0.043
6829.480	-0.042
6829.635	-0.043
6829.818	-0.043
6829.975	-0.042
6830.157	-0.042
6830.313	-0.043
6830.468	-0.043
6830.652	-0.043
6830.808	-0.042
6830.990	-0.043
6831.146	-0.043
6831.302	-0.043
6831.485	-0.043
6831.642	-0.042
6831.823	-0.042
6831.980	-0.043
6832.135	-0.043
6832.318	-0.043
6832.475	-0.043
6832.657	-0.043
6832.813	-0.043
6832.968	-0.043
6833.152	-0.043
6833.308	-0.043
6833.490	-0.042
6833.646	-0.043
6833.802	-0.043
6833.985	-0.043
6834.142	-0.043
6834.323	-0.043
6834.480	-0.043
6834.635	-0.043
6834.818	-0.043
6834.975	-0.043
6835.157	-0.043
6835.313	-0.043
6835.468	-0.043
6835.652	-0.043
6835.808	-0.043
6835.990	-0.043
6836.146	-0.043
6836.302	-0.043
6836.485	-0.043
6836.642	-0.043
6836.823	-0.043
6836.980	-0.043
6837.135	-0.043
6837.318	-0.043
6837.475	-0.043
6837.630	-0.043
6837.813	-0.043
6837.968	-0.043
6838.152	-0.043
6838.308	-0.043
6838.490	-0.043
6838.646	-0.043
6838.802	-0.043
6838.985	-0.043
6839.142	-0.043
6839.297	-0.043
6839.480	-0.043
6839.635	-0.043
6839.818	-0.043
6839.975	-0.043
6840.157	-0.043
6840.313	-0.043
6840.468	-0.043
6840.652	-0.043
6840.808	-0.043
6840.963	-0.043
6841.146	-0.043
6841.302	-0.043
6841.485	-0.043
6841.642	-0.043
6841.823	-0.043
6841.980	-0.043
6842.135	-0.043
6842.318	-0.043
6842.475	-0.043
6842.630	-0.043
6842.813	-0.043
6842.968	-0.043
6843.152	-0.043
6843.308	-0.043
6843.490	-0.043
6843.646	-0.043
6843.802	-0.043
6843.985	-0.043
6844.142	-0.043
6844.297	-0.043
6844.480	-0.043
6844.635	-0.043
6844.818	-0.043
6844.975	-0.043
6845.157	-0.043
6845.313	-0.043
6845.468	-0.043
6845.652	-0.043
6845.808	-0.043
6845.963	-0.043
6846.146	-0.043
6846.302	-0.043
6846.485	-0.043
6846.642	-0.043
6846.823	-0.043
6846.980	-0.043
6847.135	-0.043
6847.318	-0.043
6847.475	-0.043
6847.630	-0.043
6847.813	-0.043
6847.968	-0.043
6848.152	-0.043
6848.308	-0.043
6848.490	-0.043
6848.646	-0.043
6848.802	-0.043
6848.985	-0.043
6849.142	-0.043
6849.297	-0.043
6849.480	-0.043
6849.635	-0.043
6849.818	-0.043
6849.975	-0.043
6850.157	-0.043
6850.313	-0.043
6850.468	-0.043
6850.652	-0.043
6850.808	-0.043
6850.990	-0.043
6851.146	-0.043
6851.302	-0.043
6851.485	-0.043
6851.642	-0.044
6851.797	-0.043
6851.980	-0.043
6852.135	-0.043
6852.318	-0.043
6852.475	-0.043
6852.630	-0.044
6852.813	-0.044
6852.968	-0.043
6853.152	-0.043
6853.308	-0.043
6853.490	-0.043
6853.646	-0.044
6853.802	-0.043
6853.985	-0.044
6854.142	-0.043
6854.323	-0.044
6854.480	-0.046
6854.635	-0.044
6854.818	-0.044
6854.975	-0.046
6855.157	-0.044
6855.313	-0.045
6855.468	-0.045
6855.652	-0.046
6855.808	-0.044
6855.990	-0.043
6856.146	-0.045
6856.302	-0.044
6856.485	-0.046
6856.642	-0.044
6856.797	-0.045
6856.980	-0.044
6857.135	-0.047
6857.318	-0.045
6857.475	-0.044
6857.657	-0.045
6857.813	-0.045
6857.968	-0.043
6858.152	-0.047
6858.308	-0.046
6858.490	-0.047
6858.646	-0.047
6858.802	-0.045
6858.985	-0.048
6859.142	-0.047
6859.297	-0.045
6859.480	-0.047
6859.635	-0.047
6859.818	-0.048
6859.975	-0.046
6860.157	-0.045
6860.313	-0.047
6860.468	-0.046
6860.652	-0.045
6860.808	-0.046
6860.990	-0.047
6861.146	-0.046
6861.302	-0.046
6861.485	-0.046
6861.642	-0.047
6861.797	-0.046
6861.980	-0.048
6862.135	-0.048
6862.318	-0.046
6862.475	-0.046
6862.657	-0.048
6862.813	-0.047
6862.968	-0.045
6863.152	-0.047
6863.308	-0.047
6863.463	-0.046
6863.646	-0.048
6863.802	-0.047
6863.985	-0.047
6864.142	-0.047
6864.297	-0.047
6864.480	-0.048
6864.635	-0.047
6864.818	-0.046
6864.975	-0.046
6865.157	-0.048
6865.313	-0.047
6865.468	-0.047
6865.652	-0.048
6865.808	-0.047
6865.963	-0.048
6866.146	-0.047
6866.302	-0.047
6866.485	-0.048
6866.642	-0.047
6866.823	-0.046
6866.980	-0.048
6867.135	-0.048
6867.318	-0.048
6867.475	-0.048
6867.630	-0.046
6867.813	-0.047
6867.968	-0.048
6868.152	-0.048
6868.308	-0.048
6868.463	-0.048
6868.646	-0.048
6868.802	-0.047
6868.985	-0.048
6869.142	-0.048
6869.323	-0.047
6869.480	-0.047
6869.635	-0.048
6869.818	-0.048
6869.975	-0.048
6870.157	-0.048
6870.313	-0.048
6870.468	-0.048
6870.652	-0.048
6870.808	-0.048
6870.963	-0.047
6871.146	-0.048
6871.302	-0.048
6871.485	-0.048
6871.642	-0.048
6871.823	-0.047
6871.980	-0.048
6872.135	-0.048
6872.318	-0.048
6872.475	-0.048
6872.630	-0.048
6872.813	-0.048
6872.968	-0.048
6873.152	-0.048
6873.308	-0.048
6873.490	-0.048
6873.646	-0.048
6873.802	-0.048
6873.985	-0.048
6874.142	-0.048
6874.297	-0.048
6874.480	-0.048
6874.635	-0.048
6874.818	-0.048
6874.975	-0.048
6875.130	-0.048
6875.313	-0.048
6875.468	-0.048
6875.652	-0.048
6875.808	-0.048
6875.963	-0.048
6876.146	-0.048
6876.302	-0.048
6876.485	-0.048
6876.642	-0.048
6876.797	-0.048
6876.980	-0.048
6877.135	-0.048
6877.318	-0.048
6877.475	-0.048
6877.630	-0.048
6877.813	-0.048
6877.968	-0.048
6878.152	-0.048
6878.308	-0.048
6878.463	-0.048
6878.646	-0.048
6878.802	-0.048
6878.985	-0.048
6879.142	-0.048
6879.297	-0.048
6879.480	-0.048
6879.635	-0.048
6879.818	-0.048
6879.975	-0.048
6880.130	-0.048
6880.313	-0.048
6880.468	-0.048
6880.652	-0.048
6880.808	-0.048
6880.963	-0.048
6881.146	-0.048
6881.302	-0.048
6881.485	-0.048
6881.642	-0.048
6881.797	-0.048
6881.980	-0.047
6882.135	-0.048
6882.318	-0.048
6882.475	-0.048
6882.630	-0.048
6882.813	-0.048
6882.968	-0.048
6883.152	-0.048
6883.308	-0.048
6883.463	-0.048
6883.646	-0.048
6883.802	-0.048
6883.985	-0.048
6884.142	-0.048
6884.297	-0.048
6884.480	-0.048
6884.635	-0.048
6884.818	-0.048
6884.975	-0.048
6885.130	-0.048
6885.313	-0.048
6885.468	-0.048
6885.652	-0.048
6885.808	-0.048
6885.963	-0.048
6886.146	-0.048
6886.302	-0.048
6886.485	-0.048
6886.642	-0.048
6886.797	-0.048
6886.980	-0.048
6887.135	-0.048
6887.318	-0.048
6887.475	-0.048
6887.630	-0.048
6887.813	-0.048
6887.968	-0.048
6888.152	-0.048
6888.308	-0.048
6888.463	-0.048
6888.646	-0.048
6888.802	-0.048
6888.985	-0.048
6889.142	-0.048
6889.297	-0.048
6889.480	-0.048
6889.635	-0.048
6889.818	-0.048
6889.975	-0.048
6890.130	-0.048
6890.313	-0.048
6890.468	-0.048
6890.652	-0.049
6890.808	-0.048
6890.963	-0.048
6891.146	-0.048
6891.302	-0.048
6891.485	-0.048
6891.642	-0.048
6891.797	-0.048
6891.980	-0.048
6892.135	-0.048
6892.318	-0.048
6892.475	-0.048
6892.630	-0.048
6892.813	-0.048
6892.968	-0.048
6893.152	-0.048
6893.308	-0.049
6893.463	-0.048
6893.646	-0.049
6893.802	-0.048
6893.985	-0.048
6894.142	-0.048
6894.297	-0.048
6894.480	-0.048
6894.635	-0.049
6894.818	-0.049
6894.975	-0.048
6895.130	-0.048
6895.313	-0.049
6895.468	-0.048
6895.652	-0.049
6895.808	-0.048
6895.963	-0.048
6896.146	-0.048
6896.302	-0.048
6896.485	-0.049
6896.642	-0.049
6896.797	-0.048
6896.980	-0.049
6897.135	-0.049
6897.318	-0.048
6897.475	-0.048
6897.630	-0.048
6897.813	-0.049
6897.968	-0.049
6898.152	-0.048
6898.308	-0.049
6898.463	-0.048
6898.646	-0.049
6898.802	-0.048
6898.985	-0.049
6899.142	-0.049
6899.297	-0.049
6899.480	-0.048
6899.635	-0.048
6899.818	-0.048
6899.975	-0.049
6900.130	-0.048
6900.313	-0.049
6900.468	-0.050
6900.652	-0.049
6900.808	-0.049
6900.963	-0.050
6901.146	-0.048
6901.302	-0.048
6901.485	-0.049
6901.642	-0.049
6901.797	-0.048
6901.980	-0.049
6902.135	-0.049
6902.318	-0.049
6902.475	-0.049
6902.630	-0.049
6902.813	-0.050
6902.968	-0.049
6903.152	-0.049
6903.308	-0.049
6903.463	-0.049
6903.646	-0.050
6903.802	-0.050
6903.985	-0.048
6904.142	-0.049
6904.297	-0.049
6904.480	-0.051
6904.635	-0.050
6904.818	-0.052
6904.975	-0.050
6905.130	-0.049
6905.313	-0.048
6905.468	-0.048
6905.652	-0.050
6905.808	-0.049
6905.963	-0.051
6906.146	-0.050
6906.302	-0.051
6906.485	-0.049
6906.642	-0.049
6906.797	-0.050
6906.980	-0.050
6907.135	-0.051
6907.318	-0.050
6907.475	-0.052
6907.630	-0.051
6907.813	-0.051
6907.968	-0.050
6908.152	-0.051
6908.308	-0.052
6908.463	-0.050
6908.646	-0.051
6908.802	-0.051
6908.985	-0.051
6909.142	-0.052
6909.297	-0.050
6909.480	-0.053
6909.635	-0.050
6909.818	-0.049
6909.975	-0.050
6910.130	-0.053
6910.313	-0.051
6910.468	-0.050
6910.652	-0.051
6910.808	-0.052
6910.963	-0.052
6911.146	-0.050
6911.302	-0.051
6911.485	-0.048
6911.642	-0.051
6911.797	-0.053
6911.980	-0.053
6912.135	-0.053
6912.318	-0.053
6912.475	-0.053
6912.630	-0.049
6912.813	-0.052
6912.968	-0.052
6913.152	-0.053
6913.308	-0.051
6913.463	-0.052
6913.646	-0.051
6913.802	-0.052
6913.985	-0.052
6914.142	-0.050
6914.297	-0.050
6914.480	-0.052
6914.635	-0.053
6914.818	-0.052
6914.975	-0.053
6915.130	-0.052
6915.313	-0.052
6915.468	-0.053
6915.652	-0.052
6915.808	-0.052
6915.963	-0.053
6916.146	-0.053
6916.302	-0.051
6916.485	-0.053
6916.642	-0.052
6916.797	-0.051
6916.980	-0.053
6917.135	-0.052
6917.318	-0.053
6917.475	-0.053
6917.630	-0.053
6917.813	-0.053
6917.968	-0.053
6918.152	-0.052
6918.308	-0.052
6918.463	-0.053
6918.646	-0.053
6918.802	-0.053
6918.985	-0.053
6919.142	-0.053
6919.297	-0.053
6919.480	-0.053
6919.635	-0.053
6919.818	-0.053
6919.975	-0.053
6920.130	-0.053
6920.313	-0.053
6920.468	-0.053
6920.652	-0.053
6920.808	-0.052
6920.963	-0.053
6921.146	-0.052
6921.302	-0.053
6921.485	-0.052
6921.642	-0.053
6921.797	-0.053
6921.980	-0.053
6922.135	-0.053
6922.318	-0.053
6922.475	-0.053
6922.630	-0.053
6922.813	-0.053
6922.968	-0.053
6923.152	-0.053
6923.308	-0.053
6923.463	-0.052
6923.646	-0.053
6923.802	-0.053
6923.958	-0.053
6924.142	-0.053
6924.297	-0.053
6924.480	-0.053
6924.635	-0.053
6924.792	-0.053
6924.975	-0.053
6925.130	-0.053
6925.313	-0.053
6925.468	-0.053
6925.652	-0.053
6925.808	-0.053
6925.963	-0.053
6926.146	-0.053
6926.302	-0.053
6926.458	-0.053
6926.642	-0.053
6926.797	-0.053
6926.980	-0.053
6927.135	-0.053
6927.318	-0.053
6927.475	-0.053
6927.630	-0.053
6927.813	-0.053
6927.968	-0.053
6928.152	-0.053
6928.308	-0.053
6928.463	-0.053
6928.646	-0.053
6928.802	-0.053
6928.958	-0.052
6929.142	-0.053
6929.297	-0.053
6929.480	-0.054
6929.635	-0.053
6929.818	-0.053
6929.975	-0.053
6930.130	-0.052
6930.313	-0.053
6930.468	-0.053
6930.652	-0.053
6930.808	-0.053
6930.963	-0.053
6931.146	-0.053
6931.302	-0.053
6931.458	-0.053
6931.642	-0.053
6931.797	-0.053
6931.980	-0.053
6932.135	-0.053
6932.318	-0.053
6932.475	-0.053
6932.630	-0.053
6932.813	-0.053
6932.968	-0.053
6933.125	-0.053
6933.308	-0.053
6933.463	-0.053
6933.646	-0.053
6933.802	-0.053
6933.958	-0.053
6934.142	-0.053
6934.297	-0.053
6934.480	-0.053
6934.635	-0.053
6934.818	-0.053
6934.975	-0.053
6935.130	-0.053
6935.313	-0.053
6935.468	-0.053
6935.625	-0.053
6935.808	-0.053
6935.963	-0.054
6936.146	-0.053
6936.302	-0.053
6936.485	-0.053
6936.642	-0.053
6936.797	-0.053
6936.980	-0.053
6937.135	-0.053
6937.318	-0.053
6937.475	-0.054
6937.630	-0.053
6937.813	-0.053
6937.968	-0.053
6938.125	-0.053
6938.308	-0.053
6938.463	-0.054
6938.646	-0.053
6938.802	-0.053
6938.958	-0.053
6939.142	-0.053
6939.297	-0.053
6939.480	-0.053
6939.635	-0.053
6939.818	-0.053
6939.975	-0.053
6940.130	-0.053
6940.313	-0.053
6940.468	-0.053
6940.625	-0.053
6940.808	-0.053
6940.963	-0.053
6941.146	-0.053
6941.302	-0.053
6941.485	-0.053
6941.642	-0.053
6941.797	-0.053
6941.980	-0.053
6942.135	-0.053
6942.292	-0.053
6942.475	-0.053
6942.630	-0.054
6942.813	-0.053
6942.968	-0.053
6943.152	-0.053
6943.308	-0.053
6943.463	-0.053
6943.646	-0.053
6943.802	-0.054
6943.958	-0.054
6944.142	-0.054
6944.297	-0.054
6944.480	-0.053
6944.635	-0.053
6944.818	-0.054
6944.975	-0.053
6945.130	-0.053
6945.313	-0.053
6945.468	-0.053
6945.625	-0.053
6945.808	-0.053
6945.963	-0.053
6946.146	-0.054
6946.302	-0.053
6946.485	-0.054
6946.642	-0.053
6946.797	-0.053
6946.980	-0.053
6947.135	-0.053
6947.318	-0.053
6947.475	-0.054
6947.630	-0.054
6947.813	-0.053
6947.968	-0.053
6948.125	-0.053
6948.308	-0.053
6948.463	-0.053
6948.646	-0.054
6948.802	-0.053
6948.985	-0.054
6949.142	-0.054
6949.297	-0.053
6949.480	-0.054
6949.635	-0.054
6949.792	-0.053
6949.975	-0.054
6950.130	-0.053
6950.313	-0.054
6950.468	-0.053
6950.652	-0.053
6950.808	-0.053
6950.963	-0.054
6951.146	-0.053
6951.302	-0.053
6951.458	-0.053
6951.642	-0.054
6951.797	-0.054
6951.980	-0.054
6952.135	-0.053
6952.292	-0.054
6952.475	-0.053
6952.630	-0.055
6952.813	-0.053
6952.968	-0.054
6953.152	-0.054
6953.308	-0.054
6953.463	-0.056
6953.646	-0.053
6953.802	-0.054
6953.985	-0.054
6954.142	-0.054
6954.297	-0.053
6954.480	-0.053
6954.635	-0.054
6954.818	-0.054
6954.975	-0.054
6955.130	-0.054
6955.313	-0.056
6955.468	-0.054
6955.625	-0.054
6955.808	-0.054
6955.963	-0.055
6956.146	-0.054
6956.302	-0.054
6956.458	-0.055
6956.642	-0.053
6956.797	-0.054
6956.980	-0.054
6957.135	-0.054
6957.318	-0.056
6957.475	-0.055
6957.630	-0.054
6957.813	-0.055
6957.968	-0.054
6958.125	-0.055
6958.308	-0.054
6958.463	-0.054
6958.646	-0.054
6958.802	-0.055
6958.958	-0.054
6959.142	-0.056
6959.297	-0.055
6959.480	-0.055
6959.635	-0.054
6959.818	-0.053
6959.975	-0.055
6960.130	-0.054
6960.313	-0.054
6960.468	-0.054
6960.625	-0.055
6960.808	-0.054
6960.963	-0.056
6961.146	-0.054
6961.302	-0.054
6961.458	-0.055
6961.642	-0.054
6961.797	-0.054
6961.980	-0.055
6962.135	-0.055
6962.292	-0.054
6962.475	-0.056
6962.630	-0.054
6962.813	-0.055
6962.968	-0.054
6963.125	-0.056
6963.308	-0.056
6963.463	-0.054
6963.646	-0.054
6963.802	-0.054
6963.958	-0.055
6964.142	-0.057
6964.297	-0.056
6964.480	-0.055
6964.635	-0.056
6964.792	-0.055
6964.975	-0.056
6965.130	-0.056
6965.313	-0.056
6965.468	-0.056
6965.625	-0.055
6965.808	-0.055
6965.963	-0.056
6966.146	-0.056
6966.302	-0.057
6966.458	-0.056
6966.642	-0.056
6966.797	-0.054
6966.980	-0.056
6967.135	-0.056
6967.292	-0.056
6967.475	-0.057
6967.630	-0.056
6967.813	-0.055
6967.968	-0.054
6968.125	-0.054
6968.308	-0.057
6968.463	-0.056
6968.646	-0.057
6968.802	-0.056
6968.958	-0.057
6969.142	-0.056
6969.297	-0.058
6969.480	-0.057
6969.635	-0.057
6969.792	-0.057
6969.975	-0.057
6970.130	-0.056
6970.313	-0.057
6970.468	-0.057
6970.625	-0.058
6970.808	-0.057
6970.963	-0.057
6971.146	-0.058
6971.302	-0.057
6971.458	-0.057
6971.642	-0.054
6971.797	-0.056
6971.980	-0.056
6972.135	-0.057
6972.292	-0.057
6972.475	-0.056
6972.630	-0.058
6972.813	-0.058
6972.968	-0.057
6973.125	-0.055
6973.308	-0.058
6973.463	-0.058
6973.646	-0.058
6973.802	-0.057
6973.958	-0.056
6974.142	-0.057
6974.297	-0.055
6974.480	-0.058
6974.635	-0.058
6974.792	-0.057
6974.975	-0.055
6975.130	-0.055
6975.313	-0.056
6975.468	-0.056
6975.625	-0.057
6975.808	-0.056
6975.963	-0.058
6976.146	-0.058
6976.302	-0.058
6976.458	-0.058
6976.642	-0.058
6976.797	-0.058
6976.980	-0.058
6977.135	-0.057
6977.292	-0.058
6977.475	-0.057
6977.630	-0.058
6977.813	-0.058
6977.968	-0.058
6978.125	-0.057
6978.308	-0.057
6978.463	-0.058
6978.646	-0.058
6978.802	-0.056
6978.958	-0.058
6979.142	-0.056
6979.297	-0.058
6979.480	-0.058
6979.635	-0.058
6979.792	-0.057
6979.975	-0.058
6980.130	-0.058
6980.313	-0.058
6980.468	-0.058
6980.625	-0.056
6980.808	-0.058
6980.963	-0.058
6981.146	-0.058
6981.302	-0.058
6981.458	-0.057
6981.642	-0.058
6981.797	-0.058
6981.980	-0.058
6982.135	-0.058
6982.292	-0.058
6982.475	-0.058
6982.630	-0.058
6982.813	-0.057
6982.968	-0.057
6983.125	-0.057
6983.308	-0.058
6983.463	-0.058
6983.646	-0.057
6983.802	-0.058
6983.958	-0.058
6984.142	-0.058
6984.297	-0.058
6984.480	-0.058
6984.635	-0.058
6984.792	-0.058
6984.975	-0.058
6985.130	-0.058
6985.313	-0.058
6985.468	-0.058
6985.625	-0.058
6985.808	-0.058
6985.963	-0.058
6986.146	-0.058
6986.302	-0.058
6986.458	-0.058
6986.642	-0.058
6986.797	-0.056
6986.980	-0.058
6987.135	-0.058
6987.292	-0.058
6987.475	-0.058
6987.630	-0.057
6987.813	-0.058
6987.968	-0.058
6988.152	-0.058
6988.308	-0.058
6988.463	-0.058
6988.620	-0.058
6988.802	-0.058
6988.958	-0.058
6989.142	-0.056
6989.297	-0.058
6989.480	-0.058
6989.635	-0.058
6989.792	-0.058
6989.975	-0.058
6990.130	-0.058
6990.313	-0.058
6990.468	-0.057
6990.625	-0.058
6990.808	-0.058
6990.963	-0.058
6991.146	-0.058
6991.302	-0.058
6991.458	-0.058
6991.642	-0.057
6991.797	-0.058
6991.980	-0.058
6992.135	-0.058
6992.292	-0.058
6992.475	-0.058
6992.630	-0.058
6992.813	-0.058
6992.968	-0.058
6993.125	-0.058
6993.308	-0.058
6993.463	-0.058
6993.646	-0.058
6993.802	-0.057
6993.958	-0.058
6994.142	-0.058
6994.297	-0.058
6994.480	-0.058
6994.635	-0.058
6994.792	-0.058
6994.975	-0.058
6995.130	-0.058
6995.313	-0.058
6995.468	-0.058
6995.625	-0.058
6995.808	-0.058
6995.963	-0.058
6996.146	-0.058
6996.302	-0.058
6996.458	-0.058
6996.642	-0.058
6996.797	-0.058
6996.980	-0.058
6997.135	-0.057
6997.292	-0.058
6997.475	-0.058
6997.630	-0.057
6997.813	-0.056
6997.968	-0.058
6998.125	-0.058
6998.308	-0.058
6998.463	-0.058
6998.646	-0.058
6998.802	-0.058
6998.958	-0.057
6999.142	-0.058
6999.297	-0.058
6999.480	-0.058
6999.635	-0.058
6999.792	-0.058
6999.975	-0.058
7000.130	-0.058
